id,text,author,subreddit,score,created_utc,parent_id,link_id,type
ka0v2jd,"Cabe recordar que, en días de volatilidad, jamás deben ser tomadas decisiones desesperadas",TodoPor2Pesos,merval,134,2023-11-20 12:09:39,t3_17zqkx5,t3_17zqkx5,comment
ka15oj3,Pensar que no compré a $3 por ese juicio de mierda que se terminó resolviendo por dos mangos,finanon99,merval,55,2023-11-20 13:22:37,t3_17zqkx5,t3_17zqkx5,comment
ka0vn1m,"El dia mas verde de toda la historia de las empresas argentinas. Encabezado por YPF con 42%+ a fecha de este mensaje.

Todavia no pasan 24hs de ser anunciado Milei presidente.",Argentino_Feliz,merval,93,2023-11-20 12:13:39,t3_17zqkx5,t3_17zqkx5,comment
ka16bod,Yo por fin agarre lindo. Líquide la mayoría de mis posiciones la semana pasada. Lo gracioso es que iba a ir short.,pepemetralla,merval,11,2023-11-20 13:26:48,t3_17zqkx5,t3_17zqkx5,comment
ka1zdvq,Que privatice aerolíneas o los aeropuertos... ah no para... a su jefe Eur...kian... no le gusta esto,Apprehensive-Act7172,merval,10,2023-11-20 16:26:49,t3_17zqkx5,t3_17zqkx5,comment
ka0xf0j,"Basado en que suben? Si es en especulación, cuál?

Pregunto xq el dólar cripto está planchado y es el único de acceso libre hoy. Ayer apenas si llegó a 1200 y bajo de nuevo. Incluso 980 es algo elevado todavía, nos falta acumular inflación para que sea un dólar realista el de 1000.",[deleted],merval,28,2023-11-20 12:26:16,t3_17zqkx5,t3_17zqkx5,comment
ka0xdww,"Antes de su expropiación en 2012, la acción de YPF cotizaba a 40 USD.",[deleted],merval,24,2023-11-20 12:26:03,t3_17zqkx5,t3_17zqkx5,comment
ka3rahk,Sin kichneristas se puede hacer más cosas. Hay que sacarlos a patadas en el orto. Ya no tienen que estar más ni en las redes sociales esos pelotudos,Ancient-Cancel-9599,merval,5,2023-11-20 23:22:44,t3_17zqkx5,t3_17zqkx5,comment
ka14j6y,[deleted],[deleted],merval,13,2023-11-20 13:14:57,t3_17zqkx5,t3_17zqkx5,comment
ka0zr3b,"Desde la ignorancia, ¿Eso es bueno? alguna explicación para la subida del valor de YPF",Cheek_Majestic,merval,5,2023-11-20 12:42:27,t3_17zqkx5,t3_17zqkx5,comment
ka14mc7,Hay que ver si no es que están tomando ganancias o se estabiliza,Illustrious_Ad_3618,merval,4,2023-11-20 13:15:32,t3_17zqkx5,t3_17zqkx5,comment
ka14odx,Yo en su momento compré ypf a 5 dólares y los vendí después se un par de meses porque estaba estancado el valor 😪,spender-2001,merval,3,2023-11-20 13:15:54,t3_17zqkx5,t3_17zqkx5,comment
ka16yab,"Realmente no entiendo mucho del tema, pero es medio arriesgado comprar acciones ahora, no? Aunque supongo que queda a suposición de cada uno con cómo va a variar el precio",Nikassio,merval,3,2023-11-20 13:30:50,t3_17zqkx5,t3_17zqkx5,comment
ka1olki,Se dispara el merval mañana también?,Skeletorthewise,merval,5,2023-11-20 15:20:21,t3_17zqkx5,t3_17zqkx5,comment
ka0w3u8,"pregunta de junior, que pasaria con el precio de las acciones, si Milei privatiza YPF?",d-nomadguy,merval,11,2023-11-20 12:16:59,t3_17zqkx5,t3_17zqkx5,comment
ka3ejgx,Next step: 26.22 usd,Conchitademango,merval,3,2023-11-20 21:56:20,t3_17zqkx5,t3_17zqkx5,comment
ka2d4wm,"Che pero YPF es alta empresa, que le genera ganancia al Estado   y encima pagamos la nafta a un precio economico a nivel mundial. Porque es mejor privatizarla? Muy pocas veces hubo faltante de nafta en país. No entiendo porque quieren privatizar lo que funciona",Longjumping-Party-74,merval,9,2023-11-20 17:51:38,t3_17zqkx5,t3_17zqkx5,comment
ka1pjlw,"Vendi antes que baje (hace un mes), hace dos semanas pensé en comprar (estaba 8000) y dije ""nahh no creo q suba"". En fin 😑",Fdv2003,merval,2,2023-11-20 15:26:08,t3_17zqkx5,t3_17zqkx5,comment
ka1zyyb,"Fua, lo que me acabó de perder por no poder invertir",CoirHouj,merval,2,2023-11-20 16:30:25,t3_17zqkx5,t3_17zqkx5,comment
ka0w2z1,Que locuraaa,K-A-R-L-I,merval,2,2023-11-20 12:16:49,t3_17zqkx5,t3_17zqkx5,comment
ka1ke2t,Che me imagino que ustedes compraron un montón de acciones en YPF o solo están contentos por los tipos que van a hacer una torta de guita con esto??,fluteman88,merval,4,2023-11-20 14:54:23,t3_17zqkx5,t3_17zqkx5,comment
ka36pm0,"Muchachos, esto se replica en las acciones de Argentina de YPF? Soy nuevo en esto y compré algunas. En caso de que sí, sería momento de vender? Gracias.",TerrellAlbe,merval,2,2023-11-20 21:01:42,t3_17zqkx5,t3_17zqkx5,comment
ka1tike,Ahora el mercado tiene la certeza de que argentina va a garpar los 16.000 palos verdes por la expropiación jajaja,Sr_urticaria,merval,1,2023-11-20 15:50:34,t3_17zqkx5,t3_17zqkx5,comment
ka2o5hk,ahora si van a ver lo que es estar en el horno,[deleted],merval,1,2023-11-20 18:59:18,t3_17zqkx5,t3_17zqkx5,comment
ka59z6b,Los cagones que se quedsron afuera la semana pasada la van a tener que pagar tarde o temprano. Hay un 10x en estos 3 años que vienen,danirosen80,merval,0,2023-11-21 08:38:04,t3_17zqkx5,t3_17zqkx5,comment
ka1bwdf,Cual es el mejor punto para vender?,Lefthanded-f477,merval,-2,2023-11-20 14:01:56,t3_17zqkx5,t3_17zqkx5,comment
ka1cf48,"Alguno que sepa me puede detallar en que consiste esta ""revalorizacion pre privatizacion"" de YPF?",Nahuel_cba,merval,1,2023-11-20 14:05:12,t3_17zqkx5,t3_17zqkx5,comment
ka1ed9p,Yo les avise,CoupleOfBitches,merval,1,2023-11-20 14:17:24,t3_17zqkx5,t3_17zqkx5,comment
ka2u67m,eso como mucho es un rebote,ebonggio1990,merval,1,2023-11-20 19:37:45,t3_17zqkx5,t3_17zqkx5,comment
ka31fpo,"Me dolaricé antes de las elecciones y me quiero matar.

Mejor no entrar ahora y comprar caro, no?",nickomaiden,merval,1,2023-11-20 20:25:05,t3_17zqkx5,t3_17zqkx5,comment
ka3c8tb,"Buenas, 
Compré hace un mes bonos duales y acciones de YPF. 
Es obvio que suben, pero en qué momento es mejor venderlo para aprovechar la suba y que otra acción comprar ?",Sandia860,merval,1,2023-11-20 21:40:21,t3_17zqkx5,t3_17zqkx5,comment
ka3sjwc,Si las hubiera comprado con liquidación instantánea las ofertaba mañana,Puzzleheaded_Mine524,merval,1,2023-11-20 23:31:14,t3_17zqkx5,t3_17zqkx5,comment
ka5jqwy,Subió en un día con Milei lo que bajó en 4 años con Alberto,Savings_Sundae_9397,merval,1,2023-11-21 10:11:25,t3_17zqkx5,t3_17zqkx5,comment
ka5wt11,Buen momento para PUTs?,[deleted],merval,1,2023-11-21 11:49:26,t3_17zqkx5,t3_17zqkx5,comment
kaierch,In Milei We Trust,Notzero-1344,merval,1,2023-11-23 22:18:10,t3_17zqkx5,t3_17zqkx5,comment
ka18fux,Las decisiones sabía que tomarlas la semana pasada y como muy tarde. Durante el año pasado y principio de este ypf subió mucho después bajó y se estabilizó Por lo cual fue un muy buen momento de compra. Hoy con los precios que tiene ya no es para entrar sobre todo que hoy el mercado de local está cerrado mañana lo vas a agarrar por las nubes.,peperinna,merval,43,2023-11-20 13:40:19,t1_ka0v2jd,t3_17zqkx5,comment
ka2r170,"A veces sí. Si puedes vender a un precio alto o comprar a un precio bajo y las fundamentales cambian solo moderadamente a veces es buena idea, especialmente si hay gente desesperada por la operación inversa.",seramaicha,merval,1,2023-11-20 19:17:36,t1_ka0v2jd,t3_17zqkx5,comment
ka1h5cl,"Yo me compré 5, lo que podia comprar en ese momento...",9acca9,merval,7,2023-11-20 14:34:31,t1_ka15oj3,t3_17zqkx5,comment
ka1vnty,"como se terminó resolviendo? No vi cómo siguió la cosa, tenés data?",manteca2,merval,3,2023-11-20 16:03:50,t1_ka15oj3,t3_17zqkx5,comment
ka5gq1x,Yo compre a $3 y vendi como a $8 por boludo en una voladura. Deberia haber guardado porque vendi totalmente al pedo,9erflr,merval,2,2023-11-21 09:45:13,t1_ka15oj3,t3_17zqkx5,comment
ka86v8j,"No se de estas cuestionas pero Reddit me sugirió este posteo... ¿Esto no pasa porque él dijo que quiere vender/privatizar YPF?
Y segunda pregunta, ¿creés que se debería hacer eso?",oceansburning,merval,1,2023-11-21 20:13:49,t1_ka0vn1m,t3_17zqkx5,comment
ka247ad,Lindo cachetazo se está llevando su jefe.,juniorgandara,merval,6,2023-11-20 16:56:20,t1_ka1zdvq,t3_17zqkx5,comment
ka0z0xj,"Milei dijo que va a poner en valor la petrolera antes de privatizarla, yo creo que sube por eso.",WhereGordibuena,merval,44,2023-11-20 12:37:28,t1_ka0xf0j,t3_17zqkx5,comment
ka1sbln,El tema que veo que muchos no entienden es que el dólar cripto es un mercado endogámico que representa cierto público. El mep y el contado con liqui son un poco más representativos y representan a otro público. Después tenés las acciones argentinas que cotizan afuera y las mismas que cotizan adentro y a veces también se comportan diferente Y muchísimas veces la gran mayoría se comportan bastante similar. El dólar blue es otro mercado totalmente distinto. Es decir no por el dólar estar planchado actualmente al tener más certidumbre y perspectivas de estabilidad a pesar de todo significa que el resto tire el freno de mano.,peperinna,merval,5,2023-11-20 15:43:11,t1_ka0xf0j,t3_17zqkx5,comment
ka2c8t0,Muy buena idea! por suerte ya está hecha. El Estado solo tiene 51% de las acciones :),Longjumping-Party-74,merval,3,2023-11-20 17:46:12,t1_ka0xf0j,t3_17zqkx5,comment
ka3smi9,"Ohh, el agradable aroma de la democracia liberal",[deleted],merval,1,2023-11-20 23:31:43,t1_ka3rahk,t3_17zqkx5,comment
ka1aq6k,"No se cuantas ganas tenes de hacer quilombo, pero no pueden hacer eso si habias concretado la compra.

Esta lleno de esas preguntas en r/derechogenial",[deleted],merval,15,2023-11-20 13:54:42,t1_ka14j6y,t3_17zqkx5,comment
ka10cog,"Dijo que la privatiza y el mercado anticipa que va a ganar mucha plata en un mercado de combustibles liberado.

Además de que eso puede ayudar a resolver el tema de los 16 mil palos que debemos por YPF.",T3MP0_HS,merval,18,2023-11-20 12:46:34,t1_ka0zr3b,t3_17zqkx5,comment
ka14rui,"Vender con la noticia, comprar con el rumor. Puede que sea eso",Illustrious_Ad_3618,merval,7,2023-11-20 13:16:34,t1_ka0zr3b,t3_17zqkx5,comment
ka18iln,"Es bueno, significa que las expectativas del mercado son altas y piensan que con un mercado liberado va a sacar mucha ganancia. Ahora si no es así, la baja va a ser igual de grande",SZeroMk0,merval,4,2023-11-20 13:40:48,t1_ka0zr3b,t3_17zqkx5,comment
ka194yp,"Ahora ya es tarde... Los que apostaron por merval argentino antes de las elecciones primero se comieron el chotazo de Massa y todas las acciones a la baja y ahora recuperaron con creces, era una apuesta arriesgada el triunfo de milei",[deleted],merval,11,2023-11-20 13:44:42,t1_ka16yab,t3_17zqkx5,comment
ka19fmw,"Hoy y siempre, campeón. La plata seria es mucho más paciente y medida que nosotros, mortales.",TodoPor2Pesos,merval,1,2023-11-20 13:46:35,t1_ka16yab,t3_17zqkx5,comment
ka5ap8c,Jamás se compra con la noticia.,MondongoLisergico,merval,1,2023-11-21 08:46:00,t1_ka16yab,t3_17zqkx5,comment
ka0wya1,"depende quien compre, si es una petrolera que tambalea baja si es una petrolera que tiene credibilidad y un modelo sustentable sube",RevolutionaryEye7610,merval,21,2023-11-20 12:22:59,t1_ka0w3u8,t3_17zqkx5,comment
ka0wf2t,creeria que a principio subirian.,Agile_Veterinarian60,merval,1,2023-11-20 12:19:13,t1_ka0w3u8,t3_17zqkx5,comment
ka2fbox,"ese es el tema en arg se paga el litro de nafta mas barata porque el estado pone una parte de lo que vale y el otro lo pones vos.
si el gobierno de turno usaria y administrara bien YPF le traeria muchisimas ganancias, pero eso no estaba pasando  ahora habria que ver si se privatiza mas adelante y si los privados no se la llevan en pala y despues se van a la mrd, s dia a dia esto.",IIIIIII17,merval,8,2023-11-20 18:04:59,t1_ka2d4wm,t3_17zqkx5,comment
ka2g2i6,"Porque ese era el plan, reventar y vender todos nuestros recursos estratégicos a quienes los pusieron donde están, los fondos extranjeros, que se van a llevar todo por dos mangos y después van a desinvertir para terminar llevándose los recursos a precio irrisorio.

Un suicidio justo cuando se asoma una época en la que Argentina está muy bien parada con Vaca Muerta, el litio y el gasoducto.",dari0h,merval,11,2023-11-20 18:09:32,t1_ka2d4wm,t3_17zqkx5,comment
ka4omh9,yo compre 2 millones de dólares en acciones en 2006 y aun los tengo,Available_Reason2184,merval,1,2023-11-21 04:04:51,t1_ka1pjlw,t3_17zqkx5,comment
ka56ti1,"un autentico visionario, un lobo de wall street",Debian82,merval,1,2023-11-21 08:01:02,t1_ka1pjlw,t3_17zqkx5,comment
ka23wu1,"Ni una ni otra necesariamente. Es solo un conjunto de humildes impresiones sobre una de las jornadas más importantes de la historia bursátil y electoral argentina, marcando para muchos -por su naturaleza-, un hito, y una expectativa de reversión histórica en todo lo que refiere al mercado de capitales de este país, motivo del presente sub.

Disculpe si lo incomodé, Hombre Flauta, y agradezca que en Mendoza prima la gente de bien, reflejo de su expresión democrática.",TodoPor2Pesos,merval,13,2023-11-20 16:54:32,t1_ka1ke2t,t3_17zqkx5,comment
ka59wti,q manera de masticar veneno querido!,Acrobatic-South-9558,merval,2,2023-11-21 08:37:22,t1_ka1ke2t,t3_17zqkx5,comment
ka6dp3v,me sumo a la pregunta,Kakripr,merval,2,2023-11-21 13:36:01,t1_ka36pm0,t3_17zqkx5,comment
ka57m9o,"Depende de tu mirada política. Si la vas a vender, es porque querés dinamitar su precio y regalarla a algún amigo.

Para que venderias algo que te da ganancias, genera empleo, explota recursos naturales locales, etc",[deleted],merval,0,2023-11-21 08:10:50,t1_ka1bwdf,t3_17zqkx5,comment
ka5ayc7,"No sé crack, porque compraste en primer lugar?",MondongoLisergico,merval,1,2023-11-21 08:48:45,t1_ka1bwdf,t3_17zqkx5,comment
ka5pfrc,"Ponerle un montón de guita arriba para que aumente su valor y se haga más atractiva para los posibles compradores, después venderla a dos mangos pero con una buena cantidad de coimas. El mismo sistema del menemato",PTKJump,merval,2,2023-11-21 10:56:30,t1_ka1cf48,t3_17zqkx5,comment
ka1cx5y,"Barrer a los ñoquis de la cámpora.

/s, o quizás no.",TodoPor2Pesos,merval,2,2023-11-20 14:08:18,t1_ka1cf48,t3_17zqkx5,comment
ka5aa7s,"nadie te puede decir con certeza, ahi esta el riesgo de invertir",Acrobatic-South-9558,merval,1,2023-11-21 08:41:27,t1_ka3c8tb,t3_17zqkx5,comment
ka3slzc,48horas con los pesos quietos esta semana ni loco,Puzzleheaded_Mine524,merval,1,2023-11-20 23:31:37,t1_ka3sjwc,t3_17zqkx5,comment
ka1j21i,"Yo compré YPF, pampa y otras hace 2 semanas, también aproveche que el mep estaba planchado por debajo de $860. Salir a comprar mañana es agarrar la ola cuando está llegando a la orilla.",Outrageous-Builder31,merval,26,2023-11-20 14:46:14,t1_ka18fux,t3_17zqkx5,comment
ka4jct2,"En criollo, seguro hay alguien lo suficientemente boludo.",ThatAmazingHorse,merval,2,2023-11-21 03:05:46,t1_ka2r170,t3_17zqkx5,comment
ka5xrzt,Resignaste un alto guiso. El costo fue alto.,TigreDeLosLlanos,merval,3,2023-11-21 11:55:55,t1_ka1h5cl,t3_17zqkx5,comment
ka2l9mh,"Es el famoso juicio de Maxus. Maxus era una empresa de eeuu que ypf compró en los 90 y arrastraba un juicio en ese país por contaminación. No recuerdo la cifra reclamada pero hacía inviable a la empresa. Más de 10000 millones. Se terminó cerrando por 200.

Luego está el juicio por la expropiación que -en teoria- no debería afectar a ypf ya que es contra el estado argentino y no contra la empresa.",finanon99,merval,5,2023-11-20 18:41:33,t1_ka1vnty,t3_17zqkx5,comment
ka8wslv,"Son varias cosas, una es que va a ser un gobierno pro-mercardo, otra que le va a cambiar la administración y dijo que la va a arreglar para que deje de ser deficitaria porque tampoco la quiere vender gratis si la privatiza, y después lo de la posible privatización.  


Sobre si se debería hacer o no, dificil saberlo, hay que evaluar un monton de cosas, la verdad no tiene mucho sentido charlarlo en reddit y este no es el sub para opiniones políticas tampoco.",BNeutral,merval,1,2023-11-21 23:20:01,t1_ka86v8j,t3_17zqkx5,comment
ka14rzk,Tal cual. El mercado es justamente especulación,Filthy-Pirate-6342,merval,16,2023-11-20 13:16:36,t1_ka0z0xj,t3_17zqkx5,comment
ka14v1o,"Tiene sentido si es x eso. Aunque si es rentable me gustaría que conservemos el 51%. 

Yo creo en la capacidad de Milei de hacer crecer las enconomias, eso incluye las empresas Estatales. Si las logra volver rentables para qué soltarlas?",[deleted],merval,17,2023-11-20 13:17:11,t1_ka0z0xj,t3_17zqkx5,comment
ka3vezc,La verdad LEs dolió. Lo otro que era? Robo por la cara nomás y nadie se podía quejar....jodanse les faltó aire al nacer? Kukas,Ancient-Cancel-9599,merval,4,2023-11-20 23:50:42,t1_ka3smi9,t3_17zqkx5,comment
ka1b2cy,[deleted],[deleted],merval,3,2023-11-20 13:56:47,t1_ka1aq6k,t3_17zqkx5,comment
ka1bnqt,Q ticker es para comprar merval?,Lefthanded-f477,merval,1,2023-11-20 14:00:27,t1_ka194yp,t3_17zqkx5,comment
ka0xwx0,"Gracias por la respuesta, por lo que leí, Milei plantea primero revalorizar YPF antes de venderla, si se da el caso.",d-nomadguy,merval,4,2023-11-20 12:29:43,t1_ka0wya1,t3_17zqkx5,comment
ka4o8ot,"y bueno, pagariamos la nafta a precio de 1.74 dólares el litro de nafta súper y 2 la infinia o premium. Puesto que al ser privada se plancha al precio del estado que la compro. Ese es el precio de repsol españa",Available_Reason2184,merval,0,2023-11-21 04:00:30,t1_ka2fbox,t3_17zqkx5,comment
ka9w5pm,"Como social democrata liberal no veo del todo mal que el estado tenga algunas empresas estrategicas como ser el caso del petroleo, dejar algo tan importante para la soberania energetica del pais como el abastecimiento de petroleo y gas no es conveniente.     Mas en un pais chico de 45 millones de habitantes, que vendria a ser como un solo estado de estados unidos.

La funcion de una petrolera estatal no es solo ganar plata, sino que tiene una funcion social  y de buffer para los habitantes del pais..  como ser amortiguar crisis energeticas externas con el valor del petroleo (mas aun en un mondo mas hostil y con conflictos armados)
Tiene la funcion de hacer prospecciones de riesgo que un privado no haria o tomaria muchos mas años en descubrir nuevas zonas..

Ypf no solo cumple esas funciones, sino que ademas gana dinero tiene un beneficio de explotacion de 5300 millones de dolares, beneficios que actualmente el 51%(2660M) se lo estan repartiendo los 45 millones de habitantes..   y no terminan en un holding extranjero.

Por ultimo, no conosco ningun pais con la demografia  y reservas de argentina que no tenga petrolera estatal y deje ese recurso a la buena de dios a los extranjeros...    

Ejem (aramco, petrobras, pemex, petronas, british petroleum,  gazprom, petrochina, etc)...

..   en los90 se hizo porque ya estaban agotadas las reservas convencionales.. nadie esperaba que hubiese un oceano de petroleo como vacamuerta

Privatizar ypf es un experimento hacia lo desconocido hoy en dia",DanceNo4619,merval,1,2023-11-22 04:47:49,t1_ka2fbox,t3_17zqkx5,comment
ka5a0j1,"che, las elecciones ya pasaron, afloja con la campaña del miedo loco, perdieron",Acrobatic-South-9558,merval,0,2023-11-21 08:38:30,t1_ka2g2i6,t3_17zqkx5,comment
ka56k4m,Ummm guarda con la inflación y coso,Fdv2003,merval,2,2023-11-21 07:57:49,t1_ka4omh9,t3_17zqkx5,comment
ka5cjgw,Y xq no..? Xq no podría vender algo q compre yo? O acaso vos me diste la guita para hacerlo?,Lefthanded-f477,merval,1,2023-11-21 09:05:19,t1_ka57m9o,t3_17zqkx5,comment
ka5ce6s,No sabía q no se podía preguntar cual era el mejor punto para vender..,Lefthanded-f477,merval,1,2023-11-21 09:03:47,t1_ka5ayc7,t3_17zqkx5,comment
ka3srr5,"Sos vos raul, si son con liquidación instantánea ojo con una venta y recompra cuando estabilicen, mira",Puzzleheaded_Mine524,merval,3,2023-11-20 23:32:41,t1_ka1j21i,t3_17zqkx5,comment
ka586j5,"amigo contame cuántos pesos masomenos gastaste y cuanto ganaste? O un ejemplo

Ya habia leido una ves que se tenia que invertir en ypf .
Y que no tiene nada q ver el juicio al país",kirikugii,merval,1,2023-11-21 08:17:39,t1_ka1j21i,t3_17zqkx5,comment
ka5tvmm,holis,grifter_cash,merval,3,2023-11-21 11:28:54,t1_ka4jct2,t3_17zqkx5,comment
ka1bg1x,para que lo sigan siendo cuando vuelva un gobierno de terraplanistas economicos a gestionarlas,misdocumeno,merval,21,2023-11-20 13:59:08,t1_ka14v1o,t3_17zqkx5,comment
ka198zd,Es en serio la pregunta?,marianderoble,merval,4,2023-11-20 13:45:25,t1_ka14v1o,t3_17zqkx5,comment
ka1dmjh,"Sería lo ideal, pero imaginate que te asume otro gobierno peronista....cagaste, hay que hacerlo irreversible.",DeathSpell1112,merval,4,2023-11-20 14:12:43,t1_ka14v1o,t3_17zqkx5,comment
ka2kklf,"Porque el capitalismo de estado nunca va a superar a la anarquía de mercado

Si tuvieras que pasar el resto de tus días en un solo país y no salir nunca de ahí, qué preferís...

Suiza o China?",VenecoArgentino,merval,0,2023-11-20 18:37:18,t1_ka14v1o,t3_17zqkx5,comment
ka3vn3a,"No entendí nada che, sos la señora bisman?",[deleted],merval,-4,2023-11-20 23:52:16,t1_ka3vezc,t3_17zqkx5,comment
ka8rwyb,Claro pero es como que te cambien el precio entre que lo agarras de la góndola y lo llevaste a la caja para pagar. Es ilegal,dinovfx,merval,1,2023-11-21 22:44:15,t1_ka1b2cy,t3_17zqkx5,comment
ka1cmqm,"No existe un ETF de merval que cotice acá. Se puede o bien, replicarlo manualmente viendo la composición del índice, o suscribirse a un FCI de renta variable.",TodoPor2Pesos,merval,3,2023-11-20 14:06:31,t1_ka1bnqt,t3_17zqkx5,comment
ka1cs8p,"Empresas argentinas como YPF, aluar, etc... siderúrgicas y agropecuarias, hay muchas solo tenías que elegir algunas, ahora ya es tarde",[deleted],merval,2,2023-11-20 14:07:28,t1_ka1bnqt,t3_17zqkx5,comment
ka0yvgq,Jajajsjajsbs,utopista114,merval,5,2023-11-20 12:36:26,t1_ka0xwx0,t3_17zqkx5,comment
ka15ol2,xd,Morfot,merval,1,2023-11-20 13:22:37,t1_ka0xwx0,t3_17zqkx5,comment
ka5iu31,"Sorry, interprete totalmente mal tu comentario jaja

Nadie te puede decir cuál es el mejor punto para hacerlo porque nadie sabe hasta cuanto va a subir o bajar alguna acción. Al momento de comprar la acción deberías haberte puesto algún horizonte y objetivos, si ya se cumplieron queda en vos tomar ganancias o aguantar más",[deleted],merval,1,2023-11-21 10:03:36,t1_ka5cjgw,t3_17zqkx5,comment
ka5d9jc,"Es que justamente, si no tenés idea porque invertiste en esa empresa como querés que te respondan cuando vender? Eso depende enteramente de tu estrategia y tus valores.",MondongoLisergico,merval,2,2023-11-21 09:12:33,t1_ka5ce6s,t3_17zqkx5,comment
kaxpw2q,[deleted],[deleted],merval,3,2023-11-27 01:40:00,t1_ka5tvmm,t3_17zqkx5,comment
ka1bmvd,"Ok, entiendo que Anarco Capitalismo es no tener nada a nombre del Estado pero... Si es rentable xq lo venderías cuando se trata de un ingreso que le baja el costo a los tributantes? Si, pregunto en serio, que otro motivo que no sea político o anárquico, te lleva a vender una empresa que es rentable y te baja los costos del Estado?",[deleted],merval,14,2023-11-20 14:00:18,t1_ka198zd,t3_17zqkx5,comment
ka1mvxm,"Digamos o sea, nadie nace sabiendo, ayudanos a entender hermano porfa! jaja",Ekel7,merval,1,2023-11-20 15:09:48,t1_ka198zd,t3_17zqkx5,comment
ka4mvs2,"la idea es que el país crezca, no la de suponer y destruirlo por las dudas. Porque si sube de nuevo, lo reestatizara de nuevo y ahi si cagamos fuego por el precio a pagar.  
Es como si supieras que la vas a palmar y vendes tu ferrari para no dejar herencia. Después resulta que no y lo queres recuperar; si tanto lo quieres pagarias el doble y quedarias en rojo. Afectando a la economia familiar-",Available_Reason2184,merval,2,2023-11-21 03:44:40,t1_ka1dmjh,t3_17zqkx5,comment
ka2i38e,Flaco la estatizó un gobierno peronista y da ganancias,Peluqueitor,merval,4,2023-11-20 18:22:00,t1_ka1dmjh,t3_17zqkx5,comment
ka38kqj,"
De que Suiza hablas? La Suiza que tiene los ferrocarriles controlados por una empresa monopolica estatal.?    

Obviamente no tienen una petrolera estatal porque no hay petroleo en Suiza, pero si en Noruega, donde tienen una petrolera monopolica estatal.   

Pero bueno, el hecho que nunca entiendan estas cosas es lo que los hace otarios.",ZurditoBagley,merval,9,2023-11-20 21:14:48,t1_ka2kklf,t3_17zqkx5,comment
ka3bat9,"No puedo comparar Suiza con China, son sociedades totalmente diferentes y se vive de formas muy diferentes. Ademas la info que tengo de ambos paises es muy diferente a la de los relatos más populares.",[deleted],merval,2,2023-11-20 21:33:47,t1_ka2kklf,t3_17zqkx5,comment
ka4otm9,dbe ser un pelotudito lleno de acne que se pajea viendo la foto de la vice.,Available_Reason2184,merval,-1,2023-11-21 04:07:13,t1_ka3vn3a,t3_17zqkx5,comment
ka2rw3q,"Siempre analiza las cosas que tiene el estado (leyes, dictámenes, empresas) como si pudiera venir un gobierno extrapopulista y hacer lo peor que se te pueda imaginar.
Mantener YPF, aunque sea rentable, es potencialmente un peligro para las cuentas fiscales cuando llegue alguien que no sepa -o no quiera- hacer las cosas bien.",seramaicha,merval,5,2023-11-20 19:23:07,t1_ka1bmvd,t3_17zqkx5,comment
ka1e2xk,"Cómo nadie te contesta bien, lo hago yo, porque la idea de privatizar es asegurarse de que no venga el gobierno corrupto de turno a llenar de ñoquis y destruir la empresa total lo pagan los argentinos de bien con sus impuestos, privatizar algo estatal supone que va a empezar a servir o al menos va a dejar de ser un cáncer para el pais.",[deleted],merval,14,2023-11-20 14:15:35,t1_ka1bmvd,t3_17zqkx5,comment
ka1bzid,Que tu motivación de vender la empresa no es beneficiar al estado,marianderoble,merval,2,2023-11-20 14:02:29,t1_ka1bmvd,t3_17zqkx5,comment
ka1cofa,Kjj bro el peluca es liberal. Claramente va a deshacerse de todo lo que pueda,[deleted],merval,1,2023-11-20 14:06:48,t1_ka1bmvd,t3_17zqkx5,comment
ka36ka4,">que otro motivo que no sea político o anárquico

debería haber otro motivo? no es suficiente ya con los expuestos? Nada es para siempre, Milei no va a vivir lo suficiente ni va a poder gobernar por siempre para mantener las empresas con superávit si asi fuese.",Watari97,merval,1,2023-11-20 21:00:40,t1_ka1bmvd,t3_17zqkx5,comment
ka2jzf9,"La estatizaron y ahora tenemos que pagar [26.000.000.000](https://26.000.000.000) de dolares porque fue hecho ilegalmente, y tuvo un deficit de [5.000.000.000](https://5.000.000.000) de dolares. No sé de que hablas.",DeathSpell1112,merval,2,2023-11-20 18:33:41,t1_ka2i38e,t3_17zqkx5,comment
ka3lz88,"Tenés razón me olvidaba que Suiza sigue el modelo nacional y popular 

Saludos",VenecoArgentino,merval,0,2023-11-20 22:47:38,t1_ka38kqj,t3_17zqkx5,comment
ka1f7sd,"Cual es el problema de que *tal vez* alguien venga despues a arruinarla si perdes el beneficio de tenerla es mi duda. Privatizar no es igual a va a funcionar, sino las empresas no cerrarian nunca, y si funciona xq lo vendes? Vendelo xq te hace perder plata a lo sumo, no se. Es rara la cuenta.",Imaginary_Maybe_1687,merval,26,2023-11-20 14:22:36,t1_ka1e2xk,t3_17zqkx5,comment
ka3k2eu,"1-Pero privatizar no necesariamente significa que vaya a empeozar a servir, de hecho tenemos bastantes ejemplos acá en este país donde no sirvieron  


2-Con la regla de 3 de que el gobierno que viene puede hacer destrozos con eso (coincido 100%), tampoco dejes reservas, porque el gobierno las podría usar para cualquier cosa.  


Que se yo, justamente si algo tiene de bueno el discurso de Milei es el tema de priorizar la parte económica. Privatizar una empresa que te pueda dar ganancias y demás me parece, a priori, algo que excede lo económico y se va para el lado de lo político o ideológico",gname6,merval,3,2023-11-20 22:34:36,t1_ka1e2xk,t3_17zqkx5,comment
ka2hskl,"Che pero _los corruptos_ son los que la re-estatizaron y venimos obteniendo ganancias hace mas de 10 años aún sin ellos en el poder, el juicio se pagó solo, siempre estuvo previsto.

No tiene sentido tu argumento",Peluqueitor,merval,3,2023-11-20 18:20:11,t1_ka1e2xk,t3_17zqkx5,comment
ka1k609,"Podría hacer lo mismo que quiere en aerolíneas, que quede en manos de los trabajadores",Various_Froyo3124,merval,1,2023-11-20 14:53:00,t1_ka1e2xk,t3_17zqkx5,comment
ka5ss8r,Ahora ya sirve YPF,avergaston,merval,0,2023-11-21 11:21:04,t1_ka1e2xk,t3_17zqkx5,comment
ka1o4y2,"Por ? , el gasto sería menor 🤔.
Si hoy en día con 180 Lucas de sueldo me quiero comprar un auto y me sale 100 mantenerlo mensualmente , voy a poder mantenerlo ? , cuál sería mi costo de vida por mantener ese auto ? (No digo alquilarlo como un Uber porque no sé si se puede hacer lo mismo con una empresa).",Ryg4r,merval,4,2023-11-20 15:17:31,t1_ka1bzid,t3_17zqkx5,comment
ka3yzk1,"Pero sabes durante el gobierno de los “zurdos comunistas de mierda” YPF también generaba superávits.

O sea, te puedo entender querer sacarte de encima Aerolíneas Argentinas. Ahora, tener una empresa como YPF que te genera réditos, que vende combustible barato, que encima explota los recursos locales (generando mucho empleo y aún más ganancia) y querer reventarla y venderla porque si… bueno, si digo que tipo de comportamiento es ese me bannean del sub.",idontdomath8,merval,3,2023-11-21 00:15:35,t1_ka36ka4,t3_17zqkx5,comment
ka2re8b,Tirá la data que te saques del culo cuando quieras amigo,Peluqueitor,merval,5,2023-11-20 19:19:56,t1_ka2jzf9,t3_17zqkx5,comment
ka3m8qp,"Yo dije eso? No. Alguien en el thread dijo eso? Tampoco.    

Vos opusiste la idea de una empresa estatal a Suiza, te demostré que es una tonteria y no rectificas. Igual de fanático que los K. Saludos",ZurditoBagley,merval,7,2023-11-20 22:49:19,t1_ka3lz88,t3_17zqkx5,comment
ka1hifk,Me llama poderosamente la atención como ya están pensando en que se van a ir del poder después de pronosticar/hablar de 3 gobiernos.,Malkyto,merval,-4,2023-11-20 14:36:47,t1_ka1f7sd,t3_17zqkx5,comment
ka1jrp4,"No es para nada raro, si es del estado y no le corresponde es un cáncer, es simple, no tiene porqué tener una empresa expropiada, destruye la confianza en el país, por eso tenemos un riesgo país altísimo, quién va a querer invertir en un país donde viene el peronista dictador de turno a decirte que tú empresa ahora es suya.",[deleted],merval,-6,2023-11-20 14:50:34,t1_ka1f7sd,t3_17zqkx5,comment
ka4ila1,"Privatizar es 100% útil siempre, toda empresa privatizada sirve justamente porque al ser privada puede fundir, edenor no sería el mejor ejemplo de una empresa privada porque tiene un monopolio defendido por el estado lo que la haría básicamente pública, el caso de YPF no es necesaria en lo más mínimo
Lo que llamas empresa estratégica sería una empresa deficitaria y eso no es nada útil a un país como el nuestro
Una empresa estatal dando ganancia es más raro que un unicornio verde, además se suma el riesgo de malas decisiones de un futuro gobierno",RepulsiveMan000,merval,1,2023-11-21 02:57:46,t1_ka3k2eu,t3_17zqkx5,comment
ka1ovhs,"No estamos hablando del mismo monto de dinero a ""repartir"".",hobbyjumper64,merval,2,2023-11-20 15:22:03,t1_ka1k609,t3_17zqkx5,comment
ka3bhsl,"mmmm me parece que una empresa es rentable y estratégica, y la otra sirve para hacer populismo y crear puestos de trabajo medio ficticios. Me Sabe mal por los que laburan en Aerolíneas pero las cosas como son.  
Vender YPf es hacer cagada..",ResponseEastern1458,merval,4,2023-11-20 21:35:08,t1_ka1k609,t3_17zqkx5,comment
ka2wp5q,Porque la motivación de privatizar una empresa estatal es hacer un negocio para los que compran. La motivación no es que el estado mejore.,marianderoble,merval,5,2023-11-20 19:53:54,t1_ka1o4y2,t3_17zqkx5,comment
ka38ahu,">el gasto sería menor

Ypf da ganancias asi que el no hay inversión por parte del Estado. Privatizandola no reducis el deficit",ZurditoBagley,merval,4,2023-11-20 21:12:48,t1_ka1o4y2,t3_17zqkx5,comment
ka88lz0,"Vos mismo lo dijiste, generaba, no siempre es asi. Mediante acuerdos, contratos podes negociar esas cosas, YPF opera en Argentina, no opera en otro lado, el empleo siempre va a generarse en Argentina. 

Justamente se busca lo contrario que mencionas, para sacarle mayor provecho, el punto entiendo es la Externalización de la empresa, no su venta total, son cosas diferentes.",Watari97,merval,1,2023-11-21 20:25:58,t1_ka3yzk1,t3_17zqkx5,comment
ka3od7h,"Te estaba por argumentar hasta que me di cuenta que sos zurdo

Para que? Ya demasiado fuerte lo que pasó ayer como para andar removiéndote la herida",VenecoArgentino,merval,-1,2023-11-20 23:03:19,t1_ka3m8qp,t3_17zqkx5,comment
ka1jhmo,"Quién está pensando? Es la explicación, y se supone que si la democracia existe vos tenés que suponer que tú gobierno se va a terminar en alguna elección futura, te llama la atención que exista la democracia y no seamos como gildo que sube y nunca más va a bajar?",[deleted],merval,16,2023-11-20 14:48:53,t1_ka1hifk,t3_17zqkx5,comment
ka273xq,"Si totalmente, recien ganaron pero tienen la mentalidad de hacer las cosas para cuando pierdan.....",Ill_Volume_9968,merval,-1,2023-11-20 17:14:17,t1_ka1hifk,t3_17zqkx5,comment
ka5t6gs,"YPF fue fundada por el estado nacional por 1920, en la unica etapa de su existencia que anduvo mal (con perdidas) fue mientras estuvo en manos privadas, que la compraron cuando privatizó Menem, y la fueron desmantelando.",avergaston,merval,1,2023-11-21 11:23:53,t1_ka1jrp4,t3_17zqkx5,comment
ka4mefu,"Milei nombrara a Javier Iguacel como Ministro de Energía, su idea es vender YPF. De seguro lo hará a alguno de sus amigos. Su supuesta misión es eliminar la corrupción, pero lean el prontuario de ese tipo; es vomitivo. cientos de millones perdidos durante su paso por los gobiernos",Available_Reason2184,merval,5,2023-11-21 03:39:08,t1_ka2wp5q,t3_17zqkx5,comment
ka3v447,"Y por esa razón van a dinamitar el valor de ypf para venderla a precio regalado.. bah, ya está bastante regalada",[deleted],merval,3,2023-11-20 23:48:37,t1_ka2wp5q,t3_17zqkx5,comment
ka326cs,"Teniendo un estado enorme , el reducir el gasto no da suficiente motivacion para que mejore ?🤔",Ryg4r,merval,1,2023-11-20 20:30:06,t1_ka2wp5q,t3_17zqkx5,comment
ka8axha,"Pero si ya salieron a decir que la quieren privatizar. No hay beneficio alguno, pasa a ser de otro, los beneficios son de otros, no es tan difícil de entender.",idontdomath8,merval,1,2023-11-21 20:42:16,t1_ka88lz0,t3_17zqkx5,comment
ka3oq7m,"""te estaba por argumentar hasta que me di cuenta que no tengo argumentos"".   

Tranquilo, les pasa seguido a los otarios.",ZurditoBagley,merval,3,2023-11-20 23:05:36,t1_ka3od7h,t3_17zqkx5,comment
kap4kmh,"Es que lo dijeron; quieren que ""explote todo"". Fue una promesa de campaña, la idea es (aunque suene adolescente) romper el status quo. Muchos de los votantes del presidente electo son gente enojada por haber sido afectada económicamente a lo largo de estos años, pero en contraparte carece de interés por el derecho natural, simplemente porque no fue victima de la falta de cobertura de sus necesidades básicas. Citando otro slogan; ""la justicia social es una aberración"". El concepto libertario cosificador del humano y de todo otro ente, no es muy sostenible en el tiempo, porque impactará directamente en la vida de muchas personas fortaleciéndose en la desigualdad de oportunidades. Por algo las sociedades más avanzadas tienden a ir directamente en la dirección contraria. Ahora percibimos cómo el sueño libertario se está diluyendo en el sueño de los empresarios XD.",[deleted],merval,1,2023-11-25 11:07:25,t1_ka273xq,t3_17zqkx5,comment
ka3seah,"qué gasto? Ypf es superavitaria. Al Estado le genera ingresos, no pérdida.",pumaflex_,merval,5,2023-11-20 23:30:12,t1_ka326cs,t3_17zqkx5,comment
ka8c959,"No te la compliques, el enfoque que se busca el delegar la gestión a un tercero, no hay mucha vuelta que darle, los detalles se discutirán en el congreso. Ponerse a discutir ahora es hacer adivinologia.",Watari97,merval,1,2023-11-21 20:51:33,t1_ka8axha,t3_17zqkx5,comment
ka3qcfb,"Bueno, 👍🏼 

De verdad no te quiero lastimar, no me crees porque te comiste la campaña de miedo y pensas que te estoy respondiendo arriba de un falcón verde",VenecoArgentino,merval,-1,2023-11-20 23:16:21,t1_ka3oq7m,t3_17zqkx5,comment
kadaseq,[deleted],[deleted],merval,302,2023-11-22 20:31:52,t3_181kfkf,t3_181kfkf,comment
kacv1dz,Vendiste a 2000 y ahora esta 20 no?,Skeletorthewise,merval,34,2023-11-22 18:45:52,t3_181kfkf,t3_181kfkf,comment
kacx78x,"Na tranqui rey, si te hace sentir mejor yo minaba y vendi miles de ethereums cuando estaban 3 a 4 dolares y Similar con btc",Dm-Tech,merval,24,2023-11-22 18:59:35,t3_181kfkf,t3_181kfkf,comment
kadij7p,"Tranca, bro... el mercado siempre da oportunidades, eso es lo màs lindo.

&#x200B;

O sea, encerrate en el baño, mirate al espejo, puteate de pies a cabeza, y dejalo ahi. Salis de ahi y labura en esto que te digo: el mercado siempre, pero siempre te da oportunidades.

&#x200B;

Ojala las encuentres, y cuando lo hagas, compartì esta maxima zorrigueta que me ayudo muchisimo.",Creepy_Spread_2074,merval,9,2023-11-22 21:29:09,t3_181kfkf,t3_181kfkf,comment
kacwkgt,"Dificil saber el rumbo de las compañias tecnologicas, pueden caer 50% o subir 200% x 1 solo cambio.",iScreem1,merval,22,2023-11-22 18:55:30,t3_181kfkf,t3_181kfkf,comment
kad16uo,"Me pasó mil veces, sobretodo cuando estaba con las criptos (ahí te perdes un x100 en un día por ansioso). 

En 1 año de diferencia de precio creo que no habría mucho arrepentimiento. 

Ahora me dedico pura y exclusivamente al holdeo (mediano plazo con vistas a largo) así que duermo más tranquilo con mis decisiones.",zacaa09,merval,8,2023-11-22 19:25:30,t3_181kfkf,t3_181kfkf,comment
kads7k0,"yo no entendí bien la película, ¿La policia sabia que asuntos internos les tendia una trampa?",Extra_Can_1949,merval,8,2023-11-22 22:40:52,t3_181kfkf,t3_181kfkf,comment
kae195z,"Consejo básico de inversiones, cuando todos estén comprando, vende. Cuando todos estén vendiendo, compra. Evita caer en el fomo",Nearby_Ad_1607,merval,14,2023-11-22 23:49:21,t3_181kfkf,t3_181kfkf,comment
kacx20f,"Ja,  no creo que sea de boludo, es mala suerte de timing, vendiste justo antes de que pegue una subida muy grosa. Tampoco es que todos sabíamos que nvda se iba a ir a la mierda. Lo importante es a cuanto compraste y cuanto tiempo la tuviste.",SimilarBeautiful2207,merval,7,2023-11-22 18:58:39,t3_181kfkf,t3_181kfkf,comment
kadm6on,aqui se holdea con cojones viejo,ZiYu14,merval,8,2023-11-22 21:56:11,t3_181kfkf,t3_181kfkf,comment
kadr8it,"stupendous literate rhythm chief run ink library sleep hunt lip

 *This post was mass deleted and anonymized with [Redact](https://redact.dev)*",JoaGamo,merval,5,2023-11-22 22:33:46,t3_181kfkf,t3_181kfkf,comment
kad3olt,"Puede pasar, yo vendí en 440",Mr0tis,merval,3,2023-11-22 19:42:18,t3_181kfkf,t3_181kfkf,comment
kadg57j,que app es?,1200mics,merval,3,2023-11-22 21:11:21,t3_181kfkf,t3_181kfkf,comment
kadj7vk,"Mal ahí chabon pero bueno ahora sabes que tenes que estar atento a las noticias, moda y sobre todo ser paciente.

Es una empresa internacional y era obvio que subiria bastante, yo con esas 87 unidades hubiera esperado hasta el balotaje para venderlas.",Arkbot45,merval,3,2023-11-22 21:34:17,t3_181kfkf,t3_181kfkf,comment
kahgtwt,Acá el que compro ethereum a 40 y vendió a 120,churros_cosmicos,merval,3,2023-11-23 17:51:48,t3_181kfkf,t3_181kfkf,comment
kad3j77,r/mervalbets,PixelatedNoodle,merval,2,2023-11-22 19:41:17,t3_181kfkf,t3_181kfkf,comment
kad3spe,._.XD,Johnny-314,merval,2,2023-11-22 19:43:05,t3_181kfkf,t3_181kfkf,comment
kadlnp5,Mira el tamaño de esos huevos!,[deleted],merval,2,2023-11-22 21:52:16,t3_181kfkf,t3_181kfkf,comment
kafb8tp,¿Se puede invertir en la bolsa estadounidense con Ualá?,uint256b,merval,2,2023-11-23 07:53:57,t3_181kfkf,t3_181kfkf,comment
kagkcvq,"Pero tranqui loco, eso es normal, yo, por ej: tengo un nucleo de activos que no se tocan, y un resto con el que boludeo, semanalmente. Todos los meses  agrego al nucleo lo que saque de la venta de los demas (sin tocar el capital de los activos vendidos) obviamente, se busca el punto de entrada optimo, q capaz tarda meses, pero bueno, es paciencia , paea reinvertir en el nucleo. Y cuando veo q todo va bien, lo dejo. Son formas de manejarse, obviamente, vos tenes q encontrar lo que te es comodo a vos. E visto activos llegar a -50%, el costo de operar con acciones, y no es la muerte de nadie, recuperan tranquilamente. La paciencia es la mejor herramienta en este mundo.",Big_Education3104,merval,2,2023-11-23 14:12:47,t3_181kfkf,t3_181kfkf,comment
kagyyz7,"Perdón por no decirte, es que estábamos esperando a que te fueras, no le caías bien a nadie en la junta directiva, así que mantuvimos desplomado el precio para que vendieras desilusionado. Ahora si podemos dejar que le precio vuele",vmeltrozo,merval,2,2023-11-23 15:48:41,t3_181kfkf,t3_181kfkf,comment
kahv7kt,"me paso lo mismo en la misma plataforma, mis unicos movimientos en Uala son:

compra de NVDA 3 nominales 21/9/22 $5.200.

venta de NVDA 16/11/23 $6.400

si lo aguantaba hasta ahora lo podia vender por $57.000 💀",Chef_Aku,merval,2,2023-11-23 19:38:32,t3_181kfkf,t3_181kfkf,comment
kadrz1h,"200 mil pesos en acciones, ufff que haces viviendo en argentina deberías vivir en Miami.",Late_Inevitable_3490,merval,2,2023-11-22 22:39:07,t3_181kfkf,t3_181kfkf,comment
kadlz16,Yo vendí antes del buillrun y no volvió a entrar por miedo a que caiga 😄,[deleted],merval,1,2023-11-22 21:54:36,t3_181kfkf,t3_181kfkf,comment
kadqhuk,Primera vez?,cientoquince,merval,1,2023-11-22 22:28:18,t3_181kfkf,t3_181kfkf,comment
kafnck0,Consulta que plataforma es?,unraisedmedusa,merval,1,2023-11-23 10:10:06,t3_181kfkf,t3_181kfkf,comment
kafndzp,Que??,Sorry-Alternative262,merval,1,2023-11-23 10:10:28,t3_181kfkf,t3_181kfkf,comment
kafp4q8,Pero es en pesos.,CleanAd4781,merval,1,2023-11-23 10:26:12,t3_181kfkf,t3_181kfkf,comment
kafqsz9,Que aplicación es la segunda maestro? Estoy leyendo y aprendiendo de todos,Rodribzn,merval,1,2023-11-23 10:40:48,t3_181kfkf,t3_181kfkf,comment
kafwx5h,Que broker usas?,lubaqq,merval,1,2023-11-23 11:30:37,t3_181kfkf,t3_181kfkf,comment
kafx1rc,Que app usas para comprar acciones?,BoliBerrys,merval,1,2023-11-23 11:31:37,t3_181kfkf,t3_181kfkf,comment
kafxeij,Yo no sé qué hago acá pero acá estoy. Bienvenido sea. Algún día podré aprender y ser libre.,8Divinity8,merval,1,2023-11-23 11:34:24,t3_181kfkf,t3_181kfkf,comment
kafxw9s,Explique su meme jovencito,Efficient_Elevator_6,merval,1,2023-11-23 11:38:09,t3_181kfkf,t3_181kfkf,comment
kag4m5r,"Alguien que me ilumine y me explique que hizo el OP, ganó perdió o que?",ziriusb_85,merval,1,2023-11-23 12:27:13,t3_181kfkf,t3_181kfkf,comment
kag8asy,Yo tuve 14 bitcoins y los vendí por chirolas 😭,Motorpsycho6479,merval,1,2023-11-23 12:52:36,t3_181kfkf,t3_181kfkf,comment
kagfmt8,"No te maquines man, nadie tiene la bola de cristal.",[deleted],merval,1,2023-11-23 13:41:39,t3_181kfkf,t3_181kfkf,comment
kagpykv,"Operación cerrada , operación olvidada. Búscate otro trad e",Historical-Ease6859,merval,1,2023-11-23 14:49:41,t3_181kfkf,t3_181kfkf,comment
kakazhz,"La bolsa siempre se recupera, lo difícil es predecir el tiempo con el que va a suceder pero por eso es necesario estar informado sobre todo lo relacionado a los activos que hayas comprado. Solo hay que salir en excepciones...",ReflectionArtistic66,merval,1,2023-11-24 10:40:33,t3_181kfkf,t3_181kfkf,comment
kadrv5n,"Pero qué comentario más sensato.

Yo no se si se puede o no se puede hacer plata haciendo trading... capaz tenes pillos que saben y lo hacen.

A mi no me interesa en lo mas minimo estar todo el dia con los graficos y la computadora. Yo tengo un ingreso en la economia real y lo que me sobra me gusta invertirlo bien pero sin complicaciones ni dolores de cabeza, todo a largo plazo.

Veo mucho humo con todo el tema del trading, para mi los que hacen plata son los que venden los cursos y los brokers.",[deleted],merval,46,2023-11-22 22:38:21,t1_kadaseq,t3_181kfkf,comment
kadvv34,soy nuevo en reddit hay alguna manera de guardar este comentario? quiero leerlo todas las noches antes de irme a dormir,SulfARG,merval,35,2023-11-22 23:08:22,t1_kadaseq,t3_181kfkf,comment
kaewo3r,"Decís eso y me recordás cuando compré Bitcoin a $11 y vendí a $35.  
Cada vez que lo recuerdo, reviso a cuanto está el plomo a futuro (en commodities, obvio... obvio).",RenzoARG,merval,8,2023-11-23 04:44:39,t1_kadaseq,t3_181kfkf,comment
kafrjcx,">Si te gusta NVIDIA, compras y la volves a ver de aca a un par de años. Doña rosa que compro NVIDIA y nunca mas miro un grafico, que no tiene el widget en el home de su telefono para ver el precio 5 veces por dia y no tiene la vista de trading view en la compu con 400 garabatos, genera mas ganancias que vos y que cualquiera de los supuestos traders profesionales, y encima usa su tiempo para cosas mas util.

Doña rosa es mas astuta y se compras todos los meses un puchito de ETF S&P500 sin tradear un carajo.",Organic_Pumpkin_6836,merval,5,2023-11-23 10:47:04,t1_kadaseq,t3_181kfkf,comment
kadji3x,"Si, no hay que ser un matematico ni estudiar 4 años para el trading. Seguro nvidia va a seguir subiendo su valor y mas cuando salgan juegos como gta VI que son los que aumentan los valores de empresas que venden hardware.",Arkbot45,merval,8,2023-11-22 21:36:24,t1_kadaseq,t3_181kfkf,comment
kafljx3,yo mira te digo algo soy de largo plazo tenia acciones y vendi aposte por vender todas las acciones quedarme con un etf de tecnologia y el sp500 y despues bonos del tesoro norteamericano y voy a ir renovando los bonos ir juntando seguro despues invierta en el indice la ganancia voy a ver pero el etf de tecnologia es uno que aca no esta que tienen nvidia y otras empresas grosas xlk se llama,pablin262004,merval,3,2023-11-23 09:52:53,t1_kadaseq,t3_181kfkf,comment
kaetiny,"Jajaja mal. Siempre lo supe pero como me divertía seguía boluedeando, mintiéndome q miraba realmente los números de las empresas y los gráficos. Hoy q laburo bien, no tengo tiempo y solo holdeo lo q ya tenía y meto más haciendo dollar cost average en un índice.",brank87,merval,2,2023-11-23 04:07:31,t1_kadaseq,t3_181kfkf,comment
kafi4zd,"Time is money, man",GapeFeeling,merval,2,2023-11-23 09:17:27,t1_kadaseq,t3_181kfkf,comment
kag0gap,"Por qué lo dice tan brusco XD

Arruinaste con una cachetada de realidad a todos los que querían ser su propio jefe y coso...  Y a los gracias que se aprovechan de esa gente ingenua hablando como pastor evangélico... 
Voy a capturar esto y evangelizar 🤣",ch3rn0gopn1k,merval,2,2023-11-23 11:57:17,t1_kadaseq,t3_181kfkf,comment
kae795j,Excelente comentario y reflexión! Me dan gracias los salames que se venden como gurues por hacer un scalpping de incomprobable resultado.,[deleted],merval,2,2023-11-23 00:36:39,t1_kadaseq,t3_181kfkf,comment
kafng90,amén hermano,Puzzleheaded_Emu_629,merval,1,2023-11-23 10:11:03,t1_kadaseq,t3_181kfkf,comment
kaekyl2,">Doña rosa que compro NVIDIA y nunca mas miro un grafico, que no tiene el widget en el home de su telefono para ver el precio 5 veces por dia y no tiene la vista de trading view en la compu con 400 garabatos, genera mas ganancias que vos y que cualquiera de los supuestos traders profesionales

¿Y qué pasa con Doña Mabel que compró acciones de Zoom y Pfizer hace 3 años?",ALobpreis,merval,1,2023-11-23 02:37:24,t1_kadaseq,t3_181kfkf,comment
kageg2x,"me tomo un año y monedas aprender esto.

Duermo tranquilo, tengo mas tiempo para otras cosas.",pcboxpasion,merval,1,2023-11-23 13:33:48,t1_kadaseq,t3_181kfkf,comment
kagt1za,Mis respetos a este comentario.,Luchotta,merval,1,2023-11-23 15:09:43,t1_kadaseq,t3_181kfkf,comment
kaqxjzt,Mrs. Rose: Jack Jack Jack... Olvídate de la jubilación que subió el oro 🧐🍷,TocaDeAca,merval,1,2023-11-25 18:15:02,t1_kadaseq,t3_181kfkf,comment
kacvete,seguramente se dejó guiar por la moda de las criptos pero nadie pensó en la IA. jasjdajjds,[deleted],merval,23,2023-11-22 18:48:15,t1_kacv1dz,t3_181kfkf,comment
kacvvf1,"Se.

Lo peor es que lo vendi a 2000 tambien. O sea no gane nada. Y ademas de todo habia comprado casi en el pico de caida y esta era mi compra MAS grande de todas, yo estaba seguro que iba a hacer plata.

No se que pija mi yo del noviembre del año pasado estaba pensando. No sabria decirte ni aunque quisiera.",CordobezEverdeen,merval,14,2023-11-22 18:51:08,t1_kacv1dz,t3_181kfkf,comment
kad3whb,ALL IN PAPÁ 🥚🥚,Varsoviadog,merval,4,2023-11-22 19:43:47,t1_kacwkgt,t3_181kfkf,comment
kaddjma,"Es lo mejor, comprar acciones de companias estables y con visión a crecimiento y comprar BTC.",TioMedik,merval,6,2023-11-22 20:52:12,t1_kad16uo,t3_181kfkf,comment
kae20kl,No parece un buen consejo,psicodelico6,merval,3,2023-11-22 23:55:10,t1_kae195z,t3_181kfkf,comment
kadnad8,Y mira que si.,CordobezEverdeen,merval,1,2023-11-22 22:04:26,t1_kadm6on,t3_181kfkf,comment
kamsjmb,"Todos los brokers que tengan Cedears te permiten invertir en muchas empresas estadounidenses. No todas. Por ejemplo no hay un Cedear de Take Two para que le hagas all in a Rockstar para cuando salga el GTA VI. Yo actualmente uso Balanz porque Uala va en decadencia.

Y como el Cedear aunque lo pagues en pesos se pega al valor del dolar asi que tu plata se infla porque el precio del cedear sube. O al menos asi lo entiendo yo porque NVIDIA tuvo una subida del 240% como ves en el grafico y mis cedears no subieron a 7mil pesos. Subieron a 20mil. No te quedes con mi explicacion de mierda, estudialo vos mismo.",CordobezEverdeen,merval,1,2023-11-24 21:13:23,t1_kafb8tp,t3_181kfkf,comment
kamt2ao,"Jajaja buena hermano. 

Me volvi a meter a NVDA y ahora no lo suelto hasta que me cague de hambre.",CordobezEverdeen,merval,1,2023-11-24 21:17:21,t1_kahv7kt,t3_181kfkf,comment
kamsp79,Viejo son 1.6 millones de pesos lo que hubiera valido eso hoy. Por 200 luquitas mugrosas era buena ganancia.,CordobezEverdeen,merval,1,2023-11-24 21:14:35,t1_kafp4q8,t3_181kfkf,comment
kamstp0,UALA es pero actualmente uso Balanz. Esto fueron mis primeros pasos en el mundo de las inversiones asi que use UALA porque tenia 0 neuronas.,CordobezEverdeen,merval,1,2023-11-24 21:15:33,t1_kafqsz9,t3_181kfkf,comment
kamswt9,"Vendi en noviembre del año pasado 87 cedears a 2mil pesos cada uno.

Actualmente esos cedears valen 20mil cada uno. Hace la cuenta de cuanta plata me perdi.",CordobezEverdeen,merval,1,2023-11-24 21:16:12,t1_kafxw9s,t3_181kfkf,comment
kag7o41,"Hace un año OP vendió sus acciones de NVIDIA, que hoy a la fecha valen 10 veces más.

&#x200B;

El curcurucho en la frente no le dejó leer que NVIDIA se estaba posicionando muy bien respecto al desarrollo de IA porque casi no tiene competencia y sus chips son los más usados para ese campo. Y el 2023 fue realmente el boom de las IA.",Angry_argie,merval,4,2023-11-23 12:48:19,t1_kag4m5r,t3_181kfkf,comment
kamtdyt,Oof,CordobezEverdeen,merval,1,2023-11-24 21:19:49,t1_kag8asy,t3_181kfkf,comment
kamtizb,"Yo la tenia. Vi que tenia como 60% de caida NVDA y le hize all in con toda mi plata.

Lastima que eso de holdear no lo habia aprendido aun.",CordobezEverdeen,merval,1,2023-11-24 21:20:52,t1_kagfmt8,t3_181kfkf,comment
kamt9hr,"> La bolsa siempre se recupera

Yo compre en el pico de caida. Aguante 3 meses con 0 ganancias y creo que vi la porqueria de MercadoPago con un 70% del plazo fijo y las mande ahi como un idiota. Los FCI (en pesos) son para soperutanos como yo.

De perderme 1.4 millones aprendi. Ahora con manos de diamante estoy. No suelto mas esta basura.",CordobezEverdeen,merval,2,2023-11-24 21:18:52,t1_kakazhz,t3_181kfkf,comment
kae2ery,"Respecto al trading es una profesión mas, se puede hacer buena plata pero como todo requiere tiempo, energia y plata. Es la forma mas dificil de hacer plata facil. No es necesario estar todo el dia en el grafico (las personas que lo estan justamente son parte del 95% que pierde) . No solo son unas lineas, es mas psicologia y gestion de riesgo, el analisis solo es un 10% de todo lo que conlleva.

Y totalmente de acuerdo con que hay mucho humo, en especial con las empresas piramidales que ofrecen ese servicio, que lo unico que generaron es darle mala fama.",Nearby_Ad_1607,merval,15,2023-11-22 23:58:15,t1_kadrv5n,t3_181kfkf,comment
kael17w,"Abajo del comentario tenes las opciones, dale click a los 3 puntitos y te aparece la opcion de ""Save""/""Guardar"". Eso va a levantar un pop up en la parte inferior de la pagina diciendo que guardaste el comentario exitosamente.  
Para ver tus comentarios/post/etc guardados, simplemente hace click en el icono de tu usuario en la esquina superior izquierda. Esto va a abrir un menu, ahi elegis ""Profile""/""Perfil"".  
Esto te va a llevar a una pagina donde arriva de la pagina (abajo del buscador) vas a ver varias opciones, haces click sobre ""Saved""/""Guardados"" y vas a ver tus cosas guardadas en Reddit.",Cuartnos,merval,17,2023-11-23 02:38:07,t1_kadvv34,t3_181kfkf,comment
kafi9df,"re que ahora invertía todo el tiempo que antes usaba para ver gráficos, pero para leer este comentario",GapeFeeling,merval,2,2023-11-23 09:18:47,t1_kadvv34,t3_181kfkf,comment
kagx8gq,"Yo perdí 1 btc que compré por dos mangos allá por el 2011. Perdí la wallet. Y lo peor es que sospecho que se lo quedo el forro de mi ex.

Pasame el precio del plomo...",[deleted],merval,3,2023-11-23 15:37:04,t1_kaewo3r,t3_181kfkf,comment
kan1xkz,"sos de los mios, mine mas de 150btc y los vendi en 1.8usd cada uno, me sentia en las nubes jajaj",[deleted],merval,1,2023-11-24 22:24:57,t1_kaewo3r,t3_181kfkf,comment
kafkogg,[deleted],[deleted],merval,3,2023-11-23 09:44:13,t1_kaekyl2,t3_181kfkf,comment
kad1nni,"bueno, aprendiste que no hay que vender en caida de precios. Es algo",Tinojay416,merval,8,2023-11-22 19:28:36,t1_kacvvf1,t3_181kfkf,comment
kacwh42,Y pero si compraste a 1000 y vendiste a 2000 ya ganaste. Paso un año y aparte hay cosas que son impredecibles. No te bajonees.,Skeletorthewise,merval,4,2023-11-22 18:54:54,t1_kacvvf1,t3_181kfkf,comment
kadm5kz,"Exacto. En mí caso ETFs y acciones estables, y en las cripto BTC y ETH. Dormís tranquilo. 

Si te sobra algún puchito podes hacer ""timba"" si querés.",zacaa09,merval,3,2023-11-22 21:55:58,t1_kaddjma,t3_181kfkf,comment
kae4gub,"Cuando la gente empieza a comprar es porque los grandes compradores ya están posicionados y solo esperan que se infle el precio para vender. Lo mismo a la inversa cuando la gente tiene miedo y piensa que va a ir a 0 el precio esta barato para comprarlo.

Ej: Bitcoin, siempre que sale en las noticias que esta subiendo como espuma no pasan 2 meses que termina cayendo justamente porque los grandes compradores venden.",Nearby_Ad_1607,merval,11,2023-11-23 00:14:16,t1_kae20kl,t3_181kfkf,comment
kag8f78,"Uhh q malll, gracias por responder.",ziriusb_85,merval,2,2023-11-23 12:53:26,t1_kag7o41,t3_181kfkf,comment
kagh6wg,Good bot,LolsitoAFK,merval,4,2023-11-23 13:51:50,t1_kael17w,t3_181kfkf,comment
kakaoab,"No amiga jaja, lo busco hasta por las alcantarillas si fuera yo y más en los próximos años",ReflectionArtistic66,merval,3,2023-11-24 10:37:47,t1_kagx8gq,t3_181kfkf,comment
kagckoa,"Me parece que no estás entendiendo.

Vos dijiste:

>Mientras mas largo vas en tu posicion menos riesgo tenes, y despues de un tiempo largo el riesgo deja de ser una preocupacion

Y luego hablás del caso feliz de NVIDIA como si aplicara siempre, pero hay muchos otros casos en los que no...

Estás diciendo ""comprá cualquier cosa y olvidate, con el tiempo terminás ganando"", y no es así.",ALobpreis,merval,1,2023-11-23 13:21:14,t1_kafkogg,t3_181kfkf,comment
kacwki3,"> Y pero si compraste a 1000

Compre a 2000.",CordobezEverdeen,merval,7,2023-11-22 18:55:30,t1_kacwh42,t3_181kfkf,comment
kagb3mj,De nada!,Angry_argie,merval,1,2023-11-23 13:11:26,t1_kag8f78,t3_181kfkf,comment
kahz7ym,Beep bOop Beep :V,Cuartnos,merval,5,2023-11-23 20:09:46,t1_kagh6wg,t3_181kfkf,comment
kagh83h,"Thank you, LolsitoAFK, for voting on Cuartnos.

This bot wants to find the best and worst bots on Reddit. [You can view results here](https://botrank.pastimes.eu/).

***

^(Even if I don't reply to your comment, I'm still listening for votes. Check the webpage to see if your vote registered!)",B0tRank,merval,2,2023-11-23 13:52:03,t1_kagh6wg,t3_181kfkf,comment
kalipbo,Hay gente que no vale la pena cruzarla ni para un btc!,[deleted],merval,2,2023-11-24 15:55:33,t1_kakaoab,t3_181kfkf,comment
kagg05q,[deleted],[deleted],merval,1,2023-11-23 13:44:04,t1_kagckoa,t3_181kfkf,comment
kad0uhy,"mira el lado positivo, todavía te queda 90% de batería en el celu.",roberp81,merval,89,2023-11-22 19:23:15,t1_kacwki3,t3_181kfkf,comment
kacwzsd,Ah bueno. Y ahí si para mi la largaste al toque.,Skeletorthewise,merval,3,2023-11-22 18:58:15,t1_kacwki3,t3_181kfkf,comment
kagh3k6,"Vos empezás explicando conceptos generales y terminás dando a entender prácticamente que con cualquier Cedear aplica, como con NVIDIA. En tu último párrafo, reemplazá NVIDIA por Zoom y decime si tiene sentido. Hace 3 años mucha gente le habrá visto futuro a las 2 empresas que dije.

Y deberías poder debatir sin agredir continuamente. Una lástima que recurras a la descalificación sin realmente responder ni refutar nada de lo que dije.",ALobpreis,merval,4,2023-11-23 13:51:14,t1_kagg05q,t3_181kfkf,comment
kadyl03,"Asumiendo una bateria de 3000mAh y un costo de electricidad de $30 por kWh, ese 90% vale 32 centavos",fedex7501,merval,13,2023-11-22 23:29:01,t1_kad0uhy,t3_181kfkf,comment
kadv1uu,Ese es el espíritu,Magodeoz-87,merval,6,2023-11-22 23:02:11,t1_kad0uhy,t3_181kfkf,comment
kae5oqq,r/theydidthemath,silentplus,merval,8,2023-11-23 00:23:57,t1_kadyl03,t3_181kfkf,comment
kba0426,"A mi me llego una notificación recién pero que decía que por normativa del BRCA me desvinculaban la cuenta bancaria, en qué quedamos? Ni siquiera puedo abrir la notificación porque crashea la app.",Lowclet,merval,84,2023-11-29 13:20:08,t3_186sep5,t3_186sep5,comment
kb9xrnv,"Che igual creo que ese aviso esta mal, a mi lo que me llego al mail dice lo contrario, que las cuentas bancarias no van a estar mas vinculadas a mp, no que va a ser obligación vincularlas",[deleted],merval,58,2023-11-29 13:05:49,t3_186sep5,t3_186sep5,comment
kb9wsx4,Entonces la desvinculo de Mercadopago y me la vínculo en dónde?,[deleted],merval,16,2023-11-29 12:59:53,t3_186sep5,t3_186sep5,comment
kbaaiv6,"Naaa que manera de llorar este galperin

Cambian debin por pull.

Tenés que autorizar la cuenta para habilitar esto último. Sumas seguridad a costa de unos minutos de certificar tu cuenta bancaria cada tanto.",Menem99,merval,29,2023-11-29 14:22:01,t3_186sep5,t3_186sep5,comment
kba5vbu,"Son la transferencias pull gente, la norma alcanza toda transferencia entre cuentas propias, es menos práctico como dicen alguno, pero más seguro, se hace una vez cada tanto ya que esa autorización tiene cierto periodo de vida.",[deleted],merval,12,2023-11-29 13:54:31,t3_186sep5,t3_186sep5,comment
kba8sd5,"Sale debin, entra pull",santyas,merval,6,2023-11-29 14:11:45,t3_186sep5,t3_186sep5,comment
kb9zdka,Alguien me podria explicar si esto es bueno o malo?,SalaBit,merval,6,2023-11-29 13:15:39,t3_186sep5,t3_186sep5,comment
kbaqu0z,"Tienen mil apps para pagar ahora, todas con qr sobre MODO y treanferencia inmediata, tenes rebanking, brubank, la mayoria de las apps de los bancos... MP tiene mas dramas...",tankezord,merval,3,2023-11-29 15:59:09,t3_186sep5,t3_186sep5,comment
kb9vff8,"No lo veo mal, el debin siempre se me hizo medio turbio desde el punto de vista seguridad",Cutethulhu_,merval,20,2023-11-29 12:51:28,t3_186sep5,t3_186sep5,comment
kba0yc7,"Hablo con conocimiento parcial, pero creo que está vinculado a la posibilidad de hacer DEBIN, y me da la impresión que si es eso, afecta tambien a PPay, y billeteras no bancarias similares. Es por la cantidad de estafas con DEBIN.",I_Wanna_Score,merval,3,2023-11-29 13:25:13,t3_186sep5,t3_186sep5,comment
kbce35i,Me suena a que mercadopago usaba Debin para evitar pagar impuesto al cheque por transferencias.,JohnnyElBravo,merval,3,2023-11-29 22:20:13,t3_186sep5,t3_186sep5,comment
kbaszwi,Siempre buscándole el peso al huevón querrás decir...,tommarca,merval,2,2023-11-29 16:12:05,t3_186sep5,t3_186sep5,comment
kba97zh,"Vinculala chabon, es para prevenir estafas, quizas no te pasó a vos, pero buscalo, es una cuestión de seguridad, dios mio",No_Wealth8633,merval,3,2023-11-29 14:14:18,t3_186sep5,t3_186sep5,comment
kb9v83y,El banco central? No habian cerrado ya ese antro?,sebadeush20,merval,2,2023-11-29 12:50:14,t3_186sep5,t3_186sep5,comment
kb9x9xo,[deleted],[deleted],merval,2,2023-11-29 13:02:48,t3_186sep5,t3_186sep5,comment
kbclf4u,espera unos dias y lo arregla el proximo gobierno jajaja,[deleted],merval,2,2023-11-29 23:11:33,t3_186sep5,t3_186sep5,comment
kba8xqq,"me acaba de llegar mnsj de MP, van a romper todo hasta el ultimo dia",MarceloTDF,merval,1,2023-11-29 14:12:38,t3_186sep5,t3_186sep5,comment
kb9wjxn,Son siniestros,Old_Amount_5850,merval,0,2023-11-29 12:58:21,t3_186sep5,t3_186sep5,comment
kbajxfd,Cuanto falta para que asuma milei y haga un liberticidio con el cierre del bcra,DanceNo4619,merval,0,2023-11-29 15:16:32,t3_186sep5,t3_186sep5,comment
kbci2wn,Que asuma el peluca y esas lacras dejaran de hinchar las bolas....,Bpanda_666_,merval,0,2023-11-29 22:48:23,t3_186sep5,t3_186sep5,comment
kbclwju,"Gente esto es una medida puramente política que Massa se ""olvidó"" sacar, básicamente va a desvincular las tarjetas bancarias y ahora no podrás cargar tu billetera digital por medio de la app, ahora tienes que ir a tu banco y hacer una transferencia a la app de la billetera digital. 

Hicieron esto solo para romper las bolas a los Argentinos. 

No sé si Milei va a sacar esto pero de todas formas en mi caso instale la app de mi banco puedo hacer la transferencia desde ahí a Mercado Pago. Si se quieren evitar el lío de hombanking está es la solución. (Por lo menos la mía).",Powerful_Ad3782,merval,0,2023-11-29 23:14:59,t3_186sep5,t3_186sep5,comment
kb9v7mw,"Que cáncer son loco, odian la practicidad",anonssr,merval,-5,2023-11-29 12:50:08,t3_186sep5,t3_186sep5,comment
kbbvnd9,Que hijos de remil pu que son.,MegaMarc_15,merval,0,2023-11-29 20:10:12,t3_186sep5,t3_186sep5,comment
kb9vbat,"Cual seria el ""objetivo"" de la medida no lo comprendo",[deleted],merval,-2,2023-11-29 12:50:46,t3_186sep5,t3_186sep5,comment
kbadoml,Yo igual me pasa,Most_Branch553,merval,1,2023-11-29 14:40:35,t3_186sep5,t3_186sep5,comment
kbatrlr,Khe?,laorejadebangcock,merval,1,2023-11-29 16:16:39,t3_186sep5,t3_186sep5,comment
kbb0cga,"nunca use esas features, se me hace insegura y hacer una transferencia a tu cvu desde tu banco tampoco es muy dificil...",SantyDev,merval,1,2023-11-29 16:55:33,t3_186sep5,t3_186sep5,comment
kbbfspr,y pero que tendria de malo? si total el BCRA ya sabia de nuestra cuenta de mercadopago.,[deleted],merval,1,2023-11-29 18:29:13,t3_186sep5,t3_186sep5,comment
kbcewwd,"Ah....pero para blanquear capitales desde las islas caimán te hacen un programa con excepción de impuestos , sin comisiones y te  dan acceso a la licitación del parque eólico jajaj",Puzzleheaded_Mine524,merval,1,2023-11-29 22:26:09,t3_186sep5,t3_186sep5,comment
kba2s7s,eso pasa porque afip te consideran como trabajador en negro,Alive_Importance_629,merval,13,2023-11-29 13:36:17,t1_kba0426,t3_186sep5,comment
kba42jo,"Si, dice eso. Creía lo mismo, pero recién me mandaron una push para vincularla. Igual te redirige a MODO y me niego a usarlo kjj",Cutethulhu_,merval,15,2023-11-29 13:43:56,t1_kb9xrnv,t3_186sep5,comment
kbao5xw,"El que te llegó a vos (y también a mí) habla de debin. Lo que publica OP es de Pull. Son dos mecanismos distintos para lo mismo, este último reemplaza al prinero",cadarlion,merval,7,2023-11-29 15:43:09,t1_kb9xrnv,t3_186sep5,comment
kba0ilv,me llegó lo mismo,roberp81,merval,7,2023-11-29 13:22:34,t1_kb9xrnv,t3_186sep5,comment
kba09cg,Same.,_hanboks,merval,2,2023-11-29 13:21:02,t1_kb9xrnv,t3_186sep5,comment
kba2eq4,sameee,Ok_Adeptness2394,merval,1,2023-11-29 13:34:04,t1_kb9xrnv,t3_186sep5,comment
kba0si0,En la colaaa,Billy_yellow,merval,84,2023-11-29 13:24:14,t1_kb9wsx4,t3_186sep5,comment
kbbt23i,Totalmente.,GigaEth,merval,1,2023-11-29 19:52:48,t1_kbaaiv6,t3_186sep5,comment
kbcoi9f,Y como todo empresa que se respete.. MP se va a ir del país 👌🏻,Powerful_Ad3782,merval,0,2023-11-29 23:33:13,t1_kba5vbu,t3_186sep5,comment
kbafi0v,"Aaah entonces es igual a MODO? No lo uso nunca, y encima cada vez que pienso en usarlo me pide que vuelva a vincular la cuenta",GralTap,merval,1,2023-11-29 14:51:03,t1_kba5vbu,t3_186sep5,comment
kbb60qq,"Sabes cual es la diferencia?

Edit: Ya lo vi más abajo gracias",Nakuring,merval,2,2023-11-29 17:29:44,t1_kba8sd5,t3_186sep5,comment
kba2kis,"Menos práctico, más seguro",sebadeush20,merval,18,2023-11-29 13:35:02,t1_kb9zdka,t3_186sep5,comment
kba5mfx,Es un final y listo!,Vapavi32,merval,14,2023-11-29 13:53:03,t1_kb9zdka,t3_186sep5,comment
kbcm7qs,"Básicamente no vas a poder cargar tu billetera digital desde la app, tienes que ir a un banco, cajero, app bancaria y hacer una transferencia. 

Solo lo hacen para jodernos a los Argentinos como siempre.",Powerful_Ad3782,merval,2,2023-11-29 23:17:09,t1_kb9zdka,t3_186sep5,comment
kb9wust,"A mi nunca me gustó que cualquier billetera pueda hacer el débito automático sin mi autorización, mas que practicidad daba miedo.",nickcis,merval,12,2023-11-29 13:00:12,t1_kb9vff8,t3_186sep5,comment
kb9zel5,Lo haces una sola vez y ya te queda configurado.,fogalmam,merval,5,2023-11-29 13:15:50,t1_kb9vff8,t3_186sep5,comment
kb9wc0h,Hay estudios y estadisticas que presento el dueño de ML que prueban que no es turbio y funcionaba bien.,aeLcito,merval,-1,2023-11-29 12:57:01,t1_kb9vff8,t3_186sep5,comment
kbb9vg8,Era muy fácil vaciarte la cuenta con esto,SaleYvale2,merval,1,2023-11-29 17:52:59,t1_kb9vff8,t3_186sep5,comment
kbcori2,"Es meramente político, MP salió a apoyar a Patricia Bullrich y después a Javier milei, solo quieren joder al dueño.. apretarlo como lo hacen con toda las empresas de este país que al final se tenían yendo.",Powerful_Ad3782,merval,0,2023-11-29 23:35:01,t1_kba0yc7,t3_186sep5,comment
kbauvrp,"También. 

Por ahora pesos, veremos que pasa con los dólares después.",Outrageous-Builder31,merval,2,2023-11-29 16:23:12,t1_kbaszwi,t3_186sep5,comment
kba0upe,Dale 15 dias,Billy_yellow,merval,4,2023-11-29 13:24:36,t1_kb9v83y,t3_186sep5,comment
kb9vv9t,"Estàn en eso, esperemos",daniteira,merval,-5,2023-11-29 12:54:11,t1_kb9v83y,t3_186sep5,comment
kb9xjha,Pero qué te preocupa si esa guita ya saben que existe? Todo se reporta a la UIF. O te pensás que por vincular van a saber más?,Cutethulhu_,merval,6,2023-11-29 13:04:27,t1_kb9x9xo,t3_186sep5,comment
kb9ye55,"Te recomiendo que no lleves el dni original encima. Con una foto de tu dni se pueden abrir cuentas en algunas apps de crypto y te meten en flor de quilombo. Dalo por perdido, hacete el nuevo y dejalo en casa. Lleva siempre el antiguo encima. Lo que cambia es el nro de tramite que es un numero que suele usar de verificacion para el DNI.",nato1943,merval,1,2023-11-29 13:09:38,t1_kb9x9xo,t3_186sep5,comment
kb9yd2g,Es por seguridad termo. Aprende a leer por lo menos,Rampante11,merval,12,2023-11-29 13:09:26,t1_kb9v7mw,t3_186sep5,comment
kb9wly5,El problema del debin es que se hacían muchas estafas por que vos desde el banco emisor no tenías que autorizar la transferencia (si es que iba a una billetera). Ponele alguien se creaba una cuenta en la billetera pepito y te podía vaciar la cuenta de banco. Ahora lo que piden es que vos implicitamente (y tengo que entendido solo la primera vez) autorices a la billetera pepito desde tu banco.,nickcis,merval,5,2023-11-29 12:58:42,t1_kb9vbat,t3_186sep5,comment
kbbg4ry,Y en qué gastamos la plata.,Outrageous-Builder31,merval,1,2023-11-29 18:31:19,t1_kbbfspr,t3_186sep5,comment
kba4fla,peroperopero trabajo en blanco hace años :(,Lowclet,merval,13,2023-11-29 13:46:05,t1_kba2s7s,t3_186sep5,comment
kbannzs,"No, nada que ver.",cadarlion,merval,8,2023-11-29 15:40:06,t1_kba2s7s,t3_186sep5,comment
kbba65x,que diceeeeee,frivolous90,merval,3,2023-11-29 17:54:47,t1_kba2s7s,t3_186sep5,comment
kbatock,"Podemos decir *en negro* o la etimología correcta sería, en color no blanco?",Bioamenaza,merval,4,2023-11-29 16:16:08,t1_kba2s7s,t3_186sep5,comment
kbaaqzm,Aunque lo pruebes no funca 🤷‍♂️,anonssr,merval,8,2023-11-29 14:23:20,t1_kba42jo,t3_186sep5,comment
kbatutr,Anda Patriki modo... Dan alternativas que no se pueden usar porque se saturan los sistemas que ellos mismos proveen al no tener un server como la gente... Nontendo,Bioamenaza,merval,8,2023-11-29 16:17:11,t1_kba42jo,t3_186sep5,comment
kba0y35,Estaba en oferta 🤣,[deleted],merval,30,2023-11-29 13:25:11,t1_kba0si0,t3_186sep5,comment
kbahm7n,"Son cosas diferentes, este aviso que salió de MP es para que le des consentimiento a tu cuenta de banco X a que esté asociada a MP, en este caso la API de nexo que usan es la de Modo (para los bancos que hacen parte de Modo claro), pero nada tiene que ver con que quieras usar o no la app de Modo en sí.",[deleted],merval,2,2023-11-29 15:02:55,t1_kbafi0v,t3_186sep5,comment
kb9wzn7,"Es práctico, pero desde el punto de vista de cybersec sí, era muy turbio.

La vinculación la veo como un 2FA, no lo veo mal.",Cutethulhu_,merval,11,2023-11-29 13:01:02,t1_kb9wust,t3_186sep5,comment
kbb7x11,El problema es que MercadoChanta quiere jugar a ser un entidad financiera de hecho cuando no quiere serlo por ley (porque tendría que cumplir muchas otras regulaciones). Quiere manejar la plata de todos y salirse con la suya.,TigreDeLosLlanos,merval,10,2023-11-29 17:41:11,t1_kb9wust,t3_186sep5,comment
kb9x9oa,El otro día ví un vídeo (no confirmado) de alguien que con el postnet de mercado pago cobraba de una tarjeta de crédito sin contacto sin que la otra persona la sacará del bolsillo.,Outrageous-Builder31,merval,5,2023-11-29 13:02:46,t1_kb9wust,t3_186sep5,comment
kba5zld,"Pero nadie te obligaba a usarlo  
Ahora cagan a todos los que si la usan...",last_shadow_fat,merval,2,2023-11-29 13:55:13,t1_kb9wust,t3_186sep5,comment
kba0t6x,Lo hiciste? ni me puse a buscar cómo se hacía por paja,Cutethulhu_,merval,1,2023-11-29 13:24:21,t1_kb9zel5,t3_186sep5,comment
kb9y7ug,"Que funcione bien y sea practico no significa que sea seguro, si de alguna manera te entran a tu cuenta de mp te pueden vaciar las cuentas bancarias que tengas vinculadas",[deleted],merval,11,2023-11-29 13:08:33,t1_kb9wc0h,t3_186sep5,comment
kba0mxi,el debin fue la mayor fuente de estafas  con el cuento de aprobame la transferencia,roberp81,merval,2,2023-11-29 13:23:18,t1_kb9wc0h,t3_186sep5,comment
kba9c54,"a quien le van a creer al q construyo y maneja un imperio en sudamerica, o a un random de la campora q no termino la secundaria??",MarceloTDF,merval,1,2023-11-29 14:14:59,t1_kb9wc0h,t3_186sep5,comment
kb9wnbg,"Y porque algo sea seguro no conviene hacerlo más seguro?

Yo estoy en contra de la burocracia al pedo, pero no de la que puede evitar problemas",Cutethulhu_,merval,1,2023-11-29 12:58:56,t1_kb9wc0h,t3_186sep5,comment
kba0ybn,[deleted],[deleted],merval,1,2023-11-29 13:25:13,t1_kb9xjha,t3_186sep5,comment
kba19x6,[deleted],[deleted],merval,1,2023-11-29 13:27:12,t1_kb9xjha,t3_186sep5,comment
kbcoxnx,Por seguridad ja. Otro que se comió el cuento de Massa.,Powerful_Ad3782,merval,-1,2023-11-29 23:36:12,t1_kb9yd2g,t3_186sep5,comment
kb9y8c8,"> Ponele alguien se creaba una cuenta en la billetera pepito y te podía vaciar la cuenta

??? Si no sos titular de la cuenta de banco y la billetera no podés hacer el DEBIN desde MercadoPago.

Y el KYC que tiene MP (video de la cara, foto sosteniendo el DNI, etc.) es bastante seguro (te detecta por ej. si el vídeo/foto no está siendo capturado en vivo) por lo que no es fácil hacerte una cuenta a nombre de otro aunque tengas una foto del DNI/cara.",pripyaat,merval,2,2023-11-29 13:08:38,t1_kb9wly5,t3_186sep5,comment
kba7num,[deleted],[deleted],merval,0,2023-11-29 14:05:05,t1_kb9wly5,t3_186sep5,comment
kbbiatd,blancon't,i0sario,merval,12,2023-11-29 18:44:39,t1_kbatock,t3_186sep5,comment
kba2198,"Más que en oferta, regalado y con moño",dani96dnll,merval,21,2023-11-29 13:31:47,t1_kba0y35,t3_186sep5,comment
kb9xy0v,Si pero eso no es raro. Las tarjetas contacless tienen chips con informacion sensible sobre los datos de esa tarjeta,nato1943,merval,4,2023-11-29 13:06:54,t1_kb9x9oa,t3_186sep5,comment
kba5lvo,"Por una razón hoy en día existen las RFID wallets, hace tiempo que existe eso",DrH0rrible,merval,5,2023-11-29 13:52:58,t1_kb9x9oa,t3_186sep5,comment
kba0soh,"ah no es mala, te pones el aparato en tu bolsillo y te apoyas en la gente jaja",roberp81,merval,4,2023-11-29 13:24:16,t1_kb9x9oa,t3_186sep5,comment
kba3t4v,Existe hace muuuuucho eso,Cobayo,merval,1,2023-11-29 13:42:24,t1_kb9x9oa,t3_186sep5,comment
kba9lbb,"Es bastante ""común"" en otros países. Para eso venden las billeteras con protección rfid",Menem99,merval,1,2023-11-29 14:16:31,t1_kb9x9oa,t3_186sep5,comment
kbae6ho,"Si, te muestra una lista de las cuentas que tengas vinculadas y podes hacer debito.",fogalmam,merval,3,2023-11-29 14:43:27,t1_kba0t6x,t3_186sep5,comment
kb9yr0k,"Aunque puedan entrar a la cuenta, a menos que lo hayas deshabilitado, la app te pide la huella/PIN a cada rato para poder hacer una transferencia así sea de 100 pesos.

Eso de que cualquiera te puede vaciar la cuenta así de fácil es un mito. La mayoría de las estafas ocurren porque la gente voluntariamente transfiere (engañada, o porque no sabe ni lo que está haciendo).",pripyaat,merval,8,2023-11-29 13:11:50,t1_kb9y7ug,t3_186sep5,comment
kba2f3n,No sé si está implementando por defecto. Pero yo cualquier dispositivo nuevo que tengo que asociar a MP me pide el 2FA y la selfie guiñando el ojo.,agtp,merval,1,2023-11-29 13:34:07,t1_kb9y7ug,t3_186sep5,comment
kba742l,"a una pareja de mi tío le hicieron esa, pásame el código que te llego por mail así puedo hacerte la transferencia y la muy boluda se los dio, deci que es mas seca que yo",[deleted],merval,2,2023-11-29 14:01:49,t1_kba0mxi,t3_186sep5,comment
kbcoci0,"Jajaja muy buena, a este gobierno fue el que le hackearon datos personales de millones de Argentinos y se vendían por packs. Nadie se acuerda de eso y lo que pasó con el número de trámite del DNI.",Powerful_Ad3782,merval,3,2023-11-29 23:32:06,t1_kba9c54,t3_186sep5,comment
kba1hsh,Lo del DNI es para facturarte,Cutethulhu_,merval,2,2023-11-29 13:28:30,t1_kba0ybn,t3_186sep5,comment
kba1jhy,Igual ya la tenían desde el momento que hiciste KYC,Cutethulhu_,merval,2,2023-11-29 13:28:47,t1_kba19x6,t3_186sep5,comment
kbbr96v,"La regulación es para todas las billeteras, no solo mercado pago. Que mercado pago lo haya implementado bien es anecdotico, si otra billetera implementa mal el kyc te vacían las cuentas. 

Además no solo deberían todas las billeteras implementar bien la parte de registro si no la verificación cada vez que pedían un debito inmediato, hay miles de casos donde te roban el celular y poniendo el chip en otro entraban a la cuenta. ¿Por que la billetera tendría el poder de vaciarte una cuenta de banco que nunca autorizaste ni usaste en ella?. La regulación lo que exige es que para poder hacer el débito vos tengas que explicitamente dar consentimiento de que queres que pase, tengo entendido que ese consentimiento lo haces una sola vez o cada tanto. Es un poco más engorroso?, si, pero mucho más seguro.",nickcis,merval,3,2023-11-29 19:41:10,t1_kb9y8c8,t3_186sep5,comment
kbb0pb4,"No, ambos debines se usaban para estafas (se ve que fue genial como lo implementarion Jajajaja)

El que cambió la regulación también se usaba para estafar por que había billeteras donde creaban cuentas a nombre de otro, con foto del dni y un par de videos podían saltear el control ese de si esa una persona humana. De esta manera lo que se busca es que no todo dependa de la seguridad que implementa la billetera, si no, que uno sea consciente que esta dando acceso a su cuenta de banco.",nickcis,merval,1,2023-11-29 16:57:43,t1_kba7num,t3_186sep5,comment
kba2i3l,"La distancia no era mucha, pero me imagino a algún cráneo modificando todo para hacerlo más eficiente y demás para chorearte en la calle.",Outrageous-Builder31,merval,3,2023-11-29 13:34:37,t1_kba0soh,t3_186sep5,comment
kba4g6i,"Y cuánto recaudaste ya?

😂",Outrageous-Builder31,merval,0,2023-11-29 13:46:11,t1_kba3t4v,t3_186sep5,comment
kbakx7k,"A mi hermano le pasó, le intentaron robar estando en el tren con el contacless y la tarjeta se bloqueó.",Outrageous-Builder31,merval,3,2023-11-29 15:22:23,t1_kba9lbb,t3_186sep5,comment
kbau0v4,"Según los RF que tengan , fíjate que hay distintos protocolos es medio un perno pero no todas funcan igual",Bioamenaza,merval,1,2023-11-29 16:18:09,t1_kba9lbb,t3_186sep5,comment
kba0mfl,"La gente no le da mucha bola a la seguridad informática, imagina que hay mucha gente que no usa ni pin para desbloquear el celular, mucho menos lo va a usar en mp, también si no mal recuerdo esas opciones vienen desactivadas por defecto en mp",[deleted],merval,2,2023-11-29 13:23:13,t1_kb9yr0k,t3_186sep5,comment
kb9zh0r,"Te piden datos biométricos desde ciertos montos, con montos chicos no pasa nada",Cutethulhu_,merval,2,2023-11-29 13:16:14,t1_kb9yr0k,t3_186sep5,comment
kbb8jyj,"La huella la pueden conseguir de algun lado y el PIN tiene una entropía bajísima, a muchos les sacan alguna fecha importante y la pegan.",TigreDeLosLlanos,merval,1,2023-11-29 17:45:04,t1_kb9yr0k,t3_186sep5,comment
kbab4wn,"los estafadores de marketplace fueron lo mas provecho sacaron.

ya te transferi anda al home banking y autorizalo.",roberp81,merval,1,2023-11-29 14:25:35,t1_kba742l,t3_186sep5,comment
kbaw2hi,"Si, en otros países hace años que lo hacen.
Por eso te venden las billeteras que bloquean RFID.

Igual si tenés varias tarjetas juntas se complica que te hagan eso",Agusti94,merval,5,2023-11-29 16:30:17,t1_kba2i3l,t3_186sep5,comment
kba2z67,"Y bueno pero ya si tenés mucha guita en cuentas virtuales y no le das bola a la seguridad de tus dispositivos, no es algo que pueda solucionarse con ninguna medida que tomen.

Sacar los DEBIN por eso es como prohibir los autos porque hay mucha gente que muere en accidentes porque no se pone el cinturón y maneja alcoholizada.",pripyaat,merval,1,2023-11-29 13:37:26,t1_kba0mfl,t3_186sep5,comment
kba03iw,"A mí me lo pide hasta por $100, acabo de probar. Y ni hablar de que para entrar desde otra PC/celular tienen que tener el 2FA.

Es decir que para ""vaciarte las cuentas"" tienen que tener: mail, conteaseña, 2FA y potencialmente PIN/huella.",pripyaat,merval,3,2023-11-29 13:20:03,t1_kb9zh0r,t3_186sep5,comment
kbbn2xy,"Pero esas cosas son además de conocer el usuario/mail, contraseña y 2FA. Literalmente es más seguro que las apps de muchos bancos, que con el DNI y un PIN berreta ya podés loguear.

Y la huella no es tan fácil de usar aunque tengas la foto. Para que un lector de huellas te la tome tendrías que hacer algo [como esto](https://youtu.be/iX4Mc5RLYms?si=ULt6wHV0GwqOJBIW) y aún así es más ficción que realidad.",pripyaat,merval,1,2023-11-29 19:14:16,t1_kbb8jyj,t3_186sep5,comment
kba4aj5,"Igual massa un chupa pija mentiroso, nada que sorprenda, lo quiso hacer antes de las elecciones y como se le quejaron en todas las redes dio marcha atrás al otro día, ahora que ya perdió lo metió de prepo y a llorar a la iglesia",[deleted],merval,0,2023-11-29 13:45:16,t1_kba2z67,t3_186sep5,comment
kba0wrq,Eso porque lo activaste vos. Pensá en la jubilada que no,Cutethulhu_,merval,0,2023-11-29 13:24:57,t1_kba03iw,t3_186sep5,comment
kba5dol,"Jajaja por eso estamos como estamos. Imposible que alguien haga una inversión seria en este país con la inestabilidad que tenemos en todos los ámbitos. Un día prometen una cosa y a la semana ya dan marcha atrás. Y ni hablar de que cada 4 u 8 años damos un giro 180° a nivel nacional, deshaciendo lo poco bueno/rescatable que haya hecho el gobernante anterior en el proceso.",pripyaat,merval,-2,2023-11-29 13:51:37,t1_kba4aj5,t3_186sep5,comment
kba1zd5,"Si no recuerdo mal el 2FA, al menos a través del mail/SMS, está por defecto.",pripyaat,merval,2,2023-11-29 13:31:27,t1_kba0wrq,t3_186sep5,comment
k8j8bex,Elon: qué dije ahora lpm,Azhurkral,merval,156,2023-11-09 15:21:35,t3_17rj1fp,t3_17rj1fp,comment
k8jmrtt,"es una correccion nomas   
cuando bajo luna : es una correccion nomas",Cjav-latam,merval,45,2023-11-09 16:47:01,t3_17rj1fp,t3_17rj1fp,comment
k8jgo64,"Tesla (TSLA) shares are falling after HSBC gave the stock a “Reduce” rating, citing concerns about its timeline for future initiatives.

https://finance.yahoo.com/video/tesla-stock-tumbles-mortgage-rates-183016650.html?.tsrc=fin-srch",adrius,merval,39,2023-11-09 16:11:03,t3_17rj1fp,t3_17rj1fp,comment
k8jcq08,Yo compré más 😆,Puzzled_Anxiety1667,merval,21,2023-11-09 15:47:41,t3_17rj1fp,t3_17rj1fp,comment
k8jdz3a,Vos viste el Cyberdump? Cyberturd? Como se llama? Eso pasa,teteban79,merval,30,2023-11-09 15:55:05,t3_17rj1fp,t3_17rj1fp,comment
k8jyqno,Europa hay paro de muchisimos trabajadores de Tesla. En Suecia y Noruega hay quilombo hace mas de dos meses y no se estaria solucionando por ahora,[deleted],merval,8,2023-11-09 17:58:40,t3_17rj1fp,t3_17rj1fp,comment
k8jfkag,"No tengo idea, pero ELON MUSK me parece un tarado bárbaro, muy inteligente y exitoso, pero muy egocéntrico y estúpido. Basta con ver toda la novela que hizo con Twitter y lo que hizo con esa empresa... 

No quiere mejorar el mundo, quiere *ser la persona* que mejore el mundo, y es muy diferente.",chumbo73,merval,34,2023-11-09 16:04:30,t3_17rj1fp,t3_17rj1fp,comment
k8jmchs,"Ni idea, pero metí unos manguitos ahí pensando que mañana rebota y hacer una diferencia.",Leading_Ad2402,merval,4,2023-11-09 16:44:35,t3_17rj1fp,t3_17rj1fp,comment
k8jm5k7,"O sea. Nadie vio que hay un paro de trabajadores en los países nórdicos? https://notipress.mx/movilidad/huelga-de-tesla-en-suecia-negar-descarga-vehiculos-puertos-noruegos-17969
Quizás tenga que ver con eso.",PabloCT1138,merval,7,2023-11-09 16:43:27,t3_17rj1fp,t3_17rj1fp,comment
k8jsl58,"Recomendacón de inversión: Traten de entender donde se meten y cuanto pagan por lo que compran. Esto pasa porque un montón de tontos ponen su dinero sin estudiar cuanto pagan por eso, como está pasando hace rato en Havanna.",armonicoenfuga,merval,9,2023-11-09 17:21:42,t3_17rj1fp,t3_17rj1fp,comment
k8jn4hq,"Yo compre un etf de litio hace un año, una lágrima. Debería salir y asumir pérdidas pero... no se.",sickboy0000,merval,3,2023-11-09 16:49:03,t3_17rj1fp,t3_17rj1fp,comment
k8jyqqm,"A ver, que twiteó Elon-chan hoy?",Angry_argie,merval,3,2023-11-09 17:58:41,t3_17rj1fp,t3_17rj1fp,comment
k8jm0wh,La maneja un imbecil,neopet21,merval,10,2023-11-09 16:42:42,t3_17rj1fp,t3_17rj1fp,comment
k8jlwi7,Parece que la gente se entero que el dueño de Tesla es el mismo boludo que arruinó Twitter.,MGP1810,merval,12,2023-11-09 16:41:58,t3_17rj1fp,t3_17rj1fp,comment
k8jmbvb,"Para mí Tesla tienen comportamientos raros porque en el precio están metidos pronósticos súper optimistas, lo que lograron estos 10 años es increíble. Igualmente, lo de estos días no es raro, está acompañando el movimiento general de las acciones de su tipo.  
 
Se puede ir al tacho, seguro, es tecnología muy innovadora, no hay ""camino"" para comparar.  
Ahora, yo tuve un Model 3 unos años cuando viví en EEUU y el auto le pasa el trapo a cualquier otro auto que haya manejado, es el primer iPhone contra los flip phones.  
Ni que hablar los updates periódicos que te agregan cosas, y el piloto automático crecía a pasos grandes.  
Entiendo que en el último año lograron bajarle el costo más, hoy en día ya te sale lo que sale un Corolla bien equipado, y no tienen comparación.  
Además de eso tienen el negocio de techos solares y baterías que también seguramente crezca y mucho, y hacen todo a conciencia.  

Si te podés bancar los sube y baja por declaraciones exageradas de Musk, short squeezes, etc..., sumado a todas las noticias falopa que hay alrededor, yo es de las acciones que seguiría comprando en cada baja.",--Quartz--,merval,4,2023-11-09 16:44:28,t3_17rj1fp,t3_17rj1fp,comment
k8jyums,"Hace varios meses que se mueve entre 200 y 300, y es un acción re volatil, el 13 de enero había caido a 120 dolares te recuerdo. Si crees en la performance largo plazo, será momento de comprar.",BNeutral,merval,2,2023-11-09 17:59:19,t3_17rj1fp,t3_17rj1fp,comment
k8jzbn9,Meme stocks gonna meme,GsusSchreiber,merval,2,2023-11-09 18:02:11,t3_17rj1fp,t3_17rj1fp,comment
k8k72wl,"El sector growth en general está colapsando en USA, tesla masomenos se mantiene.",Any_Barracuda_9014,merval,2,2023-11-09 18:48:43,t3_17rj1fp,t3_17rj1fp,comment
k8mcy4g,"Calculo que sera por la Cybertruck.

Estan empezando a mostrarse prototipos rodando por las calles y hay muchas criticas a su calidad de ensamblado y materiales (aunque siempre se critico a Tesla por esto)

Sumado a eso, la gente no cree que puedan abastecer la demanda que generaron, menos que menos cumplir todos los pedidos que tienen en tiempo y forma.",CosmeFuIanito,merval,2,2023-11-10 05:04:01,t3_17rj1fp,t3_17rj1fp,comment
k8jbp8t,Capaz que hoy revelavan datos financieros,zirathzaragoth,merval,3,2023-11-09 15:41:38,t3_17rj1fp,t3_17rj1fp,comment
k8jdmi8,Cómo viene el gráfico anual?,Encorvado,merval,3,2023-11-09 15:53:02,t3_17rj1fp,t3_17rj1fp,comment
k8kavol,"Siempre fue una burbuja Tesla para mí, no se que les sorprende",Kaji157,merval,3,2023-11-09 19:12:10,t3_17rj1fp,t3_17rj1fp,comment
k8jv0rw,"bajó la venta, poca demanda",lucas6534,merval,0,2023-11-09 17:36:27,t3_17rj1fp,t3_17rj1fp,comment
k8nhrq5,Hoy empezó a recuperar parte de la caída de ayer.. No me genera mucha confianza este activo.. Me parece q voy a tratar de recuperar lo invertido y me voy silbando bajito a otros destinos.. 🤣🤣🤣🤣🤣,Lefthanded-f477,merval,0,2023-11-10 11:55:51,t3_17rj1fp,t3_17rj1fp,comment
k8jn0oi,Se esta agachando para tomar impulso,Breath_Fancy,merval,1,2023-11-09 16:48:27,t3_17rj1fp,t3_17rj1fp,comment
k8jot4e,"Depende. Si tu cartera tiene TESLA y va de acuerdo con tu estrategia, entonces debería ser momento de comprar. Ahora sí tu idea es meter ""a ver qué onda"", probablemente no debas hacerlo. Por otro lado, vender después de que bajó generalmente es mala idea.",MondongoLisergico,merval,1,2023-11-09 16:58:52,t3_17rj1fp,t3_17rj1fp,comment
k8jpm34,FIRE SALE,afbp01,merval,1,2023-11-09 17:03:41,t3_17rj1fp,t3_17rj1fp,comment
k8jx6uw,Creo que habia salido un informe que decia que era la acción mas shorteada en el mercado. Eso y que Elon Musk es un bobo. Menos mal que vendí toda la posición que tenia.,andy_2098_fml,merval,1,2023-11-09 17:49:24,t3_17rj1fp,t3_17rj1fp,comment
k8jx6w0,Amigo no inviertas en Tesla. Es un puterio Elon Musk... de la nada puede salir a decir o hacer cualquier boludez y te re jodés,Purplesnakeemi,merval,1,2023-11-09 17:49:24,t3_17rj1fp,t3_17rj1fp,comment
k8jyjrc,First time?,ALobpreis,merval,1,2023-11-09 17:57:31,t3_17rj1fp,t3_17rj1fp,comment
k8k22z5,Se empezaron a dar cuenta que no sirven ? juaz,Glum_Past_1934,merval,1,2023-11-09 18:18:45,t3_17rj1fp,t3_17rj1fp,comment
k8ka052,autos con motor a base de hidrógeno.,FellTheSky,merval,1,2023-11-09 19:06:40,t3_17rj1fp,t3_17rj1fp,comment
k8kcjam,se fueron a disney,Tinojay416,merval,1,2023-11-09 19:22:33,t3_17rj1fp,t3_17rj1fp,comment
k8kmvzh,"dale, segui vendiendo que te compro todos tus nominales",Long_Awareness9333,merval,1,2023-11-09 20:30:46,t3_17rj1fp,t3_17rj1fp,comment
k8ky2kf,"En términos de price over earnings, una stock está ""barata"" cuando viaja por debajo de 20. Tesla después de este palazo, está a 70. Tesla es una burbuja y tendría que triplicar su producción par valer lo que vale el stock.
Eso significa que va a seguir bajando? No, ni puta idea. El precio es especulación y si especulamos todos juntos el precio sigue subiendo. Solo digo que hay inversiones más ""seguras"".",askapo747,merval,1,2023-11-09 21:48:06,t3_17rj1fp,t3_17rj1fp,comment
k8kzyv0,Compren,Beckasin,merval,1,2023-11-09 22:01:19,t3_17rj1fp,t3_17rj1fp,comment
k8l7u5i,"Jodeme que todavia hay gente que no sabe que Elon es puro humo, que la única mierda que invento es un enchufe pedorro y encima la guita la heredo de unos familiares con un oscuro pasado relacionada al mercado de esmeraldas. Ya de escucharlo hablar te das cuenta que es un pelotudo agrandado, muy lejos de la honestidad intelectual como Fresco, Popper, no se, hasta Jobs que no dejaba de ser un padre de mierda.",[deleted],merval,1,2023-11-09 22:55:19,t3_17rj1fp,t3_17rj1fp,comment
k8l9jk3,"O sea, Tesla viene perdiendo millones en cada cierre y cubriendose con bailouts y guita de otras patentes que tienen, no se por qué se sorprenden.",argefox,merval,1,2023-11-09 23:06:59,t3_17rj1fp,t3_17rj1fp,comment
k8ly8cz,"Los stocks de las empresas de Elon Musk están inflados por la tracción que supo darle su manejo de los medios y el marketing de su imagen publica.

A medida de que su imagen se va deteriorando, la burbuja se desinfla y las acciones se acercan a su valor real.",[deleted],merval,1,2023-11-10 02:19:53,t3_17rj1fp,t3_17rj1fp,comment
k8n34l7,"A mí me gusta más verlo en mediano-largo plazo: [https://finance.yahoo.com/quote/TSLA?p=TSLA&.tsrc=fin-srch](https://finance.yahoo.com/quote/TSLA?p=TSLA&.tsrc=fin-srch) (6 meses, Yahoo! finance).

Y sino buscando en Twitter (X): [https://twitter.com/search?q=%24tesla&src=typed\_query](https://twitter.com/search?q=%24tesla&src=typed_query) si buscás $tesla hay mucho dibujito de análisis técnico mal hecho, pero bueno, es divertido jaja y si buscás #tesla verás mas noticias no bursátiles.",peperinna,merval,1,2023-11-10 10:08:11,t3_17rj1fp,t3_17rj1fp,comment
k8nc7sa,"El litio no es rentable a muy largo plazo. Va a llegar el momento en q si no cambian la tecnología de baterias que usan, simplemente va a ser tan caro el costo de fabricación que nadie lo va a comprar",chronologixfg,merval,1,2023-11-10 11:17:33,t3_17rj1fp,t3_17rj1fp,comment
k8nut8w,"Cuanto valia hace 1 año?

Y hace 5?


Crypto es mas entretenido si te gusta el dia a dia",luxanimae,merval,1,2023-11-10 13:18:55,t3_17rj1fp,t3_17rj1fp,comment
k8o476r,Sobrevalorado,InvestigatorUnfair19,merval,1,2023-11-10 14:15:06,t3_17rj1fp,t3_17rj1fp,comment
k8xt9eo,Calculo que será algo relacionado al video de la Cyber truck que filmaron de cerca. No encajaba un panel ni de casualidad 🤣🤦🏻‍♂️,f4ku123,merval,1,2023-11-12 12:49:33,t3_17rj1fp,t3_17rj1fp,comment
k8zutgb,Amo ver a las empresas perder plata 🙏,armored_milanga,merval,1,2023-11-12 20:27:20,t3_17rj1fp,t3_17rj1fp,comment
k9ki2hf,Pasaron los judíos y los chinos seguramente,Common-Worth5519,merval,1,2023-11-16 20:27:40,t3_17rj1fp,t3_17rj1fp,comment
k9p9r60,Los autos eléctricos son una garcha.,rodouss,merval,1,2023-11-17 20:33:26,t3_17rj1fp,t3_17rj1fp,comment
k9qhvwg,"Elon ,eso paso xd
Pd:debe ser porque puso un monton de guita para ayudar a su ex ember heart en juzgado al cual también la mina recagaba a palos,debe tener algo que lo deja sumiso (?",Particular-Badger929,merval,1,2023-11-18 02:55:47,t3_17rj1fp,t3_17rj1fp,comment
kawscy9,"Pasa que Musk es la imagen publica de la empresa, anda a saber que cagada hiso ahora.",Big-Cartographer-166,merval,1,2023-11-26 21:33:17,t3_17rj1fp,t3_17rj1fp,comment
k8j9ri5,Dijo algo en contra de la guerra o a favor 😂,Outrageous-Builder31,merval,22,2023-11-09 15:30:13,t1_k8j8bex,t3_17rj1fp,comment
k8k07yy,"Habrá dicho ""interesting"" o ""!!!"" en los post más rancios de Twitter como todos los días jajaj",RodLawyerr,merval,19,2023-11-09 18:07:38,t1_k8j8bex,t3_17rj1fp,comment
k8jmqxl,"Twitteó en contra del aborto 

Eso suma o resta?",VenecoArgentino,merval,2,2023-11-09 16:46:52,t1_k8j8bex,t3_17rj1fp,comment
k8jo9z6,Ajajajaj como olvidarme de luna,NoCInvertir,merval,14,2023-11-09 16:55:42,t1_k8jmrtt,t3_17rj1fp,comment
k8kib51,"Jajaja acá la diferencia es que hay una empresa real atrás, en Luna no se veía nada de tanto humo.",gezdiaz,merval,11,2023-11-09 19:59:48,t1_k8jmrtt,t3_17rj1fp,comment
k8jm21c,"Cuando el precio baja y las instituciones y bancos te dicen que cae es el momento que usan para comprar cuando todos venden, de a poco y en un periodo de hasta meses años pero siempre acumulay luego suben el precio, lo que hicieron siempre..m",unpibemas17,merval,29,2023-11-09 16:42:53,t1_k8jgo64,t3_17rj1fp,comment
k8k6q9b,"Y para agregar:  
*HSBC analyst Michael Tyndall initiated coverage of Tesla on Thursday with a Reduce (or Sell) rating and $146 price target, implying a 33% drop in Tesla’s stock price. In response Tesla stock closed down nearly 5.5% on Thursday, with shares shedding 18.9% in the past month.*",[deleted],merval,3,2023-11-09 18:46:35,t1_k8jgo64,t3_17rj1fp,comment
k8l0cik,entiendo que bajaron produccion o precios en otros paises,elaluu,merval,2,2023-11-09 22:04:00,t1_k8jgo64,t3_17rj1fp,comment
k8k0ban,Genius,RodLawyerr,merval,5,2023-11-09 18:08:10,t1_k8jcq08,t3_17rj1fp,comment
k8knpqm,Será que le pidió a un medio hermano que hace mucho no veía que le diseñe la camioneta?,Top_Zip9671,merval,17,2023-11-09 20:36:23,t1_k8jdz3a,t3_17rj1fp,comment
k8jlfd8,Me podrías explicar el concepto?,Jornelmore123,merval,3,2023-11-09 16:39:10,t1_k8jdz3a,t3_17rj1fp,comment
k8naxgy,Cybertruck,[deleted],merval,3,2023-11-10 11:08:14,t1_k8jdz3a,t3_17rj1fp,comment
k8k13s0,"A estas alturas lo de ""muy inteligente"" lo pongo en duda... Para ser exitoso no hace falta ser tan inteligente, hay que tener mucha guita para quemar y suerte. Cómo Donald Trump con su primer pequeño préstamo de un millón de dólares que le dio su papá, Elon tiene padres con una fortuna inmensa que incluso admitieron que ayudaron un montón a Elon para que llegue dónde está.",RodLawyerr,merval,21,2023-11-09 18:12:53,t1_k8jfkag,t3_17rj1fp,comment
k8jqc84,"se te vino encima todo el club de fans de elon, anda con cuidado por la calle",Revolutionary-Bell69,merval,18,2023-11-09 17:08:06,t1_k8jfkag,t3_17rj1fp,comment
k8mvflu,"Nadie es inteligente en todos los aspectos. Me imagino que tambien opinas q la jefa robaba pero hacia, no?

Es facil criticar siendo un zurdo q nunca se la jugo en ningun mercado. Todos son DTs mirando el partido en la pantalla.

Los resultados mepa q son indiscutibles.",Acrobatic-South-9558,merval,2,2023-11-10 08:58:03,t1_k8jfkag,t3_17rj1fp,comment
k8jlkp7,"No se que es mas chistoso, que te tragues la propaganda negativa en contra de Elon, o que creas que el tipo quiere mejorar el mundo lol.",ProjectAioros,merval,-12,2023-11-09 16:40:03,t1_k8jfkag,t3_17rj1fp,comment
k8klgns,"Concuerdo,  científicamente y comercialmente es un genio. Pero en lo social me parece un tarado",chiquitus,merval,-2,2023-11-09 20:21:02,t1_k8jfkag,t3_17rj1fp,comment
k8jmg22,"Si el es tarado vos que sos hno, los tweets no hacen mas que levantar relevancia sobre su imagen, el sabe que si su ""fama"" se mantiene su voz va seguir teniendo importancia",unpibemas17,merval,-9,2023-11-09 16:45:08,t1_k8jfkag,t3_17rj1fp,comment
k8m0nwp,"Por un lado digo que hay que ser medio idiota para comprar una red social por semejante precio, parece uno de esos que le bajaron la cuenta, se saca la lotería y la compra como  revancha.

Entiendo que es una forma de si quisiera manipular ciertos temas, pero aún así con ese dinero hubiese comprado otras empresas e incluso alguna plataforma.",Dismal-Challenge-736,merval,1,2023-11-10 02:43:31,t1_k8jfkag,t3_17rj1fp,comment
k8n577y,Pero se garchaba a Talula. Respect.,StyleCareful134,merval,1,2023-11-10 10:24:52,t1_k8jfkag,t3_17rj1fp,comment
k9qihv0,Paro en los paises de primer mundo?hay que ser bastante de todo lo malo para que te hagan paro en paises desarrollados xd,Particular-Badger929,merval,1,2023-11-18 03:02:55,t1_k8jm5k7,t3_17rj1fp,comment
k8mv1gk,"El famoso ""te falta leer"", que me recomendas?, ""ay no se"".",Acrobatic-South-9558,merval,8,2023-11-10 08:54:03,t1_k8jsl58,t3_17rj1fp,comment
k8lssyr,A qué precio debiera estar?,dinovfx,merval,2,2023-11-10 01:30:07,t1_k8jsl58,t3_17rj1fp,comment
k8juumt,Y se dieron cuenta hoy?? 😂😂😂,CoupleOfBitches,merval,3,2023-11-09 17:35:25,t1_k8jm0wh,t3_17rj1fp,comment
k8k0mg3,"Twitter ya era una mierda, si su plan era destruirlo, yo lo voto...",Puzzled_Anxiety1667,merval,9,2023-11-09 18:10:01,t1_k8jlwi7,t3_17rj1fp,comment
k8ky0bp,"Limpio a todo el zurdaje de mi3rda de SF que lo usaba para promover sus ideologias pedorras al mundo censurando a cualquiera que no este deacuerdo. Como arruino Twitter exactamente?

Cuando echo a un monton de gente, todos saltaron con ""Twitter asi no dura ni un dia"" y blah blah blah. Yo todavia lo sigo viendo ahi donde estuvo siempre y seguramente hoy da menos perdida.",HotPingo,merval,4,2023-11-09 21:47:40,t1_k8jlwi7,t3_17rj1fp,comment
k8jpvbj,"Si, está un poco inflada. Si las acciones de TESLA valen más que las de compañías automotrices consolidadas, con decadas de años en la industria y con volumenes de venta varias veces por encima de la empresa de Elon, es para pensar por lo menos.",MondongoLisergico,merval,3,2023-11-09 17:05:15,t1_k8jmbvb,t3_17rj1fp,comment
k8k0q6j,Tesla seguiria siendo una empresa automotriz seria si Elon no la hubiese comprado al igual que con Twitter.,RodLawyerr,merval,-1,2023-11-09 18:10:37,t1_k8jmbvb,t3_17rj1fp,comment
k8pepih,"Tiene sustento, sus autos son incomparables",HomoSapien-sa,merval,1,2023-11-10 19:06:36,t1_k8kavol,t3_17rj1fp,comment
k8jymmh,"-SELL AT THE DIP

-???

-PROFIT",Angry_argie,merval,3,2023-11-09 17:57:59,t1_k8jot4e,t3_17rj1fp,comment
k8kojxl,No se en q momento dije q iba a vender.. 😏,Lefthanded-f477,merval,1,2023-11-09 20:42:06,t1_k8kmvzh,t3_17rj1fp,comment
k8nwnig,Hace 1 año en marzo valía lo mismo q vale ahora..,Lefthanded-f477,merval,1,2023-11-10 13:29:50,t1_k8nut8w,t3_17rj1fp,comment
k8jbnc3,Peor! No dijo nada!,TartaVoladora,merval,31,2023-11-09 15:41:19,t1_k8j9ri5,t3_17rj1fp,comment
k9khmj9,[deleted],[deleted],merval,1,2023-11-16 20:24:27,t1_k8j9ri5,t3_17rj1fp,comment
k8kmp4t,Si,BobVanceVanceRef,merval,19,2023-11-09 20:29:28,t1_k8jmqxl,t3_17rj1fp,comment
k9qi1mr,"Resta,actualmente estamos ante un problema de exceso de población por alta natalidad,pero elon es de ese grupo que piensa que el aborto es un aparato comunista para reducir la población""blanca""",Particular-Badger929,merval,0,2023-11-18 02:57:38,t1_k8jmqxl,t3_17rj1fp,comment
k94xkw3,Si,ConnanCuleaRico,merval,1,2023-11-13 20:14:08,t1_k8jmqxl,t3_17rj1fp,comment
k8mpddl,Jajaja todavía me duele la cola con Luna. Ese día aprendí que nadie te puede dar 20% de renta fija en USD,LocksmithEven4085,merval,15,2023-11-10 07:48:51,t1_k8jo9z6,t3_17rj1fp,comment
k8n44b7,Una empresa real monstruosamente sobrevalorada.,Suitable_Dimension,merval,3,2023-11-10 10:16:18,t1_k8kib51,t3_17rj1fp,comment
k8k2fts,Este vota a Castañeira,RebelionFiscal,merval,16,2023-11-09 18:20:54,t1_k8jm21c,t3_17rj1fp,comment
k8jurub,Wtf??? 🤣🤣🤣🤣,CoupleOfBitches,merval,3,2023-11-09 17:34:56,t1_k8jm21c,t3_17rj1fp,comment
k8mckan,Es el Homeromovil,teteban79,merval,3,2023-11-10 04:59:05,t1_k8knpqm,t3_17rj1fp,comment
k8ll2wd,Era homero!!!,Extension-Slip-4738,merval,2,2023-11-10 00:28:40,t1_k8knpqm,t3_17rj1fp,comment
k8jr1pj,Tienen líneas de producción comprometidas y no sé cuánto costo hundido en una pickup que es un esperpento. No hay manera que vendan lo que pretenden vender y el mercado lo está anticipando,teteban79,merval,21,2023-11-09 17:12:24,t1_k8jlfd8,t3_17rj1fp,comment
k8k0e3c,"Es horrendo, no es seguro para las calles y es un dolor de huevo para fabricar.",RodLawyerr,merval,13,2023-11-09 18:08:38,t1_k8jlfd8,t3_17rj1fp,comment
k8jplkz,"decide weather touch bear subsequent judicious lush plucky start important

 *This post was mass deleted and anonymized with [Redact](https://redact.dev/home)*",rogue-fox-m,merval,6,2023-11-09 17:03:36,t1_k8jlfd8,t3_17rj1fp,comment
k8o73wc,"Cualquier cosa estás diciendo. Aunque le hayan dado millones , el tipo genero riqueza a niveles que prácticamente nadie en el mundo y genero cambios como posicionar finalmente los autos eléctricos o ir al espacio por 10 veces menos que NASA, servicio satelital de internet. Podrá ser un demente emocionalmente pero es un genio empresarial.",alefdc,merval,-5,2023-11-10 14:32:49,t1_k8k13s0,t3_17rj1fp,comment
k8k15ph,El 90% son bots jajaj,RodLawyerr,merval,9,2023-11-09 18:13:12,t1_k8jqc84,t3_17rj1fp,comment
k8k1ius,"""Propaganda negativa contra Elon"" JAJAJ amigo, con darle una mirada a su Twitter ya podes sacar tus propias conclusiones, no hace falta consumir ningún tipo de ""propaganda"".",RodLawyerr,merval,7,2023-11-09 18:15:24,t1_k8jlkp7,t3_17rj1fp,comment
k8llcmz,Lo de cientifico lo pongo en duda totalmente,Extension-Slip-4738,merval,7,2023-11-10 00:30:41,t1_k8klgns,t3_17rj1fp,comment
k8ls0sa,"Científico de que? Ni siquiera el desarrollo la tecnología que usan los carros de Tesla, el embaucó a los antiguos dueños quienes eran ingenieros y quienes se inspiraron en Nikola Tesla.",[deleted],merval,7,2023-11-10 01:23:23,t1_k8klgns,t3_17rj1fp,comment
k9qicma,"No sos un genio cuando tenes tanta guita,compras empresas,le cambias los nombres para que figure que sos el ""fundador"" de tales empresas y despues caigan sus acciones",Particular-Badger929,merval,1,2023-11-18 03:01:08,t1_k8klgns,t3_17rj1fp,comment
k8k1dnm,"Jajaj mmm si esa relevancia se basa en mala publicidad constante no ayuda mucho para dar confianza a los inversores, por eso está perdiendo muchísimos inversores desde que compró Twitter.",RodLawyerr,merval,3,2023-11-09 18:14:32,t1_k8jmg22,t3_17rj1fp,comment
k8n5a7g,"Sí, un boludo bárbaro.",StyleCareful134,merval,2,2023-11-10 10:25:30,t1_k8m0nwp,t3_17rj1fp,comment
k9tiujb,"No te creas. Pasa que Europa no es EEUU. Si en Europa le tocas un solo derecho al trabajador, te paran la maquina. Lo mismo pasa con las empresas estadounidenses que quieren imponer su forma de trabajo en Europa ( en este caso Tesla; pero lo mismo pasó con Amazon, Microsoft y un largo etc), es decir, si en Europa le tocas las vacaciones, el derecho a no atender el telefono, la privacidad, la licencia por maternidad/paternidad, las licencias pagas y un par mas de derechos laborales, te cierran la fabrica.",PabloCT1138,merval,1,2023-11-18 19:49:26,t1_k9qihv0,t3_17rj1fp,comment
k8ovok9,Y bue...,armonicoenfuga,merval,0,2023-11-10 17:05:34,t1_k8mv1gk,t3_17rj1fp,comment
k8nhcbv,Y de pique el research de hsbc que le metio presion ayer te diria,CoupleOfBitches,merval,1,2023-11-10 11:53:01,t1_k8mv1gk,t3_17rj1fp,comment
k8or8ke,olvidate que te responda kjjj,Rocarat,merval,1,2023-11-10 16:37:47,t1_k8lssyr,t3_17rj1fp,comment
k8ovfh8,No voy a darte 3 minutos de mi tiempo p explicarte. Esforzate algo vos ahora,armonicoenfuga,merval,1,2023-11-10 17:03:58,t1_k8lssyr,t3_17rj1fp,comment
k8l0api,"Es que antes de que comprara Twitter al tipo lo promocionaban como un ""multimillonario cool"" que quería mejorar el mundo, no como George Soros, y tuvo mucho y tiene mucho apoyo de los republicanos yankees, antes era divertido meterse a tweeter a bardear boluditos progres fans de la Cámpora, pero ahora parece un foro alt-right genérico, ni dan ganas de entrar a Twitter ahora.",HerniGC1999,merval,1,2023-11-09 22:03:39,t1_k8juumt,t3_17rj1fp,comment
k9qin8k,"Antes abundaba el porno,ahora se plago de bots pornos",Particular-Badger929,merval,1,2023-11-18 03:04:42,t1_k8k0mg3,t3_17rj1fp,comment
k8kzmd5,Que Twitter ahora parece taringa V8 a eso se refieren cuando dicen que la arruinó.,HerniGC1999,merval,5,2023-11-09 21:58:53,t1_k8ky0bp,t3_17rj1fp,comment
k8yhvdu,"Twitter inventó el término ""tweet"" y ""retweet"" y vino Elon y lo transformó por un genérico ""post"" y ""repost"". Era el sueño húmedo de cualquier dueño que reconozcan a su empresa por una palabra única y el tipo las eliminó y les mandó el nombre más insulso que hay. 

Ni hablar de la boludeces de la suscripción que se notó que lo largó sin pensarlo 1 segundo, cuando se llenó de cuentas falsas que simplemente pagando 10 USD empezaron a impersonar a empresas y figuras públicas. Tuvo que sacar otro tier de verificaciones y basicamente volvió al sistema anterior. 

Y bueno, también la boludés de empezar a eliminar funciones a cambio de un pago.",CrimsonArgie,merval,2,2023-11-12 15:25:15,t1_k8ky0bp,t3_17rj1fp,comment
k8masxy,"El gran problema es que cuando Tesla vende un auto electrico, saca 10k de ganancia neta. La empresa que le sigue en ganancia al vender un EV, gana 2k por auto. Tonces literal el margen de ganancia es el quintuple que la mejor que le sigue. Si tu idea es que los autos electricos van a dominar el futuro, y, es la empresa que anda con más ventaja. Y después hay algunas que venden autos electricos a pérdida que ni se que onda.

Infographic [https://www.visualcapitalist.com/charted-teslas-unrivaled-profit-margins/](https://www.visualcapitalist.com/charted-teslas-unrivaled-profit-margins/)",BNeutral,merval,1,2023-11-10 04:36:47,t1_k8jpvbj,t3_17rj1fp,comment
k8kh3bh,"Eh?  
Musk es el dueño de Tesla hace como 20 años, y la compro cuando tenía menos de 1 año, de que hablas?",--Quartz--,merval,1,2023-11-09 19:51:53,t1_k8k0q6j,t3_17rj1fp,comment
k8kn628,hermoso falopa,Long_Awareness9333,merval,1,2023-11-09 20:32:41,t1_k8k0q6j,t3_17rj1fp,comment
k9knfzx,Compramos?,Outrageous-Builder31,merval,1,2023-11-16 21:07:04,t1_k9khmj9,t3_17rj1fp,comment
k9qm1kc,">estamos ante un problema de exceso de población por alta natalidad

No",VenecoArgentino,merval,1,2023-11-18 03:46:08,t1_k9qi1mr,t3_17rj1fp,comment
k8mqksj,¿Cuantos pegecoins perdimos ese día compañero?,Ju_Vicious,merval,3,2023-11-10 08:03:37,t1_k8mpddl,t3_17rj1fp,comment
k9z2o7i,que digo,[deleted],merval,1,2023-11-20 00:21:01,t1_k8n44b7,t3_17rj1fp,comment
k8kpqpz,"No leiste nunca ""trading in the shadow of the smart money""?",Designer-Bluejay-683,merval,-2,2023-11-09 20:50:19,t1_k8jurub,t3_17rj1fp,comment
k8ltd9u,Lo Simpsons lo predijeron,Top_Zip9671,merval,2,2023-11-10 01:35:04,t1_k8ll2wd,t3_17rj1fp,comment
k8jt4v3,"Ah ahora entiendo, gracias",Jornelmore123,merval,5,2023-11-09 17:25:01,t1_k8jr1pj,t3_17rj1fp,comment
k8k7x0k,Podríamos decir que los simpsons lo predijeron?,Jornelmore123,merval,11,2023-11-09 18:53:45,t1_k8k0e3c,t3_17rj1fp,comment
k8q420y,">como posicionar finalmente los autos eléctricos

El problema de los tech boys como vos es que no sabes una poronga de tecnología, viene un otario como elon y le chupas la pija. Toyota viene vendiendo autos electricos mucho antes que elon supiera donde esta el clitoris. El servicio satelital de internet es una pija y antes que estuviera elon ya se habian tirado 100 mil satelites.   

El autopilot de los autos tesla se apaga cuando detecta que está a punto de colisionar para que no lo puedas demandar. Y los tontitos como vos los compran y, si hay un poco de suerte, se mueren.",ZurditoBagley,merval,5,2023-11-10 22:05:26,t1_k8o73wc,t3_17rj1fp,comment
k8qc21v,"Me hacen mucha gracia los downvotes en un subreddit relacionado al mercado , solo en Argentina podria pasar algo así.",alefdc,merval,2,2023-11-10 23:05:03,t1_k8o73wc,t3_17rj1fp,comment
k8kh7mh,">con darle una mirada a su Twitter ya podes sacar tus propias conclusiones

No se que tendra que ver lo bien que le va con Twitter con lo que dije ( que de hecho dije que el tipo no  es ningun santo ).

Pero bueno seguro que sos re imparcial y no tenes ningun tipo de interes politico en esto, no sos ni de derecha ni de izquierda ni te tragas los cuentos que tiene la izquierda internacional contra Elon ( que no es ningun santo pero de alli a demonizarlo hay un trecho ),  echemos una miradita a tu historial. A ver, anti libertario, anti derecha, usuario de republica peronia, peronista acerrimo, anti macrista.

AH bueno, retiro lo de que sos imparcial.

>Creo que vos tampoco entendiste lo que quiso decir el de arriba

Edito ya que estoy bloqueado.

Si lo entendi. Elon = Mal empresario.

El me respondio a mi, yo no dije absolutamente nada acerca de si Elon es o no buen empresario o si le va bien en twitter o no.

> Che este es un sub para todo publico, puede haber niños, deja de chuparle la pija a elon enfrente de todos  


Leiste la parte donde digo que el tipo no es ningun santo y no tiene ninguna intención de mejorar el mundo ? Oh solo te quedaste con que no me gusta participar en los dos minutos de odio contra el y quejarme de hasta porque toma agua ?",ProjectAioros,merval,-5,2023-11-09 19:52:39,t1_k8k1ius,t3_17rj1fp,comment
k8q4e53,"Es un tipo que compro el derecho a los fundadores de paypal para poder decir que fue ""fundador"". Se entiende? El tipo no solo compro la empresa, compro el titulo de ""fundador"". Asi de patético es el loco.",ZurditoBagley,merval,3,2023-11-10 22:07:54,t1_k8ls0sa,t3_17rj1fp,comment
k8ke4bi,No existe tal cosa como la mala publicidad.,zlatanKress,merval,-2,2023-11-09 19:32:35,t1_k8k1dnm,t3_17rj1fp,comment
k8q068t,Gracias por participar igualmente,dinovfx,merval,2,2023-11-10 21:37:08,t1_k8ovfh8,t3_17rj1fp,comment
k8l1yl7,Hace 10 meses paso eso…,CoupleOfBitches,merval,2,2023-11-09 22:15:13,t1_k8l0api,t3_17rj1fp,comment
k8m17po,"Soros un zurdo de recontra mil mierda con $ que anda detrás de toda campaña imbécil desde LGBT+, aborto, feminismo o porque sé creen que salieron todos esos boludachos al mismo momento desde hace un par de años. No lo hacen gratis precisamente más allá de sus pseudo ideologías boludas de hippies tragando humo de la quema de falopa......",Dismal-Challenge-736,merval,-1,2023-11-10 02:49:08,t1_k8l0api,t3_17rj1fp,comment
k8kzxxh,"Como pusieron antes, Twitter ya era una mierda antes. Ahora sigue siendo la misma mierda, pero sin zurdos en el poder",HotPingo,merval,3,2023-11-09 22:01:08,t1_k8kzmd5,t3_17rj1fp,comment
k8lpiiz,Pero taringa era god,Topo_anarquista,merval,1,2023-11-10 01:03:00,t1_k8kzmd5,t3_17rj1fp,comment
k8yntz1,Coincido con todo,HotPingo,merval,1,2023-11-12 16:01:11,t1_k8yhvdu,t3_17rj1fp,comment
k8lgbr3,"Por eso mismo, más allá del financiamiento los ingenieros y técnicos encargados del desarrollo de los autos eléctricos en Tesla son los que le dieron vida a la empresa, hasta que tarde o temprano le agarra la esquizofrenia y sale con el cybertruck que, en sus propias palabras, está poniendo en peligro el futuro de la empresa.",RodLawyerr,merval,0,2023-11-09 23:54:13,t1_k8kh3bh,t3_17rj1fp,comment
k8ms9s8,Y como 800 USD que para mí era montón de ahorro con un trabajo choto 🥲,LocksmithEven4085,merval,9,2023-11-10 08:23:43,t1_k8mqksj,t3_17rj1fp,comment
k8l1zyz,Yo soy el smart money y eso no es asi,CoupleOfBitches,merval,15,2023-11-09 22:15:29,t1_k8kpqpz,t3_17rj1fp,comment
k8lgs8s,Convengamos que SMC en acciones....................,Powerful-Studio-8255,merval,2,2023-11-09 23:57:25,t1_k8kpqpz,t3_17rj1fp,comment
k8k9qfz,El Homeromovil tenía gracia al menos (?,RodLawyerr,merval,14,2023-11-09 19:04:59,t1_k8k7x0k,t3_17rj1fp,comment
k8qbuk3,"Ja ja ja ja . 
Si Contame otro chiste. Que auto eléctrico vende Toyota ? Ninguno , solo híbridos. 
El autopilot claro que no es perfecto pero es mejor que el de todos los demás autos , de marcas que tienen 100 años fabricando autos y que si no los presionará un competidor como Tesla seguirían en la misma , el tipo te le pego un cachetazo a la industria automotriz y aeroespacial. 
Viste alguna vez el mapa de superchargers ? 

El servicio satelital lo probaste ? 

Conozco varias personas que lo tienen en casas de fin de semana y les anda perfecto , hicimos conferencias ven Netflix todo normal ,  y no es caro (para países normales donde la gente gana sueldos normales) 

Podes decir un montón de cosas de Musk pero el tipo genera empresas innovadoras a velocidades completamente diferentes arriesgando y con niveles de éxito a niveles nunca vistos. 

Anda a leer un poco salame antes de decir sandeces sin fundamento.",alefdc,merval,-2,2023-11-10 23:03:28,t1_k8q420y,t3_17rj1fp,comment
k8l6qgd, Creo que vos tampoco entendiste lo que quiso decir el de arriba,Aleibanez07,merval,3,2023-11-09 22:47:50,t1_k8kh7mh,t3_17rj1fp,comment
k8mt8xe,"Che este es un sub para todo publico, puede haber niños, deja de chuparle la pija a elon enfrente de todos",gonzalooud,merval,2,2023-11-10 08:34:54,t1_k8kh7mh,t3_17rj1fp,comment
k8qcyqb,"Si , compro una startup y la convirtió en una empresa, apostó todo lo que había ganado vendiendo PayPal y laburo como enfermo desquiciado para convertirla en lo que es hoy. Gente con ideas esta repleto , llevarlas a la escala global muy pocos. No soy fan de Elon Musk porque es un chabon medio desquiciado pero decir que es un oportunista o un tarado o cosas así es al menos ridiculo.",alefdc,merval,1,2023-11-10 23:12:01,t1_k8q4e53,t3_17rj1fp,comment
k8kfith,"Yo no puedo creer que realmente uses esa frase tan falopa que aplica a cosas MUY especificas para justificar que un empresario dinamite relaciones públicas por hacerse el pendeviejo memero ""edgy"" en una red social que mandó a la ruina. Fijate en cuanto está valuado ahora ""X, former twitter"" comparado con su valor de compra original y fijate cuántos sponsors perdió hasta el momento, y ni hablar de Sony y otras plataformas sacando la aplicación de los dispositivos directamente.",RodLawyerr,merval,5,2023-11-09 19:41:38,t1_k8ke4bi,t3_17rj1fp,comment
k8nche6,El menos esquizo de la alt-right,GrumpyMiddleAgeMan,merval,2,2023-11-10 11:19:29,t1_k8m17po,t3_17rj1fp,comment
k8mtby6,que picardia!!,Agile_Veterinarian60,merval,2,2023-11-10 08:35:51,t1_k8lpiiz,t3_17rj1fp,comment
k8liehe,"Todos esos equipos, la visión, la estrategia, los armo Musk en gran parte. No escuché jamás a nadie discutirle eso.  
El tipo tiene un talento para armar equipos, motivar y romper fronteras.  
Hizo PayPal, Tesla, SpaceX!! Cohetes que aterrizan de vuelta chabón!! Starlink, tantas cosas...   
Más vale que son empresas con cientos y miles de personas que aportan con roles clave, pero no podes ser tan anti-alguien como para pensar que es pura casualidad que el tipo este en la intersección de tantas.  

Y miles de 4s de copas como nosotros tienen la caradurez de decir que el tipo es un pelotudo, o un inútil, etc etc ...   porque memea, o les cae mal o algo que intenta no funciona.  
Por favor, pelotudeces no.",--Quartz--,merval,2,2023-11-10 00:08:59,t1_k8lgbr3,t3_17rj1fp,comment
k8mvfq5,Que chino hdp toda se la llevo,NoCInvertir,merval,3,2023-11-10 08:58:05,t1_k8ms9s8,t3_17rj1fp,comment
k8l5q42,"Si, se te nota.",Aleibanez07,merval,3,2023-11-09 22:40:56,t1_k8l1zyz,t3_17rj1fp,comment
k8qcij6,">de marcas que tienen 100 años fabricando autos y que si no los presionará un competidor como Tesla

Sabes quien invento el auto con motor a explosión? Mercedes Benz. El freno ABS? Mercedes Benz. El airbag? Mercedes Benz.    

Mercedes Benz viene hace decadas trabajando en un piloto automático, sabes porque no venden sus autos con ese piloto automático? Porque no esta en condiciones de operar en la calle (igual que el de tesla) pero los alemanes, primero tienen etica y responsabilidad, segundo los compradores de Mercedes Benz no son unos otarios come mierda.   

Anda a viajar en el hyperloop, otario.",ZurditoBagley,merval,3,2023-11-10 23:08:32,t1_k8qbuk3,t3_17rj1fp,comment
k8krrmf,Yo no justifiqué nada. Estás hablando de Elon en Reddit. Se cumple lo que él quiere jaja por eso no existe la mala publicidad. Salu2,zlatanKress,merval,-1,2023-11-09 21:04:25,t1_k8kfith,t3_17rj1fp,comment
k8nx9pa,A eso me refiero a que Twitter parece un foro alt-right genérico.,HerniGC1999,merval,1,2023-11-10 13:33:32,t1_k8nche6,t3_17rj1fp,comment
k8pvei3,"No lo digo yo solo, y no tiene nada de teoría loca, no dije que es un ET ni nada raro....",Dismal-Challenge-736,merval,1,2023-11-10 21:02:41,t1_k8nche6,t3_17rj1fp,comment
k8lpq7c,"Jajaja como mucho le doy el mérito de haber tenido la iniciativa de comenzar proyectos importantes como SpaceX pero déjate de joder, casi lleva a la ruina a PayPal y safaron porque le metieron una patada en el toor antes de que empiece con su obsesión de ponerle ""X"" a todo, no es nada nuevo solo que ahora tiene el poder de intentar hacerlo con Twitter, aunque sin mucho éxito. Después te aseguro que hay infinidad de profesionales que trabajaron con él y reniegan de lo narcisista y egocéntrico que es el chabon al momento de tomar decisiones y por eso mismo es una batalla constante, como cuando quiso que los cohetes de SpaceX terminarán en punta como referencia a la película ""El dictador"", y no es un rumor no nada, literalmente lo volvió a admitir en el podcast con Joe Rogan. Y ni hablar cuando tenían que apagar las señales sonoras de retroceso de los montacargas en Tesla porque consideraba que no eran necesarios y eran molestos o cuando amenazó con despedir de Twitter a quienes no se pasen la noche laburando horas extras para terminar proyectos. Y ni hablar de que ahora se creó un echo chamber en Twitter rodeado de los personajes más nefastos de la derecha estadounidense como Tucker Carlson y posteando constantemente forradas transfobicas y miles de otras cuestiones, asi q no me vengas con la pelotudez de q la gente lo odia solo porque ""memea"". Entra a CUALQUIER post actual de Twitter en su cuenta y decime si no te da vergüenza ajena la cantidad de bots y chupaculos alabandolo con memes y dándole la razón en todo, como la brillante idea de hacer una IA que ""es graciosa"", te das cuenta no? Porqué hace unos meses pedía que se detenga COMPLETAMENTE el desarrollo de IAs... Para ponerse al día y currar de la forma más estúpida con la tecnología se IA.

La gente lo odia porque es un imbecil en muchísimos aspectos, te puedo enumerar unas cuantas como su excusa de que hay riesgos de baja población para justificar la cantidad de hijos tirados que tiene por ahí, o su campaña constante anti trans porque una de sus hijas es trans y no quiere saber absolutamente nada con él. 

Así que no, no me cae mal porque roba memes.",RodLawyerr,merval,1,2023-11-10 01:04:43,t1_k8liehe,t3_17rj1fp,comment
k8mwjro,Hasta donde sabia ese coreano estaba re guardado porque lo estaban buscando para finarlo.,EichHache,merval,2,2023-11-10 09:09:13,t1_k8mvfq5,t3_17rj1fp,comment
k8oc4cm,Y vos de donde saliste salame?,CoupleOfBitches,merval,4,2023-11-10 15:03:15,t1_k8l5q42,t3_17rj1fp,comment
k8moy6t,"Y todo bien con que les parezca un hijo de puta y lo odien, lo que me parece una burrada increíble es por eso discutir su capacidad o inteligencia para los negocios.",--Quartz--,merval,3,2023-11-10 07:43:35,t1_k8lpq7c,t3_17rj1fp,comment
k8mafuj,">casi lleva a la ruina a PayPal y safaron porque le metieron una patada en el toor antes de que empiece con su obsesión de ponerle ""X""

Tenes la historia al reves, la primer compañia (va, segunda, la primera era la del zip) de elon musk era justamente llamada ""X"" y la mergeo con otra empresa que era la dueña de Paypal. Después de sacarlo a Musk mientras estaba de vacaciones, le cambiaron el nombre a Paypal [https://en.wikipedia.org/wiki/X.com\_(bank)](https://en.wikipedia.org/wiki/X.com_(bank))  


Sobre si manejaba bien o mal X, ni idea, pero a lo que apunto es que fue al reves el tema del cambio de nombre.",BNeutral,merval,2,2023-11-10 04:32:16,t1_k8lpq7c,t3_17rj1fp,comment
k8mzcib,"Y mira no sé si realmente se la robó el fundador pero si es verdad que hubo movidas para empezar el depeg que si lo haces en un mercado de capitales regulado vas re preso.


A partir de ahí solo invierto en acciones tradicionales que por lo menos la empresa tiene algún fierro, edificio, empleados...",LocksmithEven4085,merval,3,2023-11-10 09:35:23,t1_k8mwjro,t3_17rj1fp,comment
k8vsxgb,"Bueno ves? Vuelvo a esto porque no puedo dejar de insistir con que ser un buen empresario no es suficiente para justificar a una persona siendo tan hija de re mil yutas. Me cuesta muchísimo darle méritos a una persona tan forra

https://www.reddit.com/r/facepalm/s/wc8dpQPnNM

Por eso todo bien con tu comentario de que muchos ""4 de copas"" lo odian solo porque memea o es excéntrico... Si realmente no ves lo forro e hijo de puta que es Elon Musk estás completamente ciego.",RodLawyerr,merval,0,2023-11-12 00:27:34,t1_k8moy6t,t3_17rj1fp,comment
k8mprnn,"Ahh si eso si, lo mismo con Bezos y todos esos engendros que se olvidaron como ser humano.",RodLawyerr,merval,1,2023-11-10 07:53:44,t1_k8moy6t,t3_17rj1fp,comment
k8mpnwj,Gracias por la corrección,RodLawyerr,merval,1,2023-11-10 07:52:26,t1_k8mafuj,t3_17rj1fp,comment
k8xikjt,"Y pero eso es un bloqueo tuyo.  
Que alguien sea un hijo de puta hará que no puedas admirarlo, seguro, pero negar que es bueno en algo porque sea un mal tipo es una pelotudez.  
Esta lleno de hijos de puta que son cracks en alguna cosa, y negarlo por alguna regla interna tuya me parece caprichoso.   

Los artistas son el ejemplo más fácil. Muchísimos son tremendos desastres como personas y unos hijos de puta con los que tienen cerca, pero super talentosos y aportaron al mundo (de los que no los tenemos cerca sobre todo) cosas muy valiosas.   

O vos tenés que saber si cada persona trata bien a sus hijos o le paga bien a los empleados antes de saber si podes elogiar que bien le pega a la pelota?",--Quartz--,merval,0,2023-11-12 11:33:38,t1_k8vsxgb,t3_17rj1fp,comment
k8yi0vj,"La diferencia es que él es dueño de Twitter y lo usa constantemente para ventilar todas las cosas que te estoy mencionando. Vos usas Twitter? Lo seguís a Elon? Porque aunque no lo sigas ya te habrás dado cuenta que el algoritmo te lo hace fumartelo en pipa, como si constantemente quisiera que todos vieran lo ""capo"" que es. Por eso mismo no me importaría si todo eso lo dejara en su vida privada pero claramente su narcisismo no se lo permite. Dale una miradita a cómo viene defenestrando al ChatGPT para promocionar Grok. Da vergüenza ajena.",RodLawyerr,merval,0,2023-11-12 15:26:11,t1_k8xikjt,t3_17rj1fp,comment
ka1589l,Mis amigos me llamaron loco cuando me endeude hasta el **** para comprar ... Mañana vendo todo,AlbondigadelSur,merval,61,2023-11-20 13:19:39,t3_17zqvku,t3_17zqvku,comment
ka0xied,Hermosa mañana verdad,[deleted],merval,33,2023-11-20 12:26:55,t3_17zqvku,t3_17zqvku,comment
ka1o49k,Gente vale la pena comprar ahora o el tren de la mervaleta ya pasó?,rspinosa,merval,10,2023-11-20 15:17:24,t3_17zqvku,t3_17zqvku,comment
ka0zwsn,No entiendo nada,Nombre_astuto,merval,11,2023-11-20 12:43:32,t3_17zqvku,t3_17zqvku,comment
ka174d9,se recuperaran los bonos?,plantul,merval,2,2023-11-20 13:31:54,t3_17zqvku,t3_17zqvku,comment
ka15mgn,Entiendo poco de finanzas e inversiones ¿Debo tomar esos aumentos en pesos como un indicador de cuánto se va a devalar el peso en las próximas semanas?,[deleted],merval,4,2023-11-20 13:22:15,t3_17zqvku,t3_17zqvku,comment
ka38v7f,"Holy shit. I totally lost the pump. I changed all my pesos for dollars last week. I hope that tomorrow the official parallel dollar will go up, otherwise I will be bankrupt",Tinchixmza,merval,-5,2023-11-20 21:16:51,t3_17zqvku,t3_17zqvku,comment
ka2jhmf,Mañana se pone menos 40% todo jajajajaja...todos los guasos desesperados tratando de vender jajajaja 😂,rusocba,merval,-4,2023-11-20 18:30:39,t3_17zqvku,t3_17zqvku,comment
ka2wh2p,"look at $zvsa . Great thing to anounce in 2024 abouyt kidney dicease and diabetes treatments. Today is at $0.07 , 2024 coud be around $ 20.",Pirate_Trader,merval,-7,2023-11-20 19:52:29,t3_17zqvku,t3_17zqvku,comment
ka1cnmg,"Perdón, qué página web es esta?",The__Philosopher_,merval,1,2023-11-20 14:06:40,t3_17zqvku,t3_17zqvku,comment
ka3czmr,y todo x un twitt? o hay algo mas? que lectura hacen?,[deleted],merval,1,2023-11-20 21:45:30,t3_17zqvku,t3_17zqvku,comment
ka3n3t4,Que pagina es el grafico?,Fezequiel282,merval,1,2023-11-20 22:54:59,t3_17zqvku,t3_17zqvku,comment
ka15u1m,Vas directo al MEP? No está algo caro hoy?,[deleted],merval,9,2023-11-20 13:23:36,t1_ka1589l,t3_17zqvku,comment
ka1e6ii,"Tene en cuanta que son gannancias irrealizadas, hasta que no vendas y tengas la plata en mano, y en moneda dura, no me parece que sea sensato festejar",simonbleu,merval,11,2023-11-20 14:16:13,t1_ka1589l,t3_17zqvku,comment
ka0y7b2,"Prepara el cinturón para mañana con el MERVAL.

Nos vamos a Alfa Centauri",FideosDelaNonna,merval,30,2023-11-20 12:31:45,t1_ka0xied,t3_17zqvku,comment
ka1o88w,Tarde para entrar. Espera a una corrección,FideosDelaNonna,merval,24,2023-11-20 15:18:06,t1_ka1o49k,t3_17zqvku,comment
ka21fmv,[deleted],[deleted],merval,7,2023-11-20 16:39:23,t1_ka1o49k,t3_17zqvku,comment
ka1solr,"like deserve squash vanish possessive cobweb absurd makeshift plants market

 *This post was mass deleted and anonymized with [Redact](https://redact.dev)*",JoaGamo,merval,14,2023-11-20 15:45:24,t1_ka0zwsn,t3_17zqvku,comment
ka15uyf,No,ZurditoBagley,merval,9,2023-11-20 13:23:46,t1_ka15mgn,t3_17zqvku,comment
ka3j14i,"No, el mercado opina del dólar en los [contratos de futuros](https://www.matbarofex.com.ar/). El viernes el mercado pre-elecciones opinaba esto: Noviembre lo ven a 370, Diciembre a 667, Enero 770. Si lo que dice infobae es verdad ([link](https://www.infobae.com/economia/2023/11/20/expectativa-por-nuevas-medidas-no-habra-nueva-devaluacion-pero-se-extendera-el-dolar-especial-para-exportadores/)) estos valores deberian ajustase fuerte mañana.

En la imagen de OP vemos los ADR, que son el equivalente al ""CEDEAR"" en EEUU. Son instrumentos que permite a los que tienen dolares adquirir títulos del merval. Los yanquis salieron a comprar a full ADRs argentinos.

Yo interpreto que cuando el mercado apuesta así de fuerte al Merval, entonces puede pasar q la gente se salga del exterior (venda los CEDEARS) para entrar al Merval (comprando acciones), generando una BAJA del ""dolar cable"". Si la noticia de infobae es verdad (la extencion de la medida de ""dolar fernet"") se suma otro factor para que el CCL no dispare de sus niveles actuales. Puede llegar a caer el CCL.

Todo esto son movimientos basados en noticias. Duran muy poco tiempo y luego el resto del mercado corrige hacia el verdadero consenso en las siguientes ruedas.

PD: Toda esta opinion es con pocos meses de experiencia en el tema.",ArgRic,merval,5,2023-11-20 22:27:28,t1_ka15mgn,t3_17zqvku,comment
ka2lzuf,"Aprovecho y compro más.

Más ahora que ALUA prometió dividendos",FideosDelaNonna,merval,10,2023-11-20 18:46:02,t1_ka2jhmf,t3_17zqvku,comment
ka89p0k,"pero no se trata de eso? vender caro, comprar barato?",Watari97,merval,1,2023-11-21 20:33:36,t1_ka2jhmf,t3_17zqvku,comment
ka1oa9b,Investing,FideosDelaNonna,merval,2,2023-11-20 15:18:26,t1_ka1cnmg,t3_17zqvku,comment
ka3f9x0,https://www.investing.com/equities/argentina-adrs,diyexageh,merval,2,2023-11-20 22:01:32,t1_ka1cnmg,t3_17zqvku,comment
ka3np3m,Lo armas en Investing,FideosDelaNonna,merval,2,2023-11-20 22:58:53,t1_ka3n3t4,t3_17zqvku,comment
ka19kev,"No , voy a ver qué onda mañana pero mi idea es volver a ponerla en otra cosa",AlbondigadelSur,merval,6,2023-11-20 13:47:25,t1_ka15u1m,t3_17zqvku,comment
ka1n65j,ayer me temblaban las piernas en la elección (? ya no me importa nada XD,AlbondigadelSur,merval,5,2023-11-20 15:11:34,t1_ka1e6ii,t3_17zqvku,comment
ka2uyhk,Jajaja hasta la estratósfera y más allá!,Boring_Ad_4547,merval,5,2023-11-20 19:42:46,t1_ka0y7b2,t3_17zqvku,comment
ka1ocnm,Gracias !!!,rspinosa,merval,3,2023-11-20 15:18:51,t1_ka1o88w,t3_17zqvku,comment
ka2a7a3,"Lo mas logico mañana es vender.Bancos creciendo?con la bomba de las leliqs devaluacion en puerta y miseria?

Yo iria a cedears,lo local salvo energeticas se va a hacer pelota",WarrenBofe,merval,3,2023-11-20 17:33:30,t1_ka21fmv,t3_17zqvku,comment
ka1zt3d,Yo me perdí ese tren creyendo que ganaba Massa (voté por Milei) y me quiero filetear las pelotas como si fueran sushi,SpicyNopeRope,merval,19,2023-11-20 16:29:25,t1_ka1solr,t3_17zqvku,comment
ka32adj,"Lo que tengo en bancos lo vendo a la mierda porque no hay porcentaje que me convenza de que no se van a hundir con el quilombo de las leliq.

Pero con ypf que hago? Para mi energía va a subir pase lo que pase pero un aumento del 40% es como para tomar ganancias y esperar una corrección, no es cierto?",Iasus_Faraway,merval,1,2023-11-20 20:30:52,t1_ka1solr,t3_17zqvku,comment
ka16ms9,No dejes pasar la oportunidad de educar a un ignorante que desea entender. Podrías ampliar la respuesta?,[deleted],merval,18,2023-11-20 13:28:47,t1_ka15uyf,t3_17zqvku,comment
ka2rf7m,La única respuesta correcta,Unhappy-Video199,merval,2,2023-11-20 19:20:06,t1_ka2lzuf,t3_17zqvku,comment
ka3bk7a,Vas a ponerla? Je,jE41ZPpNLXbWwP0L91ML,merval,12,2023-11-20 21:35:36,t1_ka19kev,t3_17zqvku,comment
ka29vk5,Seguiste  consejo de youtubers?hay un par que operaban para el Massa entre ellos Clave Burstatil,WarrenBofe,merval,8,2023-11-20 17:31:29,t1_ka1zt3d,t3_17zqvku,comment
ka19hoc,"Solo es una apuesta del mercado a lo que va a hacer milei con las empresas recordá que el dijo que iba a privatizar y lo que sucede es que muchas de las empresas argentinas valen , menos que su propio capital . Por lo mismo , por ejemplo si tomas ypf y la comprarás , la vendes por partes y haces un x2 o 2,5 . Recordá que el precio anterior  de ypf antes de la crisis era otro ( si mal no recuerdo 50usd ) .Entonces muchos quieren comprar y que se venda por eso sube el mercado , como todo lo que acabo de decir es una de las muchas teorías porque puede pasar otras cosas el porque sale a la alza .",AlbondigadelSur,merval,16,2023-11-20 13:46:57,t1_ka16ms9,t3_17zqvku,comment
ka19nka,"Primero que los aumentos son reaccionarios, siempre en momentos de cambios se ve esto, es esperable que suban porque milei es pro mercado pero un 40% es una buena parte de reaccion, ahora solo conviene vender si necesitas la plata ya.
hay que ver como deja el gobierno actual todo y las primeras medidas de milei siendo presidente.
Lo que es seguro que milei siendo un pro mercado extremo en su mandato el S&P Merval suba",SantyDev,merval,5,2023-11-20 13:47:59,t1_ka16ms9,t3_17zqvku,comment
ka2wthw,"Yo me daba con que ganaba Massa. Y sigo mucho a clave. Lo que tengo que admitir es que no dijeron sale Massa, dijeron que convenía si salía Massa y que convenía si salía milei. Igual yo estaba curado de la anterior y espero en usdt",cientoquince,merval,2,2023-11-20 19:54:41,t1_ka29vk5,t3_17zqvku,comment
ka39bkm,"No, para nada, venía siguiendo la evolución de los bonos y stocks durante la semana y estaban bastante estancados y varios a la baja. Así que antes de perder plata (como casi me pasa con la elección de Octubre, que no vendí sino hasta el lunes inmediato) rescaté la plata y dije ""ya fue"". Aparte venía atrasado con el pago de la tarjeta...",SpicyNopeRope,merval,2,2023-11-20 21:20:01,t1_ka29vk5,t3_17zqvku,comment
ka32rir,"Na ,tiraban como que la mejor opcion eran bonos cer.Incluso en un momento cuando bajo el dolar en un vivo tiraban ""que pesada esa cartera en cedears"" y pavadas de ese tipo

El tema es la gente que invierte siguendo a estos pibes ricos que arracaron con plata de papi.Hay que tener una mirada mas neutra de lo que pasa",WarrenBofe,merval,2,2023-11-20 20:34:09,t1_ka2wthw,t3_17zqvku,comment
ka3bs0u,"La realidad es que Argentina esta en un campo minado,esto explota con cualquier candidato.

Estar en pesos en cualquier forma es,era y sera un tiro en el pie.Por lo menos por ahora",WarrenBofe,merval,2,2023-11-20 21:37:06,t1_ka39bkm,t3_17zqvku,comment
ka3v0sb,"Si. Tiraron lo del bono cer cuando estaba el dólar a 1200. Lo ponían como caro. No me parece desacertado.
Y en el último dijeron que si ganaba massa los bancos si ganaba milei las exportadoras.

No quiero ser fan boy pero no quiero dejar de ser objetivo. Obvio hay que tomarlo con pinzas, como cualquier canal",cientoquince,merval,3,2023-11-20 23:47:58,t1_ka32rir,t3_17zqvku,comment
ka3d6ew,"Definitivamente, pero bueno, gajes de la ciudadanía jajajaja. Desgraciadamente cuando perdí mí laburo terminé quemando los pocos dólares que ahorré, los hice rendir por un buen rato pero eventualmente se acaban, y mí sueldo actual me permite llegar con lo justo. Sigo mandando CVs pero está jodido el tema...",SpicyNopeRope,merval,1,2023-11-20 21:46:48,t1_ka3bs0u,t3_17zqvku,comment
kaocz3x,"Porque la mitad de las cosas tiene precios internacionales maestro. Si tu costo de vida es 10 dolares, y en el laburo te pagan 20 dolares, nunca vas a poder tener ninguna de las siguientes cosas: Tecnologia, casa, auto, maquinaria, vacaciones en el exterior, cualquier servicio online o producto digital, y en lineas generales cualquier cosa importada. Si tu objetivo en la vida es meramente subsistir, y bue, ahi si puede que te chupe un huevo, pero hay gente que tiene aspiraciones.

Y por si pensas alguna gilada como ""pero que tal si hacemos por ley que las casas valgan 200 dolares"", y lo que pasa ahi es que haces mierda el negocio, y al mismo tiempo que nadie se calienta en construir más, llega un ricachon local o extranjero y basicamente le regalaste que se compre un barrio entero. También tenes un costo de oportunidad altisimo de gente que tiene que vender su laburo por 2 mangos porque no le permiten venderlo al precio que corresponde, entonces tenes una terrible fuga de talento a otros paises donde les pagan mejor.

En otras palabras mirate una tabla de paises de costo de vida, y vas a ver que en general en los paises de costo de vida alto la gente esta feliz de la vida, y en los de costo de vida bajo todos estan para el traste [https://www.numbeo.com/cost-of-living/rankings\_by\_country.jsp](https://www.numbeo.com/cost-of-living/rankings_by_country.jsp)

Y bueno, después, la real función de dolarizar es dejar la economía estable y eliminar la inflación galopante que tenemos que ha licuado todos los salarios y demás. La segunda función es eliminar la emisión monetaria futura, pero eso no es del todo cierto porque siempre se pueden inventar cosas (zimbabwe emite bonos convertibles sin respaldo que no califican de moneda pero medio que era lo mismo).",BNeutral,merval,66,2023-11-25 05:52:44,t3_183916c,t3_183916c,comment
kan9s9h,"Que tú sueldo se deje de licuar todos los meses si no te aumentan, poder quedarte en una moneda y no tener que estar preocupado, poder invertir y tener un parámetro razonable del retorno, eliminar las distorciones de precios y aumentar la eficiencia. Sigo?

Edit: si ya se que el principal objetivo es parar la máquina, si, la inflación de estados unidos ponele que es un tema pero al 3% la verdad que me estaría chupando bastante un huevo comparado con el 140% que manejamos acá. Y obvio que hay mil cosas mas pero no me voy a poner a escribir la biblia en un comentario de reddit cosa que aparentemente acabo de hacer",KeySurpriseMan,merval,85,2023-11-24 23:25:53,t3_183916c,t3_183916c,comment
kanm1cb,"si llegara a darse el caso de bimonetarismo pero sin que sea algo permanente como en ecuador (la causa seria que por nuestra constitucion no podemos desaparecer al peso), por el amor de dios guardense los USD NO LOS GASTEN (salvo que vean una re oportunidad de comprarse una casa o algo grande), porque la guita de las pritatizaciones no es eterna, post 2001 la gente que tenia el canuto de verdes en el colchon cuadruplico la guita y se salvo, los que lo tenian en el banco terminaron sin nada y algunos se mataron",ramatronico,merval,8,2023-11-25 01:06:37,t3_183916c,t3_183916c,comment
kaotdkq,"No solo la idea de recuperar la moneda, tener tranquilidad y previsibilidad a nivel individual, sino NACIONAL-EMPRESARIAL. Es mas facil/logico invertir, podes hacer los numeros de forma mas facil (tanto a escala nacional como si individualmente te queres poner algun negocio, alquiler, franquicia, etc). NO ES PARA NADA LO MISMO. Seria una cuestion perfecta para el aumento de productividad del pais y finalmente salirnde esta recesion de mas de 1 decada.",Proof-Ad-7832,merval,4,2023-11-25 09:20:32,t3_183916c,t3_183916c,comment
kanab8o,"Se supone que hay lugar para que avancen los sueldos más que la inflación por lo bajos que están, pero aunque se mantenga así lineal, no es lo mismo ahorrar el 10% de un sueldo de 300 que de uno de 600 (sin mencionar que vas a poder ahorrar, cosa que ahora no podes)",throwaway275275275,merval,13,2023-11-24 23:30:09,t3_183916c,t3_183916c,comment
kaqgyh4,Hay gente justificando esto “pero la nafta en Lituania sale esto” si pero el sueldo en ese país no es 600 USD!!! yo pagaría con gusto la nafta y el alquiler lo que sale en Holanda si ganara como mis compañeros holandeses 80K USD al año,ichwill85,merval,3,2023-11-25 16:33:55,t3_183916c,t3_183916c,comment
kan9pwf,Para que el político argentino no use el banco para imprimir cuando no tiene y devalúe su moneda una y otra vez como ha marcado la historia de nuestro país,[deleted],merval,15,2023-11-24 23:25:21,t3_183916c,t3_183916c,comment
kane8ht,un corte de pelo no te va a salir lo mismo que en USA,mikKiske,merval,2,2023-11-25 00:01:35,t3_183916c,t3_183916c,comment
kaowr82,"Que eventualmente el poder adquisitivo suba también, es cierto, se puede sobrevivir DENTRO de Argentina con los pesos como están, pero... A la hora de comprar un boleto aéreo? Una compu importada? Cuesta 2 vidas! No debería ser así.",alcides86,merval,2,2023-11-25 09:57:48,t3_183916c,t3_183916c,comment
kapa6ek,"Lo único bueno que va a salir de esto es la estabilización (si sale bien) de la moneda, con los beneficios que eso conlleva (previsibilidad, sobre todo). 

Hoy el peso prácticamente no sirve como reserva de valor, o sea que medio que no sirve como moneda más que para las transacciones diarias. 

El país no puede renunciar a su soberanía monetaria, la moneda nacional y el BCRA se quedan... Ya se los dijeron desde la Corte Suprema al constitucionalista más desconocido y la sigen. No les entra una bala.",pixidio,merval,2,2023-11-25 11:51:48,t3_183916c,t3_183916c,comment
kanbxk7,[deleted],[deleted],merval,7,2023-11-24 23:43:04,t3_183916c,t3_183916c,comment
kanc0qc,"Yo lo que no entiendo es, si el problema es la alta emisión de pesos, los planes, la corrupción, por qué no arreglan eso, en lugar de hacernos pasar por una hiperinflación que viene por la dolarización, y todos los cambios que vamos a tener que pasar, es como que los argentinos ya estamos cansados.",cori232323,merval,4,2023-11-24 23:43:47,t3_183916c,t3_183916c,comment
kandsl3,"Si hablás del plan de Milei, la única razón legítima para dolarizar es para darle un freno rápido a la inflación.

Recordá que la inflación castiga al consumidor, que pierde poder adquisitivo y capacidad de compra, castiga a la industria, porque le complica el acceso al crédito (la deuda es el motor de crecimiento), y en Argentina es una bola enorme empujada por los pagarés del estado.

Lo que dicen de dolarizar para que no vuelva a haber un político que gaste más del presupuesto, evitar el clientelismo o cosas similares, es todo propaganda que se comparte para hacer más amena la idea (a un pueblo que está cansado de la corrupción y el clientelismo) de dolarizar. Pero ninguna de esas razones son correctas.

El problema de la dolarización de un país como Argentina es que para poder llevarla a cabo hay que endeudarse un montón (casi lo mismo que Alberto y Macri juntos, y de un sólo saque), licuando activos copados junto con pagarés del país que nadie quiere, y bajo la promesa de que un país que no tiene buen historial de pago, pague o te vas a juicio en el exterior. Estás arriesgando un montón para darle una oportunidad a un fallador serial. Y eso es sólo lo económico, después tenés el factor político que le agrega otro grado de riesgo. La verdad dudo mucho que la realicen.",heretique_et_barbare,merval,3,2023-11-24 23:58:06,t3_183916c,t3_183916c,comment
kanaffc,Porque ganas estabilidad. Y tiempo: sabes cuánto tiempo paso pidiendo y actualizando presupuestos en pesos? Negociando cosas que cambian todas las semanas?,33p857,merval,3,2023-11-24 23:31:05,t3_183916c,t3_183916c,comment
kanbzn8,"Bueno creo que al ser una moneda fuerte, podes solucionar grandes problemas en paises como el nuestro.

Podes pedir creditos largos a tazas bajas para comprar un depto o una casa, vuelve la noción de los precios, estabilidad economia, inversiones de capitales y desarrollo.

Generalmente aumenta el costo de vida aumenta mientras mas comodidades y mejor calidad de servicios van surgiendo.

Dado que mucha gente viene a vivir por las oportunidades de trabajo o inversiones de fabricas, plantas, explotación todo eso va creando puestos de trabajo y hace crecer la economia por lo tanto crecen los salarios pero se sinceran los precios con el del p´rimer mundo",Least-Lime9474,merval,1,2023-11-24 23:43:33,t3_183916c,t3_183916c,comment
kanpqzd,"Por lo que leo a la gente solo le interesa ""eliminar"" la inflación. Y lo pongo entre comillas porque siempre va a haber inflación. No sirve de NADA tener la menor cantidad de inflación posible si eso significa que estemos desempleados o que el costo de vida aumente considerablemente. Podemos tener un país con inflación del 3% anual con un sueldo que no llegue a la canasta básica. Si no saben de qué países hablo...GOOGLEEN",Southern-Smell8536,merval,1,2023-11-25 01:38:57,t3_183916c,t3_183916c,comment
kanc7pu,"No soy economista, uso el sentido comun

Al tener salarios bajos en dolares, la calidad de los bienes es muy baja. Por ej en el comida, si la empresa te tiene que aumentar en un 15% (+inflacion +costo), en vez de aumentarte el precio  ellos deciden disminuir la calidad de los costo (no comprar una leche serenisima y si comprar la martona) porq ellos ya saben que no vas a  comprarlo y lo vas a sustituir por un bien inferior
En conclusion, tenes mas calidad de vida

Ademas, dolarizar no te va a aumentar el costo de vida; lo va a acusar es sacar los subsidios. Tomemos los paises limitrofes (uruguay/chile) ellos no estan dolarizados y tienen costos muy altos (para nosotros) pero porque? No tienen los servicios pisados

Ademas si aumenta a 1000 usd en un caso fictisio, si queres viajar al exterior lo vas a hacer sin que te rompan el *. Con 300 usd, no vas a ninguna parte",Unegr0,merval,1,2023-11-24 23:45:23,t3_183916c,t3_183916c,comment
kanlux8,"A ver, no existe empresa que no necesite algo traido de afuera. Todo lo tecnologico, maquinaria, partes de autos, etc. Así el costo de vida es barato porque está o subsidiado o es de calidad pesima. Así ahora mismo todo está atado con alambre y el gobierno hace malabares para que no pagues 1500 de nafta.",Pium19,merval,1,2023-11-25 01:05:03,t3_183916c,t3_183916c,comment
kan9a6k,"Pensé lo mismo, solo que para que todo salga barato hay que emitír o pedir plata prestada, eso en algún momento se termina.",Excellent-Royal-3269,merval,-1,2023-11-24 23:21:52,t3_183916c,t3_183916c,comment
kanbdat,Se nota que no tenes idea de economía. Una cosa no tiene que ver con la otra. Si querés que el costo de vida baje abrís la importación y traes bondiola de Brasil como hacía Cristina. No tiene relación directa el sueldo con el costo de vida.,[deleted],merval,-1,2023-11-24 23:38:32,t3_183916c,t3_183916c,comment
kang2ab,[deleted],[deleted],merval,-1,2023-11-25 00:16:21,t3_183916c,t3_183916c,comment
kanl5jc,"pensalo asi, Digamos que ahorras 100 pe todos los meses. En un año tendrias 1200 si le aplicamos el 150% de inflacion. El valor descontado la inflacion seria.  
Valor Descontado= Precio original / (1+( tasa de inflacion/100)  


valor Descontado = 1200/(1+(150/100))  
valor Descontado = 480

  
Solo por inflacion ese ahorro de 1200 pasaria a valer 480. Como la inflacion tiende a duplicarse. Asi que imaginate en 2 años.

el dolar tiene una inflacion entre 3 a 8% anual

valor Descontado = 1200/(1+(8/100))  
valor Descontado = 1111.11  
Te permite ahorrar, la dolarizacion y eso te permite organizarte mejor a largo plazo. Y eso genera mas estabilidad a la poblacion y mas a los que no tienen acceso a otras monedas para poder ahorrar.",maquinull,merval,0,2023-11-25 00:58:55,t3_183916c,t3_183916c,comment
kant2kl,"El peso ya perdió tanta confianza en el inconsciente popular que ni haciendo las cosas excelentes va a frenar de devaularse. 
A mí no me parece tan ridículo, pero si muy difícil de aplicar.",vazquezdagama,merval,0,2023-11-25 02:09:04,t3_183916c,t3_183916c,comment
kaooe7n,"El goal es dejar de perder el poder adquisitivo como actualmente sucede.

Al principio va a doler y va a haber un shock, pero a la larga, no. Hasta vas a poder pedir créditos en serio",JohnSundayBigChin,merval,0,2023-11-25 08:21:19,t3_183916c,t3_183916c,comment
kaoqf9b,"El problema es que estos boludos van a dolarizar y el argentino promedio va a aprovechar la oportunidad y van a sacar los dólares del sistema financiero, igual que como paso en el corralito",oficinistarandom,merval,0,2023-11-25 08:46:26,t3_183916c,t3_183916c,comment
kana4jm,Se supone que los argentinos vamos a ser inteligentes y cuando pase eso buscan una opción mejor,Cjav-latam,merval,-3,2023-11-24 23:28:40,t3_183916c,t3_183916c,comment
kana7fu,"sera porque ese es el precio real para nuestra zona del continente, argentina vive en una burbuja gracias a los subsidios y el estado intervenido, pero parte de crecer y tener un boom de crecimiento se da justamente por nivelarse a su posición global (que no creo que sea coincidencia considerando el PIB bruto que tiene en relación a su producción, chile era barato en los 90s, hoy en dia compite en algunos valores con españa pese a tener 1/3 de su PBI)",rivz1995,merval,-1,2023-11-24 23:29:19,t3_183916c,t3_183916c,comment
kaoiziu,">¿Cuál es el sentido de dolarizar si el costo de vida va a subir?

No tengo idea, pregúntale a los votantes de lion.",Any-Profession-5005,merval,-1,2023-11-25 07:11:57,t3_183916c,t3_183916c,comment
kaoqa1f,"No estoy de acuerdo con la dolarización, es una herramienta para ponerle un freno a la emisión, pero no me parece la mejor.
Por otro lado si avanza y funciona a la larga los sueldos argentinos deberían acomodarse a niveles pre pandemia al menos, indefectiblemente los sueldos de trabajar afuera cada vez van a ser menos atractivos si esto pasa y el costo de vida va a subir.
Espero no a niveles chilenos.",No_Cold5079,merval,1,2023-11-25 08:44:41,t3_183916c,t3_183916c,comment
kaor3yi,"Tu pregunta no tiene que ver con el dolar, si no con ¿Que sentido tiene crecer la economia, si el coste de vida se mantiene?

A lo que no tengo respuesta pero te puedo asegurar que deberiamos seguir el ritmo de una economia normal, si estamos mejor que hace 200 años, deberiamos estar mejor en 10 años.

Ademas, si nos ponemos a la par de otras economias mundiales, podemos acceder a sus bienes.",OkicardeT,merval,1,2023-11-25 08:54:40,t3_183916c,t3_183916c,comment
kaouh2d,Dolarizando no le provocariamos algo de inflación a estados unidos?,davidh17,merval,1,2023-11-25 09:33:15,t3_183916c,t3_183916c,comment
kaoy2qr,"No sé yo veo alquilarse,casas y autos que ya están a precios internacionales (lpm me quiero ir de la casa de mis viejos)",Zekecraxcker,merval,1,2023-11-25 10:10:44,t3_183916c,t3_183916c,comment
kav874n,"Tranqui, en Patacones vamos a cobrar si no hay dólares",meg_run,merval,1,2023-11-26 15:44:06,t3_183916c,t3_183916c,comment
kayaoum,Quieres probar la hiperinflacion para entenderlo?,Sea-Celery7938,merval,1,2023-11-27 05:35:21,t3_183916c,t3_183916c,comment
kazixyz,"Dejas de perder riqueza, fruto de tu trabajo, en las manos del estado por la inflacion, que de paso da mas estabilidad.",Acrobatic-South-9558,merval,1,2023-11-27 12:54:48,t3_183916c,t3_183916c,comment
kaoqp0z,100% de acuerdo.,UnArgentoPorElMundo,merval,9,2023-11-25 08:49:42,t1_kaocz3x,t3_183916c,comment
kaoy9h5,"Vuelven Patacones y otras cuasimonedas, la gente no entiende que dolarizar no hace nada contra el gasto público, no pueden emitir? No hay drama, acá tenés un patacón, no te gusta? Mala suerte.",UnspeakableHorror,merval,7,2023-11-25 10:12:35,t1_kaocz3x,t3_183916c,comment
kaurpz6,Zimbabwe revirtió la dolarizacion en 2019!!,MusicFantastic3700,merval,1,2023-11-26 14:02:29,t1_kaocz3x,t3_183916c,comment
kana4l8,No vi nada de eso en toda mí vida. Una utopía..,Afraid-Catch7895,merval,37,2023-11-24 23:28:40,t1_kan9s9h,t3_183916c,comment
kaneajo,"Te falto uno de los puntos mas importantes, eliminar la capidad de imprimir lo que se les canta, ahogandonos a inflacion, y mediante ese mecanismo, quitandole al pueblo para darles a los que ellos quieren (planeros, por ejemplo)

Fuera de eso, excelentes tus puntos

EDIT: añadiria tambien lo de equiparar nuestros precios a los globales, cosa de que traer algo de afuera (desde una notebook, hasta un medicamento) no te salga ridiculamente caro",mj_diamond,merval,7,2023-11-25 00:02:02,t1_kan9s9h,t3_183916c,comment
kaok751,">Que tú sueldo se deje de licuar todos los meses si no te aumentan, poder quedarte en una moneda y no tener que estar preocupado, poder invertir y tener un parámetro razonable del retorno, eliminar las distorciones de precios y aumentar la eficiencia. Sigo?

Segui,....., te cuento como funciona, El sueldo no se licua, pero se contrae, el mes que viene, en vez de 1000, te van a ofrecer 900, y de paso te piden que cumplas un par de hs. mas por dia. en un año, quizás, te ofrecen 700, y te piden labores el sabado y parte del domingo, a los 6 meses, te dicen que por la situación del pais te pueden pagar 500,  No te sirve, que lastima, mira tenes 50 personas, con tu nivel (o mas capacitadas) y 500 o mas con menor calificación, que estan dispuestas a trabajar por esa guita (oferta y demanda), te dije 500 porque te conozco, pero en realidad solo puedo pagar 300...... (convertibilidad pura y dura ahora con dolarizacion......) ..",Any-Profession-5005,merval,0,2023-11-25 07:27:36,t1_kan9s9h,t3_183916c,comment
kane6d3,Aumentar la eficiencia mandó jajaj full puberto,mariomolina23,merval,-15,2023-11-25 00:01:06,t1_kan9s9h,t3_183916c,comment
katbrl3,"No podemos desaparecer el peso, pero tenemos 2 pesos, el peso regular y el peso oro.  


Que compitan el dolar y el peso oro, desarmaste la gilada de la constitución (chupamela toda Rosatti).  


No, no vamos a usar peso oro xq es deflacionario y la deflación es igual de mala que la inflación.  


No, algo que esté del lado contrario de algo malo tiene por que ser algo bueno, la economía se trata de equilibrios no de absolutismos.  


Bueno, te explico porque la deflación es mala, al igual que la inflación:  


La inflación te culea xq todo va a estar más caro mañana y tenes que gastar hoy, caga los ahorros, caga las tasas de interés y caga el crédito que es necesario para la sociedad y las empresas. Activos > Dinero  


La deflación te culea xq todo va a estar más barato mañana, para que choto voy a gastar platita hoy si mañana todo va a ser más barato? Invertir no conviene, gastar tampoco, atesoro como dragón mitológico que tiene una montaña de oro y no sabe para qué. Dinero > Activos",ThatAmazingHorse,merval,3,2023-11-26 05:51:37,t1_kanm1cb,t3_183916c,comment
kapea0u,"
>, los que lo tenian en el banco terminaron sin nada y algunos se mataron

Esto es falso, mis casos de estudio de derecho Constitucional 2002 en adelante fueron todos basados en el corralito.

Los que perdieron todo fueron los que corrieron a sacar la guita del banco y aceptaron cualquier cosa.

Los que aguantaron no solo recibieron lo que tenían sino también los intereses por no haber podido usar su dinero en X tiempo.

Si, les llevo 5-10 años como cualquier juicio al estado pero eso de que ""perdieron todo"" es una estupidez.",lordos85,merval,1,2023-11-25 12:22:08,t1_kanm1cb,t3_183916c,comment
katbzze,">la gente que tenia el canuto de verdes en el colchon cuadruplico la guita

En que sentido cuadruplicó? Los USD tiene inflación. Como mucho podés mantener el valor que tenías. La moneda fiat es pésima reserva de valor, los upvotes que te dieron me hicieron lastimarme de lo fuerte que me acabo de facepalmear.",ThatAmazingHorse,merval,0,2023-11-26 05:54:45,t1_kanm1cb,t3_183916c,comment
kancuqu,"Osea si se puede ahorrar pero no vale la pena, ahorras un mes y tu ahorro ya perdió un 10% del valor (si no es más)",pabloivani,merval,7,2023-11-24 23:50:33,t1_kanab8o,t3_183916c,comment
kanh2lb,"Discrepo en un punto. La mayoría de las personas que no pueden ahorrar en Argentina no lo hacen porque les sobra mes al final del sueldo. A los que les pasa al revés, por lo general, siempre encuentran formas de ahorrar y obviamente no en pesos (dólar, cripto, cedears, bienes muebles e inmuebles, etc), salvo las personas mayores que lo único que conocen es el plazo fijo. En definitiva, al que le sobra algo de plata se las rebusca, ojalá fuese más fácil obvio, pero de todas formas todas las monedas Fiat tienen inflación, mínima en el mejor de los casos, pero la tienen. Por eso ahorrar en billetes no sirve, hay que invertir los ahorros.",Billy_AR,merval,2,2023-11-25 00:24:27,t1_kanab8o,t3_183916c,comment
kaqh6n3,"Estamos en LATAM, nunca vas a llegar a ese sueldo con un laburo ""común""",marcelorojas56,merval,1,2023-11-25 16:35:22,t1_kaqgyh4,t3_183916c,comment
kanffmx,"""En los buenos tiempos gente sin profesion estaba haciendo 1000-2000 al mes.""
Me podrás pasar la fuente de dónde obtuviste esa información?

Edito: pregunto porque los datos estadísticos que obtengo de la mejor época de mí vida (mí infancia en los 90) son contradictorios con dicha afirmación y está bueno recabar más datos de fuentes confiables.",Billy_AR,merval,8,2023-11-25 00:11:16,t1_kanbxk7,t3_183916c,comment
kaneo11,"creo que el tema esta en que nadie confia en el peso argentino, tanto extranjeros como argentinos, es mucho mas """"""""""facil"""""""""" dolarizar que eliminar la corrupcion en un pais como argentina",germanxger,merval,3,2023-11-25 00:05:05,t1_kanc0qc,t3_183916c,comment
kao0wi8,"Eh...eh...Ecu... Ecuador?

Efectivamente, no saben lo que piden cuando piden dolarizacion",teteban79,merval,1,2023-11-25 03:27:21,t1_kanpqzd,t3_183916c,comment
kao0tmp,"Dolarizar no va s hacer que te suban el sueldo, muchacho. Más bien todo lo contrario, te lo van a licuar.",teteban79,merval,2,2023-11-25 03:26:29,t1_kanc7pu,t3_183916c,comment
kayqsql,"vas a cobrar menos, los políticos van a seguir robando porque van a seguir manteniendo el poder de asignar partidas presupuestarias, ahora en dólares. La miseria va a aumentar, no te van a matar por unas zapas, porque no vas a tener, te van a matar por un pedazo de pan.  


Lo único que no vas a tener es inflación, pero sí todo el resto.",techn0king,merval,0,2023-11-27 09:06:44,t1_kang2ab,t3_183916c,comment
kayqvpf,"vivís en una nube de pedo.  


Qué créditos va a pedir la gente si el shock va a generar un 50% de desempleo?",techn0king,merval,1,2023-11-27 09:07:38,t1_kaooe7n,t3_183916c,comment
kana7r0,¿A qué te referís?,marcelorojas56,merval,1,2023-11-24 23:29:23,t1_kana4jm,t3_183916c,comment
kaqhakz,"Al revés, la estaríamos absorbiendo, igual que el 90% de los países pero en mayor escala",marcelorojas56,merval,2,2023-11-25 16:36:05,t1_kaouh2d,t3_183916c,comment
kapbqj5,[deleted],[deleted],merval,1,2023-11-25 12:03:36,t1_kaoy2qr,t3_183916c,comment
kap9216,"/r/patacoin is leaking again

Bullish!!!",Diarrea_Cerebral,merval,6,2023-11-25 11:43:09,t1_kaoy9h5,t3_183916c,comment
kaqb3qh,"Ojo que si concentras toda la inflación en una cuasimoneda igual puede ser beneficioso para el ciudadano de a pie, los que lo sufren son los que cobran en eso y/o los que estén obligados a recibirlas según que % reciban, que básicamente se convierten en ciudadanos de segunda",BNeutral,merval,2,2023-11-25 15:56:59,t1_kaoy9h5,t3_183916c,comment
kavgxvw,"Lo correcto sería decir que Zimbabwer intentó y falló en revertir la dolarización en 2019. Duro menos de 1 año. Ahora dicen que para 2025 van a intentar denuevo, veremos si pasa algo o no.",BNeutral,merval,1,2023-11-26 16:36:36,t1_kaurpz6,t3_183916c,comment
kar217j,"Mirá Lieschtestein. El país más rico del mundo. Es un Principado Parlamentario, el príncipe es el poder ejecutivo y el pueblo por democracia directa es el legislativo. El príncipe es liberal libertario, en la Constitución está incluido que pueden dejar de ser un Principado si así lo votan y también que cada pueblo puede independizarse o asociarse a otro país. Claramente todos prefieren seguir siendo libres  juntos 😉",Vegetable_Wolf6194,merval,2,2023-11-25 18:42:51,t1_kana4l8,t3_183916c,comment
kanbudd,Dónde vivís en Narnia?,KeySurpriseMan,merval,-16,2023-11-24 23:42:20,t1_kana4l8,t3_183916c,comment
kaom74j,O sea que el planero no es pueblo? Se murieron dos personas y un boliviano?,[deleted],merval,8,2023-11-25 07:53:29,t1_kaneajo,t3_183916c,comment
kanmrzb,"lip summer squeamish relieved escape vegetable cheerful smart unique bright

 *This post was mass deleted and anonymized with [Redact](https://redact.dev/home)*",random__butterfly,merval,8,2023-11-25 01:13:08,t1_kaneajo,t3_183916c,comment
kaolph5,Ni me voy a gastar en responderte por esta fundamentalmente mal tu manera de entender la dinámica de los sueldos y no te voy a hacer cambiar de opinión. Un saludo,KeySurpriseMan,merval,2,2023-11-25 07:47:13,t1_kaok751,t3_183916c,comment
kapb13a,"Paraaaaaa hermano, que los querés hacer pensar a esos cerebros con embolia láctea. 

Dolarizar y sacar planeros, si no sos un peroncho de cuarta y no te explican sus brillantes ideas porque no las vas a entender.",pixidio,merval,1,2023-11-25 11:58:18,t1_kaok751,t3_183916c,comment
kanp68t,"Literalmente soy licenciado en economía, la alta inflación genera distorcion de precios porque básicamente no entendés cuánto cuesta todo y terminas pagando cualquier cosa lo que hace que vos y los productores asignen recursos de manera ineficiente y perdés productividad

Edito y me extiendo a un ejemplo: si yo ahora me agarras y me decís cuchame, cuánto sale una leche? La verdad que te voy a decir no tengo la más puta idea, vas al chino tenés un precio, en el coto u otro hiper tenes otro, en súper de barrio otro y así vas por la vida sin saber un culo. Vas a estados unidos y todos productos salen aprox lo mismo y la diferencia es mínima y ya es por una cuestión nutricional o de renombre de la marca, pero no te pueden cobrar el doble de lo que sale un litro de leche porque vos lo sabes",KeySurpriseMan,merval,17,2023-11-25 01:33:49,t1_kane6d3,t3_183916c,comment
kaodulx,"Siempre en los post hay uno que es el más pelotudo

En este post ese sos vos",leitoo21,merval,4,2023-11-25 06:04:10,t1_kane6d3,t3_183916c,comment
kanrlge,"En un solo comentario quisiste dejar en ridículo a alguien que... Tiene razón. Que vos no sepas del tema queda más que demostrado y te ganó la soberbia del que habla desde el desconocimiento. Cuando vos tenés una moneda relativamente estable, eso te permite planificar en lugar de adivinar y eso, aumenta tu eficiencia, ya que tus proyecciones se pueden ajustar mucho más a la realidad que cuando no tenes idea del precio/costo que vas a tener de acá a un mes o una semana, incluso de un día para otro en Argentina. Antes de insultar y quedar como un perejil, busca información o preguntá. Hubieras preguntado ""por qué crees que aumenta la eficiencia?"" y hubieses hecho un bien a la comunidad.
O mejor aún, le hubieses argumentado por qué crees vos que el que aumente la eficiencia no te parece que sea cierto.",DecadentSpok,merval,0,2023-11-25 01:55:27,t1_kane6d3,t3_183916c,comment
kavo8t8,"Bueno creo que cualquiera que este en este sub sabe que la deflacion es mala asi que voy a omitir toda esa parte y aparte no me parece que venga al caso.  


En cuando al tema constitucional, va a depender de la cintura del gobierno y de las  ganas o no que tengan el congreso y en otra instancia la corte suprema de avalar o no la medida, personalmente no creo que vaya a pasar. Por lo que sostengo lo que digo en el primer comentario, NO GASTEN LOS USD, USD que entra USD que se tienen que guardar.   


La discucion de dolarizar si o dolarizar no es mas vieja que la injusticia, sin ir mas lejos esta lleno de tapas de diario (sin contar la discucion radial y televisiva) entre el 93' y 02' en las que se habla del tema, no creo que pase porque tambien hay mucha presion de grupos de poder a la que no les conviene, Argentina no es un pais literalmente bananero como Ecuador (vende bananas y cacao, no mucho mas) y mucho menos una isla caribeña que lo unico que ofrece es turismo y alguna exportacion primaria como El Salvador o Panama.",ramatronico,merval,1,2023-11-26 17:20:49,t1_katbrl3,t3_183916c,comment
kar0nk1,"Lo recibieron en dólares como estaba depositado? No conozco a nadie 🤔

Lo de correr a sacar la guita del banco no es cierto porque no estaba permitido. Habilitaban de vez en cuando sacar un poco.

Lo sé porque yo acababa de vender mi depto.para mudarme.  Entró el depósito de dólares el día anterior al corralito 🤦🏻‍♀️ Quedamos en categoría 'grandes ahorristas'. Mientras tuvimos que alquilar durante un año.",Vegetable_Wolf6194,merval,6,2023-11-25 18:34:18,t1_kapea0u,t3_183916c,comment
kavmdwj,"En el sentido que en muy poco tiempo el dolar paso de 1 peso a 4 y despues siguio aumentando hasta lo que tenemos ahora. El impacto real fue justamente a la salida de la convertibilidad en el que el dolar paso directamente a valer 4 pesos aprox. No soy economista pero podes hablarlo con alguien que haya trabajado en esa epoca y te lo puede confirmar, con la misma cantidad de dolares que usabas para comprar 1 de algo despues podias comprar 4, duro poco tiempo pero se pudo. En cambio la gente que tenia pesos se cago comiendo la devaluacion completa.",ramatronico,merval,1,2023-11-26 17:09:39,t1_katbzze,t3_183916c,comment
kand4cl,"Y además ahorras en una moneda que no puede comprar cosas, o sea si podes ahorrar todos los pesos que quieras pero nunca te vas a comprar una casa",throwaway275275275,merval,1,2023-11-24 23:52:41,t1_kancuqu,t3_183916c,comment
kaninbt,"Bueno pero hay que admitir que hicieron bastante esfuerzo para que no puedas ahorrar, o que no puedas escapar del peso. El mep y ccl tienen mil trabas, ni hablar el solidario, las cuevas las llegaron a allanar, y así. Nada que ver lo que sería estar dolarizado, que ahí podes guardar los billetes en un cajón y ya es mejor que tener pesos, después te fijas las maneras mas sofisticadas. OP pregunta sobre las ventajas, ahorrar más fácilmente es una ventaja",throwaway275275275,merval,4,2023-11-25 00:37:30,t1_kanh2lb,t3_183916c,comment
kanpvsw,"Es altamente ineficiente, por qué como la demanda de ahorro (bienes fungibles) es mayor a la demanda de pesos (inversión y capital de trabajo) nos genera un tipo de cambio altísimo",DogWest1061,merval,1,2023-11-25 01:40:08,t1_kanh2lb,t3_183916c,comment
kaqie0e,"Eso lo tengo en claro solamente quería demostrar lo interesante de estos planteos es que siempre se puntualiza en lo mismo:
- respecto a los costos la justificación es “son precios internacionales”
- respecto a los salarios “no podes ganar eso en LATAM” 

Hay valores internacionales o no al final?",ichwill85,merval,5,2023-11-25 16:43:07,t1_kaqh6n3,t3_183916c,comment
kangfr1,"Sueldo asi ganaban choferes de camiones, operarios de maquinaria, etc.",fogalmam,merval,4,2023-11-25 00:19:22,t1_kanffmx,t3_183916c,comment
kaoddas,"RIPTE [https://www.argentina.gob.ar/trabajo/seguridadsocial/ripte](https://www.argentina.gob.ar/trabajo/seguridadsocial/ripte) (si cliqueas el boton de publicación tiene datos desde el 94 el PDF). 900 dolares promedio, para un trabajador en blanco y blabla como explica la pagina. Ajustado por la inflación del dolar de los últimos 30 años da un equivalente de 1800 dolares.  


Si lo querés hecho en gráfico con esta misma idea del dolar constante, aca tenes, aunque le falta el último año [https://www.reddit.com/media?url=https%3A%2F%2Fi.redd.it%2Fgj14hk78znnb1.png](https://www.reddit.com/media?url=https%3A%2F%2Fi.redd.it%2Fgj14hk78znnb1.png)",BNeutral,merval,3,2023-11-25 05:57:49,t1_kanffmx,t3_183916c,comment
kanfr26,[deleted],[deleted],merval,1,2023-11-25 00:13:52,t1_kanffmx,t3_183916c,comment
kanj96h,"tenía un trabajo no calificado, la mitad de mis compañeros no habían terminado el secundario y la otra mitad tenía antecedentes, ganaba 1800 usd en 2011",kitopizzas,merval,1,2023-11-25 00:42:39,t1_kanffmx,t3_183916c,comment
kanjtff,[deleted],[deleted],merval,1,2023-11-25 00:47:27,t1_kanffmx,t3_183916c,comment
kanmb8c,"si los politicos te roban plata en pesos tambien te pueden robar plata en dolares, durante el 1 a 1 paso eso justamente",ramatronico,merval,5,2023-11-25 01:09:01,t1_kaneo11,t3_183916c,comment
kaoy385,"Más allá de la dolarizacion. Ni siquiera sabemos lo que se viene cuando seguimos repitiendo las mismas recetas tradicionales para bajar la inflación (desempleo y baja de salarios) ¿En serio pensamos que esas medidas no nos van a afectar a nosotros? Suponiendo que a nosotros no nos despiden...el recorte de salarios sí nos afectaría. Y que en la puerta de nuestro laburo haya 500 personas haciendo fila para hacer el mismo trabajo que hacemos nosotros pero por dos mangos, también nos afecta.",Southern-Smell8536,merval,1,2023-11-25 10:10:53,t1_kao0wi8,t3_183916c,comment
kaophyk,"Y entonces como explicas el aumento en dolares de los salarios en ecuador. Aparte en argentina, cuando estas en crisis y el gobierno hace un plan de estabilizacion los [salarios suben](https://x.com/FernandoMarull/status/1725084023381225607?s=20)",Unegr0,merval,-1,2023-11-25 08:35:06,t1_kao0tmp,t3_183916c,comment
kaz8mmr,[deleted],[deleted],merval,1,2023-11-27 11:41:51,t1_kayqsql,t3_183916c,comment
kanbwpc,[deleted],[deleted],merval,3,2023-11-24 23:42:53,t1_kana7r0,t3_183916c,comment
kapcqjy,"Si creo que exagere porque claro no podes comparar Michigan con La Matanza....  
[https://ibb.co/thWQvLp](https://ibb.co/thWQvLp)",Zekecraxcker,merval,1,2023-11-25 12:11:00,t1_kapbqj5,t3_183916c,comment
kap933g,"Here's a sneak peek of /r/PataCoin using the [top posts](https://np.reddit.com/r/PataCoin/top/?sort=top&t=all) of all time!

\#1: [Fritomoneda](https://i.redd.it/whl47sa70rf71.jpg) | [0 comments](https://np.reddit.com/r/PataCoin/comments/oz7sj3/fritomoneda/)  
\#2: [Poder del Patacon](https://np.reddit.com/r/PataCoin/comments/oyirxd/poder_del_patacon/)  
\#3: [r/PataCoin Lounge](https://np.reddit.com/r/PataCoin/comments/oyi8rq/rpatacoin_lounge/)

----
^^I'm ^^a ^^bot, ^^beep ^^boop ^^| ^^Downvote ^^to ^^remove ^^| ^^[Contact](https://www.reddit.com/message/compose/?to=sneakpeekbot) ^^| ^^[Info](https://np.reddit.com/r/sneakpeekbot/) ^^| ^^[Opt-out](https://np.reddit.com/r/sneakpeekbot/comments/o8wk1r/blacklist_ix/) ^^| ^^[GitHub](https://github.com/ghnr/sneakpeekbot)",sneakpeekbot,merval,1,2023-11-25 11:43:23,t1_kap9216,t3_183916c,comment
kawfuu0,"> Lieschtestein

Tampoco podemos extrapolar el estilo de vida de un microestado con el resto del mundo. Tienen 40k de habitantes, nosotros 45 millones. Su pais son 160km^2 , el 75% de CABA",Rocarat,merval,3,2023-11-26 20:10:42,t1_kar217j,t3_183916c,comment
kanc4hj,Lo decía como anhelo.,Afraid-Catch7895,merval,14,2023-11-24 23:44:39,t1_kanbudd,t3_183916c,comment
kapanbl,"No, claramente para los liberfachos no lo es.",pixidio,merval,5,2023-11-25 11:55:24,t1_kaom74j,t3_183916c,comment
kap2eh6,"osea que si un tipo vive de arriba en vez de laburar, cagandose en el resto y robandole al que si labura, a vos no te molesta? pero si te molesta que lo ""discrimine""?

Se te nota lo penorcho de lejos hermano..",mj_diamond,merval,-2,2023-11-25 10:49:19,t1_kaom74j,t3_183916c,comment
kanp0ma,"Esto es un muy buen punto a analizar y creo que no es algo directo

La inflación normalmente se relaciona con la impresión de dinero, pero creo que eso es una simplificación, en realidad el problema es cuando metes más dinero de lo que la economía ""necesita"" para funcionar en el ""nivel"" que está (demanda de dinero)

En este ejemplo que se imprima dinero en usa, no significa que se va a inyectar en la economía argentina en la misma proporción


Por eso es que si ves los niveles de inflación de ecuador a veces es menor que usa (o incluso deflación en algunos periodos)

No soy economista pero nada, quería compartirlo",Correct-Sandwich4982,merval,4,2023-11-25 01:32:25,t1_kanmrzb,t3_183916c,comment
kap2zcc,"Y si, no nos queda otra, decime vos que opcion crees mas viable:

1. Que USA logre bajar su inflación actual del 3,5% anual
2. Que los politicos argentinos dejen de usar la impresora para emparchar todo

Es medio obvio creo..",mj_diamond,merval,5,2023-11-25 10:54:07,t1_kanmrzb,t3_183916c,comment
kanoln9,"Tienen inflación el dolar, pero es incomparable contra el peso prácticamente, que tiene periodos malos y buenos, el peso practicamente casi 80 años que viene en picada en comparación a todas las monedas existentes y no existente ya",chinchulin_artesano,merval,4,2023-11-25 01:28:48,t1_kanmrzb,t3_183916c,comment
kaotk3l,"Jajajajajjaajajaj que grande y que altura para responder, te re bqnco",Proof-Ad-7832,merval,5,2023-11-25 09:22:38,t1_kaolph5,t3_183916c,comment
kaolv1x,"TU ""dinámica es teórica"" la mía practica......",Any-Profession-5005,merval,-1,2023-11-25 07:49:14,t1_kaolph5,t3_183916c,comment
kar0y7f,"Igualmente, voté a Milei. La emisión, el gasto descontrolado y la corrupción deben terminar.

Ya es hora de ser normales.",Vegetable_Wolf6194,merval,1,2023-11-25 18:36:08,t1_kar0nk1,t3_183916c,comment
kayb1an,"El poder de compra bajó, no tiene sentido lo que decís.",ThatAmazingHorse,merval,0,2023-11-27 05:40:07,t1_kavmdwj,t3_183916c,comment
kanj00p,"Claro que si, totalmente de acuerdo, para el ahorrista son todas ventajas el u$d.",Billy_AR,merval,0,2023-11-25 00:40:30,t1_kaninbt,t3_183916c,comment
kanq8x3,"Perdón, no te entendí, qué cosa es extremadamente ineficiente?",Billy_AR,merval,1,2023-11-25 01:43:22,t1_kanpvsw,t3_183916c,comment
kanhvyo,"Ahí goooglie amigo. Encontré que la mediana del ingreso total familiar era 800 pesos convertibles (dólares). O sea que la a mitad de las familias argentinas en 1993 les *ingresaban* 800 dólares o menos.

*Edito por error de autocorrector*",Billy_AR,merval,8,2023-11-25 00:31:11,t1_kanfr26,t3_183916c,comment
kangqsz,"Oye, tranquilo masa (kjj )",[deleted],merval,1,2023-11-25 00:21:48,t1_kanfr26,t3_183916c,comment
kanm5ey,"Como me la perdí esa época, de haber nacido antes ya habría estado trabajando en lugar de seguir en la facu. Arranqué a laburar con Macri y ahí ya estaba todo echo bastante mierda.

Volviendo al tema: Si, ese numero que das esta en linea con el salario promedio de la época (6062 pesucos con un dolar a $4,75 +o-). El problema con el promedio es que no representa a casi nadie. Los datos estadísticos indican que solo los dos deciles mas altos de los asalariados del total de aglomerados urbanos cobraba por encima de 842 u$d, quedando el 80% de los asalariados cobrando por debajo de dicho numero.",Billy_AR,merval,1,2023-11-25 01:07:35,t1_kanj96h,t3_183916c,comment
kanmoa8,"Teniendo en cuenta la inflación del dolar seria como cobrar hoy entre 2000 y 2500 dolares. Tus viejos unos ""privilegiados"", espero estén ambos bien!",Billy_AR,merval,1,2023-11-25 01:12:14,t1_kanjtff,t3_183916c,comment
kaosyfm,"Pasa que por eso hay que reventar el estado. Cuánto más chico el estado, menos kioskos disponibles. Obviamente siempre van a encontrar la forma de robarse algo, pero robarse el 5% de algo muy chico es menos plata que robarse el 1% de algo grande como un elefante hoy.",LocksmithEven4085,merval,2,2023-11-25 09:15:54,t1_kanmb8c,t3_183916c,comment
kayprze,"Además la dolarización no evita que el político te robe... si antes te robaba pesos, ahora te va a robar dólares.",techn0king,merval,2,2023-11-27 08:55:18,t1_kaoy385,t3_183916c,comment
kaoptca,"Que aumento de salarios en Ecuador ?? Una simple búsqueda en Google te muestra que dos salarios promedio de Ecuador apenas si te alcanzan a cubrir la canasta básica y el alquiler. Con suerte

Siento pincharte la nube de pedos

Ese gráfico que pones es una falopa total. Claro, seguramente muestra el sueldo promedio DE LOS QUE TENIAN LA SUERTE DE TENER LABURO, en un contexto de 30% de desocupación. Si normalizas al salario de la mediana y ajustas por desocupación te da una miseria. Ni hablar que ese chistecito se financio con la plata de las privatizaciones y llevo a la bomba del 2001",teteban79,merval,3,2023-11-25 08:38:56,t1_kaophyk,t3_183916c,comment
kazjs70,"El estallido social siempre se intentó remediar a través de la impresión de monedas y la creación de otras monedas.

En este contexto, vamos a tener un gobierno que quiere evitar el estallido social sin moneda propia, pero la implementación va a estar a cargo de gran parte de los mismos dirigentes que en su momento decidieron evitar el estallido social con impresión de moneda.  


No soy optimista",techn0king,merval,1,2023-11-27 13:00:22,t1_kaz8mmr,t3_183916c,comment
kane7pw,"pero que genio!, por que no se me habia ocurrido!, solamente tenia que buscar otro trabajo parecido pero que paguen mas!!! cancelen todo muchachos, ya esta resuelto.",SetSomnus,merval,7,2023-11-25 00:01:24,t1_kanbwpc,t3_183916c,comment
kazu540,Solo digo que existe. Las utopías no.,Vegetable_Wolf6194,merval,0,2023-11-27 14:06:12,t1_kawfuu0,t3_183916c,comment
kasmney,"""Liberfachos"" jajajaja. Con dos neuronas que hagan sinapsis te alcanza para ver lo estúpido que suena.",Castellorizon,merval,1,2023-11-26 01:15:46,t1_kapanbl,t3_183916c,comment
kap41ob,"Nono, acompaño a Bullrich. Era una pregunta objetiva, ""hermano"". Te recuerdo que no somos todos iguales o, si no, peronchos. Sólo me sorprende que parte de tu fundamento en materia económica sea en base a ""planeros"". Bajás mucho el nivel, y con esa respuesta, aún más. Abrazo.",[deleted],merval,6,2023-11-25 11:03:02,t1_kap2eh6,t3_183916c,comment
kanpxgf,"Es como decís. La inflación es la perdida de valor del dinero por sobreoferta de este. Se suele decir que ""la emisión genera inflación"" porque es la manera más común de que haya sobreoferta de dinero, pero puede ser también por otras cosas como perdida de confianza en el gobierno.

También se puede dar el caso contrario. Si un país no emite nada y crece, genera deflación (los precios bajan, el dinero se encarece). Por más que esto suene soñado para los argentinos, es malísimo también, genera que la gente no gaste (porque si hoy compro un kilo, con la misma plata el mes que viene compro más), lo que genera más deflación y se va rompiendo todo.",Greedy_Confection491,merval,3,2023-11-25 01:40:33,t1_kanp0ma,t3_183916c,comment
kap9e26,"Hay soluciones menos drásticas, como que el presidente del BCRA sea elegido por el senado, por ejemplo.",fdf_akd,merval,1,2023-11-25 11:45:44,t1_kap2zcc,t3_183916c,comment
kap12b9,Gracias jajjajajaja,KeySurpriseMan,merval,1,2023-11-25 10:38:00,t1_kaotk3l,t3_183916c,comment
kaopydx,"Yo coincido con vos.. el sueldo en todo caso se contrae, a eso súmale que van a sacar las indemnizaciones por despido, les van a dar todo el poder al privado y nos van a romper bien el orto..  pero bueno ""que pague la casta""",oficinistarandom,merval,2,2023-11-25 08:40:40,t1_kaolv1x,t3_183916c,comment
kaotq4y,"No es practica, es ignorancia pura. Pero mas alla de las boludeces que te pueda decir, espero que Milei haga las cosas bien y te des cuenta de tu falta de saber",Proof-Ad-7832,merval,2,2023-11-25 09:24:35,t1_kaolv1x,t3_183916c,comment
kar6hd0,"Y no, nadie lo recibio en dolares, sin contar que te retuvieron la plata entre 5 a 10 años, un disparate. Si se abre el mercado de USD guardense lo mas posible o bueno hagan lo que les parezca, pero tengan en cuenta que hay un antecedente de algo similar hace 30 años, con el agravante de que ahora hay mucho menos colchon, estamos endeudados hasta la cabeza y va a haber mucha menos plata por las privatizaciones, lo que PARA MI significa que va a durar mucho menos tiempo que lo que duro en los 90'.   


Dudo que tenga apoyo para modificar la constitucion y hacer algo permanente en relacion a la existencia del peso o cualquier moneda nacional, ojala me equivoque, pero lo dudo demasiado.",ramatronico,merval,2,2023-11-25 19:10:28,t1_kar0y7f,t3_183916c,comment
kapevex,Hoy en día el ingreso de una familia de no profesionales rondaría los 500 dólares...con mucha suerte.,lordos85,merval,2,2023-11-25 12:26:22,t1_kanhvyo,t3_183916c,comment
kanlgfg,"800 dólares de 1993. 
Hace el cálculo...",tomycarrillo,merval,3,2023-11-25 01:01:31,t1_kanhvyo,t3_183916c,comment
kaniixt,Podes ver tambien los registros del RIPTE,Vegetable_Addition86,merval,1,2023-11-25 00:36:30,t1_kanhvyo,t3_183916c,comment
kav3urt,Y si te roba el empresario? Claramente achicar le da mas fuerza al privado ergo mas chance de que te cage,ArgentinaCanIntoEuro,merval,1,2023-11-26 15:18:09,t1_kaosyfm,t3_183916c,comment
kaoqmt4,">Dolarizar no va s hacer que te suban el sueldo, muchacho. Más bien todo lo contrario, te lo van a licuar.

Al principio hablaste de que no iban a subir los sueldos y ahora cambias de tema

Una simple busqueda de google te muestra que en 2000 (comienzo de la dolarizacion) el salario era inferior a 90 usd. Te invito a q busques cuanto esta ahora (te queria adjuntar un grafico de 1816 donde lo muestra pero no lo encontre)

>apenas si te alcanzan a cubrir la canasta básica y el alquiler.

Te entiendo, pero ecuador solo dolarizo y se quedo mirando",Unegr0,merval,0,2023-11-25 08:48:58,t1_kaoptca,t3_183916c,comment
kanip70,"En el rubro IT es normal cambiar de laburo cada 2 años, pero es la excepción",Vegetable_Addition86,merval,2,2023-11-25 00:37:56,t1_kane7pw,t3_183916c,comment
kanktrg,"Laburar hace 3 años. Ya pasé por 5 empresas. Todos los cambios los hice por más de la mitad de guita.

Por qué te aferrarías a una empresa para la que sos un número.? 

A menos que seas amigo de gente importante, es más rápido ascender y ganar más cambiando de bando.",Inmo-,merval,0,2023-11-25 00:56:09,t1_kane7pw,t3_183916c,comment
kauigrb,"y cómo le llamarías a un tipo que dice que un pobre no es del pueblo?

El 99% de los argentinos le llamarían facho.",pixidio,merval,2,2023-11-26 13:03:01,t1_kasmney,t3_183916c,comment
kapjz8w,"Si acompañaste a bullrich para PRESIDENTA, sabiendo que no tenia ni puta idea de economia (lo que mas importa hoy) y bancabas al vendehumo de melconian, sos parte del problema

Mi fundamento es simple, la inflación es un mecanismo mediante el cual nos quitan plata a todos (porque los pesos que tenemos en el bolsillo cada vez valen menos) y se la reparten entre ellos o se la dan a quienes quieran (sea punteros, amigos, planeros, etc)

Me vas a romper las pelotas porque si sos complica de ese robo, o peor aun, beneficiario, no te considero parte del pueblo? dejate de joder..

Porque no miras tu ""nivel"" de doble moral primero?",mj_diamond,merval,1,2023-11-25 13:02:19,t1_kap41ob,t3_183916c,comment
kaoqre6,">hoy compro un kilo, con la misma plata el mes que viene compro más), lo que genera más deflación y se va rompiendo todo.

Esto es mentira, porque con el aumento de la eficiencia en la economia, sucede la misma situacion solo que simetricamente opuesta.

Del lado de la produccion (a contexto actual):

Imaginate que estas viendo un bien, por ejemplo, la produccion de remeras en una empresa textil, y con el avance de la tecnologia, cada año el coste de producir se reduce un 1%.

Vos vas a NO PRODUCIR porque el siguiente año te va a salir más barato ?

Del lado del consumo:

Uh, este año sale el Iphone 15, pero el siguiente año sale el 16 y es más barato y con más funciones, voy a esperarme hasta el año XXXX cuando salga el Iphone XXX porque va a ser el mejor de todos.

Se entiende ? Las necesidades no esperan infinitamente en el tiempo, por eso, en algun momento se consume  o produce. No vas a esperar 500 años a comer un asado porque te vas a cagar de hambre.

Lo unico que sucede es que cuando aumentas la base monetaria y la dejas \~ 0% de inflación (el Banco Central Europeo hace algo parecido pero se deja margen del 2 % porque es más facil lidiar con la inflación). Se vuelve a inyectar a la economia.

>lo que genera más deflación y se va rompiendo todo.

Una deflación normal, es lo más natural de la economia, y deberia suceder casi al mismo ritmo que nosotros le damos vuelta y proyectamos en la inflación, por lo que esto no deberia ocurrir a un ritmo acelerado. Acá el unico bardo es que todos aquellos negocios que generen un retorno menor al de la deflación pudieran desaparecer porque es más beneficioso directamente sentarte encima de la plata. Cosa que tambien deberia ser mentira, porque hoy podes invertir en un instrumento que te de 5% anual sobre algun IPC en dolares, y no por eso han dejado de existir negocios que den el mismo ROI.

Ahora si, el problema de la deflación es cuando las causas no son naturales, por ejemplo, en una economia de oro, un barco que cargaba oro se destruyo y ahora tenes un 20% menos de la base monetaria.

Y lo otro es que la economia tome deudas fijas sin tener en cuenta la deflación cosa que termines pagando más intereses porque tu moneda se va apreciando.",OkicardeT,merval,3,2023-11-25 08:50:29,t1_kanpxgf,t3_183916c,comment
kap95q5,"El delirio de la deflación es que existió, si no mal recuerdo, en el período 98/99. No sé porque está tan borrado de la memoria esto.",fdf_akd,merval,3,2023-11-25 11:43:57,t1_kanpxgf,t3_183916c,comment
kapkxsc,"Que lo ponga el senado? vos me estas cargando???? lo unico que lograrias seria una lucha de poderes y sobres para ver a quien meten, para que despues el pobre perejil haga cortocircuito con el plan de milei, eso genere mas incertidumbre, y siga yendose todo a la mierda

Media pila hermano, ser ""menos drastico"" fue lo que intento Cambiemos en 2015, asi nos fue

Si la gente voto a milei, lo correcto es que se ejecute SU PLAN, con las personas que EL ponga a cargo",mj_diamond,merval,4,2023-11-25 13:09:00,t1_kap9e26,t3_183916c,comment
kaqcjup,"claramente el ""que pague la casta"" siempre fue un ""que pague la clase media y baja"" encubierto. el tiempo lo va a dejar en evidencia y la olla va a hervir.",flyermar,merval,1,2023-11-25 16:06:19,t1_kaopydx,t3_183916c,comment
kaotxcg,"Es Practica, miras paja en ojo ajeno, y no la viga en el propio. Tiempo al tiempo, en breve los gimoteos.....",Any-Profession-5005,merval,1,2023-11-25 09:26:56,t1_kaotq4y,t3_183916c,comment
kapjo3a,"Me parece que no te alcanza ni con toda la suerte del mundo. Al segundo trimestre de 2023 el ingreso total familiar medio está en $255k (u$d255 tomando como referencia el dólar blue a $1000). Solamente el decil más alto de los hogares (el 10% de los hogares) tienen un ingreso superior a $500k (u$d500) con un ingreso medio de $717k (u$d717).
Fuente: INDEC
Agradecimientos: A Alberto y Sergio Tomás por hacer más fácil los cálculos.",Billy_AR,merval,1,2023-11-25 13:00:08,t1_kapevex,t3_183916c,comment
kanoem6,Un ingreso de 800 dólares del 93 a día de hoy deberían ser como 1700 para no perder el poder de compra. Entre mi pareja (un trabajo) y yo (con dos trabajos) estamos ganando eso más o menos en pesos a dólar blue. Igual no somos ejemplo de nada.,Billy_AR,merval,2,2023-11-25 01:27:03,t1_kanlgfg,t3_183916c,comment
kav6b8z,"Si te jode podés armar una empresa y competir, si solo querés ser consumidor podés elegir entre distintos prestadores. 

La principal diferencia es que una empresa líder del sector privado vive de su credibilidad y su reputación. El estado puede cagarte 40 veces y ser un mono con navaja y no pasa nada. Por eso en un país con gente bastante cuestionable como el nuestro, me parece mejor que las cosas las manejen los privados.",LocksmithEven4085,merval,0,2023-11-26 15:32:53,t1_kav3urt,t3_183916c,comment
kaorckg,"Me estás diciendo el sueldo de hace 20 años en términos netos

Tenés que ajustarlo por inflación y costo de vida, si no, el número solo no dice absolutamente nada.

Si fuera tan simple y copado los venezolanos emigraron a Ecuador que lo tienen ahí nomás. Pero no, se vienen aca. Por algo será",teteban79,merval,2,2023-11-25 08:57:29,t1_kaoqmt4,t3_183916c,comment
kayr15k,"Donde te pensas que una vendedora de zapatos puede laburar para otra empresa que le pague el doble para vender zapatos?  


soy de IT, nuestro mundo es aparte... no sucede lo mismo en ningún otro rubro.",techn0king,merval,1,2023-11-27 09:09:16,t1_kanktrg,t3_183916c,comment
kaqi0vh,"Perido 98-2002, el problema no fue la deflación, te estabas quedando sin plata y la mitad del país no tenia trabajo.",OkicardeT,merval,2,2023-11-25 16:40:49,t1_kap95q5,t3_183916c,comment
kapzidj,y que chota te parece que pasa cuando el mandato de Milei termine? el punto es que la política monetaria sea estable en el tiempo.,fdf_akd,merval,1,2023-11-25 14:44:30,t1_kapkxsc,t3_183916c,comment
kaoubzw,"Deja de hacerte el martin fierro salamin, que yo en mi vida ando perfecto como contractor laburando barrani para arafue; es mas, me sirve que el kirchnerismo siga cerrando y arruinando el pais ya que me achica mas el costo de vida (ya bajisimo por cierto). Asi que deja de hacerte el poeta y bancate el ""voto pupular"" democratico que dejo bien en claro lo que Quiere y lo que NO quiere para el pais.",Proof-Ad-7832,merval,0,2023-11-25 09:31:37,t1_kaotxcg,t3_183916c,comment
karekev,"Claro, me refería a contar los dos sueldos.",lordos85,merval,1,2023-11-25 20:01:57,t1_kapjo3a,t3_183916c,comment
kanok7g,"Bueno, eso le da la razón al primer comentario",tomycarrillo,merval,1,2023-11-25 01:28:26,t1_kanoem6,t3_183916c,comment
kav6n9c,"Jajajajajajajajaja la tipica.

Sabes adonde existen tus soluciones? En un libro de economia 101 y teoria austriaca. Por que son esos, soluciones miticas no aplicables al mundo real. No pasa en ningun pais del mundo.

Anda a no comprar productos a chevrolet cuando te envenenan el arrollo con quimicos, dale. Armare una automotriz",ArgentinaCanIntoEuro,merval,1,2023-11-26 15:34:52,t1_kav6b8z,t3_183916c,comment
kaovemd,"Ecuador es el 4to pais que recibe mas venezolanos, encima en los ultimos años pusieron trabas a la emigracion por temas de seguridad. Argentina es uno de los ultimos jajaj



>Tenés que ajustarlo por inflación y costo de vida

Aun asi, el salario real aumento",Unegr0,merval,1,2023-11-25 09:43:34,t1_kaorckg,t3_183916c,comment
kb08pag,"Tambien haciendo cherry-picking vas a encontrar de todo.

Por algo hablo de los ascensos, podria buscar una posicion mas alta en otra tienda, supervisando...

Te pensas que IT es tan unico?  Pensas que alguien que estudio Admin de Emrpesas gana lo mismo en una pyme que una Big 4? En serio es lo mismo ser Agente de Trafico en FlyBondi que en AmericanAirlines? Ganan lo mismo un bancario en Banco Patagonia que en la JP Morgan?

No, no en todos lados van a ganar el doble, pero cualquier difenrencia suma, para tus necesidades de la vida, para el CV y para tu carrera profesional.

Media pila, IT no es tan unico.  


EDIT: Ademas capacitarse es gratis. Estan los techos del rubro, y los techos que se pone uno.",Inmo-,merval,1,2023-11-27 15:35:42,t1_kayr15k,t3_183916c,comment
kaq0f88,"Si todo sale bien y la inflación baja/desaparece, lo que deberia pasar es que sigamos como estemos, dolarizados.

Si el gobierno de turno intenta volver todo para atras, ya va a ser muy evidente el porque

PD: la chota metetela en el orto, de donde salen tus ""argumentos""",mj_diamond,merval,5,2023-11-25 14:50:22,t1_kapzidj,t3_183916c,comment
kaoujrj,">Deja de hacerte el martin fierro salamin, que yo en mi vida ando perfecto como contractor laburando barrani para arafue

Laburas para afuera? con ese pobre vocabulario, es dubitativo.-",Any-Profession-5005,merval,4,2023-11-25 09:34:04,t1_kaoubzw,t3_183916c,comment
kanpnpq,"No se, no me parece. Él está hablando del ingreso de una persona particular en un periodo particular, el cual no especificó. No tengo forma de saber si él se refería al salario de esa persona en ese momento o si está actualizado por inflación. Me faltan datos, por eso los pedí. Acá no estoy haciendo juicio de valor, solo estoy pidiendo información.",Billy_AR,merval,2,2023-11-25 01:38:09,t1_kanok7g,t3_183916c,comment
kav78cj,"Vos discutís cosas como si no existieran ya otros países que tienen todo privado. Acá la automotriz te envenena igual, le paga al peroncho de turno de la zona y listo. De hecho acá las automotrices no laburan porque no entran los insumos al país, así que por suerte un problema menos jaja",LocksmithEven4085,merval,1,2023-11-26 15:38:19,t1_kav6n9c,t3_183916c,comment
kayp4km,"No no, es un ""contractor"" laburando ""barrani"" para ""arafue"". Nosotros los mortales no podemos comprender una retorica tan elocuente, esta a otro nivel el man.",chichogp,merval,1,2023-11-27 08:47:54,t1_kaoujrj,t3_183916c,comment
kav7x8g,"Que las cosas se hagan mal aca no es justificativo para hacerlas aun peor, te aviso.

En ningun lado todo es privado, casi todo el mundo son economias mixtas, y los unicos paises con recursos naturales totalmente privados son paises bananeros como el congo que tienen las bolas atadas a la voluntad de las companias mineras.",ArgentinaCanIntoEuro,merval,1,2023-11-26 15:42:27,t1_kav78cj,t3_183916c,comment
kavedlz,"Eso es cierto en casi todo el mundo es así como vos decís, pero en ningún otro lugar del mundo pasan cosas como que el partido de Insaurralde gane en lomas de Zamora. Tenemos que dejar de flashear ser Europa y poder vivir más o menos sin inflación y con trabajo. Después lo demás lo podemos discutir o cada uno puede elegir irse a dónde se le de por las pelotas. Pero date cuenta argentina ya es un país bananero porque los Argentinos somos bananeros",LocksmithEven4085,merval,1,2023-11-26 16:21:17,t1_kav7x8g,t3_183916c,comment
ka8acka,"Pero escuchan lo que votan?

El peluca dijo que va a llevar tiempo sacar el cepo.

No es el mismo cepo que habia con cfk (que macri saco en 1 dia).",PixelatedNoodle,merval,209,2023-11-21 20:38:10,t3_180ukv3,t3_180ukv3,comment
ka88n8x,No hay dólares,Nirvanaarg,merval,60,2023-11-21 20:26:13,t3_180ukv3,t3_180ukv3,comment
ka88l1o,"Lo mismo que se dice siempre, no podés vender dólares si no tenés dólares.

O podés usar una función, y como la cantidad de dólares que tenés para vender es 0 (o negativos), deberías cobrar el precio tendiendo a infinito.",Crypto-S,merval,50,2023-11-21 20:25:47,t3_180ukv3,t3_180ukv3,comment
ka8h8uk,"Amigo, sacas el cepo y el dolar se dispara jajajaja",[deleted],merval,27,2023-11-21 21:27:38,t3_180ukv3,t3_180ukv3,comment
ka8d4qg,"Si sacas el cepo ahora haces un desastre, Milei lo dijo innumerables veces. Primero se arreglan las cuentas",f4ku123,merval,54,2023-11-21 20:57:48,t3_180ukv3,t3_180ukv3,comment
ka8u16n,"Soltar el cepo ahora es como el episodio de los simpson donde un tanque de gases radiactivos estaba por explotar y homero obeso lo tapó con el culo, hay que liberar la presión de a poquito para que no explote todo",Lonely-Ad-4408,merval,11,2023-11-21 22:59:30,t3_180ukv3,t3_180ukv3,comment
ka88usw,"No, al menos no en el corto.. Al menos año año y medio más con esto. Si sacan cepos explota todo. Al menos es lo q da a entender el presidente electo cada vez q explica eso.
Después está en cada uno interpretar lo que elija",her3814,merval,26,2023-11-21 20:27:43,t3_180ukv3,t3_180ukv3,comment
ka8k7cy,">de las mas sencillas en su plataforma

Sencilla en que sentido? Sencilla de prometer, nada más.",Severe_Specialist973,merval,21,2023-11-21 21:48:43,t3_180ukv3,t3_180ukv3,comment
ka8xnek,"Nunca jamás te desprendas de tus dólares (al menos pensando en que el peso se va a apreciar). Entiendo la esperanza o el entusiasmo con Milei pero no seas boludo.

Tenemos tremendo despelote por delante antes de tener una economía normal.",[deleted],merval,9,2023-11-21 23:26:24,t3_180ukv3,t3_180ukv3,comment
ka88tk7,"Ya dijo que este va a ser el orden, y las primeras medidas se aplican en 6 meses",OkicardeT,merval,15,2023-11-21 20:27:28,t3_180ukv3,t3_180ukv3,comment
ka8vkwt,Antes de sacar el cepo tienen que desactivar las LELIQ y estabilizar las variables Macroeconómicas.,SpicyNopeRope,merval,7,2023-11-21 23:10:59,t3_180ukv3,t3_180ukv3,comment
ka8mhnl,"Primero hay que solucionar el tema de las leliq y achicar el estado. Recién ahí se levanta el cepo e inicia el proceso de libre competencia de moneda.

Calculale fácil un año a un año y medio.",NoSoyEseQueDicen,merval,10,2023-11-21 22:05:11,t3_180ukv3,t3_180ukv3,comment
ka8ka9f,no creo que taaan pronto,RataTopin,merval,6,2023-11-21 21:49:17,t3_180ukv3,t3_180ukv3,comment
ka8hjy2,"Quitar el cepo va a demandar tiempo, no es a lo macri que lo saco en un dia, pero sin dudas el dia que suceda.. volveremos a estar abiertos al mundo en terminos de importacion de bienes y servicios",Fezequiel282,merval,8,2023-11-21 21:29:51,t3_180ukv3,t3_180ukv3,comment
ka8h4s1,EHHH???PFFF jajaj se va todo al carajo,WarrenBofe,merval,4,2023-11-21 21:26:50,t3_180ukv3,t3_180ukv3,comment
ka8q5e2,"Primero stock de exportaciones, y despues liberar mercado. Si lo haces hoy, sin dolares el tipo de cambio se va a las nubes...

&#x200B;

A las nubes mas altas q las de ahora.",Creepy_Spread_2074,merval,5,2023-11-21 22:31:32,t3_180ukv3,t3_180ukv3,comment
ka9htcr,"El tipo primero va a tenerse que reunirse con los que la mueven de verdad, luego de eso es que es posible que se quiten todos los cepos. Hacerlo a lo simio es darse un tiro en el pie.",eknito,merval,5,2023-11-22 02:11:16,t3_180ukv3,t3_180ukv3,comment
ka8gfqp,capaz lo amplía un poquito pero no lo puede liberar,krazzor_,merval,6,2023-11-21 21:21:48,t3_180ukv3,t3_180ukv3,comment
ka8ohg6,"Va a tomar tiempo. Soltas el cepo y la inflación se te va a la goma.

Hay que controlar la emisión primero y buena parte del déficit. Al menos dar señales que estas yendo a un estado mas austero en la práctica, achicar el número de tipos de cambio, conseguir financiamiento y soltar gradualmente.

Pensa que hay mucha demanda insatisfecha de dólares y si lo soltas de golpe genera una especie de corrida donde se te puede desbandar en una hiperinflación.",juancn,merval,3,2023-11-21 22:19:36,t3_180ukv3,t3_180ukv3,comment
ka8uuoa,"No capo todo lo contrario, por más que baje en mi opinión es mantener, podés tirarte el riesgo de pasar a pesos, esperar que baje el dólar y volver a comprar, pero su idea es dar libre circulacion al dólar, es decir que poco a poco la economía empieza a verse dólares en las calles, al principio solo en compras grandes como casas o autos, después en compras más chicas, el desprecio al peso en mi opinión va a tender a infinito, es decir que ahorros en dólares sácalos para invertir en última instancia... O cuando salgan las afjp mételo en tu fondo de jubilacion... Pero el peso no me parece buena apuesta, menos con alguien que quiere cerrar el bcra... Ponele que no lo haga, es una apuesta, yo no arriesgaría ahorros ahí...",Antyto2021,merval,3,2023-11-21 23:05:31,t3_180ukv3,t3_180ukv3,comment
ka93qxc,"Mirá, hasta yo que soy un cero bajo cero sé que sería una catástrofe sacar el cepo.",cheezuskraist,merval,3,2023-11-22 00:11:33,t3_180ukv3,t3_180ukv3,comment
kaab73h,"No sé puede levantar el cepo con las cuentas del banco central como están, es un desastre muy grande el que dejan y peor va a ser si lo hacen mal.
El cepo va a estar por lo menos hasta que pongan en cero el déficit fiscal y empieces a escuchar que se viene la.liquidacion del banco central.
Mientras haya banco central vamos a tener cepo si te sirve como señal",emirh92,merval,3,2023-11-22 08:05:12,t3_180ukv3,t3_180ukv3,comment
kab255c,"Hasta que no comiencen a entrar los USD de la cosecha gruesa, abril/mayo 24, no hay chances de levantar el cepo, además del desarme de Leliqs que viene diciendo peluca hace tiempo. 
Lo que veo en estos casi 2 días hábiles post ballotage es que se moderó mucho la expectativa devaluatoria de mediano plazo, el dólar futuro agosto 24 está en 1569, si el mercado todo lo descuenta como dicen y la liberación ya es palabra empeñada, no creo que venga la debacle que muchos pregonan",jp250381,merval,3,2023-11-22 12:02:32,t3_180ukv3,t3_180ukv3,comment
kab3d09,"Flaco, dijo literal que primero hay que estabilizar la economia. Vos entendes algo de lo que está pasando?

Aun con la economia estabilizada, 1000 dolares van a ser mil dolares aca y en la china. Falta demasiado para que: peso > dolar.",BarbaDeMerlin,merval,3,2023-11-22 12:10:49,t3_180ukv3,t3_180ukv3,comment
kabg5t4,"Es mas, fijate a cuanto está el blue ahora 1080? 

Anda a comprarlo. Nadie vende. 

Informan ese precio por que es un mercado cartelizado y tienen la intención de comprar barato. Nada mas. Hasta post devaluación en las cuevas no se vende, no hay precio si no hay oferta de dolares por mas que la demanda tienda la infinito",No_Wealth8633,merval,3,2023-11-22 13:31:47,t3_180ukv3,t3_180ukv3,comment
ka924xr,"No, parece que ahora el cepo es bueno y necesario",Free-Advertising7822,merval,4,2023-11-21 23:59:38,t3_180ukv3,t3_180ukv3,comment
ka8rihu,Imposible a corto plazo.,diyexageh,merval,2,2023-11-21 22:41:22,t3_180ukv3,t3_180ukv3,comment
ka98s1g,"A caso eso no lo dijo Macri?. 

No creo que lo saque sinceramente. Es necesario ya que hay que pagar intereses de la deuda externa, ademas de seguir con la timba financiera. 

Algo me dice que estas fomentando el vender dolares. ¿A quien le conviene venderlos cuando en el horizonte se aproxima el estallido que el mismo futuro presidente electo anuncia a 4 voces?. Se viene el ajustazo y hay que ahorrar en dolares, hay que resguardarse.",ManBodybuilder,merval,2,2023-11-22 00:51:35,t3_180ukv3,t3_180ukv3,comment
kaai1bi,"No puede sacar el cepo el primer dia, pero si podría decir que el dolar libre no es ilegal y desregular totalmente los intercambios de moneda entre personas, sacar los 533847 parkings y reglas absurdas para operar mep.",fer662,merval,2,2023-11-22 09:21:26,t3_180ukv3,t3_180ukv3,comment
kaba2oy,"Primero debe desarmar las leliqs, luego de eso hacerse de reservas en el banco central y luego sacar el cepo, todo este proceso dijo que estima que le va a tardar entre 18 y 24 meses asi que tenes rato",justavector,merval,2,2023-11-22 12:54:14,t3_180ukv3,t3_180ukv3,comment
kabboxj,"Va a llevar tiempo, yo no vendería nada",Vegetable_Wolf6194,merval,2,2023-11-22 13:04:11,t3_180ukv3,t3_180ukv3,comment
ka8lowv,"No, saludos.",Ironveig,merval,2,2023-11-21 21:59:24,t3_180ukv3,t3_180ukv3,comment
ka8wnpn,Vamos a lo importante: cuando me puedo comprar la gpu en Amazon sin impuestos?,SwizItalo,merval,3,2023-11-21 23:19:01,t3_180ukv3,t3_180ukv3,comment
ka8zcyt,"El cepo probablemente se va en unos 6 meses pero hasta entonces será como hasta ahora, lo que si creo que puede pasar es que elimine el parking del mep",RepulsiveMan000,merval,4,2023-11-21 23:39:07,t3_180ukv3,t3_180ukv3,comment
ka8iuk1,"No, a ver, o sea, digamos, Es imposible hacer esto de un día para otro.

Del mismo modo es una pelotudez paniquear y decir que desde el 10 / 12 las universidades van a ser privadas.

Este tipo de medidas no funcionan asi.",Malavero,merval,3,2023-11-21 21:39:05,t3_180ukv3,t3_180ukv3,comment
ka8ubvt,"Si no sos joven no te tendria que decir que el plan de Milei va a fracasar.

Un pais no es una planilla de excel.

No vendas un solo dolar,esto termina muy mal

Ojala me equivoque",WarrenBofe,merval,4,2023-11-21 23:01:40,t3_180ukv3,t3_180ukv3,comment
ka8u3vq,Las cagadas que se mandaron en 40 años no se pueden resolver en dos semanas....,Professional-Walk592,merval,3,2023-11-21 23:00:03,t3_180ukv3,t3_180ukv3,comment
ka89sc1,[deleted],[deleted],merval,2,2023-11-21 20:34:16,t3_180ukv3,t3_180ukv3,comment
ka99yk7,Sencilla? SENCILLA?,Revolutionary-Bit-62,merval,2,2023-11-22 01:01:28,t3_180ukv3,t3_180ukv3,comment
ka9f0ij,"Hay que solucionar el tema de las leliqs porque si se elimina el cepo ahora nos vamos a una hiper, palabras del capelu.",Valuable_Fee_7201,merval,2,2023-11-22 01:45:29,t3_180ukv3,t3_180ukv3,comment
ka9omo7,"No conozco países prósperos sin cepo, en UK, y Suecia hay ... porque no son monedas locales, hay un stock. Si te dicen que no hay, mienten, cuando pidas comprar billones te van a decir wo wo wo pará un poco lince, anda a pedir a EEUU ...   
Si liberan el cepo, se dispara a la estratósfera  
Si no lo hacen, bien ... dolarizar tampoco es sano por muchas razones  


Argentina podría colonizar todo LATAM con su moneda, pero son tan pelotudos que deciden agarrar la de EEUU, ah, que querés moneda estable ? bueno, no emitas, fin",Glum_Past_1934,merval,2,2023-11-22 03:20:15,t3_180ukv3,t3_180ukv3,comment
kaa8w0e,Y que tal los impuestos al dólar?,f90d,merval,1,2023-11-22 07:36:05,t3_180ukv3,t3_180ukv3,comment
ka8frci,"capaz en 3 años.

igual capaz en 3 años cae un meteorito en tu casa, asi que fijate.",MelaniaSexLife,merval,0,2023-11-21 21:16:58,t3_180ukv3,t3_180ukv3,comment
kaanl1c,"primero viene la hiper, despues se levanta el cepo",piribipi_pupi,merval,0,2023-11-22 10:12:39,t3_180ukv3,t3_180ukv3,comment
ka8qn2h,"Ojalá que no baje

Pensara uno por ahí",1200mics,merval,1,2023-11-21 22:35:06,t3_180ukv3,t3_180ukv3,comment
ka9dgnu,Si lo van a sacar al cepo.,[deleted],merval,1,2023-11-22 01:31:35,t3_180ukv3,t3_180ukv3,comment
ka9hst5,"Antes tiene que solucionar las LELIQs, las cual nadie va a renovar ante una propuesta de dolarizacion",gotgel_fire,merval,1,2023-11-22 02:11:07,t3_180ukv3,t3_180ukv3,comment
ka9jhrh,"Que bueno Milei, vino a enseñar economia y finanzas personales. Es decir provocando en el usuario la busqueda de conocimientos en estas areas.",Content_Warthog_4071,merval,1,2023-11-22 02:27:12,t3_180ukv3,t3_180ukv3,comment
ka9kr3e,"El blue es lo que usa el argentino promedio para salir del peso, por que se despreciaria?",HotInformation5786,merval,1,2023-11-22 02:39:36,t3_180ukv3,t3_180ukv3,comment
ka9v16k,"Estoy absolutamente en contra del voto calificado, pero después leo este tipo de posts y me agarra disonancia cognitiva total.",teteban79,merval,1,2023-11-22 04:33:54,t3_180ukv3,t3_180ukv3,comment
kaadt1q,"Si, pero no ahora.",Watari97,merval,1,2023-11-22 08:36:05,t3_180ukv3,t3_180ukv3,comment
kaame7w,"De todas las opciones que había para votar, Milei es el que más tardaba en liberar el cepo, no esperes que lo saque rápidamente",Vegetable_Addition86,merval,1,2023-11-22 10:02:14,t3_180ukv3,t3_180ukv3,comment
kaao4a9,"y eso espero, xq  quieren alquilar en dolares, pero para tener dolares tenes que meterte en una cueva? y si fariña se pelea con karina me sube el aquiler?",lucasnox017,merval,1,2023-11-22 10:17:12,t3_180ukv3,t3_180ukv3,comment
kaaoill,Deprecia el blue pero aprecia el oficial . Saludos,[deleted],merval,1,2023-11-22 10:20:32,t3_180ukv3,t3_180ukv3,comment
kaapp9q,"Si, va a sacar el cepo eventualmente, pero no ya, porque sino ahí si se viene la MEGA devaluación, con el valor del dólar más falso que moneda de 3 pesos.",TinchooBielenia,merval,1,2023-11-22 10:30:17,t3_180ukv3,t3_180ukv3,comment
kaas1vj,Dijo que en 6 meses los quería sacar,frean123,merval,1,2023-11-22 10:48:53,t3_180ukv3,t3_180ukv3,comment
kab2c0y,hemos encontrado el curioso caso de una persona que quiere apostar al peso vendiendo sus dólares,argenstark,merval,1,2023-11-22 12:03:50,t3_180ukv3,t3_180ukv3,comment
kab41op,SIII! NO VEO LA HORA QUE LLEGUE EL10 de DICIEMBRE y ME PAGUEN EN DOLARES EL SUELDO de DICIEMBRE!!! ESTOY RE ANSIOSO!!! Y JUNTO CON EL AGUINALDO!! VOY A COBRAR UN MONTON DE DOLARITOS!!,GermanMRomani,merval,1,2023-11-22 12:15:28,t3_180ukv3,t3_180ukv3,comment
kabfx8u,"Me parece que no es ni lo primero que haga ni es lo mas fácil.

Primero deberá solucionar el tema de las leliqs, segundo devaluar, tercero fondearse de dolares vía endeudamiento o blanqueo, o ambas, y luego... recien ahí, liberar el cepo.",No_Wealth8633,merval,1,2023-11-22 13:30:18,t3_180ukv3,t3_180ukv3,comment
kabhm0w,"En 1 año aprox, si sale todo bien.",peperinna,merval,1,2023-11-22 13:40:40,t3_180ukv3,t3_180ukv3,comment
kabx6d4,Inocente palomita,3characte,merval,1,2023-11-22 15:15:10,t3_180ukv3,t3_180ukv3,comment
kacbrs1,"Imposible hasta capaz minimo 6 meses no pueden cortar el cepo, pensa esto con las leliqs que hay creadas triplican la base monetaria. Imagínate que abren y lo bancos salen a vender...explota todo . El dolar va subir más porque tienen que sincerarse precios todavia y pensa que milei no asumio todavia asi que yo esperaria",Key-Initiative-43,merval,1,2023-11-22 16:44:57,t3_180ukv3,t3_180ukv3,comment
kad924k,SI,Afraid-Property500,merval,1,2023-11-22 20:19:20,t3_180ukv3,t3_180ukv3,comment
kafty8m,Y a las 24 horas del post... Agregan otro cepo :p,SnooMachines3992,merval,1,2023-11-23 11:07:03,t3_180ukv3,t3_180ukv3,comment
ka8xuxe,"Para poder quitar el cepo ahora, primero tiene que resolver el problema de las LELIQ, si no resuelve eso primero, dijo que al liberarlo asi nomas provocaria una hiperinflacion.",PauloGaldo,merval,69,2023-11-21 23:27:58,t1_ka8acka,t3_180ukv3,comment
ka8ax6u,"ahora hay 35 tipos de dólar si no recuerdo mal.

armaron un quilombo tan grande y encima querían meter más jaja",roberp81,merval,88,2023-11-21 20:42:12,t1_ka8acka,t3_180ukv3,comment
ka93e8t,">Pero escuchan lo que votan?

Un argentino escuchar al candidato que vota? Jajaj no, nunca pasó",ZurditoBagley,merval,68,2023-11-22 00:08:52,t1_ka8acka,t3_180ukv3,comment
kaap47q,"no escuchan o leen, tres meses o más escuchando las propuestas de los candidatos y aún preguntan boludeces como estas.",Low-Cat-4251,merval,3,2023-11-22 10:25:27,t1_ka8acka,t3_180ukv3,comment
ka8b326,que cambia con lo de ahora? de curiosidad,Final_Environment702,merval,7,2023-11-21 20:43:20,t1_ka8acka,t3_180ukv3,comment
kaac2qw,Yo no lo vote... Vo'fi,Queasy_Bath_116,merval,-7,2023-11-22 08:15:50,t1_ka8acka,t3_180ukv3,comment
kaa6hab,nada como un buen polo en cero para educar a los ignaros.,sci_ssor_ss,merval,4,2023-11-22 07:04:13,t1_ka88l1o,t3_180ukv3,comment
ka9hxh1,"Yo digo que 3 años, y el ultimo año va a ser el que va a ser recuperativo y que le permita una reelección.",eknito,merval,3,2023-11-22 02:12:21,t1_ka88usw,t3_180ukv3,comment
kaacu76,Pues si. Entre la gente que lo voto es la que mas escucho.,Queasy_Bath_116,merval,-3,2023-11-22 08:24:58,t1_ka8k7cy,t3_180ukv3,comment
kaadf56,"Me salio un proyecto algo más grande de lo que hago y tengo que poner buena parte de mis ahorros en pesos. Por eso el apuro por saber de donde conviene sacar el dinero. Si solo uso pesos, tendre que meterme en credito",Queasy_Bath_116,merval,2,2023-11-22 08:31:45,t1_ka8xnek,t3_180ukv3,comment
ka88wov,Re-estructurar el Estado (Deficit Financiero Cero) > Desarmar Leliqs > Quitar Cepo > Reducir impuestos,OkicardeT,merval,23,2023-11-21 20:28:06,t1_ka88tk7,t3_180ukv3,comment
ka9bvgg,El cat lo sacó al día siguiente de asumir o recuerdo mal?,asd2222asd,merval,1,2023-11-22 01:17:49,t1_ka8hjy2,t3_180ukv3,comment
kaadsgo,Me llego un proyecto grande y necesito pesos. Estoy en la duda de quemar dolares o sacar credito.,Queasy_Bath_116,merval,1,2023-11-22 08:35:54,t1_ka98s1g,t3_180ukv3,comment
ka8ad0q,[removed],[deleted],merval,11,2023-11-21 20:38:15,t1_ka89sc1,t3_180ukv3,comment
kaaao5x,Con los precedentes que hubo en Argentina a vos te parece suficiente no emitir para que haya confianza en el peso?,[deleted],merval,4,2023-11-22 07:58:43,t1_ka9omo7,t3_180ukv3,comment
kabjrht,"el pais ya esta dolarizado informalmente y yo no conozo ningun otro pais que tenga tantos tipos de cambio.

con un gobierno K que te decia que la emision no genera inflacion logicamente la gente comenzo a usar algo mas estable, algun billete tienen que usar para intercambiar bienes, no se van a poner a intercambiar oro, si casi todos los argentinos tienen dolares lo mas logico es la dolarizacion.",[deleted],merval,3,2023-11-22 13:53:45,t1_ka9omo7,t3_180ukv3,comment
kaaesv5,"Si ya te cobran algo de 35% si compras dólar oficial, eso es impuesto.",RainbowHw1982,merval,2,2023-11-22 08:47:18,t1_kaa8w0e,t3_180ukv3,comment
ka8tntb,"Compra una chapa y fue.

*Le caía en la cabeza*",kingxdred,merval,1,2023-11-21 22:56:46,t1_ka8frci,t3_180ukv3,comment
ka9j01n,"Si no quiere imprimir y tampoco defaultear, entonces buscara deuda externa y privatizara lo que pueda para pagarlas, ademas de achicar al Estado justamente para poder pagar esas leliq


Ahora ni idea si el pais entra en hiper o estanflacion mientras hace eso",gotgel_fire,merval,1,2023-11-22 02:22:29,t1_ka9hst5,t3_180ukv3,comment
kaa6j5w,🤮,lNdjvr,merval,1,2023-11-22 07:04:54,t1_ka9v16k,t3_180ukv3,comment
kaacdfu,"Es cierto es lo que siempre dijo, definio el orden, primero desarmar las leliqs antes del cepo porque si no lo hace asi desata una hiperinflación",Lash_007,merval,20,2023-11-22 08:19:26,t1_ka8xuxe,t3_180ukv3,comment
kacfdb5,"Que van a escuchar ,    solo vieron a alguien violento con una motosierra , algo de muerte a Cristina y listo voto asegurado , después eso de escuchar las propuestas , no para que.",guillefs1,merval,3,2023-11-22 17:07:26,t1_ka93e8t,t3_180ukv3,comment
ka8bau7,"Como contesto el otro user. Hay 1000 tipos de cambio + 3 impuestos. No es solo un cepo.

Con CFK era solo cepo. Se levanto el limite a 2 palos verdes y eso fue todo.",PixelatedNoodle,merval,48,2023-11-21 20:44:51,t1_ka8b326,t3_180ukv3,comment
ka8v5js,"Varias cosas. El cepo actual es más estricto. El BCRA cuando se va Cristina estaba masomenos en 0, ahora esta en negativo por 15 mil millones de dolares. Deudas con el FMI que hay que pagar. Y otras cosas que seguro me olvido",BNeutral,merval,22,2023-11-21 23:07:46,t1_ka8b326,t3_180ukv3,comment
kabqflz,"La diferencia mas importante es que cuando se fue CFK habia reservas, el riesgo pais era mucho menor y habia acceso al credito sin grandes deudas pendientes en dolares (La deuda en pesos era otra cosa)

Hoy no hay reservas, el riesgo pais es enorme (O sea mas intereses para los pocos creditos que te puedan dar, no hay acceso al credito, deudas enormes por delante y encima, estas deudas son basicamente con el FMI y con China que son los prestamistas de ultima instancia",Chessifer,merval,4,2023-11-22 14:34:16,t1_ka8b326,t3_180ukv3,comment
ka8ej8e,"No tiene nada que ver que existan múltiples tipos de cambio, no se puede hacer porque el estado no tiene un puto dólar, así de simple.",LM391,merval,18,2023-11-21 21:08:01,t1_ka8b326,t3_180ukv3,comment
kabg3c8,"Cualquier persona con sentido comun escucha las propuestas de todos los candidatos y luego decide a quien votar.

No tiene nada que ver con si lo votaste o no.",[deleted],merval,8,2023-11-22 13:31:21,t1_kaac2qw,t3_180ukv3,comment
kaaoyvp,"Que sea sencilla de prometer no la hace sencilla de implementar. Por lo menos no en la situacion actual. En todo caso, si se llegara a implementar, el dolar no va a bajar. En el mejor de los casos desaparecen todos los tipos de cambio, y queda uno solo (el oficial) al precio del dolar blue hoy en dia (en el ""mas mejor"" de los casos, porque yo calculo que en realidad se dispararía mal).

Creer que el dolar va a bajar en este país es bastante ingenuo. Si tenés dolares y te los querés sacar de encima porque temes una baja en el precio venite que yo te los compro sin problemas.

Eso que estás planteando en tu post no va a pasar. Por lo menos en el corto plazo. Y lo de la baja creo que jamás.",Severe_Specialist973,merval,3,2023-11-22 10:24:16,t1_kaacu76,t3_180ukv3,comment
kaaecub,"Si estás invirtiendo en tu laburo es otra cosa... Yo entendí que estabas apostando al peso.

Lo que yo supongo es que hasta el 10 de diciembre el gobierno va a pelear como gato panza arriba por mantener todos los dólares planchados.

Yo en lo personal antes de quemar los dólares buscaría alguna forma conveniente de financiarme en pesos.

Tenés que moverte con cautela en éstos tiempos de incertidumbre.

La clave esta en que no te agarre la devaluación con pesos en la mano, o que te deban en pesos, o con mercadería/insumos que no estén fuertemente relacionados al precio del dólar.

En fin, suerte negro.",[deleted],merval,7,2023-11-22 08:42:19,t1_kaadf56,t3_180ukv3,comment
kabpp1u,Tengo entendido que primero se desarman las leliq y despues se quita el cepo para que no se vayan corriendo de las leliq directo al dolar y te hagan una corrida,Chessifer,merval,4,2023-11-22 14:29:49,t1_ka88wov,t3_180ukv3,comment
kabaip9,En el medio meté desarmar las leliqs,justavector,merval,2,2023-11-22 12:57:02,t1_ka88wov,t3_180ukv3,comment
ka9bxyw,Hasta entonces sigue la misma cantida de cupo y lo de que la tc te saca cupo?,asd2222asd,merval,1,2023-11-22 01:18:26,t1_ka88wov,t3_180ukv3,comment
ka9e9ho,"Macri asumió, al segundo día pidió un préstamo no se a quien y al tercero saco el cepo.

Es un tomador de deuda serial",Fdv2003,merval,7,2023-11-22 01:38:43,t1_ka9bvgg,t3_180ukv3,comment
kad5ybx,Lo saco al toque el cat.. y asi y todo no fue una GRAAAN corrida.. estuvo amigable,Fezequiel282,merval,1,2023-11-22 19:57:38,t1_ka9bvgg,t3_180ukv3,comment
ka8gh4s,"que fórmula usaste?  
a mi me dá 1469.21",DarkAngelBA2,merval,1,2023-11-21 21:22:05,t1_ka8ad0q,t3_180ukv3,comment
kaacp5d,"Dude el dólar estuvo en auge inflacionario, tuvieron que decretar un aumento del techo de deuda 2 veces en un año y hablan de falta de confianza en el peso? La gente se pone el palo en la rueda y encima se queja 🤣
Además, qué tiene que ver un precedente? Nada",Glum_Past_1934,merval,2,2023-11-22 08:23:17,t1_kaaao5x,t3_180ukv3,comment
kabzsrh,"Yo sí, casi todos tienen tipos de cambio según quién te lo vende ... porque son productos. Está así porque quieren, pasa que la gente que dirige la batuta parece no tener mucha idea de economía, les recomiendo encarecidamente ciencias exactas, porque la historia no sirve para nada",Glum_Past_1934,merval,1,2023-11-22 15:31:09,t1_kabjrht,t3_180ukv3,comment
kaaguct,"Si, pero a lo que me refiero es que si el cepo va a continuar hasta el próximo año, que onda los impuestos al hacer una compra al exterior. Los bajará? Los quitara? Eso me refería",f90d,merval,1,2023-11-22 09:09:17,t1_kaaesv5,t3_180ukv3,comment
kadkauf,Mirá que lo explicó dentro de todo bien pero cada persona tiene su version jaj,SS-SuperStraight,merval,1,2023-11-22 21:42:16,t1_kaacdfu,t3_180ukv3,comment
ka8bkru,"entiendo... todo muy nuevo para mí, estoy comparando estas cosas a cuando asumió Macri... yo no entendía nada tenía 15 pues",Final_Environment702,merval,10,2023-11-21 20:46:46,t1_ka8bau7,t3_180ukv3,comment
kaahd7a,Ojo que en esos -15mil hay como 20mil que son de importadores que les prometieron dólares al oficial... Yo si soy gobierno les digo paguen con sus dólares y listo. A no ser que el central necesite una montaña de pesos por esas importaciones (que podría ser si dicen que no emitirán más),SnooMachines3992,merval,6,2023-11-22 09:14:43,t1_ka8v5js,t3_180ukv3,comment
ka8v4rt,"El gobierno no tiene, la gente si, de hecho el op te lo está diciendo... El en una entrevista dijo mínimo 2 meses antes de sacar el cepo... Es decir que mínimo dentro de 3 meses veremos por fin un dólar oficial real jajaja",Antyto2021,merval,6,2023-11-21 23:07:36,t1_ka8ej8e,t3_180ukv3,comment
kab0n2n,"Fyi Banco santa Fe está dando préstamos personales con TNA de 135%, una ganga",jp250381,merval,2,2023-11-22 11:52:16,t1_kaaecub,t3_180ukv3,comment
kaak23h,queria una opinion imparcial. gracias por el buen deseo.,Queasy_Bath_116,merval,1,2023-11-22 09:40:55,t1_kaaecub,t3_180ukv3,comment
kabqrz6,"Es exactamente eso, ahí cambio",OkicardeT,merval,1,2023-11-22 14:36:19,t1_kabpp1u,t3_180ukv3,comment
kaagsx5,Vos ahorrás en pesos?,[deleted],merval,3,2023-11-22 09:08:52,t1_kaacp5d,t3_180ukv3,comment
ka8ucvs,"Sumado a que había dólares porque se pudo tomar deuda cuando Macri asumió.


Ahora si quiere levantar el cepo las cuentas le tienen que cerrar muy bien primero, y no va a ocurrir en el corto plazo.",mapache-clandestino,merval,23,2023-11-21 23:01:51,t1_ka8bkru,t3_180ukv3,comment
kaaonaj,"que yo sepa, no estan computadas las deudas de los importadores en esos -15.000 palos. La deuda de los impos hoy es mas de 45.000 palos.. y no las tienen metidas en eses numero del central porque ""son deudas entre privados""  (si bien con la SIRA en teoria el estado se comprometio a darle acceso a los dolares despues de 180/270 dias)",garci66,merval,6,2023-11-22 10:21:37,t1_kaahd7a,t3_180ukv3,comment
kablmhl,"Hm? La deuda de importacion, si bien es deuda, no está contemplada en el cálculo de reservas del central.",BNeutral,merval,2,2023-11-22 14:05:08,t1_kaahd7a,t3_180ukv3,comment
kanthhg,"Depende. Puede que bajen mucho la tasa de los PFs y te quedes con una deuda que no podes pagar.

Si agarras el préstamo y lo pones en dólares puede que salgas ganado pero estás medio al límite.

Distinto seria si conseguís un préstamo con una TNA por debajo del 100%. Aunque lo que realmente importa en tu caso es el CFT del préstamo, la TNA es solo el piso.",EmployerWide8912,merval,3,2023-11-25 02:12:58,t1_kab0n2n,t3_180ukv3,comment
kaah4be,"No ahorro en ninguna moneda, son todas inflacionarias... Solo tengo un 5% en pesos, el resto oro, acciones e inmuebles o bienes para sustituir en los inmuebles en caso de roturas. Por qué usaría dinero Fiat para ahorrar? Terrible derrape",Glum_Past_1934,merval,2,2023-11-22 09:12:10,t1_kaagsx5,t3_180ukv3,comment
kabmqfm,Pero el central no está declarando arriba de 20mil de reservas?,SnooMachines3992,merval,1,2023-11-22 14:11:50,t1_kablmhl,t3_180ukv3,comment
kaov2z7,Ouch!,jp250381,merval,1,2023-11-25 09:39:59,t1_kanthhg,t3_180ukv3,comment
kaba5ya,"El oro tambien es inflacionario (1-1.25% anual no tanto), pero tiene multiplicador monetario tambien ahora con el oro ""papel"".",Not_a_question-,merval,3,2023-11-22 12:54:48,t1_kaah4be,t3_180ukv3,comment
kabwnz5,"Si pero tenes que contar los pasivos (del central, no los del resto del gobierno). O dicho de otra forma, si yo tengo 20 pesos, pero le debo 100 al almacene, en realidad tengo -80 pesos netos. Te paso el gráfico así hacemos más rapido [https://twitter.com/Hombre\_\_Manzana/status/1724180387289583810](https://twitter.com/Hombre__Manzana/status/1724180387289583810)",BNeutral,merval,1,2023-11-22 15:12:00,t1_kabmqfm,t3_180ukv3,comment
ka4tnbi,"Las deudas te las va a licuar la inflación, sí. El tema es que también vas a necesitar usar más porcentaje de tu sueldo para pagar otras cosas. Las deudas que asumiste las podes costear *ahora,* más adelante te va a costar más porque vas a tener otras prioridades (que te van a salir cada vez más caras).",NakedShamrock,merval,29,2023-11-21 05:06:55,t3_1806fmv,t3_1806fmv,comment
ka41el3,"Cuando devalúe listo SOS gardel... Yo estoy en la misma posición que vos y estoy evaluando lo mismo jajaja... Ahora cuando impulse la libre circulacion de moneda el peso va a pasar a valer cada vez menos hasta el infinito... A los 9 meses según dijo milei va a hacer efectiva la dolaraizacion así que toda deuda pasa a dólares a tipo de cambio de mercado, es decir en mi opinión se puede estirar un poco más... Más alla de la inflación acumulada claro...",Antyto2021,merval,21,2023-11-21 00:32:57,t3_1806fmv,t3_1806fmv,comment
ka3un71,No creo que pueda bajar la inflacion tan de golpe. Mas alla de todo el shock que plantea su nucleo duro no deja de ser el 30%. Para bajar esta inflacion van a sangrar culos hay que ver si es habil para pilotearlo.,matius_88,merval,21,2023-11-20 23:45:20,t3_1806fmv,t3_1806fmv,comment
ka50g41,"las deudas en pesos en este pais (a tasa fija) siempre fueron un golazo, sin importar la tasa. Siempre se terminaron licuando

Las deudas que tengas ahora se te van a licuar (en medida dolar) esta semana, o el 11/12 a mas tardar, porque la devalueta viene seguro.",teteban79,merval,7,2023-11-21 06:37:34,t3_1806fmv,t3_1806fmv,comment
ka3wgz2,"Milei ya lo dijo clarito, las medidas que tome el 10 de diciembre tardan entre 18 y 24 meses en bajar la inflacion a un nivel mas o menos normal. Tenes 2 años minimo de inflacion de entre 2 y 3 digitos de minima si es que nos va bien.",crfenix,merval,17,2023-11-20 23:58:00,t3_1806fmv,t3_1806fmv,comment
ka5a7ps,"Buenas, saque un préstamo el 17 de noviembre, 100 Lucas en dos cuotas de 75 mil con la primer cuota a pagar en enero. Casi 60 días para pagarla, negoción.",Expert_Assistance667,merval,3,2023-11-21 08:40:42,t3_1806fmv,t3_1806fmv,comment
ka5hbqk,Que pasara con los créditos uva?,No-Asparagus-592,merval,3,2023-11-21 09:50:35,t3_1806fmv,t3_1806fmv,comment
ka6ib0a,"la inflacion va a pegar hasta un año despues, eso es por el plan platita de massa... asi que de aca a un año el que pretende que no haya mas inflacion es un pete que no entendie de economia basica.  
 por otra parte, esta perfecto lo que haces.",Massidelagente,merval,3,2023-11-21 14:03:59,t3_1806fmv,t3_1806fmv,comment
ka5av51,"Yo hice lo mismo pero con la particularidad de que gano en dólares. Reservé el total de mi deuda en USD para convertirlos en los vencimientos, lo que no gaste por devaluación es saldo a favor.",ThatAmazingHorse,merval,2,2023-11-21 08:47:46,t3_1806fmv,t3_1806fmv,comment
ka5mlju,"Depende que pasa, si hace una devaluación asimétrica, que es lo que corresponde porque lo que vos hiciste fue de vivo, entonces se debería devaluar de forma asimétrica cada cuota, para que mantenga valor.
Sino miles de negocios van a quebrar.
Si devalúa normalmente sos Gardel.

Yo por ejemplo me expuse a algunas deudas con tarjeta pero no demasiad, 20% de mí capacidad de pago.",Kaji157,merval,2,2023-11-21 10:34:41,t3_1806fmv,t3_1806fmv,comment
ka5nldv,"Yo me preocuparía más por el pasaje de Aerolíneas, ver qué pasa con la empresa.",mipin10,merval,2,2023-11-21 10:42:27,t3_1806fmv,t3_1806fmv,comment
ka5tlkc,"Yo creo que al menos durante un año, vas a poder seguir sacándole el jugo a la infleta.",Quiet-Effective-6824,merval,2,2023-11-21 11:26:53,t3_1806fmv,t3_1806fmv,comment
ka637nq,"No va a pasar nada en 2 años , recién va a dolarizar apartir de ese lapso.  yo debo 30kk cuota fija en pesos .. =\ si no pasa nada soy Gardel , si no aparezco flotando",AlbondigadelSur,merval,2,2023-11-21 12:31:07,t3_1806fmv,t3_1806fmv,comment
ka6u6wp,tengo la sensacion de que no va a dolarizar hasta estar terminando su mandato. Igualmente siempre es mejor negocio hacer cualqueir cosa menos guardar pesos.,[deleted],merval,2,2023-11-21 15:15:26,t3_1806fmv,t3_1806fmv,comment
ka83ahn,aunque milei sea el mago merlín la inflación va a seguir mínimo un año. Tiene que hacer un millón de reformas y todas van a tener que pasar por el congreso negociando con el peronismo y todos los infiltrados K de JxC.,holyknight00,merval,2,2023-11-21 19:49:55,t3_1806fmv,t3_1806fmv,comment
ka42270,Justamente por eso le recomendé a conocidos reconsiderar los préstamos... Anda a saber que pasa,KeySurpriseMan,merval,1,2023-11-21 00:37:39,t3_1806fmv,t3_1806fmv,comment
ka4tezr,Sigue siendo potable sacar un préstamo a tasa más baja q la inflación actual? Mm,Lefthanded-f477,merval,1,2023-11-21 05:04:02,t3_1806fmv,t3_1806fmv,comment
ka6i291,"Que pasará con las cuotas del procrear a 360 meses? Algunos son del 1,30%",Bushido_12,merval,1,2023-11-21 14:02:29,t3_1806fmv,t3_1806fmv,comment
ka80x9b,Conviene todavía pedir el crédito del ANSES? Ese que va directo a la TC,Argieboye,merval,1,2023-11-21 19:34:27,t3_1806fmv,t3_1806fmv,comment
ka8lkau,"Yo hice lo mismo,  pero la plata para pagarlos tengo en dólares.  This is the way",Malystxy,merval,1,2023-11-21 21:58:28,t3_1806fmv,t3_1806fmv,comment
ka8pni9,"Estoy en una parecida, gano en dólares y le metí como 80k en la tarjeta de crédito especulando un dólar a $1500 o algo asi para hoy. Igual puedo pagar al precio actual pero bueno, no sé cuánto me vaya a durar el curro XD",Creative-Scientist34,merval,1,2023-11-21 22:27:59,t3_1806fmv,t3_1806fmv,comment
ka5posf,Y esto siempre y cuando si su sueldo aumenta proporcional a la inflación,munetaka,merval,3,2023-11-21 10:58:24,t1_ka4tnbi,t3_1806fmv,comment
ka6t1sw,Pero eso cuando? Porque de acá a cuando ponga fín a la emisión para cubrir el fisco tenemos 24 meses de rezago inflacionario.,Encorvado,merval,3,2023-11-21 15:08:31,t1_ka41el3,t3_1806fmv,comment
ka568pe,"Todos repiten eso, pero si las deudas son de esas que posteaban con tasas un poco arriba de 100%, necesitas mucha devaluación/inflación y que tus ingresos acompañen o enseguida quedas en rojo.  

Si se controla la inflación quedas abajo, si deja de ""acompañar"" las paritarias y queda más en manos del mercado probablemente se complique también.  
Y no hace falta que baje a 10% la inflación para joderte, con que la ""controlen"" a 80% estás como 30% abajo...   

La fantasía del dólar se va a 2500 el lunes ya también parece desaparecer encima, volvió a alrededor de 1000 lo último que vi.  
Era una timba de aquellas que muchos jugaron sin pensar del todo, ahora veremos cómo sale.",--Quartz--,merval,2,2023-11-21 07:53:44,t1_ka50g41,t3_1806fmv,comment
ka5v8xc,"2024 va a ser seguramente mayor que 2023, a principios del 25 vamos a ver números mas acotados, y la interanual va a ser de un dígito recién en 2026 si todo sale bien.",Few_Flan_5319,merval,1,2023-11-21 11:38:35,t1_ka3wgz2,t3_1806fmv,comment
ka73t3r,de verdad dijo eso? tenes fuente porfi,maigots,merval,1,2023-11-21 16:12:59,t1_ka3wgz2,t3_1806fmv,comment
ka6324l,"Los créditos uva están atados al oficial , el cual es el primero que van a actualizar ( salvó los créditos hipotecarios que sacaron tasas a % del sueldo o algo así )",AlbondigadelSur,merval,2,2023-11-21 12:30:10,t1_ka5hbqk,t3_1806fmv,comment
ka60re2,"si tal cual, el viaje es enenero, no vaya a ser cosa que me lo bajen jajaj",bilinkisgarbulsky,merval,2,2023-11-21 12:15:25,t1_ka5nldv,t3_1806fmv,comment
ka7ul7v,"La inflación del peso una vez vuelva de libre circulacion al dólar va a tender a infinito, no solo súmale todo lo que viene imprimiendo el estado, sino también el desprecio manifestado en el uso del dólar en las transacciones importantes como compra de alto valor, así que para el peso no se espera nada, ergo las deudas en pesos cada día van a valer menos, la dolaraizacion efectiva dijo milei que sería en un plazo de 9 meses a 2 años, todo depende de la gente... La verdad que el futuro solo lo sabe el altísimo... Lo que si puedo tirar como dato que como mínimo antes que te dolaricen la deuda tenés 9 meses...",Antyto2021,merval,1,2023-11-21 18:54:35,t1_ka6t1sw,t3_1806fmv,comment
ka5bcrn,Yo me la jugué. Pero me cuesta creer que bancos como el Santander saliera a regalar la guita de la manera que lo hicieron.,ResponseEastern1458,merval,3,2023-11-21 08:52:57,t1_ka568pe,t3_1806fmv,comment
ka6w7xk,"te doy un consejo, cuando yo tenia plata me iba a paraguay asuncion en micro con full aire acondicionado lo mas tranca y salia desde asuncion a Miami a ayudar a mi hermana con su carro de comida una temporada, es mas rentable y muchisimo mejor servicio que aerolineas",[deleted],merval,1,2023-11-21 15:27:31,t1_ka60re2,t3_1806fmv,comment
kabifm9,"Se compra en verde y se vende en rojo, y el que diga lo contrario tiene toda la razón.",Flacoamoroso,merval,43,2023-11-22 13:45:41,t3_181d16j,t3_181d16j,comment
kabgahy,Dicen que se compra con el rumor y se vende con la noticia…,33p857,merval,23,2023-11-22 13:32:35,t3_181d16j,t3_181d16j,comment
kabg6d5,"Y... la onda era la semana pasada. Si querés hacer una diferencia en estos dias, esta complicado de adivinar porque se voló todo. Pero para un gobierno como el que se viene yo iría con energeticas: gas y petroleo (YPF, TGSU y TGNO por ejemplo). Cosas relacionadas al campo también, creo que el ticker es AGRO que es una que fabrica maquinas para el campo. No se por qué, pero no me gustan los bancos... La bomba a explotar (leliqs) esta ahi así que yo me mantengo fuera.   
Igualmente hablo desde afuera, tengo 90% de cedears porque soy un cagon cuando todos son codiciosos. tengo 10% de opciones a febrero y a abril para jugar.   
Cedears mucho tecnologica porque la IA recien esta arrancando, mucho tesla porque me cae bien Elon (mega irracional pero es mi plata) y algo de mineras.",ferN076,merval,15,2023-11-22 13:31:52,t3_181d16j,t3_181d16j,comment
kac1lry,[Aca un listado detallado de las 5 acciones que pueden subir un 500% en la proxima semana](https://www.reddit.com/r/merval/comments/kt9n97/lidiando_con_el_fomo_fear_of_missing_out_la/),HwanZike,merval,10,2023-11-22 15:42:10,t3_181d16j,t3_181d16j,comment
kacgf57,"sell when greedy
buy when fear",[deleted],merval,3,2023-11-22 17:14:04,t3_181d16j,t3_181d16j,comment
kabrd8g,Yo tomaría ganancia,silverbryanDEV,merval,3,2023-11-22 14:39:54,t3_181d16j,t3_181d16j,comment
kabghcl,"Yo opinión que PAMPA,ALUAR,MELI E YPF. Van a seguir al alza, si se da la libre exportación como dice milei van a subir una wasada. Personalmente tengo más posiciones en PAMPA Y ALUAR. Después, obviamente en cedears. Esas tengo compras en (MCD,DISNEY,INTEL)",Choice_Word947,merval,3,2023-11-22 13:33:46,t3_181d16j,t3_181d16j,comment
kacehpf,"Toma ganancia y espera agazapado. No creo que exista alguna que no esté por corregir. Al menos del panel principal. Y mepa que ccl y blue ya subieron también
 Así que estás en la trampa de los pesos. Ya no podés comprar algo porque todo está caro",cientoquince,merval,1,2023-11-22 17:01:50,t3_181d16j,t3_181d16j,comment
kacucsa,"TGNO, TGSU y ALUAR.

Ninguna acción se disparo, tenes que ser periodista para creer esa pelotudes, volvieron al precio que estaban antes de las paso.",iScreem1,merval,1,2023-11-22 18:41:29,t3_181d16j,t3_181d16j,comment
kacvre7,"Lo unico que no se volo del merval son los bancos, por el quilombo de las leliqs. Si te la queres jugar...",[deleted],merval,1,2023-11-22 18:50:27,t3_181d16j,t3_181d16j,comment
kacybz2,"Todo que es competitivo para exportar, campo, petróleo, gas. Pero nada de mirgor  y compania. Ni entongados.con importaciones van a sobrevivir.
Y servicios públicos, agua, electricidad.",5ofDecember,merval,1,2023-11-22 19:06:54,t3_181d16j,t3_181d16j,comment
kacyg8i,"Nada, ya paso ese tren",EveryDamnNight7,merval,1,2023-11-22 19:07:40,t3_181d16j,t3_181d16j,comment
kade509,Falopa.,BrunoNP_,merval,1,2023-11-22 20:56:36,t3_181d16j,t3_181d16j,comment
kacbq61,Uejej el aspergeroso con un twit te deja en la ruina o te hace millonario,Jornelmore123,merval,7,2023-11-22 16:44:40,t1_kabg6d5,t3_181d16j,comment
kacizm7,Además bastante panqueque recomendaste agro justo después del split a sabiendas de que abren las importaciones y se van a fundir compitiendo contra la maquinarias de afuera.,oficinistarandom,merval,1,2023-11-22 17:30:08,t1_kabg6d5,t3_181d16j,comment
kac29gq,"Jajajajajajaja excelente, me encantó, me imaginé que debía tener un nombre mi situación.

Pero aún así, en realidad mi lógica es que tengo varios pesos al pedo y prefiero comprar acciones antes que dejar que se devaluen.

Igual gracias por el post (lo necesitaba), ahora en un ratito me voy a poner a leer con mayor detenimiento",Johnny-314,merval,1,2023-11-22 15:46:11,t1_kac1lry,t3_181d16j,comment
kagp7k1,"Sell greedy, buy fear",MaCsEEnaHu,merval,1,2023-11-23 14:44:40,t1_kacgf57,t3_181d16j,comment
kaiza9s,Mirgor no? Ni siquiera si se confirma lo de Caputo?,gritoni,merval,1,2023-11-24 01:12:25,t1_kacybz2,t3_181d16j,comment
kaft19v,no lo había analizado. lindo dato. imagino que es grande el sector pero hay que analizar esto. gracias!,ferN076,merval,2,2023-11-23 10:59:33,t1_kacizm7,t3_181d16j,comment
kah1pk3,"Por qué decís que se funde compitiendo Agrometal? No compite contra una JD o Case, pero justamente esas marcas van a ser más caras que Agro",MaCsEEnaHu,merval,1,2023-11-23 16:06:59,t1_kacizm7,t3_181d16j,comment
kac829k,"Los galpones son los ultimos en reaccionar, las acciones grandes son el foco de la atencion en general especialmente las que tienen ADRs que mediante arbitraje se vuelven mas accesibles para los inversores extranjeros. Pero si se eventualmente llegan inversiones a la bolsa local... estamos hablando de horizontes de meses/años igual. A vos te veo medio apurado",HwanZike,merval,3,2023-11-22 16:21:58,t1_kac29gq,t3_181d16j,comment
kagkn5h,"Si, disculpa la mala contestacion pero es importante no malinformar sobre todo cuando se trata de finanzas.. hablaste de campo, MOLI - SEMI pueden salir bien paradas. SEMI por ejemplo hizo un split tambien las ultimas semanas y el papel esta 50 pesos masomenos... con una buena cosecha y sin restricciones al campo debería volar.

Otra es PATA - La Anonima, hay rumores en el mercado de que los braun los dueños le financiaron la campaña a milei.

Cablevision hoy en boca de especuladores, servicios pubicos",oficinistarandom,merval,2,2023-11-23 14:14:40,t1_kaft19v,t3_181d16j,comment
k9jvzb2,"Le mandas un mensaje al que te vende preguntandole si podes pagar en efectivo y que no te facture a tu nombre. Y sino, te vas a Uruguay o a la triple frontera y chau.

Igual, si es tu único gasto que no se condice con tus ingresos, por 800k ARS nadie te va a romper las bolas, y si preguntan es ""dolares que tenía ahorrados"" y listo, un monto tan chico no tiene obligatoriedad de estar declarado en ningun lado.",BNeutral,merval,19,2023-11-16 17:57:18,t3_17wwou8,t3_17wwou8,comment
k9jx6wt,Busca a pependorcho en mercadoreddit y tenés alta nave para antes de las elecciones,thenitricx,merval,6,2023-11-16 18:05:18,t3_17wwou8,t3_17wwou8,comment
k9k036w,"acordate que vivimos en argentina, podes tranquilamente preguntar ese tipo de cosas al vendedor y te va a responder sin problemas, la mayoria de los clientes de las tiendas de tecnologia prefieren no andar por el radar de la afip  
igual, a mi nunca me facturaron por una compra asi, te dan el recibo de consumidor final y fue, es una compra como cualquier otra, hay celulares que valen bastante mas caro que 800 dolares",germanxger,merval,6,2023-11-16 18:24:10,t3_17wwou8,t3_17wwou8,comment
k9k1msm,"Buscá notebookspro en instagram.

Nunca compré ahí pero parecen piolas y aceptan hasta pagos en criptos.",[deleted],merval,6,2023-11-16 18:34:20,t3_17wwou8,t3_17wwou8,comment
k9kwcaa,"guarda el tema de la garantia que normalmente la factura es el unico comprobante valido

&#x200B;

que te haga aunq sea una factura por una parte o algo por si tenes q reclamar",Correct-Sandwich4982,merval,5,2023-11-16 22:14:54,t3_17wwou8,t3_17wwou8,comment
k9mxmcv,"En PlanetaGames, pude pagar en efectivo, y sin factura. No tuve garantia, pero al ser MAC, el equipo contaba ya con garantia vigente con APPLE, y ante cualquier problema con el equipo pude consultar con el soporte, sin ningún problema.",[deleted],merval,4,2023-11-17 11:00:13,t3_17wwou8,t3_17wwou8,comment
k9jvpm3,"Si todo lo que te entra lo tenes facturado, por que no tendrías como demostrar el gasto? O los ahorros salieron de otro lado?

Nadie te va a joder por gastar >1000 verdes una vez al año, dale para adelante nomas.",DrH0rrible,merval,10,2023-11-16 17:55:33,t3_17wwou8,t3_17wwou8,comment
k9kdbi2,"Muchos comercios o vendedores van a estar contentos por no facturar una venta. Pregunta nomas.   
Por otro lado, quizas te sirva el dato.   
Tengo notebooks Dell y Lenovo con Ryzen 3, todas con memos ddr4 y discos M2. Pantallas 14"" FHD. Excelentes condiciones y funcionamiento (son de renovaciones corporativas, trabajo en IT). Soy de CABA!",1200mics,merval,3,2023-11-16 19:53:36,t3_17wwou8,t3_17wwou8,comment
k9kvjgt,"No va a pasar nada si el ""acumulado"" por tu actividad y/o inversiones van de la mano con tus gastos, o sea si tenes cómo justificarlos en caso de que te lo pregunten.  
Ojo con eso de no pedir factura porque si te pasa algo con lo que compres ya sabes a quién podes ir a reclamarle (JA)",According_Ad_5554,merval,3,2023-11-16 22:08:43,t3_17wwou8,t3_17wwou8,comment
k9n3flx,">Soy monotributista y hago todas mis compras en blanco. O sea todo lo que cobro lo hago mediante transferencia y de eso casi nada lo saco en efectivo, lo uso mes a mes para mis gastos.

>Tengo ahorros (en efectivo - en negro)

Lo voy a aclarar porque o tenes una confusion de términos o te expresaste de manera confusa.   

La plata en efectivo no es plata en negro. Si vos facturas tus cobros y después retiras la plata del banco, esa plata está en blanco y podes hacer lo que quieras, en el momento o 10 años después, esa plata esta facturada y ya pagó impuestos.  

Si te piden origen de fondos mostras las facturas y listo.",ZurditoBagley,merval,3,2023-11-17 11:44:29,t3_17wwou8,t3_17wwou8,comment
k9odyei,"Ojo con los consejos que estoy leyendo, el tema de la factura también es imprescindible para la garantía.",Still_Ad3705,merval,3,2023-11-17 16:56:16,t3_17wwou8,t3_17wwou8,comment
k9kkrym,"te ahogas en un vaso de agua. Compralo como consumidor final, o que te lo compre un amigo que no este registrado en ningun lado como hace todo el mundo.",[deleted],merval,4,2023-11-16 20:47:20,t3_17wwou8,t3_17wwou8,comment
k9kkwfe,Que horrible tener que vivir escondiendote por querer comprar una computadora. Parecemos corea del norte ya.,[deleted],merval,5,2023-11-16 20:48:15,t3_17wwou8,t3_17wwou8,comment
k9kl7h2,"Leí ""sin que me fracturen'... Ok la locura es total, perdón xD",ch3rn0gopn1k,merval,2,2023-11-16 20:50:30,t3_17wwou8,t3_17wwou8,comment
k9l7u7p,"Tenia una duda acerca de esto también, porque quiero vender la laptop que tengo (creo que saldría un palo y medio aproximadamente) para comprarme otra mejor poniendo ahorros míos. El tema es que no soy monotributista ni nada y no entiendo nada de eso. 
Les pido mil disculpas por hacer la pregunta acá, es que como vi que es un post relacionado me mandé a preguntarlo acá. 
En caso de que la tienda no acepte eso de no facturarlo a mi nombre como dijo un user arriba, la única forma de comprar sería segunda mano? Gracias y les vuelvo a pedir perdón por la pregunta ( estúpida(? )",Many-Preparation-379,merval,2,2023-11-16 23:40:41,t3_17wwou8,t3_17wwou8,comment
k9tlw9u,"Avísame, me la facturan a mí nombre... Messirve",NicoFioren,merval,2,2023-11-18 20:12:45,t3_17wwou8,t3_17wwou8,comment
k9w5zsm,"Ni termine de leer tu post, pero hermano, con 800 usd, ninguna organizacion en argentina te va a buscar por no poder justificar esa compra. Insaurralde se patinaba toda la guita y el gatito de ella era clase A en el monotributo. Mandale para adelante sin miedo mi rey.",Long_Awareness9333,merval,2,2023-11-19 11:37:38,t3_17wwou8,t3_17wwou8,comment
k9jzdn2,Nadie te va a joder por ese monto man,No-Skill4452,merval,3,2023-11-16 18:19:37,t3_17wwou8,t3_17wwou8,comment
k9jsoq7,"Factura por que? Yo siempre que compre cualquier producto Apple fui a una tienda fisica de tecnologia directamente con los dolares, y nunca hice factura ni nada, no te va a perseguir la AFIP por una laptop de 600 dolares, creeme que estan buscando montos mas grandes.",Mysterious-Clothes62,merval,3,2023-11-16 17:36:02,t3_17wwou8,t3_17wwou8,comment
k9k9qpg,"Busca añgun vendedor que te cobre con btc, hay mas de los que crees",chescov77,merval,2,2023-11-16 19:28:27,t3_17wwou8,t3_17wwou8,comment
k9k2d8y,No pasa nada,SwizItalo,merval,1,2023-11-16 18:39:11,t3_17wwou8,t3_17wwou8,comment
k9klvoa,"Si necesitas que no te facturen, no tenes todo en blanco. Un saludo Emprendedor.",JJUD4SS,merval,-1,2023-11-16 20:55:25,t3_17wwou8,t3_17wwou8,comment
k9kl187,"Si, anda a Uruguay a comprarla que vas a pagar x3 lo que sale acá jajajaj",psyke1,merval,4,2023-11-16 20:49:15,t1_k9jvzb2,t3_17wwou8,comment
k9k39y9,Yo compré con cripto por binance y me salió todo bien. Me la enviaron el mismo día que pague,AdeptnessTop7611,merval,4,2023-11-16 18:45:08,t1_k9k1msm,t3_17wwou8,comment
k9ketke,Yo compré una laptop en efectivo todo muy bien,ChanceLeek4908,merval,3,2023-11-16 20:04:14,t1_k9k1msm,t3_17wwou8,comment
k9mw2wh,"Yo compre ahi, todo joya!",elaluu,merval,2,2023-11-17 10:47:47,t1_k9k1msm,t3_17wwou8,comment
k9lt6lv,Hay que ver si es seguro,d4nit0,merval,0,2023-11-17 02:49:15,t1_k9k1msm,t3_17wwou8,comment
k9oxav0,"Creo que derechoenzapatillas posteó al respecto, y la cuestión está en poder demostrar que hubo compra. Con una factura es directo, pero si se perdió, etc., un comprobante de transferencia alcanza.

Ahora, si OP paga en efectivo, concuerdo que este punto se desdibuja.",netz3r,merval,2,2023-11-17 19:04:06,t1_k9kwcaa,t3_17wwou8,comment
k9n2pjy,Pasa en cualquier pais cuando evadis.,ZurditoBagley,merval,4,2023-11-17 11:39:09,t1_k9kkwfe,t3_17wwou8,comment
k9kunyk,"Tampoco hace falta,  OP es muy perseguido. Por ese monto nunca va a pasar nada",souse03,merval,3,2023-11-16 22:01:57,t1_k9kkwfe,t3_17wwou8,comment
k9ktuuu,"No es así. Estoy también en la misma situación que OP y por el mismo precio se consigue mejor notebook en Montevideo que acá (incluso más barato). Mi gran sospecha es que se infla el precio acá por dos motivos principales, la posibilidad de hacerlo en negro y la escasez de importaciones. 

Antes de opinar por opinar, te invito a informarte.",mirr9,merval,10,2023-11-16 21:55:44,t1_k9kl187,t3_17wwou8,comment
k9o9rvc,Nada que ver. Son mas baratas y no tenes que andar mendigando por un modelo que tenga un CPU de generaciones nuevas.,rustyrobocop,merval,1,2023-11-17 16:28:56,t1_k9kl187,t3_17wwou8,comment
k9zqg85,Cuánto te salió?,[deleted],merval,1,2023-11-20 04:33:06,t1_k9k39y9,t3_17wwou8,comment
k9nn6fl,en ningun pais evadis la cantidad de impuestos que tiene este. Si bajaran la cantidad de impuestos al menos a la mitad mucha mas gente tributaria.,[deleted],merval,1,2023-11-17 13:59:35,t1_k9n2pjy,t3_17wwou8,comment
k9lkppn,"Estoy informado, fui a Montevideo 3 veces este año. Todo sale mínimo el doble, practicamente todo, sino más. Y no soy el único que lo dice

Ahora, si me decís que encontraste un lugar donde vendan a menor precio que acá, te creo, pero no es lo más normal… te invito a recorrer negocios en MVD y me vas a entender",psyke1,merval,4,2023-11-17 01:25:15,t1_k9ktuuu,t3_17wwou8,comment
k9oac5m,"Si, pero en el monotributo no pagas mucho impuesto.",rustyrobocop,merval,3,2023-11-17 16:32:43,t1_k9nn6fl,t3_17wwou8,comment
k9mqp6j,"curiosidad genuina, por qué allá cuesta el doble? si acá en arg es donde hay un 100% de impuestos",[deleted],merval,1,2023-11-17 10:00:48,t1_k9lkppn,t3_17wwou8,comment
k9obg4k,"No te calientes, el argentino siempre encuentra alguna excusa para hacer las cosas mal.",ZurditoBagley,merval,2,2023-11-17 16:40:01,t1_k9oac5m,t3_17wwou8,comment
k9pic1d,"En montevideo esta todo carísimo en dolares. No se puntualmente porque el doble algo importado, pero si es un local que paga alquiler, empleados, servicios, etc, el costo seguro es mayor que acá.

A diferencia, aca hoy en día en dolares estamos regalados. Lo unico que equipara o termina haciendo el precio, es parte impuestos (que a su vez, en parte son impuestos, pero en parte también son verso para acercarse al dolar real)",last_shadow_fat,merval,1,2023-11-17 21:40:22,t1_k9mqp6j,t3_17wwou8,comment
kaww3ya,"Postea en r/iwantout  man, esto es un sub de finanzas. Cierro.",diyexageh,merval,1,2023-11-26 21:58:34,t3_184o3pm,t3_184o3pm,comment
kawk2af,Y posteaste en esta comunidad por que...?,ZurditoBagley,merval,23,2023-11-26 20:37:47,t3_184o3pm,t3_184o3pm,comment
kawr1tp,"Medio off topic pero para simplificarla: si te anotas en una carrera de grado te van a sponsorear para una F-1, pero dudo que haya beca para eso a menos que seas promedio 10 y tengas paciencia (tiempo). Beca deportiva no conozco bien como es. Que te reconozcan titulo, etc es otra historia.

H1B la conseguis si pegas un laburo muy especializado que le de el argumento a la compañia para justificar el pedido de la visa. Paciencia tambien porque hay ciclos (aplicacion y notificacion).

Visa lottery: mucha suerte!

Mi consejo despues de pasar por todas las visas, etc.: buscaria laburo remoto que te ayude a “entrar” en el circuito, empresas, conocer gente, etc. Eso te va a abrir puertas para mejorar las chances de una H1B o laburo que te financie un estilo de vida ida y vuelta (un par de meses alla, otro aca, etc). Esto no es exclusivo de las otras opciones, podes intentar todo al mismo tiempo.",polentx,merval,4,2023-11-26 21:24:25,t3_184o3pm,t3_184o3pm,comment
kawo5w5,"No muy relacionado al sub, pero tu mejor opcion es conseguir una empresa que te vea interesante como para la h1b, la segunda mejor opcion es conocer a una mujer solitaria, obesa y con muchos gatos que sea ciudadana, la podes conocer por internet, vas te casas, y ahi empezas el tramite para la greencard. Lleva tiempo asi que vas a estar comiendo lechón un par de años",DeflCoin,merval,11,2023-11-26 21:05:10,t3_184o3pm,t3_184o3pm,comment
kawncuu,Aguantame que le pregunto a la bola de cristal...,unadecalyunadearena,merval,0,2023-11-26 20:59:42,t3_184o3pm,t3_184o3pm,comment
kawvw20,"Habla con un abogado de migraciones, la consulta es gratis y si querés saber si aplicas a alguna de las visa de trabajo te sale al rededor de 75-100 dólares.",Desperate_Battle9747,merval,1,2023-11-26 21:57:06,t3_184o3pm,t3_184o3pm,comment
k82oge9,"Buen intento afip. 🤨

Hablando enserio, no me parece mala idea pero creo que lo mejor sería arrancar activando el thread de los viernes o empezar a subir posts con due diligence. Como regla general, la gente no quiere estar en grupos (no-amigos) asique seguramente si directamente se arma un grupo y se manda link, la gente que entre es la misma gente que querrías dejar afuera (hacerse millonario en 1 semana, shitcoiners, etc).",MenemModoDiablo,merval,15,2023-11-06 11:45:08,t3_17p0tdi,t3_17p0tdi,comment
k83zw31,"Yo invierto, tengo mi propia cartera, soy inversor de largo plazo, así que solo hago dos o tres movimientos por mes. 

Me gusta analizar bien todo, hago foco en la contabilidad corporativa para ver cosas de los balances financieros hasta lo que son los parámetros para decidir en qué bono invertir, por ejemplo.

Eso sí, le doy poca bola al análisis técnico, porque mi lema es ""Larga vida al análisis fundamental"". Lo considero más apropiado para un inversor de largo plazo, ya que tenés mejores argumentos que ver un gráfico falopa y decir que porque hace un triángulo ya va a subir. Eso no me interesa, a mí me gusta comprar empresas, índices, bonos y convencerme cada día de que estoy bien posicionado, a pesar de las fluctuaciones del corto plazo.",leandromannn,merval,7,2023-11-06 16:37:10,t3_17p0tdi,t3_17p0tdi,comment
k84kyvx,No es esa la función del sub? O querés juntarte con alguien a tomar una cerveza?,[deleted],merval,3,2023-11-06 18:39:14,t3_17p0tdi,t3_17p0tdi,comment
k86dqom,"Esto es el equivalente a crear un sub para los pijudos y pedir que solo pijudos entren. Como te aseguras que un pitocorto no entre sin pedir fotopija a todos los miembros?

Espero que el mensaje no se pierdan en la metáfora",X0_92,merval,3,2023-11-07 02:10:35,t3_17p0tdi,t3_17p0tdi,comment
k832w6b,X2 es re difícil conocer a alguien que este en la misma,NoCInvertir,merval,3,2023-11-06 13:17:57,t3_17p0tdi,t3_17p0tdi,comment
k84tj4t,"Yo invierto en acciones y tengo inversión en cripto pero casi no la toco. 
En acciones cuando tengo tiempo analizo el finde y hago dos o tres entradas. Me interesa el grupo, harto de leer sobre plazos fijos y dólar MEP, todo bien pero me interesa el tema acciones. Activamos el post programado de los viernes o se crea un sub?",StyleCareful134,merval,2,2023-11-06 19:30:00,t3_17p0tdi,t3_17p0tdi,comment
k86iik5,Súmate a Clave Bursátil somos todos inversores 100% reales y lo que planteas es lo que hacemos todos los días en los gpos de WhatsApp. Es gratis.,nicoc77,merval,2,2023-11-07 02:59:56,t3_17p0tdi,t3_17p0tdi,comment
k877tyv,"La idea no es mala pero así empiezan las piramidales, o te quieren vender algo después, ya no doy bola a ideas como esta",stytes,merval,2,2023-11-07 08:28:21,t3_17p0tdi,t3_17p0tdi,comment
k85ltyv,[deleted],[deleted],merval,1,2023-11-06 22:38:33,t3_17p0tdi,t3_17p0tdi,comment
k83azlj,"jaja la afip encubierta :O

Hermano, estaría bueno intentarlo. Cuando realmente se den cuenta que no es un grupo para hacerse millonario en 1 semana, se irán y quedará solo la gente interesada. Tu inviertes?",Toni_Kroos__,merval,0,2023-11-06 14:07:30,t1_k82oge9,t3_17p0tdi,comment
k83b3k7,Explicame en criollo que seria due diligence y el thread de los viernes. Soy novato aca en reddit,Toni_Kroos__,merval,0,2023-11-06 14:08:09,t1_k82oge9,t3_17p0tdi,comment
k85lwgh,https://www.reddit.com/r/Inversiones\_Arg/,Toni_Kroos__,merval,0,2023-11-06 22:39:01,t1_k82oge9,t3_17p0tdi,comment
k84nfte,"Soy el mismo tipo de inversor que Leandro, aunque respeto el análisis técnico aunque no me interese.
Tampoco tengo ningún conocido que invierta y siempre estoy leyendo al respecto.

Me interesa saber qué espacio o plataforma están pensando para este ""grupo"".

Ojo, no vaya a ser que todo termine en un grupo de tipo ""che hoy compré QQQ"", sin más. Porque para spam tóxico me quedo con el clásico grupete de amigos jajaja.

Cuenten conmigo.",kingxdred,merval,3,2023-11-06 18:53:33,t1_k83zw31,t3_17p0tdi,comment
k84221r,"Creo que es una excelente manera de invertir. Siempre convencido en el plan de uno mismo. Bueno, yo al revés. Soy más de confiar en las zonas donde el precio reaccionó en el pasado y buscas buenos valores de entrada y salida. También mediano - largo plazo. 

Que opinas del SP500, lo veo bajando un 5% esta semana",Toni_Kroos__,merval,1,2023-11-06 16:50:02,t1_k83zw31,t3_17p0tdi,comment
k85i0uk,https://www.reddit.com/r/Inversiones\_Arg/ a unirse amigos!,Toni_Kroos__,merval,1,2023-11-06 22:12:22,t1_k83zw31,t3_17p0tdi,comment
k84o1uo,"Me tomaría una birra con los pibes, de una jaja perdón amigo soy nuevo acá no tengo ni idea",Toni_Kroos__,merval,3,2023-11-06 18:57:09,t1_k84kyvx,t3_17p0tdi,comment
k85i34k,https://www.reddit.com/r/Inversiones\_Arg/ a unirse amigos!,Toni_Kroos__,merval,1,2023-11-06 22:12:48,t1_k84kyvx,t3_17p0tdi,comment
k87aekj,Es la mejor metáfora que leí hasta ahora. Estoy pensando la forma de que lo demuestren sin tener que mostrarlo xD,Toni_Kroos__,merval,1,2023-11-07 08:55:59,t1_k86dqom,t3_17p0tdi,comment
k83b1dw,"Si, pero calidad antes que cantidad. Tu también inviertes?",Toni_Kroos__,merval,2,2023-11-06 14:07:48,t1_k832w6b,t3_17p0tdi,comment
k85hzyw,https://www.reddit.com/r/Inversiones\_Arg/ a unirse amigos!,Toni_Kroos__,merval,1,2023-11-06 22:12:13,t1_k832w6b,t3_17p0tdi,comment
k84upln,"Podemos subir análisis y demás, pensar todos juntos. Mas arriba hay un usuario que la tiene clara con las fundamentales",Toni_Kroos__,merval,2,2023-11-06 19:37:23,t1_k84tj4t,t3_17p0tdi,comment
k84ysu0,ahi te mande privado,Toni_Kroos__,merval,1,2023-11-06 20:03:36,t1_k84tj4t,t3_17p0tdi,comment
k85i3tw,https://www.reddit.com/r/Inversiones\_Arg/ a unirse amigos!,Toni_Kroos__,merval,1,2023-11-06 22:12:56,t1_k84tj4t,t3_17p0tdi,comment
k84u7dc,"Claro, los rulos con mercadopago y el plazo fijo o "" como compro dolar mep"" esa gente hay que filtrarla, buscan la facil. Hay que armar algo con gente que realmente tenga su guita invertida ya que es la gente que te va a hablar desde la experiencia.   


Eso pregunté mas arriba, los sub son todos publicos? o podes hacerlo con solicitud y que sea o no aceptada?   


Podemos poner un par de preguntas de filtro o que muestren alguna cuenta real, no se..",Toni_Kroos__,merval,1,2023-11-06 19:34:11,t1_k84tj4t,t3_17p0tdi,comment
k87ag4u,"Si obvio, clave es el mejor para mi! lo sigo desde los comienzos. Mi idea tambien era compartir el contenido de ellos acá",Toni_Kroos__,merval,1,2023-11-07 08:56:26,t1_k86iik5,t3_17p0tdi,comment
k87ahnn,"Si, tenes razon pero acá nadie le va a pedir dinero a nadie ni que compre nada. Totalmente prohibido",Toni_Kroos__,merval,1,2023-11-07 08:56:52,t1_k877tyv,t3_17p0tdi,comment
k864b31,"Pibe, no hace falta que vengas a spamear. Saludos",pcmanlan,merval,3,2023-11-07 00:48:51,t1_k85ltyv,t3_17p0tdi,comment
k83fptp,"Due diligence es juntar información y hacer un análisis para tomar una decisión, en este caso sería sobre una compañía. Todos los viernes se abre un hilo en este reddit para subir cosas sobre carteras de inversión, donde cada uno puede mostrar su portafolio, si hizo alguna compra etc, pero no es muy activo.

Te hago una pregunta, sos español? O te fuiste a vivir a España o algo de eso? Pregunto porque conoces lo que es un cedear pero escribis en segunda persona jajaja.",MenemModoDiablo,merval,5,2023-11-06 14:36:03,t1_k83b3k7,t3_17p0tdi,comment
k84q4i7,"Lo del grupo, estoy viendo. Se puede armar algo en Reddit? No tengo ni idea, pero tipo privado? Con aprobación? O todos los sub tienen que ser públicos? Discord sino?",Toni_Kroos__,merval,2,2023-11-06 19:09:25,t1_k84nfte,t3_17p0tdi,comment
k84q0nv,"Es a lo que va mi idea. Lo entendiste Perfecto. Hablar con fundamento y respeto por supuesto. Y me gustaría también que se respetara al inversor, ya que si una persona invierte, entiende y gana dinero, es para respetarlo y aprender",Toni_Kroos__,merval,1,2023-11-06 19:08:48,t1_k84nfte,t3_17p0tdi,comment
k85i1gi,https://www.reddit.com/r/Inversiones\_Arg/ a unirse amigos!,Toni_Kroos__,merval,0,2023-11-06 22:12:29,t1_k84nfte,t3_17p0tdi,comment
k844z2q,"Difícil que te dé un panorama así de cortísimo plazo, por las razones que te mencioné antes. En mi opinión, es probable que baje un toque para descomprimir y rebotar. Fundamentalmente, no le veo mucha baja, ya que no hay indicios que denoten un panorama oscuro. Yo igualmente por ahora me mantengo con liquidez. Sumé posiciones cuando todo estaba rojo sangre. Ahora me toca esperar un poco, pero bueno tengo liquidez si baja el mercado para sumar más posiciones a las que tengo. Si empieza a subir fuerte, me mantendré con la liquidez y las posiciones actuales.",leandromannn,merval,4,2023-11-06 17:07:28,t1_k84221r,t3_17p0tdi,comment
k83dvo4,"Si, en muchos instrumentos para diversificar, pero quisiera conocer alguien que este en la misma para compartir experiencias",NoCInvertir,merval,1,2023-11-06 14:25:00,t1_k83b1dw,t3_17p0tdi,comment
k84wb8o,Bueno me sumo. Definan dónde quieren hacerlo y arrancamos,StyleCareful134,merval,2,2023-11-06 19:47:33,t1_k84upln,t3_17p0tdi,comment
k85ix0i,Listo,StyleCareful134,merval,1,2023-11-06 22:18:30,t1_k85i3tw,t3_17p0tdi,comment
k84uv22,"En este sub aparece el TEMA DE LOS VIERNES (creo que es los viernes) sobre cartera de inversion. Si te pones que te notifique te va a aparecer. Podríamos a esperar al viernes y le metemos ahí. En su momento busqué algo como lo que propones arriba en Argentina y no encontré, el sub adecuado es éste pero no entran mucho a ese post de los viernes, más bien lo que comenté son todos temas ""que hago con 10 mil USD"" o dólar o PF.",StyleCareful134,merval,2,2023-11-06 19:38:20,t1_k84u7dc,t3_17p0tdi,comment
k87atc5,"Me parece perfecto, pero sostengo lo dicho, para que salir de r/merval si ya con las herramientas que hay se puede hacer o ya hay algo similar hecho",stytes,merval,1,2023-11-07 09:00:11,t1_k87ahnn,t3_17p0tdi,comment
k83yk5u,Dps pásame link del hilo ese,Toni_Kroos__,merval,3,2023-11-06 16:29:10,t1_k83fptp,t3_17p0tdi,comment
k83p7c4,"Jaja no compa, es el diccionario basura del celular jaja más argentino que tener 140% de inflación",Toni_Kroos__,merval,2,2023-11-06 15:32:57,t1_k83fptp,t3_17p0tdi,comment
k83pp0o,"Perfecto ahí entendí. Yo tengo varias ahí a la mira. Estoy siguiendo Apple que siento que se puede venir una buena bajada para agarrarla barata, la estoy esperando. Criptos no salgo de BTC y ETH, el SP500 también lo tengo en vista y alguna que otra. Mi análisis es en diario o semanal y a mediano plazo. No quiere decir que no entre en alguna si veo una oportunidad",Toni_Kroos__,merval,2,2023-11-06 15:35:56,t1_k83fptp,t3_17p0tdi,comment
k84pmpr,"Interesante. Yo opino lo mismo en mi grafico, lo veo descendiendo para volver al alza. Es bueno estar líquido. Siempre listo para las oportunidades. Bueno si armo algún sub, te sumas? Nos vendría bien tener a alguien que entienda los fundamentos",Toni_Kroos__,merval,1,2023-11-06 19:06:35,t1_k844z2q,t3_17p0tdi,comment
k83pur0,"Exacto, eso es a lo que quería llegar. Compartir experiencia entre personas que realmente estemos metidos, armar una carterita que se yo. Ya somos 3 😬",Toni_Kroos__,merval,3,2023-11-06 15:36:55,t1_k83dvo4,t3_17p0tdi,comment
k84wx4l,"ahi hago el sub y mando link, podriamos hacer un discord tambien, no se si sabes hacerlo y me queres dar una mano, joya",Toni_Kroos__,merval,1,2023-11-06 19:51:23,t1_k84wb8o,t3_17p0tdi,comment
k85ieul,https://www.reddit.com/r/Inversiones\_Arg/ a unirse amigos!,Toni_Kroos__,merval,1,2023-11-06 22:15:04,t1_k84wb8o,t3_17p0tdi,comment
k84w1on,"Tal cual, yo pensaba algo mas selectivo por asi decirlo. Soy un inversor comun y corriente, no me hago el warren.. digo selectivo porque estaria bueno que las personas que opinemos, sea con contenido de calidad ya que los que realmente invierten, invierten su guita y es diferente al que busca hacer un rulo con binance y brubank. Por supuesto me gustaria que tambien pueda haber gente que NO tenga dinero invertido ( por mil razones que ya son personales ) pero si esa persona quiere aprender, bienvenido sea",Toni_Kroos__,merval,2,2023-11-06 19:45:52,t1_k84uv22,t3_17p0tdi,comment
k87b1pq,"Si pero como explicaba en r/Inversiones_Arg recien, me gustaria "" filtrar "" todo lo que es "" como comprar dolar mep "", "" hasta cuantos pesos puedo mover sin que la afip me detecte "" "" Que conviene plazo fijo o comprar dolar"" no se si me entiendo. Esta buenisimo todo ese contenido para gente que es nueva, pero creo que hay otros usuarios que estan cansados de ver eso y prefieren algo mas especifico, como movimientos reales de inversiones y compartir sus experiencias de inversion, aprender de los demas.. etc",Toni_Kroos__,merval,1,2023-11-07 09:02:33,t1_k87atc5,t3_17p0tdi,comment
k842b56,Reminder para entrar acá cuando envíen el link,justMeOctavio,merval,4,2023-11-06 16:51:33,t1_k83yk5u,t3_17p0tdi,comment
k84x6ky,"[Acá](https://www.reddit.com/r/merval/s/MaXRRcSMSG) hay uno de hace un tiempo, si tocas donde dice ""Thread semanal"" te aparece la lista de todos los posts y podes ver como cada viernes se abre automaticamente un post para hablar sobre el tema. Como dije, no mucha gente escribe y hay semanas que directamente queda vacío. Me parece mucho más lógico empezar a meter buen contenido ahi que mandar un link de un grupo.",MenemModoDiablo,merval,2,2023-11-06 19:53:04,t1_k83yk5u,t3_17p0tdi,comment
k84qjdf,Sí de una! Puedo aportar datos de macroeconomía y esas cosas o también de balances financieros jaja,leandromannn,merval,2,2023-11-06 19:11:46,t1_k84pmpr,t3_17p0tdi,comment
k84716q,Yo también me sumo. A veces encuentro buenas oportunidades de compra y no tengo amigos/conocidos que inviertan para poder compartir mí analisis.,No-Carpenter-8396,merval,2,2023-11-06 17:19:35,t1_k83pur0,t3_17p0tdi,comment
k87cjyc,"Esta el buscador para ver lo que quieras, el tread diario de consultas basicas, esta el tread de cierre de semana para poner las inversiones, el tread de los miercoles para emprendimientos, y en cuanto a la afip todo lo que toque los bancos/billeteras ya lo sabe",stytes,merval,1,2023-11-07 09:17:11,t1_k87b1pq,t3_17p0tdi,comment
k843cib,"De una! Creo que es cada viernes, no se a qué hora",Toni_Kroos__,merval,2,2023-11-06 16:57:41,t1_k842b56,t3_17p0tdi,comment
k848nww,x2,lufazai,merval,2,2023-11-06 17:28:54,t1_k842b56,t3_17p0tdi,comment
k85lxnn,https://www.reddit.com/r/Inversiones\_Arg/,Toni_Kroos__,merval,1,2023-11-06 22:39:15,t1_k842b56,t3_17p0tdi,comment
k84p3bo,"Perfecto amigo! Dale, ahí otro me escribió al chat también. Qué onda acá se puede armar /sub de lo que quieras? Si me dan una mano lo hacemos",Toni_Kroos__,merval,1,2023-11-06 19:03:25,t1_k84716q,t3_17p0tdi,comment
k85igm0,https://www.reddit.com/r/Inversiones\_Arg/ a unirse amigos!,Toni_Kroos__,merval,1,2023-11-06 22:15:25,t1_k848nww,t3_17p0tdi,comment
k85hycp,[https://www.reddit.com/r/Inversiones\_Arg/](https://www.reddit.com/r/Inversiones_Arg/) a unirse amigos!,Toni_Kroos__,merval,1,2023-11-06 22:11:55,t1_k84p3bo,t3_17p0tdi,comment
k9hy7r8,"Para consultas basicas o que se repiten seguido, tenemos un post general para evitar spam. Por favor busca en el subreddit antes de postear para ver si tu consulta ya fue discutida. Si no encontras una respuesta, publicá esto en el posteo general sobre preguntas y pedidos de ayuda del día que se encuentra como sticky en el sub. Gracias!",merval-ModTeam,merval,1,2023-11-16 10:31:31,t3_17wkt5s,t3_17wkt5s,comment
k9hnpzt,"Comprar ""Dolar mep"" se le dice a la operación en donde compras un bono en pesos y despues lo vendes en dolares.

El bono que generalmente se usa para eso es el AL30

Los brokers te lo hacen todo automatico, vos le das a comprar mep y ellos se encargan de comprar el bono y despues venderlo",[deleted],merval,14,2023-11-16 08:58:46,t3_17wkt5s,t3_17wkt5s,comment
k9hotzl,"Compras AL30, hace el parking y se cambia por dólares.",Outrageous-Builder31,merval,6,2023-11-16 09:09:52,t3_17wkt5s,t3_17wkt5s,comment
k9hp11x,"buenisimo, cositas que no sabia, estoy acostumbrado a la vieja escuela del blue y las cuevas. y como vi este mep mas cheap, opte por esa opcion. muchas gracias rediturro!",Low-Fox8027,merval,0,2023-11-16 09:11:46,t1_k9hnpzt,t3_17wkt5s,comment
k9hqc8j,"todo eso es automatico? directamente cocos una vez que hace eso, me trasnfiere los usd?",Low-Fox8027,merval,2,2023-11-16 09:24:20,t1_k9hotzl,t3_17wkt5s,comment
k9hte54,"Si usaste algun boton automatico es asi como decis, si hiciste la operatoria manual compras AL30, parking de 1 dia, vendes AL30D",mati_as15,merval,4,2023-11-16 09:51:44,t1_k9hqc8j,t3_17wkt5s,comment
k9huf0w,"Justo tengo una duda de la cotización y aprovecho y me meto. Si yo compro hoy el que es a 48 hs, mañana se vende automáticamente. Por lo cual no implicaría que se venda el Lunes verdad? Al ser 48 hs me refiero. Solo que la disponibilidad estaría recién el lunes",pali1592,merval,1,2023-11-16 10:00:24,t1_k9hte54,t3_17wkt5s,comment
k9hugrw,"Sii, osea entre en la opción dólar mep, puse compra y le mandé la barrita hasta llegar a 300 dólares en total. Y de ahí acepte condiciones y le mandé comprar. Calculo que eso entraría como un botón automático.",Low-Fox8027,merval,1,2023-11-16 10:00:49,t1_k9hte54,t3_17wkt5s,comment
k9hvuke,"> puse compra y le mandé la barrita hasta llegar a 300 dólares en total. Y de ahí acepte condiciones y le mandé comprar. Calculo que eso entraría como un botón automático.
> 
> O metí la pata y compré cualquier cosa mientras laburaba?

No es con mala intención, pero ¿cómo operás sin leer o entender qué estás haciendo? Salvo que 300 dólares tengan la misma importancia que un alfajor para vos, mínimo antes de operar tratá de entender _qué_ estás haciendo.",xour,merval,10,2023-11-16 10:12:28,t1_k9hugrw,t3_17wkt5s,comment
k8hvz31,"MEP es lo más seguro, sabes que en diciembre el dólar va a subir (y en cualquier otro momento, siempre)",Sad-Veterinarian-406,merval,16,2023-11-09 10:09:44,t3_17rcdcm,t3_17rcdcm,comment
k8ij1gd,"Cuidado con los cedears que son renta variable, tiene que ser plata que no vas a usar a largo plazo",Efficient_Pomelo_583,merval,11,2023-11-09 12:49:22,t3_17rcdcm,t3_17rcdcm,comment
k8i6rf4,"Yo tengo todo cripto para esas fechas, no lo dejo en el banco bajo ningún término",[deleted],merval,10,2023-11-09 11:29:40,t3_17rcdcm,t3_17rcdcm,comment
k8id7a9,[deleted],[deleted],merval,8,2023-11-09 12:12:36,t3_17rcdcm,t3_17rcdcm,comment
k8ilngm,"Si compro con 500 mil peronios ahora dolar mep, la operación terminaría el lunes al mismo valor del que lo veo ahora? (843.45) Eso no entiendo bien.",Sea_Count_5078,merval,7,2023-11-09 13:05:25,t3_17rcdcm,t3_17rcdcm,comment
k8kn7fp,[removed],[deleted],merval,2,2023-11-09 20:32:56,t3_17rcdcm,t3_17rcdcm,comment
k8mihiw,"Bitcoin, deja de renegar",TSakaji,merval,2,2023-11-10 06:17:48,t3_17rcdcm,t3_17rcdcm,comment
k8mmvod,"Compra bienes, el dolar sube baja los bienes siempre suben",[deleted],merval,1,2023-11-10 07:17:28,t3_17rcdcm,t3_17rcdcm,comment
k8mzgzk,.,Comfortable_Link2304,merval,1,2023-11-10 09:36:29,t3_17rcdcm,t3_17rcdcm,comment
k8vhjgg,"Mitad mitad. Un poco mep un poco cedears y así, un poco on.",cientoquince,merval,1,2023-11-11 23:00:10,t3_17rcdcm,t3_17rcdcm,comment
k8il96c,[deleted],[deleted],merval,6,2023-11-09 13:02:56,t1_k8hvz31,t3_17rcdcm,comment
k8kf8kh,Hago lo mismoo,Short-Divide-1138,merval,4,2023-11-09 19:39:47,t1_k8i6rf4,t3_17rcdcm,comment
k8ihv8d,"Cedars, cueva, crypto...",[deleted],merval,10,2023-11-09 12:42:07,t1_k8id7a9,t3_17rcdcm,comment
k8ihx8c,"No podrás comprar mep pero al blue podes y esta debajo de 900, mejor oportunidad hoy no hay",VdetuViejaa,merval,6,2023-11-09 12:42:28,t1_k8id7a9,t3_17rcdcm,comment
k8imf25,ward,ExtremussPrime,merval,6,2023-11-09 13:10:09,t1_k8ilngm,t3_17rcdcm,comment
k8j172j,Recibis al valor del dia q te depositan,Aware-Area-4131,merval,4,2023-11-09 14:39:16,t1_k8ilngm,t3_17rcdcm,comment
k8jxnvh,Tengo un conocido que le pasó eso. Uso el modo automático o simple del broker y los bonos se compraron antes y se vendieron el lunes posterior. Recibió menos billetes verdes.,Coskcho,merval,2,2023-11-09 17:52:13,t1_k8ilngm,t3_17rcdcm,comment
k8otgzo,"No necesariamente, si compras MEP la compra se realiza a través de un bono, si el precio del bono cambia para el lunes se te modifica el tipo de cambio, podes salir ganando o perdiendo. Si no hay tanta difencia con el blue y no estas acostumbrado a hacer estas operatorias, anda al blue.",wierdiuuw,merval,1,2023-11-10 16:51:43,t1_k8ilngm,t3_17rcdcm,comment
k8o17kg,"Para evitar riesgo de default no lo dejas ir a termino.


TV24 esta super interesante para comprar y mantener por estas epocas, si todavia lo tenes en cartera para Marzo/Abril del año que viene me parece medio suicida, opinión mia al menos.",daemmonium,merval,1,2023-11-10 13:56:59,t1_k8kn7fp,t3_17rcdcm,comment
k8iz755,"Yo recibí ATP hace un par de años y compré igual, acepté la declaración jurada y le mandé mecha. Si me meten en cana recuérdenme como un héroe, o como un boludo.",Independent-Focus438,merval,25,2023-11-09 14:27:25,t1_k8il96c,t3_17rcdcm,comment
k8jlgqc,Los del ATP no podian comprar oficial (yo fui uno) y por ese motivo empece a comprar MEP,Orange01car,merval,9,2023-11-09 16:39:24,t1_k8il96c,t3_17rcdcm,comment
k8k9on3,"Si debería, acá no lo venden en menos de 1050",Initial-Pie6856,merval,2,2023-11-09 19:04:41,t1_k8ihx8c,t3_17rcdcm,comment
k8imo24,No entiendo,Sea_Count_5078,merval,0,2023-11-09 13:11:42,t1_k8imf25,t3_17rcdcm,comment
k8j1you,"O sea que si el lunes se va a la estratósfera post debate electoral, recibo asteroides?",Sea_Count_5078,merval,8,2023-11-09 14:43:49,t1_k8j172j,t3_17rcdcm,comment
k8j7fx8,"No hay espacio en las carceles para tanta gente, a lo sumo te meten una multasa",Furiusao_xD,merval,9,2023-11-09 15:16:12,t1_k8iz755,t3_17rcdcm,comment
k8inaty,"Ah, no te respondía a vos, pero si me interesa ver lo que te responden. Es para no perder el comentario.",ExtremussPrime,merval,2,2023-11-09 13:15:37,t1_k8imo24,t3_17rcdcm,comment
k8ni0et,"Yo pense eso en las generales y no compré el viernes anterior por las dudas, por miedo...

el valor BAJO! (creo que no va a pasar ahora pero no sé)

compré cedears para cubrirme y perdí :/",Aware-Area-4131,merval,3,2023-11-10 11:57:29,t1_k8j1you,t3_17rcdcm,comment
k8nv7l5,"La multa: gracias por su compra, su dinero ahora es nuestro, saludos",ScheduleMindless5115,merval,1,2023-11-10 13:21:17,t1_k8j7fx8,t3_17rcdcm,comment
k8onenp,"Yo acabo de comprar 200 mil pesos al final, no quise arriesgar más. En mp me habrán quedado 470 mil aprox, por lo menos siguen dando rendimientos.",Sea_Count_5078,merval,1,2023-11-10 16:13:36,t1_k8ni0et,t3_17rcdcm,comment
k9k8da2,Te mandé priv,[deleted],merval,1,2023-11-16 19:19:08,t1_k8onenp,t3_17rcdcm,comment
kaltpnm, Ya se esta hablando del tema en otros threads y este descarriló rápido. Cierro.,HwanZike,merval,1,2023-11-24 17:10:01,t3_182vgyi,t3_182vgyi,comment
kakynw7,"Entré acá para ver qué opinaban y salí con dudas como:

¿Que son las leliqs?

¿Qué es un plan Bonex?

En resumen creo que hay muy poca educación financiera para el pueblo y a raíz de eso nunca terminamos de entender las propuestas de los candidatos o de qué pasa realmente y el riesgo que eso conlleva. 

Respondiendo a tu duda, con toda la movida tropical no pondría plata en plazo fijo. Te recomiendo conseguir USD ya sean físicos o en crypto.

Y ahora me voy a googlear todo lo de arriba que no entendí un pomo jajajaa.",oushizarg,merval,34,2023-11-24 13:40:07,t3_182vgyi,t3_182vgyi,comment
kal08zm,"Que haces con plazo fijo? Hace caución bursatil colocadora a traves de una sociedad de bolsa, es cassi la misma tasa pero infinitamente mas segura",xPity,merval,47,2023-11-24 13:50:57,t3_182vgyi,t3_182vgyi,comment
kakv2lk,"Los plazos fijos son una estafa. 


La tasa actual es impagable, encima tenés el quilombo de las Leliqs que esta a punto de explotar y va a impactar directamente en los plazos fijos y en los Fci como el de Mercadopago, Uala y similares.
Es solo cuestión de tiempo TIC TAC TIC TAC.",silverbryanDEV,merval,28,2023-11-24 13:15:12,t3_182vgyi,t3_182vgyi,comment
kal19zo,"La verdad que el de la leliqs un boludazo por que esta hablando de otra cosa si bien algo tiene que con el futuro de los plazos no tiene nada que ver con la pregunta.

Ahora respondiendo a la pregunta tenes 2 teorías

1 mantener tu plazo fijo y aumentarlo para cuando milei haga la convertibilidad ( si es que la hace) vos ya tengas dolares asegurados

2 teoría popular  sacar todo lo que tengas y gastarlo todo antes de que te lo coma la inflacion

Las pueden congeniar en cierto punto, debido a que la tasa de interés es alta lo optimo seria mantener la teoría 1 hasta que la teoría 2 sea la mejor",facux95,merval,7,2023-11-24 13:57:57,t3_182vgyi,t3_182vgyi,comment
kakxqsv,Que año dificil en r/merval,ZurditoBagley,merval,22,2023-11-24 13:33:47,t3_182vgyi,t3_182vgyi,comment
kalfyev,"A ver, milei va a tener dos años con minoria en el congreso, si deshace el central no va a ser en esos dos años. Si lo hace, va a ser con el apoyo de un buen troco peronista  asi que no creo que haya muchas chances.

Dicho esto,  el plazo fijo no es buen negocio ni ahora ni casi nunca. Salvo contadas excepciones a corto plazo que algunos aprovecharon. Igual personalmente me alejeria de CUALQUIER cosa que sea en bonos argentinos.. casi que te digo que incluso los que estan en dolares porque no se sabe a largo plazo exactamente cuanto y como va na reperfilar",simonbleu,merval,5,2023-11-24 15:36:50,t3_182vgyi,t3_182vgyi,comment
kal6696,"No comprendo, decis abajo que ""no entendés una goma"", pero invertis en un plazo fijo. Luego venis a preguntar al sub luego de haberlo hecho. Y encima todos te contestamos para ayudarte de forma gratuita, y salís a insultar a todos?

Te reporté en todos los comentarios. Disfruta el ban y disfruta el plazo fijo bombon.",Argentino_Feliz,merval,22,2023-11-24 14:31:10,t3_182vgyi,t3_182vgyi,comment
kal5rb2,[deleted],[deleted],merval,3,2023-11-24 14:28:23,t3_182vgyi,t3_182vgyi,comment
kalix6e,"Buenas, no conozco mucho del tema (aunque me gustaría), pero quería aprovechar para consultarles. Tengo un pariente que cobro 5 palos de una indemnización por fallecimiento. Los tiene en plazo fijo y sobrevive de los intereses (porque no puede trabajar). Ya se que fue una mala idea, pero y ahora que hace? El depende de esa plata para vivir, no posee otro ingreso. Gracias desde ya.",RodriZilli,merval,3,2023-11-24 15:57:04,t3_182vgyi,t3_182vgyi,comment
kakw4zb,La posibilidad de un plan Bonex es real.,ArgMiner,merval,7,2023-11-24 13:22:34,t3_182vgyi,t3_182vgyi,comment
kal0tkm,CEDEARS no seria mejor?,MelaniaSexLife,merval,5,2023-11-24 13:54:51,t3_182vgyi,t3_182vgyi,comment
kal29r3,"Pregunta pelotuda y con sin conocimientos. Que pasaria si en lugar de hacer un plan bonex bajaran la tasa de los plazos fijos/fcis a un valor irrisorio en comparacion a la inflacion? Obligaria a la gente a deshacerse de sus pesos y buscar otras opciones. Y si al dolar no pueden acceder, se pudre también?",HeIsABot,merval,6,2023-11-24 14:04:43,t3_182vgyi,t3_182vgyi,comment
kakykma,El que saca un plazo fijo en pesos es un boludo.,Argentino_Feliz,merval,7,2023-11-24 13:39:30,t3_182vgyi,t3_182vgyi,comment
kalisef,"milei no arreglara el pais en un dia, por el momento no metas tu plata ahi",gogos123,merval,2,2023-11-24 15:56:09,t3_182vgyi,t3_182vgyi,comment
kalj15s,"Lei todos los comentarios, sos un idiota OP. Decime donde vas a estar tirado pidiendo monedas asi voy a patearte.",PowerfulScallion_,merval,1,2023-11-24 15:57:51,t3_182vgyi,t3_182vgyi,comment
kalbpyn,Si corren riesgos los plazos fijo.,YankeesTerroristas,merval,1,2023-11-24 15:08:13,t3_182vgyi,t3_182vgyi,comment
kalpgho,Lo que sea menos renovarlo jajajaj,SrPiPo,merval,1,2023-11-24 16:41:19,t3_182vgyi,t3_182vgyi,comment
kal3vyp,"Las Leliq son la contrapartida de la emisión. Son préstamos que el BCRA toma de los bancos para sacar pesos de la circulación. Como instrumento existen en todos lados e idealmente son buenos, al banco le conviene no tener pesos en sus libros (que para ellos son deuda con sus clientes) y cambiarlos por activos como medida de reducción de riesgo.

El problema es que son prestamos de muy corto plazo, a una semana, y terminan pagando mucho más que la inflación en ese periodo. Entonces a los bancos les vuelve MAS pesos y necesitan sacarselos de encima de vuelta, entonces, MAS Leliq a la otra semana. También reducen el riesgo dando plazos fijos con tasa altísima, pasando un poco del riesgo inflacionario a los clientes

El plan bonex fue una medida extrema para frenar lo que en ese momento era un problema similar a las Leliq. En vez de seguir con el ciclo de BCRA toma préstamo, bancos entregan pesos, y todo balanceado con plazos fijos, en el 89 directamente frenaron la bicicleta de golpe cagando a todos los tenedores de plazos fijos. Durante un fin de semana, le transformaron a todo el mundo los plazos fijos a todo el mundo en bonos a pagar en 1999 (no recuerdo la tasa). Como sabrás los bonos comercian bajo par, esencialmente si querías rescatar tu dinero tenías que comerte un corte del 50%. Eventualmente esto estabilizó la situación en los 90, obviamente a un costo altísimo para la gente y no sin un par de corridas hasta el 1991.",teteban79,merval,47,2023-11-24 14:15:43,t1_kakynw7,t3_182vgyi,comment
kalgguy,"Las leliq son plazo fijo para bancos (pero corto plazo e interes alto), y el plan bonex es el gobierno pagando un cheque con otro cheque porque no habia guita, como ahora",simonbleu,merval,7,2023-11-24 15:40:17,t1_kakynw7,t3_182vgyi,comment
kal5kj2,"La verdad que no, yo no entiendo una goma 

El tema de pasar todo a USD es que con lo que da el plazo fijo, pago otras cosas, si los tengo ahi parados no pago las cuotas 😬",[deleted],merval,6,2023-11-24 14:27:06,t1_kakynw7,t3_182vgyi,comment
kal3z2y,"> ¿Qué es un plan Bonex?

esta duda te la van a sacar muy bruscamente el año que viene jaja",rami_lpm,merval,17,2023-11-24 14:16:18,t1_kakynw7,t3_182vgyi,comment
kal6c7n,"Excelente querido, mi mama tiene un plazo fijo de 1 millon de pesos, yo ya venia haciendo causiones pero con mi plata, que se yo, es jubilada y lo usa para pagar sus cosas de la casa, voy hacer lo mismo entonces, te agradezco la recomendacion y si sos de Rosario, te invito unas birras. Abrazo.",ema_eltuti,merval,23,2023-11-24 14:32:16,t1_kal08zm,t3_182vgyi,comment
kalfg94,Dónde puedo encontrar información confiable sobre eso de la causiom bursátil colocadora? Nunca lo escuché y me interesa jsjs,[deleted],merval,8,2023-11-24 15:33:22,t1_kal08zm,t3_182vgyi,comment
kalkr8q,Explique su maqueta jovencito,MainKingHookee,merval,11,2023-11-24 16:09:38,t1_kal08zm,t3_182vgyi,comment
kaldwau,A través de balanz por ejemplo?,pabl0mgm,merval,4,2023-11-24 15:22:47,t1_kal08zm,t3_182vgyi,comment
kal5oy0,"paga impuesto cedular el rendimiento, pf no, pero ok, las garantias son definitivamente mejores",[deleted],merval,3,2023-11-24 14:27:57,t1_kal08zm,t3_182vgyi,comment
kal54hs,"Si, si, claro, dale.",[deleted],merval,-21,2023-11-24 14:24:04,t1_kal08zm,t3_182vgyi,comment
kal1dlo,Por qué en los fci?,Tevutsu,merval,5,2023-11-24 13:58:37,t1_kakv2lk,t3_182vgyi,comment
kalbkaf,"Perdon la burrada, pero esto implicaría que el interés que da, por ejemplo, mercado pago se reduzca? O perder la plata que tenes ahí? Yo paso mi sueldo a mercado pago todos los meses para comprarme los puchos jsjja",pabl0mgm,merval,5,2023-11-24 15:07:09,t1_kakv2lk,t3_182vgyi,comment
kalrvnx,jsjsjs lorito de milei,oficinistarandom,merval,1,2023-11-24 16:57:38,t1_kakv2lk,t3_182vgyi,comment
kal5bj9,"Si, no podés preguntar un carajo porque te responden para el orto, los genios de la economía de este sub tienen unos problemitas importantes",[deleted],merval,13,2023-11-24 14:25:24,t1_kakxqsv,t3_182vgyi,comment
kal712v,"Contestan todos como el orto jajajaja no se puede preguntar una mierda que salen todos a atacarte, no todos sabemos de inversiones como ustedes genios

Uh reportaste? Hacete culiar pelotudo",[deleted],merval,-24,2023-11-24 14:36:52,t1_kal6696,t3_182vgyi,comment
kal5w9e,Por fin alguien que responde bien,[deleted],merval,-5,2023-11-24 14:29:18,t1_kal5rb2,t3_182vgyi,comment
kaloz8o,"que se gire a cedears SPY500, se compran/venden en pesos y se valuan en dolares, por mas que la variacion le haga perder algo de valor va a perder menos con la variación del valor (que varia poco relativamente), que poniendo ahorro en una moneda que pase lo que pase va a perder valor (el peso en plazo fijo)

imaginate que los cedears siempre escalan al dolar mep, entonces ahi ya no te concierne que suban o baje el plazo fijo para que alcance al dolar... ya estas en dolares, ahi solo tenes que preocuparte de la variacion de tu stock, el s&p500 es de los que menos varia y a fin de año termina ganando muy habitualmente

capaz alguien mas del sub te sabe recomendar un stock que pague algun commodoties que paguen mensualmente y le sirvan para zafar a tu conocido",obtumam,merval,3,2023-11-24 16:38:05,t1_kalix6e,t3_182vgyi,comment
kakxoor,Si Milei saca un Plan Bonex se le termina el gobierno.,silverbryanDEV,merval,10,2023-11-24 13:33:22,t1_kakw4zb,t3_182vgyi,comment
kal4s7p,"Ni idea jajaja el plazo fijo lo tengo porque bueno, es algo simple y se que a tal fecha ya tengo x cantidad de plata",[deleted],merval,-6,2023-11-24 14:21:47,t1_kal0tkm,t3_182vgyi,comment
kal423c,"La gente sacaría la plata de los plazos fijos, desplazada por la baja en la tasa de interés,y todos esos pesos que estaban en plazo fijo se inyectarían en la economía. Esos pesos que estaban ""congelados"" en el plazo fijo, salen de los bancos y te vas a una corrida cambiaria. Básicamente aumenta la oferta de pesos y no hay demanda de pesos. Te vas a una hiperinflación.",IngenieroAsesino,merval,15,2023-11-24 14:16:53,t1_kal29r3,t3_182vgyi,comment
kalwzyk,">Que pasaria si en lugar de hacer un plan bonex bajaran la tasa de los plazos fijos/fcis a un valor irrisorio en comparacion a la inflacion?

Una devaluacion quasi inmediata, demasiada liquidez en plaza. Corrida cambiaria, el blue por las nubes, hiper inflacion. Todo en un dia y medio maximo.",diyexageh,merval,6,2023-11-24 17:31:34,t1_kal29r3,t3_182vgyi,comment
kal8q3h,"Eso genera una corrida, nadie quiere eso. La plata de los PF no puede entrar en circulación ¿Como planean hacer eso? No lo sabemos. Milei dijo que no iban a vulnerar el derecho a propiedad de las personas (tenemos el antecedente del plan BONEX) y que va a ser una solución de mercado. Básicamente, ofrecer algo a cambio de esos pesos pero aún no tenemo noticias. 

Antes que eso hay que solucionar el problema de las leliqs.",MondongoLisergico,merval,4,2023-11-24 14:48:11,t1_kal29r3,t3_182vgyi,comment
kal5n1n,Hacete culiar pelotudo,[deleted],merval,-17,2023-11-24 14:27:35,t1_kal29r3,t3_182vgyi,comment
kal48db,"Ignorante aca, pero entiendo que las leliqs pagaron intereses al comprarlas, no al vencimiento.

Es decir, el interes esta en que compraron algo que paga $100, a $40.

Ahora el banco tiene que pagar lo que dice la letra, es decir los $100.

Porfa corrijanme si no es asi.",MyOtherAcctsAPorsche,merval,1,2023-11-24 14:18:04,t1_kal29r3,t3_182vgyi,comment
kal3x4v,Los últimos seis meses no menos de dos o tres post diarios de pf. Ahora se vienen los post diarios de que hacer con los pf que se sacaron,Significant_Pay_5423,merval,5,2023-11-24 14:15:56,t1_kakykma,t3_182vgyi,comment
kaljj91,"En la cama, con tu vieja",[deleted],merval,3,2023-11-24 16:01:20,t1_kalj15s,t3_182vgyi,comment
kale4kj,Gracias,[deleted],merval,1,2023-11-24 15:24:20,t1_kalbpyn,t3_182vgyi,comment
kal4a67,Que genio! gracias por explicarme <3,oushizarg,merval,7,2023-11-24 14:18:25,t1_kal3vyp,t3_182vgyi,comment
kalaubr,"Muy bueno, pero no comparto la conclusión de que haya ayudado en algo. Menem antes del bonex asume con un dólar a 1200 australes y dolariza con dólar a 10.000 australes, antes del recambio a pesos convertibles",Namuru09,merval,5,2023-11-24 15:02:16,t1_kal3vyp,t3_182vgyi,comment
kaliw55,"la cuestion esta que tenes mas plata porque te da muchos pesos, pero esos pesos tienen poco valor.  
supone que con la guita que tenes en plazo fijo compras 1000 dolares, cuando siga devaluando comprarias menos. Pero si tenes los dolares cuando salis a venderlos, te fijas cual esta mas caro y ahi puede que te rinda mas.  
Ademas que estas resguardado ante una devualuacion fuerte como paso tras las paso.  
En algunas ocasiones si era rentable el plazo fijo porque los valores estaban no tan volatiles",No-Chair9813,merval,5,2023-11-24 15:56:52,t1_kal5kj2,t3_182vgyi,comment
kalifio,"Gracias! Soy de Cordoba pero te aviso si ando por allá! Jaja, abrazo",xPity,merval,12,2023-11-24 15:53:41,t1_kal6c7n,t3_182vgyi,comment
kalkdtd,"BYMA, es un instrumento regulado por la CNV, la podes operar desde cualquier cuenta en sociedad de bolsa con dos clics y plazo minimo de 1 día habil",xPity,merval,10,2023-11-24 16:07:08,t1_kalfg94,t3_182vgyi,comment
kalnpmp,?,xPity,merval,5,2023-11-24 16:29:34,t1_kalkr8q,t3_182vgyi,comment
kalij62,"Si, balanz, cocos, invertironline, etc",xPity,merval,5,2023-11-24 15:54:23,t1_kaldwau,t3_182vgyi,comment
kalbleo,?,gLowtee,merval,8,2023-11-24 15:07:22,t1_kal54hs,t3_182vgyi,comment
kali8i4,"De verdad te digo loco, son dos clics",xPity,merval,3,2023-11-24 15:52:22,t1_kal54hs,t3_182vgyi,comment
kal2lzo,"Porque gran parte de los activos son Leliqs 🤡

Acaso como crees que es posible dar rendimientos del +100%?",silverbryanDEV,merval,15,2023-11-24 14:07:01,t1_kal1dlo,t3_182vgyi,comment
kal9veb,"Los ""money markets"", es decir, las billeteras particularmente.",Angry_argie,merval,4,2023-11-24 14:55:46,t1_kal1dlo,t3_182vgyi,comment
kalfvyj,"Claro, lo que tenés en MP, ellos lo invierten en Leliqs y te dan una parte a vos. Si las Leliqs dejan de pagar, o disminuye el interés que el BCRA les da, tu parte también va a bajar.",GusCarracedo,merval,6,2023-11-24 15:36:22,t1_kalbkaf,t3_182vgyi,comment
kal742w,O capaz que vos tenés algunos problemas de comprensión,Status_Director8633,merval,8,2023-11-24 14:37:25,t1_kal5bj9,t3_182vgyi,comment
kalhgpk,"Mas alla de la mala leche del usuario (al que respondiste con la misma mala leche pero bueno), esta el thread diario, la guia y pacticamente todos los comentarios en todos los post diciendo que el palzo fijo no es precisametne negocio el 99% del tiempo, menos a largo plazo, que no vale la pena

El problema no es no saber, el problema es que  \*ya invertiste\* en algo en lo que no averiguaste mucho previamente.",simonbleu,merval,10,2023-11-24 15:47:05,t1_kal712v,t3_182vgyi,comment
kalhh59,"Mas alla de la mala leche del usuario (al que respondiste con la misma mala leche pero bueno), esta el thread diario, la guia y pacticamente todos los comentarios en todos los post diciendo que el palzo fijo no es precisametne negocio el 99% del tiempo, menos a largo plazo, que no vale la pena

El problema no es no saber, el problema es que  \*ya invertiste\* en algo en lo que no averiguaste mucho previamente.",simonbleu,merval,1,2023-11-24 15:47:11,t1_kal712v,t3_182vgyi,comment
kal74ft,No des nada por sentado en este país.,MondongoLisergico,merval,7,2023-11-24 14:37:29,t1_kakxoor,t3_182vgyi,comment
kal2tn4,Me*em hizo uno y lo reeligieron.,ArgMiner,merval,6,2023-11-24 14:08:28,t1_kakxoor,t3_182vgyi,comment
kalswnd,"Tenes razon en que las leliqs son es un bono con cupon cero, pero el interes te lo paga al vencimiento.   

El bcra te vende a 40$ un vale (leliq) que dice 100$ a pagar el 30/12/2023. El banco que compra la leliq tiene solo un pagaré del central. Hasta que no es el 30, no cobra nada (ni interes ni capital).   

Y ahi esta el riesgo, que el bcra se de vuelta y diga ""ah no, no tengo plata, salu2"" y te lo cambien por otro papelito para mas adelante (el reperfilamiento de lacunza o el plan bonex)",ZurditoBagley,merval,3,2023-11-24 17:04:32,t1_kal48db,t3_182vgyi,comment
kalk943,"Osea que ademas de elegir mal donde invertir, no informarte, delirar a los que te dan consejos, no vas ni a la calle a pedir monedas que te quedas con una vieja de 80 años que vive conectada a un respirador? Mas que merecida la patada.Cuantos planes cobras ahora? Vago",PowerfulScallion_,merval,3,2023-11-24 16:06:15,t1_kaljj91,t3_182vgyi,comment
kalekto,"Es que son dos cosas distintas, el bonex fue el frenazo de la bola de nieve, la devaluación para poder rescatar los pesos que quedaron después de eso.

Uno es frenar la bola y lo otro derretirla, digamos",teteban79,merval,11,2023-11-24 15:27:23,t1_kalaubr,t3_182vgyi,comment
kalodgr,"Que me interesa eso que pusiste en el comentario, desconozco y me gustaría que me expliques el tema si puede ser?",MainKingHookee,merval,3,2023-11-24 16:34:02,t1_kalnpmp,t3_182vgyi,comment
kalbur9,Es un idiota,Status_Director8633,merval,11,2023-11-24 15:09:07,t1_kalbleo,t3_182vgyi,comment
kalqj3o,"Eh no, los fci no tienen leliqs. Tendran LECER a lo sumo",ZurditoBagley,merval,7,2023-11-24 16:48:34,t1_kal2lzo,t3_182vgyi,comment
kalg1xs,"Claro, entiendo, muchas gracias",pabl0mgm,merval,1,2023-11-24 15:37:29,t1_kalfvyj,t3_182vgyi,comment
kalnlst,"Por ignorancia pregunto, como sabes que los invierten en leliqs o es una suposición? En la publicidad de la radio dicen que no es una entidad financiera y que los fondos están asegurados.",[deleted],merval,1,2023-11-24 16:28:51,t1_kalfvyj,t3_182vgyi,comment
kal7fg6,"Saltan todos a atacar a cualquiera, andan todos muy alterados, tomense un té de tilo",[deleted],merval,5,2023-11-24 14:39:30,t1_kal742w,t3_182vgyi,comment
kalr1h3,"Antes de comentar en este sub estuve como un mes leyendo todos los post de la wiki, porque no queria preguntar algo al pedo.   

Pero acá un monton no quiere leer ni buscar, porque eso seria mucho esfuerzo, y prefieren que les den toda la informacion servida en bandeja.   

Y encima cuando los mandas a leer la wiki o le decis que para consultas hay un thread te bardean.",ZurditoBagley,merval,2,2023-11-24 16:51:59,t1_kalhgpk,t3_182vgyi,comment
kalb0iy,Pasa que el turco era peronista y acá todo lo que lleve ese tag tiene un grupo de gente que los va a votar igual pase lo que pase,leitoo21,merval,5,2023-11-24 15:03:25,t1_kal2tn4,t3_182vgyi,comment
kalr5mu,"Básicamente las cauciones son una operación financiera que la gente usa para tener liquidez, vos al aportar tu plata te llevas un porcentaje.

Y cada vez que alguien pide plata, tiene que poner activos de garantía.",PunkerWannaBe,merval,12,2023-11-24 16:52:45,t1_kalodgr,t3_182vgyi,comment
kalb4hh,"Jajaja generación de cristal, les decis algo y ya se rompen.",Status_Director8633,merval,-11,2023-11-24 15:04:11,t1_kal7fg6,t3_182vgyi,comment
kalrdgt,"Muchas gracias por responder, donde puedo hacer ese tipo de operación?",MainKingHookee,merval,3,2023-11-24 16:54:11,t1_kalr5mu,t3_182vgyi,comment
k9g6ck3,Tapa de mañana en El Cronista: Cómo ganar 16% en un día desde tu casa.,joaquini,merval,75,2023-11-15 23:36:33,t3_17wb6yg,t3_17wb6yg,comment
k9g5czy,"Y a veces vas a comprar la que está subiendo pensando que sigue subiendo y baja. 

O vas a comprar la que bajó porque está barata y sigue bajando. 

Yo tenia un par de cedears que venían subiendo y ayer por mera intuición los vendí, hoy bajaron un 22% de una y no se si más. 

Si es plata ficticia te va a parecer una pavada, el tema es cuando pones la tuya que no la querés perder y te metes cada vez más en tema para no perderla.",Leading_Ad2402,merval,48,2023-11-15 23:29:32,t3_17wb6yg,t3_17wb6yg,comment
k9gdbn0,"podes ganar 10% miles de veces, con perder una sola vez 100% fuiste",Cobayo,merval,45,2023-11-16 00:27:59,t3_17wb6yg,t3_17wb6yg,comment
k9ga73z,"Hay que aprender probabilidad y estadística antes que finanzas. 

Lo que te paso no es suerte. Es azar.",TheJix,merval,26,2023-11-16 00:04:32,t3_17wb6yg,t3_17wb6yg,comment
k9g6znq,"Si, fue suerte. En un mercado alcista puede que la tendencia te acompañe, pero no es una estrategia permanente. Igual con 3 días no hay análisis que valga.. podés probar 1 a 3 meses, o hacer backtesting de tu estrategia con datos históricos a ver cómo hubiera funcionado a lo largo del tiempo.",juani15151,merval,20,2023-11-15 23:41:06,t3_17wb6yg,t3_17wb6yg,comment
k9g5jqd,"Seria el equivalente a decir que ganar un formula 1 es simplemente manejar en círculos (suena medio sorete pero trato de decirlo desde el respeto).

Creo que por tu parte te falta una mayor inmersión en temas financieros y bursátiles, estas viendo la punta del iceberg. La compra y mucho mas la venta de acciones requiere contemplar muchas cosas (ratios, analisis coyunturales, situacion economica, etc)",Maleficent-Force-355,merval,8,2023-11-15 23:30:51,t3_17wb6yg,t3_17wb6yg,comment
k9i33ba,"siempre es asi con los dolares virtuales... siempre ganas.

Despues vas con los verdes de en serio y al primer dia te encontras que perdiste 50%!",Apprehensive_Stop666,merval,5,2023-11-16 11:08:23,t3_17wb6yg,t3_17wb6yg,comment
k9jtxvw,Mira yo venia como vos y tenia 30% arriba. Este año perdi como 14 mil verdes. No tradees futuros.,liberty_or_nothing,merval,3,2023-11-16 17:44:09,t3_17wb6yg,t3_17wb6yg,comment
k9hle2h,"Como bien dicen,  imagínate 1.000 personas comprando aleatoriamente. Es razonable que 50% gane y 50%.
De esos que ganan, un % más chico va a ganar mucho. 

No es fácil,  es ""la suerte"" de caer de ese lado de la curva.

Ahora,  si eso se repite de manera consistente a lo largo del tiempo,  disminuye la posibilidad de que sea azar, aunque nunca es cero.",tinnuk,merval,2,2023-11-16 08:34:13,t3_17wb6yg,t3_17wb6yg,comment
k9idvbt,"Hay algo fundamental que me costó mucho entender. 

Corto plazo: Si algo está subiendo, tiende a seguir subiendo y si algo está bajando tiende a seguir bajando. Siempre pensé que eso era una portunidad de hacer plata facil. De hecho hay ETFs que se basan en simplemente seguir la tendencia, momentum se llaman y tienen cierto éxito. El pasado de corto plazo es un buen predictor del futuro a corto plazo.

Largo plazo: En el largo plazo, una de las fuerzas más grandes es la de regresión a la media, que justamente es el opuesto a la tendencia, y lo que hace que tenga sentido comprar barato respecto de la media y vender caro respecto de la media. El pasado de corto plazo no es un buen predictor del futuro a largo plazo.",Consistent-Ad-2574,merval,2,2023-11-16 12:21:23,t3_17wb6yg,t3_17wb6yg,comment
k9iugrn,"Hace 2 días dieron los datos de inflación en USA y estuvieron por debajo de las expectativas, por lo que ese día (martes) el mercado pegó un salto importante, viniendo de unas semanas (o un poco más) bastante duras. Esto renueva la esperanza de que en 2024 la FED pueda recortar la tasa de interés.

Por lo tanto, lo que te pasó fue que hiciste la prueba en uno de los mejores días para el mercado de los últimos meses, simplemente buen timing.

Lo que te animo a hacer es que sigas aplicando tu estrategia por un plazo de tiempo mayor, y saques conclusiones con más información, y ahí vas a ver, sin sesgos, que en realidad no es tan fácil. 

Otra cosa que se suele hacer para ""validar"" una estrategia, es ir a buscar los datos históricos (en Yahoo Finance tenés toda la info para hacerlo), de las acciones con las que te interese validar lo que estás haciendo, y veas qué hubiera pasado si lo hacías durante la última semana, durante el último mes, durante el último año, etc.

No sé si te gusta el fútbol, pero es como si el único partido que hubieras visto de Brasil sea el día que se comieron 7, no podrías decir que siempre juegan así porque ese día pasó eso. Acá es más o menos (menos extremo) lo mismo.",pablogre,merval,2,2023-11-16 14:04:32,t3_17wb6yg,t3_17wb6yg,comment
k9i2t8l,Esto es casino a la larga.,Afraid-Property500,merval,1,2023-11-16 11:06:21,t3_17wb6yg,t3_17wb6yg,comment
k9hi5zn,"Pasa que todavía no tuviste días donde todo baja (todos los indices, ccl, etc) 

En esos días empiezan todas las dudas. Aguantas porque se recupera? Termina siendo un amague? O cambia la tendencia y se hunde todo? 

Empezas a jugar con los soportes y por ahi te pones demasiado tolerante a la baja esperando rebotes que están muy cerca",[deleted],merval,1,2023-11-16 07:56:41,t3_17wb6yg,t3_17wb6yg,comment
k9hkmh1,Comprar cuando sube = F,kingxdred,merval,1,2023-11-16 08:25:37,t3_17wb6yg,t3_17wb6yg,comment
k9hvoth,"Es la plataforma que promocióna ""Jack McAllister"", seguro que da buenos dividendos",cabeza_inquieta,merval,1,2023-11-16 10:11:08,t3_17wb6yg,t3_17wb6yg,comment
k9iha74,"sali de ahí maquinilla, lo mismo me paso en libertex, con la demo iba pisteando como un campeón, cuando dije pongo plata 40 dólares hace salida perdi 20 sin pestañar, el lío fue cuando quise sacar los 20 los termine mandando a skrill, compré btc y hoy valen como 150 dólares q no se cómo sacarlos",MarceloTDF,merval,1,2023-11-16 12:42:59,t3_17wb6yg,t3_17wb6yg,comment
k9korjb,"cualquiera puede ganar o perder 2 o 3 días seguidos. El tema es lo que hacés en 1 año, 2, 5 o 10. 

En el corto plazo la mayoría de los mercados son un casino y ganar plata consistentemente como day trader es complicadísimo.",holyknight00,merval,1,2023-11-16 21:17:07,t3_17wb6yg,t3_17wb6yg,comment
k9g6jjw,Jajaja,VenecoArgentino,merval,7,2023-11-15 23:37:54,t1_k9g6ck3,t3_17wb6yg,comment
k9ga9fu,"Exacto 

Ahí estuve mirando el gráfico y la acción que compré (Blink) estuvo cayendo 1 año y la última semana subió un 70%

Supongo que la estrategia que usé sin saber fue comprar algo que estaba muerto y empezó a recuperar 

Que puedo googlear para aprender más sobre esa técnica?",VenecoArgentino,merval,1,2023-11-16 00:05:00,t1_k9ga73z,t3_17wb6yg,comment
k9g5zd9,Entonces por que gané 23% en 3 días?,VenecoArgentino,merval,-7,2023-11-15 23:33:54,t1_k9g5jqd,t3_17wb6yg,comment
k9jy36k,Jajaja,VenecoArgentino,merval,1,2023-11-16 18:11:07,t1_k9i33ba,t3_17wb6yg,comment
k9ju6kb,"El tema es, que consideras corto plazo? 3 dias? Un dia? 2 horas?",liberty_or_nothing,merval,2,2023-11-16 17:45:43,t1_k9idvbt,t3_17wb6yg,comment
k9jx27p,Entonces si te subís a algo que está subiendo te conviene bajarte rápido por las dudas no?,VenecoArgentino,merval,1,2023-11-16 18:04:26,t1_k9idvbt,t3_17wb6yg,comment
k9k1mfm,"Capaz una mejor formulación, es decir que todo tiende a regresar a su tendencia, si la de corto es opuesta a la de largo, puede ser una oportunidad. Pero creo que ya roza el analisis técnico y nunca me convenció.",Consistent-Ad-2574,merval,1,2023-11-16 18:34:16,t1_k9idvbt,t3_17wb6yg,comment
k9jtek2,"Buen dato 

Estoy haciendo eso, hoy vendí todo y volví a dividir entre las 5 o 6 acciones que estaban arriba de todo 

Vamos a ver qué pasa, si hay alguna que se mantenga arriba pasaré todo a esa, pero creo que voy a seguir así, sin durar más de dos o tres días con una acción 

Gracias por la buena onda",VenecoArgentino,merval,1,2023-11-16 17:40:40,t1_k9iugrn,t3_17wb6yg,comment
k9hm7zx,Vendo y espero?,VenecoArgentino,merval,0,2023-11-16 08:43:14,t1_k9hi5zn,t3_17wb6yg,comment
k9hm6dt,"Esta acción venía bajando durante meses, subió 70% la última semans",VenecoArgentino,merval,1,2023-11-16 08:42:44,t1_k9hkmh1,t3_17wb6yg,comment
k9ju4xm,"Jaja ayer tuve la tentación de meter guita real pero voy a seguir todo el tiempo de prueba y después vemos 

Además no gastaría plata real en esto pq lo que estoy haciendo lo podría hacer un nene de 10 años, no sería lógico que funcione

Vamos a ver hasta donde puedo llegar haciendo las cosas así jeje",VenecoArgentino,merval,2,2023-11-16 17:45:25,t1_k9iha74,t3_17wb6yg,comment
k9gaqsq,"Eso es suerte. Es azar. Capaz mañana cae de nuevo peor aún y vos no sacaste la plata y ahora tus 100 son 87. 

Páginas como investopedia tienen buen material amigable sin ser demasiado técnico.",TheJix,merval,18,2023-11-16 00:08:34,t1_k9ga9fu,t3_17wb6yg,comment
k9ozo50,"Es analisis tecnico eso, basicamente ver graficos. Pero por muchos es considerado timba con pasos extra.",[deleted],merval,1,2023-11-17 19:20:18,t1_k9ga9fu,t3_17wb6yg,comment
k9g9l0g,"Fui al casino aposte al rojo y gane 100% en 5 minutos, saludos capo",ZurditoBagley,merval,8,2023-11-16 00:00:01,t1_k9g5zd9,t3_17wb6yg,comment
k9g773h,"https://www.reddit.com/r/merval/s/i0CvQnsIb8

Casi terminando el post hay una parte donde dice  ""Como evaluar las decisiones de inversion"" es un ejemplo muy claro",Maleficent-Force-355,merval,6,2023-11-15 23:42:37,t1_k9g5zd9,t3_17wb6yg,comment
k9g769y,Suerte? O capaz que sos mucho más vivo que los demás.,Leading_Ad2402,merval,1,2023-11-15 23:42:27,t1_k9g5zd9,t3_17wb6yg,comment
k9k0vyr,"Es muy buena la pregunta. Y los horizontes los ponés vos, si tu corto son unos segundos, el largo plazo puede ser dias, si tu corto es días, tu largo puede ser meses, capaz está relacionado a la volatilidad de la acción, y ya te metés en analisis técnico que no me gusta.

Mi observación es que el próximo minuto de una acción correlaciona más con la tendencia de los últimos minutos, que con la tendencia de los últimos diez años y creo que eso es levemente explotable o incluso sin serlo, parece una aseveración cierta. 

Si fuera totalmente random, verias otro tipo de gráfico. Como ruido.",Consistent-Ad-2574,merval,2,2023-11-16 18:29:24,t1_k9ju6kb,t3_17wb6yg,comment
k9mpqac,"Y depende, si esa subida de corto plazo se da en apple que viene subiendo hace hace años y la subida no es 20% en un día, sino que la subida es compatible con la tendencia de largo, tenés buenas chances de que siga subiendo. Pero si le fue extremadamente bien en el corto es probable que baje para retomar la tendencia de subida moderada del largo. Lógicamente el CEO de apple se puede volver loco, errar las decisiones y estrellar la compañia en un par de años y toda la teoría a la basura.",Consistent-Ad-2574,merval,2,2023-11-17 09:51:44,t1_k9jx27p,t3_17wb6yg,comment
k9hsa31,"Y por eso había que comprar en aquellos meses.

Los verdaderamente beneficiados fueron los que te compraron barato cuando vendiste las que venían a la baja.

Más allá de eso, bienvenido a este hermoso mundo <3",kingxdred,merval,0,2023-11-16 09:42:01,t1_k9hm6dt,t3_17wb6yg,comment
k9ggww7,"Pero si hago la diferencia en el día y lo vendo me quedo con la ganancia 

Hay algún nombre específico para meterme a estudiar eso?

A mí lo que me divierte es sacar una ganancia en el día, eso es day trading no?",VenecoArgentino,merval,2,2023-11-16 00:56:06,t1_k9gaqsq,t3_17wb6yg,comment
k9ga6xb,"Ahí estuve mirando el gráfico y la acción que compré (Blink) estuvo cayendo 1 año y la última semana subió un 70%

Supongo que la estrategia que usé sin saber fue comprar algo que estaba muerto y empieza a subir

Que puedo googlear para aprender más sobre esa técnica?",VenecoArgentino,merval,0,2023-11-16 00:04:29,t1_k9g773h,t3_17wb6yg,comment
k9g84b9,"No creo, si yo no hice nada 

La pregunta es si es normal ganar estos márgenes 

Osea con que esto se repita una vez al mes alcanza para hacer buena guita, solamente tendría que tener suerte una vez al mes jaja

Entonces no entiendo a los que se rompen el cráneo viendo gráficas si ganan menos

O es normal 23% de margen?",VenecoArgentino,merval,1,2023-11-15 23:49:22,t1_k9g769y,t3_17wb6yg,comment
k9gxnvj,"El problema arranca cuando tenes que tradear con tu guita, por cada compra y venta que haces perdés plata en impuestos y comisiones, por lo tanto tenes que conseguir un margen de ganancia importante.  
y el otro es que la mayoría de las acciones liquidan en 48hs. Para hacer timba tenes que tener flor de guita de sobra que puedas ir comprometiendo de a 48hs, y es un riesgo enorme.",Nearby_Touch7779,merval,6,2023-11-16 03:35:03,t1_k9ggww7,t3_17wb6yg,comment
k9gnm2x,"Si eso es daytrading. La ganancia la tenes cuando volvés a tener cash. Otra cosa diferente entre el simulador y la realidad es que los simuladores siempre te venden/ compran. En la realidad muchas veces metes una orden y justo justo cambia y no te la completa y tenes que ver si esperas o cancelas y creas una nueva a otro precio, u otras veces hay poco volumen",Desmo4,merval,3,2023-11-16 01:53:03,t1_k9ggww7,t3_17wb6yg,comment
k9habs8,"Benjamin Graham - El Inversor Inteligente

No te digo que te leas todo el libro (aunque lo recomiendo bastante) pero hay unos capítulos en concreto que trata en profundidad este tipo de situaciones.

Y por lo que estuve viendo vos apuntas mas a análisis técnico con el fin de tener un retorno mas rápido. Te diria que busques conceptos como Smart Money Trading.",Maleficent-Force-355,merval,2,2023-11-16 06:13:58,t1_k9ga6xb,t3_17wb6yg,comment
k9ganic,"""suerte una vez al mes""
Amigo si tu plata la va a manejar la suerte mejor anda al casino.
Si, tuviste suerte. Pero el mercado de valores se opera teniendo un mínimo conocimiento para reducir los riesgos.

Si igual te querés regir por la suerte dale para adelante. Si te sale bien, golazo. Y sino vas a aprender a operar mejor.",[deleted],merval,13,2023-11-16 00:07:54,t1_k9g84b9,t3_17wb6yg,comment
k9gh1g9,"Lo que quiero aprender es como invertir así a corto plazo para sacar una ganancia en el día 

Eso es day trading?",VenecoArgentino,merval,1,2023-11-16 00:57:07,t1_k9ganic,t3_17wb6yg,comment
k9htf2a,"El day trading es medio volazo.  
Te lo pongo así: Vos tenes una ""acción"".   
¿Cómo sabes si al final del día va a subir o bajar? En serio, actualmente como lo haces vos?",[deleted],merval,1,2023-11-16 09:51:57,t1_k9gh1g9,t3_17wb6yg,comment
