id,text,author,subreddit,score,created_utc,parent_id,link_id,type
jydivw6,[removed],[deleted],merval,55,2023-08-30 10:57:36,t3_165eh12,t3_165eh12,comment
jydsa0s,Pa tener miedo mejor no haber nacido,I_am_javier,merval,46,2023-08-30 11:57:21,t3_165eh12,t3_165eh12,comment
jydjs2r,"Aca un loquito intentándolo, despues lo largo a la mi#d@.

Si sale, sale.",Cursed_Hound,merval,33,2023-08-30 11:03:30,t3_165eh12,t3_165eh12,comment
jydjb1p,Que paso que estás considerando esto? Estoy completamente fuera del loop,anonssr,merval,19,2023-08-30 11:00:23,t3_165eh12,t3_165eh12,comment
jydj06c,Alguno me lo explica como si tuviera 6 años?,pollofritoop,merval,24,2023-08-30 10:58:23,t3_165eh12,t3_165eh12,comment
jydlbev,"Tenes que estar muy drogado para tomar riesgo argentina en este contexto, mas despues del anuncio de massa, estas a un brink de una hiper",CoupleOfBitches,merval,27,2023-08-30 11:13:34,t3_165eh12,t3_165eh12,comment
jydt47n,"Jaj yo estoy en ésta tb casi por accidente... qué opinan los expertos? deberia vender todo ya? Para mi aguanta unas semanas más, pero obviamente no soy ningun ducho en el tema.",TheCosmicPopcorn,merval,7,2023-08-30 12:02:35,t3_165eh12,t3_165eh12,comment
jyeatjc,"Justo me viene como anillo al dedo, no puedo comprar mep, pero aun asi puedo comprar al30 y venderlo en pesos ? rinde igual, o voy directamente a la cueva compro dolares y me dejo de joder.",Panzermensch88,merval,7,2023-08-30 13:49:11,t3_165eh12,t3_165eh12,comment
jyfulhg,"En 39 dolares vendo todo, si hay recaida compro, si massa ganas las votaciones vuelvo a vender y cuando asuma me voy a vivir a tailandia",gordialba29,merval,7,2023-08-30 19:21:39,t3_165eh12,t3_165eh12,comment
jyds0ne,Prefiero un Cdear,WSSquab,merval,5,2023-08-30 11:55:45,t3_165eh12,t3_165eh12,comment
jydka9w,"Debo ser muy salame pero, porq subiría de precio de acá a octubre ? La TIR va a bajar ? Esperan que la demanda sea tanta que haga saltar el precio?",TheFimb,merval,3,2023-08-30 11:06:50,t3_165eh12,t3_165eh12,comment
jyf1bjq,Compra yuanes (?,MeLlamoAndres,merval,2,2023-08-30 16:25:17,t3_165eh12,t3_165eh12,comment
jydrntk,"Que delirio los que compran acciones del merval ahora, jaja. Estan comprando caro y en un pais en default. Cuando todos los youtubers te recomiendan comprar acciones del merval, es justamente cuando no debés hacerlo. O porque ese delincuente baron de merval de twitter les recomienda comprar havanna, jaja. Ahi vienen las respuestas de los enojados.",InvestorStocks,merval,5,2023-08-30 11:53:33,t3_165eh12,t3_165eh12,comment
jydsb5e,"Pregunta seria, tengo 500 dolaritos  mensuales que puedo meter en un broker,  tengo Balanz, allí transferi 500 pero la verdad no se en que ponerlos, digamos que es a largo plazo, 4 años, ustedes que harían?


Edit: gracias a todos,  compre mis primeros cedears",Stock_Advisor,merval,2,2023-08-30 11:57:34,t3_165eh12,t3_165eh12,comment
jye278j,"Jajaj lo haria, pero estoy endeudado hasta los webos y me liquidan el 80% con las tarjetas, dejando menos de 100k pal mes. Si no fuera por eso si de unaaa los guardo hasta entonces",ManijaBoy,merval,2,2023-08-30 12:58:08,t3_165eh12,t3_165eh12,comment
jyef712,Al dólar abajo del colchón no le gana nada....,Znozoic,merval,-4,2023-08-30 14:14:50,t3_165eh12,t3_165eh12,comment
jyf1zw3,"Jajajaja si.. No suelo tener bonos argentinos, pero compré ayer para hacer MEP y me re clavé. Justo estaba así ahora",ezequiel-arg,merval,1,2023-08-30 16:29:16,t3_165eh12,t3_165eh12,comment
jygikkf,Aquí les gustan las emociones fuertes. No yo lo miro de la tribuna gracias,cientoquince,merval,1,2023-08-30 22:09:31,t3_165eh12,t3_165eh12,comment
jydxpcy,"Aguante la timba vieja no me importa nada

Todo sea para recuperar la caída del btc en 2021",Menem99,merval,28,2023-08-30 12:30:56,t1_jydivw6,t3_165eh12,comment
jyeu210,"Acaba de caer el al30 menos mal me salí en perdida al -1.64 ahora -4%, hay que esperarlo a que corrija bien.",Plenty-Dependent9016,merval,4,2023-08-30 15:42:09,t1_jydivw6,t3_165eh12,comment
jydk9xj,"Vale mas de 30?la joda es salir en una estampida.

Quiza Milei haga todo lo contrario y se cague en papeles de deuda argentinos.",Rusoloco73,merval,10,2023-08-30 11:06:46,t1_jydjs2r,t3_165eh12,comment
jyesh8y,Aca otro loquito. Los de afuera son de palo.,[deleted],merval,6,2023-08-30 15:32:53,t1_jydjs2r,t3_165eh12,comment
jydjzud,"si aceptas cobrar el bono obligatorio el mes que viene, ya no vas a tener que preocuparte del dólar ahorro ni mep /s",roberp81,merval,37,2023-08-30 11:04:56,t1_jydjb1p,t3_165eh12,comment
jydnj3w,"Compró el.bono Al30 en pesos para venderlo en dólares como AL30D (compra de dólar MEP). Pero por la suba del valor del bono tanto en dólares como en pesos está pensando quedarselo hasta octubre (que hay elecciones y por eso cree que puede volver a bajar su valor como sucedió en las PASO). 
Suscríbete a mi canal para más tips de Minecraft",[deleted],merval,109,2023-08-30 11:27:43,t1_jydj06c,t3_165eh12,comment
jydjt4k,Quería comprar AL30 para venderlo pero piensa que podria quedarselo hasta octubre,roberp81,merval,4,2023-08-30 11:03:41,t1_jydj06c,t3_165eh12,comment
jydloil,"Me río de tus miedos al riesgo...

En parte porque estoy drogado, pero me río!",PleuraZoom,merval,70,2023-08-30 11:15:54,t1_jydlbev,t3_165eh12,comment
jyfqc1x,Pero que tiene que ver eso. El bono se paga en 7 años. Lo peor que puede pasar es una reestructuración. Pero alguien lo compra pensando en que el estado argentino lo va a pagar? En serio alguien lo compra para esperar 7 años? Están apostando a que suba nomas. Y si lo reestructuran no significa que el bono reestructurado no vaya a a subir de todas formas.,T3MP0_HS,merval,4,2023-08-30 18:53:33,t1_jydlbev,t3_165eh12,comment
jygr2g6,"No me drogue en mí vida. Tengo mucho riesgo Argentina desde el año pasado, vengo casi 100% arriba en dólares. Muchos papeles cubren de la hiper y se ve todos los días en el mercado, la nominalidad ya es cosa del día a día",WorldArcher,merval,3,2023-08-30 23:09:06,t1_jydlbev,t3_165eh12,comment
jygrlv4,No me parece. Hoy 2 de los 3 candidatos con chances de ganar son pro Mercado y dijeron que buscan reducir el déficit y lograr superávit.,Fierrero86,merval,1,2023-08-30 23:13:03,t1_jydlbev,t3_165eh12,comment
jyfqgo2,Si gana Milei el 22 explota..sino habrá que holdear hasta el ballotage,T3MP0_HS,merval,3,2023-08-30 18:54:23,t1_jydt47n,t3_165eh12,comment
jyegal6,"> como anillo al dedo

cuac",rami_lpm,merval,6,2023-08-30 14:21:16,t1_jyeatjc,t3_165eh12,comment
jygeho0,Tenemos el mismo sueño,PleuraZoom,merval,4,2023-08-30 21:40:57,t1_jyfulhg,t3_165eh12,comment
jygxovu,Como recompras? No te liquidan en dólares cuando vendes el AL30D?,Unique-Department-46,merval,2,2023-08-30 23:59:36,t1_jyfulhg,t3_165eh12,comment
jydkogo,Cobertura,PleuraZoom,merval,5,2023-08-30 11:09:26,t1_jydka9w,t3_165eh12,comment
jyesw22,"Caro midiendolo en que? pesos? en pesos todo va a seguir subiendo, no mueran de nominalidad",TomasLuther,merval,9,2023-08-30 15:35:16,t1_jydrntk,t3_165eh12,comment
jydzaw6,Quizás lo que está mal es consumir tanto YouTuber y tuiteros,luislezcair,merval,9,2023-08-30 12:40:41,t1_jydrntk,t3_165eh12,comment
jydv50y,bullish,Lbriozzo95,merval,6,2023-08-30 12:15:15,t1_jydrntk,t3_165eh12,comment
jyea2m9,"papa no vez YPF? jaja 

Ojo sacando las petroleras, no veo una mala correccion a largo plazo, siempre cuando no gane massita",IntelligentInsect247,merval,3,2023-08-30 13:44:51,t1_jydrntk,t3_165eh12,comment
jye2i9v,"yo estoy por meterme justamente para comprar acciones argentinas, el año que viene vuelan",Melodic_Pin19,merval,4,2023-08-30 12:59:58,t1_jydrntk,t3_165eh12,comment
jye2x54,Compré y no me arrepiento de nada ! Ja,josvvv,merval,4,2023-08-30 13:02:31,t1_jydrntk,t3_165eh12,comment
jyf0oye,"ask swim psychotic theory rustic fragile hospital profit insurance vase

 *This post was mass deleted and anonymized with [Redact](https://redact.dev)*",JoaGamo,merval,1,2023-08-30 16:21:32,t1_jydrntk,t3_165eh12,comment
jyfpk8c,Havanna subió un 90% una semana luego de las paso xd,Sweet-Can,merval,1,2023-08-30 18:48:38,t1_jydrntk,t3_165eh12,comment
jyduqyq,"Pasamelos a mi cbu y te lo multiplico por 7. Si gana Milei, por 12. 100% real no fake 1 link torrent /s",BarbaDeMerlin,merval,20,2023-08-30 12:12:49,t1_jydsb5e,t3_165eh12,comment
jydudei,"CEDEARS, SPY seguro, despues de las empresas que te gusten.",OhHailEris,merval,9,2023-08-30 12:10:27,t1_jydsb5e,t3_165eh12,comment
jydulgd,"Obligaciones Negociables y CEDEARS?


Consultá con tu asesor asignado, generalmente te plantean las opciones más ""seguras"" y de mediano riesgo.",SpicyNopeRope,merval,9,2023-08-30 12:11:52,t1_jydsb5e,t3_165eh12,comment
jye8pwr,Estoy en una similar aunque me gustaría vender a blue y con eso meter en balanz.  El tema es que el banco está dando cara chica,Signal_Spot_9500,merval,1,2023-08-30 13:37:00,t1_jydsb5e,t3_165eh12,comment
jyeu6o6,Pensamiento muy tradicional para eso compra oro. jaja,BurningFLOW,merval,2,2023-08-30 15:42:56,t1_jyef712,t3_165eh12,comment
jyegy5e,El equivalente en el 2023 son las criptos,AcidoFueguino,merval,2,2023-08-30 14:25:06,t1_jyef712,t3_165eh12,comment
jyeuq97,[removed],[deleted],merval,24,2023-08-30 15:46:09,t1_jyeu210,t3_165eh12,comment
jydohkw,"Hay que salir en el momento justo, es confiar en el mercado jaja.",Cursed_Hound,merval,7,2023-08-30 11:33:46,t1_jydk9xj,t3_165eh12,comment
jydkhxy,Ahhh ahora entendí jajajj,anonssr,merval,6,2023-08-30 11:08:14,t1_jydjzud,t3_165eh12,comment
jyei8se,Aceptas ... Obligatorio?,Dartister,merval,6,2023-08-30 14:32:39,t1_jydjzud,t3_165eh12,comment
jye6n3b,Patacones Is back.,edurigon,merval,5,2023-08-30 13:24:51,t1_jydjzud,t3_165eh12,comment
jydvx63,Y porque en teoria sube un bono que es conocido por hacer el cambio de pesos a dolares?,pollofritoop,merval,8,2023-08-30 12:20:03,t1_jydnj3w,t3_165eh12,comment
jyeneyr,Pero no entiendo no le convendría vender ahora en vez d eesperar a que baje??,Medialunitax,merval,6,2023-08-30 15:02:53,t1_jydnj3w,t3_165eh12,comment
jyfb1pl,"r/merval tiene su server de maincra?

Seria interesante ver las timbas financieras con netherite",Nahual_B,merval,5,2023-08-30 17:21:42,t1_jydnj3w,t3_165eh12,comment
jyf40yf,">tips de Minecraft

Saludos desde la aldea de Taiga!",CajuMaracuja,merval,4,2023-08-30 16:41:08,t1_jydnj3w,t3_165eh12,comment
jye75r2,Ahora entiendo todo jaja,CoupleOfBitches,merval,5,2023-08-30 13:27:54,t1_jydloil,t3_165eh12,comment
jyg8p5a,"1. De donde sacas que se paga en 7 años?
2. En que punto de la historia viste que una emision suba cuando se anuncia una reestructuración? Jajajajaja",CoupleOfBitches,merval,3,2023-08-30 21:00:05,t1_jyfqc1x,t3_165eh12,comment
jyfyeue,Para bien o para mal?,TioMedik,merval,2,2023-08-30 19:47:26,t1_jyfqgo2,t3_165eh12,comment
jygls9h,"Como sabes? Dormimos juntos? Jajaja
AL30D y nada mas",gordialba29,merval,3,2023-08-30 22:31:44,t1_jygeho0,t3_165eh12,comment
jyeva4y,"Que suba 100% en pesos cuando la inflación será de 200%, no tiene sentido. Vas a perder igual.

Por eso mejor invertir en dólares an acciones de afuera y hace 20% a 30% anual sin matarte demasiado. Como inversor particular es muy fácil lograr eso. Y le ganás por infinita goleada a cualquier rendimiento del merval de acá a 1 año adelante.",InvestorStocks,merval,-2,2023-08-30 15:49:23,t1_jyesw22,t3_165eh12,comment
jyeurp6,"Que suba 100% en pesos cuando la inflación será de 200%, no tiene sentido. Vas a perder igual.

Por eso mejor invertir en dólares an acciones de afuera y hace 20% a 30% anual sin matarte demasiado. Como inversor particular es muy fácil lograr eso. Y le ganás por infinita goleada a cualquier rendimiento del merval de acá a 1 año adelante.",InvestorStocks,merval,-4,2023-08-30 15:46:23,t1_jyesw22,t3_165eh12,comment
jyeudlo,"Quien te dijo que ""vuelan""? Es una conclusion tuya? Y basada en que supuestos fundamentales? El mercado y el circulo rojo solo ven bien la opcion massa (para mi el peor candidato). La opcion milei les causa pánico.

El mercado ya praiseó hace rato todo el merval.",InvestorStocks,merval,0,2023-08-30 15:44:04,t1_jye2i9v,t3_165eh12,comment
jydvfw6,"Te faltó MEGA, claramente es un fake lo que decís",sk8avp,merval,12,2023-08-30 12:17:07,t1_jyduqyq,t3_165eh12,comment
jyequjg,"Que oferton, sabes que en la época de cripto capaz lo hubiera hecho jajajajajabab",Stock_Advisor,merval,1,2023-08-30 15:23:14,t1_jyduqyq,t3_165eh12,comment
jyfmd88,santander esta dando cara grande,Few_Flan_5319,merval,2,2023-08-30 18:28:28,t1_jydulgd,t3_165eh12,comment
jyewut5,toy juntando para eso...,Znozoic,merval,1,2023-08-30 15:58:39,t1_jyeu6o6,t3_165eh12,comment
jyehfp4,"No pa, plata en mano, culo en tierra, mañana a Massa se le cruza un tornillos y sale con impuestos a las criptos y cagaste.... te repito, dólar billete mata todo",Znozoic,merval,1,2023-08-30 14:27:56,t1_jyegy5e,t3_165eh12,comment
jyev08e,"Changos, que feo",Plenty-Dependent9016,merval,3,2023-08-30 15:47:46,t1_jyeuq97,t3_165eh12,comment
jyeux4u,"La historia dice que hubo hay y habra bocha de minas embarazadas por creer que salian ""en el momento justo""",Rusoloco73,merval,38,2023-08-30 15:47:16,t1_jydohkw,t3_165eh12,comment
jye6l2x,"ruleta, nadie puede adivinarle el timing al mercado",[deleted],merval,11,2023-08-30 13:24:32,t1_jydohkw,t3_165eh12,comment
jyeiuqi,"claro, pero podes renunciar a tu trabajo así no te dan bono y podes seguir comprando dólar ahorro y mep",roberp81,merval,24,2023-08-30 14:36:16,t1_jyei8se,t3_165eh12,comment
jyehnt5,Me llamaron loco por guardarlos.,Character_Hyena_73,merval,9,2023-08-30 14:29:15,t1_jye6n3b,t3_165eh12,comment
jydxq0k,"Ahí ya no tengo mucha idea, y seguro me lee un economista y me mata. Lo que yo entiendo es: la suba del valor del bono en dólares y en pesos por igual (es decir manteniendo el Ratio de conversión) significa un aumento en la expectativa de la capacidad de que el país pueda pagar la deuda que significó la emisión de ese bono. El bono está 0,34 USD ahora, lo cual sigue siendo bajo pero hace unos días estaba  0,28. Vos pensa que si compras el bono ahora y argentina paga lo que prometió te rendiría un 300% en 2030 (según tengo entendido), lo cual es bastante para una inversión que supuestamente es de menor riesgo que por ejemplo, una acción. Que el bono se use para cambio de peso a dólares no debería cambiar nada salvo el volumen que se maneja.
Como dije antes, soy ingeniero así que no tengo muy claro lo que estoy hablando y alguno va a saltar a bardearme, así que me adelanto pidiendo perdón jaja",[deleted],merval,43,2023-08-30 12:31:03,t1_jydvx63,t3_165eh12,comment
jydyan7,"Intervención del Banco Central y/o el FGS para evitar que la brecha de vaya a la mierda..

El mismo bono en USA no te da un mango.",woyspawn,merval,13,2023-08-30 12:34:32,t1_jydvx63,t3_165eh12,comment
jyfpybu,"Todos suben. Ese tiene más volumen (o sea, es más fácil salir)",T3MP0_HS,merval,3,2023-08-30 18:51:07,t1_jydvx63,t3_165eh12,comment
jyenrld,A menos que creas que va a seguir subiendo hasta octubre,[deleted],merval,6,2023-08-30 15:04:58,t1_jyeneyr,t3_165eh12,comment
jyfyhod,"Ah....

Yo digo que para bien",T3MP0_HS,merval,3,2023-08-30 19:47:57,t1_jyfyeue,t3_165eh12,comment
jyfq1y3,"El merval en dólares hizo como 40% en el año. Para salir del riesgo realmente como decís tenes que sacar los dólares afuera. Quien o como lo hacen, no termino de entender, pero fácil no es. No justifico esta timba pero la verdad que tan así no es.",Rough_Worldliness_70,merval,5,2023-08-30 18:51:46,t1_jyeva4y,t3_165eh12,comment
jyfrc23,233% en el año lleva el merval. I.A. da 378% me estas jodiendo.,T3MP0_HS,merval,5,2023-08-30 19:00:00,t1_jyeva4y,t3_165eh12,comment
jyezzd7,"""mejor invertir en dólares en acciones de afuera y hace 30% anual sin matarte demasiado"" 💀💀💀💀",Latinyonkou,merval,10,2023-08-30 16:17:21,t1_jyeurp6,t3_165eh12,comment
jyfqlim,Energía,T3MP0_HS,merval,3,2023-08-30 18:55:14,t1_jyeudlo,t3_165eh12,comment
jyftv7i,Cualquiera amigo. Los comodities vuelan si gana Milei. Sabes dónde va a estar adeccoagro si sacan las retenciones. Se va to The moon,Leather_Zebra_9212,merval,4,2023-08-30 19:16:47,t1_jyeudlo,t3_165eh12,comment
jydvlst,"Nos descubrieron muchachos, desmantelen el call center.",BarbaDeMerlin,merval,15,2023-08-30 12:18:08,t1_jydvfw6,t3_165eh12,comment
jyftzgt,*Stonks*,SpicyNopeRope,merval,2,2023-08-30 19:17:35,t1_jyfmd88,t3_165eh12,comment
jyg6a5j,"Me comí la fila en la caja el otro día y me dice ""solo tengo cara chica hasta que se nos terminen todos"" lpmqlp",Healthy_Parfait_5920,merval,2,2023-08-30 20:42:49,t1_jyfmd88,t3_165eh12,comment
jyeygyl,"Es que hoy en dia hay ETFs de oro que tienen mas liquides y menos spread de compra venta, por eso digo medio tradicional tu pensamiento. Pero bueno es logico que no todos confien en la digitalizacion de las inversiones",BurningFLOW,merval,2,2023-08-30 16:08:19,t1_jyewut5,t3_165eh12,comment
jyehn0a,Impuesto a las criptos??? Jajaj creo que no sabes como funcionan las criptos,AcidoFueguino,merval,1,2023-08-30 14:29:07,t1_jyehfp4,t3_165eh12,comment
jyfbs25,Mamá qué haces en Reddit te pedí privacidad,Varsoviadog,merval,29,2023-08-30 17:25:57,t1_jyeux4u,t3_165eh12,comment
jygw4zi,"Eso les pasa por pensar con el pito y no con la cabeza , dice mí sabia madre",[deleted],merval,1,2023-08-30 23:47:21,t1_jyeux4u,t3_165eh12,comment
jyemt93,Stonks,Dartister,merval,13,2023-08-30 14:59:19,t1_jyeiuqi,t3_165eh12,comment
jyff3ih,Vamos colega 💪🏻 Tremenda explicación. Saludos de otro ingeniero redditero,SPdeOla,merval,9,2023-08-30 17:45:01,t1_jydxq0k,t3_165eh12,comment
jyfe2g6,Estoy en 🇺🇸 no puedo comprar al30d? Jaja,UsualyNaked,merval,5,2023-08-30 17:39:07,t1_jydyan7,t3_165eh12,comment
jyftmo0,Está carísimo para sacar los dólares afuera te cobran una fortuna en comisión afuera las cuentas. Y si optas por una cuenta comitente afuera que tiene otro nombre te toman el dólar más alto que el que está blue,Leather_Zebra_9212,merval,4,2023-08-30 19:15:10,t1_jyfq1y3,t3_165eh12,comment
jyezxkj,"tal cual, o lo nestor, cuando veo estas cajas, extashis... jajajajaj",Znozoic,merval,2,2023-08-30 16:17:03,t1_jyeygyl,t3_165eh12,comment
jyejlvm,"[**https://www.ambito.com/finanzas/que-impuestos-pagan-las-criptomonedas-la-argentina-n5664510**](https://www.ambito.com/finanzas/que-impuestos-pagan-las-criptomonedas-la-argentina-n5664510)

ya pagas bienes personales....",Znozoic,merval,4,2023-08-30 14:40:42,t1_jyehn0a,t3_165eh12,comment
jyek9xo,"Y... te cagan las cuevas y va a aumentar el spread, te caga de alguna forma, vos acordate que son expertos en cagarnos.",No_Cold5079,merval,2,2023-08-30 14:44:34,t1_jyehn0a,t3_165eh12,comment
jyekd1f,"[https://www.infobae.com/economia/2022/12/30/impuesto-al-bitcoin-un-pais-europeo-impuso-una-tasa-a-las-criptomonedas-del-26-desde-2023/#:\~:text=Economía-,Impuesto%20al%20Bitcoin%3A%20un%20país%20europeo%20impuso%20una%20tasa%20a,criptomonedas%20del%2026%25%20desde%202023](https://www.infobae.com/economia/2022/12/30/impuesto-al-bitcoin-un-pais-europeo-impuso-una-tasa-a-las-criptomonedas-del-26-desde-2023/#:~:text=Economía-,Impuesto%20al%20Bitcoin%3A%20un%20país%20europeo%20impuso%20una%20tasa%20a,criptomonedas%20del%2026%25%20desde%202023)

en europa....",Znozoic,merval,0,2023-08-30 14:45:04,t1_jyehn0a,t3_165eh12,comment
jyg768o,Vengo a ver en que mierda invertis,Rusoloco73,merval,12,2023-08-30 20:49:11,t1_jyfbs25,t3_165eh12,comment
jyfpzuw,Al30C capaz,T3MP0_HS,merval,3,2023-08-30 18:51:24,t1_jyfe2g6,t3_165eh12,comment
jyg47yu,"Y sin cuenta afuera con alguna billetera digital externa, no podes cargar los brokers o con las que podes, informan a argentina",Rough_Worldliness_70,merval,4,2023-08-30 20:28:06,t1_jyftmo0,t3_165eh12,comment
jyftox7,vos decis que me van a rastrear los eth que tengo en metamask? xdddd,ZiYu14,merval,4,2023-08-30 19:15:35,t1_jyejlvm,t3_165eh12,comment
jyemcpw,"Kjjjj me mandaba un link. Eso es bitcoin pa y al ser aceptada en comercios era obvio q iban a currar, pero hay miles de criptos bro creeme que si bien el efectivo es muy bueno para mantenerse lejos del tio sam, las criptos son otra muy buena opcion",AcidoFueguino,merval,1,2023-08-30 14:56:40,t1_jyekd1f,t3_165eh12,comment
jygt39t,Nooooo no veas cómo ruleteo penny stocks nooooo,Varsoviadog,merval,7,2023-08-30 23:24:08,t1_jyg768o,t3_165eh12,comment
jyenfs0,"es para criptos... no solo para el btc... y cada vez mas naciones van a ir poniendo mas impuestos, no son boludos....",Znozoic,merval,1,2023-08-30 15:03:01,t1_jyemcpw,t3_165eh12,comment
jyeowp9,"Es solo para btc, y no quiero avivar giles pero hay muchas formas de hacer cashout desde las criptos. Solo en Argentina esta de moda las cuevas, fijense como hacen en otros lados y bingo.",AcidoFueguino,merval,2,2023-08-30 15:11:45,t1_jyenfs0,t3_165eh12,comment
jyerwk7,"lee la nota, es para criptos, y si, para sacar dolares billetes si son útiles....",Znozoic,merval,1,2023-08-30 15:29:29,t1_jyeowp9,t3_165eh12,comment
jwm1bjm,AJAJJAJAJAJAQJAJ perdón pero me hiciste mierda con el listo que capo que soy,elivo9,merval,173,2023-08-17 15:32:55,t3_15tv02h,t3_15tv02h,comment
jwm4fyk,Diria que si compraste dolares con esa plata no está tan mal.,Vanthian,merval,66,2023-08-17 15:51:35,t3_15tv02h,t3_15tv02h,comment
jwm9l4q,Cualquiera es capo con el diario de mañana. Vos tuviste mala leche nomas. Quien te dice que mañana no quiebra?,BarbaDeMerlin,merval,58,2023-08-17 16:21:35,t3_15tv02h,t3_15tv02h,comment
jwm5nsj,"Cuanto dias va a seguir en alza?

Es increible HAVA, lo compre por un chabon en Twitter fanatico de la empresa y que invirtio ahi.",TioMedik,merval,34,2023-08-17 15:58:50,t3_15tv02h,t3_15tv02h,comment
jwn9r84,"Peor un amigo de mí viejo, que el jueves vendió 5k dólares y puso  los pesos en plazo fijo! Jajajaja no se que habrá pasado por la cabeza de ese señor",inysis,merval,42,2023-08-17 20:04:13,t3_15tv02h,t3_15tv02h,comment
jwmdiyi,"el merval en dolares esta en el mismo nivel que antes de las paso, si te quedaste en dolares estas igual, si te quedaste en pesos, rompiste la primera regla jajj",JustDoughnut8467,merval,14,2023-08-17 16:44:35,t3_15tv02h,t3_15tv02h,comment
jwmovt2,"Peor yo, nunca en mi vida abrí un plazo fijo, siempre que pude compré blue.. en la semana anterior no sé por qué mierda se me ocurre abrir uno a través de una aplicación, creo que entre el estrés y confusión de la situación se me metió un sorete en la cabeza",[deleted],merval,27,2023-08-17 17:51:16,t3_15tv02h,t3_15tv02h,comment
jwmsd3z,"office fanatical truck sort mysterious light dependent hunt cats deer

 *This post was mass deleted and anonymized with [Redact](https://redact.dev/home)*",rogue-fox-m,merval,10,2023-08-17 18:12:00,t3_15tv02h,t3_15tv02h,comment
jwnfxzq,Si te hace sentir mejor yo un día vendí 1000 dólares de una crypto de mierda (la cual había investigado y me parecía muy buena) y al día siguiente hizo 5x xq la listaron en un exchange importante. hablame de ser un pelotudo,KeySurpriseMan,merval,6,2023-08-17 20:48:46,t3_15tv02h,t3_15tv02h,comment
jwn0l30,"yo compre 2700 en gdl30 y al30 y perdi como 500 usd en saldo valorado, gran inversor!",josmanban,merval,4,2023-08-17 19:03:01,t3_15tv02h,t3_15tv02h,comment
jwn4qwe,Nadie se funde tomando ganancia,EasyC_TrueSalad,merval,5,2023-08-17 19:30:09,t3_15tv02h,t3_15tv02h,comment
jwmfdd2,"Las acciones argentinas están súper bullish, ¿Que nadie escucha a Maslaton????",Revolutionary_Rub542,merval,10,2023-08-17 16:55:20,t3_15tv02h,t3_15tv02h,comment
jwm9cxb,"amigo no perdiste nada, si pensas asi te va a comer el coco el mercado.",Kitchen-Touch-3288,merval,6,2023-08-17 16:20:16,t3_15tv02h,t3_15tv02h,comment
jwm3klk,Username checks out,luislezcair,merval,3,2023-08-17 15:46:24,t3_15tv02h,t3_15tv02h,comment
jwn6bkp,"no te preocupes, el mercado siempre da revancha, lo importante es mantenerse en el tiempo.",nicoc77,merval,3,2023-08-17 19:40:36,t3_15tv02h,t3_15tv02h,comment
jwpiugt,"Yo soy ultranovato en esto, empece el martes antes de las paso con invertir online... la verdad un cagaso (todo de oido porque no le consulte nada a nadie jaja) miercoles me decido y meto algo de guita que tenia en ML (el FCI) iba a meter toda pero dije, pruebo con un ""puchito"".... compre un par de bonos gd30 y pum! el martes tenia una ganancia de 150.000 en pesos (inverti 340, sali con 490, todo tomando al blue como referencia) la verdad que mal no me fue jaja (eso creo) ahora compre un par de al29 a 1 semana, vere como me va.. pero quiero aprender mas con el tema acciones porque veo que ahi esta la moneda.... todo es cuestion de prueba y error me parece... el que no arriesga no gana, y vengo perdiendo hace años XD",Wizzman-,merval,3,2023-08-18 08:51:20,t3_15tv02h,t3_15tv02h,comment
jwnaig3,"Compren cedear de compañías que están en su mínimo histórico compre el cedear cde hace unos días perdió como 5% el ccl me lo puso como ganancia 1% xd y hoy gane 16% en 1 dia siempre operando zonas..... miren se los videos del chabon ""saber invertir"" de youtube.",Plenty-Dependent9016,merval,3,2023-08-17 20:09:32,t3_15tv02h,t3_15tv02h,comment
jwm8y1v,"galpon, suerte con eso",[deleted],merval,2,2023-08-17 16:17:55,t3_15tv02h,t3_15tv02h,comment
jwmes6u,Y que compraste con eso? En dolares subio?,brunonicocam,merval,2,2023-08-17 16:51:51,t3_15tv02h,t3_15tv02h,comment
jwn2vzl,"En 2019 perdí mucho. Acá me mantuve con ALUA y PAMP, un poco cagado. Pero bueno, estamos. Aún no hice comparación en dólar pre y post paso. 
El resto cedears y ONs",SoyJulioCesar,merval,2,2023-08-17 19:17:59,t3_15tv02h,t3_15tv02h,comment
jwna3xn,Yo compre al30 el viernes cuando quise venderlo a al30d cayo 20% y tuve que vender al30 en pesos y no aproveche la devaluacion del 22% de peronia que le vamos a hacer a todos nos pasa,Plenty-Dependent9016,merval,2,2023-08-17 20:06:40,t3_15tv02h,t3_15tv02h,comment
jwnr5wy,"Mi humilde recomendación? Compren CEDEARs como ETFs o empresas estables. Aun así acá en argentina para nosotros sube todo jaja. Los mejores son los ETFs, aun así si aprenden algo de Análisis Técnico mejor, se ahorran algunas perdidas 👍🏻",Neat_Alternative3641,merval,2,2023-08-17 22:09:37,t3_15tv02h,t3_15tv02h,comment
jwpkyhm,mmm crypto havanna con tokens rellenos de dulce de leche,juanvago,merval,2,2023-08-18 09:09:04,t3_15tv02h,t3_15tv02h,comment
jwpps3w,"Ganaste algo mucho más valioso y es la experiencia, la próxima es tuya",digixulo,merval,2,2023-08-18 09:47:51,t3_15tv02h,t3_15tv02h,comment
jwsvtev,"Edito.

La verdad que me sorprende que vendas todo, y los que hablan ""cualquiera es capo con el diario del Lunes"" Mira, esto era muy probable que iba a pasar, porque paso con cuando gano Macri, claramente muchos estabamos esperando que vuelva a pasar.

Hay MUCHOS que se mueven por emociones, uiii siii vamos a vender todo y a comprar dolaaree paaa que se va a ir a la mierda post elecciones. (No te voy a mentir, yo diversifique) compre un poco de mi amada YPF y un poco de MORI las dos pegaron salto y algo de dolares.

Todo marcha bien para millhouse, siempre hay que diversificar!",[deleted],merval,2,2023-08-18 22:16:43,t3_15tv02h,t3_15tv02h,comment
jwm48j3,"Puede fallar, igual estas a tiempo algo va a repuntar siendo que cambia de cara el gobierno, cualquier aire alejado del actual modelo va a ser un viento de cola para lo que viene.",Ok_Ad_7594,merval,1,2023-08-17 15:50:22,t3_15tv02h,t3_15tv02h,comment
jwo1ft2,Tenías q confiar en el peluca,sampris,merval,0,2023-08-17 23:25:03,t3_15tv02h,t3_15tv02h,comment
jwmfzb9,"Yo Vi que el lunes YPF abrió 2% arriba y dije ""vendo todo antes de que colapse""... El martes recompre con otras empresas pero bueno, la perdida esa fue heavy",[deleted],merval,1,2023-08-17 16:58:56,t3_15tv02h,t3_15tv02h,comment
jwnbh13,🤡,SwizItalo,merval,1,2023-08-17 20:16:17,t3_15tv02h,t3_15tv02h,comment
jwnbnmh,Si compraste dólares no todo está perdido jsjakqnwn,yourmomisaholopshik,merval,1,2023-08-17 20:17:37,t3_15tv02h,t3_15tv02h,comment
jwnduq4,Que listo que sos OP,alguien_nuevo_64,merval,1,2023-08-17 20:33:36,t3_15tv02h,t3_15tv02h,comment
jwnfhy9,En que pagina ccompras ?? quiero saber por que nose  !,[deleted],merval,1,2023-08-17 20:45:32,t3_15tv02h,t3_15tv02h,comment
jwnl76s,Lo estas viendo en pesos... Si te dolarizaste el viernes el lunes estabas +25% arriba en pesos.,Square_Strain5658,merval,1,2023-08-17 21:26:32,t3_15tv02h,t3_15tv02h,comment
jwnm2ju,Si lo vendiste espero que por necesidad bro 😢,MortiKholin,merval,1,2023-08-17 21:32:49,t3_15tv02h,t3_15tv02h,comment
jwo00vi,sos vos baron del merval? jaja,ezeqd,merval,1,2023-08-17 23:14:17,t3_15tv02h,t3_15tv02h,comment
jwo297r,Primera regla no perder plata. Solo dejaste de ganar jajaja si hubiese bajado estarías dando las gracias,Less_Top4166,merval,1,2023-08-17 23:31:20,t3_15tv02h,t3_15tv02h,comment
jwo6w4o,"Es lo mismo como dicen si tenias en dolares da igual..

El merval subio a la par del dolar practicamente.",PerpetualDistortion,merval,1,2023-08-18 00:08:00,t3_15tv02h,t3_15tv02h,comment
jwokrtz,El que ponga dolares recibirá alfajores,guillote1986,merval,1,2023-08-18 02:16:39,t3_15tv02h,t3_15tv02h,comment
jwor17c,"Pensalo así… 
Vendiste todo pero supongo con márgenes de ganancia, asique ya hiciste una diferencia. Disfruta eso, nunca vas a estar contento porque es una probilidad tanto que suba más como también que baje",GonzaloFT,merval,1,2023-08-18 03:26:22,t3_15tv02h,t3_15tv02h,comment
jwpkmxl,Si compraste dólares subio más que eso en termino pesos,DMugre,merval,1,2023-08-18 09:06:28,t3_15tv02h,t3_15tv02h,comment
jwpl0r5,Si vemos que Milei puede ganar en Octubre tenemos que darle full a la Monster de mango,Zekecraxcker,merval,1,2023-08-18 09:09:36,t3_15tv02h,t3_15tv02h,comment
jwpla9j,"esta intratable hava.

segui comprado como si nada",Harryman501,merval,1,2023-08-18 09:11:46,t3_15tv02h,t3_15tv02h,comment
jwprsc6,Dónde compras esto?,[deleted],merval,1,2023-08-18 10:03:07,t3_15tv02h,t3_15tv02h,comment
jwpvxqq,Estas dejando de ganar,LaVacaL00la,merval,1,2023-08-18 10:33:02,t3_15tv02h,t3_15tv02h,comment
jwpx9hg,fotito de maslatón,callesucia,merval,1,2023-08-18 10:42:12,t3_15tv02h,t3_15tv02h,comment
jwpznp9,ANDA A LABURAR VAGOO,Estasmintiendo,merval,1,2023-08-18 10:58:26,t3_15tv02h,t3_15tv02h,comment
jwr5tsl,Por eso hay que comprar acciones a largo plazo,[deleted],merval,1,2023-08-18 15:18:10,t3_15tv02h,t3_15tv02h,comment
jwrmoei,Inviertan en felicidad,1200mics,merval,1,2023-08-18 17:02:10,t3_15tv02h,t3_15tv02h,comment
jwsuwae,Como compran acciones?,CreativeFan8489,merval,1,2023-08-18 22:09:45,t3_15tv02h,t3_15tv02h,comment
jwsyo1i,que hijo de mil,Entire-Mulberry-2628,merval,1,2023-08-18 22:38:41,t3_15tv02h,t3_15tv02h,comment
jwtqmwf,"Una consulta, veo que invietienso 1M de pesos en cedears de Coca Cola ya perdes de entrada perdes un % solo con el spread entre la compra y la venta, por lo que entiendo que hay que dejarlo comp minimo x cantidad de tiempo para recuperar al menos lo invertido y recien luego obtener alfun rendimiento o por pgo se dividendos o por aumento en la accion ya que solo el aumento de CCL me ayudaria a mantener el valor de la inversion sin tener encuenta la inflacion propia del dolar. Como calculan cuando estan en un precio que les permite salir con una ganancia?",Lux1f3r,merval,1,2023-08-19 02:58:39,t3_15tv02h,t3_15tv02h,comment
jwv8e9z,Estos certificados no se respalda con ccl no? Porque son empresas nacionales?,Sea_Pension88,merval,1,2023-08-19 12:09:50,t3_15tv02h,t3_15tv02h,comment
jx2beqv,Cosas que pasan… Yo compré acciones de YPF cuando estaban a $522 y las vendí por ansioso en $755 hoy están $10000,[deleted],merval,1,2023-08-20 20:41:03,t3_15tv02h,t3_15tv02h,comment
jx7lkev,"Nah, negro. Tenés que hacer lo que te deje dormir de noche. Si estar muy comprado era algo que te parecía muy riesgoso, entonces ganes o pierdas hiciste lo correcto al salirte.",one_reddit_wonder,merval,1,2023-08-21 21:50:20,t3_15tv02h,t3_15tv02h,comment
jye51fd,"ponele que invertiste cuando estaba a 1000 y ahora vendes a 2000. Con inflacion que hay, existe una ganancia real ?",iamarchiee,merval,1,2023-08-30 13:15:20,t3_15tv02h,t3_15tv02h,comment
jwm2b5c,"mirror-selfie-marley.jpg

así es este mundo estimado, un dia te va mal y al otro peor, pero no pasa nada..",Desperate-Mark-1692,merval,66,2023-08-17 15:38:51,t1_jwm1bjm,t3_15tv02h,comment
jwpvhdm,"En caso de retirar la plata, como comprarías dolares si no estás declarado ? O recomendas retirar y comprar usdt con esa ganancia ?",Dajason27,merval,-9,2023-08-18 10:29:48,t1_jwm4fyk,t3_15tv02h,comment
jwpxi3i,"Mañana en las noticias: ""Havanna abre +140%! Que boludos los que vendieron antes de las PASO""",MaCsEEnaHu,merval,50,2023-08-18 10:43:52,t1_jwm9l4q,t3_15tv02h,comment
jwm7r0s,"Yo compre en 2020 porque me gustan los alfajores

Tengo 800% de subida acumulada con lo de hoy, igual no comparé con dólar ni con infla jajaj seguro me sale que pierdo",mughinn,merval,33,2023-08-17 16:10:57,t1_jwm5nsj,t3_15tv02h,comment
jwphw78,"ajaja el Baron del Merval, hubo que bancarlo todo el puto dia de ayer",[deleted],merval,5,2023-08-18 08:43:05,t1_jwm5nsj,t3_15tv02h,comment
jwm8jy1,"Que onda, vos decís que estoy a tiempo? Jaja",Chalker22,merval,1,2023-08-17 16:15:39,t1_jwm5nsj,t3_15tv02h,comment
jwngcoy,"este sin lugar a dudas es el peor de todos, hay una generacion que todavia cree en el plazo fijo, ese es el problema, creen que con eso se salvan",[deleted],merval,21,2023-08-17 20:51:40,t1_jwn9r84,t3_15tv02h,comment
jwptx7i,"Pudo haber sido mi viejo, mi hermano lo freno ayer de poner 2millones de pesos en plazo fijo. Casi lo cago a trompadas cuando lo veo (figurativamente) y eso que hace 1 año le mostre el mundo de las acciones/cedears pero en medio del panico van al plazo fijo XD.",ondinhas2,merval,3,2023-08-18 10:18:42,t1_jwn9r84,t3_15tv02h,comment
jwngcy9,ups un capo,Desperate-Mark-1692,merval,1,2023-08-17 20:51:43,t1_jwn9r84,t3_15tv02h,comment
jwo1thv,JAJA,sampris,merval,1,2023-08-17 23:27:58,t1_jwn9r84,t3_15tv02h,comment
jwpdqug,Mi tío un capo de las finanzas:,DazerVR,merval,1,2023-08-18 08:03:41,t1_jwn9r84,t3_15tv02h,comment
jx4zegu,Cómo accedo al MERVAL en dólares?,Arielnsau,merval,1,2023-08-21 11:49:55,t1_jwmdiyi,t3_15tv02h,comment
jwmrz4v,Ayer pasa una amiga por casa que tenía que cambiar usd y me cuenta con vergüenza “me mande una cagada. Fui al banco a cerrar una tarjeta y termine sacando un prestamos y lo puse en plazo fijo”. Se quería matar pobre,Mmavis2,merval,18,2023-08-17 18:09:38,t1_jwmovt2,t3_15tv02h,comment
jwo1sl4,Estuve intentando ponerte palabras de ánimo pero no pude encontrarlas... No tuviste idea peor,sampris,merval,3,2023-08-17 23:27:46,t1_jwmovt2,t3_15tv02h,comment
jwphny3,"te queres pegar un corchazo? no compres un a/rm/a, paga el minimo de la tarjeta de credito jajaja... no entiendo como la gente se puede endeudar tanto asi! volviendo al tema... algo que me dio bastantes frutos (pero tenes que tener un pequeño capital primero y no necesitar gastarlo) es, si tenes disponible mercado credito, sacar microprestamos a corto plazo, esa plata + el capital invertirlo en un plazo fijo y te va dando rendimientos que pagan solo los intereses del prestamo, y una ganancia, despues cancelas y volves a pedir... yo hace poco me diversifique a bonos, tenia dolar billete y fondos de inversion nomas... la verdad que no me quejo, pase de un patrimonio de  ahorro de 4m a 6m en 10 dias.... (aclaro que  arranque antes de las paso porque me las veia venir)",Wizzman-,merval,1,2023-08-18 08:41:03,t1_jwmovt2,t3_15tv02h,comment
jwnmlk8,"Amigo, compré Utrust cuando estaba en bajada a 0.10, después por pelotudo vendí en 0.12 y me la patine.

Cuando mí plan original era comprar Utrust cuando Btc llegará a 4k, osea Utrust a 0.02 y vender con btc en 50k, osea Utrust en 0.50-0.60.

Decime si eso no es ser un pelotudo? Mí análisis fue correcto pero mí ejecución pésima por ansioso y miedoso.",Jonylapongo,merval,3,2023-08-17 21:36:38,t1_jwnfxzq,t3_15tv02h,comment
jwnvpp5,"tiene muchas posibilidades de suba ese bono,sigue estando barato, es a largo plazo ese tipo de inversiones.",horacioPer,merval,2,2023-08-17 22:42:42,t1_jwn0l30,t3_15tv02h,comment
jwn7mqp,"que cagada, a holdear, por suerte tome ganancias en al30 y me fui a tiempo",Desperate-Mark-1692,merval,1,2023-08-17 19:49:31,t1_jwn0l30,t3_15tv02h,comment
jwmpi4z,"y tiene razón, a pesar de patinarla a veces, estamos en piso total de precio de acciones argy",Desperate-Mark-1692,merval,5,2023-08-17 17:54:53,t1_jwmfdd2,t3_15tv02h,comment
jwmn4dg,"No, que dice el salame ese?",AffectionateSpread38,merval,6,2023-08-17 17:40:53,t1_jwmfdd2,t3_15tv02h,comment
jwn78r9,"para nada hermano, lo tomo como humor y expertis",Desperate-Mark-1692,merval,3,2023-08-17 19:46:52,t1_jwm9cxb,t3_15tv02h,comment
jwoa0f5,Que cedear?,Ok_Avocado8852,merval,1,2023-08-18 00:34:17,t1_jwnaig3,t3_15tv02h,comment
jwn7gwe,"me pase un poco a cedears y lechuga, los cedears bajaron pero el usd subió, otra vez, listo soy un capo",Desperate-Mark-1692,merval,2,2023-08-17 19:48:25,t1_jwmes6u,t3_15tv02h,comment
jwn50j0,"Cómo me asusté con pamp ayerr dioss tenía un pucho dando vuelta y digo pongo acá. Cuando veo ya me daba - 0,92 % hasta hoy recién que repuntó. Y con tv24 ni te cuento, como 7 lucas me había sacado, en el cierre de hoy repuntó tmb... Pero tuve que esperar y la espera a veces se hace eterna",Spiritual-Career337,merval,1,2023-08-17 19:31:55,t1_jwn2vzl,t3_15tv02h,comment
jwsy0ho,"no sorpende hermano, es correr 0 riesgos.. el post es sátira, como me voy a poner mal con algo que lo tomo como 'timba', pero me guardo estas exp. para no dejarlo tanto al azar, si no' matamo' no' matamo'",Desperate-Mark-1692,merval,1,2023-08-18 22:33:40,t1_jwsvtev,t3_15tv02h,comment
jwnga8t,un poquito de lechuga y otro poco de cedears.. jsjakqnwn,Desperate-Mark-1692,merval,2,2023-08-17 20:51:12,t1_jwnbnmh,t3_15tv02h,comment
jwng76h,"algunos nacen listos, otros nacen",Desperate-Mark-1692,merval,2,2023-08-17 20:50:36,t1_jwnduq4,t3_15tv02h,comment
jwng5oj,te recomiendo balanz! salu2,Desperate-Mark-1692,merval,2,2023-08-17 20:50:18,t1_jwnfhy9,t3_15tv02h,comment
jwntg38,"no pasa nada hermano, dolar y cedears",Desperate-Mark-1692,merval,1,2023-08-17 22:26:11,t1_jwnm2ju,t3_15tv02h,comment
jwprybp,"no hay efectivo, jajaj, encima btc bajó tmb.. y queria recomprar al30.. todo timba",Desperate-Mark-1692,merval,1,2023-08-18 10:04:21,t1_jwpla9j,t3_15tv02h,comment
jwps1sc,"balanz, iol, cocos.. por mi exp. te recomiendo balanz, salu2",Desperate-Mark-1692,merval,2,2023-08-18 10:05:04,t1_jwprsc6,t3_15tv02h,comment
jwsx1us,si ya te vi manes,Desperate-Mark-1692,merval,1,2023-08-18 22:26:06,t1_jwrmoei,t3_15tv02h,comment
jwn2e9u,"Que no decaiga, siempre puede ir peor, hay que seguir intentado.",desdecuando1,merval,8,2023-08-17 19:14:47,t1_jwm2b5c,t3_15tv02h,comment
jwq4sxp,Otro empleado de afip queriendo hacer de las suyas…,elpaci,merval,35,2023-08-18 11:31:45,t1_jwpvhdm,t3_15tv02h,comment
jwrljkx,pero si compraste acciones se supone que tenés declarada la plata. Digo nomás,chantts,merval,7,2023-08-18 16:55:08,t1_jwpvhdm,t3_15tv02h,comment
jx756lj,Clasico cronica,[deleted],merval,5,2023-08-21 19:54:13,t1_jwpxi3i,t3_15tv02h,comment
jwm97ue,Yo compre CEDEARS de AMD porque me gusta como empresa y en Coca Cola por su estabilidad.,TioMedik,merval,20,2023-08-17 16:19:29,t1_jwm7r0s,t3_15tv02h,comment
jwmgaw7,"Es un 108% TEA. Los primeros dos años ganaste bien, este año no jaja. Aunque quizas hay que ver que porcentaje de ese 800 subio este año. Quizas si gran parte fue en este ultimo en los 3 años ganaste lindo",elCorralito24,merval,5,2023-08-17 17:00:49,t1_jwm7r0s,t3_15tv02h,comment
jwoj8nb,Por donde se compran??? Soy muy ignorante del tema,fabcard29,merval,2,2023-08-18 02:00:42,t1_jwm7r0s,t3_15tv02h,comment
jwm8u7b,"Lei que puede seguir subiendo, el MERVAL entero esta en alza.

No te aconsejo nada, por que recien estoy tratando de aprender sobre mercado de valores y todo su contenido.",TioMedik,merval,4,2023-08-17 16:17:18,t1_jwm8jy1,t3_15tv02h,comment
jwpqarr,"En las páginas de noticias te lo siguen promocionando, me saltan todos los días con cuanto tengo que poner para ganar un sueldo promedio a 30 días.",tumama1388,merval,3,2023-08-18 09:51:49,t1_jwngcoy,t3_15tv02h,comment
jwpu8sz,Yo no puedo creer como alguien puede apostar al plazo fijo en Argentina. Hoy salió una nota no recuerdo en q diario q muestra q la última devaluación se morfo 4 meses de pf. Más cuando sabes q la única forma q le cierre la cuenta al estado es devaluando. Acá la inflación no se termina pq le conviene al gobierno.,gigabity123,merval,2,2023-08-18 10:20:59,t1_jwngcoy,t3_15tv02h,comment
jxfauhw,tradingview => busqueda de simbolos => pega esta formula BCBA:IMV/(BCBA:GGAL/NASDAQ:GGAL\*10),JustDoughnut8467,merval,2,2023-08-23 12:35:16,t1_jx4zegu,t3_15tv02h,comment
jwne0a9,"te juro que a veces me tranquilizo pensando que no solo yo estoy en la verga, sino que hay mucho peores, es lamentable este pensamiento pero me salva a veces de seguir maquinando y pensar que en realidad no estoy tan mal, a veces tambien me consuelo pensando que en el futuro lo recupero... bueno... cuanto te debo por la consulta?",[deleted],merval,12,2023-08-17 20:34:42,t1_jwmrz4v,t3_15tv02h,comment
jwnvbtm,"La tasa que pagara por el credito, es bastante probable que sea mayor al plazo fijo.Somos ignorantes financieramente hablando.",horacioPer,merval,6,2023-08-17 22:39:54,t1_jwmrz4v,t3_15tv02h,comment
jwpim1c,"Tengo dólar billete, unos cedears y fondos de inversión de riesgo que me dieron más que los otros, por ese lado más o menos me cubri algo solo la pifie con el PF... Que el mes que viene apenas se destrabe lo saco y pongo a laburar en otro lado",[deleted],merval,3,2023-08-18 08:49:23,t1_jwphny3,t3_15tv02h,comment
jwpi341,peor es haber tenido un btc de los primeros y haberlo regalado por no confiar en lo nuevo jajajaja,Wizzman-,merval,2,2023-08-18 08:44:46,t1_jwnmlk8,t3_15tv02h,comment
jwnx432,"los voy a holdear hasta una semana antes de las elecciones de octubre, por si acaso.",josmanban,merval,1,2023-08-17 22:52:48,t1_jwnvpp5,t3_15tv02h,comment
jwnc1lt,"seee pero por suerte ayer y hoy subieroon ya estoy en 2600, de 2900 que llegue a tener, a holdear hasta la lunaa jajaj",josmanban,merval,4,2023-08-17 20:20:23,t1_jwn7mqp,t3_15tv02h,comment
jwmsj4u,"Viva la libertad, carajo! *muestra una boleta de sergio massa* **le da un acv**",esplasmosico51,merval,7,2023-08-17 18:13:02,t1_jwmn4dg,t3_15tv02h,comment
jwoae93,"Cde,se,disney,etsy, tgt y las mas clasicas google?
 Amazon, microsoft chusmeate el canal ""saber invertir"" de youtube para saber cuando comprar, hace poco comencé en las inversiones y aprendí a operar por zonas.",Plenty-Dependent9016,merval,0,2023-08-18 00:37:37,t1_jwoa0f5,t3_15tv02h,comment
jwwsnia,"No amigo todo lo contrario digo, porque tengo 140 y quiero meter en cauciones y lo que comento el de arriba me interesó",Dajason27,merval,0,2023-08-19 17:58:35,t1_jwq4sxp,t3_15tv02h,comment
jwmhcaf,"Yo compré Tesla y coca,estaba pensando en Walmart y Paypal, pero AMD suena jugoso",Ok_Avocado8852,merval,7,2023-08-17 17:07:01,t1_jwm97ue,t3_15tv02h,comment
jwnfn0z,Yo también tengo AMD a la expectativa que se pongan más fuertes en todo lo que es inteligencia artificial,Illustrious-Hair8400,merval,3,2023-08-17 20:46:33,t1_jwm97ue,t3_15tv02h,comment
jy1j1c5,Donde compraste los cedears?,OppositePiece9888,merval,1,2023-08-27 23:45:28,t1_jwm97ue,t3_15tv02h,comment
jwp4a0p,"Puedes comprar vía broker: invertir online, balanz, etc.

Lo que sí te recomiendo que leas un poquito antes de operar. Hay muchas herramientas de inversión, con diferentes niveles de riesgo.

Siempre es posible perder dinero. Nunca inviertas el dinero que no puedes perder.

Abrazo.",lpaskvan,merval,6,2023-08-18 06:14:17,t1_jwoj8nb,t3_15tv02h,comment
jwmr9la,"A mi me gustaría aprender un poco, serías tan amable de tirarme un centro por donde empezar?",Huge_Situation6969,merval,3,2023-08-17 18:05:25,t1_jwm8u7b,t3_15tv02h,comment
jwpudv6,Q onda con eso? Supongo q el gobierno paga x la promoción. Un pf en Argentina es un tiro en el pie...,gigabity123,merval,2,2023-08-18 10:22:00,t1_jwpqarr,t3_15tv02h,comment
jwpk5ck,"estoy en la misma, nunca utilice PF porque la verdad eso de estancar la guita por 30 dias minimo nunca me cuadro, empece el año pasado con el FCI de MP y me gusto eso de tener ganancias y poder disponer de la guita... venia ahorrando paralelamente en el verde mientras podia comprar por homebanking, hasta que de la nada me dejaron de vender (hasta el dia de hoy no se porque porque nunca cobre nada subsidiado) y bueno, arranque con invertir online....",Wizzman-,merval,2,2023-08-18 09:02:23,t1_jwpim1c,t3_15tv02h,comment
jwnxwia,"Estan entre el 32 y 35 % , si reprogramaran  otra vez  y te  pagan la mitad,  tienen un potencial de suba de 70% en [dolares. Si](https://dolares.Si) vas a finish sin contar  los intereses es un 200%.                                                                                                         ""La riqueza de los impacientes traslada su dinero a las manos de los pacientes"" Warren Buffett:",horacioPer,merval,6,2023-08-17 22:58:34,t1_jwnx432,t3_15tv02h,comment
jwngor1,"y si, es buen momento para recompra, hasta las prox. ele.",Desperate-Mark-1692,merval,2,2023-08-17 20:54:03,t1_jwnc1lt,t3_15tv02h,comment
jwmiq8q,"Pienso que AMD va a tener mucho crecimiento en los proximos años, en procesadores le lleva la delantera a Intel y esta compitiendo contra NVIDIA por el mercado de tarjetas graficas, lei que muchos usuarios/gamers se estan pasando a AMD.",TioMedik,merval,7,2023-08-17 17:15:08,t1_jwmhcaf,t3_15tv02h,comment
jye57dj,"compra Nvidia , en el futuro van a estar en todos lados con procesamientos de grandes datos, IA y todo esa salsa",iamarchiee,merval,1,2023-08-30 13:16:19,t1_jwmhcaf,t3_15tv02h,comment
jwprm6h,Gracias!!,fabcard29,merval,2,2023-08-18 10:01:50,t1_jwp4a0p,t3_15tv02h,comment
jxcfl12,"¿Y de cuánto es la ""compra"" mínima?",oceansburning,merval,1,2023-08-22 20:57:34,t1_jwp4a0p,t3_15tv02h,comment
jwn7ow7,"yo empecé con andy stop loss, después una vez que lo entiendas al 100% anda con Marcos emmi (son argentinos los dos), ambos en YouTube.",Puzzleheaded_Ad_7016,merval,10,2023-08-17 19:49:56,t1_jwmr9la,t3_15tv02h,comment
jwnl70f,"> a Intel y esta compitiendo contra NVIDIA por el mercado de tarjetas graficas, lei que muchos usuarios/gamers se estan pasando a AMD.

Si, gamers y usuarios comunes si. El tema es en corporativo y en IA, se queda muy atrás de nvidia.",[deleted],merval,8,2023-08-17 21:26:30,t1_jwmiq8q,t3_15tv02h,comment
jwmizae,Paga dividendos?,Ok_Avocado8852,merval,0,2023-08-17 17:16:37,t1_jwmiq8q,t3_15tv02h,comment
jwnl9vh,La planta de microchips de Taiwan está relacionado a esta empresa?,Significant_Pay_5423,merval,1,2023-08-17 21:27:04,t1_jwmiq8q,t3_15tv02h,comment
jwq2t7w,AMD Es el encargado de toda la parte de computacion de mercedes benz de la F1. Buen businneee,Fercum,merval,1,2023-08-18 11:19:11,t1_jwmiq8q,t3_15tv02h,comment
jwpggc4,Me sirve,Efficient_Comment_46,merval,1,2023-08-18 08:30:00,t1_jwn7ow7,t3_15tv02h,comment
jwntusr,"Lo de corporativo no tengo idea, en lo de IA te doy la razon, es feisimo y ojala le den atención y lo mejoren.",TioMedik,merval,1,2023-08-17 22:29:09,t1_jwnl70f,t3_15tv02h,comment
jwo645l,"Justamente nvidia va lanzar un procesador especial para la IA pero ahora dicen que se esta pinchando la moda, quien sabe...á",Panzermensch88,merval,1,2023-08-18 00:01:37,t1_jwnl70f,t3_15tv02h,comment
jwmjsu9,No,TioMedik,merval,2,2023-08-17 17:21:22,t1_jwmizae,t3_15tv02h,comment
jwb6w8k,"El FMI habia pedido hace dos meses, que para liberar el desembolso de agosto, habia que unificar los tipos de cambio y plantear una devaluacion escalonada con pisos del 20%/30%/20, esto se pateo en julio... no se unificaron los tipos de cambio, pero se hizo una devalución del 22%, para que aflojen la billetera. En diciembre le va a quedar al nuevo gobierno el costo politico de devaluar como minimo otro 30% y unificar los distintos dolares...
Y en enero/febrero volver a devaluar.

Ese es el panorama economico",unPaloVerde,merval,254,2023-08-15 14:16:20,t3_15ry07k,t3_15ry07k,comment
jwbabp9,"Porque el país viene para el orto hace más de 20 años. 

Vos laburas, supongo que tenés un sueldo. 

Ahora imagína que todos los meses te reventas el sueldo en travas y para tus necesidades le pedis guita prestada a tu vieja. Llega un momento que a tu vieja le debes una fortuna y no te presta más, entonces le pedís a un tío y pasa lo mismo. 
Después de manguear a todos tus conocidos, nadie te quiere prestar. Entonces le debes a una banda de gente y te estás cagando de hambre y amenos que aflojes con los travas te vas a morir. Bue ahora remplaza vos por políticos chorros, travas por choreo y tus familiares por diferentes prestamistas internacionales.

Como politicos tienen otras herramientas para seguir financiando su choreo. Ya que ellos mandan a imprimir más papel moneda y obligan al resto a usarlo.",HealthPutrid633,merval,305,2023-08-15 14:37:31,t3_15ry07k,t3_15ry07k,comment
jwbwtw0,"Mi viejo tiene 84 años. El otro día escuché que decía : ""siempre los mismos problemas, esto ya lo vivi 6 veces"". El ciclo se repite ad Infinitum. La explicación de los trabas está bien, se trata de gastar más de lo que se tiene. Eso.",__FindersKeepers__,merval,37,2023-08-15 16:50:44,t3_15ry07k,t3_15ry07k,comment
jwbwa0k,"Como sobreviviente, de la hiper del 89, del 1 a 1 y del corralito del 2001, te digo que no revento nada. Solo es una pequeña sacudida sin importancia. Eso si, la explosion atomica que se viene dentro de un par de años maximo, si no cambian nada, esa si, te va a dejar recalculando.",Particular_Eye_1704,merval,23,2023-08-15 16:47:29,t3_15ry07k,t3_15ry07k,comment
jwbb0zk,"Hace casi 4 años que el BCRA, pese a haber puesto un cepo, se gasta las reservas en intervenir los dolares financieros comprando y vendiendo bonos a perdida. Las reservas ahora estan en negativo hace bastante, lease, quedan pocos dolares. Queda algo de oro y un swap por china por yuanes y los encajes de la gente. Pero bueno, cuestión que cada vez hay menos guita para intervenir el dolar financiero (que no se para que carajo lo hicieron estos años salvo para ayudar a gente a comprar dolares baratos para uso personal), y también menos guita para pagar importaciones (por eso están todas trabadas las improtaciones que son a dolar oficial). Al mismo tiempo mediante circulares del BCRA y tipos de cambio divididos, el gobierno puso un 50% de impuesto a toda exportación, lo cual destruyo miles de empresas y demás.  


Bueno, eso es la parte 1 de ""por que todo estaba mal"". Ahora para lo que pasó en concreto, tras ""perder"" las paso Massa dijo ""ah si? Pues tengan su devaluación"" y no solo dejo de intervenir sino que también devaluó el oficial un 20% en 1 día (cuando venía con crawling peg hace años). Sobre la interpretración, alguno te va a decir que es para cumplir el acuerdo con el FMI y ligar un desembolso. Otro te va a decir que es la manera de Massa de decir ""ven esto es lo que les espera si votan a Milei!"" lo cual es una idiotez porque el que gobierna es Massa. Y otro te va a decir que esto había que hacerlo gane quien gane y en realidad es positivo que Massa agarre el costo político (igual que Macri volviendo a poner el cepo exportador tras perder las paso de 2019)",BNeutral,merval,49,2023-08-15 14:41:44,t3_15ry07k,t3_15ry07k,comment
jwbbjkx,"No entiendo por qué tenemos que pagar nosotros el mal manejo del estado, los políticos no sufren consecuencias por hacer las cosas mal, nosotros si, ayer se te devaluó tu sueldo un 20%, para vos, que laburas, haces lo tuyo, te comportas como una persona normal, es muy injusto todo, hay negocio para unos pocos que pueden especular con el dólar, los demás al muere",[deleted],merval,29,2023-08-15 14:44:50,t3_15ry07k,t3_15ry07k,comment
jwba69z,[deleted],[deleted],merval,68,2023-08-15 14:36:37,t3_15ry07k,t3_15ry07k,comment
jwb6cs9,"Tengo entendido que la devaluación en el central estaba pactada con el FMI.

 Por otra parte es lógico que si el principal candidato quiere dolarizar, el dólar aumente su valor.",Laigos,merval,25,2023-08-15 14:12:55,t3_15ry07k,t3_15ry07k,comment
jwb9p0l,"devaluaron, así de simple. por más que digan que los precios estan a precio del dolar blue, la historia demuestra que no es así, los precios se hacen al dolar oficial y algunos productos especificos se haran al blue (los que entran por izquierda).",SimilarStock3,merval,18,2023-08-15 14:33:43,t3_15ry07k,t3_15ry07k,comment
jwcdfny,El panqueque se quedó sin poder.,EmployerWide8912,merval,8,2023-08-15 18:30:44,t3_15ry07k,t3_15ry07k,comment
jwdlaze,"En criollo ya estaba todo reventado pero lo escondieron hasta las elecciones, ahora que saben que milei va a ganar ya no les interesa esconderlo",elpollon24,merval,7,2023-08-15 23:29:16,t3_15ry07k,t3_15ry07k,comment
jwb50dz,"El mercado esperaba que fuera cabeza a cabeza Massa/Pato y Milei en 3 puesto comodo....

Se dio vuelta la ecuacacion a el mercado no le gustan los inprevistos y reacciono con cautela.

Igual, revento todo? en las PASO 2019 bajo todo un 50%.... ahora estamos en un 5-7% no revento nada. 

El dolar se devualo 25% con una brecha del 100%... (nada)

No exploto nada, bastante normal todo...",PleuraZoom,merval,52,2023-08-15 14:04:46,t3_15ry07k,t3_15ry07k,comment
jwbclkj,"Por lo menos para mi el tema es que venimos de varios años con un plan económico desde el gobierno de tener distintos tipos de cambios+malabares diversos para subsidiar un dólar ""barato"" cuyos costos son altísimos para la economía en general porque ningún político quiere pagar el costo de unificar el tipo de cambio ni el descontento social que surge por devaluar. A eso se le suma una inflación galopante para sustentar gastos varios como los subsidios a los servicios + ese dólar barato y nada, es todo un bajón sin fin del que no hay una salida clara porque la mayoría de los políticos con votos quieren seguir con ese delirio o implementar un terraplanismo económico del tipo libertario. Encima se suma el agravante de que pej el contexto internacional no es como en los 90s donde tenías al FMI en modo prestamos para todos e inversores privados desembarcando en la región post Plan Brady. No hay mucho margen de acción en general. Por lo menos de mi parte no veo una salida clara de ningún tipo más que un sinceramiento de la situación que involucre una suba de la pobreza general y quizás tener algunos años con crecimiento económico modesto.",agusignac,merval,6,2023-08-15 14:51:03,t3_15ry07k,t3_15ry07k,comment
jwbi2l6,"esto es argentina, ya estamos acostumbrados, nos mantiene vivos.
no reventó nada. la gente sale a trabajar y a ganarse la vida igual q el viernes.
no hay saqueos. no hay corralito ni pesificacion de los depósitos en dólares. ni tampoco hay milicos ni guerrilleros amenazando tomar el poder.
quédate tranquilo, nunca pasa realmente nada.
seguí con tu vida lo mejor q puedas.",Fearless_End_8430,merval,5,2023-08-15 15:23:35,t3_15ry07k,t3_15ry07k,comment
jwbrdni,"El problema de fondo es el deficit, y lo que hay que hacer para pararlo es sumamente impopular y nadie tuvo los huevos: sacar subsidios a la energía, al transporte, sacar planes, subir edad jubilatoria, achicar plantel de empleados estatales, sacar asesores y gastos reservados de políticos y jueces entre los más importantes. Se despilfarra mucho y es hora de garpar la fiesta. Pero también es verdad que hay un sector que no quiere saber nada con pagar la fiesta. Si a Macri por cambiar una fórmula en el haber jubilatorio (que encima creo que los favorecía pero no es el caso) le armaron un quilombo TREMENDO imagínate de ahí para arriba.",StyleCareful134,merval,4,2023-08-15 16:18:38,t3_15ry07k,t3_15ry07k,comment
jwbzxjj,Y tené en cuenta que lo que pasó en estos dos días es solo una mini muestra de la cagada que en realidad hay detrás del telón. Aprovecharon la confusión post elecciones para que la gente piense que es por otras razones que no son su gestión.,soy_m9,merval,5,2023-08-15 17:09:15,t3_15ry07k,t3_15ry07k,comment
jwevqit,"Es un evento canonico diría el spidey
Ya deben estar preparando para hacer quilombo en diciembre. A ponerle el pecho y vivirlo como un mundial. pasa cada tanto, sería el 89 para mis hijos y que se preparen para su 2001 cuando tengan unos 15 años supongo. Los voy a contener contándoles que esto ya pasó y que yo también sentía que no había futuro pero aquí estoy después de 40 años.",cientoquince,merval,4,2023-08-16 07:47:35,t3_15ry07k,t3_15ry07k,comment
jwb833n,Peso argentino to the hell,LaVacaL00la,merval,4,2023-08-15 14:23:53,t3_15ry07k,t3_15ry07k,comment
jwda05l,"Lo único q t puedo decir es: entra al supermercado, y anda bien long a elementos no perecederos y  cosas para el freezer .. tal vez no pasa nada y queda todo estanque, en cuyo caso le habrás ganado fuerte a la infla",[deleted],merval,5,2023-08-15 22:09:38,t3_15ry07k,t3_15ry07k,comment
jwdxg4x,"Lo peor de todo es que todavia seguimos pensando que recien ahora se esta yendo todo al joraca, cuando claramente desde que asumio La Señora viene todo de mal en peor, yo laburo desde 2011 gente no me malentiendan por favor, pero las unicas personas beneficiadas en mi historia son las personas que el domingo no fueron a votar porque las Paso ""no eran importantes""",Black_BardockZ,merval,3,2023-08-16 01:07:30,t3_15ry07k,t3_15ry07k,comment
jwb4kfx,">ella me dice que es un culmine de todos estos años, que el gobierno quería hacer un paraíso hasta las elecciones para que el próximo presidente se encuentre con el país reventado y lo puteen todos

Ya te contesto tu jefa, que de paso tiene mas titulo que el rediturro promedio.",DMugre,merval,18,2023-08-15 14:02:06,t3_15ry07k,t3_15ry07k,comment
jwbbp3i,"&#x200B;

Esto es parte del arreglo de massa con el fmi. El FMI pidio devaluar. Lo que hizo massita es pedirle al patron FMI que lo deje devaluar un 22% despues de las paso. Y cumplió. Y se fue todo al choto.",[deleted],merval,5,2023-08-15 14:45:45,t3_15ry07k,t3_15ry07k,comment
jwbvs3y,"Yo esta semana me comí una sanguchoto enorme, tenía cerrado varios presupuestos algunos incluso facturados y la materia prima/insumos encargada me la cancelaron.. ahora me comí un aumento de la CDLL.. perdimos todos menos Massa y sus amigos.",sampris,merval,6,2023-08-15 16:44:35,t3_15ry07k,t3_15ry07k,comment
jwbk0xi,"Argentina no tiene un plan a largo plazo para desarrollarse, ya sea para generar una industria nacional sólida o para un modelo como el de la India. Los diferentes gobiernos que tuvimos desde la dictadura para acá  se encargaron de endeudarnos, privatizar o darle a la máquina del estado. Ya sean peronistas o gobiernos de derecha pedorros, todos le dieron a la deuda, salvo en ciertos momentos en donde se cancelaron los pagos y mejoró la situación por bonanza sobre todo a nivel de la exportación de la soja. En ese momento (2003/2007) en vez de aprovechar el volantazo aumentó la corrupción y creció desmedidamente el estado a través de planes y otras medidas que eran para el corto plazo, pero se extendieron. A eso sumale la falta de articulación regional... Después vinieron gobiernos que intentaron acumular más dinero con retenciones al campo, que luego se cayeron por la falta de acuerdo político, y otros que directamente aumentaron la deuda en forma totalmente incoherente (como en el macrismo). Ahora estamos sufriendo todo eso, con un dolar a 700 pesos, una moneda local totalmente hundida y la mitad de la población en la pobreza. No queda muy claro qué lo puede resolver, pero claramente seguir en la misma no parece ser una opción",flashbackbsas,merval,3,2023-08-15 15:35:13,t3_15ry07k,t3_15ry07k,comment
jwc5a1e,Es muy simple. Argentina gasta más de lo que genera.,Levaske,merval,3,2023-08-15 17:41:21,t3_15ry07k,t3_15ry07k,comment
jwd4ir8,[deleted],[deleted],merval,3,2023-08-15 21:31:24,t3_15ry07k,t3_15ry07k,comment
jwdhey3,"Me encanta como todos dan sus opiniones correctas pero no unifican en una sola idea... vamos por partes... uno de los pedidos del FMI es unificar los dolares, para hacer eso tenes que aumentarle el precio al oficial (devaluar) para que valga lo mismo que el blue... Peeeeeeero.... para que se mantenga en el tiempo, vas a tener que tambien, ademas, complementariamente, SACAR todos los cepos y tipos de dolares, porque por mas que lleves el oficial a 750 lo que esta el blue hoy, si tenes el mercado restringido, entonces el blue se va a ir no a 1000, sino a 1500/2000 y siempre vamos a estar en la misma, un dolar mas caro que otro... solucion? paridad entre dolares, sin cepos, asi el blue cae en precio.... La otra opcion es dolarizar, a que precio? una vez sin cepos, el blue no le va a quedar otra que bajar de precio, entonces ya unificaste los verdes, y dolarizas al, obviamente, dolar mas alto, ponele 1000 mangos... Sin eliminar al peso soberano argento, adoptando el dolar como segunda corriente legal, esta al no depender del bcra, va a mantener su valor mas o menos dependiente de la inflacion de USA, pero no te va a variar.... si hoy el kilo de carne te sale 10 dlrs (350 pesos el oficial) el dia de mañana te va a seguir valiendo 10 dls... u 10.25 o 9.75 pero siempre lo mismo.... sin importar lo que valga el peso... hoy en dia estamos dolarizados ""de facto"", que valor tienen los autos que compran? las casas? los deptos? te lo venden en dls y el precio siempre es el mismo, capaz no pueden venderte un depto a 50.000 verdes, te lo bajan un poco... pero no te lo aumentan de precio a cada rato.. lo que se devalua es el peso y necesitas mas pesos para tener la misma cantidad de dls....",Wizzman-,merval,3,2023-08-15 23:01:22,t3_15ry07k,t3_15ry07k,comment
jwfgw3q,"Mira Argentina es un país bananero, hace 150 años exportamos boludeses y compramos cosas elaboradas afuera, cuando peron quiso cambiar eso y fomentar la industria nacional, los idiotas conservadores que les convenía el modelo agroexportador, que es una cagada (no genera empleo de valor, concentra la plata en poca gente) se enojaron lo sacaron y empezó el caos, porque la industria nacional es difícil mantenerla en comparación con la de afuera, por un tema que afuera producen mas barato porque siempre se uso mano de obra esclava y recursos de otros países obtenidos con colonialismo, y eso hizo que las empresas de afuera crezcan un montón y no puedas competir.
Entonces vivimos en un loop de mucha gente que quiere mantener la industria nacional y gente que quiere dejar que sea toda de afuera, y vos podes mantener lo nacional en algunas cosas, no te da para todo, y no podes permitir traer todo de afuera porque el valor agregado está en el producto terminado en vender el auto no hacer el hierro.
En la dictadura del 76 empieza el quilombo, aplican muchas medidas que quiere aplicar milei, pero con el condicionante que lo hacen para el otro, ahí Argentina se endeuda sarpadamente, y cuando tenes deuda tenes que pagar año a año o trimestralmente vencimientos, y cuando no tenes los dólares osea, producto de la recaudación de exportaciones, tenes que emitir para pagar, anteriormente los hdps de la revolución liberadora algo así que era liberales también en el 55 pidieron plata al fondo y se fueron a los 3 años, obviamente eso se pagó con los años pero el tema es que siempre Argentina está pagando al FMI plata que no gasta acá por culpa de unos hdps que cada unos cuantos años van al fondo y eso condena el progreso por décadas.
En el 76 se fue de nuevo al fondo y la deuda aumentos e 26 mil millones a 126 mil millones, esa fue la peor  y costo como 30 años pagarla. Después vino alfonsin que era progresista ponele no pudo resolver el quilombo que dejaron los míticos y vino menem que de nuevo aplico teorías liberales, la convertibilidad que el peso valía 1 dólar, obviamente esto era pan para hoy hambre para mañana, porque no vale eso el peso, además privatizó toda la industria nacional como quiere hacer milei, desregularizo todas las importaciones, y esto fue un desastre completamente, porque si bien bajo la inflación, y esa es la escusa de milei para aplicar algo parecido, era todo ficticio y tenía un tiempo o explotaba todo, pero como no había inflación y la gente cobraban en dólares, estaban todos contentos cuando se cobraba una miseria y no había nada de seguridad social, obviamente todo esto exploto con la peor crisis de la historia, que es rumbo a lo que vamos si milei aplica lo mismo, pero bueno la gente esta harta de la inflación y el germen del dólar te come la cabeza. 
Nestor recompuso todo de manera coherente y sostenible con industria nacional una moneda fuerte y aumentando sueldos, osea agrandando el estado que estaba desaparecido, esto lo podías hacer por un tiempo y también tenía fecha que es cuando el estado está tan grande que tenes que emitir para mantenerlo, pero en realidad hay otras cosas, como la crisis del 2008, en fin cristina la patio resolvió algunas cosas, bajo la inflación que creo ella en 2015, esa inflación era interna, osea deuda tomada en pesos que dentro de lo malo es manejable, y ahí vino el PEOR IDIOTA DE LA HISTORIA ARGENTINA, Mauricio Macri que entró puramente a chorear, le debía favores a sus amigos empresarios que le pagaron la campaña, y bueno el hdp fue al fondo de manera ilegal y tomó 50 mil millones de nuevo, que sumados a la inflación que tenían la disparo obviamente, porque la guita se la patinaron y no la usaron para pagar ni la deuda interna ni en ponerla en el aparato productivo o algo y entonces vino Alberto ya casi condenado, y el pelotudo en ves de no reconocer la deuda que había condiciones para no pagarla la acepto, porque es un tibio idiota y nada la pandemia, la peor sequía de los últimos no se cuantos años y no tenes forma de mantener el estado que tiene todo subsidiado y dándole guita a la gente porque cuando eso se termine, vuela la inflación y la gente se va a cagar de hambre
Banco que venga alguien que cambie todo, pero dolarizar significa volver a ser un país netamente agroexportador, osea retroceder a 1930,y básicamente pasar a ser una colonia yankee, en el plano económico",Ruffoman22,merval,3,2023-08-16 10:41:17,t3_15ry07k,t3_15ry07k,comment
jwbkp44,"Reventó todo? 

Jajajajjaa se nota que tenes 20, las que te van a esperar. Buscate merval paso 2019 en google. Eso fue un reviente.

Ahora en serio. La situación es sumamente complicada, no da el texto pero lo resumo en :

 principalmente déficit fiscal y comercial

poco crecimiento de los últimos 11 años

y encima el cepo hace que la mitad de las empresas que importan o exportan ganen plata con arbitrajes ""polémicos "" más que con su propoa actividad.",tinnuk,merval,6,2023-08-15 15:39:12,t3_15ry07k,t3_15ry07k,comment
jwcdd6j,Donde esta el tipo de ayer aconsejando poner todo en plazo fijo?,laurencenor,merval,5,2023-08-15 18:30:18,t3_15ry07k,t3_15ry07k,comment
jwb95ly,[Primera vez?](https://pm1.aminoapps.com/7455/88a363e01d7ae51469bcff1f60e4a44a008aeb6dr1-1274-768v2_uhq.jpg),MizaNahoria,merval,2,2023-08-15 14:30:28,t3_15ry07k,t3_15ry07k,comment
jwbhybs,"Es complicado explicarlo, [https://www.youtube.com/watch?v=iKRkUuopN8k](https://www.youtube.com/watch?v=iKRkUuopN8k), este es un programa de milton, que es increible lo simple que explica todo, en mi opinion deberia ser obligatorio que todo el mundo lo vea completo. Te vas a sorprender las cosas que dice que son identicas a las de milei y es un programa de los 70 80.

Espero que te ayude a poder entender algo de economia, ya que es una ciencia compleja, porque hay mucho de matematicas y de social. lo que resulta en una combinacion de materias complicada. 

Pd: algunas materias son medio falopa tambien no hay que negarlo, porque es dificil de probar como una ciencia exacta las hipotesis.",Positive_Platform770,merval,2,2023-08-15 15:22:52,t3_15ry07k,t3_15ry07k,comment
jwbkgw5,Pasa que llegaron los aliens,eich1,merval,2,2023-08-15 15:37:51,t3_15ry07k,t3_15ry07k,comment
jwczwll,"Actualmente decis? Dos motivos: 

1)  la incertidumbre politica hace que la gente especule. Sea que entre en panico o vea una oportunidad, afecta al mrecado 

2) se valuo el oficial, y si bien tiene que pasar para cerrar la brecha cambiaria, como esta lleno de restricciones todo (y de hecho hace nada se intensifico), no hay chance de que  se achique significativamente dicha brecha, y por lo tanto sube todo

En general? Tambien dos motivos (principalmente):

1) Se emite (billetin o bonos, osea deuda) para financiarun gasto publico que no hace otra cosa que aumentar. Es como que tengo un alfajor para nosotros dos y lo parto al medio en vez de comprar otro... nos cagamos de hambre. Ni hablemos si caen 3 mas, se entiende? Se licua la moneda que no es nada mas que un vale que representa un pedazito de valor que se le asignan a cosas en el mercado

2) Politicas anti mercado que restringen el movimiento de plata, en especial internacionalmente, o tributan por encima de sus posibildiades lo que lleva a la informalidad, lo que lleva a una menor recaudacion total, etc etc. Basicamente, etra menos plata.

&#x200B;

Al menos hasta donde entiendo, tampoco soy economista",simonbleu,merval,2,2023-08-15 20:59:45,t3_15ry07k,t3_15ry07k,comment
jwh5gw2,"Yo solo vengo a compadecerme de la generación que va a tener que estudiar la historia Argentina dentro de 100-200 años. ¿Cómo le explicás a un pibe del secundario que Argentina SIN GUERRA tuvo 121% de inflación y Ucrania con miles de quilombos, solo 15%?",Still_Ad3705,merval,2,2023-08-16 16:46:41,t3_15ry07k,t3_15ry07k,comment
jwhq20w,"Para ponertelo en los términos más sencillos el pais es como una familia que gasta mas de lo que le ingresa por mes, sea la razón que sea (corrupción, mala administración, ñoquis, improductividas, falta de crecimiento por impuestos aplastantes etc.) Y necesita cubrir esa pérdida de todos los meses, por lo tanto puede pedir plata, como lo haria cualquiera de nosotros. Sin embargo tiene una herramienta más, que es la emisión, la cual genera inflación y todo lo que vemos ahora.
Cabe aclarar que la emisión de argentina es descomunal, por eso nuestro desastre.",[deleted],merval,2,2023-08-16 18:49:16,t3_15ry07k,t3_15ry07k,comment
jwbq5qo,"La verdad es que no es una fuente fiable que tu jefa sea historiadora y trabajadora social. Lo más probable es que te diga ""ahh, pero el neoliberalismo""



La posta es que el gobierno ya lo tenía pactado y que ma$$a por su ego y querer ganar a toda costa arregló que lo hacía después de las paso. Ahora devaluó y le echan la culpa a Milei. Fin de la historia.",[deleted],merval,2,2023-08-15 16:11:25,t3_15ry07k,t3_15ry07k,comment
jwbt4fu,"porque no vivis en Suiza y aca es mas divertido segun la vocera argentina... Sino seria todo muy chato y aburrido y esto es como una montaña rusa, hay que ponerle adrenalina a la vida

&#x200B;

hablando en serio, yo soy medio paranoico y se me hace que Massa no quiso ganar me la juego que no llevaron todo su arsenal de planeros para que lo voten y de esa forma poder devaluar como le pedia el FMI y justificarse que devaluaron porque ellos no salieron primeros. Esto se esperaba, tenemos una brecha del 100% y seguimos con la misma brecha, esta devaluacion es seguir con la agonia",aleyango,merval,2,2023-08-15 16:28:52,t3_15ry07k,t3_15ry07k,comment
jwbezye,"Es horrible esto ya es una hiper de locos,por que no adelantan las elecciones y que asuma alguien mas idoneo,paso ya con Alfonsin,este gobierno no puede con la situacion.",laurizzzi,merval,2,2023-08-15 15:05:18,t3_15ry07k,t3_15ry07k,comment
jwcskle,En criollo? no tenes la más puta idea de lo que quiere decir reventar pibe,JuanPromedio,merval,1,2023-08-15 20:09:59,t3_15ry07k,t3_15ry07k,comment
jwbl1p4,Macri y coso,SerDetestable,merval,1,2023-08-15 15:41:16,t3_15ry07k,t3_15ry07k,comment
jwco1l9,"Porque Milei y coso. El gran lider Massa no pudo hacer nada contra la gran deuda que dejo el tirano Ministro de Economia Massa, asi que pidio la fuerza de todos para poder vencer su dictadura, sin embargo el pueblo decidio que el lider Massa no digievolucione y se fue por el lado de Milei.

Todo esto causo que Milei haga subir al dolar en el mismo momento en que estaba dando un discurso porque como todos sabemos los liberales son multitasking y como todo liberal tiene el superpoder de subir o bajar el dolar a placer. 

Cumpliendo finalmente su plan eterno de derrocar a Macri quien tambien estaba subiendo todos los precios en la inflacion imaginaria que esta en la cabeza de la gente desde Miami, Milei se alza victorioso.",sebyelcapo,merval,1,2023-08-15 19:39:33,t3_15ry07k,t3_15ry07k,comment
jwczytu,"En poquísimas palabras, buena parte del mercado pensaba que ganaba Bullrich o Larreta por mucho, pero al estar todo tan parejo y ganar milei de forma muy sorpresiva (se esperaba que saque 15 o 20 con toda la furia) los dejo a todos de cara. No saben que va a pasar directamente, y compran dólar para protegerse, y sube el dólar. Los que venden cualquier cosa menos dólar, al no saber hasta donde llega no quieren vender por ahora porque no saben si se clavan vendiendo muy barato. Ejemplo, yo corralón tenía hierro a 200 dólares, que eran tantos pesos, con esta subida esos 200 dólares ya valen muchos más pesos que antes, y si te vendo ahora y sigue subiendo, pierdo yo, porque antes 200 dólares eran 120mil masomenos, y hoy son alrededor de 150mil pesos, y mañana no se cuánto van a ser. Entonces espero y vendo después cuando se calme todo",Dark__Metal,merval,1,2023-08-15 21:00:09,t3_15ry07k,t3_15ry07k,comment
jwbzddi,Porque la derecha nos endeudó a niveles astronómicos,Powerful-Pumpkin-938,merval,-3,2023-08-15 17:05:53,t3_15ry07k,t3_15ry07k,comment
jwbh8tn,"Reportado maquinola. Hace el favor de borrar este post. Esto no es r/argentina. Esto es un sub serio. Andá y publicá esto en r/argentina que ahi les sobra ganas de hablar de política y ""economía"". Por si no sabes acá se habla de economía, de estrategias, de leyes, de instrumentos de ahorro, mercado. Acá se viene a aprender a invertir siendo argentino, no a enseñarle a un recién caído del catre por qué este país es un desastre. Lugares para hablar de eso hay millones, no vengas a ensuciar este sub con política.",brunobig2004,merval,-9,2023-08-15 15:18:42,t3_15ry07k,t3_15ry07k,comment
jwcurhu,El FMI te presta plata y de colateral tienen un país al cual comprar baratito.,pepemetralla,merval,0,2023-08-15 20:24:50,t3_15ry07k,t3_15ry07k,comment
jwdxxrf,"Buen intento, Javo. VLLC",rally2000,merval,0,2023-08-16 01:12:02,t3_15ry07k,t3_15ry07k,comment
jwboqos,"viste cuando pateas todos los problemas para adelante? eso hizo este gobierno, y el anterior, y el anterior. El estado tiene herramientas financieras para evitar que todo reviente durante un tiempo pero siempre hasta cierto punto, y ahí llegamos.

Vamos a ver si Milei termina con ese ciclo de país bananero, pero aún así, el 2024 puede ser duro hasta que se acomoden las cosas.",Upstairs-Iron-5014,merval,-1,2023-08-15 16:03:02,t3_15ry07k,t3_15ry07k,comment
jwbha5j,"El problema es el cepo. Vos devalúas el oficial y los dólares libres suben, porque está partido el mercado. Si toda esa demanda reprimida pudiera irse al mismo mercado, encontraría ofertantes y se equilibraría el precio. Así como está,  vos pagas un plus por el libre por el simple hecho de que es libre y el otro no podes comprar. Pongan el precio que pongan no van a bajar la brecha porque el problema es la distorsión que genera el cepo mismo.

O sea que esta devaluación lo único que generó fue un estallido inflacionario y los efectos beneficiosos se licúan en dos semanas.",T3MP0_HS,merval,1,2023-08-15 15:18:55,t3_15ry07k,t3_15ry07k,comment
jwbhwwd,Bastante lógica tu jefa,brtnjames,merval,1,2023-08-15 15:22:38,t3_15ry07k,t3_15ry07k,comment
jwbprij,el famoso plan llegar del gobierno,gabytoto2000,merval,1,2023-08-15 16:09:05,t3_15ry07k,t3_15ry07k,comment
jwbv4ql,"Argentina, no lo entenderías",tanoparagano,merval,1,2023-08-15 16:40:45,t3_15ry07k,t3_15ry07k,comment
jwbvpa5,Peronismo porno y explícito!!,Ok-Tale-5861,merval,1,2023-08-15 16:44:07,t3_15ry07k,t3_15ry07k,comment
jwc77h5,Siempre estuvo como el orto. Tendríamos que salir a dar explicaciones si las cosas salieran bien,vaguette1,merval,1,2023-08-15 17:52:50,t3_15ry07k,t3_15ry07k,comment
jwch5cr,Y la justicia. Nadie la incluye pero es la más importante. Sino se respeta la ley y la constitución no salimos más. Está visto en las 20 toneladas de piedras. Nadie cayó en cana. Entonces cuál es el límite.,ProfessionalPretty95,merval,1,2023-08-15 18:54:13,t3_15ry07k,t3_15ry07k,comment
jwcu0wx,Presión política eso es todo,henser,merval,1,2023-08-15 20:19:51,t3_15ry07k,t3_15ry07k,comment
jwd3yfz,"En mi opinion, por dos motivos.

El primero, porque el resultado que suponia el mercado, no fue el que se dio.

El segundo, porque tratando de pisar el dolar lo mas posible antes de las paso, una vez que pasaron lo largaron un poco como pedia el FMI.

Edit: Tampoco se fue todo al carajo, la bolsa bajo un 5% y se devaluo un 25% con una brecha del 100% despues de tener el dolar atrasado pre paso.",[deleted],merval,1,2023-08-15 21:27:28,t3_15ry07k,t3_15ry07k,comment
jwe5gi7,Vos viste Clarence cuando el hace sus propios billetes y que después de tanto imprimir perdían valor? Bueno estamos igual la diferencia es que acá hay un grupo privilegiado de gente que se aumenta el sueldo mientras le tira mijagas a los tontos,[deleted],merval,1,2023-08-16 02:26:50,t3_15ry07k,t3_15ry07k,comment
jwewa2u,"El FMI lo que pide, es achicar el déficit fiscal; básicamente no gastar más de lo que tenemos. 
Esto es sencillo; hay déficit fiscal cuando los ingresos del estado son menores que los egresos; para ejemplificar ; si ganas $100.000 y gastas por $120.000, significas que tenes déficit de $20.000, y que de algun lado salió ( préstamo / deuda ). La manera de achicar el déficit es aumentando ingresos ( impuestos !! Fue un año complicado por la sequía del campo) y disminuís egresos ( achicas el estado, cortar subsidios , endeudarte a tasa más baja, pagar menos intereses) .
Con la devaluación que hace el gobierno de un 22%, lo que hizo es licuar su deuda en pesos ; es decir que si el estado vende 1 dólar , hoy vale en pesos un 22% más , es decir con menos dólares sale a pagar y rescatar Leliqs, y por ende intentar de achicar el déficit valuados en dólares .
Claro está que esto genera una mayor inflación de manera inmediata; asimismo el dólar paralelo aumenta , asimismo el ahorrista promedio se asusta y decide sacar los pesos del plazo fijo / bonos en pesos y demás y pasar al dólar; esto repercute que para seguir financiando su deuda en pesos el estado vuelva a subir las tasas ( para que resulte estimulante para el ahorrista volver apostar al peso; ahí se entra en un espiral insalvable . Una bola de nieve .

Milei lo que propone es que eso se corte ; saliendo a recomprar todas las leliq, deja de financiarse en pesos y por ende deja de emitir el Bcra.  En paralelo achicar otros egresos, achicar el estado .",ThickApartment6499,merval,1,2023-08-16 07:53:14,t3_15ry07k,t3_15ry07k,comment
jwg6but,"En corto, un candidato que promete dolarizar saca un buen resultado = todos a comprar dólares antes que se ultra devalué. 
Por otro lado se aprovecha para devaluar ya que el FMI lo solicitó para hacer el desembolsó.",Intelligent_Car3058,merval,1,2023-08-16 13:18:42,t3_15ry07k,t3_15ry07k,comment
jwgln0c,"El estado gasta  más de lo que recauda. En algún momento revienta, simpre pasa lo mismo.",horacioPer,merval,1,2023-08-16 14:49:08,t3_15ry07k,t3_15ry07k,comment
jwgpbv1,"Basicamente el acuerdo con el fondo hace que estemos todo el tiempo sin dolares, y gran parte de la economia argentina funciona a base de dolares",[deleted],merval,1,2023-08-16 15:10:52,t3_15ry07k,t3_15ry07k,comment
jwh5x4y,"Por un lado tenes la devaluacion, el dolar vale mas caro y la empresas que facturan en pesos valen menos en dolares. Por otro tenes el factor milei que por un lado genera incertidumbre acerca de como va llevar a cabo su plan económico y si va tenes apoyo político para hacerlo (va tener minoría en el congreso).",AntFormer1300,merval,1,2023-08-16 16:49:21,t3_15ry07k,t3_15ry07k,comment
jwifm16,")2S
Wslso
S
Sl2#)
lswl",PossibilityStock5551,merval,1,2023-08-16 21:43:02,t3_15ry07k,t3_15ry07k,comment
jwkb1oe,"La única salida viable es quea soc rural ponga la tarasca, sino, queda una sociedad 80% afuera 20% adentro",luzbelit,merval,1,2023-08-17 08:51:00,t3_15ry07k,t3_15ry07k,comment
jwkkih4,"por politicas economicas de mierda basicamente.

argentina no tiene un problema economico , si tenemos de todo para crecer y ser un pais rico, es un puro problema politico",Harryman501,merval,1,2023-08-17 10:06:51,t3_15ry07k,t3_15ry07k,comment
jwkl5ac,Básicamente gasta muchísimo más de lo que le entra y eso lo cubre con prestamos del exterior. Cuando dejaron de prestarte empezas a imitir sin parar. Y esto genera inflación galopante. Es una pelota que nunca termina.,Fickle_Register533,merval,1,2023-08-17 10:11:27,t3_15ry07k,t3_15ry07k,comment
jwl4xfj,"El pais esta gobernado por chorros, mentirosos y narcisistas.  
Particularmente lo que paso fue que aprovecharon el resultado de las elecciones para corregir al menos un poco la mentira q es el dolar oficial, que si bien parece brutal te das cuenta de que no corrigieron nada porque el blue se disparo a la re mierda tambien.   
Hablando en criollo aprovecharon los resultados para embocarle esa responsabilidad a la gente que fue a votar y no hacerse cargo de lo incompetentes que son, lo unico que les importa a ellos es poder seguir robando sin ensuciarse el traje. Y el precio de eso lo pagamos todos los argentinos como de costumbre. Hay que sacarlos a patadas en el orto.",[deleted],merval,1,2023-08-17 12:20:34,t3_15ry07k,t3_15ry07k,comment
jwmljlj,"¿Tenés tiempo para leer? jaja. 

El problema crónico de esta fuckin' república se llama DÉFICIT FISCAL. 

1. ¿Qué es eso? Es cuando lo que recaudás es menor a lo que gastas (si no, tendrías equilibrio fiscal o superávit fiscal). 
2. ¿Cómo se soluciona? Mientras que algunos harían hincapié en reducir el gasto (históricamente defendido por los liberales a nivel político) la mayoría del arco político en Argentina hace foco en aumentar la recaudación, lo cual podría ser puesto a discusión tal como señalaré a continuación.
3. ¿Cómo podría aumentarse la recaudación en Argentina? Los Estados tienen varías formas de obtener recursos de su ciudadanía (porque los Estados no son los que los generan sino que lo extraen COMPULSIVAMENTE de la población)
- a. Impuestos (lo más conocido a nivel popular). Argentina tiene la segunda mayor carga impositiva del mundo (sólo superada por Comoros). Lo cierto es que la carga es tan alta que los últimos impuestos creados no representan algo diferenciador en el resultado fiscal, y ante tal nivel extorsivo de impuestos, Argentina es campeona en evasión (50% de nuestra economía estaría en negro... y si acaso aún sobrevive sería gracias a esto).
- b. Deuda (tanto interna como externa, particular como de organismos multilaterales). En esto se diferencia cada gobierno que ha pasado… para la propaganda. Mientras que unos recurren a la deuda externa (en moneda extranjera) siendo los principales referentes el FMI o el Club de París, los gobiernos peronistas suelen señalar a esta como mala mientras que toman deuda interna en moneda nacional. ¿Es mejor una u otra? La verdad es que ambas se pagan con impuestos y eso perjudica la productividad general de la ciudadanía. ¿Estamos mal por la deuda al FMI? La verdad es que es más propaganda que certeza; lo que se debe al Fondo es ~10% de la deuda total (interna y externa, en dólares o en pesos). Incluso si está fuera perdonada/cancelada, aún nos quedaría el 90% de la deuda, siendo hoy la más grande la perteneciente a los pasivos remunerados del BCRA (LELIQs: Letras de Liquidez). 
- c. Emisión Monetaria/Impuesto Inflacionario (la tan últimamente  mencionada maquinita). El Estado argentino es campeón en el uso de este mecanismo. Imprimir dinero no resulta tan impopular como la toma de deuda o la suba de impuestos, y sus malos efectos se pueden cargar a otros (productores, empresarios, sindicatos, comerciantes u otros agentes económicos). Si bien acá se discute si la inflación es de raíz monetaria o no, el mundo no debate esto sino que aceptándolo regulan las políticas monetarias vía emisión y tasa de interés desde sus bancos centrales... tal como hace el Banco Central de la República Argentina. ¿Por qué la inflación es de raíz monetaria? Todos los precios de una economía se ven determinados por la Oferta y la Demanda (Teoría del Valor Subjetivo, mal que le pese a los terraplanistas marxistas ;)). Si la demanda sube sin aumento de oferta, el precio sube (barbijos o alcohol en gel al inicio de la pandemia). Si la oferta sube sin aumento de la demanda, el precio cae (huevos de Pascua después de las Pascuas o Pan Dulce después de Año nuevo… también aplica si la oferta es igual pero la demanda cae como en los ejemplos). Mientras que la oferta se ve determinada por acumulación de capital (tecnológico, humano, etc. en un proceso lento) la demanda depende únicamente de un factor: dinero. Si se tiene para comprar se compra, si no, no... La emisión de dinero genera una demanda adicional frente a una oferta igual, ergo, los precios suben. Controlar los precios le carga las pérdidas a los productores/comerciantes llevándolos a la quiebra, reduciendo así la oferta y agravando el panorama. En cambio , dejar libres los precios genera incentivo a producir los bienes en demanda por el amplio margen de ganancia, generando oferta en el proceso hasta que la sobreoferta haga caer los precios nuevamente. Hoy el principal problema microeconómico en Argentina viene por acá: la actual gestión imprimió 5x el dinero existente en la gestión Macri, y para que absorber el efecto de esta expansión monetaria, elevó el porcentaje de las LELIQs con respecto a la masa monetaria de un ~30% a un ~%160 (el detalle es que para saldar las LELIQs habría que también imprimir dinero nuevamente), y la tasa hoy está en 119%: cada diez meses la deuda se duplica. Es una bomba que se debe desactivar previo a levantar el cepo, pero este gobierno está haciendo dibujos a lo bobo para llegar y entregarle esta bomba al que sigue (""Plan Aguantar""), pero se le empieza a ir de las manos todo. La devaluación reciente post PASO podría tener un ""passthrough"" (traslado) a precios generando más inflación y dejando atrasado el oficial obligando a volver a devaluar y esto más inflación en un círculo vicioso. Si a esto le sumas que la gente podría desarmar los plazos fijos para comprar dólares (obligando a los bancos a rescatar, cobrar en criollo las LELIQs al BCRA para pagarles a los depositantes) aumentado la demanda de verdes vaciando las reservas en el proceso... Hoy estaríamos de lujo comparado a cuando hagan efecto todas estas cosas.


RESUMEN: el Estado argentino tiene déficit fiscal (no le alcanza la guita para los gastos) a pesar de estar endeudado afuera y adentro, tener la segunda tasa impositiva del mundo y emitir dinero como si no hubiera mañana. Y esa carga se la impone a la ciudadanía que se fue empobreciendo tras décadas de estar así, pero hoy se está acelerando el proceso.

Si necesitas que te aclare algo (más), me decís.",NadaMisma,merval,1,2023-08-17 17:31:39,t3_15ry07k,t3_15ry07k,comment
jwodkx6,"Estoy en la misma que vos así que capaz que nos entendamos. Cuestión, casi siempre (hasta te diría culturalmente), hay un estallido después de una elección. Ahora por qué se produce eso mismo? Pues es algo estratégico. Antes de las elecciones, cuando los candidatos están en campaña, el oficialismo (osea el partido que gobierna actualmente) busca distintas maneras de ""tapar los huecos del barco"". Con lo cual esos sellos o parches tienen un hecho más intencional para ganar votos (o intentar perder lo menos posible) con respecto al planteamiento político/económico actual del oficialismo. Si bien,qué es lo que estaría pasando en Argentina específicamente? El gobierno está imprimiendo billetes para cubrir lo que es el déficit. El déficit es el over budget, osea, cuando hay más gastos públicos que ingresos. Sin embargo, al haber más circulación de billetes, se pierde el poder adquisitivo del peso (eso ya es un poco más técnico) y este mismo es uno de los factores de la inflación. Ahora por qué no hacen otra cosa que no sea brrr brrrr brrr. Pues eso ya es el plan económico del gobierno. Es por eso que Milei dice destruir el banco central (metafóricamente), con el fin de cortar ese exceso de pesos que nadie los quiere, ya que el sector privado (osea los laburantes tanto en blanco como en negro) estamos más interesados en las cripto, dólar o euro. Espero que hayas entendido.",Barril_Petrolero,merval,1,2023-08-18 01:06:10,t3_15ry07k,t3_15ry07k,comment
jwqdiaw,Porque estamos endeudados hasta las bolas...,Latter_Ad_8104,merval,1,2023-08-18 12:25:46,t3_15ry07k,t3_15ry07k,comment
jwslxw0,"""...el gobierno quería hacer un paraíso hasta las elecciones para que el próximo presidente se encuentre con el país reventado y lo puteen todos.""

En Chile paso lo mismo, pero tenemos mala memoria. Al parecer la politica sigue siendo una telenovela en sudamerica.",Loose-Ad7401,merval,1,2023-08-18 21:02:43,t3_15ry07k,t3_15ry07k,comment
jwswlup,Vanesagomez,Total_Front5324,merval,1,2023-08-18 22:22:39,t3_15ry07k,t3_15ry07k,comment
jwtj9tv,">Alguien me explica en criollo, por qué reventó todo?

Te la voy a hacer corta: Porque gastamos MAS de lo que generamos > pedimos prestamos que se terminan invirtiendo (y robando) mal > seguimos gastando mas de lo que generamos + endeudados + inflación. 

Tarde o temprano todo va a reventar (y que mejor momento para destapar la olla cuando un gobierno esta por perder frente a otro/s frentes políticos?)

Obviamente que hay una explicación mas grande y detallada, pero ni soy un experto en el tema para entenderlo a fondo y menos para explicártelo; dicho esto, el quid del problema SIEMPRE reside en las malas decisiones, corrupción y falta de criterio del sistema administrativo Argentino.",darkargengamer,merval,1,2023-08-19 01:37:57,t3_15ry07k,t3_15ry07k,comment
jwbraql,"A ver si entiendo. Para diciembre vamos a tener un total de 50% de devaluación y un sólo tipo de cambio, que asumo que será el blue o un punto intermedio... con suerte...

Entonces, en Diciembre... 1USD = 1300ARS, más o menos? Y todo un 50% más caro?",_Kutai_,merval,47,2023-08-15 16:18:09,t1_jwb6w8k,t3_15ry07k,comment
jwbqwyp,que ponga mia plata en plazo fijo dice,Maszked,merval,72,2023-08-15 16:15:53,t1_jwb6w8k,t3_15ry07k,comment
jwbxjeh,"Al fin alguien que explico bien la realidad, agrega que los bonos soberanos con los que se va a dolarizar el país se fueron en picada en el exterior después de saber los resultados de las elecciones, mí teoría Milei si gana dolariza a un tipo de cambio tan alto que agradezcamos si cobramos 300 usd como sueldo más alto jajaja",FederalAd5361,merval,46,2023-08-15 16:54:55,t1_jwb6w8k,t3_15ry07k,comment
jwcn8xp,"Gracias por explicar, loco ... Pero lo que no entiendo entonces es por qué se está yendo todo al chango ahora especialmente? O sea, no tiene que ver con el que sea que ganara las paso, sino con el tema económico en sí?  O crees que si hubieran salido otros resultados en las paso, ahora sería distinto?      
     
No se, soy re imbécil para estas cosas, perdón si la pregunta es muy tonta. Por las dudas, lo que quiero preguntar es que, si esta situación ya existe, las paso y su resultado no cambian que a quien sea que sea electo va a caerle todo este fardo, o si?",DuckLittleDream,merval,7,2023-08-15 19:34:20,t1_jwb6w8k,t3_15ry07k,comment
jwc2zak,[deleted],[deleted],merval,9,2023-08-15 17:27:31,t1_jwb6w8k,t3_15ry07k,comment
jwc0pyx,"los del FMI ya son tremendos hdp tambien, como le siguen prestando guita a estos chorros... tremendos complices son",PopularPianistPaul,merval,13,2023-08-15 17:14:01,t1_jwb6w8k,t3_15ry07k,comment
jwl5g37,yo no puedo creer el nivel de prostitucion que tuvo el peronismo con el fmi. Aprovecharon que podian echarle la culpa al gobierno anterior para seguir tomando deuda en lugar de pagarla. Cuanto pidieron de prestamos solamente al fmi hasta el dia de la fecha? es interesante ese dato.,[deleted],merval,2,2023-08-17 12:23:40,t1_jwb6w8k,t3_15ry07k,comment
jwcwcnt,Gracias Macri por traernos al FMI,minderbinder,merval,1,2023-08-15 20:35:36,t1_jwb6w8k,t3_15ry07k,comment
jwgjeft,"Como se unificarian los dólares, agarran todos el valor más alto, punto intermedio o como?",FaerWar,merval,1,2023-08-16 14:36:01,t1_jwb6w8k,t3_15ry07k,comment
jwsjbru,Osea que vos pensas que todo es culpa de la deuda nomás. Sos parte del problema,Environmental-Let129,merval,1,2023-08-18 20:43:16,t1_jwb6w8k,t3_15ry07k,comment
jwbipa9,Excelentemente explicado para el rediturro come travas promedio. Sublime.,ginoskyy,merval,145,2023-08-15 15:27:18,t1_jwbabp9,t3_15ry07k,comment
jwc1tkz,[deleted],[deleted],merval,83,2023-08-15 17:20:38,t1_jwbabp9,t3_15ry07k,comment
jwboh4r,Totalmente. Gane quien gane … esto es un quilombo,fbocci,merval,10,2023-08-15 16:01:28,t1_jwbabp9,t3_15ry07k,comment
jwbit0q,"no es sólo para choreo. También la plata se usó para sostener el estallido social, para poner planes en vez de fomentar la industria nacional o la tecnológica,para subsidiar servicios, etc. Cuando saquen todo eso vamos a dejar de darle a la máquina del estado pero el costo puede ser alto: más pobreza, más desigualdad, etc. Es evitable? A esta altura no lo sé.",flashbackbsas,merval,42,2023-08-15 15:27:55,t1_jwbabp9,t3_15ry07k,comment
jwc25ds,Lo podes hacer version segunda guerra mundial. No entiendo con travas,twindracos,merval,5,2023-08-15 17:22:36,t1_jwbabp9,t3_15ry07k,comment
jwc34g9,Que rico un trapo desmechadito a esta hora,xmontc,merval,5,2023-08-15 17:28:24,t1_jwbabp9,t3_15ry07k,comment
jwc2u3b,"Yo no entendi muy bien el comentario, ¿Asuntos internos sabia que los travas les tendia una trampa?",Rompetetas,merval,13,2023-08-15 17:26:40,t1_jwbabp9,t3_15ry07k,comment
jwcvgzw,Pero no entiendo algo ... hay que dejar los travas? No ...,srgato,merval,4,2023-08-15 20:29:39,t1_jwbabp9,t3_15ry07k,comment
jwgjvnc,O sea que hay una fiesta de travestis que estoy pagando pero que no puedo disfrutar??? Ahora si que estoy enojado!!,MaleficentEfficient,merval,4,2023-08-16 14:38:49,t1_jwbabp9,t3_15ry07k,comment
jwg345n,cada vez mas ingeniosos y graciosos estos reduccionismos que se sostienen sobre la ignorancia y bastardean la complejidad del funcionamiento de un Estado. es la política hecha meme.,ushuarioh,merval,3,2023-08-16 12:59:38,t1_jwbabp9,t3_15ry07k,comment
jwbsrr4,Pero los travas valieron la pena?,Due_Pin30,merval,5,2023-08-15 16:26:47,t1_jwbabp9,t3_15ry07k,comment
jwbw5db,"Bien didáctico, excelente",Cokemone,merval,2,2023-08-15 16:46:44,t1_jwbabp9,t3_15ry07k,comment
jwccex2,[deleted],[deleted],merval,2,2023-08-15 18:24:24,t1_jwbabp9,t3_15ry07k,comment
jwc04zi,"Hace 20 años la pobreza era del 60% , que tenía de bueno? Busca los numeritos que están, abrazo.",Necessary_Layer-,merval,1,2023-08-15 17:10:31,t1_jwbabp9,t3_15ry07k,comment
jwd03l8,"\*Observa que no puede imprimir travas\*

*""Tsk.""*",simonbleu,merval,1,2023-08-15 21:01:03,t1_jwbabp9,t3_15ry07k,comment
jwet672,No sé si hace falta reemplazar travas con choreo jajaja seguro que el choreo se lo gastan en putas y merca,jochilina,merval,1,2023-08-16 07:19:04,t1_jwbabp9,t3_15ry07k,comment
jwfqb9i,Pero los travas estan bien?,Fernanditennn,merval,1,2023-08-16 11:42:30,t1_jwbabp9,t3_15ry07k,comment
jwlar7g,"En tu analogía el gobierno se revienta la plata en travas. 

A nosotros el gobierno nos coje siempre con estos ajustes. 

O sea digamos, nosotros somos los travas?",[deleted],merval,1,2023-08-17 12:55:07,t1_jwbabp9,t3_15ry07k,comment
jwcvnmj,Te puedo pasar un analisis económico del 55  tapando los datos de los años y no tenes manera de darte cuenta de que año es,ZurditoBagley,merval,17,2023-08-15 20:30:53,t1_jwbwtw0,t3_15ry07k,comment
jwd9q1n,"Iba a decir eso.. x ahora todos pueden andar libremente por la calle.. cuando haya feriado cambiario de lunes a lunes, toque de queda y esas cosas, ahí empieza a picantearse",[deleted],merval,11,2023-08-15 22:07:38,t1_jwbwa0k,t3_15ry07k,comment
jwdas7f,"Par de años? este revienta en Diciembre o Marzo del año que viene.

El proximo garrotazo lo dan a dar en Diciembre y el que sigue en vacaciones",Rusoloco73,merval,4,2023-08-15 22:15:09,t1_jwbwa0k,t3_15ry07k,comment
jwbpyqq,Devaluó porque era la condición del FMI para cerrar el desembolso. Era súper vox populi. Pocos esperaban que lo hiciera el mismo lunes.,StyleCareful134,merval,20,2023-08-15 16:10:15,t1_jwbb0zk,t3_15ry07k,comment
jwd0hmd,">Otro te va a decir que es la manera de Massa de decir ""ven esto es lo que les espera si votan a Milei!"" lo cual es una idiotez porque el que gobierna es Massa.

Si, pero es lo que hicieron todos los políticos hasta ahora cuando sabían que no iban a ganar y es lo que la gente sigue creyendo. Siempre buscan la forma de echar la culpa al qué sé fue o al qué viene. El mejor ejemplo de esto es cuando Kicillof dijo que Macri no había conseguido ninguna vacuna contra el COVID y que todas las vacunas las había conseguido el gobierno actual.",AwesomeBeardProphet,merval,5,2023-08-15 21:03:41,t1_jwbb0zk,t3_15ry07k,comment
jwciz49,"Igualmente no entiendo el porqué Massa esta de candidato a presidente.

Flaco sos el imbecil que devaluo un 100% la moneda o lo que sea. Y te postulas? Por cada peso que sube el dolar es un voto menos para Massa.

Y eso de culpar a otro ya no funciona. Era buen sabido que el dolar se iba a disparar si o si",Anxious_monkey20,merval,13,2023-08-15 19:05:53,t1_jwbb0zk,t3_15ry07k,comment
jwd112o,"Imagino que intervienen para evitar una mayor caida de la confianza en el peso, en especial porque al haber restricciones, esta llen ode gente , particular y empresas, que no puede acceder al dolar  (o cualquier otr amoneda bah) ""por las buenas"".",simonbleu,merval,2,2023-08-15 21:07:20,t1_jwbb0zk,t3_15ry07k,comment
jwesva1,"ELI5: Si las leliq tienen una tasa de 100% anual, como paga el BCRA esa tasa a fin de año? Tiene que imprimir mas billetes? O sea si hay 100 en leliq a fin de año imprime otros 100? Entonces ahora tenes 200, que lo van a poner en leliq, entonces al otro año imprimis otros 200?

Es muy perverso eso.",brunonicocam,merval,1,2023-08-16 07:15:30,t1_jwbb0zk,t3_15ry07k,comment
jwet3u8,">dolar financiero (que no se para que carajo lo hicieron estos años salvo para ayudar a gente a comprar dolares baratos para uso personal)

Perdon pero el dolar financiero en si no es que no existe? Solamente surje porque hay acciones de empresas en pesos y en dolares, asi que podes comprar una y vendes despues la otra.

Para que no existiera el dolar financiero tendrias que prohibir que empresas tengan acciones en dolares, y obviamente prohibir que coticen en el exterior tambien, asi que perderian una fuente gigante de financiamiento.",brunonicocam,merval,1,2023-08-16 07:18:18,t1_jwbb0zk,t3_15ry07k,comment
jwbqu52,"Bienvenido al mundo real, donde las masas son aplastadas y destruidas a favor de una elite dominante.",Any_Barracuda_9014,merval,16,2023-08-15 16:15:25,t1_jwbbjkx,t3_15ry07k,comment
jwbqkku,"Porque votamos como el orto, por eso.",StyleCareful134,merval,5,2023-08-15 16:13:50,t1_jwbbjkx,t3_15ry07k,comment
jwbgn4j,"La tenemos que pagar nosotros porque el pueblo viene votando como el orto hace décadas.

Hicieron del voto un Boca-River. 

Tenes un tercio del país votando al único tipo que quiere dejar de ser hipócritas y usar el dolar de frente, sin tapujos.

El otro 70% sigue queriendo comer mierda.

Yo creo que tenemos que hacer Argentina del Norte y del Sur. Estamos tan divididos que no se puede seguir así.",Fedoteh,merval,12,2023-08-15 15:15:05,t1_jwbbjkx,t3_15ry07k,comment
jwzor9g,"Cuando pediste un préstamo de 47 mil millones de dólares llega un momento que hay que pagarlo y con intereses. Lástima que esa platita se la llevaron los especuladores afuera. Macri nos cago. Y los peronitas son unos ineptos que lo único que hacen es emitir, afanar y gastar como si fuera un viva la pepa. En fin, país sin salvación",Efficient_Pomelo_583,merval,1,2023-08-20 09:48:00,t1_jwbbjkx,t3_15ry07k,comment
jwbmjrc,Se le mancharon los calzones,GsusSchreiber,merval,5,2023-08-15 15:50:09,t1_jwba69z,t3_15ry07k,comment
jwbalrl,"No importa cuál sea el resultado y la ideología del ganador, siempre el dolar va a aumentar.",brianmoyano,merval,24,2023-08-15 14:39:12,t1_jwb6cs9,t3_15ry07k,comment
jwcfz2b,Pactada justo al dia despues de las Paso no?,[deleted],merval,3,2023-08-15 18:46:53,t1_jwb6cs9,t3_15ry07k,comment
jwetdjh,">si el principal candidato quiere dolarizar, el dólar aumente su valor.

Eso es basicamente porque no hay dolares suficientes para dolarizar a un precio razonable, no?

Segun los datos del banco central hay 56k bn pesos de base monetaria + leliq + depositos, o sea que necesitas 76 bn usd para dolarizar al precio del blue de hoy, 730. Es correcto este analisis? Si es asi entonces incluso si consiguieran 30k bn usd para dolarizar (dificil) se dolarizaria a 1800.",brunonicocam,merval,1,2023-08-16 07:21:19,t1_jwb6cs9,t3_15ry07k,comment
jwbylzw,"Se calculan en dolar blue por el hecho que los bancos no venden más de 200 dólares por persona, entonces si vos como empresario queres gastar 100.000 dólares en mercadería, no podes conseguirlo en dos dias con el banco, lo tenes que conseguir en negro y eso se vende a 700 y si lo pagas a través del banco, te limitan la compra hasta que devuelvas lo que gastaste, porque en argentina la tierra de la producción nacional y el pleno empleo en blanco, no se necesitan dólares.
Estaba siendo sarcástico por si no se había notado",No_Chipmunk5871,merval,6,2023-08-15 17:01:18,t1_jwb9p0l,t3_15ry07k,comment
jwbkdg6,">por más que digan que los precios estan a precio del dolar blue, la historia demuestra que no es así,

Exacto. Lo mismo pasó con macri. No se porque insisten en eso de que todos los precios estan al blue.",cTemur,merval,5,2023-08-15 15:37:16,t1_jwb9p0l,t3_15ry07k,comment
jwbppxx,"Depende que precios, muchisimas cosas tienen inflación en blue así que aumenta más que el blue/CCL. Quizás el kilo de manzanas no pero lo que es construcción por ejemplo,  acero, repuestos. Entre el viernes y hoy muchos aplicaron un 30 por las dudas. Y así es como espiraliza. Que lindo sería que todo aumente un 6% mensual...agarrense fuerte.",StyleCareful134,merval,3,2023-08-15 16:08:50,t1_jwb9p0l,t3_15ry07k,comment
jwc238u,"En ciertos rubros te cobran al blue porque no saben que impuesto falopa le van a poner al dolar o en que mes o año le van a autorizar la importacion. En mi laburo compramos un equipo y tuvimos que rogarle al importador que nos acepte un anticipo (nosotros queriamos sacarnos de encima los pesos) y el importador no los quería porque no sabia cuando le iban a autorizar el sira (dolares oficiales) y mientras tanto no sabe que hacer con los pesos. Esta muy muy pero MUY JODIDA la cosa. Esta todo parado en lo que es equipamiento, insumos y repuestos",spender-2001,merval,2,2023-08-15 17:22:14,t1_jwb9p0l,t3_15ry07k,comment
jwethci,">los precios se hacen al dolar oficial

Tenes fuente de esto? Mucha gente esta diciendo que el blue marca el precio de muchas cosas porque el gobierno te vuelve loco para conseguir el oficial para importar.",brunonicocam,merval,1,2023-08-16 07:22:32,t1_jwb9p0l,t3_15ry07k,comment
jwb5y1l,"No se hasta que punto el mercado esperaba a esos dos. Esperaba un cambio y ya.

Cualquiera hubiera sido, habia que liberar presión de la olla.",Mr_Brightstar,merval,8,2023-08-15 14:10:21,t1_jwb50dz,t3_15ry07k,comment
jwb8ds8,"La devaluación del dolar NO fue por lo que el mercado esperaba u obtuvo, sino por una medida del actual gobierno. Punto.",Apprehensive_Stop666,merval,16,2023-08-15 14:25:47,t1_jwb50dz,t3_15ry07k,comment
jwb79bb,Jajaja capaz exageré desde mi punto de vista por la ignorancia aparte de ser algo a lo que no le va ia prestado atención antes,fran2074,merval,2,2023-08-15 14:18:39,t1_jwb50dz,t3_15ry07k,comment
jwbquj0,"Debes ser muy joven, en el 89 sí pasaron cosas, en el 2001 también. La diferencia es que están los peronchos en el poder.",StyleCareful134,merval,7,2023-08-15 16:15:29,t1_jwbi2l6,t3_15ry07k,comment
jwgm8h5,"La reforma jubilatoria favorecía en caso de que Macri pudiera domar la inflación, que era re fácil. No pudo y fue peor para los jubilados. Capaz el problema no está en donde se gasta sino de donde se saca la tarasca y *cuanto*.",soundofsatellites,merval,1,2023-08-16 14:52:33,t1_jwbrdni,t3_15ry07k,comment
jwb5fra,"This. Fue todo estrategico y el momento de liberar la inflacion que venian reteniendo con deuda fueron las PASO a modo de advertir ""Esto pasa por que no nos eligen a nosotros y miren lo que provocan los otros partidos"".  


Nisiquiera asumio y ya le echan la culpa como venian haciendo con el gob anterior, pandemia, con la guerra de Ucrania y ahora con el prox gob. Pensalo 2 segundos.. Hay que tener un poco de memoria nomas.",BarbaDeMerlin,merval,18,2023-08-15 14:07:19,t1_jwb4kfx,t3_15ry07k,comment
jwbqz1g,La segunda parte de la explicación es medio tirada de los pelos.,santimo87,merval,3,2023-08-15 16:16:14,t1_jwb4kfx,t3_15ry07k,comment
jwb7mfi,"Si, realmente su explicación me dejó las cosas claras pero creo que ver distintos puntos es más fructífero para mí. Gracias.",fran2074,merval,3,2023-08-15 14:20:58,t1_jwb4kfx,t3_15ry07k,comment
jwgt5h1,"Se que a Milei le encanta repetir esto pero la mayoria de los paises, la mayor parte del tiempo gastan mas de lo que generan no?


Ademas Argentina gasta un %37 del PBI como goverment spending, me parece que el mayor problema es el misuso, la corrupcion, la burocracia y impuestos especificos que son extremadamente altos",gotgel_fire,merval,1,2023-08-16 15:33:28,t1_jwc5a1e,t3_15ry07k,comment
jwda5k7,"Mientras haya emisión monetaria y prohibición de compra de divisas, siempre va existir esa brecha ..",[deleted],merval,4,2023-08-15 22:10:42,t1_jwd4ir8,t3_15ry07k,comment
jwdkaa2,"Vos entendes que dolarizar es reemplazar los pesos por dolares? Tenes 25 billones de pesos de masa monetaria y tenes el bcra con reservas netas negativas. ¿De donde carajo sacas los 25 mil millones de dolares para dolarizar a la tasa de 1000 pesos, mostro? ¿o pensas robarte los encajes del bcra?",ZurditoBagley,merval,1,2023-08-15 23:21:49,t1_jwdhey3,t3_15ry07k,comment
jwdahqv,"Esto,la timba financiera no viene gratis.

La madre de todos los males es la emision sin control y el padre seria el dolar de fantasia.",Rusoloco73,merval,1,2023-08-15 22:13:06,t1_jwbkp44,t3_15ry07k,comment
jwjg7he,yo me compadezco del que tenga que escucharte explicar que la inflación se produce por las guerras,[deleted],merval,0,2023-08-17 02:45:31,t1_jwh5gw2,t3_15ry07k,comment
jwk21xy,"Pareciera mío el comentario, me he cansado de explicarlo de esta manera, así… con manzanitas, pero se ve que cuesta entender.",exprenix,merval,1,2023-08-17 07:19:31,t1_jwhq20w,t3_15ry07k,comment
jwbutws,"> me la juego que no llevaron todo su arsenal de planeros para que lo voten

Porque no es necesario en las PASO. Para entrar al ballotage ya es otra cosa",Iasus_Faraway,merval,1,2023-08-15 16:38:57,t1_jwbt4fu,t3_15ry07k,comment
jwbq1rm,"Todavía no viste una hiper, ojalá no lleguemos",StyleCareful134,merval,7,2023-08-15 16:10:45,t1_jwbezye,t3_15ry07k,comment
jwbg46i,"Si era otro gobierno ya rompian todo, los quilomberos lo tienen ellos.",Fran_1900,merval,5,2023-08-15 15:11:57,t1_jwbezye,t3_15ry07k,comment
jwbp65e,"no crees que sería mejor que este gobierno ya perdido asuma el costo de la devaluación? creo que le está haciendo un favor al que venga, muy probablemente Milei.",Upstairs-Iron-5014,merval,0,2023-08-15 16:05:35,t1_jwbezye,t3_15ry07k,comment
jwbv8j8,Más que nada coso,tanoparagano,merval,3,2023-08-15 16:41:23,t1_jwbl1p4,t3_15ry07k,comment
jwd25ex,"Que? No tiene nada que ver quién ganó, ya estabas pactado el ajuste pero Massa no lo quiso hacer antes de las PASO para rascar más votos.",ventoto28,merval,3,2023-08-15 21:15:01,t1_jwczytu,t3_15ry07k,comment
jwdaxti,*generando hiper/espiralizacion...,AffectionateSpread38,merval,1,2023-08-15 22:16:16,t1_jwczytu,t3_15ry07k,comment
jwc6fpx,Osea tengo que votar al frente de izquierda en las definitivas?,fran2074,merval,0,2023-08-15 17:48:17,t1_jwbzddi,t3_15ry07k,comment
jwbwquq,Bajale la espuma a tu chocolate…,pirufihhox,merval,4,2023-08-15 16:50:15,t1_jwbh8tn,t3_15ry07k,comment
jwk2tpl,"Permitime estar en desacuerdo con lo de factor Milei, el peso lo devalúa “Massa” porque necesitaba cumplir con el acuerdo con el FMI para que le liberen USD, sino,  no llegaba a los dos meses que le quedan, porque no lo hizo antes? por las elecciones, el cambio estaba muy frenado. Algunos se atreverán a decir además que los hizo por castigo o como parte de campaña para lo que viene.  No hubo ninguna especulación, no devaluó la gente, devaluó Massa. Vaya si le sirvió… necesitaba hacerlo x guita, lo hizo, y instalaron en la gente que fue por Milei.",exprenix,merval,1,2023-08-17 07:28:20,t1_jwh5x4y,t3_15ry07k,comment
jwjg45x,tal cual,[deleted],merval,1,2023-08-17 02:44:28,t1_jwifm16,t3_15ry07k,comment
jwctiks,50%? jajaja,Angelsndv,merval,20,2023-08-15 20:16:21,t1_jwbraql,t3_15ry07k,comment
jwbr9xe,Depende que vayas a hacer...,unPaloVerde,merval,13,2023-08-15 16:18:01,t1_jwbqwyp,t3_15ry07k,comment
jwhv9nw,El plazo fijo es históricamente troll,ffuj1,merval,3,2023-08-16 19:22:35,t1_jwbqwyp,t3_15ry07k,comment
jwdckyg,Pero me parece que ya la mayoría del país está cobrando máximo 300usd o entendí mal,katsudonKawaii,merval,17,2023-08-15 22:27:34,t1_jwbxjeh,t3_15ry07k,comment
jwe2wka,300? El sueldo promedio en Argentina no supera los 150 dólares al cambio de hoy,emebe1917,merval,14,2023-08-16 02:00:03,t1_jwbxjeh,t3_15ry07k,comment
jwct1jz,"tal cual. La gente tiene en la cabeza una fantasia por la cual ""es imposible que esto vaya peor"" entoncees si explota todo de repente va venir una revolución ""dolarista"" y todos se van a llenar de guita. Una fantasia pelotudísima, sospechosamente parecida a las de la izquierda.

Si argentina explota y pasamos a ser Uganda no hay ninguna garantía de que salgamos de eso, por más que sea sentido común a muchos les cuesta verlo,

En Uganda el salario mínimo es de 1.75 dólares al mes si hace falta una referencia de que tan bajo podemos caer aun.",JuanPromedio,merval,41,2023-08-15 20:13:08,t1_jwbxjeh,t3_15ry07k,comment
jwc32wt,"Yo soy mas conservador, 100usd maximo... onda gerente primera linea",unPaloVerde,merval,9,2023-08-15 17:28:08,t1_jwbxjeh,t3_15ry07k,comment
jwg4hni,Pero hoy en dólares cuanto cobras?,RelationHealthy5893,merval,2,2023-08-16 13:07:46,t1_jwbxjeh,t3_15ry07k,comment
jwl6235,anda a un hospital o una facultad y vas a ver que esta plagado de extranjeros. El argentino se limita a buscar laburo y vivir como croto todo el dia para juntar 2 mangos. El brasilero viene aca estudia gratis en la uba y con los pocos ahorros que trae de alla alquila y estudia como un rey. No les parece que va siendo hora de subirnos la bombacha?,[deleted],merval,0,2023-08-17 12:27:22,t1_jwbxjeh,t3_15ry07k,comment
jwcnx1i,"Igual que en 2019... no importa quien gane, Argentina no esta manejando la macro economia desde que le prestaron 47 mil millones",unPaloVerde,merval,24,2023-08-15 19:38:42,t1_jwcn8xp,t3_15ry07k,comment
jwg54rv,"Es muy simple, nadie confía en los politicos que nos gobiernan, entonces no hay confianza. Al no haber confianza la moneda no vale nada. Como la moneda no vale nada nuestros salarios en dólares cada ves son mas bajos.

Los países del ""primer mundo"" también tienen deudas inmensas como la nuestra, pero ellos al ser países confiable y que pagan sus deudas le siguen prestando plata y siguen con la rosca.

&#x200B;

Saludos",RelationHealthy5893,merval,1,2023-08-16 13:11:34,t1_jwcn8xp,t3_15ry07k,comment
jwcf6ew,"El FMI no pide devaular, pide que el cambio oficial sea el cambio real. si tu valor del dolar es el valor de mercado se equilibra solo y no tenes que gastar la plata que el FMI te presto nada mas para que los importadores compren mas barato",niconline,merval,45,2023-08-15 18:41:47,t1_jwc2zak,t3_15ry07k,comment
jwc3x70,"Porque la teoria clasica dice, que si somos baratos (en dolares) mejora el clima de negocios, llegan inversiones, y el pais tendria (en teoria) más dolares para pagar la deuda.
Uno puede estar de acuerdo, con que la variable de ajuste sean los mas pobres (ya que la alta imflacion los empuja a la indigencia) y la masa asalariada... que hoy dia trabajan para seguir siendo pobres",unPaloVerde,merval,26,2023-08-15 17:33:12,t1_jwc2zak,t3_15ry07k,comment
jwgeu7a,que tiene que ver la gente en eso? es el fondo monetario internacional no un organismo de ayuda. no se por que la gente piensa que el que si alguien te presta plata es porque le importas y no por cobrarte intereses o condicionarte.,Several-Evening-544,merval,1,2023-08-16 14:09:09,t1_jwc2zak,t3_15ry07k,comment
jwgjuze,Porque así pueden llevarse cualquier tipo de recurso del que disponga el país por chauchas y palitos.,LM391,merval,1,2023-08-16 14:38:43,t1_jwc2zak,t3_15ry07k,comment
jwqdmao,"porque a ellos no les importa la gente, solo cobrar los vencimientos en tiempo y forma, sino fijate el caso de Grecia...",Latter_Ad_8104,merval,1,2023-08-18 12:26:28,t1_jwc2zak,t3_15ry07k,comment
jwf2mot,"los paises como Argentina es donde los inversores del FMI hacen guita. El FMI no es un gobierno o un tipo malo, es un Fondo (de inversionistas). Darle guita a un país con la soga en el cuello es un negocio redondo porque el país no puede dejar de pagar a riesgo de quedar afuera del mapa. El tema es que la deuda es totalmente y fácticamente impagable, asi que lo unico que cubrimos son intereses sobre intereses sobre intereses.   
Cuando un K te diga que Nestor pagó la deuda, decile que lo único que pagó fueron los intereses completos de 1 conjunto de bonos de 1 prestamo que vencia ese año, no la deuda. La deuda no se pagó nunca, sino no existirían los bonos",OGElron,merval,11,2023-08-16 08:52:47,t1_jwc0pyx,t3_15ry07k,comment
jwc1nrt,No les prestaron guita. Refinanciaron la deuda que tomó el gobierno anterior.,luznodamas2,merval,8,2023-08-15 17:19:40,t1_jwc0pyx,t3_15ry07k,comment
jwlufi4,"No toman deuda... toman falopa... le dan guita para restructurar la deuda, pagan los vencimientos actuales (de la guita que pidio blue eyes) para patear los vencimientos a futuro... es como pagar el minimo de la tarjeta con un prestamo personal a dos años, para bajartelo a la realidad",unPaloVerde,merval,1,2023-08-17 14:52:09,t1_jwl5g37,t3_15ry07k,comment
jwh6268,"Era inevitable, argentina solo cambio deuda por una de interés menor. Si no recuerdo mal el interés del préstamo del FMI es de 4% y la otra era de 7%. Osea la deuda siempre estuvo, pero un interés menor en miles de millones hace una gran diferencia",CarpinchoFurioso,merval,1,2023-08-16 16:50:11,t1_jwcwcnt,t3_15ry07k,comment
jwkkymq,Ya se hizo en 2016... fijate que paso,unPaloVerde,merval,1,2023-08-17 10:10:06,t1_jwgjeft,t3_15ry07k,comment
jwt8vor,"Si, me prestaron 47mil millones de dolares para pagar el resumen de la tarjeta en pesos... y ahora lo tiene que devolver la puta de tu vieja (si se me permite el eufemismo)",unPaloVerde,merval,1,2023-08-19 00:01:02,t1_jwsjbru,t3_15ry07k,comment
jwcjsa5,idem,Telepunchy,merval,5,2023-08-15 19:11:13,t1_jwc1tkz,t3_15ry07k,comment
jwce35w,"No olvidemos a nuestra adicción más grande, la inflación
https://www.billetesargentinos.com.ar/articulos/cotizacion.htm

Ahí pueden ver los números de inflación desde 1914",HealthPutrid633,merval,8,2023-08-15 18:34:53,t1_jwbit0q,t3_15ry07k,comment
jwbm642,"No, no es evitable. Lamentablemente tiene que reventar bien reventado el país.

Lo que todos tienen que entender es que para salir del poso no se usa magia, no se puede hacer en 4 años y menos con gente poniéndote trabas en todos lados (no solo políticos, funcionarios, empresarios y hasta gente común).

Todos los chorros que están mamando de la política tienen que aprender a decir ""hasta acá"" y decidir un rumbo para el país entre todos por qué hasta ellos van a quedar atrapados en su propia mierda.",pabloivani,merval,28,2023-08-15 15:47:55,t1_jwbit0q,t3_15ry07k,comment
jwd0ewv,"El tema es que esos problemas han sido causados por ellos mismos con las mismas medidas, osea que se autoperpetua. Es como la gente que le echa la culpa de la inflacion a la especulacion comercial, cuando dicha especulacion nace a partir de una inflacion que ya es muy alta

Pero si, si destinaramos gasto a desarrollo de verdad en vez de comernoslo, las cosas serian diferentes",simonbleu,merval,5,2023-08-15 21:03:10,t1_jwbit0q,t3_15ry07k,comment
jwcyn6b,"Si decis gastarte todo en pagar una boleta de gas carisima y vivir del trabajo no remunerado de las minorias, eventualmente te vas a quedar sin minorias que poner a laburar y tenes que seguir pagando la cuenta del gas. Al final todos te van a odiar y en el invierno no vas a tener gas...",MagicLizard01,merval,1,2023-08-15 20:51:08,t1_jwc25ds,t3_15ry07k,comment
jwbuv7q,"Los trabas son los 3 millones de dólares que tiene Flor K en una caja de seguridad, la que hizo Calcaterra con las obras de la ciudad, la guita de los cuadernos de Centeno, los bolsos que revoleó Lopez, la plata que le “afanaron” a Michetti de su “fundación”, y así. Pero también son los termos lumilagro, las motitos gilera, los ventiladores Liliana, las computadoras Exo y las teles BGH, la ropa hecha en argentina y todo ese circo de “industria nacional” que pagamos para que no puedan entrar importaciones y productos decentes. Los trabas son los subsidios a los colectivos según un “estimado” de pasajeros, los subsidios a Cammesa que Edenor y Edesur pero también las cooperativas del interior se fuman en pipa, las jubilaciones de privilegio para jueces, empleados de AFIP, de anses y (si, tambien) docentes.
Nos venimos patinando en trabas 110 pesos de cada 100 que ganamos hace 20 años. Ya no nos presta plata ni nos fía nadie.",Chero312,merval,26,2023-08-15 16:39:10,t1_jwbsrr4,t3_15ry07k,comment
jwh8n65,AGUANTE LA A CARAJO,Broodwing,merval,1,2023-08-16 17:05:29,t1_jwccex2,t3_15ry07k,comment
jwf10if,"Pasalo! Sería muy interesante de ver. Me pasó lo mismo viendo cómo era la política monetaria de la década de 1970; igualito, con los dólares financieros que doblaban al oficial y que se mantenían planchados por unos meses y hacían saltos discretos, hasta que en un momento no dio para más y todo se fue al valor más alto y se cumplió la máxima argentina: ""el que apuesta al dólar, gana"".",AdorableVegetable972,merval,5,2023-08-16 08:38:39,t1_jwcvnmj,t3_15ry07k,comment
jwfjwec,Escuchate cualquier monólogo de tato bores y vas a sentir que es exactamente lo que está pasando ahora,BlckEagle89,merval,3,2023-08-16 11:01:17,t1_jwcvnmj,t3_15ry07k,comment
jwbriay,"Lo de las condiciones del FMI siempre es dudoso. La mayoría de las cosas que el FMI pidió nunca se cumplieron y no se sabe bien como igual seguía llegando la guita. Dicen que con este último se pusieron firmes (?) en pedir... algo (?), pero es todo re opaco ese proceso",BNeutral,merval,12,2023-08-15 16:19:24,t1_jwbpyqq,t3_15ry07k,comment
jwdfgk7,"Si, no digo que no puedan decirlo, claramente pueden y hasta algunos políticos amantes de tomar a la gente como idiota y mentirle en la cara lo hacen (puede funcionar con su electorado), pero es una tontería.",BNeutral,merval,1,2023-08-15 22:47:35,t1_jwd0hmd,t3_15ry07k,comment
jwdi7u2,"no se postulo, lo postularon como a mamerto alverso fernandez",Wizzman-,merval,3,2023-08-15 23:07:02,t1_jwciz49,t3_15ry07k,comment
jwhebmh,">Igualmente no entiendo el porqué Massa esta de candidato a presidente

Porque aunque no lo creas es el que mejor medía dentro del Kirchnerismo. Que otro candidato veías dentro del partido que pudiera ser títere de Cristina? Grabois se plantó, se quiso medir la verga con Massa y así le fue.",Ega_Paul,merval,3,2023-08-16 17:38:59,t1_jwciz49,t3_15ry07k,comment
jwfjqqz,"Ego y ansias de poder, no hay otra explicación. No hay chance de que el chabon gane. Aunque me gustaría saber que va a pasar si Massa no entra ni al balotage.",BlckEagle89,merval,2,2023-08-16 11:00:15,t1_jwciz49,t3_15ry07k,comment
jwdfc93,"La confianza en el peso no existe, asi que realmente no me explica nada esta idea. Yo tengo todavía menos confianza en el peso ahora que se patinaron 30 mil millones de dolares en medidas inutiles. Capaz para confundir a alguno que no entienda nada.",BNeutral,merval,1,2023-08-15 22:46:44,t1_jwd112o,t3_15ry07k,comment
jwgch34,"Si. El tema de la tasa real positiva es para cuando la inflación es baja. Le haces a la gente poner la guita en el banco, y controlas un poco el circulante financiandolo o bien con la emisión chica que ya pensabas hacer, o de otro lado. Si tenés que duplicar la base monetaria para pagar esos intereses, sos un boludo, es inflacionario. Lo gracioso es que de todas las medidas del FMI, en vez de seguir las que tienen sentido (bajar déficit, unificar el tipo de cambio, no intervenir el dólar financiero, etc) la que cumplen es esta. La justificación sería que sin instrumento de resguardo para los pesos vas a una hyper sin escalas, y tu economía ya murió hace rato y solo estás estirando la joda",BNeutral,merval,2,2023-08-16 13:55:06,t1_jwesva1,t3_15ry07k,comment
jwgdcas,"Si, lo que no entiendo es para que gastaron miles de millones de dólares en mantenerlo bajo. Para importar se usa dólar oficial, entonces la parte productiva estaba cuidada por ese lado. Para exportar de usa el oficial también y con eso hicieron mierda a todos los exportadores con una brecha del 100%, pero si te interesa que los exportadores no se caguen de hambre dejas de forzarlos a pesificar y listo. Entonces, que resultado útil hubo con gastar las reservas del bcra en intervenir?",BNeutral,merval,1,2023-08-16 14:00:15,t1_jwet3u8,t3_15ry07k,comment
jwbrznp,Pero yo quiero ser parte de la élite... Quiero andar en yate :(,[deleted],merval,7,2023-08-15 16:22:13,t1_jwbqu52,t3_15ry07k,comment
jwdircf,"no es porque votamos como el orto, es porque no hacemos valer nuestro voto... si nos dicen ""vamos a pintar la calle de azul"" y despues la pintan de rojo y no nos quejamos y los rajamos, la culpa es porque no nos hacemos valer.. no te votamos para eso",Wizzman-,merval,13,2023-08-15 23:10:52,t1_jwbqkku,t3_15ry07k,comment
jxj1op3,Si votar cambiara algo no nos dejarían votar,CunnyLoverUohhh,merval,1,2023-08-24 05:35:15,t1_jwbqkku,t3_15ry07k,comment
jwbphrq,"para loco, si milei ya tiene la elección ganada, paciencia. Esos ""boca-river"" le van a jugar a favor, porque sea cual sea el ballotage, cualquier lado de la grieta lo va a votar a él para no ver ganador a su contrario.",Upstairs-Iron-5014,merval,1,2023-08-15 16:07:29,t1_jwbgn4j,t3_15ry07k,comment
jwcfr6y,"Yo pienso como vos más de una vez y hasta me imagino como seria, se divide en 2 la Argentina y les dejamos elegir la parte que más les guste a ellos, así no tienen excusas, nuestra mitad en 5 años es potencia. Estoy muy seguro.",damnitsxerath,merval,1,2023-08-15 18:45:31,t1_jwbgn4j,t3_15ry07k,comment
jwbozxw,[deleted],[deleted],merval,3,2023-08-15 16:04:33,t1_jwbmjrc,t3_15ry07k,comment
jwbn9vn,"El dólar es verde, inmaduro como una manzana, dónde está la manzana verde in madura? Arriba, en el árbol y así el dólar quiere ir hacia arriba.

De dónde viene el dolar?  De USA. Dónde está USA? Al norte, arriba. El dólar quiere volver a casa, por eso sube.

-""hablemos sin saber"" -Sin Codificar.",pabloivani,merval,38,2023-08-15 15:54:24,t1_jwbalrl,t3_15ry07k,comment
jwcj02j,[deleted],[deleted],merval,12,2023-08-15 19:06:04,t1_jwbalrl,t3_15ry07k,comment
jwcgbl6,"Las empresas usan dólar MEP hasta donde tengo entendido, no blue",grimgroth,merval,1,2023-08-15 18:49:02,t1_jwbylzw,t3_15ry07k,comment
jwcuqp9,Las importaciones se pagan al dolar oficial,ZurditoBagley,merval,1,2023-08-15 20:24:41,t1_jwbylzw,t3_15ry07k,comment
jwgaln2,"Che pero los 200 dólares son por persona física. No te voy a decir que no hay cepo, como el año pasado cuando cambiaron las SIMI a las SIRA que se pararon las impo, pero no digas ganzadas. Las empresas y Mercaderías van por otro canal. Al menos en el rubro que trabajo, los grandes impos muchos con la excusa de que no me aprueban los giros pongo precio de blue, a todos les aprobaron las SIRA después.",soundofsatellites,merval,1,2023-08-16 13:44:02,t1_jwbylzw,t3_15ry07k,comment
jwblul6,"claro, otro caso más también fue Kicilove cuando devaluó en 2014 y se fue a precios. Igual a Prat Gay que decía que ""no pasaba nada, ya esta todo al blue"". Otro caso fue con el dolar soja (experiencia personal), se devaluo para la soja y el aceite de soja aumento al otro día en igual proporción.

A esta altura del partido, el que vuelve a repetir que los precios estan al blue es porque o es un ignorante o te quiere empomar",SimilarStock3,merval,3,2023-08-15 15:46:01,t1_jwbkdg6,t3_15ry07k,comment
jwd7lo6,"Aca se aumenta por el blue,el oficial y porque si.Despues funden y la culpa la tiene otro,el empresario promedio Argentino es tan cabeza como los politicos",Rusoloco73,merval,2,2023-08-15 21:52:48,t1_jwbkdg6,t3_15ry07k,comment
jwiffgm,Perdón. No estoy entendiendo. Los precios no son a dolar blue.... por que razón?,PrimeRadian,merval,1,2023-08-16 21:41:47,t1_jwbkdg6,t3_15ry07k,comment
jwbbzr7,"Creo que te equivocas en tu analisis. Milie es cambio, el mayor de ellos, y bajaron todos los ADRs (aunque existió una recuperación).

Al mercado no le importa quien gana (osea tiene sus preferencias), al mercado le importa ir para donde va a estar la plata... Se aposto previo a las pasos con dinero a activos pensando un escenario y ese escenario no se dio, por ende genera incertidumbre y como consecuencia una logica retirada de activos expuestos.",PleuraZoom,merval,10,2023-08-15 14:47:28,t1_jwb5y1l,t3_15ry07k,comment
jwbb58o,"No, fue por una medida tomada como condición previa al desembolso del FMI post paso si Massa hacia una mala elección... ya estaba arreglado eso.",PleuraZoom,merval,8,2023-08-15 14:42:26,t1_jwb8ds8,t3_15ry07k,comment
jwcfd0v,"El que se devaluó fue el peso en relación al dólar.
El dólar también se devalúa, pero ese es otro partido que no se juega en Argentina.",82468,merval,1,2023-08-15 18:42:58,t1_jwb8ds8,t3_15ry07k,comment
jwbcfzn,"Na! Quizas estoy muy anestesiado y no lo siento tan fuerte... 

Pero entiendo lo que planteas, lo importante es que preferis consultar sobre areas que no sos experto (tampoco lo soy) y no repetir como loro lo que dicen en la tele...",PleuraZoom,merval,3,2023-08-15 14:50:08,t1_jwb79bb,t3_15ry07k,comment
jwcrcng,"Exacto, la violencia y caos asociados a estas crisis que se dan periódicamente en Argentina (cada 10 años, ó cada 20) depende de quien esté en el poder.
Si está el peronismo, ""es lo que hay"", es ""lo que nos dejaron los que gobernaron antes"", ""hicimos lo mejor posible para arreglar la situación pero nos dejaron una bomba"". Los sindicalistas y ""organizaciones sociales"", en su mayoría, no hacen grandes problemas, todo está bien porque ""no gobierna la derecha"". Los barrabravas que actúan como fuerza de choque están guardados, ensobrados.

Cuando hay otro partido en el poder, es el caos total, saqueos, muertos, movilizaciones masivas, estado de sitio, presidentes que salen eyectados del poder ante el más absoluto caos generado por el peronismo: nos estamos muriendo todos, el país se incendia, esto es un desastre, llegó el apocalipsis.",82468,merval,7,2023-08-15 20:01:42,t1_jwbquj0,t3_15ry07k,comment
jwgoh9r,Hubiera sido peor en todo caso porque no prosperó. Igual el punto era que no te dejan hacer nada.,StyleCareful134,merval,1,2023-08-16 15:05:50,t1_jwgm8h5,t3_15ry07k,comment
jwbqf3r,"Pero como va a devaluar a modo de advertir amigo si es una decisión del gobierno, no algo que provocó el mercado. Devaluó porque era el acuerdo con el FMI. Por suerte, que le explote la bomba en la mano a estos HDP.",StyleCareful134,merval,3,2023-08-15 16:12:57,t1_jwb5fra,t3_15ry07k,comment
jwbrfsl,"Es algo que ya hizo este mismo partido en 2016, no se por que lo ves ""tirado de los pelos"". Es mas, le falto la parte donde el kirchnerismo usa su monopolio de la protesta social e impulsa todos los reclamos y manifestaciones al proximo que venga.",DMugre,merval,2,2023-08-15 16:18:59,t1_jwbqz1g,t3_15ry07k,comment
jwb88ub,"Cuando te tiran la posta así cruda ver distintos puntos significa abrirte a la desinformación, o peor, a la gimnasia mental.

Have fun",DMugre,merval,2,2023-08-15 14:24:55,t1_jwb7mfi,t3_15ry07k,comment
jwdkmcs,Estaba dando un ejemplo... Ponele que sea 2000 o 4000. Necesitas menos dólares ahí jaja... El tema es de donde los sacas como decís. Supuestamente milei ya tenía esa parte cocinada... Pero hay que acomodar el terreno primero antes de hacer nada,Wizzman-,merval,1,2023-08-15 23:24:15,t1_jwdkaa2,t3_15ry07k,comment
jwkayzj,Ahora decile eso a Fernández a ver si te entiende.,Still_Ad3705,merval,1,2023-08-17 08:50:21,t1_jwjg7he,t3_15ry07k,comment
jwdv5au,Una hiper sin poder comprar dolares…mamita.,hernanemartinez,merval,1,2023-08-16 00:47:03,t1_jwbq1rm,t3_15ry07k,comment
jwd9s4d,Si es una clausula del FMI claramente es para hacerle las cosas mas faciles al proximo candidato.Que mejor que el saliente asuma el golpe.,Rusoloco73,merval,1,2023-08-15 22:08:02,t1_jwbp65e,t3_15ry07k,comment
jwd8xgt,"Es lo que vi en un par de lugares, el ajuste pactado fue una parte de lo que pasó, pero no el total. Sin ir más lejos, las primeras reacciones fueron las últimas horas de las paso donde el dólar cripto subió de golpe, y cuando abrieron los mercados hoy a la reacción fue esta también. Decir que el resultado no influyo es cuando menos inocente, la cantidad enorme de votos a favor de quien nos dejó en esta posición (Massa y el gobierno actual que lo apoya) también hizo que todos lo que tengan guita digan chau nos vimos, ni en pedo dejo guita si tengo la opción de sacarla. Igualmente, es argentina, aquí nadie sabe 100% que pasa con la economía, ni los supuestos encargados de manejarla en el gobierno u oposición 🤷🏽‍♂️🤣",Dark__Metal,merval,1,2023-08-15 22:02:03,t1_jwd25ex,t3_15ry07k,comment
jwcf0g8,"Votá la ultraderecha y fíjate. Espero que seas un hombre, heterosexual, blanco, cristiano y de clase media alta para arriba. Si es así y tu única preocupación es TU plata capaz que te resulta válido el voto a corto plazo. Buena suerte, de cualquier modo la vamos a necesitar.",a_kwyjibo_,merval,4,2023-08-15 18:40:44,t1_jwc6fpx,t3_15ry07k,comment
jwkg1z2,"Emm,.. ¿Por qué? Downvoteenme todo lo que quieran, yo hice lo correcto en reportarlo y por las razones correctas, y todos lo saben. Esto es un shitpost digno de r/rgentina y nada más. No se caga donde se come, fácil la cuenta papu",brunobig2004,merval,1,2023-08-17 09:32:51,t1_jwbwquq,t3_15ry07k,comment
jx03hhz,por? siempre lo escucho,kaseyguyat,merval,2,2023-08-20 11:43:36,t1_jwhv9nw,t3_15ry07k,comment
jwhcwgi,El viernes con el dolar a $600 estaba cobrando 250 U$D. Hoy miercoles me doy con que cobro 192 U$D...Y es largo el tirón hasta la fecha de liquidacion en septiembre.,Ega_Paul,merval,4,2023-08-16 17:30:39,t1_jwdckyg,t3_15ry07k,comment
jwddvh0,Hay gente que gana mucho menos. Donde vivo hay negocio que trabajan media jornada,FederalAd5361,merval,2,2023-08-15 22:36:32,t1_jwdckyg,t3_15ry07k,comment
jwfi3z1,"Yo igual hablaba de un buen sueldo, creo que me exprese mal igual, pido disculpas. Pero mas o menos cuanto gana alguien con un sueldo ejemplo cajero de súper de dónde seas ?",FederalAd5361,merval,0,2023-08-16 10:49:30,t1_jwe2wka,t3_15ry07k,comment
jwd9za0,"Todo es relativo, según Milei, la dolarización no sería sino hasta su tercera etapa. O sea, ya pasado su primer tiempo de mandato.",TobiWester,merval,11,2023-08-15 22:09:27,t1_jwct1jz,t3_15ry07k,comment
jwg72f2,"Es fantasía hasta que se hace, como todo va.",LadrilloRojo,merval,2,2023-08-16 13:23:02,t1_jwct1jz,t3_15ry07k,comment
jwe42ur,">Milei

no salame, vos sos el pelotudisimo igual q los q piensan asi nadie ahorra en pesos, los dolares estan, pero no el mercado porque el gobierno te los roba.",blosin,merval,-8,2023-08-16 02:12:11,t1_jwct1jz,t3_15ry07k,comment
jwgnex1,"Cierto que ahora no somos Uganda, somos la maravillosa y espléndida... Venezuela del sur?.

Jate jode’ ahora aparecen todos los paracaidistas preocupados por “la realidad económica del país” y los  “vamos a cobrar 300usd como mucho”, hay que ser cínico eh.",BlasterB2000,merval,-3,2023-08-16 14:59:27,t1_jwct1jz,t3_15ry07k,comment
jwc6dip,Miedo y plata nunca tuvimos,FederalAd5361,merval,31,2023-08-15 17:47:55,t1_jwc32wt,t3_15ry07k,comment
jwdea9z,No tenes idea cuanto gana un gerente,Rocarat,merval,3,2023-08-15 22:39:23,t1_jwc32wt,t3_15ry07k,comment
jwfd53c,"Tampoco nos vayamos a tan a la mierda.  
Pero si... estamos mal.  
300 USD seria con mucha suerte un sueldo de 210 Mil- 220 Mil.  
Para que entremos en perspectiva real de lo que en estos momentos significan 300 USD.

Un sueldazo de un gerente o algo por el estilo CREERIA YO que ronda por los 500 mil, osea unos ... 710 dolares APROX.

Si, estamos como el orto... Pero en unos meses capaz estamos bajo tierra...",MagikaArt,merval,3,2023-08-16 10:15:12,t1_jwc32wt,t3_15ry07k,comment
jwg5fkf,"No estoy trabajando, dejé mí trabajo e inverti todo mí capital, ahora estamos acomodando una de nuestras casa para venderla y la camioneta, para poder irnos",FederalAd5361,merval,1,2023-08-16 13:13:22,t1_jwg4hni,t3_15ry07k,comment
jwpobpx,"Nunca vamos a admitir que uno de los grandes problemas que tenemos son los 4 millones y medio de extranjeros que residen en el país que no ponen un mango.

No vaya a ser que nos digan que somos ""la palabra con R!!!'",CountMandrake,merval,1,2023-08-18 09:36:24,t1_jwl6235,t3_15ry07k,comment
jwd5wmt,">macro economia 

cualquier cosa,el deficit estatal es todo un logro de los K encima cada vez mas gente colgada,abc de economia.No podes gastar mas de lo que entra",Rusoloco73,merval,16,2023-08-15 21:41:00,t1_jwcnx1i,t3_15ry07k,comment
jwcoi7h,"Y bueno, eso me pasa por nacer en argentina (? Lpm",DuckLittleDream,merval,1,2023-08-15 19:42:39,t1_jwcnx1i,t3_15ry07k,comment
jwfo2p5,"Menos mal que no la manejan, pq si el gobierno llega a manejar la macro, ya hubiesemos explotado antes jaja",Gringoreloko,merval,1,2023-08-16 11:28:19,t1_jwcnx1i,t3_15ry07k,comment
jwcxk8o,"El FMi presta pata pagar la deuda.. jamas presta para que te compres la play subsidiada.
. Si este pais fuera serio Milei seria enviado a u  pelotón de fusilamiento por infame traidor a la patria.",elpepeargento,merval,-37,2023-08-15 20:43:45,t1_jwcf6ew,t3_15ry07k,comment
jwfzvt3,"Medio que si pide devaluación de la moneda. Devaluacion es un concepto económico real. Mas allá de ""valor real"", y que no quieren todos los dolares diferenciales, el efecto más práctico que hace la devaluacion es que los pesos se licuan y permitiría recomponer reservas para que les pagues de vuelta.",soundofsatellites,merval,1,2023-08-16 12:40:40,t1_jwcf6ew,t3_15ry07k,comment
jwc7eo2,"Es que si es así, pero no estan dadas las condiciones regulatorias para que entren inversiones... Quien va a querer invertir en un país con una presión tributaria tan alta?",LadrilloRojo,merval,11,2023-08-15 17:54:01,t1_jwc3x70,t3_15ry07k,comment
jwcalod,"Y ahora fijate como le va a la inversión extranjera directa cuando hay recesión, producto del caos que producen las devaluaciones. Para peor, los sectores que más chances tienen de exportar no tienen un problema con los salarios, sino que incluso algunos son de los que mejores salarios pagan (ej, aceiteros ó petroleros)

El FMI es un actor político irracional.",juanml82,merval,2,2023-08-15 18:13:17,t1_jwc3x70,t3_15ry07k,comment
jwcfxgi,"Tal cual... basicamente estan pateando la deuda para mas adelante, no les prestaron nada... al unico que le prestaron 55 mil palos sin chistar fue a Macri.",trotskylenin,merval,14,2023-08-15 18:46:37,t1_jwc1nrt,t3_15ry07k,comment
jwcpdcy,"Cantidad de guita le prestaron desde que entró este gobierno, pero mágicamente esa info se borra del termo promedio",[deleted],merval,11,2023-08-15 19:48:22,t1_jwc1nrt,t3_15ry07k,comment
jwcj5as,"> El martes y miércoles próximos el ministro tendrá reuniones en Washington donde terminará de cerrar los desembolsos por unos USD 10.000 millones para los próximos meses que confirmó el organismo ayer. La semana próxima llegarían USD 8.000 millones

https://www.infobae.com/economia/2023/08/15/sergio-massa-viajara-a-washington-para-reunirse-con-el-fondo-monetario/",PopularPianistPaul,merval,5,2023-08-15 19:07:01,t1_jwc1nrt,t3_15ry07k,comment
jwbxt1w,"Por eso sería muy importante, entiendo yo, que el próximo ministro de economía o jefe de gabinetes (o el que sea que comunique) sea profesor o pueda explicar como uno. Va a ser importantísimo que sea muy muy muy bien explicado todo, para que la máxima cantidad de gente entienda lo que viene pasando, lo que se encontró, y lo que van a hacer para solucilnarlo. Veremos.",seba_1492,merval,20,2023-08-15 16:56:29,t1_jwbm642,t3_15ry07k,comment
jwcc20m,"Voy a citar una escena de los Simpsons ""y lo tiene que decir tan bruscamente"" ja ja es cierto lo que decís",FederalAd5361,merval,4,2023-08-15 18:22:12,t1_jwbm642,t3_15ry07k,comment
jwg831x,"Amigo, no se cuantos años tenés o si viviste el 2001, pero se me hace que no tenés idea que signifca decir que reviente bien reventado el país.

Estoy muy de acuerdo que en 4 años no solucionas nada, lamentablemente tanto UPP como JxC no se pueden poner de acuerdo porque las visiones que tienen de modelo de país son incompatibles. Tenemos gente, tenemos recursos, tenemos cabeza, lo único que no tenemos un plan a 50 años donde gobierne quien gobierne, la Argentina sea lo primero.",soundofsatellites,merval,1,2023-08-16 13:29:02,t1_jwbm642,t3_15ry07k,comment
jwhif4n,Las jubilaciones docentes no son un privilegio.Informate.Aportamos el doble en porcentaje que la jubilacuon comun.Durante toda nuestra vida laboral.Por eso cobramos un poco mas.Y ahora con esta inflacion se licuo terriblemente.,cascoman1258,merval,2,2023-08-16 18:02:55,t1_jwbuv7q,t3_15ry07k,comment
jwdqj1u,"Es muy buen argumento el que pones salvo por la parte puntual del docente. Soy de ese grupo, y te puedo asegurar que mas de una vez he pensado en renunciar para ir a trabajar las mismas horas a una empresa privada y ganar mas plata. Es muy bastardeado el rol docente, como también el rol médico, pero de toda la línea de empleados públicos, somos los que mas cerca estamos de la base de fuerza laboral privada pisoteada por el Estado/Empresario garca. Ahora, es injusto a la vez que con tanto sacrificio de estudio y preparación tenga ganas de dejar todo para ir a una oficina cuando mi vocación es formar ciudadanos, y aún así siendo “funcionarios públicos” con formación cobremos menos que Ofelia Fernandez que solo se dedicó a tomar colegios por boludeces",No_Buffalo_2427,merval,1,2023-08-16 00:09:01,t1_jwbuv7q,t3_15ry07k,comment
jwg692f,"""Fichas de investigación economica y politica"" de milciadez peña, si googleas el primer resultado te salen todos los analisis",ZurditoBagley,merval,1,2023-08-16 13:18:14,t1_jwf10if,t3_15ry07k,comment
jwg8p1w,"Y mirá siempre estuvo el dolar mas o menos ahí, pero fue con el Rodrigazo cuando se instaló ""el que apuesta al dólar, gana"" en la conciencia argentina.",soundofsatellites,merval,1,2023-08-16 13:32:40,t1_jwf10if,t3_15ry07k,comment
jwbt518,"Y si, la verdad verdadera la saben ellos pero se descontaba una devaluación del oficial, en Rava inclusive mencionaron 350 como valor probable hace unos 10 días. Y no lo hizo antes de las elecciones porque se le pudría (más), pidió hacerlo después. Se comentó en varios lugares, tanto que pensé ""uf hace tres años que vengo esperando que achiquen la brecha"" y sin embargo se dió tal cual, demasiado tal cual para no ser cierto a mi entender",StyleCareful134,merval,3,2023-08-15 16:28:57,t1_jwbriay,t3_15ry07k,comment
jwg9en9,"Era Vox Populi, y parte del acuerdo de los desembolsos. Si lo hubiera podido cerrar antes lo hubiera anunciado. Si pensás que devaluar es manera de asustar por el voto a Milei sos tan opa como cuando Macri salio a decir ""votaron mal"" cuandos e le fue mas o menos un mismo % devaluatorio pospaso.",soundofsatellites,merval,1,2023-08-16 13:36:55,t1_jwbriay,t3_15ry07k,comment
jwdgjzn,"Sisi, estamos de acuerdo en todo. Es una tontería que lo hagan y es una tontería que la gente les crea.",AwesomeBeardProphet,merval,1,2023-08-15 22:55:19,t1_jwdfgk7,t3_15ry07k,comment
jweuoaq,Acá es ma lista para ser parte de la élite que no le afecta los vaivenes de la economía? Sabe a qué hora empiezan a atender?,cientoquince,merval,1,2023-08-16 07:35:59,t1_jwbrznp,t3_15ry07k,comment
jwdkp6q,"Sí, es porque votamos como el orto. Casi la mitad de los que votaron eligieron a alverso. Todos los que no lo votamos sabíamos que terminaba mal. Y ganó. Y acá estamos. Los rajamos? Cómo? Lo secuestramos a alverso? Me pintaron la calle de rojo, ok está mal, no es lo que prometieron. Que hago? Salgo a matar a un político? A un juez? A quien? Siempre va a haber otro que opine que tuvieron que hacerlo, que no quedaba otra que la culpa es del otro. Siempre. Haces una guerra civil? Se hicieron muchas muchas marchas de protesta. Con mucha mucha gente. Les chupó un huevo. Cómo tenés que hacerte valer? Votando. Así funciona la democracia para bien o mal. No es perfecta pero ha demostrado ser hasta ahora la menos imperfecta. Y es lo único que les duele.",StyleCareful134,merval,0,2023-08-15 23:24:49,t1_jwdircf,t3_15ry07k,comment
jwfptkh,"No hubo golpe de estado, el pueblo argentino esta sufriendo las consecuencia de su voto colectivo",Embarrassed-Citron36,merval,1,2023-08-16 11:39:24,t1_jwdircf,t3_15ry07k,comment
jwd8pzv,"Se el PJ lo va a dejar gobernar...jajaj le doy 1 semana.El PJ es por naturaleza facho y golpista.

Por eso viven hablando de tomar la calle.Alfonsin lo vivio...digo tanto que lo nombran los caraduras.",Rusoloco73,merval,2,2023-08-15 22:00:36,t1_jwbphrq,t3_15ry07k,comment
jwcsqwx,En 5 años somos potencia y estoy seguro de eso. Imaginate en la frontera todos queriendo volver porque allá pasan hambre. Manga de estúpidos de mierda.,Fedoteh,merval,0,2023-08-15 20:11:09,t1_jwcfr6y,t3_15ry07k,comment
jwd8wja,"Te van a decir que los cagaron que a ellos de antes,que les toco la peor mitad en recursos,etc.

El zurdo/progre promedio es un fracasado que vive echando culpas afuera.",Rusoloco73,merval,0,2023-08-15 22:01:52,t1_jwcfr6y,t3_15ry07k,comment
jwbt21b,Overshooting de dornbusch,Charlesmenem,merval,1,2023-08-15 16:28:28,t1_jwbozxw,t3_15ry07k,comment
jwbuhgf,"Y el peso? Lo dice la palabra, tiene peso, es pesado, va para abajo.",brianmoyano,merval,19,2023-08-15 16:36:55,t1_jwbn9vn,t3_15ry07k,comment
jwd4136,El dolar sube porque es verde como la concha de la lora.,[deleted],merval,5,2023-08-15 21:27:58,t1_jwbn9vn,t3_15ry07k,comment
jwf13ke,Messi es arquero,AdorableVegetable972,merval,2,2023-08-16 08:39:25,t1_jwbn9vn,t3_15ry07k,comment
jwfioxx,"Increíble, lo mismo cuando dicen, ""que caro está todo"" en vez de, ""que pobre que soy"".",emilioque,merval,7,2023-08-16 10:53:19,t1_jwcj02j,t3_15ry07k,comment
jwzpaw7,"Menos mal que no sube el dolar, sino estamos re fritos😅",Efficient_Pomelo_583,merval,1,2023-08-20 09:52:45,t1_jwcj02j,t3_15ry07k,comment
jwcggiz,"670 la venta, así que por 30 peso no perdemos nada",No_Chipmunk5871,merval,3,2023-08-15 18:49:54,t1_jwcgbl6,t3_15ry07k,comment
jwd7qpv,"Si te autorizan,como se ve que no entienden un choto",Rusoloco73,merval,2,2023-08-15 21:53:47,t1_jwcuqp9,t3_15ry07k,comment
jwj36iz,"No te sabría explicar, pero todas las veces que hubo devaluación (subida del dólar oficial) todos los precios acompañaron a esa devaluación. Pero los aumentos del dólar blue no afectaron de igual forma a los productos salvo cosas importadas.

Por dar un ejemplo, en el laburo anterior las liquidaciones se pagaban al dólar oficial siempre.",cTemur,merval,1,2023-08-17 00:37:09,t1_jwiffgm,t3_15ry07k,comment
jwcutez,"Ah me puedo equivocar, no se mucho desde lo financiero empecé hace muy poquito. 

Yo lo digo más porque Milei se presenta pro mercado, algo que en teoría debe ser bueno para cualquiera que opera, junto a que la devaluación era obligatoria, sea por orden del FMI o por urgencia de liberar algo de presión.  Sumado a los que se quemaron en agosto 2019, se me ocurre que por ahi vino la retirada de activos.

No por quién si no por cómo y por cuánto se gana,  creo que importa, sin dudas no deja de ser una encuesta cara las PASO y las elecciones todo puede cambiar.",Mr_Brightstar,merval,1,2023-08-15 20:25:12,t1_jwbbzr7,t3_15ry07k,comment
jwbuet3,Con el FMI atrás o no el momento elegido para la devaluación fue una decisión POLÍTICA del gobierno.,Accomplished-Oven648,merval,7,2023-08-15 16:36:29,t1_jwbb58o,t3_15ry07k,comment
jwbdg4j,"En que se diferencia de lo que dijo el de arriba? Arreglado o no, es una medida del actual gobierno..",pampa_13,merval,7,2023-08-15 14:56:02,t1_jwbb58o,t3_15ry07k,comment
jwgrtfg,"Macri = PBI -30%


Ya basta de excusas, la estructura politica completa es inviable y necesita un reset",gotgel_fire,merval,2,2023-08-16 15:25:33,t1_jwcrcng,t3_15ry07k,comment
jwgs06w,"Dale sí, todas las respuestas tenían, pero fue el peronismo el que no les dejó hacer nada. Massa mismo votó todo los primeros dos años, se fueron a Davos juntos. * Inserte meme de wanda nara *",soundofsatellites,merval,1,2023-08-16 15:26:41,t1_jwgoh9r,t3_15ry07k,comment
jwbxjd3,"Porque la mayoria de la gente no lo entiende como vos, ayudada gracias a la cajita magia (TV).  


En vez de poner de decir algo real como ""El gobierno no pudo contener mas la devaluacion por sus cagadas anteriores"" te dicen ""Gracias a la incertidumbre que se generó luego de las paso al gobierno no le quedo otra para salvar a los argentinos/as"" y la mayoria de la gente compra el discurso de que no les quedo otra al gobierno y que, en este caso Milei, si gana se va a ir todo a la mierda y que ellos (este gobierno) es otra victima mas al igual que todos.",ariosti,merval,5,2023-08-15 16:54:54,t1_jwbqf3r,t3_15ry07k,comment
jwbqrc5,El fmi reclama una devaluacion de 60% tengo entendido. Que no lo hagan ahora de una es para no hacerlo en propio perjuicio y por lo tanto lo hacen de forma escalonada con las elecciones.. exolotarles en la cara? Tas loco.. siempre tienen una excusa y a alguien a quien culpar,BarbaDeMerlin,merval,3,2023-08-15 16:14:57,t1_jwbqf3r,t3_15ry07k,comment
jwd7d99,"No les explota a esos hdp. A nosotros nos explota. Siempre. Ellos se juntan todos y se van de fiesta a hablar de lo boludos q somos y como nos siguen cagando. Como en los Simpsons cuando se presentan 2 aliens y por la política bipartidista tienen q votar a uno. Despues se vuelven q presentar y siguen robando, ellos, el primo, el hijo, el socio. Fijate las provincias del norte por ejemplo. Ellos están de lujo. Las bombas son para nosotros.",AffectionateSpread38,merval,2,2023-08-15 21:51:10,t1_jwbqf3r,t3_15ry07k,comment
jwbvnf2,"porque el ministro de economía espera ganar las elecciones, esto no es acerca del próximo gobierno sino de intentar ganar estas elecciones.",santimo87,merval,1,2023-08-15 16:43:49,t1_jwbrfsl,t3_15ry07k,comment
jwdl2y8,"Ah si, una devaluación de 570%, por que no se nos ocurrió eso antes? Que problema podria acarrear semejante devaluación?   

Quizas entendiste mal, no es que tiene el asunto cocinado, es que nosotros estamos al horno",ZurditoBagley,merval,1,2023-08-15 23:27:37,t1_jwdkmcs,t3_15ry07k,comment
jwlaq0h,"no se ni por qué me gasto si claramente no querés entender, pero bueno te cuento que por la guerra en ucrania aumentó el costo de la energía a nivel a mundial y argentina todavía necesita importar energía (vaca muerta no alcanza por ahora). imaginate que si aumenta el precio de la energía aumenta absolutamente todo. eso no significa que las guerras produzcan inflación.",[deleted],merval,0,2023-08-17 12:54:56,t1_jwkayzj,t3_15ry07k,comment
jwcjg0l,"Y si soy negro, gay, ateo y cobro progresar e IFE q me conviene?",fran2074,merval,-1,2023-08-15 19:08:59,t1_jwcf0g8,t3_15ry07k,comment
jwdb2ah,"Mejor votemos ir para el lado de Venezuela,seguro salimos del pozo imprimiendo mas plata y negando la realidad.

Nadie quiere hacer el trabajo sucio",Rusoloco73,merval,1,2023-08-15 22:17:08,t1_jwcf0g8,t3_15ry07k,comment
jwdgfk7,"Claro por eso, si cobras 300usd Hoy, prácticamente tenés que agradecer al universo.",katsudonKawaii,merval,7,2023-08-15 22:54:26,t1_jwddvh0,t3_15ry07k,comment
jwwrql4,"No chabon, es muchísimo antes. Si escuchas a Ocampo explica muy sensato, el que venga y no solucione la inflación antes de las elecciones de medio termino (dos años) no puede hacer ningún cambio porque pierde todo el poder político. Es así bien clarito, tiene que implementarse y verse los resultados bien claros antes del medio tiempo o el gobierno pierde absolutamente todo el poder político.",Logical-Language-539,merval,3,2023-08-19 17:53:11,t1_jwd9za0,t3_15ry07k,comment
jwhpu3n,Que obsesion con que si o si somos lo peor del mundo siempre lpm. Que falta? Vas a decir que Haiti es Suecia al lado nuestro ya que estamos?,[deleted],merval,1,2023-08-16 18:47:54,t1_jwgnex1,t3_15ry07k,comment
jwcxa10,"Si vuelvo a la noche caminando miedo si tengo, plata seguro que no",MagicLizard01,merval,12,2023-08-15 20:41:50,t1_jwc6dip,t3_15ry07k,comment
jwdn30y,"A ver, el profe en sueldo de gerentes, iluminanos ¿cuanto ganan? Un line manager debe estar en 900k por mes 1M maximo. 1300usd al mes al blue como tope",unPaloVerde,merval,0,2023-08-15 23:42:29,t1_jwdea9z,t3_15ry07k,comment
jwhmfcw,Na un gerente gana mucha mas guita jajajaja,twindracos,merval,2,2023-08-16 18:26:57,t1_jwfd53c,t3_15ry07k,comment
jwzma5q,No ponen un mango? Si viven acá es porque pagan impuestos acá y consumen acá. No veo la gran diferencia con un argentino,Efficient_Pomelo_583,merval,1,2023-08-20 09:25:18,t1_jwpobpx,t3_15ry07k,comment
jwdcd4v,"Dale, lo que vos digas profesor Rusoloco73",unPaloVerde,merval,-11,2023-08-15 22:26:06,t1_jwd5wmt,t3_15ry07k,comment
jwd64ex,"Por nacer en pais bananero,aca se entrega el patrimonio mientras se discuten boludeces.

Mientras los K te hablan de Macri el litio se lo llevan en pala desde Canada.Podriamos fabricar zapatos pero regalamos cuero",Rusoloco73,merval,22,2023-08-15 21:42:29,t1_jwcoi7h,t3_15ry07k,comment
jwcpzic,"A menos de que seas millonario, es mas o menos igual en cualquier lado de latinoamerica",unPaloVerde,merval,3,2023-08-15 19:52:27,t1_jwcoi7h,t3_15ry07k,comment
jwfohm5,"Mira que paso en Grecia, con una situacion similar... despues me contas",unPaloVerde,merval,1,2023-08-16 11:30:57,t1_jwfo2p5,t3_15ry07k,comment
jwd9nft,¿Cual sería la responsablidad de Milei que de pedo tiene un puestito de diputado?. ¿Que la gente lo vote? El presidente sigue siendo Albe...Massa.,Sesilu_why,merval,23,2023-08-15 22:07:09,t1_jwcxk8o,t3_15ry07k,comment
jwd0gge,"El FMi presta y punto.Si queres podes pedirle a otro...ah no para somos un pais paria que vive el sueño socialista de darle todo gratis a todo el mundo incluido extranjeros,eso si lo pagamos con papelitos magicos que imprimimos

Que???porque tenemos inflacion???ah si por pelotudos como pepeargento",Rusoloco73,merval,20,2023-08-15 21:03:28,t1_jwcxk8o,t3_15ry07k,comment
jwcan9q,"ROI en dolares en Argentina > Roi europa... acá carrefour tiene un roi del 30% en dolares, y en españa no llega al 2%... que onda?",unPaloVerde,merval,15,2023-08-15 18:13:33,t1_jwc7eo2,t3_15ry07k,comment
jwfzo13,"Desde el desconocimiento, creo que el problema no es la presión tributaria (pagar más o menos impuestos) sino la volatilidad, lo rápido que cambian las cosas, y en general la dificultad de mover el dinero. 

Por ejemplo, digamos que quieres contratar trabajadores en sector servicios / IT estableciendo una subsidiaria en Argentina. Es fácil meter dólares/euros->pesos al oficial, pero es una tontería hacerlo así. Meterlos por otros canales (ej. MEP/CCL) es un esfuerzo y las condiciones van cambiando a menudo (parking, límites…). Y sacar parte de los beneficios / dividendos, ya ni hablamos…

Pero, por otro lado, no creo que sea una buena idea dolarizar el país. Ni Argentina, ni ningún país. Sencillamente no va a aumentar el circulante de USD a nivel global para contemplar la economía Argentina. Y pasa a estar a merced de otro estado, y de la Fed. Es una cagada y sólo sirve para empobrecer más a las personas que ya son pobres. La inseguridad y pobreza de ahora parecerá una broma si se dolariza.",adrinavarro,merval,8,2023-08-16 12:39:22,t1_jwc7eo2,t3_15ry07k,comment
jwcc8bs,"Capaz beneficia tambien a las empresas extranjeras, ya que licua el gasto de salarios (en dolares por supuesto)... no creo que sea irracional, todo lo contrario",unPaloVerde,merval,9,2023-08-15 18:23:17,t1_jwcalod,t3_15ry07k,comment
jwcmxsv,"Si, son los desembolsos del acuerdo. Es una refinanciación. Ahora tenés un vencimiento de deuda con el FMI entonces ellos te tienen que girar la guita para pagarlo y eso lo pagamos en 2 años. Pero es una refinanciación que se revisa todos los trimestres. Si no cumplis con lo pactado no te giran la plata y tenés que pagar la cuota ahora en vez de en dos años. No sé si se entiende... Pero la deuda se tomó y se usó en 2019. Ahora solo estamos difiriendo los pagos",luznodamas2,merval,12,2023-08-15 19:32:19,t1_jwcj5as,t3_15ry07k,comment
jwcc2uu,"Sabes que tenés razón, ojalá lo explicaran todo bien sencillo para que todos entiendan.",pabloivani,merval,10,2023-08-15 18:22:21,t1_jwbxt1w,t3_15ry07k,comment
jwcjlnc,"No es mala idea pero se me vino a la mente los comienzos de la cuarentena, las cadenas nacionales del preSCindente, y como se mojaban muchos -hasta muchos antiK- con que se notaba que era profesor, que bien explicaba, etc. Más que un docente en el cargo, se necesita un buen equipo de comunicación institucional.",matiaskeeper,merval,7,2023-08-15 19:10:01,t1_jwbxt1w,t3_15ry07k,comment
jwcf526,"Tienen que tener huevos y bancarse la que decidan que tienen que hacer, lo de explicar es un muy buen extra a eso. Si no te van a explicar cualquier parche pelotudo que van a meter, pero bien explicado.
La gente a la que hay que sacar del pozo igual no le va a dar ni bola porque el nivel de educación de mucha gente esta tan alejado de cosas básicas que charla de economía esta a un año luz.",[deleted],merval,5,2023-08-15 18:41:33,t1_jwbxt1w,t3_15ry07k,comment
jwcclfp,"Gracias, más de un problema me causo decirlo je",pabloivani,merval,5,2023-08-15 18:25:32,t1_jwcc20m,t3_15ry07k,comment
jwga4bf,"Viví el 2001 pero se ve que la gente o no se acuerda o le importa y te digo que en el 2001 no reventó bien reventado de otra manera no estaríamos dónde estamos.

Exacto un plan a 50 años sería genial para el país y para los bolsillos de los mismos boludos que nos están dejando sin nada. Ni para ellos son inteligentes.",pabloivani,merval,1,2023-08-16 13:41:08,t1_jwg831x,t3_15ry07k,comment
jwhj7ir,Es deficitario y cobran más que los demás jubilados. Cómo que no es un privilegio?,Chero312,merval,0,2023-08-16 18:07:37,t1_jwhif4n,t3_15ry07k,comment
jwh989a,"Andá a trabajar al prviado máquina, nadie te detiene. Si vos elegís ganar menos plata para privilegiar tu vocación me parece fenómeno, pero no me pidas a mi que te banque una jubilación de privilegio con plata que no te ganaste.",Chero312,merval,1,2023-08-16 17:08:59,t1_jwdqj1u,t3_15ry07k,comment
jwe4c0n,"no te hagas problema, todos presos, alfonsin es basura q aumento el deficit y promovio politicas socialistas",blosin,merval,1,2023-08-16 02:14:53,t1_jwd8pzv,t3_15ry07k,comment
jwd6mg7,Sos inimputable hermano,AffectionateSpread38,merval,1,2023-08-15 21:45:58,t1_jwcsqwx,t3_15ry07k,comment
jwdba66,"Natalia Natalia, un clásico!",pabloivani,merval,1,2023-08-15 22:18:40,t1_jwd4136,t3_15ry07k,comment
jwe4cxl,"A ver no soy experto en importaciones, pero el blue queramos o no, va a afectar :(",No_Chipmunk5871,merval,1,2023-08-16 02:15:10,t1_jwd7qpv,t3_15ry07k,comment
jwbeizj,"Q la devaluación del dólar no fue una medida del gobierno, fue una medida del FMI... se lee bastante sencillo.

Mira si Massa como candidato a presidente te va a querer devaluar el día después de las PASO, ya esta arreglado.",PleuraZoom,merval,2,2023-08-15 15:02:27,t1_jwbdg4j,t3_15ry07k,comment
jwhssxd,"Y Alberte??? PBI por el suelo y ni hablemos de los sueldos, los desintegró. Sin embargo no veo a nadie tirando piedrazos.
Completamente de acuerdo en que la estructura política es inviable y necesita un reset, para eso lo votamos al Sr. Javier Milei.",82468,merval,1,2023-08-16 19:06:39,t1_jwgrtfg,t3_15ry07k,comment
jwgsiep,"Bueno, como digas. El peronismo no saquea, no hace Paros, no mete piquetes, deja gobernar tranquilo a la oposición. Yo no hablo del gobierno de Macri en particular hablo del peronchismo. Te metiste a opinar de la reforma previsional cuando mi punto era otro.",StyleCareful134,merval,1,2023-08-16 15:29:42,t1_jwgs06w,t3_15ry07k,comment
jwc7ywf,"Ah ahora entendí el punto, gracias. Pero a esta altura me parece que son muy pocos los que pueden comprar esa versión. Ni siquiera Massa salió a decir que la razón fue Milei o sarasa (si lo hizo me lo perdí)",StyleCareful134,merval,0,2023-08-15 17:57:23,t1_jwbxjd3,t3_15ry07k,comment
jwbtyuw,"Bueno, espera estos dos meses a ver si les explota o no. Dos meses es una eternidad. Ojalá lleguen por el bien de todos, pero cada vez tengo menos fe.",StyleCareful134,merval,1,2023-08-15 16:33:53,t1_jwbqrc5,t3_15ry07k,comment
jwd8q67,"Si, quise decir que explote en el gobierno de este pelotudo antes de que se vayan. Explotar va a explotar, y siempre la ligamos nosotros está claro. Pero bueno, es lo que se votó.",StyleCareful134,merval,2,2023-08-15 22:00:38,t1_jwd7d99,t3_15ry07k,comment
jwbyhvw,"Vos sinceramente crees que la esperan ganar? Estoy convencido que hicieron la del cambiazo de Wado por Massa y dejar de radical libre a Grabois justamente para confundir a su 30% (Y fijate que por algo fue la peor eleccion de la historia para el peronismo, no se vio nunca un porcentaje tan bajo).   


Vieron que venia la noche y lo dejaron correr a Massa de ministro de economia y candidato total si se pudre todo se la come el, los peronchos de raza se pueden refugiar en puestos chicos y volver a aparecer en las proximas elecciones despues de haberle tirado todo palo posible al que suba.

Otra razon no se me ocurre, los peronistas siempre votaron todos juntos y en orden.",DMugre,merval,6,2023-08-15 17:00:38,t1_jwbvnf2,t3_15ry07k,comment
jwd98hi,"Es mas que obvio que no quieren ganar,solo estar de oposicion haciendo quilombo en la calle mientras otro hace el trabajo sucio

Gran parte de este pais es un nido de bobos,especulan con eso,con volver despues de la limpieza al grito de volveremo",Rusoloco73,merval,1,2023-08-15 22:04:13,t1_jwbvnf2,t3_15ry07k,comment
jwf0jbs,"Hace rato que estamos al horno con papas. El tema es: como salimos de esto?. A veces para salir a flote hay que tocar fondo. No lo vote a Milei, No me gusta Milei, pero creo que lo que propone es un mal necesario. Que es lo peor que puede pasar?",Kenzoar,merval,1,2023-08-16 08:34:26,t1_jwdl2y8,t3_15ry07k,comment
jwcq91d,"Por ahí primero te podría convenir mejorar tu retórica. Yo no mencioné cobro de IFE ni nada parecido. El final de tu pregunta no tiene mucha lógica, a menos que pienses que los únicos que trabajan son las clases más adineradas, y que no han recibido subsidios del Estado.

Yo hablaba de aquellos grupos que suelen ser privilegiados por figuras ""mesiánicas"" de ultraderecha que aparecen como salvadores en tiempos de crisis, y como los demás la miran con la ñata frente al vidrio.",a_kwyjibo_,merval,4,2023-08-15 19:54:13,t1_jwcjg0l,t3_15ry07k,comment
jwd05tc,Si crees que sos gracioso tenes 17 años o vivis en los 2000.,lalitox,merval,-1,2023-08-15 21:01:28,t1_jwcjg0l,t3_15ry07k,comment
jwf1i3o,"Estás razonando fuera del tarro.

Imprimir menos billetes te vuelve homofóbico, racista, clasista, etc?

Yo te lo respondo: no tiene nada que ver. No estoy hablando de política económica.",a_kwyjibo_,merval,1,2023-08-16 08:43:02,t1_jwdb2ah,t3_15ry07k,comment
jwgd0ii,Sabes que en otros países eso es lo que gana un fletero no?,javzero,merval,1,2023-08-16 13:58:18,t1_jwdn30y,t3_15ry07k,comment
jwgnrro,"Un gerente de una compañía grande puede ganar tranquilamente cerca de 1,5M o 2M por mes. Más beneficios, generalmente vehículo con gastos pagos, quizás algún bono/billetin en negro + todo el choreo de la operativa diaria (en argentina acá es donde más agarran generalmente).",BlasterB2000,merval,1,2023-08-16 15:01:34,t1_jwdn30y,t3_15ry07k,comment
jwpo48t,"Bárbaro...

Pero yo laburo en una compañía de 1800 personas... Y hay un gerente nomas.",CountMandrake,merval,1,2023-08-18 09:34:47,t1_jwhmfcw,t3_15ry07k,comment
jwdmusk,"No me creas a mi,anda a buscar la definicion de macro",Rusoloco73,merval,6,2023-08-15 23:40:45,t1_jwdcd4v,t3_15ry07k,comment
jwfkn8z,[removed],[deleted],merval,4,2023-08-16 11:06:14,t1_jwdcd4v,t3_15ry07k,comment
jwg5456,"No sé si decir bananero es certero. Con lo de gastar más de lo que te entra, no sabría que decirte, tenés muchos países en esa -con todas otras variables- y tenés empresas con fuertes valuaciones que dieron perdidas históricas durante períodos prolongados (spotify recien en 2019 y uber este año si no me equivocon dieron ganancia).

En términos de litio se lo llevaron estos años regalados, se lo llevaron con Macri y uno de los grandes errores para durante el Kirchenrismo fue no reemplazar la ley de mineria del turco. 3% y encima les devolvemos los impuestos? Mamita.",soundofsatellites,merval,1,2023-08-16 13:11:28,t1_jwd64ex,t3_15ry07k,comment
jwibeoq,"Ya lo decía Belgrano, si somos unos simples granjeros, así nos ven en el mundo, unos pobres granjeros, como lo fueron los chinos en su momento",Prestigious_Bar_6857,merval,1,2023-08-16 21:13:40,t1_jwd64ex,t3_15ry07k,comment
jwkkdje,"Pregunto completamente perdido..
Alguno de los proyectos que podemos votar en octubre propone que vendamos zapatos? Mejoras con el tema del litio? 
Siento que escucho solo boludeces y no propuestas sobre estos temas",manatinto,merval,1,2023-08-17 10:05:50,t1_jwd64ex,t3_15ry07k,comment
jwfw07s,"Naa para mi me estas comparando cualquier cosa.. grecia que esta adentro de la union europea, y sin política monetaria propia... o me vas a decir que los griegos pueden prender la maquinita de euros como se les cante?? Son 2 situaciones económicas totalmente diferentes.... aca el problema no es la FMI (que tmb son unos nefastos), ese es el verso y el ""culpable"" que quieren vender los políticos para que la gilada se lo crea.

Antes de que venga la fmi, estabamos igual, la diferencia es que ahora estamos peor pq pasó el tiempo, y como nadie hace nada, la situación se va degradando y complicando mas

En fin  abrazo",Gringoreloko,merval,1,2023-08-16 12:17:32,t1_jwfohm5,t3_15ry07k,comment
jwdacwj,Y cuantas veces fue a laburar como diputado? Que leyes importantes saco.. ? Porque el es uno más de la casta,elpepeargento,merval,-22,2023-08-15 22:12:09,t1_jwd9nft,t3_15ry07k,comment
jwd70nc,"Leíste el estatuto del FMI? Te fijaste para que ""presta""? Digo.. xq repetir lo que dice Milei es fácil.. aprender sobre economía no. Si tan solo la economía fuera tan fácil como la curva de oferta y demanda.. pelotudo serás vos que pensas que un sistema de voucher funciona, vos sos de esos que extrañas los 90?",elpepeargento,merval,-7,2023-08-15 21:48:44,t1_jwd0gge,t3_15ry07k,comment
jwg2y1i,hay mucho mas riesgo en argentina,satanicodrcadillac,merval,6,2023-08-16 12:58:39,t1_jwcan9q,t3_15ry07k,comment
jwg7hkc,"Por invertir se refiere a empresas que vienen a hacer sus negocios acá, no solamente comprar acciones o cedears.

Justamente porque la mano de obra es mas barata es que deberían venir mas empresas o abrir mas.",LadrilloRojo,merval,1,2023-08-16 13:25:31,t1_jwcan9q,t3_15ry07k,comment
jwd8vwc,Y Walmart porque se fue? Porque se van las empresas? La próxima es Exxon,horacioPer,merval,1,2023-08-15 22:01:45,t1_jwcan9q,t3_15ry07k,comment
jwgater,"Es que pensá que yo quise abrir una empresa y la presion tributaria ya de inicio era 30% de las ganancias. Segun el nivel de ganancias, tambien te cobran ingresos brutos. Tenía que hacer mil mambos burocraticos para siquiera abrirla tambien.

Cuestion, lo mandé a la mierda, y así debe haber otros miles y miles que habrán intentado.

Pero si, tambien tiene que ver con la imprevisibilidad y la moneda del orto que tenemos que se devalúa.

&#x200B;

>Por ejemplo, digamos que quieres contratar trabajadores en sector servicios / IT estableciendo una subsidiaria en Argentina. Es fácil meter dólares/euros->pesos al oficial, pero es una tontería hacerlo así. Meterlos por otros canales (ej. MEP/CCL) es un esfuerzo y las condiciones van cambiando a menudo (parking, límites…). Y sacar parte de los beneficios / dividendos, ya ni hablamos…

Esto le cuesta dolares al país y muy barato encima, y si lo hacés igual estas dolarizando a la gente adrede, por lo que la inflación del peso sería todavía peor por la falta de demanda.

 

>Pero, por otro lado, no creo que sea una buena idea dolarizar el país. Ni Argentina, ni ningún país. Sencillamente no va a aumentar el circulante de USD a nivel global para contemplar la economía Argentina. Y pasa a estar a merced de otro estado, y de la Fed. Es una cagada y sólo sirve para empobrecer más a las personas que ya son pobres. La inseguridad y pobreza de ahora parecerá una broma si se dolariza.

Esto es falso, no quedas a merced de nadie, solo te impide emitir moneda que es justamente el problema que tenemos hace... SIEMPRE.  
Emitir desangra al país y la economía, y el politico junto al economista keynesiano son mediocres y siguen y siguen imprimiendo.  
Entonces, si vos tenés una moneda que no podés imprimir, va a haber demanda porque circula y es fuerte, y te va a dar mucha estabilidad.

Tampoco quedas a merced de la FED o la IRS como dijeron por ahí, y tampoco empobrece. Nadie tiene jurisdicción sobre nada de tu país ni dependés de nada de ellos, es pura desinformación esto.

Solo empobrece si sacás los limites (CEPO) de un día para el otro y no tenés con que respaldar ese tipo de cambio que es mucho mas bajo que el desregulado.

Un ejemplo claro es la inflación de ecuador: Tuvo 2% mientras que USA emitía dolares y tuvo 7% de inflación al mismo tiempo.

Ahora, no significa que ecuador esté bien, esta mal pero la inflación no es problema, sino la corrupción del gobierno que mete deficit fiscal.

Esto funciona bien si no tenes deficit, y es lo que Milei quiere hacer, dolarizar con un colchon de dolares lo suficientemente solido para que todos los pesos puedan pasar a dolares sin dolores, y luego pasar a cobrar dolares.

Cuestion, cuidado con lo que se dice en internet. Hay que averiguar bien.",LadrilloRojo,merval,3,2023-08-16 13:45:17,t1_jwfzo13,t3_15ry07k,comment
jwd5pff,"Entiendo, pero una cosa no quita la otra. En 2019 se habra pedido un prestamo, pero ahora pidieron _otro_ para pagar el original:

> ellos te tienen que girar la guita para pagarlo

Le estas nuevamente pidiendo plata al FMI, para pagarle al FMI. Estan sacando otra tarjeta de credito para pagar la tarjeta de credito.

Es un nuevo prestamo, disfrazado de refinanciacion, si queres.


Mi punto se mantiene igual, los hdp del FMI son complices de este quilombo.",PopularPianistPaul,merval,9,2023-08-15 21:39:38,t1_jwcmxsv,t3_15ry07k,comment
jwd6aq7,Te lo resumo...ah pero Macri®,Rusoloco73,merval,1,2023-08-15 21:43:43,t1_jwcmxsv,t3_15ry07k,comment
jwcecea,Lo pensaron Cachanosky y Lacha en un vivo que hicieron y me pareció muy sensato (crédito a quien corresponde jaja),seba_1492,merval,6,2023-08-15 18:36:31,t1_jwcc2uu,t3_15ry07k,comment
jwgnp20,"Y querés más 2001? Con todo lo que implica? Yo me acuerdo y me importa, y nada me va a llevar a querer que eso pase de vuelta.",soundofsatellites,merval,1,2023-08-16 15:01:07,t1_jwga4bf,t3_15ry07k,comment
jwl7ydl,No es deficitario.Los docentes aportamos a nuestra caja de jubilaciones.Te quedo claro?.O te hago un dibujo??,cascoman1258,merval,1,2023-08-17 12:38:42,t1_jwhj7ir,t3_15ry07k,comment
jwip4ur,"Jubilación de privilegio? La solución es dejar que las escuelas públicas cierren y se pierdan puestos de trabajo? Creo que deberías levantar un poco la cabeza de mirarte el pupo y ver alrededor toda la situación que pasa, y si, hacer recortes en este país creo que ES LA SOLUCIÓN pero hay que saber por donde cortar el chorro. Tanto que a la gente le gusta ver los países nórdicos vean también como funcionan con los impuestos y las cosas básicas como salud o educación, y que los funcionarios públicos son eficientes y no mantenidos. Ahora, no podes decir semejante pavada de que los docentes cobran jubilaciones de privilegio solo porque leíste periódicos amarillistas que manipulan los intereses de acuerdo a sus ganancias.",No_Buffalo_2427,merval,1,2023-08-16 22:49:39,t1_jwh989a,t3_15ry07k,comment
jwfozm0,Decime que no viviste en esa epoca sin decirlo...,Rusoloco73,merval,1,2023-08-16 11:34:09,t1_jwe4c0n,t3_15ry07k,comment
jwfox1n,"El blue es el unico para muchas cosas,el oficial esta ahi para robarle a los exportadores nada mas.Por eso autorizan a cuenta gotas y mas a amigos que otra cosa",Rusoloco73,merval,2,2023-08-16 11:33:42,t1_jwe4cxl,t3_15ry07k,comment
jwbgfmz,"No, fue una medida del actual gobierno.   


El gobierno queria plata, y la condición era achicar la brecha. El gobierno podia tranquilamente no pedir mas fondos.",v4nguardic,merval,3,2023-08-15 15:13:51,t1_jwbeizj,t3_15ry07k,comment
jwbfa53,"Fue una medida del FMI en las negociaciones con el actual gobierno, no es como si fuera que el FMI ejecuta nada.",pampa_13,merval,-5,2023-08-15 15:06:59,t1_jwbeizj,t3_15ry07k,comment
jwbmkjl,"Como candidato a presidente que va a ""acabar con la inflación"" según el.",pabloivani,merval,1,2023-08-15 15:50:17,t1_jwbeizj,t3_15ry07k,comment
jwih5p2,"Alberto decrecio el PBI menos que Macri, igual ya mucho mas no podia bajar 


Lo que me preocupa es cuando entran buenos presidentes (ej Illia) los argentinos no los bancan, solo por Peron se mueven",gotgel_fire,merval,1,2023-08-16 21:53:46,t1_jwhssxd,t3_15ry07k,comment
jwgvulo,"Pero es que si hacen es el peronchismo, si no hacen es el peronchismo. Los saqueos en 2001 y los movimientos piqueteros no estaban dentro del peronismo. Los cacerolazos de 2001 dudo que los puedas catalogar como peronchos. La CGT tampoco le hizo paros a Macri hasta el 2018. Decir que el peronismo no deja gobernar de esa manera es simplista y opacas el debate. Si no dejamos esas ópticas maniqueas nunca vamos a poder establecer un plan a 50 años, porque ni el peronismo ni el macrismo van a estar tanto tiempo en poder. En algún momento vamos a tener que sentarnos y hacer un consenso general pero en serio. Y si del vamos partis que es imposible, no se que decirte che. Empezar un plan de cero, con el 50% del país afuera tampoco te va a servir.

Discutamos el deficit? Si, a pleno. Discutamos los subsidios, dale, discutamos TODOS los subsidios, discutamos que hacemos con los recursos, como los explotamos, y que se queda en en el país de eso, discutamos ponerles valor y vender mas caro, discutamos crear infraestructura de valor en ciencia, tecnología e información. Discutimos dolarizar? Dale, pero discutamos en serio desdolarizar la economía también.",soundofsatellites,merval,1,2023-08-16 15:49:20,t1_jwgsiep,t3_15ry07k,comment
jwbvxs7,"Olvidate, no me jacto de nada. A mi tambien me estan haciendo mierda.. como a todos",BarbaDeMerlin,merval,1,2023-08-15 16:45:30,t1_jwbtyuw,t3_15ry07k,comment
jwdm909,El peronismo nunca no quiere ganar. Nunca. A Wado le iba mucho peor.,StyleCareful134,merval,1,2023-08-15 23:36:16,t1_jwd98hi,t3_15ry07k,comment
jwfdazj,"> Que es lo peor que puede pasar?    

La falta de imaginación es un problema sociológico a considerar",ZurditoBagley,merval,1,2023-08-16 10:16:21,t1_jwf0jbs,t3_15ry07k,comment
jwd5rov,Nenazo,fran2074,merval,1,2023-08-15 21:40:03,t1_jwd05tc,t3_15ry07k,comment
jwfolsw,"La gente no cambia por un politico que tendra que ver,ya no saben ni que opinar.",Rusoloco73,merval,1,2023-08-16 11:31:42,t1_jwf1i3o,t3_15ry07k,comment
jwgqg1t,"Que gerente? El CEO, el CFO, el CTO... Un line manager, no llega a eso ni ahí.",unPaloVerde,merval,0,2023-08-16 15:17:29,t1_jwgnrro,t3_15ry07k,comment
jwdncs3,"Parece que el que esta confundido, sos vos.",unPaloVerde,merval,-5,2023-08-15 23:44:32,t1_jwdmusk,t3_15ry07k,comment
jwfnw7v,"Jajaja, ¿que pasa, resentido? Yo deseo de.corazon, que te vaya igual de bien que a mi, o al menos la mitad de bien.",unPaloVerde,merval,-5,2023-08-16 11:27:10,t1_jwfkn8z,t3_15ry07k,comment
jwgunch,"""se lo llevaron con Macri"",flaco durante todo el mandato de este bigote de leche???No se hacen cargo de nada

Encima tiras ""errores"" son terribles vende patria los K

Definicion:República bananera es un término peyorativo para denominar a un país inestable, empobrecido, con una economía dependiente de un solo producto de escaso valor agregado como los plátanos(o soja), y con un gobierno corrupto y oligarca.",Rusoloco73,merval,1,2023-08-16 15:42:11,t1_jwg5456,t3_15ry07k,comment
jwfxsss,"Vivimos los efectos de la politica monetaria exigida por el fmi... te guste o no, quieras verlo o negarlo... la lectura que haces es delirante, esta para tomarte unos clona, mas que para boquear de economia",unPaloVerde,merval,1,2023-08-16 12:28:14,t1_jwfw07s,t3_15ry07k,comment
jwdbk9r,[deleted],[deleted],merval,14,2023-08-15 22:20:35,t1_jwdacwj,t3_15ry07k,comment
jwf3ipo,"Del ultimo periodo fue 5 de 6. El anterior a ese fue 14 y falto 2. El anterior a ese, fue todas... y así, en general tiene bastante tasa de presencia, lo de que no va a las sesiones es relato. En cualquier caso si realmente te interesa saber, busca en la pagina de diputados que esta por periodos el control de asistencia, saludos.",eltosko17,merval,2,2023-08-16 09:00:17,t1_jwdacwj,t3_15ry07k,comment
jwdmybc,Vos decis que vienen con un arma y te obligan a tomar prestamos??? mira vos che sos todo un iluminado.Encima saltas con los vouchers...estas bien?,Rusoloco73,merval,10,2023-08-15 23:41:29,t1_jwd70nc,t3_15ry07k,comment
jwee2yx,Claro porque Suecia es un desastre y un fracaso neoliberal donde todos los 25000  nenes que estudian con vouchers se mueren en la ignorancia y comen crayones,MaianoPandi,merval,8,2023-08-16 04:07:49,t1_jwd70nc,t3_15ry07k,comment
jwg0dpl,"Fuistes a pedirle (Los K/M todos fueron), no importa el color ideologico tengas, el FMI quiere que se los devuelvan, como los chinos, no les importa tu idelologia de Puan junto con ""el proyecto"", solo quieren tus recursos o que le pagues.",parmesanocheese,merval,2,2023-08-16 12:43:38,t1_jwd70nc,t3_15ry07k,comment
jwdc34s,"Justo Wal-Mart cerro operaciones en varios paises para concentrarse en el mercado americano. Es más cerro 270 supermercados en todo el mundo, en China, Alemania, en Inglaterra... elegiste un mal ejemplo.",unPaloVerde,merval,1,2023-08-15 22:24:12,t1_jwd8vwc,t3_15ry07k,comment
jwhcs0h,"Sobre presión fiscal, mantengo mi postura. Yo vivo en España, he trabajado como empresario, y regularmente trabajo/he trabajado con empresas del norte de Europa donde la presión fiscal es aún mayor.

En España: min. 300€/mes cotización a seguridad social + 15% de retención de cada factura + liquidación trimestral de facturas no sujetas a retención + IRPF (≈ impuesto a las ganancias) liquidado en abril-mayo del año siguiente (con un % final que depende de los ingresos reales, para conseguir 2000€ netos sería aprox 17%, 4000 netos mensual son 28%, etc). En este último se cuentan las consignaciones realizadas previamente en forma de retenciones.

Desde el punto de vista de empresa, sólo pagas impuestos sobre los beneficios y si son predecibles es simplemente un factor más a la hora de calcular precios. En el norte de Europa tiene muchísimo más % de IRPF para igualdad de ingresos netos, y les va igual o mejor (por tener un marco regulatorio más competitivo, otro tipo de mentalidad, y consumidores con mayor capacidad de gasto).

En Argentina, siempre que hablo con amigos y empresarios, me parece que es razonable la carga impositiva. Sobre todo teniendo en cuenta las maneras de usar la inflación a favor.

Para mi, el mayor problema que dificulta emprender es lo impredecible y variable que es el entorno. Vendas bienes o servicios, hay que dedicarle una cantidad ridícula de tiempo a ajustar precios, averiguar la mejor forma de mover el dinero dado el momento, mantenerse al día de nuevos cambios regulatorios, mover el dinero corriendo o esperarse según se haya fluctuaciones el cambio… y también los socios de banking son lo peor y te putean infinito con bloqueos de cuentas por motivos random, bloquean momentáneamente transferencias en cuentas en divisa, etc.

Aquí en Europa/España no existe ese problema. La moneda local es estable, la paridad con otras divisas es estable, es fácil hacer hedging para cubrir potenciales riesgos, es fácil ahorrar a corto y medio plazo sin que se coma mucho la inflación, es fácil mantener saldo y operar en otras divisas (y más ahora con Wise, Revolut Pro…). Luego hacer las declaraciones de impuestos es más complicado pero el proceso es prácticamente siempre el mismo, usamos software de contabilidad y gestores especializados y es siempre lo mismo año tras año.

A eso le sumas que Argentina es un mercado pequeño y remoto, y es entendible que con tantas dificultades para ""tan poca cosa"" sea tan común que se salgan grandes multinacionales :(

Pero de nuevo, EMHO, el problema no es el 30% de retención/impuesto. Hay mil problemas pero ese no es.",adrinavarro,merval,1,2023-08-16 17:29:55,t1_jwgater,t3_15ry07k,comment
jwdavg2,"Y si, son. Somos bah jajajaja somos uno de los países miembro",luznodamas2,merval,1,2023-08-15 22:15:48,t1_jwd5pff,t3_15ry07k,comment
jwhqwtp,"Así funciona el mundo entero. Es un espiral de [deuda](https://youtu.be/PHe0bXAIuk0) sin fin.


https://wtfhappenedin1971.com/",SamwiseGamgee87,merval,1,2023-08-16 18:54:36,t1_jwd5pff,t3_15ry07k,comment
jwg6xpt,"No es un ah pero Macri, lo del FMI, también hace un poquito de autocrítica; salía Dujovne en campaña con un cartelito de ""No volvamos al fondo"" y fueron derechito a ellos cuando los privados cerraron la canilla.

La deuda con el fondo es 100% exclusivamente de Macri, con plazos impagables.

Ahora que todo el renegociado de Guzman y Massa también sean una poronga, mal ahí ellos, pero no es que la Argentina estaba en una gran posición de negociar.",soundofsatellites,merval,1,2023-08-16 13:22:17,t1_jwd6aq7,t3_15ry07k,comment
jweu96e,Link?? Por favor,dinovfx,merval,1,2023-08-16 07:31:19,t1_jwcecea,t3_15ry07k,comment
jwl9oma,"lo que aportan los activos < lo que cobran los pasivos.

La boquita se come al más grande.",Chero312,merval,1,2023-08-17 12:48:55,t1_jwl7ydl,t3_15ry07k,comment
jwjbkbt,"Si sos docente te jubilás antes (60 o 57), con 25 años de aportes, y cobrando mejor que por el régimen normal. Si eso no es jubilación de privilegio, ¿cómo se llama cuando un grupo de ciudadanos tiene una ley que los beneficia a ellos especialmente por sobre el resto? Está bien, no es la jubilación de un juez. Pero el juez te va a decir lo mismo, que aportan más, que son importantes, que tienen vocación de justicia y que encima no pueden hacer otra cosa que no sea trabajar de juez. Todos tienen un motivo por el cual hay que ajustar pero a ellos no. Y no hablo sin saber, durante casi 5 años trabajé como abogado previsionalista.",Chero312,merval,1,2023-08-17 01:55:32,t1_jwip4ur,t3_15ry07k,comment
jwbgy9y,"Y la condición la impuso el FMI... 

Yo nose donde no se entiende. Osea creen que Massa les dijo, che dame la plata que yo devaluó el Lunes?",PleuraZoom,merval,1,2023-08-15 15:16:56,t1_jwbgfmz,t3_15ry07k,comment
jwbhbvf,"En que momento dije que el FMI ejecuto algo?

El gobierno pidio el desembolso el FMI le dijo ok, pero tenes que devaluar. Nose que quieren discutir? Que el gobierno le dijo al fondo che yo quiero devaluar para queme hagas la transferencia? (osea 2 semanas atras pre paso?)",PleuraZoom,merval,-1,2023-08-15 15:19:12,t1_jwbfa53,t3_15ry07k,comment
jwbmw6r,Obvio si es un payaso! Que esperas,PleuraZoom,merval,2,2023-08-15 15:52:09,t1_jwbmkjl,t3_15ry07k,comment
jwbvslq,Si gana milei estamos como el orto el tipo dijo que va a hacer un ajuste…piensen bien a quien votan,pirufihhox,merval,0,2023-08-15 16:44:40,t1_jwbmkjl,t3_15ry07k,comment
jwh20yz,">Los saqueos en 2001 y los movimientos piqueteros no estaban dentro del peronismo.

Listooo. Votalo a Massa y que andes bien.",StyleCareful134,merval,1,2023-08-16 16:26:02,t1_jwgvulo,t3_15ry07k,comment
jwfpbk2,Los políticos son elegidos para guiar el rumbo del país donde vive la gente. O pensas que solo los elegimos para que dicten las políticas monetarias? De verdad no te das cuenta? Es como si nunca hubieses agarrado un libro de historia.,a_kwyjibo_,merval,1,2023-08-16 11:36:16,t1_jwfolsw,t3_15ry07k,comment
jwgqrxg,"Sisi me refería a un gerente de jerarquía, tampoco tiene que ser necesariamente primera línea como los que nombras, pero tiene que estar cerca

Conozco algún line manager que no llega a los 800 mil, por lo menos hasta hace unas semanas.",BlasterB2000,merval,1,2023-08-16 15:19:26,t1_jwgqg1t,t3_15ry07k,comment
jwh5y16,"A ver lectura 101 porque las comas te las llevas puesta: LITIO, dos puntos:

Se lo llevaron estos años regalado (Alberto 2019-2023 el año pasado literalmente se exportaron las a 20 mil usd la tonelada cuando el precio de mercado era alrededor de 70 mil usd, es terrible)
Se lo llevaron con Macri (2015-2023)
Y durante 12 años de Kirchernismo, no sé si el litio estaba siendo explotado en los mismo niveles, pero tanto litio como el resto de la minería (2003-2015). 

De vuelta, 3% de lo extraído en boca de mina, sin controlar que lo declarado este bien declarado y encima devolvemos impuestos. 
Fue un grandísimo error no derogar la ley que puso el turco (presidente en 2 mandatos, partido: PJ o sea peronismo).

Literalmente te estoy marcando que fueron errores. Querés que diga que son vendepatria, en terminos de el valor extraído: la ley minera es fundamentalmente vende patria, sí, no se puede defender. 

Entiendo que significa república bananera, creo que con todos los problemas que tiene Argentina, distamos de ser un país bananero. Pero sí estamos de acuerdo no deberíamos ser solamente un país de modelo extractivista y agro exportador.",soundofsatellites,merval,1,2023-08-16 16:49:30,t1_jwgunch,t3_15ry07k,comment
jwiv2ky,"Jaja pero de que politica monetaria estas hablando si le dan a la maquina a rolete y planchan dolar reventando los 2 mangos de reservas q te quedan, por eso tenemos 180% de inflación proyectada para el 2023 (con suerte)... es justamente todo lo contrario de lo que quiere la fmi... y no te sueltan la mano pq no quieren quedarse pegados de la cagada que se mandaron por prestar 45 mm

 convida los clona por lo menos jaja",Gringoreloko,merval,1,2023-08-16 23:32:35,t1_jwfxsss,t3_15ry07k,comment
jwdhn2n,"ya con el nick denota que es el pelotudoargento promedio, comedor serial de polenta",Wizzman-,merval,8,2023-08-15 23:02:57,t1_jwdbk9r,t3_15ry07k,comment
jwdr3l4,Ja ja..  y.. decime que propuso como diputados? Que proyectos de ley presento al congreso? Que hace ? Es otro ñoqui más..  payaso,elpepeargento,merval,-2,2023-08-16 00:13:36,t1_jwdbk9r,t3_15ry07k,comment
jwgl6nj,[Cuantas empresas se fueron de Argentina](https://es-us.finanzas.yahoo.com/noticias/cu%C3%A1ntas-empresas-argentina-gesti%C3%B3n-alberto-171000630.html),horacioPer,merval,1,2023-08-16 14:46:30,t1_jwdc34s,t3_15ry07k,comment
jwikrga,"Sigo pensando que la presión impositiva es muy alta porque aleja gente que quiere Iniciar una empresa, porque todos acá sabemos que los impuestos como la luz, gas, etc se disparan mucho mas altos tambien pero si, estoy de acuerdo en que la imprevisibilidad de la argentina es lo peor.

No te leo lo demas porque estoy quemado, pero lo leí por encima y es una experiencia interesante. Gracias por compartirla.",LadrilloRojo,merval,1,2023-08-16 22:19:03,t1_jwhcs0h,t3_15ry07k,comment
jwjahzs,"Uf, costó, [pero lo encontré](https://m.youtube.com/watch?v=g22Q4Bca6rs&t=2430s), minuto 40:30 (lo pasé con timestamp igual). 

Al minuto 36:45 empieza Cacha a comentar las reformas claves que haría, etc etc.",seba_1492,merval,2,2023-08-17 01:44:48,t1_jweu96e,t3_15ry07k,comment
jwlmyx6,No es asi en los docentes.Deberiamos de cobrar por ley el 82 % del activo porque por eso aportamos el doble que lo normal!.Deja de mentir!!,cascoman1258,merval,1,2023-08-17 14:08:14,t1_jwl9oma,t3_15ry07k,comment
jwka1aw,"Cobrando mejor? Vuelvo a decirte lo mismo, no sé que casos viste en tu trabajo, pero desde que Schiaretti aprobó las dos leyes que redujeron la jubilación de los docentes, hay personas que ya tienen sobrados años de aportes/edad y siguen trabajando porque cobrarían el 60% aprox de lo que estan cobrando hoy, que casi sobrepasa a lo que gana un docente que recién comienza a dar clases. Y no se en que mundo vivis vos, pero en el que yo vivo ningún docente ha empezado a los 32/35 años a dar clases para llegar justo con los años de aporte para jubilarse. La mayoría estan desde los 23-26 años empezando a dar clases y al fin y al cabo terminan trabajando la misma cantidad de tiempo que cualquier otro ciudadano. Si vamos al caso, los policías estan casi en la misma situación que nosotros. Y no es comparable lo de los docentes porque hay una pequeña/gran diferencia con los jueces: ellos no pagan ganancias porque SE EXCLUYEN ELLOS MISMOS y todo el séquito de bobos que los siguen haciendo lo que ellos quieren, los docentes que trabajan para cada provincia no pagan ganancias PORQUE NO LLEGAN ni al mínimo requerido para que les retengan. El juez está en un despacho con 15 secretarios atendiendo todas las solicitudes que el pide, el docente con 30/35 y hasta 40 pibes en un espacio de 25 mts2 no solo dando la clase, sino atendiendo cada una de las solicitudes que el chico necesita, desde hambre hasta afecto. Y lo que sigue en casa ni te das una idea. Vuelvo a repetir lo que dije antes, hay que saber por donde cortar el chorro, porque puede ir a peor si no.",No_Buffalo_2427,merval,1,2023-08-17 08:41:54,t1_jwjbkbt,t3_15ry07k,comment
jwbi525,"Fue exactamente asi, es como funciona una negociación.  


""Che, necesito 5mil ladrillos, cuanto me salen?""  
\- ""Si me pagas antes de lunes al mediodia, el lunes mismo te lo entrego y te lo dejo a X precio""  
"" Buenisimo, el lunes a la mañana te transfiero""  


De verdad tenemos que explicar cosas tan basicas?",v4nguardic,merval,7,2023-08-15 15:24:00,t1_jwbgy9y,t3_15ry07k,comment
jwf5geb,"Si, la impuso el FMI, pero fue parte de una negociación que el gobierno aceptó de ante mano",VisageTerror,merval,1,2023-08-16 09:16:09,t1_jwbgy9y,t3_15ry07k,comment
jwbi5v9,">El gobierno pidio el desembolso el FMI le dijo ok, pero tenes que devaluar.

Y el gobierno le dijo ok. El FMI puede pedir lo que se le cante el ojete pero es el gobierno el que decide que medidas tomar. Y no fueron dos semanas pero casi..",pampa_13,merval,1,2023-08-15 15:24:07,t1_jwbhbvf,t3_15ry07k,comment
jwbq33q,"No sé, que me haga reír? °°\_(``/ )_/°°",pabloivani,merval,1,2023-08-15 16:10:58,t1_jwbmw6r,t3_15ry07k,comment
jwccd0c,"Si gana cualquiera va a tener que ajustar de una manera o de otra.

En el peor de los casos siguen pateando para adelante la inevitable caída. Mientras más pateen para adelante más duro va a ser para nosotros.",pabloivani,merval,1,2023-08-15 18:24:05,t1_jwbvslq,t3_15ry07k,comment
jwdlqng,"Vos pensas que se puede evitar el ajuste. De hecho ya arrancó y ni siquiera ganó ""la derecha"", fijate las boletas de luz y gas lo que aumentaron. Fijate que devaluaron el oficial.",StyleCareful134,merval,0,2023-08-15 23:32:32,t1_jwbvslq,t3_15ry07k,comment
jwh7pe5,"Pero entendés lo que te digo? Decimos dialogar, me decis votalo a Massa y que andes bien y no se hable mas. 

Yo Espero que a futuro los dos estemos bien, y cuando quieras discutir un plan y opciones a 50 años, acá estoy vieji. Porque la salida es entre todos y hay que acordar juntos.

Y si vas a chequear la historia de la mayoría de movimientos sociales/piqueteros, surgen principalmente entre 1997 y 2000 desde la izquierda mas que del peronismo que en los 90 era el PJ y era esencialmente centro derecha. Luis D'Elia capaz era la figura mas cercana al PJ, pero así y todo reboto entre el FREPASO y el Frente Patria Grande si mal no recuerdo. Recién en 2003 Kirchner busca incorporarlos, y se suman al peronismo.",soundofsatellites,merval,1,2023-08-16 16:59:52,t1_jwh20yz,t3_15ry07k,comment
jwguxf3,"Un politico no te vuelve homofóbico, racista, clasista.Te tengo que explicar lo mas basico?

Va salvo que seas alguien sin personalidad,ahi entiendo que un ""lider"" te pueda afectar el bocho",Rusoloco73,merval,1,2023-08-16 15:43:52,t1_jwfpbk2,t3_15ry07k,comment
jwgrbz7,"Igual te lo tomo 1.5M son 2000 dolares... nada, una pobreza, no hay bono, ni gastos que lo sostengan... gastos de auto por mes son 200usd maximo",unPaloVerde,merval,1,2023-08-16 15:22:41,t1_jwgqrxg,t3_15ry07k,comment
jwhidr1,"Flaco vivimos de la soja de que me hablas?va mal la cosecha el pais se va al bombo,si no somos bananeros..somos sojeros.",Rusoloco73,merval,1,2023-08-16 18:02:42,t1_jwh5y16,t3_15ry07k,comment
jwkc674,"Viste cuando un nene se pelea con otro y le dice ""sos malo"", el otro niño que tiene pocos recursos discursivos (propio de la edad) le responde ""vos sos malo""... Asi estas vos, pero ya no sos un niño.
No compartimos del todo las causas de la inflación, la ampliación de la base monetaria no explica por si misma las espiralizacion de la inflación en Argentina. Es muy naif pensar que es un problema exclusivamente de emision, es tan errado que ya se probo no emitiendo y no funciono. Preguntale a Guido Sandleris (fue profesor mio) que lo aprendio de la mala manera.
Espero tengas 12 años, porque sino sos bastante bobo, espero te lleguen los voucher para terminar la primaria.",unPaloVerde,merval,1,2023-08-17 09:00:46,t1_jwiv2ky,t3_15ry07k,comment
jwdqxst,Jajaja que y vos el rediturro sudaca promedio que nunca hagas lo que hagas vas a ser europeo,elpepeargento,merval,-20,2023-08-16 00:12:20,t1_jwdhn2n,t3_15ry07k,comment
jwedzgp,"En enero de 2022, Milei puso su nombre en 2 proyectos elaborados por el diputado Gerardo Milman (PRO) que buscan modificar la alícuota del Impuesto al Valor Agregado (IVA) en algunos productos y derogar dos artículos del Código Aduanero vinculados a los derechos de exportación. También los firmó su compañera de banca Victoria Villarruel (La Libertad Avanza) y otros diputados del PRO.  
  
Ese mismo mes, se adhirió al proyecto de ley para democratizar asociaciones sindicales que presentaron diputados del PRO y su compañera de fórmula, Carolina Píparo. Durante febrero, el apellido Milei apareció en el texto que escribió el diputado Martín Tetaz de Evolución Radical que busca modificar la ley de monotributo. Lo mismo hizo con el proyecto que quiere derogar la Ley de Competitividad encarado por Villarruel. Además, de acompañar la iniciativa de Tetaz y Laspina, ambos diputados del PRO, para derogar la Ley de Abastecimiento.   
  
Luego, en mayo, volvió a aliarse con Villarruel y firmó dos proyectos de ella: uno para derogar la Ley 26.160 de emergencia territorial de las comunidades indígenas y otro que busca determinación y percepción de impuestos. Dos meses después, el “León” firmó por última vez el proyecto de Tetaz sobre bienes personales.  
  
De nada. Contento?",MaianoPandi,merval,8,2023-08-16 04:06:40,t1_jwdr3l4,t3_15ry07k,comment
jwgqshk,"Mucho google vos, pero poco analisis, con razon la argentina esta así,  nadie labura. ¿Queres que tambien lo haga yo, planero?",unPaloVerde,merval,0,2023-08-16 15:19:31,t1_jwgl6nj,t3_15ry07k,comment
jwk4rax,Gracias!,dinovfx,merval,2,2023-08-17 07:49:51,t1_jwjahzs,t3_15ry07k,comment
jwkmmia,"4 cosas: 1ro) Ves que si, que es una jubilación de privilegio? No es tan beneficiosa como te gustaría, pero lo cierto es que da pérdida y se paga con impuestos, no con aportes jubilatorios, y sería más barato para todos si se jubilaran igual que todos los demás. Vos decís que es un traba que hay que seguir consumiendo porque los docentes son importantes. Yo digo que hay que dejar de consumir trabas. Pero finalmente estamos de acuerdo en que ustedes tienen un régimen aparte que es mejor que el normal, y eso, en derecho, se llama regimen de privilegio, te guste cuanto ganan o no. 2do) Francia. 3ro) El peronismo. 4to) Schiaretti los está cagando. Esa ley es inconstitucional. Háganle juicio que lo ganan en la corte, y eso se litiga sin gastos (otro traba que hay que dejar de consumir?).",Chero312,merval,1,2023-08-17 10:22:00,t1_jwka1aw,t3_15ry07k,comment
jwbn1vk,Nunca entendió lo que es una negociacion pobre.,pampa_13,merval,4,2023-08-15 15:53:04,t1_jwbi525,t3_15ry07k,comment
jwblb0j,"Evidentemente si... porque terminas sin entender que EL QUE IMPONE LA CONDICION ES EL FMI. No la pide el gobierno, por ende la medida es del FMI. 

Creo (nose pareciera) que quizás querés ponerle un tinte político como si dijera que no es ""culpa"" del gobierno? Porque sino me resulta cómico o preocupan la falta de comprensión lectora ante el comentario...

El gobierno me chupa literalmente 10 huevos, Alberto y CFK me peracen unos idiotas, Massa un nabo, etc 
Digo por si eso hace que entiendas que la medida LA IMPUSO EL FMI! Dios...",PleuraZoom,merval,5,2023-08-15 15:42:49,t1_jwbi525,t3_15ry07k,comment
jwbvklq,"Se hace lo posible para cambiar el relato, asi que si. Hay que apuntar a explicar esto por que si no te lo venden como FMI malo, gobierno bueno. FMI manda gobierno obedecer cuando en realidad hay negociaciones. Y no te pueden forzar a nada.",leandrojas,merval,1,2023-08-15 16:43:21,t1_jwbi525,t3_15ry07k,comment
jwbkj6f,"Ok, creo que sos el tipo de persona que quieren que le digan que tiene razon, voy a decir TENES RAZON y seguir con mi vida.",PleuraZoom,merval,2,2023-08-15 15:38:13,t1_jwbi5v9,t3_15ry07k,comment
jwbqbep,Explíquese... 乁⁠(⁠ ⁠•⁠_⁠•⁠ ⁠)⁠ㄏ,PleuraZoom,merval,1,2023-08-15 16:12:20,t1_jwbq33q,t3_15ry07k,comment
jwd65tm,"Si pero milei se caga absolutamente en todo, suponiendo q tenga banca en senadores y diputados hasta cambia la constitución...",AffectionateSpread38,merval,2,2023-08-15 21:42:46,t1_jwccd0c,t3_15ry07k,comment
jwgy8cv,"Todas los blancos viviendo bajo el régimen de segregación estadounidense eran racistas? No lo sé, pero había un gobierno cuya política en materias raciales y sociales afectaba la vida de toda la población. Te das cuenta de lo que te digo? No es tan difícil ver que quienes gobiernan tienen injerencia en tu vida en aspectos económicos, sociales, educativos, sanitarios, ecológicos, etc. 

Ese argumento de ""falta de personalidad"" ni tiene sentido, no estamos en el lejano oeste. Vivís acorde a las reglas y leyes, si eligen ultraderechistas viviremos bajo las reglas de su plan de gobierno, eso es gobernar. Más aún en un país extremadamente presidencialista como Argentina.

Así que el tono condescendiente te lo guardas, primero podes probar esgrimir un argumento más o menos y después vemos.",a_kwyjibo_,merval,1,2023-08-16 16:03:25,t1_jwguxf3,t3_15ry07k,comment
jwmhcug,"No se de que pelotudeces estas hablando...pero claramente si sandleris fue tu profesor no aprendiste nada... ahora entiendo todo jaja

Estoy de acuerdo en que la emisión no es la única causa, pero hoy en día podríamos decir que es la principal, entre otras varias que van mas allá del FMI, que es lo que estas diciendo vos",Gringoreloko,merval,1,2023-08-17 17:07:06,t1_jwkc674,t3_15ry07k,comment
jwelie2,"Ya sabemos que los zurdos son racistas y xenófobos, no necesitas exponerlo de forma tan vistosa mi bro",KhRummenigge,merval,13,2023-08-16 05:43:28,t1_jwdqxst,t3_15ry07k,comment
jwh30c3,"uff, tomate un calmante .",horacioPer,merval,1,2023-08-16 16:31:51,t1_jwgqshk,t3_15ry07k,comment
jwl6wuj,"2do y 3ero estamos de acuerdo. 4to, ni hablemos de la UEPC porque si sacamos el historial es para pegarse un tiro. Y el primero, por como van las cosas, gane quien gane, todos vamos a empezar a jubilarnos con 40 años de aporte vos, yo, y todos los giles que laburamos mientras la otra parte del país se queda en casa cagandose de risa de nosotros como la mujer con planes del año pasado. Con respecto a la ley, cada asamblea que hay siempre se menciona la derogación, pero mientras los secretarios del gremio sean amigotes de los que gobierna, no termina mas. La mayoría de los docentes que conozco que se estan jubilando estan tratando de sacar por nación la jubilación con aportes de empresas privadas con los 30 años de servicio porque no alcanza",No_Buffalo_2427,merval,1,2023-08-17 12:32:30,t1_jwkmmia,t3_15ry07k,comment
jwgc14c,"Che ameo, espero que nunca tengas que negociar nada, porque claramente no estarías entendiendo como funcionan las negociaciones. Massa pateo la devaluación post paso, políticamente devaluar es pegarte un tiro en el pie. Devaluo porque no le quedo otra",soundofsatellites,merval,0,2023-08-16 13:52:28,t1_jwbvklq,t3_15ry07k,comment
jwbwpwb,"Sacame politica de aca, yo hablo economia... para eso anda a r/argentina 

&#x200B;

La devaluacion es NECESARIA ni buena ni mala",PleuraZoom,merval,1,2023-08-15 16:50:05,t1_jwbvklq,t3_15ry07k,comment
jwbu4d0,"Sos muy boludo amigo, es el gobierno el que puede o no devaluar no el fmi, por ende es el gobierno el que decide o no hacerlo, mil veces no cumplieron lo que pedía el fmi, no podes argumentar ""No es medida del gobierno pq lo exigió el fmi""",SZeroMk0,merval,2,2023-08-15 16:34:48,t1_jwbkj6f,t3_15ry07k,comment
jwblhiw,"La verdad que me chupa un huevo lo que vos digas pero bueno, por lo menos lo admitis. Aprovecha y deja de downvotearme ya que estamos.",pampa_13,merval,-4,2023-08-15 15:43:54,t1_jwbkj6f,t3_15ry07k,comment
jwbsg8k,"Que se yo, eso pasa por qué acá son unos improvisados no como en Brasil que los payasos son profesionales.

[payaso al senado](http://Clarín: Cómo hizo el Payaso Tiririca para convertirse en el segundo diputado más votado de la historia de Brasil - https://www.clarin.com/internacional/hizo-payaso-tiririca-convertirse-segundo-diputado-votado-historia-brasil_0_FoHo0YWb2.html)",pabloivani,merval,1,2023-08-15 16:24:55,t1_jwbqbep,t3_15ry07k,comment
jwdliha,"No va a tener banca, va a tener algunas bancas pero no ""banca"". Tiene que acordar con JxC para que salgan las leyes. Primero tiene que ganar, bah",StyleCareful134,merval,2,2023-08-15 23:30:49,t1_jwd65tm,t3_15ry07k,comment
jwdc8ox,"Y? Que ya no la cambiaron los peronistas en los 90?

Además me vas a decir que los que están hoy y los que estuvieron antes no se cagaron en todo también? 

Acordate que acá hubo tremendo lío cuando el dólar se fue a 40 y hoy está a más de 700 y escucho grillos. Dónde están los coches bomba para derrocar a los ladrones del estado presente y pasado?",pabloivani,merval,1,2023-08-15 22:25:15,t1_jwd65tm,t3_15ry07k,comment
jwh6bjo,"Estas comparando a Milei con USA en 1800?? la gimansia mental K nunca deja de sorprenderme.

Esperemos que no cree campos de concentracion Dios mio.

""país extremadamente presidencialista""...para los coco lavados

Mira vos che ,hay que opinar de algo cuando vos queres,fumatela.

Tenes Cuba o Venezuela para emigrar y vivir el sueño socialista,llevate papel higienico",Rusoloco73,merval,1,2023-08-16 16:51:42,t1_jwgy8cv,t3_15ry07k,comment
jv6dqdd,A OP no le alcanza con una sola cueva,[deleted],merval,905,2023-08-07 13:21:07,t3_15kou5k,t3_15kou5k,comment
jv6dm7u,"Nace un nuevo dólar.
El dólar escort vip",Independent-Yam1072,merval,434,2023-08-07 13:20:24,t3_15kou5k,t3_15kou5k,comment
jv6dmgb,Es lo más argentino que leí en mí vida jajajaja. Cámbiale un par de dólares y ve si te genera tanta duda.,Slow-Play-8701,merval,170,2023-08-07 13:20:26,t3_15kou5k,t3_15kou5k,comment
jv6gb65,"\-Entonces queres comprar dolares?  


\-Flaca te estoy dando con el fideo muerto hace una hora, fingi un orgasmo al menos",DMugre,merval,226,2023-08-07 13:37:17,t3_15kou5k,t3_15kou5k,comment
jv6g20x,dólar gato,EmployerWide8912,merval,73,2023-08-07 13:35:44,t3_15kou5k,t3_15kou5k,comment
jv6qcy2,"Este es el tipo de posteos donde dudo fuertemente si es un tipo de la AFIP tratando de cazar en el zoológico, una tipa despechada, un agente de la Federal, un tipo que quiere mucho upvote y tira esto, un narco que quiere cambiar de rubro o todo eso junto.

🤷🏻‍♂️🤷🏻‍♂️",cesarciror,merval,71,2023-08-07 14:39:52,t3_15kou5k,t3_15kou5k,comment
jv6mdye,"Te pagan 5 pesos mas el dolar pero te sacan 500 en una garchada.   
No hay almuerzo gratis amigo.",Viejo_comegatos,merval,70,2023-08-07 14:15:25,t3_15kou5k,t3_15kou5k,comment
jv6gmis,"Parece la escena de Atrame si puedes, que la prosituta le cambia 1 cheque a DiCaprio",iScreem1,merval,50,2023-08-07 13:39:16,t3_15kou5k,t3_15kou5k,comment
jv6zrzl,"- Cabeza chica no recibo flaco! 

- Pero si la cabeza es normal, lo chico es el tronco.",paulbenny,merval,42,2023-08-07 15:38:30,t3_15kou5k,t3_15kou5k,comment
jv6q1as,"Yo no elegi ser argentino, solamente tuve ese privilegio",[deleted],merval,39,2023-08-07 14:37:50,t3_15kou5k,t3_15kou5k,comment
jv6lhie,"Tamos verdes eh... asi averiguan quien es solvente para que su novio el Jonatan Braian te visite antes/despues de la operacion, no importa vender un 10% menos si al final te quedas con el 200%",31CH0,merval,34,2023-08-07 14:09:42,t3_15kou5k,t3_15kou5k,comment
jv6grdu,"Yo creo que uno de los principales problemas que estan teniendo es que tienen muchos dólares en diferentes plataformas y no saben como sacarlos sin perder mucha guita en el camino, entonces les conviene hacer trade directo.",silverbryanDEV,merval,51,2023-08-07 13:40:06,t3_15kou5k,t3_15kou5k,comment
jv6pbk9,"""Yo tengo mucha info privilegiada que por el momento no pienso revelar...me llegaron a decir que muchas de escorts vip trabajan para la AFI para detectar clientes adinerados y luego hacerles una cama o hasta filmarlos ocultos durante el coito a nosotros.""

mostro. te estas perdiendo de vender alta serie",Queasy_Bath_116,merval,19,2023-08-07 14:33:29,t3_15kou5k,t3_15kou5k,comment
jv6fa1c,Cada vez más cerca de wallstreetbets estamos. Espero con ansias el post de alguno que meta la guita de un préstamo pre aprobado en YPF,mcel595,merval,40,2023-08-07 13:30:51,t3_15kou5k,t3_15kou5k,comment
jv6mimk,Y como sabemos que no sos una de las escort promocionándose? Ellas manejan bien las redes,Shifterooo,merval,19,2023-08-07 14:16:14,t3_15kou5k,t3_15kou5k,comment
jv6hjmj,"""si algo parece muy bueno , es porque en realidad no lo es""",ignaciosato,merval,17,2023-08-07 13:45:02,t3_15kou5k,t3_15kou5k,comment
jv6jrpy,"Deben ser mitad verdaderos mitad truchos los billetes, o también que te vendan y te dejen en bolas a la salida",p35k,merval,18,2023-08-07 13:58:55,t3_15kou5k,t3_15kou5k,comment
jv6o4e5,"EL THREAD DEL AÑO JAJAJA. Ahora necesito saber precios de influencers, quiero pagar por algo conocido. Nati Jota no incluye no?",halconnegro2006,merval,16,2023-08-07 14:26:04,t3_15kou5k,t3_15kou5k,comment
jv6g58g,"Una de la tarde un Lunes, OP posteando esto, crapeando como un campeón",0III,merval,29,2023-08-07 13:36:17,t3_15kou5k,t3_15kou5k,comment
jv6igx9,La realidad: la hora salía 15 mil pesitos y el spread del dólar está al 900%,Previous-Virus77,merval,14,2023-08-07 13:50:49,t3_15kou5k,t3_15kou5k,comment
jv6z1pv,"Como aclaraste en los comentarios, si varias empezaron a ofrecer cambios lo más seguro es que la Red detrás de ellas (quienes le ofrecen ""seguridad"" o quienes las mantienen cautivas) mueve plata en otros rubros, por ende, las ponen a ellas a ""blanquear"" esa plata. 

Bah, más que blanquear sería lavar y/o hacer irrastreable la guita. Puede ser plata de merca, de chantaje/favor político, etc...

Es la única opción lógica que me viene a la mente, no creo que se vayan a quemar por mil dólares truchos,  quienes pagan esos servicios no son tacheros o empleados de a pie, es gente que tiene como. Yo gano cerca 800usd mensuales, mira si voy a gatillar todo eso por ponerla durante una hora no más. 

Lo que quiero decir es que alguien que se gatilla 500 dolares por hora tiene ""poder"" como para ser una amenaza a la ""red"". Además es la única opción lógica muchos dicen que el 10% no es mucho, si la mina te pide mil como mínimo ya está perdiendo 100 dólares. 

Si a la semana van 10 tipos y aparte de ponerla hacen cambio ya pierde mil dólares. Si hay varias minas en lo mismo la ""red"" está perdiendo fortuna, con lo único que cierra es con lavado de plata, nada más.",No-Willingness-9123,merval,13,2023-08-07 15:33:59,t3_15kou5k,t3_15kou5k,comment
jv6l46p,"Me lo imagino al op todo concentrado en medio de la guerra amorosa y la mina ""te interesa comprar dolares? saldo paypal?"" 

jajaaaa",NachoXX,merval,28,2023-08-07 14:07:23,t3_15kou5k,t3_15kou5k,comment
jv6jn37,"Digamos que te estan tomando el dolar 10% mas arriba, ese 10% a las minas no les cambia tanto porque mueven mucha guita, y por el contrario tener que estar moviendo esos pesos para ir a una cueva o tener que mandar a alguien quizas si les molesta, en cambio vos venis y les pagas con dolares y de alguna forma ya les facilistaste tener que cambiar los pesos, Pueden quedarse tranquilas que ya su capital esta resguardado,... si estamos hablando de 10% no me parece tan descabellado que lo hagan. Ademas... es una estrategia de marketing, la mina cobra carisimo pero si venis con dolares te tiento con un valor muy preferencial, entonces a mas de uno le queda el mensaje... si voy con dolares la michi me sale mas barato, venga.",Foreign-Mango-801,merval,12,2023-08-07 13:58:07,t3_15kou5k,t3_15kou5k,comment
jv8kt69,Es al valor dólar CCL: contado con leche.,keelh4d,merval,10,2023-08-07 21:51:09,t3_15kou5k,t3_15kou5k,comment
jv6pu42,"Yo sali un año con una escort vip. La conoci de civil cabe aclarar, a los tres meses me dijo su realidad y bue, estaba un toque enganchado ella tambien y nos seguimos viendo un año aprox. Soy bastante abierto de mente...

Cambian usd porq cobran en usd y tienen gastos en pesos.

Venden saldo de paypal porque clientes le pagan por ahi y/o porque hacen videollamadas/sexting/etc con extranjeros que les pagan por paypal.

El tipo de cambio me llama la atencion que sea mas alto pero tambien es porq son unas pendejas que quieren cambiar rapido o no tienen mucha nocion.",BurningFLOW,merval,17,2023-08-07 14:36:36,t3_15kou5k,t3_15kou5k,comment
jv6la45,"Una conocida que vende iphones y levanta fortuna (vive también en pto. madero) el tema que tiene es que tiene que quemar la guita a lo loco; en restaurantes, viajes, etc. Ya que la tiene física, en negro y no la puede poner en ningún lado.

Le conviene perder por que los dólares consumen menos espacio físico que los pesos. Si son tan vip como decís, mueven mucha guita y ahi debe estar la joda.

Pero es solo una posibilidad.. hay que ver cual es la realidad.",BarbaDeMerlin,merval,8,2023-08-07 14:08:25,t3_15kou5k,t3_15kou5k,comment
jv7jvry,"Mods no borren este post por favor, esto es oro.",AmazonSilver,merval,15,2023-08-07 17:42:51,t3_15kou5k,t3_15kou5k,comment
jv6cqz6,Que? :|,Superaden,merval,7,2023-08-07 13:14:52,t3_15kou5k,t3_15kou5k,comment
jv6hby6,[removed],[deleted],merval,6,2023-08-07 13:43:42,t3_15kou5k,t3_15kou5k,comment
jv8wcpr,"\- : ¿Cuál es la mejor escort de puerto madero?  
  
\- OP: ¿La mejor escort de PM? LA Blue escort de 900usd...  
  
\- ¿Y esa es la que te moviste?  
  
\- OP: Naah... tampoco.. si me das una escort de 100usd se la doy, pero cuando es algo especial, me pago un Blue escort. Es un elissir y la otra es una escort. Una se coje y la otra se saborea.",Ambitious_Type4836,merval,8,2023-08-07 23:16:00,t3_15kou5k,t3_15kou5k,comment
jv6qij5,Tira la info privilegiada dale,Argentino_1,merval,7,2023-08-07 14:40:49,t3_15kou5k,t3_15kou5k,comment
jv6r2yk,"Donde se come no se caga, mi buen. Yo no me arriesgaría.",MondongoLisergico,merval,6,2023-08-07 14:44:20,t3_15kou5k,t3_15kou5k,comment
jv6nygr,"Si es demasiado bueno para ser verdad, probablemente no lo sea.",Loose-Grapefruit-516,merval,5,2023-08-07 14:25:03,t3_15kou5k,t3_15kou5k,comment
jv854k8,"> Escorts Vip en Puerto Madero

Hermano, no tengo ni para lubricante para hacerme la paja.",Purpose-Equivalent,merval,5,2023-08-07 20:00:59,t3_15kou5k,t3_15kou5k,comment
jv6qlcy,"amigo esas minas son expertas en cazar boludos con plata, te van a hacer la cama de alguna forma u otra. Yo no me meteria en el tema, aparte si andas pagando entre 200 y 900usd por 1 hora de sexo con una puta no pareces andar muy necesitado de plata como para aprovecharse de sus exchange rates ""generosos""

El unico motivo que se me ocurre en el que no tendrian intenciones de cagarte es que tienen clientes virtuales por todo el mundo y les cobran en USD via paypal, y como es un dolor de cabeza sacar guita de ahi prefieren hacer una transferencia con vos en el momento y darte una conversion muy generosa",BoludoConInternet,merval,10,2023-08-07 14:41:18,t3_15kou5k,t3_15kou5k,comment
jv6jmcd,"Te pueden dormir con paypal, te puede generar una disputa y perdes todo lo que te envio.",TheIgnacio1,merval,3,2023-08-07 13:57:59,t3_15kou5k,t3_15kou5k,comment
jv6yph4,"Imaginate escorts de la AFI, los saunitas de Tribunales deben vender los videos de todos los pibes garching en páginas rojas de Malasia o Turquía.... jajjajajajjajajajajjajJaj",operbup,merval,5,2023-08-07 15:31:49,t3_15kou5k,t3_15kou5k,comment
jv73phe,"Donde se come no se caga :) 

No te cojerias al que te cambia dolares en una cueva, no le cambias dolares a la que te cojes en puerto madero. Saludos",pvtsl_,merval,4,2023-08-07 16:02:48,t3_15kou5k,t3_15kou5k,comment
jv7l3af,emitir no genera emisión,the_espaniolo,merval,4,2023-08-07 17:50:13,t3_15kou5k,t3_15kou5k,comment
jv7vd4u,"a ver ese spread, apa",Furiusao_xD,merval,4,2023-08-07 18:55:04,t3_15kou5k,t3_15kou5k,comment
jv89jgi,"Tiene info privilegiada que no quiere revelar, pero nos pregunta a nosotros sobre nuestra info privilegiada que no queremos revelar.",kingxdred,merval,3,2023-08-07 20:31:35,t3_15kou5k,t3_15kou5k,comment
jv95v4y,Qué carajos es todo esto que acabo de leer?,rally2000,merval,3,2023-08-08 00:31:54,t3_15kou5k,t3_15kou5k,comment
jv6fi45,"Hola sí, son un muy buen negocio lo que hacen esas chicas, el otro día me vendieron 10mil usd por tan solo 100mil pesos, negoción",MaCsEEnaHu,merval,7,2023-08-07 13:32:16,t3_15kou5k,t3_15kou5k,comment
jv6neeb,">muchas de escorts vip trabajan para la AFI para detectar clientes adinerados y luego hacerles una cama o hasta filmarlos ocultos durante el coito a nosotros.

De Natacha Jaitt se decía eso, por ejemplo. De hecho, esa vez que fue a lo de Mirtha Legrand a revolear mierda para todos lados, fue con su supuesta vestuarista que resultó ser una agente de la SIDE. Creo que si no sos una figura conocida o relevante (futbolista, actor, funcionario,etc) no deberías correr peligro, pero es bueno saber que es un ambiente muy turbio.",soymiyart,merval,7,2023-08-07 14:21:38,t3_15kou5k,t3_15kou5k,comment
jv8jg6s,"Se avivaron los mods acá. Así el sub se va para arriba! Prefiero estos posts que los famosos empecé a trabajar para afuera, como traigo los dólares, o tengo 100 mil pesos para invertir, que hago, o a cuánto se va el dólar después de las elecciones.",brunonicocam,merval,7,2023-08-07 21:41:25,t3_15kou5k,t3_15kou5k,comment
jv7zcr3,"Increíble lo que uno puede llegar a leer en reddit....

Y después los mods de este sub se enojan con los que exponen su ignorancia financiera al hacer preguntas newbies.",[deleted],merval,5,2023-08-07 19:21:25,t3_15kou5k,t3_15kou5k,comment
jv6os4h,"Yo no entiendo, te quieren comprar dólares con pesos o quieren pesos por dólares? Si te quieren vender dólares, puede que tenga un sentido porque manejan otro tipo de cliente que puede ser extranjero y tal vez le tengan más confianza a un cliente que a un arbolito medio sospechoso. Veo más difícil al revés",elcaposper,merval,3,2023-08-07 14:30:07,t3_15kou5k,t3_15kou5k,comment
jv6qfju,"Me parece bastante fácil de imaginar que con la excusa de cambiar dólares haciendo un ""negoción"" hacen ir a los tipos, te abre la mina en tanga y entre la guita que están ""ganando"" y la calentura terminen quedandose y dejandole 500 dólares más.  
Como cuando en cualquier negocio te ponen algo al 80% de descuento pero el precio inicial está infladísimo, te ""devuelve"" un toque para que los vivos vayan y le dejen mucho más...  

Vos estás pagando 500 dólares por ponerla, margen le SOBRA para cambiarte dólares a precio ridículo si hace que le sigas dando 500 dólares por una hora...

Tomalo como el super haciendote 15% de descuento X día pagando con X tarjeta, es lo mismo",--Quartz--,merval,3,2023-08-07 14:40:19,t3_15kou5k,t3_15kou5k,comment
jv6wz4n,Para un poco amigo! es lunes recien,[deleted],merval,3,2023-08-07 15:21:01,t3_15kou5k,t3_15kou5k,comment
jv7g2x6,No se OP ...... no la puedo poner :'(,Charlie_Robin,merval,3,2023-08-07 17:19:37,t3_15kou5k,t3_15kou5k,comment
jv7ipua,"Cuando la limosna es grande, hasta el santo desconfía.",super_pija,merval,3,2023-08-07 17:35:44,t3_15kou5k,t3_15kou5k,comment
jv95jr2,No entiendo cómo esto tiene tanto upvotes,SnideTrash2,merval,3,2023-08-08 00:29:15,t3_15kou5k,t3_15kou5k,comment
jv9drwb,">La ultima chica que visite me volvió loco ofreciéndome comprar y vender dolares con ella. Durante toda la “hora del placer” que pague se me la paso insistiendo

Si querés el servicio sin ads tenés que contratar premium",ReiEternal,merval,3,2023-08-08 01:44:15,t3_15kou5k,t3_15kou5k,comment
jv6dguq,何?,Boring_Alfalfa_4131,merval,7,2023-08-07 13:19:27,t3_15kou5k,t3_15kou5k,comment
jv7qof0,Cómo odio cuando el servicio de pago viene con publicidad,MGalmor,merval,5,2023-08-07 18:24:55,t3_15kou5k,t3_15kou5k,comment
jv6x30z,alta publinota te mandaste,CreativeDimension,merval,3,2023-08-07 15:21:41,t3_15kou5k,t3_15kou5k,comment
jv7m16q,te la cruzaste a Paulina cocina?....,Fernesaso,merval,4,2023-08-07 17:55:54,t3_15kou5k,t3_15kou5k,comment
jv8z4hm,Plotwist OP es Ramiro Marra,MatiasL,merval,3,2023-08-07 23:37:16,t3_15kou5k,t3_15kou5k,comment
jv90lb0,Pongan este post en el Hall de la fama por favor jajaja es lo mejor que leí en lo que va del año,[deleted],merval,5,2023-08-07 23:48:48,t3_15kou5k,t3_15kou5k,comment
jv6jbn5,Cámbiale al blue más una sarandeada gratis!,digixulo,merval,2,2023-08-07 13:56:08,t3_15kou5k,t3_15kou5k,comment
jv6jzwm,"Pero a cuánto te toman el dólar ? Da números, sino no dice mucho el post",throwaway275275275,merval,2,2023-08-07 14:00:22,t3_15kou5k,t3_15kou5k,comment
jv6qnib,mmm suena a una clara ESTAFA. Debe haber una banda vinculada al lavado de dinero...,[deleted],merval,2,2023-08-07 14:41:40,t3_15kou5k,t3_15kou5k,comment
jv6vj0f,o entre esos pesos te clava alguno trucho o es para que salgas re marcado y te la pongan,Yarara9,merval,2,2023-08-07 15:11:55,t3_15kou5k,t3_15kou5k,comment
jv6vwgi,Deben estar minando una nueva criptomoneda [proof-of-work (PoW)](https://en.wikipedia.org/wiki/Proof_of_work)...,srw,merval,2,2023-08-07 15:14:17,t3_15kou5k,t3_15kou5k,comment
jv6ymtj,"Puede ser también, además de la probabilidad de estafa, que estén lavando guita o haciendo algún trueque si vos les provees guita “digitalizada”. Pueden ser muchas cosas, proceda a tomar la decisión post polvo, aka: post-nut clarity",Kingo_Nice,merval,2,2023-08-07 15:31:21,t3_15kou5k,t3_15kou5k,comment
jv6z29a,Con PayPal pueden arrepentirse de la transacción y recuperar su plata y vos quedas en bolas. No recomiendo hacer ese tipo de operaciones.,doubledragon44,merval,2,2023-08-07 15:34:05,t3_15kou5k,t3_15kou5k,comment
jv716z5,Depende si queres verdes en el colchon o rojo en el inodoro,simonbleu,merval,2,2023-08-07 15:47:13,t3_15kou5k,t3_15kou5k,comment
jv71x9o,[deleted],[deleted],merval,2,2023-08-07 15:51:44,t3_15kou5k,t3_15kou5k,comment
jv72fce,"Si es demasiado bueno para ser real, es porque algo raro tiene. Si encima te insisten tanto por algo es.

Yo no me arriesgaría",Lwrpro,merval,2,2023-08-07 15:54:50,t3_15kou5k,t3_15kou5k,comment
jv73tlj,"No sé porque me lo imagino al OP como Javier Portales.
[imagen de referencia para los centenials (el de traje claro) ](https://www.diariocuartopoder.com/wp-content/uploads/2018/10/alvarez-borges.jpg)",GusCarracedo,merval,2,2023-08-07 16:03:31,t3_15kou5k,t3_15kou5k,comment
jv78s9q,"En esa tentación está el curro. 

Pensá que la mina está chupando pijas de gordo tipo Baradel porque es su fuente de ingresos. Por qué te regalaría pesos/dólares a vos???

Si hay desconfianza, salí de ahí. Es el instinto que mantuvo vivos a todos tus antepasados.",bronco_y_espasmo,merval,2,2023-08-07 16:34:38,t3_15kou5k,t3_15kou5k,comment
jv7cdlr,"Y si sumas 2+2 = te afanan a la salida. La unica que no me cierra es si te dan dolares paypal, supongo que será al revés. La idea es que te vayas con plata y te la afanen/recuperen a la salida.",Dry_Author8849,merval,2,2023-08-07 16:56:45,t3_15kou5k,t3_15kou5k,comment
jv7ktmf,"Guarda que hay dolares falsos, y pesos también. Y ni en pedo pago más de 100 dolares por una argolla con forro. Hay pibas de barrio por 25k pesos del mismo nivel.",No_Pass3585,merval,2,2023-08-07 17:48:36,t3_15kou5k,t3_15kou5k,comment
jv7sex5,"A veces me dicen que tengo mucha imaginación, y puede ser, pero ahí va la teoría:
Los cafishow de las minas las obligan a hacer X cantidad de usd por día. Entonces prefieren perder pesos pero llegan a ese total de dólares más rápido. 
(Hacen más cambiando que laburando)",GusCarracedo,merval,2,2023-08-07 18:36:02,t3_15kou5k,t3_15kou5k,comment
jv7ussh,Que al pedo pagar 200 dólares por una escort cuando podés encontrar una más linda por menos de 1/4 de eso y con mucho mejor servicio,Dungold,merval,2,2023-08-07 18:51:26,t3_15kou5k,t3_15kou5k,comment
jv80bl0,Probaste preguntandole a ella por que te ofrece ese negocio si no le conviene?,[deleted],merval,2,2023-08-07 19:27:55,t3_15kou5k,t3_15kou5k,comment
jv85hm7,No consumas eso. Te agarra y te atrapa el vicio.,VicarLaurence92,merval,2,2023-08-07 20:03:31,t3_15kou5k,t3_15kou5k,comment
jv862bc,"ademas de que este bañada y se tire lysoform que diferencia habria con la de 3000 pesos?  que tanto para justificar gastar 1000 dolares, tampoco hacen magia",roberp81,merval,2,2023-08-07 20:07:29,t3_15kou5k,t3_15kou5k,comment
jv89wfq,"De qué trabajas? Jajja
Me compras unos videos, que necesito plata 😢",Many-Parfait4306,merval,2,2023-08-07 20:34:09,t3_15kou5k,t3_15kou5k,comment
jv8aeeg,"Flaco, te soy sincero clavaste una paja, y cambia dólares en otro lado más seguro jajaja, estas muy regalado si vas a esos lados",Artistic_War_9534,merval,2,2023-08-07 20:37:40,t3_15kou5k,t3_15kou5k,comment
jv8cm4f,el peso falso vale mas que el verdadero,matadorius,merval,2,2023-08-07 20:53:18,t3_15kou5k,t3_15kou5k,comment
jv8ewap,Dios mio. Mira q yo no soy ningun angelito. Pero vos re vas a ver a mandinga hermano.,soypat,merval,2,2023-08-07 21:09:24,t3_15kou5k,t3_15kou5k,comment
jv8f4ge,"Hay tongo no hay dudas. Van a decirme que no tienen un lugar donde van y compran al blue real la cantidad que quieran? En el ambiente que se mueven esas minas compran al precio real 10-20-30 k USD en la cueva que elijan, para que necesitan TUS dólares? O te pagan con pesos falsos o te achacan a la salida.",StyleCareful134,merval,2,2023-08-07 21:11:00,t3_15kou5k,t3_15kou5k,comment
jv8w1wf,Fuaa... Andas en re una man. Q qliao,Lacaffeina,merval,2,2023-08-07 23:13:44,t3_15kou5k,t3_15kou5k,comment
jv90j51,"El que juega con fuego con fuego se quema, no trataría de descubrir sus curros por que cuando te queres dar cuanta vas a recibir la llamada de un familiar llorando mientras te ven cojer",[deleted],merval,2,2023-08-07 23:48:19,t3_15kou5k,t3_15kou5k,comment
jv97bxw,"Nunca hay que tomar decisiones que afecten al patrimonio 4 Horas antes y 4 horas después de una eyaculación. Las mejores cagadas salen en ese estado de fiebre previa o Nirvana postcoital. Con ganas de culear o recién drenado somos  seres no pensantes, inermes ante cualquier triquiñuela que pueda hacernos una piba hermosa y en pelotas.",reylaberinto,merval,2,2023-08-08 00:44:28,t3_15kou5k,t3_15kou5k,comment
jv9ailb,es un servicio Prosti2Prosti,tuviejaentanga123,merval,2,2023-08-08 01:13:06,t3_15kou5k,t3_15kou5k,comment
jv9zio4,Mira lo que publicas 😂😂😂,d4nit0,merval,2,2023-08-08 06:09:34,t3_15kou5k,t3_15kou5k,comment
jv80kb5,"Me duelen los ojos en cada comentario de op diciendo que entre más grande la operación más pierden. Mí loco, 10% siempre es 10%, si el 10% de un palo te parece mucho no sé cómo tenés guita para tirar en gatos. Sinceramente no te entiendo",Mmmmaxx,merval,5,2023-08-07 19:29:32,t3_15kou5k,t3_15kou5k,comment
jv6ivug,"Mmm tentador pero más tentador qué las cajeras venezolanas de cambio baires?

Los del manejo de dólares debe ser para de paso sacarte unos morlacos por sopapearte la papirola. Onda vas a cambiar dolares y no vas a mojar el chingolo...? Y daaaale.",Cosmic_Barrilet,merval,4,2023-08-07 13:53:21,t3_15kou5k,t3_15kou5k,comment
jv6m8nt,Man la estafa es rre evidente. Vos cojé y no cambies dolares,fracasado_,merval,3,2023-08-07 14:14:30,t3_15kou5k,t3_15kou5k,comment
jv6p7ci,rico bait,[deleted],merval,4,2023-08-07 14:32:45,t3_15kou5k,t3_15kou5k,comment
jv804b2,"Buenas OP, 2 consultas para vos:

1: Por qué no te haces un AMA? Pienso que con la experiencia que tenes en el área sería muy interesante para la comunidad.

2: Qué opinas de las escorts de 100 para abajo en general? Hay algún motivo por el que fijas de 200 para arriba?

Respondiendo a tu consulta, coincido con varios comentarios, si el monto es grande puede ser turbio (no se qué cifras para las escorts será grande). Por montos mínimos pienso que es más una cuestión de pasaje de guita.",[deleted],merval,3,2023-08-07 19:26:34,t3_15kou5k,t3_15kou5k,comment
jv6fyr6,"Creo que hay un poco de misoginia en tu consulta.

Sobre la consulta en sí, muchas veces se pierde bastante usando servicios como AirTM y otras cosas así( 15-30%?), por lo que si logran cambiar los dólares de forma inmediata y a un costo menor a ese, por más que sea una ""cotización"" más favorable que la común, a gran escala rinde bastante más.",whatgives86,merval,6,2023-08-07 13:35:10,t3_15kou5k,t3_15kou5k,comment
jv8nmfu,"Veo que pagas demasiado por meretrices, unos puntos:

1. Si te refieres a Arxp, es obviamente un sitio muy sospechosho. Desde que salió ese sitio daban las sospechas de que tienen otros negocios aparte. La teorías de que te dan billetes falsos y la del afaneo por paypal son las mas verosimiles.
2.  En Arxp las minas están sobrevaloradas por lo menos un 100%, ni las recontra VIP de 500 dólares me parecen cosa del otro mundo. Se ve que las mujeres argentinas en general cobran como en capitales de Europa pero son hechas de plástico, parecen trabas u hombres y encima son tontas y afanadoras.
3.  Para mas de 300 dólares la meretriz debería ser un filet mignon, solo rusas o eslavas que parecen modelos de Vogue o Sports illustrated cobran así en Europa y ni hablar en sus paises de origen. Ninguna de ArgXp esta cerca de esos seres angelicales, ni por asomo. Se ve que a quien no conoce a Dios, a cualquier santo le reza, típico argento, estas pagando precios de Wagyu A5 japonés por carne argentina con un sobreprecio de 200%.",vela4750,merval,2,2023-08-07 22:11:33,t3_15kou5k,t3_15kou5k,comment
jv7w3yk,"Me dan ganas de decirte que confíes y no te persigas porque la verdad, mereces que te roben.",[deleted],merval,-1,2023-08-07 18:59:54,t3_15kou5k,t3_15kou5k,comment
jv6prx4,"Puede ser una combinación de muchas cosas:

1. Puede que sean dólares truchos. Si uno no esta en el tema, día a día, cuesta diferenciarlos cuando son buenas imitaciones. Le pasó a un amigo, que de 3k dólar, la mitad eran truchos, y a simple vista, tocando el billete, no te dabas cuenta.
2. Tal vez sean intermediarias en el menudeo del blanqueo, y van a comisión. Como el dólar seguirá a la alta, la operatoria les sirve al capitalista que está en las sombras.
3. Capaz te marcan y a las 2 cuadras te roban todo.",Sensei_Master_Yoda,merval,1,2023-08-07 14:36:14,t3_15kou5k,t3_15kou5k,comment
jv6qky2,"Aprovecho este thread de OP (muy buena la radio) para sacarme una dudilla sobre este tema

Las doncellas que promocionan en USD, ¿les pagas en verdes o negocian otra cosa? Supongo que si, pero siempre me dio curiosidad.",Jauretche,merval,1,2023-08-07 14:41:15,t3_15kou5k,t3_15kou5k,comment
jv8pof5,Cuánto cobra Jésica Cirio?,IvanLuz87,merval,1,2023-08-07 22:26:30,t3_15kou5k,t3_15kou5k,comment
jv8w92i,"Tira data de las famosas y precios, no seas así man",Lacaffeina,merval,1,2023-08-07 23:15:14,t3_15kou5k,t3_15kou5k,comment
jv7lu53,"200 a 900 dólares no son ""muy alta gama"" ni a palos",SopaPyaConCoca,merval,0,2023-08-07 17:54:44,t3_15kou5k,t3_15kou5k,comment
jv9kkwr,boboooooooooo,thepinkangel33,merval,0,2023-08-08 02:57:53,t3_15kou5k,t3_15kou5k,comment
jv6xd3c,[deleted],[deleted],merval,-2,2023-08-07 15:23:24,t3_15kou5k,t3_15kou5k,comment
jv8vbng,"Hola buenas noches, una consulta, ¿Aceptan dolares paypal? Si les pago 1 usd paypal, ¿Me dan 650 pesos fisicos?",[deleted],merval,0,2023-08-07 23:08:16,t3_15kou5k,t3_15kou5k,comment
jv9009y,[deleted],[deleted],merval,0,2023-08-07 23:44:12,t3_15kou5k,t3_15kou5k,comment
jv9tv3j,"Buen intento, Sergio!",lemoncello22,merval,0,2023-08-08 04:54:26,t3_15kou5k,t3_15kou5k,comment
jv6pn91,[deleted],[deleted],merval,-4,2023-08-07 14:35:27,t3_15kou5k,t3_15kou5k,comment
jv92s0j,Es el mejor pais del mundo usar la concha para cambiar dolares.,Madurascercahazclick,merval,-1,2023-08-08 00:06:12,t3_15kou5k,t3_15kou5k,comment
jv6lq49,Están metiendo guita de OnlyFans o similares,Seba_Mop,merval,1,2023-08-07 14:11:13,t3_15kou5k,t3_15kou5k,comment
jv6r02y,"El saldo en paypal se paga mucho menos, por eso los precios baratos. En cuanto a por que saldo paypal? Por que tienen onlyfans seguramente o a veces algun extranjero les pagará asi.",pesopluma,merval,1,2023-08-07 14:43:51,t3_15kou5k,t3_15kou5k,comment
jv6s0vk,Por donde se consiguen? 😏,pepeeargento,merval,1,2023-08-07 14:50:11,t3_15kou5k,t3_15kou5k,comment
jv6s5t6,"Para sumar al dolar qatar, blue, etc Sale el ""Dolar Escort"" ?",viejodiversificado,merval,1,2023-08-07 14:51:00,t3_15kou5k,t3_15kou5k,comment
jv6sh23,Podes decir que famosas o influencer ofrecen esos servicios? No tenia idea que se prestaran para eso,Dreston91,merval,1,2023-08-07 14:52:53,t3_15kou5k,t3_15kou5k,comment
jv6tkcx,Una pagina de escorts hombres vip no tenes?,Imaginary_Passage431,merval,1,2023-08-07 14:59:38,t3_15kou5k,t3_15kou5k,comment
jv6x50y,Por qué no le preguntás a una a ver qué te dice?,pplcs,merval,1,2023-08-07 15:22:02,t3_15kou5k,t3_15kou5k,comment
jv6z1t4,Cual es la pagina?,djdkkskss,merval,1,2023-08-07 15:34:00,t3_15kou5k,t3_15kou5k,comment
jv7aicp,Amigo esos dolares son mas falsos que las promesas políticas argentina,DisciplineFinal470,merval,1,2023-08-07 16:45:19,t3_15kou5k,t3_15kou5k,comment
jv7ap39,"Lo más que gasté en eso fueron U$D 200 acá, una sola vez. Y me pidieron que pague dólar cash. No me ofrecieron que les cambie por pesos.",DejenmeEntrar,merval,1,2023-08-07 16:46:29,t3_15kou5k,t3_15kou5k,comment
jv7f5nd,Ig de los gatitos?,elpepeargento,merval,1,2023-08-07 17:13:58,t3_15kou5k,t3_15kou5k,comment
jv7x1oj,"Para mi el negocio es que ellas cobran en dólares en su mayoria, entonces si bien sirve tener dólares en este país, el 80% de los gastos diarios, necesitan los pesos, entonces no les sirve tener tanto dolar, es verdad que pierden Plata, pero al mismo tiempo es verdad que les conviene, si ganan 20mil dólares por mes en eso, no les debe molestar vender 5mil a precios generosos, total esa Plata la van a necesitar en pesos.
Ojo que también puede ser que te enfierren así nomas apenas salís, pero eso se puede negociar y ves si te los puede vender en otra situación, tipo la dejas en algún lado y cuando la dejas te da la plata o cosas asi.
También puede que sean dólares falsos o cosas asi.

Vivimos en argentina y todas las opciones son posibles, así como te puede cagar, quizás haces alto negación, asi que vos fíjate si lo queres hacer",No_Chipmunk5871,merval,1,2023-08-07 19:06:03,t3_15kou5k,t3_15kou5k,comment
jv7xbgt,Pibas de Instagram nose pero una vez estuve con una que cobro 600,[deleted],merval,1,2023-08-07 19:07:49,t3_15kou5k,t3_15kou5k,comment
jv7xm3r,Se dice de Nati Jota que hace lesbico/hombres trios.,Helpful-Bicycle3102,merval,1,2023-08-07 19:09:46,t3_15kou5k,t3_15kou5k,comment
jv7y4rl,Argentina xp es la página ?,martinasap1,merval,1,2023-08-07 19:13:14,t3_15kou5k,t3_15kou5k,comment
jv81997,Che y cual de todos esos gatos te parecio la mejor?,Pampeano-,merval,1,2023-08-07 19:34:18,t3_15kou5k,t3_15kou5k,comment
jv826xn,Podrías probar una vez aunque sea y si sale bien joya. Vos a que te dedicas?,[deleted],merval,1,2023-08-07 19:40:43,t3_15kou5k,t3_15kou5k,comment
jv88356,"Creí que las vendedoras de ropa ya me acosaban cuando iba a comprar ropa con medias,bóxers o remeras y ahora me entero que hay otra manera de que te acosen cuando la estas poniendo!
 Estas concentrado en un lindo cuerpito y te salen con venta o compra de U$S!Se te baja la autoestima pensando en dinero!
 Sobre lo otro,me parece algún tipo de estafa no sería raro!Yo mismo he desconfiado de esos departamentos,he preferido las visitas a domicilio,pero ya no consumo esos servicios a pesar de la mejor oferta actual!",AlanBest10,merval,1,2023-08-07 20:21:28,t3_15kou5k,t3_15kou5k,comment
jv894ym,"Que paja gastar más de 500 dolares y en el medio del acto te hablen del tipo de cambio

Por mas buena que esté la mina no lo vale...",guillote1986,merval,1,2023-08-07 20:28:45,t3_15kou5k,t3_15kou5k,comment
jv8q1bn,[deleted],[deleted],merval,1,2023-08-07 22:29:09,t3_15kou5k,t3_15kou5k,comment
jv8q4vc,"La mafia de los changos vip!!! jaja

Compa, ni loco pago 200 o 900 dolares por gansa influencer, pero lo único que se me vino a la cabeza es que el descuento que te hacen ya viene cobrado en esa tarifa.

Con esa plata invito a cualquier minon a comer en don julio un terrible asado, me pago un hotel y pasamos toda la noche de fiesta, y hasta me sobra plata!!",Barbanegra1979,merval,1,2023-08-07 22:29:53,t3_15kou5k,t3_15kou5k,comment
jv8wmqq,"No me queda claro, ellas te compran caro o te venden barato?",cayo73,merval,1,2023-08-07 23:18:06,t3_15kou5k,t3_15kou5k,comment
jv8x0x6,"Te cobran en blue vip?? qué grosa, como no me avive a los 22.",pixidio,merval,1,2023-08-07 23:21:06,t3_15kou5k,t3_15kou5k,comment
jv8y7in,Estan tratando de lavar plata 100%,[deleted],merval,1,2023-08-07 23:30:12,t3_15kou5k,t3_15kou5k,comment
jv9ajrn,Me lo resumen?? Leí “escorts” y “dolares” en una frase pero es demasiado texto para la 1:13 de la mañana,_Luiggi_,merval,1,2023-08-08 01:13:23,t3_15kou5k,t3_15kou5k,comment
jv9awln,"Las que pueden, pueden 💅",amordelujo,merval,1,2023-08-08 01:16:39,t3_15kou5k,t3_15kou5k,comment
jv9kfdc,"La verdad ni puta idea, no te puedo ayudar con tu duda, pero intentaste preguntarles a ellas? Quizás te versean, pero al menos te podés fijar si te das cuenta que te está mintiendo, o si lo que responde tiene sentido o no.",Flechashe,merval,1,2023-08-08 02:56:05,t3_15kou5k,t3_15kou5k,comment
jv6dzfp,me salió la chocolatada por la nariz leyendo este comentario,pelado06,merval,124,2023-08-07 13:22:42,t1_jv6dqdd,t3_15kou5k,comment
jv6ii3x,si no fuera pobre te daria un premio.. Toma tu upvote,BarbaDeMerlin,merval,50,2023-08-07 13:51:01,t1_jv6dqdd,t3_15kou5k,comment
jv7a8l6,"No podés tirar una tan majestuosa, si no fueramos todos pobres te dariamos awards",SingingBird420,merval,32,2023-08-07 16:43:41,t1_jv6dqdd,t3_15kou5k,comment
jv70aej,jajajjajaja jaja  q hdp me hiciste reír y estoy en el trono del laburo,roberp81,merval,17,2023-08-07 15:41:40,t1_jv6dqdd,t3_15kou5k,comment
jv72wc4,En épocas de guerras cualquier cueva es trinchera.,Sefalobe1984,merval,24,2023-08-07 15:57:45,t1_jv6dqdd,t3_15kou5k,comment
jv7b91h,JAJAJAJAJAJAAJAJAJAJAJ na no seas así.,TinchooBielenia,merval,10,2023-08-07 16:49:50,t1_jv6dqdd,t3_15kou5k,comment
jv7qzm9,te deje un aguila de premio por tu humorada bro,[deleted],merval,5,2023-08-07 18:26:53,t1_jv6dqdd,t3_15kou5k,comment
jv6o5ps,Dólar michi,halconnegro2006,merval,118,2023-08-07 14:26:17,t1_jv6dm7u,t3_15kou5k,comment
jv6wa36,Dólar Polvo,GusCarracedo,merval,42,2023-08-07 15:16:39,t1_jv6dm7u,t3_15kou5k,comment
jv6dryb,Son dolares manchados con leche jaja.,Unfa-6118,merval,63,2023-08-07 13:21:23,t1_jv6dm7u,t3_15kou5k,comment
jv7fvxu,Dólar con final feliz,Happy_Scrotum,merval,9,2023-08-07 17:18:25,t1_jv6dm7u,t3_15kou5k,comment
jv6u2ls,dolar miau miau,Yarara9,merval,7,2023-08-07 15:02:48,t1_jv6dm7u,t3_15kou5k,comment
jv7tug2,Dolar Sogan,madkeepz,merval,2,2023-08-07 18:45:17,t1_jv6dm7u,t3_15kou5k,comment
jv901g6,Dolar cariñosa,ChoiceItchy7252,merval,1,2023-08-07 23:44:28,t1_jv6dm7u,t3_15kou5k,comment
jv6dxbg,"Me piden un minimo de $1.000 para cambiar, no se si quemar esos y si salen mal es una cagada.

Algo sospechoso hay...",Unfa-6118,merval,40,2023-08-07 13:22:20,t1_jv6dmgb,t3_15kou5k,comment
jv7hp3p,Plot twist: va con los dolares y termina con otra duda adentro,Xero-Hige,merval,5,2023-08-07 17:29:30,t1_jv6dmgb,t3_15kou5k,comment
jv6omfh,"Ah, un orgasmo? 100 dolares mas... jaja, así son muchas, todo plata plata, tremendas falsas.",Unfa-6118,merval,15,2023-08-07 14:29:07,t1_jv6gb65,t3_15kou5k,comment
jv6h02g,"Shhh, que no se entere sergio...",Unfa-6118,merval,16,2023-08-07 13:41:36,t1_jv6g20x,t3_15kou5k,comment
jv8t9e1,"Me parece que es una operacion psicologica por parte de las paginas de escorts... No estoy siendo conspiranoico eh, porque hace unas semanas hubo otro post similar a este (que ofrecian cuevas y arbolitos).",[deleted],merval,17,2023-08-07 22:52:55,t1_jv6qcy2,t3_15kou5k,comment
jv8olhb,?????,CoupleOfBitches,merval,-1,2023-08-07 22:18:36,t1_jv6qcy2,t3_15kou5k,comment
jv6nsc5,$650 a $585 = $65 pesos de diferencia. En un monto de usd1.000 = son $65.000 de ganancia para uno. No son 5 pesitos...,Unfa-6118,merval,16,2023-08-07 14:24:01,t1_jv6mdye,t3_15kou5k,comment
jv6iyf7,"Yo no aceptaria ningún tipo de cheques de estas mujerzuelas, pero la trama creo que esta en los billetes de dudosa ""originalidad""....",Unfa-6118,merval,0,2023-08-07 13:53:48,t1_jv6gmis,t3_15kou5k,comment
jv983lv,!&!&!&!&!&!&JAJAJAJAJAJJAKAJAJAJAJAJA HERMOSO,nicolas19drs,merval,1,2023-08-08 00:51:15,t1_jv6zrzl,t3_15kou5k,comment
jv7e43f,"Dios nos castigo mucho, pero nos dio la bendición de tener las mujer más lindas y putas del planeta. Y a Messi jaja.",Unfa-6118,merval,10,2023-08-07 17:07:36,t1_jv6q1as,t3_15kou5k,comment
jv6p7ui,Hay gente que se cree que unas minas que cobran 900 verdes no invierten en un amigo con un chumbo calibre 32 listo para saltar por si alguien se quiere avivar,Intelligent_Story_74,merval,22,2023-08-07 14:32:50,t1_jv6lhie,t3_15kou5k,comment
jv6ph5q,Yo creo mas que son buches de la AFI muchas de estas putas vip.,Unfa-6118,merval,6,2023-08-07 14:34:25,t1_jv6lhie,t3_15kou5k,comment
jv6hsge,"Ese dinero se puede traer de manera mas economica, mucho mas facil y no perdiendo tanta plata.",Unfa-6118,merval,3,2023-08-07 13:46:34,t1_jv6grdu,t3_15kou5k,comment
jv7euns,"A estas chicas hay que explicarle bybit jaja hey pero jodeme que están llenas de dólares en PayPal y Payoneer también?,hay una cueva que te hace hasta cripto a dólares físicos tienen dos sucursales acá y sacan saldos de varias billeteras internacionales también.",ChipaGuazu,merval,1,2023-08-07 17:12:07,t1_jv6grdu,t3_15kou5k,comment
jv6zbs5,"Jaja, vos decis?",Unfa-6118,merval,1,2023-08-07 15:35:44,t1_jv6pbk9,t3_15kou5k,comment
jv6g4ci,"Mira que wsb es una oda a la degeneracion, pero asi y todo no son tan mogolicos como para hablar de usar trolas como arbolito.",DMugre,merval,26,2023-08-07 13:36:08,t1_jv6fa1c,t3_15kou5k,comment
jv6zzdb,"Donde lees que puse el nombre de alguna escort en ecpecifico? 

Ni acá, ni en los comentarios.

Solo dije que varias vips me ofrecieron ese negocio",Unfa-6118,merval,0,2023-08-07 15:39:46,t1_jv6mimk,t3_15kou5k,comment
jv6i5jj,"Pues, demuestrenmelo...",Unfa-6118,merval,1,2023-08-07 13:48:51,t1_jv6hjmj,t3_15kou5k,comment
jv6l204,Son cabeza chica,Party_Radio_8134,merval,7,2023-08-07 14:07:00,t1_jv6jrpy,t3_15kou5k,comment
jv6l0e8,"Si, todo sospechoso, puede ser tremenda cama. Estas pendejas son terribles. 

Muchas de estas Vips, no llegan a los 20 y manejan fortuna...",Unfa-6118,merval,7,2023-08-07 14:06:43,t1_jv6jrpy,t3_15kou5k,comment
jv6qf8g,"La mayoría de las Famosas / Modelos / Influencers / Vedette que gatean en argentina, rondan en esos precios. 

De 200 dolares a 900 dolares. No pagues mas que eso.",Unfa-6118,merval,7,2023-08-07 14:40:15,t1_jv6o4e5,t3_15kou5k,comment
jv91b6x,"Real, me metí a la página que des escorts y mencionan que “no se llevan ninguna comisión” y que te comuniques directo con las grils teens,  entonces es lógico que debe existir una red detrás, por que nadie regalaría todo un sitio web súper cuidado y optimizado gratis, es lógico que algo deben tener, si yo estaría en esa situación no jugaría con la adrenalina de que algún día me llame algún familiar llorando mientras me ven cojer",[deleted],merval,2,2023-08-07 23:54:25,t1_jv6z1pv,t3_15kou5k,comment
jv98pvg,Concuerdo,nicolas19drs,merval,1,2023-08-08 00:56:44,t1_jv6z1pv,t3_15kou5k,comment
jv6mrdw,"No es joda, paso asi, obvio que no vuelvo mas con esa. 

Me saco $400 dolares y me hablo mas del dolar hasta con la japi dentro de la boca que de cojer.",Unfa-6118,merval,19,2023-08-07 14:17:45,t1_jv6l46p,t3_15kou5k,comment
jv6lhov,"> ese 10% no les cambia tanto porque mueven mucha guita

Es al revés, mientras más guita moves más te duele el %",marcos_marp,merval,3,2023-08-07 14:09:44,t1_jv6jn37,t3_15kou5k,comment
jv8lfhx,Habra que aclararlo a partir de ahora jaja.,Unfa-6118,merval,1,2023-08-07 21:55:35,t1_jv8kt69,t3_15kou5k,comment
jv6reql,"Ya lo explique, cobran en fisico USD, no aceptan pesos por sus servicios sexuales, por que comprarían mas dolares y pagandolos a muy por encima del mercado si necesitan pesos para vivir.

Y con lo de la venta de contenido, no todas tienen onlyfans y eso y si lo tuvieran, hay formas mucho mas barata de poder usar esa plata y traerla a la argentina.

Nadie deja caer un buen porcentaje de ganancia, solo por querer hacerlo rápido y ademas mientras mas dinero cambian, mas dinero pierden, es proporcional y mas aun si lo hacen de manera tan frecuente, si es una vez, bueno, pero todos los dias..... no.",Unfa-6118,merval,3,2023-08-07 14:46:23,t1_jv6pu42,t3_15kou5k,comment
jv6n32d,"Sus servicios de sexo, los clienten los abonan exclusivamente con dolares, no aceptan pesos las chicas, pero estas a la vez compran dolares con pesos a un cambio muy alto, no cierra...",Unfa-6118,merval,2,2023-08-07 14:19:44,t1_jv6la45,t3_15kou5k,comment
jv6dog6,"Eso, si pagaron alguna vez alguna de estas escort vip y le ofrecieron canjear dolares a un cambio muy por encima del que ofrece el mercado actual.",Unfa-6118,merval,1,2023-08-07 13:20:47,t1_jv6cqz6,t3_15kou5k,comment
jv6i8ic,"Asi es, y parece que salimos ganando todos lo mejor, o eso aparenta.",Unfa-6118,merval,2,2023-08-07 13:49:22,t1_jv6hby6,t3_15kou5k,comment
jv6uh4k,"Es muy heavy no puedo por acá, me compromete.",Unfa-6118,merval,0,2023-08-07 15:05:20,t1_jv6qij5,t3_15kou5k,comment
jv6q624,Quiero descubrir por que no lo es.,Unfa-6118,merval,2,2023-08-07 14:38:40,t1_jv6nygr,t3_15kou5k,comment
jv8b33v,"Tenes mucho mas barata so buscas. 

O de última anda con alguna Callejera, creo que por $1.500 pesos podes conseguir algo ahí, pero ojo, no es lo mismo que una de 800 usd.",Unfa-6118,merval,6,2023-08-07 20:42:30,t1_jv854k8,t3_15kou5k,comment
jv6ulnq,">amigo esas minas son expertas en cazar boludos con plata, te van a hacer la cama de alguna forma u otra

Si, es mi sospecha, igual no me considero boludo, mas bien lo contrario.",Unfa-6118,merval,0,2023-08-07 15:06:07,t1_jv6qlcy,t3_15kou5k,comment
jv6qjpj,Esta es la mas probable junto con que te marquen para el choreo,colchonsise,merval,2,2023-08-07 14:41:01,t1_jv6jmcd,t3_15kou5k,comment
jv6lent,"Si, esa es una posibilidad, de dar el dinero y que ""desaparezcan"" haciéndosen las boludas y después te amenazan con escracharte en sus IG con millones de seguidores si les reclamas, conozco 3 casos...",Unfa-6118,merval,2,2023-08-07 14:09:13,t1_jv6jmcd,t3_15kou5k,comment
jv8xg5f,Pero y si soy yo el quien comprar los pesos?,[deleted],merval,1,2023-08-07 23:24:19,t1_jv6jmcd,t3_15kou5k,comment
jv7hn4j,"Estando tan de moda eso de filmarse, puede ser, anda a saber.",Unfa-6118,merval,1,2023-08-07 17:29:09,t1_jv6yph4,t3_15kou5k,comment
jv74kyl,"Yo no como de ellas, va solo la concha y el culo les como jaja.",Unfa-6118,merval,1,2023-08-07 16:08:17,t1_jv73phe,t3_15kou5k,comment
jv9qtxg,Algo que nos intriga mucho a todos.,Unfa-6118,merval,2,2023-08-08 04:14:32,t1_jv95v4y,t3_15kou5k,comment
jv6fz92,"Se que estas siendo sarcasmo, pero a mi me ofrecieron el viernes pasado comprarme dolares a una cotización de $650, una locura, ni el dolar turista vale eso, algo raro hay.",Unfa-6118,merval,3,2023-08-07 13:35:15,t1_jv6fi45,t3_15kou5k,comment
jv6q3z0,"Si, a mi me constan que con varias pendejas vip que pase tienen vínculos con servicios..",Unfa-6118,merval,0,2023-08-07 14:38:18,t1_jv6neeb,t3_15kou5k,comment
jv8l993,"Jaja, si cansaron esos siempre  con las mismas preguntas y respuestas, se volvió monótono.

Esto por lo menos tiene intriga, ya que nadie tiro una respuesta válida al problema todavia jaja.",Unfa-6118,merval,3,2023-08-07 21:54:19,t1_jv8jg6s,t3_15kou5k,comment
jv6qr1k,"Las 2, pero para la venta de dolares, es el precio de mercado, mientras que para la compra  es mucho mas alto en $65 de ganancia para uno. Raro.",Unfa-6118,merval,1,2023-08-07 14:42:17,t1_jv6os4h,t3_15kou5k,comment
jv7ycyy,Me apena por vos colega.,Unfa-6118,merval,2,2023-08-07 19:14:45,t1_jv7g2x6,t3_15kou5k,comment
jv9slpy,"Me pareció muy vulgar.

Parecía vendedora de medias, por ls forma que me insistía en comprar y vender.",Unfa-6118,merval,1,2023-08-08 04:37:33,t1_jv9drwb,t3_15kou5k,comment
jv6fxah,ハハハ、みんなはプタスです,Lazenca83,merval,3,2023-08-07 13:34:54,t1_jv6dguq,t3_15kou5k,comment
jv7rc2b,No labura esa.,Unfa-6118,merval,2,2023-08-07 18:29:07,t1_jv7m16q,t3_15kou5k,comment
jv9qzsw,"Y eso que me controle, para no contar cosas muy heavy...",Unfa-6118,merval,2,2023-08-08 04:16:39,t1_jv90lb0,t3_15kou5k,comment
jv6kwsu,"Lo puse en un 1 comentario.

$650 el viernes, ahora seguro aumento mas. y el dolar mas caro actual, el turista esta $585",Unfa-6118,merval,1,2023-08-07 14:06:06,t1_jv6jzwm,t3_15kou5k,comment
jv6uaux,Puede ser muchas cosas... En el ambiente me dijeron algo mucho mas heavy que no puedo revelar por acá...,Unfa-6118,merval,1,2023-08-07 15:04:16,t1_jv6qnib,t3_15kou5k,comment
jv6yu8e,"Si, una posibilidad.",Unfa-6118,merval,1,2023-08-07 15:32:39,t1_jv6vj0f,t3_15kou5k,comment
jv7hiil,Muchas opciones pueden ser.,Unfa-6118,merval,1,2023-08-07 17:28:22,t1_jv6ymtj,t3_15kou5k,comment
jv728jn,"Si lo online es peligroso, y más si son esta clase de pendejas veinteañeras..",Unfa-6118,merval,1,2023-08-07 15:53:39,t1_jv6z29a,t3_15kou5k,comment
jv7g3ri,"No importa, lo que importa que tengo la plata para gastarla en ellas.",Unfa-6118,merval,1,2023-08-07 17:19:46,t1_jv71x9o,t3_15kou5k,comment
jv73w4q,"Pero es tentadora la oferta. Negocio redondo, la vas a poner y además te llevas plata.",Unfa-6118,merval,1,2023-08-07 16:03:57,t1_jv72fce,t3_15kou5k,comment
jv78jz3,Tan venido abajo no estoy.,Unfa-6118,merval,2,2023-08-07 16:33:12,t1_jv73tlj,t3_15kou5k,comment
jv7g9tp,"Si es tan obvio, no durarían nada en libertad, porque ya estarían presa.",Unfa-6118,merval,1,2023-08-07 17:20:47,t1_jv7cdlr,t3_15kou5k,comment
jv7nt1d,"Si, pero se paga por la fama, más que por la belleza.",Unfa-6118,merval,1,2023-08-07 18:06:55,t1_jv7ktmf,t3_15kou5k,comment
jv7tl95,"Estas minas son vip e indepebdientes, no necesitan de nadie.",Unfa-6118,merval,1,2023-08-07 18:43:37,t1_jv7sex5,t3_15kou5k,comment
jv7xwpw,"Pero el morbo acá es que son famosas, no pasa tanto por la belleza.",Unfa-6118,merval,1,2023-08-07 19:11:44,t1_jv7ussh,t3_15kou5k,comment
jv81mdq,"Ya respondí esa pregunta, fíjate en comentarios.",Unfa-6118,merval,1,2023-08-07 19:36:47,t1_jv80bl0,t3_15kou5k,comment
jv8awkb,"Es un vicio hermoso, tener a una caprichosa cara arriba tuyo, haciéndote ver las estrellas.",Unfa-6118,merval,1,2023-08-07 20:41:12,t1_jv85hm7,t3_15kou5k,comment
jv8acqr,"Mira, físicamente 100% seguro que hay más lindas afuera y más baratas, pero acá el mayor morbo es estar con la famosa en sí, no tanto lo físico.",Unfa-6118,merval,3,2023-08-07 20:37:20,t1_jv862bc,t3_15kou5k,comment
jv8ak72,"No, perdón.",Unfa-6118,merval,1,2023-08-07 20:38:48,t1_jv89wfq,t3_15kou5k,comment
jv8c1yg,"Los niditos de amor de las escorts de Puerto Madero distan muchísimos de ser antros.

Son lugares de lujo los depto, super seguros y modernos.",Unfa-6118,merval,1,2023-08-07 20:49:23,t1_jv8aeeg,t3_15kou5k,comment
jv8fvw2,"Si, por eso super sospechoso.

Y más aun la forma de insistencia queriéndome encajar algo de prepo, como queriendo desacerse de algo malo.",Unfa-6118,merval,1,2023-08-07 21:16:18,t1_jv8f4ge,t3_15kou5k,comment
jv9sh2t,Gracias por tu reflexión.,Unfa-6118,merval,1,2023-08-08 04:35:51,t1_jv97bxw,t3_15kou5k,comment
jv81suf,"En % por supuesto que es el mismo, pero nominalmente no.

Mientras más cambien, más dinero nominal pierden, aprende antes de hablar.",Unfa-6118,merval,5,2023-08-07 19:38:02,t1_jv80kb5,t3_15kou5k,comment
jv8zsm2,Ese debate nunca se termina,[deleted],merval,3,2023-08-07 23:42:31,t1_jv80kb5,t3_15kou5k,comment
jv6j6oi,"Pero yo fui directo a sus servicios sexuales, no al change.",Unfa-6118,merval,1,2023-08-07 13:55:15,t1_jv6ivug,t3_15kou5k,comment
jv6nz1p,"Pero quiero saber cual es o son solo tontas, que no creo.",Unfa-6118,merval,-2,2023-08-07 14:25:09,t1_jv6m8nt,t3_15kou5k,comment
jv828sn,"1. No estoy para eso perdón. Tampoco me gusta alardear de las mujeres con que intime. Llevo varios años en el rubro, soy serio.

2. Siempre me gustó lo vip. Las baratas están con cualquiera y me dan asquito. Prefiero las de 300/400 para adelante.",Unfa-6118,merval,1,2023-08-07 19:41:05,t1_jv804b2,t3_15kou5k,comment
jv6gez0,"Puede ser una buena teoría, Gracias.

Pero para las minas que no usan ese servicio de que les servirá cambiar a un dolar tan elevado?",Unfa-6118,merval,3,2023-08-07 13:37:57,t1_jv6fyr6,t3_15kou5k,comment
jv6lys3,Llegó Revista Sudestada a quejarse de *misoginia*,[deleted],merval,4,2023-08-07 14:12:46,t1_jv6fyr6,t3_15kou5k,comment
jv8qfqj,"Para mi, en la Argentina es lo mejorcito esa página, por que hay varias modelitos de instagram y además me queda muy cómodo ya que las mayoría quedan en Madero y no me tengo que trasladar tanto.

Hace no más de 2 semanas, me comí a una rusita eslava, de piernas finas y largas que solo hablaba inglés, de esa página, muy linda y me cobro solo 300 usd la hora, con cola.",Unfa-6118,merval,1,2023-08-07 22:32:07,t1_jv8nmfu,t3_15kou5k,comment
jv7y9e5,Porque esa actitud?,Unfa-6118,merval,1,2023-08-07 19:14:05,t1_jv7w3yk,t3_15kou5k,comment
jv6z927,"Si, teorías hay varias, el tema que quiero saber cual es la correcta.",Unfa-6118,merval,0,2023-08-07 15:35:15,t1_jv6prx4,t3_15kou5k,comment
jv6ufcu,No entendí tu pregunta.,Unfa-6118,merval,0,2023-08-07 15:05:02,t1_jv6qky2,t3_15kou5k,comment
jv9rsef,Pompilio sabe...,Unfa-6118,merval,1,2023-08-08 04:26:54,t1_jv8pof5,t3_15kou5k,comment
jv9qra3,"Ya dije precios. 

Si tenes la plata, podes estar con cualquier famosita del momento.

SI todas gatean, si son unas bomba sexual...",Unfa-6118,merval,2,2023-08-08 04:13:37,t1_jv8w92i,t3_15kou5k,comment
jv7maw0,Claro... seguro vos ni alcanzas a una de 5.000 pesos y regateas.,Unfa-6118,merval,-2,2023-08-07 17:57:31,t1_jv7lu53,t3_15kou5k,comment
jv6yo3b,No quiero ser el primero.,Unfa-6118,merval,2,2023-08-07 15:31:35,t1_jv6xd3c,t3_15kou5k,comment
jv9s967,"Desconozco, no hize el uso de PayPal con ellas, ni pregunte.",Unfa-6118,merval,1,2023-08-08 04:32:58,t1_jv8vbng,t3_15kou5k,comment
jv9sfbz,Por ahora no caí.,Unfa-6118,merval,1,2023-08-08 04:35:13,t1_jv9009y,t3_15kou5k,comment
jv6zmhh,"No se trasladan a ningun lados estas minas, si cambias dólares es con la guardia baja, luego de cojer en su depto.",Unfa-6118,merval,1,2023-08-07 15:37:33,t1_jv6pn91,t3_15kou5k,comment
jv9r2bi,"Es el oficio más antiguo del mundo, no es nuevo.",Unfa-6118,merval,1,2023-08-08 04:17:35,t1_jv92s0j,t3_15kou5k,comment
jv6o2of,Ya lo explique en otro comentario similiar que me hicieron. No cierra..,Unfa-6118,merval,1,2023-08-07 14:25:46,t1_jv6lq49,t3_15kou5k,comment
jv6u45f,"Por ig o Internet, busca.",Unfa-6118,merval,1,2023-08-07 15:03:05,t1_jv6s0vk,t3_15kou5k,comment
jv6u6hw,"Este dolar, lo rige las reglas de la calentura y no del mercado jaja.",Unfa-6118,merval,3,2023-08-07 15:03:30,t1_jv6s5t6,t3_15kou5k,comment
jv6u1y9,"Una vez que entras en este ambiente, son todas conocidas, y todas se pasan el cliente de 1 a otra, es facil una vez que entras , llegas a cualquiera, solo tenes que tener plata.

Las escorts, suelen ser juntarse con tales, y si ves a una escort que frecuenta una amistad, es muy problable que ella labure tambien...",Unfa-6118,merval,3,2023-08-07 15:02:41,t1_jv6sh23,t3_15kou5k,comment
jv6trlq,"Desconozco, no tengo tus gustos.",Unfa-6118,merval,2,2023-08-07 15:00:52,t1_jv6tkcx,t3_15kou5k,comment
jv6x5sb,iiiii.com,De_Zeta,merval,2,2023-08-07 15:22:09,t1_jv6tkcx,t3_15kou5k,comment
jv6yrvb,Ya les pregunte y me respondieron de manera evasivas y con sonrisitas turbias..,Unfa-6118,merval,2,2023-08-07 15:32:15,t1_jv6x50y,t3_15kou5k,comment
jv729ns,ArXp....,Unfa-6118,merval,1,2023-08-07 15:53:51,t1_jv6z1t4,t3_15kou5k,comment
jv7alkk,"""Boludas no son"" te contestas solo mi bro",DisciplineFinal470,merval,2,2023-08-07 16:45:52,t1_jv7aicp,t3_15kou5k,comment
jv9r8vt,"Que bien, no me sorprende.",Unfa-6118,merval,1,2023-08-08 04:19:54,t1_jv7ap39,t3_15kou5k,comment
jv7yji9,"Es clasificado. 

Igual no es muy complicado ver quien puede gatear y quien no.

Solo basta verles 5 segundos su perfil de instagram y te das cuenta enseguida..",Unfa-6118,merval,2,2023-08-07 19:15:59,t1_jv7f5nd,t3_15kou5k,comment
jv7y430,"Si, el negocio me tienta, tal vez lo haga.",Unfa-6118,merval,1,2023-08-07 19:13:07,t1_jv7x1oj,t3_15kou5k,comment
jv7y638,Todas tienen Igual hoy en día.,Unfa-6118,merval,1,2023-08-07 19:13:29,t1_jv7xbgt,t3_15kou5k,comment
jv81gyb,"Si, sale primera en Google, no es complicado hallarla. 

Además en sus perfiles las chicas ponen sus precios y todas en dolares..",Unfa-6118,merval,2,2023-08-07 19:35:46,t1_jv7y4rl,t3_15kou5k,comment
jv81vxg,"Varios me gustaron, pero soy picaflor, me gusta ir probando un poco de todo y variar.",Unfa-6118,merval,1,2023-08-07 19:38:38,t1_jv81997,t3_15kou5k,comment
jv82jvf,"Y si sale mal cono imagino, pierdo 1k... no, gracias.

No importa a lo que me dedico, pero gano como para poder pagar esta clases de mujeres de alta categoría.",Unfa-6118,merval,1,2023-08-07 19:43:11,t1_jv826xn,t3_15kou5k,comment
jv8apm2,"Hay de todo en el rubro, es solo probar y hallar la que te guste.",Unfa-6118,merval,1,2023-08-07 20:39:51,t1_jv88356,t3_15kou5k,comment
jv8agbj,"Hay alguna que los valen y más también, te lo digo por exp.",Unfa-6118,merval,1,2023-08-07 20:38:02,t1_jv894ym,t3_15kou5k,comment
jv9s0bk,"No me dejan menos de $1.000 ya probé.

 Igual cambiar de $100 es muy de chiquitaje, no da.

No conozco al dueño, pero la mayoría de las fotos de ese sitio la saca un fotógrafo y representante conocido por trabajar con famosas y escorts y manejar putas vips, un tal llamado M.M.",Unfa-6118,merval,1,2023-08-08 04:29:48,t1_jv8q1bn,t3_15kou5k,comment
jv9s7c3,Me parece bien. Disfrútalo.,Unfa-6118,merval,1,2023-08-08 04:32:18,t1_jv8q4vc,t3_15kou5k,comment
jv9sbg3,Me compran a 650$ los dólares y el precio de mercado más caro es $585.,Unfa-6118,merval,1,2023-08-08 04:33:48,t1_jv8wmqq,t3_15kou5k,comment
jv9scpm,"Pero de quien, o de que?",Unfa-6118,merval,1,2023-08-08 04:34:15,t1_jv8y7in,t3_15kou5k,comment
jv9sih1,Leelo mañana con tiempo.,Unfa-6118,merval,1,2023-08-08 04:36:22,t1_jv9ajrn,t3_15kou5k,comment
jv9soey,"Si, ya respondí la pregunta.

Pero lss minas me responden con evasivas o risitas forzadas..",Unfa-6118,merval,1,2023-08-08 04:38:33,t1_jv9kfdc,t3_15kou5k,comment
jv6obva,Jajajaja que hdp yo estaba tomando justo agua también jajajaja,rafa_cba7341,merval,37,2023-08-07 14:27:19,t1_jv6dzfp,t3_15kou5k,comment
jv72zqy,Menos mal que no sale el Dólar Femboy,Sefalobe1984,merval,23,2023-08-07 15:58:20,t1_jv6wa36,t3_15kou5k,comment
jv7j1jt,Dólar Milk,Das-Mortal,merval,1,2023-08-07 17:37:43,t1_jv6wa36,t3_15kou5k,comment
jv6qe1m,DOLAR LECHITA,[deleted],merval,50,2023-08-07 14:40:03,t1_jv6dryb,t3_15kou5k,comment
jv8q0hu,De saber que andan circulando prefiero ahorrar en pesos,Fresh_Opposite_3945,merval,0,2023-08-07 22:28:59,t1_jv6dryb,t3_15kou5k,comment
jv7o0ol,dolar mema,Flimsy-Writing-7791,merval,1,2023-08-07 18:08:15,t1_jv6dryb,t3_15kou5k,comment
jv6h244,"Amigo, hay alta probabilidad de estafa, y que el damnificado no haga la denuncia por vergüenza",Pure-Salary,merval,98,2023-08-07 13:41:58,t1_jv6dxbg,t3_15kou5k,comment
jv6um70,Te van a encajar unos verdes en español,megalogo,merval,7,2023-08-07 15:06:13,t1_jv6dxbg,t3_15kou5k,comment
jv7nxu4,"Si lo pensás... 1000 usd sería un polvo de los más caros, tampoco perdés taaaanto, solo una horita de joda.",Itsimpleismart,merval,3,2023-08-07 18:07:45,t1_jv6dxbg,t3_15kou5k,comment
jv7fq1i,es mucha guita,DobbMeep,merval,1,2023-08-07 17:17:26,t1_jv6dxbg,t3_15kou5k,comment
jv7g5nc,Te pide que compres o vendas?,[deleted],merval,1,2023-08-07 17:20:05,t1_jv6dxbg,t3_15kou5k,comment
jv9gq0m,"Pedi que te depositen primero y depsues les pasas los dolares, asi no hay estafa",SSJIN3,merval,1,2023-08-08 02:14:40,t1_jv6dxbg,t3_15kou5k,comment
jv9za0h,O sin organos,CABJTHEBEST4EVER,merval,1,2023-08-08 06:06:25,t1_jv7hp3p,t3_15kou5k,comment
jv6pkmk,Rediturro descubre que las trolas son falsas,DMugre,merval,124,2023-08-07 14:35:00,t1_jv6omfh,t3_15kou5k,comment
jv6znq7,No me la container que las putas no lo hacen por amor,Aleblanco1987,merval,27,2023-08-07 15:37:46,t1_jv6omfh,t3_15kou5k,comment
jv91ioa,Si yo tambien me sorprendi cuando el psicologo me dijo que en realidad no somos amigos,[deleted],merval,15,2023-08-07 23:56:05,t1_jv6omfh,t3_15kou5k,comment
jv7zm1f,"Amigo, desde el momento en que vas a pagar por sexo sabés que eso es lo último que quieren hacer con vos obvio que van a ser falsas.",elglobu,merval,10,2023-08-07 19:23:07,t1_jv6omfh,t3_15kou5k,comment
jv96qts,"Entonces cuando me dijo ""que grande que la tenés amor"" era mentira también? Cómo pueden jugar así con los sentimientos de la gente.",SnideTrash2,merval,7,2023-08-08 00:39:26,t1_jv6omfh,t3_15kou5k,comment
jv736cj,"Las prostitutas eran las de antes. Ahora te muestran un pezón en foto y se hacen millonarias. Muy codiciadas, altaneras y vivas.",Sefalobe1984,merval,-1,2023-08-07 15:59:28,t1_jv6omfh,t3_15kou5k,comment
jv6ousr,"Entonces te van a chorear. Le das una luquita, te dicen che este billete esta manchado no te lo tomo y te encajan uno trucho y se hicieron el negocio ellos.",Viejo_comegatos,merval,17,2023-08-07 14:30:35,t1_jv6nsc5,t3_15kou5k,comment
jv6zdc6,Cuentan con que te lo gastes en ellas amigo. Te vas a sentir un vivo barbaro y vas a querer festejar con un gatulin.,[deleted],merval,8,2023-08-07 15:36:00,t1_jv6nsc5,t3_15kou5k,comment
jv80cgx,"En la película es al revés, DiCaprio le da un cheque falso a la michi y la michi le da el vuelto en billete.",CatadorDeEmpanadas,merval,1,2023-08-07 19:28:05,t1_jv6iyf7,t3_15kou5k,comment
jv7l1s6,"Y la mejor parte, ahora venden dolares",[deleted],merval,9,2023-08-07 17:49:57,t1_jv7e43f,t3_15kou5k,comment
jv6s2ka,"Si, se hacen las finolis de madero estas trolas y son tremenda runfla.",Unfa-6118,merval,5,2023-08-07 14:50:27,t1_jv6p7ui,t3_15kou5k,comment
jv7uqjo,"Yo conozco unas cuantas chicas del rubro, no por ser cliente si no porque son amigas de amigas, y te juro que la mayoría no entiende una mierda de finanzas. Se fué corriendo la voz de que yo ayudaba con ese tema, al principio de onda, y ahora  le llevo la contabilidad y asesoro en inversiones a más o menos 20 chicas. Siempre todo super profesional.  Antes de conocerme varias se iban a miami para poder traer los dólares de onlyfans, un delirio. Varias veces les he cambiado, no a esos precios estratosféricos pero si un 3-5% por arriba de los precios del mercado y nunca tuve problemas. Para ellas es preferible eso que tener que saltar por varias operaciones o irse de viaje. Pero bueno, es diferente el tipo de relación que tenemos que la que pueden tener con un cliente.",Terodius,merval,9,2023-08-07 18:51:02,t1_jv6hsge,t3_15kou5k,comment
jv6jixt,Pero todo deja huella. Tal vez ellas quieren el billete y sin intermediarios.,LeinadAlbert88,merval,13,2023-08-07 13:57:24,t1_jv6hsge,t3_15kou5k,comment
jv6jsww,Aun,billyshearslhcb,merval,6,2023-08-07 13:59:08,t1_jv6g4ci,t3_15kou5k,comment
jv6nc9k,Cámbiale y contanos,el_chatarrero,merval,7,2023-08-07 14:21:17,t1_jv6i5jj,t3_15kou5k,comment
jv6u3h1,Esos son los clientes,Blaxpy,merval,26,2023-08-07 15:02:57,t1_jv6l204,t3_15kou5k,comment
jv8msj1,Che pero por tus comentarios se nota que sos alto incel pedófilo. Esa misoginia con la que hablás de las mujeres te la regalo,elMuffinAzucarado,merval,6,2023-08-07 22:05:31,t1_jv6l0e8,t3_15kou5k,comment
jv6rucn,Necesito algún ig para ir tirando presupuesto jaja,halconnegro2006,merval,2,2023-08-07 14:49:05,t1_jv6qf8g,t3_15kou5k,comment
jv93oel,pagina para encontrarlas?,pipogordosito,merval,1,2023-08-08 00:13:34,t1_jv6qf8g,t3_15kou5k,comment
jv9pfs6,"Hay que pagar todas las semanas para publicar ahí, no es gratis.

En todas las páginas de escort se paga para publicar,  es como mercadolibre o cualquier página sería, ahí está el negocio para ellos.",Unfa-6118,merval,1,2023-08-08 03:57:04,t1_jv91b6x,t3_15kou5k,comment
jv6soat,Nuevo kink desbloqueado,nabael27,merval,22,2023-08-07 14:54:07,t1_jv6mrdw,t3_15kou5k,comment
jv6mrq7,"Depende mucho de que tenes que hacer para mover la guita. No pierdas de vista que es un trabajo de riesgo el de los michis, mas si son independientes.",Foreign-Mango-801,merval,4,2023-08-07 14:17:48,t1_jv6lhov,t3_15kou5k,comment
jv6rzax,"Nunca dije que acepten pesos. Dije: cobran en USD y tienen gastos diarios en pesos. 

Creeme que la mayoria de escort vip aceptan pago por paypal o hacen algo online para cobrar por paypal.

Genreamlente no tienen mucha nocion del mercado financiero, son pendejas de familia crota que estan buenas, tuneadas y se visten bien. Si te hacen un descuento probablemente vuelvas a ir a gastar +200 usd cn ellas.

La piba con la q sali un año, parecia una modelo re cheta con familia en nordelta.. y era la mina mas crota que conoci, mas ignorante y mas drogadicta(cuando fui a csa de sus padres)

Vendia USD y saldo en Paypal. y no estaba en ninguna ""mafia"".",BurningFLOW,merval,17,2023-08-07 14:49:55,t1_jv6reql,t3_15kou5k,comment
jv6nan5,Tengo el pito confundido,BarbaDeMerlin,merval,11,2023-08-07 14:21:01,t1_jv6n32d,t3_15kou5k,comment
jv6q5n4,"A ver, a vos no te aceptan pesos, yo creo que si alguien va con el equivalente en pesos agarra viaje... O sea, por qué no lo va a hacer? Así es como junta pesos que después no sabe cómo y dónde guardarlos.",CandidateDry9133,merval,4,2023-08-07 14:38:36,t1_jv6n32d,t3_15kou5k,comment
jv6fgxl,Quiero info del sitio,suprimee,merval,2,2023-08-07 13:32:04,t1_jv6dog6,t3_15kou5k,comment
jv8dw09,"Siempre dicen eso, que no pueden tirar nombres, pero estás anónimo en Reddit son putas no la KGB, no creo que sepan que fuiste vos. Además cuáles son las consecuencias?? Que te pueden hacer ellas si filtras info ""del negocio""??",MatTargaryen96,merval,1,2023-08-07 21:02:23,t1_jv6uh4k,t3_15kou5k,comment
jv6wkd7,"Si pagaste 400 verdes x garchar, no veo por qué te interesa tanto la opinión de los demás. Pobrá cambiando 100 la próxima a ver q pasa. Puede q la mina desaparezca y no vuelva con el cambio y vos no lo vas a reclamar porque si lo llegas a hacer estoy seguro q te duermen y terminas en la reserva. Puede q te salga bien y sacaste un rédito genial y eso te la pare más q la propia mina q tuviste enfrente.",_JackReacher_,merval,4,2023-08-07 15:18:27,t1_jv6lent,t3_15kou5k,comment
jv6n9it,Igual vos le podes decir al soporte de paypal que te vendio saldo paypal y le terminan bloqueando la cuenta ya que esta prohibido hacer eso y pierde el dinero supuestamente (al menos que tenga un banco extranjero para recibir el dinero),TheIgnacio1,merval,1,2023-08-07 14:20:50,t1_jv6lent,t3_15kou5k,comment
jv8yw5x,"Tendrias que fijarte si los billetes no son falsos,si son verdaderos conseguiste el dolar leche",TheIgnacio1,merval,2,2023-08-07 23:35:28,t1_jv8xg5f,t3_15kou5k,comment
jv8yrqx,[deleted],[deleted],merval,1,2023-08-07 23:34:32,t1_jv6fz92,t3_15kou5k,comment
jv8lt1v,"La respuesta es obvia, te van a estafar o robar. Nadie te regala nada en este mundo, menos una escort.",brunonicocam,merval,2,2023-08-07 21:58:18,t1_jv8l993,t3_15kou5k,comment
jv6sl6h,"Osea te compran a ponele 650? Mira a mi no me parece taaaaaaan raro, (pesos falsos no te van a dar porque no existen hace rato, sale más caro falsificar que el valor nominal). Tené en cuenta que esos gatos ganan en una hora o dos el sueldo mensual de un Gil laburante... perder 40mil pesos les sale más a cuenta que dejar su depto 2 horas hasta hacer el trámite de comprar USD, aparte todo en negruli y con poco riesgos para ella. El único riesgo que puedo imaginar para el que compra es que te queme con un amigo ladrón y te afanen todo a la salida.",elcaposper,merval,2,2023-08-07 14:53:35,t1_jv6qr1k,t3_15kou5k,comment
jv6mwuf,No será que te lo venden a ese precio ?,throwaway275275275,merval,1,2023-08-07 14:18:41,t1_jv6kwsu,t3_15kou5k,comment
jv7ijn6,¿Hicieron cagar a Natacha? ¿Troceaeon al lechuga?,GordoMondiola,merval,5,2023-08-07 17:34:42,t1_jv6uaux,t3_15kou5k,comment
jv7edwq,"ahora nos dejas con la duda pa, si ya te lo revelaron para que preguntas?",Aereon1104,merval,2,2023-08-07 17:09:17,t1_jv6uaux,t3_15kou5k,comment
jv7z631,"Es tu guita, gastala como quieras, pero ser una influencer de instagram no es ser ""famosa"".",Dungold,merval,4,2023-08-07 19:20:12,t1_jv7xwpw,t3_15kou5k,comment
jv931lz,"Que ambiente el de estas minas mamadera, una cosa es dejarse garchar por guita pero esto es mucho más turbio",StyleCareful134,merval,2,2023-08-08 00:08:23,t1_jv8fvw2,t3_15kou5k,comment
jv6jqxs,"Pero el que va a cambiar le van a hacer la cabeza para que pase con alguna y al revez, como fue tu caso. Debe ser para atraer nuevos posibles clientes. Igual algún trasfondo turbio hay seguro.",Cosmic_Barrilet,merval,2,2023-08-07 13:58:47,t1_jv6j6oi,t3_15kou5k,comment
jv7giod,cambía y probá,DobbMeep,merval,1,2023-08-07 17:22:19,t1_jv6nz1p,t3_15kou5k,comment
jv83zjn,"Entiendo.

Hay algunas recomendaciones o consejos que le darías a alguién que no entro a ese mundo pero que le gustaría probar en algún futuro? (Cosas que preguntar o percatarse, etc)

Pd: Algo que podrías hacer, si es que no lo hiciste ya, es calcular el retorno de inversión que te dejaría en caso de funcionar y ver si del dinero que tenes en tu poder realmente representa una cifra significativa ó si te termina saliendo rentable la adquisición de experiencia en caso de no funcionar. (Pienso que siendo una posibilidad de negocio excepcional, puede valer la pena a la perdida)

Esto ya lo sabrás, pero por si acaso, incluso aunque funcione, yo no operaría con asiduidad, por el hecho de que pueda existir una red entre las escorts que frecuentas.",[deleted],merval,1,2023-08-07 19:53:05,t1_jv828sn,t3_15kou5k,comment
jv6gxkz,"Podés preguntarles. Además no es tanto más, es 10% más nada más aprox por lo que dijiste. Capaz es una trampa, capaz es una conveniencia porque les sirve el dólar que obtienen por ese método, capaz es un negocio xq yo que sé, no estoy en esa.",whatgives86,merval,6,2023-08-07 13:41:11,t1_jv6gez0,t3_15kou5k,comment
jv8ribh,"> Se ve que las mujeres argentinas en general cobran como en capitales de Europa pero son hechas de plástico, parecen trabas u hombres y encima son tontas y afanadoras.

Bien por vos campeón, pero talvez  las de 150 o 200 de Arxp valgan la pena, aun así esta mejor Brasil o Paraguay para este asunto en mi opinion. Por lo menos no cobran tanto como en Chile que tiene una pero relacion Calidad/Precio que argentina pero bueh...",vela4750,merval,1,2023-08-07 22:40:01,t1_jv8qfqj,t3_15kou5k,comment
jv8dulf,"Vos mismo presentas una historia donde no podes reconocer indicios obvios de estafa cuando tratas con marginales motivado por tu disfunción sexual. Que querés, que te aplauda?",[deleted],merval,-2,2023-08-07 21:02:07,t1_jv7y9e5,t3_15kou5k,comment
jv6v0ym,"Si cobran 100 dólares es ""Sólo acepto un billete de 100 dólares americanos crocantes y sonantes"" o toman otra moneda, como pesos/reales al cambio.",Jauretche,merval,0,2023-08-07 15:08:46,t1_jv6ufcu,t3_15kou5k,comment
jv7n5zx,Te la das de pija grande y adinerado y pagas putas de 500 dólares. No sé si sentir lástima o reírme,SopaPyaConCoca,merval,9,2023-08-07 18:02:53,t1_jv7maw0,t3_15kou5k,comment
jv70u1r,[deleted],[deleted],merval,-1,2023-08-07 15:45:01,t1_jv6zmhh,t3_15kou5k,comment
jv776ju,"Ya probé, no funciona :/",Imaginary_Passage431,merval,2,2023-08-07 16:24:30,t1_jv6x5sb,t3_15kou5k,comment
jv6zfwt,"Bueno, eso es lo que más lo hace tener pinta de estafa, como dijiste boludas no son, si no ves por qué lo hacen mejor no caer parece",pplcs,merval,2,2023-08-07 15:36:26,t1_jv6yrvb,t3_15kou5k,comment
jv793bn,"Buenos gatos posta son?

La verdad",djdkkskss,merval,1,2023-08-07 16:36:33,t1_jv729ns,t3_15kou5k,comment
jv809s9,Algún consejo para detectar gatitos en insta?,elpepeargento,merval,1,2023-08-07 19:27:36,t1_jv7yji9,t3_15kou5k,comment
jv83q3k,Sos alto vicioso jajaj,[deleted],merval,1,2023-08-07 19:51:17,t1_jv82jvf,t3_15kou5k,comment
jv8axqy,"No lo digo por la guita en sí, sino porque te la bajen tratando de convencer de vender o comprar dolares en el medio de la sesión",guillote1986,merval,1,2023-08-07 20:41:26,t1_jv8agbj,t3_15kou5k,comment
jv7y3y7,Precio?? Un amigo pregunto,Most-Vast9053,merval,1,2023-08-07 19:13:05,t1_jv72zqy,t3_15kou5k,comment
jv7fwl9,Dólar chechona,[deleted],merval,8,2023-08-07 17:18:32,t1_jv6qe1m,t3_15kou5k,comment
jv6hjrj,"Si, lo se, por eso pregunto si tuvieron exp y si son confiables estas pendejas. 

Pero estoy tratando de encontrar donde esta la trampita en esto...",Unfa-6118,merval,15,2023-08-07 13:45:03,t1_jv6h244,t3_15kou5k,comment
jv6xgex,incluso tal vez lo estén grabando sin que lo sepa para luego amenazarlo/extorsiolarlo,CreativeDimension,merval,6,2023-08-07 15:23:58,t1_jv6h244,t3_15kou5k,comment
jv7gqy5,"Las 2, pero si me compran dólares lo hacen a $650 y si me los venden, lo hacen al precio de mercado.
 
Sin lógica alguna.",Unfa-6118,merval,3,2023-08-07 17:23:42,t1_jv7g5nc,t3_15kou5k,comment
jv9ocov,"No son tontas, quieren todo por adelantado ellas, hasta por el pago de sus servicios sexual, sino no te muestran ni 1 teta.",Unfa-6118,merval,1,2023-08-08 03:43:31,t1_jv9gq0m,t3_15kou5k,comment
jv6satq,"No puedo creer que una persona que trabaja ofreciendo relaciones sexuales pida plata para efectivamente proveer ese servicio, me parece descabelladísimo que no le quieran hacer el favor al pobre OP que es un tipazo. /s",Tank_Gloomy,merval,67,2023-08-07 14:51:50,t1_jv6pkmk,t3_15kou5k,comment
jv86kzo,me estas diciendo que pague por sexo a una mujer que no me ama?,germanxger,merval,11,2023-08-07 20:11:02,t1_jv6pkmk,t3_15kou5k,comment
jv70yb2,"No, pero algunas son muy mangueras, extras por todo piden y es irrespetuoso.",Unfa-6118,merval,-3,2023-08-07 15:45:45,t1_jv6pkmk,t3_15kou5k,comment
jv80k36,"A muchas les sale natural, porque son profesionales y transpiran la camiseta de verdad.
 
Te hacen sentir como si fueras tu pareja de toda la vida.",Unfa-6118,merval,1,2023-08-07 19:29:29,t1_jv7zm1f,t3_15kou5k,comment
jv9ojx9,"Mientras te diga lo que queres escuchar y te haga sentir bien, todo sirve.",Unfa-6118,merval,1,2023-08-08 03:46:02,t1_jv96qts,t3_15kou5k,comment
jv6rxlv,"Puede ser, pero es una jugarreta muy berreta, no creo que sean tan básicas. 

Tampoco me dejaría robar así, vería muy bien los billetes que me dan.",Unfa-6118,merval,6,2023-08-07 14:49:38,t1_jv6ousr,t3_15kou5k,comment
jv801mt,"Si, ninguna puede justificar nada, la mayoría ni un monotributo paga.

Yo creo que el día que la AFIP se ponga seria con el tema de las escorts y sobre todo vips, terminamos con el déficit fiscal en argentina jaja.",Unfa-6118,merval,1,2023-08-07 19:26:05,t1_jv7uqjo,t3_15kou5k,comment
jv6kdol,"Pero sigue sin cerrar, que lógica tiene, situación:

\- Le vendo 1.000 dolares a 650$ como me ofrecieron (el viernes).

\- Me dan $650.000 pesos.

\- Dolar mas caro turista $585.

No le veo sentido, ademas para que quieren ellas los dolares y mas a ese precio ridículo, pierden una montaña de plata en cada operación y mientras mas grande el monto, mas pierden...",Unfa-6118,merval,9,2023-08-07 14:02:47,t1_jv6jixt,t3_15kou5k,comment
jv6pj2i,Busco otro que lo haga y que me cuente.,Unfa-6118,merval,-1,2023-08-07 14:34:44,t1_jv6nc9k,t3_15kou5k,comment
jv76l9h,Eso es intimidad de los clientes,pablojunin,merval,7,2023-08-07 16:20:52,t1_jv6u3h1,t3_15kou5k,comment
jv9j0ul,"disculpa que el que paga por escorts no
sea feminista aliade jajajaja",HeaTxTM,merval,11,2023-08-08 02:39:51,t1_jv8msj1,t3_15kou5k,comment
jv8xoq1,Es que lo es. Quien paga por escorts,LaTienenAdentro,merval,2,2023-08-07 23:26:08,t1_jv8msj1,t3_15kou5k,comment
jv6zs52,"En la página que mencioné hay muchas famositas de IG x 400 dólares, podrías arrancar x ahí.",Unfa-6118,merval,5,2023-08-07 15:38:32,t1_jv6rucn,t3_15kou5k,comment
jv9p8i1,Pone en Google y sale en 1er lugar....,Unfa-6118,merval,1,2023-08-08 03:54:32,t1_jv93oel,t3_15kou5k,comment
jv6smkv,"Se ve que nunca pagaste una escort vip en tu vida. Ninguna acepta pesos, se te cagan de la risa si vas con ellos.

Mira si una puta se va a poner a contar billete por billete, si le pagas $700.000 en vez de su equivalente a dolares que son 12 papelitos.",Unfa-6118,merval,2,2023-08-07 14:53:50,t1_jv6q5n4,t3_15kou5k,comment
jv6glie,Busca en google esas palabras y salta en las 1eras busquedas....,Unfa-6118,merval,4,2023-08-07 13:39:05,t1_jv6fgxl,t3_15kou5k,comment
jv9pz2a,"Soy perfil bajo, no quiero revuelo ni desvirtuar la conversación.",Unfa-6118,merval,1,2023-08-08 04:03:45,t1_jv8dw09,t3_15kou5k,comment
jv70niv,"El minimo que me piden don usd 1.000 dolares para cambiar, es bastante para arriesgar, no son solo 100$.",Unfa-6118,merval,0,2023-08-07 15:43:55,t1_jv6wkd7,t3_15kou5k,comment
jv6pork,"La tienen claras estas pendejas, saben lo que hacen, ya hicieron la jugada varias veces...",Unfa-6118,merval,1,2023-08-07 14:35:42,t1_jv6n9it,t3_15kou5k,comment
jv9qb6t,Jaja.,Unfa-6118,merval,1,2023-08-08 04:07:57,t1_jv8yw5x,t3_15kou5k,comment
jv9qdwf,"Y tentador. Hasta ahora nadie me dio una razón lógica, que intriga.",Unfa-6118,merval,1,2023-08-08 04:08:54,t1_jv8yrqx,t3_15kou5k,comment
jv8qm4x,Lo se.,Unfa-6118,merval,1,2023-08-07 22:33:25,t1_jv8lt1v,t3_15kou5k,comment
jv7f42g,"1 vez cada tanto puede ser, pero hacerlo frecuentemente todos los días, pierden una fortuna, no se explica.",Unfa-6118,merval,1,2023-08-07 17:13:42,t1_jv6sl6h,t3_15kou5k,comment
jv6o7yj,Compran y venden. Tambien canjean saldo paypal y otras cosas....,Unfa-6118,merval,2,2023-08-07 14:26:40,t1_jv6mwuf,t3_15kou5k,comment
jv7lcko,"No me confirmaron nada, solo me dijeron un dato, pero ni da pasarlo.",Unfa-6118,merval,1,2023-08-07 17:51:47,t1_jv7edwq,t3_15kou5k,comment
jv87geq,"Es ser famosa lo que es hoy en día eso. 

Que crees que son famosas, solo las chicas de tv o revista que ya tienen 50 años.?

El mundo cambio.",Unfa-6118,merval,1,2023-08-07 20:17:07,t1_jv7z631,t3_15kou5k,comment
jv6ln7h,"Si, seguro. 

Pero siento que actúan como una red organizada. 

Varias de 1 dia para el otro empezaron con esta oferta de dolares, soy cliente de varias y nunca me ofrecieron antes esto y todas comenzaron al mismo tiempo.",Unfa-6118,merval,2,2023-08-07 14:10:42,t1_jv6jqxs,t3_15kou5k,comment
jv7i3c2,"Es mucho tirar usd 1.000 y perderlos, a sabiendas que hay algo turbio atrás casi seguro.",Unfa-6118,merval,1,2023-08-07 17:31:58,t1_jv7giod,t3_15kou5k,comment
jv6hbee,"Les pregunte por que ese tipo de cambio y me respondieron con evasivas y sonrisitas las pibas, muy desconfiables todo... mucho no les da pobre.",Unfa-6118,merval,1,2023-08-07 13:43:36,t1_jv6gxkz,t3_15kou5k,comment
jv6z15t,Ni 1 sola escort vip acepta pesos x sus servicios. Solo dólares en Cash.,Unfa-6118,merval,2,2023-08-07 15:33:53,t1_jv6v0ym,t3_15kou5k,comment
jv7fgn3,Pero esos no tienen la gran oferta que me hacen estas minas.,Unfa-6118,merval,1,2023-08-07 17:15:50,t1_jv70u1r,t3_15kou5k,comment
jv7fu6o,"Son caras y famosas, pero cada tanto te comes un piletazo sin agua y duele por que es mucha plata.

Por lo general, te atienden bien y más si sos reincidente, le agarran como una especie de amor hacia vos.",Unfa-6118,merval,3,2023-08-07 17:18:08,t1_jv793bn,t3_15kou5k,comment
jv87vyw,"Todas son amigas entre ellas y comparten el mismo oficio.
 
Solo fíjate con quien se sigue y se junta y muy fácil te vas a dar cuenta. 

Además todas son provocativas, ligeras de ropa y sobre todo ninguna trabaja, ni trabajo jamás para tener el estilo de vida que llevan.",Unfa-6118,merval,2,2023-08-07 20:20:06,t1_jv809s9,t3_15kou5k,comment
jv8brmi,"Si, eso terrible.",Unfa-6118,merval,1,2023-08-07 20:47:19,t1_jv8axqy,t3_15kou5k,comment
jv8fy22,Es para un trabajo práctico de la facultad?,Sefalobe1984,merval,1,2023-08-07 21:16:44,t1_jv7y3y7,t3_15kou5k,comment
jv6i6u2,los deben generar afuera y es medfio garron entrarlos limpios asi que te los tercerizan por billete a sus amigueros,marianoarcas,merval,22,2023-08-07 13:49:05,t1_jv6hjrj,t3_15kou5k,comment
jv73kk2,"Si... hay unas cuantas que sospecho seriamente que hacen eso, por su modo de ser y actuar.. no me sorprendería.",Unfa-6118,merval,3,2023-08-07 16:01:57,t1_jv6xgex,t3_15kou5k,comment
jv7w380,"Y probá, si te compran a 650 vas a una cueva a comprar más dólares y haces tremendo rulo ad Infinitum... Es sospechoso no te lo voy a negar.",[deleted],merval,5,2023-08-07 18:59:46,t1_jv7gqy5,t3_15kou5k,comment
jv70jiz,un amigo me contó que iba con una los domingos a la mañana y aveces la acompañaba al pasear el perro y una vez se quedo a almorzar pq la madre de la piba le había dado mucho guiso de lentejas,roberp81,merval,28,2023-08-07 15:43:15,t1_jv6satq,t3_15kou5k,comment
jv73mib,"Lo mejor es no contratar escort. Son nenas de papa y lo hacen por guita porque son interesadas y le gustan la plata. Representan a la gran mayoría de las mujeres que quieren estar con un tipo que las mantengan toda la vida con casa, lujos, vestimentas y joyas. Y si se aburren, enseguida les meten los cuernos con otro que es el pata de lana.",Sefalobe1984,merval,-11,2023-08-07 16:02:18,t1_jv6satq,t3_15kou5k,comment
jv88yd5,"Debería hacerlo, al menos x 1 hora que pagaste. 

Sino el cliente no va a volver y es peor para ella, mejor es que te mientan.",Unfa-6118,merval,0,2023-08-07 20:27:28,t1_jv86kzo,t3_15kou5k,comment
jv8m5pn,"Y sí pa, estan poniendo el cuerpo para que un gordo frutero se las coja, minimo honralas y tirale más mangos

Ellas ponen el precio y el cuerpo, vos la plata. El que termina aceptando sos vos",Gus7ab0,merval,8,2023-08-07 22:00:51,t1_jv70yb2,t3_15kou5k,comment
jv74jcp,"La posta no se como se maneja una prosti por que jamás consumi ni pienso consumir prostitución, pero me parece lógico que te pidan un extra por cada chanchada que le pidas hacer...si no levantante una flaca como una persona normal y listo.",DMugre,merval,6,2023-08-07 16:08:01,t1_jv70yb2,t3_15kou5k,comment
jv81kx2,No hay chances que pague por sexo y no esté pensando en que esa persona lo único que quiere es que me vaya de ahí. Se ve que mi morbo se muere cuando hay dinero de por medio...,elglobu,merval,9,2023-08-07 19:36:31,t1_jv80k36,t3_15kou5k,comment
jv6ykrk,Proba...,Viejo_comegatos,merval,2,2023-08-07 15:31:00,t1_jv6rxlv,t3_15kou5k,comment
jv8v9z7,"Yo le hice monotributo a varias pero otras no quieren saber nada, prefieren manejar todo cash.",Terodius,merval,1,2023-08-07 23:07:54,t1_jv801mt,t3_15kou5k,comment
jv6muvs,"Lo único que se me ocurre es que luego de la venta, vos te vas con un bolso con más de medio millón de pesos y re marcado para que te lo roben en algún momento.",Federal-Ad2560,merval,34,2023-08-07 14:18:21,t1_jv6kdol,t3_15kou5k,comment
jv6leul,"Para mí que te olvidas del factor tiempo. Deben manejar mucha guita y no les debe afectar regalar 65mil pesos si reciben el billete verde al toke, anda a saber vos si la mina tiene las ganas y capacidad de armar tooodo el esquema para conseguir el cambio competitivo que vos mencionas. Tal vez la mina solo quiere coger (y es buena en eso) y billete en efectivo al toke. 
Capaz la guita es para ayudar a la familia, comprarse un lugar propio, falopa, y un montón de cosas que a vos no te interesa si al final de la cuenta SOS vos el que gana con la operación. Salvó que termines como rompecabezas como le pasó al lechuga je",mozartxs,merval,17,2023-08-07 14:09:15,t1_jv6kdol,t3_15kou5k,comment
jv7eqn6,"Ojo que si tienen contactos de alto calibre andan sabiendo que se va todo a la mierda y a 650 le cierra el numero, a parte de que puede que dejen guita registrada por dólares billete y sin registro. A modo de ahorro y a 650 si me sobran pesos que no se donde poner es negocio..  
 Yo tengo una amiga que la mamá trabaja con un político de renombre, y suele surgir la casualidad de que justo días antes de irse todo al pasto siempre me comenta que busca dólares jaja. Es como mi alarma de que algo se viene.  


 Si tienen convenio con cuevas o arbolitos puede ser el mismo caso, está todo muy embarrado, muchos le compran pero nunca escuche alguien que le venda billetes salvo turistas, siempre es algun tipo de cambio a billetes, cripto, paypal, lo que sea y de algún lado los tienen que sacar a los billetes que entregan jaja.",ContributionLucky693,merval,0,2023-08-07 17:11:26,t1_jv6kdol,t3_15kou5k,comment
jv7hrt3,"Por ahí te pagan con scams, no bajan 650k suyos",twindracos,merval,1,2023-08-07 17:29:59,t1_jv6kdol,t3_15kou5k,comment
jv7nacy,Rancio,Fedoteh,merval,1,2023-08-07 18:03:40,t1_jv6pj2i,t3_15kou5k,comment
jv757gg,"Arxr? Messirve, si consigo una decente te aviso. Mínimo 150 mil seguidores quiero",halconnegro2006,merval,3,2023-08-07 16:12:11,t1_jv6zs52,t3_15kou5k,comment
jv6t3sy,"No, nunca pagué ni lo pienso hacer... Entonces cómo tiene esa cantidad de pesos para cambiar miles por día? Porque a vos te dijo mínimo mil... Así que de algún lado le llegan, lo más seguro es que sea de su trabajo.",CandidateDry9133,merval,3,2023-08-07 14:56:47,t1_jv6smkv,t3_15kou5k,comment
jv8r1vr,"1k verde escort vip... no tenés ni idea, pobre.",Trolenciomartinez,merval,1,2023-08-07 22:36:39,t1_jv6smkv,t3_15kou5k,comment
jv6j076,[deleted],[deleted],merval,3,2023-08-07 13:54:06,t1_jv6glie,t3_15kou5k,comment
jv84ogz,"Igual mostro si pagas 900usd por un polvo... que te caguen con 1000usd es lo mismo.
En definitiva... las escort son, en general, basura, que tienen dinero fácil y tienen amigos hombres que también hacen dinero fácil pero de otras maneras.
Nunca confíes en una prostituta. 
Lo que ella quiere es que le digas tengo 15mil usd o tengo 50mil usd... y ahí te hace pelota, te lo digo x experiencia. 
No entiendo como tenes tanta plata todavía si elegís confiar en una trola. La plata nunca la manejes con gente que maneja plata fácil. 
JAMÁS. 
Nunca confíes en nadie, menos en un ladrón.",chiriwili,merval,7,2023-08-07 19:57:53,t1_jv6pork,t3_15kou5k,comment
jv81r4t,PASA EL DATO POR MP OP,[deleted],merval,2,2023-08-07 19:37:42,t1_jv7lcko,t3_15kou5k,comment
jv8mm0f,"Si son famosas de verdad no se queman prostituyendose públicamente por páginas de internet con extraños. Las famosas de verdad que hacen escorting es todo de boca a boca con gente con contactos. 

Lo que vos hablas son ""famosas"" de instagram. Si a alguien que pasa mucho tiempo en las redes le mostras la foto de la ""famosa que te comiste"" te pueden decir ""ah sí la vi en algún reel"". Ahora agarrá a una persona cualquiera en la calle y no va a tener ni idea quien es. Que tenga miles o millones de seguidores en una página global con miles de millones de personas la verdad no la hace muy famosa en el sentido de estar en el común de la gente.

El mundo cambió, pero lo de que te estás comiendo una ""famosa"" es un relato para que gastes 500 dólares la hora en una escort que suelen tener los peores servicios.",Dungold,merval,3,2023-08-07 22:04:12,t1_jv87geq,t3_15kou5k,comment
jv70ksw,ay ay ay el bimonetarismo nos mata,Jauretche,merval,1,2023-08-07 15:43:27,t1_jv6z15t,t3_15kou5k,comment
jv7intk,"Famosas como quien? En la pagina no vi ninguna, ampliame un poco por mensaje de ultima que me interesa",djdkkskss,merval,2,2023-08-07 17:35:25,t1_jv7fu6o,t3_15kou5k,comment
jv7318l,Se me ocurre eso. Los deben generar cogiendose  a los árabes cuabdo van a qatar o dubai,[deleted],merval,13,2023-08-07 15:58:36,t1_jv6i6u2,t3_15kou5k,comment
jv6iiai,"Pero hay dolares muchos mas baratos para hacer esa operación y ademas no todas tienen onlyfans o esas clases de app, que facturen en el extranjeros.",Unfa-6118,merval,6,2023-08-07 13:51:03,t1_jv6i6u2,t3_15kou5k,comment
jv816a4,"Si, podría vivir de eso. Imagínate me pagarían literalmente para ir a cojer jaja.",Unfa-6118,merval,5,2023-08-07 19:33:44,t1_jv7w380,t3_15kou5k,comment
jv7tkpv,Donde se encuentran asi?,SalaBit,merval,1,2023-08-07 18:43:31,t1_jv70jiz,t3_15kou5k,comment
jv7413l,"Y si, las prostitutas lo hacen por guita, si no serian como tu hermana.",DMugre,merval,36,2023-08-07 16:04:50,t1_jv73mib,t3_15kou5k,comment
jv74dp6,"Estás proyectando una banda chabón, qué cuernos si literalmente se prostituye? XD",Tank_Gloomy,merval,16,2023-08-07 16:07:02,t1_jv73mib,t3_15kou5k,comment
jv77t8g,"Si arreglas un precio de entrada, no te puede andar pidiendo extras x cada cosa que queres hacer, rompes todos los códigos de 1 puta con códigos.",Unfa-6118,merval,3,2023-08-07 16:28:32,t1_jv74jcp,t3_15kou5k,comment
jv89492,"No todos somos iguales por suerte.

De todas manera te digo que a muchas les gusta su oficio.",Unfa-6118,merval,0,2023-08-07 20:28:37,t1_jv81kx2,t3_15kou5k,comment
jv757nf,"No quiero ser un pavo, que me roben sabiendo que iba a pasarme eso.

Por eso pregunto si ya tuvieron alguna exp para no clavarme y ganar algo de plata extra cuando voy a las cariñosas.",Unfa-6118,merval,-1,2023-08-07 16:12:13,t1_jv6ykrk,t3_15kou5k,comment
jv9ozxm,"Son cuadradas, no les da pobre. Tienen que agradecer que nacieron lindas.

Solo sirven para meterse pitos en la boca a cambio de dólares y subir fotos en Ig..",Unfa-6118,merval,1,2023-08-08 03:51:34,t1_jv8v9z7,t3_15kou5k,comment
jv6udhd,"Yo iba a comentar algo muy similar, xq te llega a pasar eso a vos o a cualquiera y no creo q ninguno se anime a hacer la denuncia. “Hola sí, vengo a denunciar q me robaron un bolsito de dinero cuando salí de coger. Y por qué llevaba ese bolsito en ese momento? Porque la gatita también ofrece servicio de arbolito. Ah ok osea q funciona como doble cueva”. Marche preso!!!",_JackReacher_,merval,25,2023-08-07 15:04:43,t1_jv6muvs,t3_15kou5k,comment
jv6ng1u,Esa puede ser una potencial explicación.,Unfa-6118,merval,9,2023-08-07 14:21:54,t1_jv6muvs,t3_15kou5k,comment
jv87d8p,"Esta es la unica que le veo. Pero despues sabes donde opera la trola, podes caerle ahi nomas, no me gusta. 
Es mega sospechoso, nadie dio una rta logica hasta ahora.",CoupleOfBitches,merval,1,2023-08-07 20:16:30,t1_jv6muvs,t3_15kou5k,comment
jv6mafd,"Si pero entendés que si la lógica que proponen es traer la plata que tiene afuera, que obviamente van a ser dolares NO pesos, no se para que quiere comprar mas dolares si estarían buscando pesos...

Y por sus servicios sexuales, solo aceptan dolares, no le encanjan pesos.",Unfa-6118,merval,3,2023-08-07 14:14:49,t1_jv6leul,t3_15kou5k,comment
jv7ei2v,"Tranqui, ahi la tenes fácil, mientras tengas la plata....

Yo el viernes pase con una de 370k de seguidores en iG, no sabes lo trola que era.

La partí como un queso a la pendeja, le detone la cola.",Unfa-6118,merval,9,2023-08-07 17:09:59,t1_jv757gg,t3_15kou5k,comment
jv70ai2,"Es lo que supones, pero te digo que no aceptan pesos, clarito.",Unfa-6118,merval,1,2023-08-07 15:41:42,t1_jv6t3sy,t3_15kou5k,comment
jv9pql2,"Eso valen en nuestro pais, ninguna te cobra más de eso. 

En Londres seguramente será más alto 1 escort vip, pero acá ese monto es super vip.

Si te piden más, es por que sos un viejo con cara de pavo y muy feo.",Unfa-6118,merval,2,2023-08-08 04:00:49,t1_jv8r1vr,t3_15kou5k,comment
jv8x5dt,[deleted],[deleted],merval,0,2023-08-07 23:22:02,t1_jv8r1vr,t3_15kou5k,comment
jv6jjhl,ArXp....,Unfa-6118,merval,8,2023-08-07 13:57:29,t1_jv6j076,t3_15kou5k,comment
jv9q5xl,"No es lo mismo que te caguen con $1.000 usd, que dar $900 usd y disfrutar seguro.

Jamás puse que confío en una trola y menos de una cartelera de IG, que se muy bien que son todas interesadas come billeteras.",Unfa-6118,merval,0,2023-08-08 04:06:08,t1_jv84ogz,t3_15kou5k,comment
jv84upn,"Si, pasalo por MP",Aereon1104,merval,1,2023-08-07 19:59:04,t1_jv81r4t,t3_15kou5k,comment
jv9ridq,"Para mi lo es, una mina que tiene tantos seguidores en sus redes.

También he estado con varias famosas de tv, que no publican en la web y muchas de esas hoy en día están casada y se hacen las boludas sobre su pasado en el puterio como todas...",Unfa-6118,merval,1,2023-08-08 04:23:17,t1_jv8mm0f,t3_15kou5k,comment
jv7fawu,"Putas, pero no boludas..",Unfa-6118,merval,2,2023-08-07 17:14:51,t1_jv70ksw,t3_15kou5k,comment
jv7kyxb,"Muchas fotos están pixeleadas o con pelucas, hasta photoshop que borran algunos tatuajes muy buchones y que hacen fácil de identificar quienes son...

Hay 1 de esas píbas turbia, una tal DF, que fue la que estuvo en el depto del empresario ese que hubo quilombo ahí en recoleta y se mato una brasileras después de una noche loca de drogas y sexo y si prodtitutas, por más que nieguen que laburaban de eso.

En la pag esta, publica con peluca y pixeleada, cobra 300 dólares la hora.",Unfa-6118,merval,2,2023-08-07 17:49:29,t1_jv7intk,t3_15kou5k,comment
jv7nilj,"Vos sabes que hay una periodista deportiva Mel... Mor... o mejor dicho ya ex periodista que se la pasa ahora viajando por todo el mundo viviendo la gran vida, y no hace mucho era periodista que no le alcanzaba ni para el bondi y alquilaba.

Ahora rata hace tiempo en Europa y ahora dubai vaya saber uno haciendo que cosa....

También hay otra periodista deportiva o ex, Ivn.. Nd.., que está vive ahora en México, pero tengo  confirmado que Gatea porque me la coji un par de veces acá en Argentina.

Todas putas..",Unfa-6118,merval,14,2023-08-07 18:05:06,t1_jv7318l,t3_15kou5k,comment
jv6nc6c,"Podría ser que estas minas trabajen con extranjeros/turistas y les cobren por Paypal? Y que te estén ofreciendo el saldo de PayPal a cambio de pesos?

La de cambiar billetes me suena turbina (porque podrían usar una cueva como cualquier hijo de vecino) pero esto no me parece taaan loco",Bright-Skin8268,merval,7,2023-08-07 14:21:16,t1_jv6iiai,t3_15kou5k,comment
jv6iykz,"Entonces será el nuevo sistema de carga de perejiles no lo sé parece rari más si es algo tipo pay pal que es todo medio en blanco, otra cosa sería que te depositen btc",marianoarcas,merval,9,2023-08-07 13:53:50,t1_jv6iiai,t3_15kou5k,comment
jv7ew1n,Ig de la hermana,Primary_Database_765,merval,9,2023-08-07 17:12:21,t1_jv7413l,t3_15kou5k,comment
jv7m6kq,Pero si dijiste que verías muy bien los billetes que te darían,SopaPyaConCoca,merval,1,2023-08-07 17:56:48,t1_jv757nf,t3_15kou5k,comment
jv7tmja,There's no free lunch,Viejo_comegatos,merval,1,2023-08-07 18:43:52,t1_jv757nf,t3_15kou5k,comment
jv7504j,Irónicamente el unico delito en Argentina en este caso es comprar dolares. La prostitución como acuerdo entre privados es legal.,Interesting-Dream863,merval,12,2023-08-07 16:10:55,t1_jv6udhd,t3_15kou5k,comment
jv79qe6,No veo como es diferente a salir de una cueva,raspberrytaxi,merval,6,2023-08-07 16:40:32,t1_jv6udhd,t3_15kou5k,comment
jv75chf,"A mi entender como es plata fácil con tal de hacerse de dolares no les importa perder con el cambio porque no la van a gastar aca. Vienen a recaudar y se van a otro (su?) pais.

Pero que se yo.",Interesting-Dream863,merval,1,2023-08-07 16:13:05,t1_jv6ng1u,t3_15kou5k,comment
jv89k5f,"Si, muy turbio todo como se manejan las escorts hoy en día, cada vez peor.",Unfa-6118,merval,1,2023-08-07 20:31:43,t1_jv87d8p,t3_15kou5k,comment
jv6o57l,"Ya te han dado un montón de respuestas y vamos al grano, cuánta importancia le vas a dar si solo vas a coger? O querés ser parte del negocio y convertirte en un   proxeneta (? Si a la mina le sirve, problema de la mina (capaz vos no podés entender el valor que la mina le da a la guita). Va a ser un problema para vos si te dan billetes truchos, o el saldo Paypal no te llegue, o termines como rompecabezas por hacer preguntas que no son de tu incumbencia je 
Si me decís a mi, es un plus que ofrezcan otros servicios, es como cuando busco cargar la sube y de paso me llevo una chicles,  unos puchos + una coca. Todo en uno. Pero no voy a estarle rompiendo las bolas al kiosquero si le rinde tener la estación para recarga de sube por qué se que no le rinde, pero ahí la tiene, para que la gente se lleve unas cosas al paso.",mozartxs,merval,12,2023-08-07 14:26:12,t1_jv6mafd,t3_15kou5k,comment
jv7xdb2,[deleted],[deleted],merval,1,2023-08-07 19:08:10,t1_jv7ei2v,t3_15kou5k,comment
jv76fna,"y si la tarifa en pesos es ponele 50% mas que en dolares, te ofrecen 10% para sacarse los crocantes y quedan con el 40% ... cambiale los porcentajes a tu gusto",rdbdl,merval,5,2023-08-07 16:19:53,t1_jv70ai2,t3_15kou5k,comment
jv9pndu,Depende cuál tipo de cambios de los 12 existente o mas tomes.,Unfa-6118,merval,1,2023-08-08 03:59:42,t1_jv8x5dt,t3_15kou5k,comment
jv6w7jm,"Che, pero parecen igual de cascoteadas que en otros sitios, solo que acá tienen un vestido más caro y la tanga no está percudida.",GordoMondiola,merval,9,2023-08-07 15:16:12,t1_jv6jjhl,t3_15kou5k,comment
jv6t9od,Así tal cual?,AtiendoDolobus,merval,2,2023-08-07 14:57:48,t1_jv6jjhl,t3_15kou5k,comment
jv7g9sh,hay trapitos?,DobbMeep,merval,0,2023-08-07 17:20:47,t1_jv6jjhl,t3_15kou5k,comment
jv881jv,"No, no insistan es heavy.",Unfa-6118,merval,2,2023-08-07 20:21:10,t1_jv84upn,t3_15kou5k,comment
jv7qt28,"dubai portal potty, de una",RealOngoBoingo,merval,5,2023-08-07 18:25:44,t1_jv7nilj,t3_15kou5k,comment
jv7tyxc,Meltran?,[deleted],merval,1,2023-08-07 18:46:05,t1_jv7nilj,t3_15kou5k,comment
jv8e5le,Mel...Mor... o Mel...Mar...?,StyleCareful134,merval,1,2023-08-07 21:04:16,t1_jv7nilj,t3_15kou5k,comment
jv6oxbr,"Mira si un extranjero va pagar con paypal, los servicios de una escort sudamericana..... llevan dolares en mano y mucho mas fácil y se ahorran muy posibles comisiones por el uso de pagos internacionales.",Unfa-6118,merval,1,2023-08-07 14:31:01,t1_jv6nc6c,t3_15kou5k,comment
jv6ly8j,"Son traicioneras, trepadoras y depredadoras estas minas de instagram, no son lo que parecen..",Unfa-6118,merval,-2,2023-08-07 14:12:40,t1_jv6iykz,t3_15kou5k,comment
jv6pasy,"Yo siempre que fui, fui directo al servicio sexual, no sabia que ofrecían cambios, me entere ahí en el momento y fueron situaciones muy densa con las pibas que me lo ofrecían insistentemente, como queriéndome encajar algo raro, no soy pavo.",Unfa-6118,merval,1,2023-08-07 14:33:21,t1_jv6o57l,t3_15kou5k,comment
jv7zgn8,"Si sabes quien es, la buscas en ig antes.

Acá en el rubro, nos conocemos todos.

No hace falta verle la cara las minas que publican con cara pixeleadas x que con sus cuerpos, o tatuajes te das cuenta al toque de quien se trata.",Unfa-6118,merval,2,2023-08-07 19:22:08,t1_jv7xdb2,t3_15kou5k,comment
jv7mkgu,OP tiene una pinta de estar en tremendo viaje lisergico y de no haber tocado una teta en su vida...,SopaPyaConCoca,merval,9,2023-08-07 17:59:09,t1_jv6w7jm,t3_15kou5k,comment
jv71um2,"Muchas gente le da igual eso, mientras sea famosa y conocida ese es el morbo.

Hay varias ahí que en sus Instagtam tienen cientos de miles de seguidores.

Además estas pendejas son conocidas y amigas de pendejas aún mas famosas que no publican ahí y ellas son las que te hacen acceder a ellas por recomendación, sino ni te pasan cabida y se hacen las que no gatean ofendiendose...",Unfa-6118,merval,4,2023-08-07 15:51:16,t1_jv6w7jm,t3_15kou5k,comment
jv80ybr,"No. Es una rubia onda fit, con apellido de conocido piloto del Tc...",Unfa-6118,merval,1,2023-08-07 19:32:13,t1_jv7tyxc,t3_15kou5k,comment
jv8gmzq,"Dije bien.

Meli... mor..., gatito rubio con más de 200k de seguidores en ig.

Ya esta, no me pidan más pistas...",Unfa-6118,merval,-5,2023-08-07 21:21:35,t1_jv8e5le,t3_15kou5k,comment
jv6ppwx,"No hay pago internacional. Si en mi Paypal me pagan en dólares, la guita queda ahí en dólares.",Bright-Skin8268,merval,3,2023-08-07 14:35:53,t1_jv6oxbr,t3_15kou5k,comment
jv6zfl5,están ampliando el rubro... la pobre pyme no tiene derecho a crecer /s,MarceloTDF,merval,1,2023-08-07 15:36:22,t1_jv6pasy,t3_15kou5k,comment
jv7mqa1,"Jajajajaj

Yo tuve la misma sensación. No se si lo de la teta, pero el viaje, jajaja",GordoMondiola,merval,7,2023-08-07 18:00:09,t1_jv7mkgu,t3_15kou5k,comment
jv8cjeg,"Hermano si vas a contar conta, no seas ortiva, quien te va denunciar? Deja joder y conta",Yor7_7,merval,4,2023-08-07 20:52:46,t1_jv80ybr,t3_15kou5k,comment
jv784o5,"Y no, no coincide con su rubro el de cambiar dólares con el de tragar leche.",Unfa-6118,merval,2,2023-08-07 16:30:33,t1_jv6zfl5,t3_15kou5k,comment
jv7netg,"Es que parece el típico chabón que va por internet diciendo que la tiene de 30 cm, no le cree nadie",SopaPyaConCoca,merval,8,2023-08-07 18:04:27,t1_jv7mqa1,t3_15kou5k,comment
jw5k60t,"Seguro es algo que pidió el FMI y se lo guardaron hasta hoy. Igual, en una eventual dolarización o salida del cepo debería devaluarse aún más y a mayor escala. Para mi es algo que iba (va) a suceder gane quien gane.",luislezcair,merval,90,2023-08-14 12:53:11,t3_15qvdxq,t3_15qvdxq,comment
jw55s3k,La inflación de agosto va a estar en 15% cómodos.,jamesnaranja90,merval,33,2023-08-14 11:22:09,t3_15qvdxq,t3_15qvdxq,comment
jw58ryz,Voy a decir una obviedad... 'ta barato todavía,Filthy-Pirate-6342,merval,129,2023-08-14 11:41:45,t3_15qvdxq,t3_15qvdxq,comment
jw57g5k,putamadre... colgue y compre en dolares a china jaja me acaba de aumentar 5 k una compra. De 18k a 23. F por lo boludo y colgado,BarbaDeMerlin,merval,21,2023-08-14 11:33:04,t3_15qvdxq,t3_15qvdxq,comment
jw5swrj,"Es una medida impopular que demuestra lo agarrados de los huevos que estan con el FMI. No tienen capacidad de maniobra.

La tuvieron que tomar despues de la derrota (el momento donde menos les convenia) porque si no, no recibian los dolares.",[deleted],merval,16,2023-08-14 13:45:54,t3_15qvdxq,t3_15qvdxq,comment
jw53hd8,It's over + se acabo + c'est fini + owari da + est ist vorbei,Kazumaky,merval,113,2023-08-14 11:06:46,t3_15qvdxq,t3_15qvdxq,comment
jw550g0,yameteeee bcra kun,roberp81,merval,40,2023-08-14 11:17:05,t3_15qvdxq,t3_15qvdxq,comment
jw58txx,[removed],[deleted],merval,158,2023-08-14 11:42:06,t3_15qvdxq,t3_15qvdxq,comment
jw5a4oo,venganza en caliente.. no me votan ...tomen su devaluación!!!,MarceloTDF,merval,56,2023-08-14 11:50:29,t3_15qvdxq,t3_15qvdxq,comment
jw58bfj,"y.. como mínimo todos los dólares diferenciales (soja, maíz, carne, pija) quedaron atrasados de un plumazo .",sci_ssor_ss,merval,9,2023-08-14 11:38:45,t3_15qvdxq,t3_15qvdxq,comment
jw53yey,"changos, debería de haber comprado mas la semana pasada.",JavierJV,merval,9,2023-08-14 11:10:01,t3_15qvdxq,t3_15qvdxq,comment
jw544ud,"Van a dejar de aguantarlo... Sorpresa?


No es sorpresa, van a quemar el país en los meses que quedan... Y van a culpar a los opositores y sus seguidores lo van a creer a rajatabla",[deleted],merval,69,2023-08-14 11:11:14,t3_15qvdxq,t3_15qvdxq,comment
jw559a4,"Quieren seguir haciendo mierda la economia para asociar a Milei con algo malo, qué si gana Milei empeora.

al mismo tiempo van a regalar ps5 en la matanza y José C Paz para demostrar que ellos son los buenos.

son de manual.",roberp81,merval,49,2023-08-14 11:18:44,t3_15qvdxq,t3_15qvdxq,comment
jw55fc7,[deleted],[deleted],merval,5,2023-08-14 11:19:50,t3_15qvdxq,t3_15qvdxq,comment
jw5m3ja,Para la mano Macri😭😭😭😭😭😭😭,Impressive_Ad_1503,merval,5,2023-08-14 13:05:00,t3_15qvdxq,t3_15qvdxq,comment
jw6kjcc,"en dolares estoy como 6% abajo, así que miro los valores en pesos y hoy gané como loco, soy un genio.",[deleted],merval,5,2023-08-14 16:31:27,t3_15qvdxq,t3_15qvdxq,comment
jw55722,[removed],[deleted],merval,12,2023-08-14 11:18:19,t3_15qvdxq,t3_15qvdxq,comment
jw58h43,"Vuelven las colas para vender dólares en las cuevas, hay 100 mangos de diferencia para comprar moneda extranjera",cabeza_inquieta,merval,4,2023-08-14 11:39:48,t3_15qvdxq,t3_15qvdxq,comment
jw5lxib,ME DUELE EL CULO,Dense_Membership_232,merval,4,2023-08-14 13:03:59,t3_15qvdxq,t3_15qvdxq,comment
jw7f10n,"A principio de mes me aumentaron el sueldo de 96 mil a 115 mil. A la semana el dólar paso la barrera de los 500 pesos y superó los 600 también, ahora se fue a la mierda devuelta. 

Tengo aumentos salariales cada 4 meses. Ahora a ver qué tanto cae mí salario de acá a noviembre cuando toque el próximo. 

Me cago en Dios",InfiltratredArgento,merval,4,2023-08-14 19:34:48,t3_15qvdxq,t3_15qvdxq,comment
jw6nzuf,"No sé devalúa porque ganó milei en las paso, es parte del acuerdo con el FMI dólar fijo a $350 y 20% de devaluación, son las condiciones que el FMI le impuso a Massa para el ingreso de divisas que estaban pausadas hasta el domingo de votación, obviamente el efecto Milei también es responsable pero no tanto como se anda diciendo.",AdAltruistic2978,merval,7,2023-08-14 16:51:51,t3_15qvdxq,t3_15qvdxq,comment
jw572v1,"Ahora es 365.50....

Mañana va a ser 400.....

Nada es fijo con estos inoperantes.",skallet32,merval,11,2023-08-14 11:30:39,t3_15qvdxq,t3_15qvdxq,comment
jw5f1ym,118% la tasa de interés PF,Slight_Respect_957,merval,3,2023-08-14 12:21:44,t3_15qvdxq,t3_15qvdxq,comment
jw5nxgp,El banco central ya desmintió que fuera hasta octubre. Se viene otra acelerada.,Vegetable_Wolf6194,merval,3,2023-08-14 13:16:06,t3_15qvdxq,t3_15qvdxq,comment
jw5qhcg,"Cantadisimo que iba a pasar. Que tanto va a afectar, no te sabria decir porque no se ni dodne empezar a analizar los recursos del gobierno, pero bueno, mi opinion va entre ""ya lo han planchado antes y seguimos vivos"" y ""el margen de error es cada vez mas chico""",simonbleu,merval,3,2023-08-14 13:31:28,t3_15qvdxq,t3_15qvdxq,comment
jw65gup,"Devaluacion? Mira el dolar blue, ese es el oficial. 
Esta perfecta la medida, ya que le estabamos regalando plata a los importadores",galito93,merval,3,2023-08-14 15:00:43,t3_15qvdxq,t3_15qvdxq,comment
jw7n8xj,"me olvide 60k pesos caucionados por ahi, soy un dobolu.",Long_Awareness9333,merval,3,2023-08-14 20:30:17,t3_15qvdxq,t3_15qvdxq,comment
jw564nn,Si gana Milei o Bullrich llevan al dólar a 2000,ccorvito,merval,11,2023-08-14 11:24:26,t3_15qvdxq,t3_15qvdxq,comment
jw537bs,Ya no se tienen fe? Que saquen el cepo y a la mierda,Previous-Virus77,merval,4,2023-08-14 11:04:52,t3_15qvdxq,t3_15qvdxq,comment
jw5jjry,"Así de un día para otro?

Eso se llama disciplinar y meter miedo. Ya deben tener a los punteros y a los trolls de las redes diciendo que esto lo forzo Milei y anda a saber cuantas cosas mas.

Probablemente había que hacerlo hace rato y falta mas, pero justo ahora?",Loco_72,merval,5,2023-08-14 12:49:29,t3_15qvdxq,t3_15qvdxq,comment
jw5b2fh,"Si lo sostienen, en 2 meses se lo come la inflación",TartaVoladora,merval,2,2023-08-14 11:56:27,t3_15qvdxq,t3_15qvdxq,comment
jw5gosb,"Tirarle nafta a todo, si no llegan a nov/diciembre, qué para cuando pierdan no haya nada.",blackjeansguy,merval,2,2023-08-14 12:31:55,t3_15qvdxq,t3_15qvdxq,comment
jw5khya,"Perdón ya sé que es pregunta estupid, pero porque estaría subiendo el dolar Blue al acotar la brecha entre el oficial y este?",chicodelespacio96,merval,2,2023-08-14 12:55:12,t3_15qvdxq,t3_15qvdxq,comment
jw5murd,Que se vaya todo a la mierdaaaa!! PAf PAF PAF (tiros al aire) --Probablemtente Massa,sbn025,merval,2,2023-08-14 13:09:36,t3_15qvdxq,t3_15qvdxq,comment
jw5ppso,"Los K: Si ganamos lo frenamos, si perdemos devaluamos.",cub4nito,merval,2,2023-08-14 13:26:50,t3_15qvdxq,t3_15qvdxq,comment
jw5t5jv,Perdón pero ya se pisaron solos?? Al final lo dejaron en 365,Keiner97,merval,2,2023-08-14 13:47:21,t3_15qvdxq,t3_15qvdxq,comment
jw5vpwo,"Opino que les agradeceria si me dicen que Acciones y Cedears comprar en estos dias, por favor.

Hoy meti KO y CEPU.",EsteNegrata,merval,2,2023-08-14 14:02:37,t3_15qvdxq,t3_15qvdxq,comment
jw5woly,Le faltan unos 300 pesitos mas..,gR_95,merval,2,2023-08-14 14:08:24,t3_15qvdxq,t3_15qvdxq,comment
jw794qu,El peso no sirve,monoveloso,merval,2,2023-08-14 18:57:35,t3_15qvdxq,t3_15qvdxq,comment
jw7bq8w,"Seguro que si ganaba massa.. aguantaban hasta octubre sin devaluar..     son unos malnacidos..   

¿No me votaste?  Ah entonces Castigo",DanceNo4619,merval,2,2023-08-14 19:13:44,t3_15qvdxq,t3_15qvdxq,comment
jw5ljte,"Les gustaba el ""Ah pero Macri"", agarrense que ahora se viene el ""Ah pero Milei""",Big-Cartographer-166,merval,3,2023-08-14 13:01:40,t3_15qvdxq,t3_15qvdxq,comment
jw52a9a,agarrate fuerte,SimilarStock3,merval,3,2023-08-14 10:58:31,t3_15qvdxq,t3_15qvdxq,comment
jw5pw1k,"Prepárense a Massa en modo minita resentida en plan ""o estás conmigo o con nadie""",Jumpustart,merval,3,2023-08-14 13:27:53,t3_15qvdxq,t3_15qvdxq,comment
jw5t33o,[deleted],[deleted],merval,2,2023-08-14 13:46:57,t3_15qvdxq,t3_15qvdxq,comment
jw5d03k,"Me parece bien que ellos se coman una parte del shock cambiario, tendrían que haber levantado el cepo directamente así les explotaba a ellos de una",throwaway275275275,merval,2,2023-08-14 12:08:46,t3_15qvdxq,t3_15qvdxq,comment
jw5xdey,"Nada que se va todo al carajo, osea 650 el blue que subió 100 pesos en 2 semanas y 350 el oficial que subió 100 peso en un día, quiere decir que nos vamos a ir a la mierda",Dgod22,merval,2,2023-08-14 14:12:33,t3_15qvdxq,t3_15qvdxq,comment
jw5qjmc,$360 el oficial. Perdieron y devaluaron. O Massa le está preparando el terreno a Milei para una Dolarización que beneficie a los amigos del poder político.,[deleted],merval,2,2023-08-14 13:31:51,t3_15qvdxq,t3_15qvdxq,comment
jw65pwf,"""nosotros no somos devaluadores, no vamos a devaluar""

terminan las paso

""Devaluamos 25%""

Y dsp de las generales lo mismo.

Yo ya se que todo el mundo que voto ayer, en un 80% son medio pelotuditos, todos. No importa a quien voten. Miras las redes hoy, miras los noticieros Y te das cuenta.

Te pongo ejemplos

1. Estan minizando la cantidad de votos q saco milei diciendo ""ah pero 30 % de personas no voto"" (voto el 69-70%, y siempre vota el 78%, asi que tanto no hubierse cambiado
2. Sobre punto 1, durante 10 años nos vendieron que cristina saco el 54% (ahi no decian ""ah pero el 25% del padron no voto""
3. Gente diciendo ""ah me va a quitar derechos Milei"", Y hoy en día el gobierno no te saca derechos? Larreta y compania no suben impuestos?  


Vote a Milei pq es el ÚNICO que dijo con nombre y apellido sus propuestas. Concuerdo con la mitad de lo que propone, El resto no. 

Pero Milei nunca goberno, Larreta es jefe de gobierno y no hizo nada en 4 años. Massa fue parte de mil gobiernos, y siendo hoy ministro de economia, tampoco hace nada (mas que devaluar hoy), Patricia fue la q ""menos goberno"", pero preseiento q seria  mas de lo mismo.

Entonces la gente hoy me parece muy tarada

Banco a cualquiera que voto a grabois milei , bergman o bullrich. Si votaste otra cosa, sos un tarado. Corta.

El resto son matices sobre puntos de vista del pais, En mi vision del pais, no me gusta lo anti aborto de milei ni anti lgbt de su vice presidente.

Pero no hay otro que me haya propuesto economicamente lo que Milei, entonces me la juego y me como el sapo

IGUAL , me voy del país en 1 año de todas formas, Si lo tengo q adelantar, asi sera. Espero que al menos este votando al que mejore al pais, Y si no, votare otro partido la proxima.

&#x200B;

Te digo algo, Mi expectativa es

1. Dolar a 900-1000 el blue, y 500 y pico el oficial para fin de año
2. Que la inflacion baje a menos de 20% de aca a dos años (Solo si gana Milei)
3. Que haya mucho quilombo en la calle, tiros, quilombo, estilo  2001 (Gane quien gane)",DuckWarrior90,merval,1,2023-08-14 15:02:12,t3_15qvdxq,t3_15qvdxq,comment
jw5nodp,"Mucho ""Ah pero Macri"", pero me imagino que todos los que dicen esto son los que lloraban ""La pesada Herencia"" para justificar a Macri...",LemonTank91,merval,1,2023-08-14 13:14:35,t3_15qvdxq,t3_15qvdxq,comment
jw5je2q,"Esto es una pruebita para que vayan viviendo cuando hipoteticamente el león de iglesia dolarice pero no va ser a 700 mangos no no, vayan preparando el ocote..",milennium2,merval,-2,2023-08-14 12:48:30,t3_15qvdxq,t3_15qvdxq,comment
jw5ysnj,"Es lo que voto la gente, se los dieron",Ok-Trade6799,merval,-1,2023-08-14 14:21:00,t3_15qvdxq,t3_15qvdxq,comment
jw5bpv7,compren pesos uruguayos,Tokukawa,merval,0,2023-08-14 12:00:36,t3_15qvdxq,t3_15qvdxq,comment
jw5far0,Devaluacion del Dolar?,va5kito,merval,0,2023-08-14 12:23:14,t3_15qvdxq,t3_15qvdxq,comment
jw6f3g0,No se  si estaremos peor con milei o pato ..miren lo que hicieron estos k trolos en 4 años .Massa ell boludo que quería arreglar los líos del ministro de económia Massa. El presidente Alberto escondido con la vieja k que ya usa papales se mea cuando ríe..que se vayan estos negros cabeza de termo,Objective_Tea2982,merval,-1,2023-08-14 15:58:45,t3_15qvdxq,t3_15qvdxq,comment
jw5lhua,"Voten mejor en  Octubre.Caso contrario los pobres  votantes del rappi del leóncito tendrán que trabajar muchas horas extra para recomponer ese 22% menos de  devaluación de mínima.
Cagaste  ""votante libertario""  anda a llorar al country de tu lider ahora  exigiendo soluciones.",WorthComfortable6245,merval,-6,2023-08-14 13:01:19,t3_15qvdxq,t3_15qvdxq,comment
jw5r2qf,Clásica movida de Massita.. ricorrrr. Mensaje “esto se les viene”,asadito4ever,merval,1,2023-08-14 13:35:02,t3_15qvdxq,t3_15qvdxq,comment
jw69l91,A la mar en coche,PlecoNeko,merval,1,2023-08-14 15:25:30,t3_15qvdxq,t3_15qvdxq,comment
jw6tz4f,Aa,South_Glove_1951,merval,1,2023-08-14 17:27:25,t3_15qvdxq,t3_15qvdxq,comment
jw7f279,"Oficial a 365.5
Blue a 670+

Está barato... Compren USD donde y como puedan",SpicyNopeRope,merval,1,2023-08-14 19:35:01,t3_15qvdxq,t3_15qvdxq,comment
jw7l7ez,"Esta hecho a propósito para hacer bien mierda el país y que no se pueda gobernar, ya lo hicieron cuando asumió Macri es la única Estrategia que tienen para volver a gobernar porque es más fácil que hacer una buena gestión",East-Creme4519,merval,1,2023-08-14 20:16:22,t3_15qvdxq,t3_15qvdxq,comment
jw7m37s,La izquierda y el comunismo/socialismo deben desaparecer de la faz de la tierra. Punto.,Chemical-Salamander,merval,1,2023-08-14 20:22:23,t3_15qvdxq,t3_15qvdxq,comment
jw7mx5h,En 1 mes se licua,T3MP0_HS,merval,1,2023-08-14 20:28:04,t3_15qvdxq,t3_15qvdxq,comment
jw7wckk,Que se le dice devalucación pero en realidad es un sinceramiento.,Yearlaren,merval,1,2023-08-14 21:32:18,t3_15qvdxq,t3_15qvdxq,comment
jw86n2m,"Nadie entiende nada. Solo es devaluación cuando pierde Macri, cuando pierde el Perokirchnerismo es una devaluación que pidió el FMI y coso\~.",JuanMdP,merval,1,2023-08-14 22:44:01,t3_15qvdxq,t3_15qvdxq,comment
jw8nn50,"Quee adelanten las elecciones,urgente,estos ineptos nos llevan al caos,porfi",laurizzzi,merval,1,2023-08-15 00:54:30,t3_15qvdxq,t3_15qvdxq,comment
jw8xe78,Opino que tendrían que adelantar las elecciones así nos dejamos de romper un poco las pelotas ya que el gobierno actual está de adorno.,Dandelion096x,merval,1,2023-08-15 02:28:30,t3_15qvdxq,t3_15qvdxq,comment
jw9mpcy,Cero vengativos los k.,FartBox_2000,merval,1,2023-08-15 07:40:30,t3_15qvdxq,t3_15qvdxq,comment
jw9shwa,La verdad es que siempre vivimos una irrealidad en muchos sentidos y esto es una muestra de esa realidad que están dejando ver poco a poco para mostrar como que al mundo “no le gusta” que haya Ganado milei,Laposada17,merval,1,2023-08-15 08:39:29,t3_15qvdxq,t3_15qvdxq,comment
jw9yzr0,"Devaluacion DEL PESO, las cosas como son. La culpa no la tiene el dólar, la culpa la tiene EL PESO que pierde valor. Y Massa, el que basicamente viene siendo presidente hace 2 años.",kroban_d4c,merval,1,2023-08-15 09:35:30,t3_15qvdxq,t3_15qvdxq,comment
jwa7m0j,hay que hacerse de cuanto dolar uno pueda o de algun activo atado a este por que dolarizacion o no... despues de octubre el oficial se va a la mierda y el blue acompaña...,someRandomUser636,merval,1,2023-08-15 10:36:46,t3_15qvdxq,t3_15qvdxq,comment
jwaur22,"No sería ""devaluacion del peso""?",moba_94,merval,1,2023-08-15 13:02:21,t3_15qvdxq,t3_15qvdxq,comment
jwba63m,Alguien me explica el por qué están todos con lo de reventar la tarjeta de credito y sacar en cuotas fijas que se paga solo? Soy nuevito,adrielriv16,merval,1,2023-08-15 14:36:35,t3_15qvdxq,t3_15qvdxq,comment
jwc6007,"Tengo toda la guita en pesos, me quiero cortar los huevos :)",Limp_Importance553,merval,1,2023-08-15 17:45:41,t3_15qvdxq,t3_15qvdxq,comment
jwcerrs,Una vergüenza como todo lo que hace esta infectadura!,operbup,merval,1,2023-08-15 18:39:12,t3_15qvdxq,t3_15qvdxq,comment
jwdxv6v,A todo esto el remisero que tenemos de presidente no aparece ni para hablar de la terrible devalueta ni de la rotura rectal del finde,[deleted],merval,1,2023-08-16 01:11:22,t3_15qvdxq,t3_15qvdxq,comment
jwelo2i,"Hecharle la culpa Milei de lo que pasa con el dólar es como decir que Pinocho mato a la mamá de Bamby. Nada que ver una cosa con la otra.


Esto es culpa de 40 años de políticas retrógradas e imperialistas ( los políticos se la robaron toda la plata, nos quedamos sin reservas en el banco central ).",Professional-Walk592,merval,1,2023-08-16 05:45:32,t3_15qvdxq,t3_15qvdxq,comment
jwg8uo6,"La devaluación estaba pactada de antes con el FMI 
La fecha del anuncio si está calculada políticamente",mazzoncha,merval,1,2023-08-16 13:33:37,t3_15qvdxq,t3_15qvdxq,comment
jws5bq7,son todos unos chorros y nosotros unos blandos que no los echamos antes,Elnoba131213,merval,1,2023-08-18 19:02:34,t3_15qvdxq,t3_15qvdxq,comment
jw5kszq,"Eso es cierto, la devaluación la vimos venir (casi) todos, pero pensas que este 22% está bien o se quedó corto?",Outrageous-Builder31,merval,25,2023-08-14 12:57:03,t1_jw5k60t,t3_15qvdxq,comment
jw6c6yd,Así leí. Massa devaluo porque se lo pidió el FMI. Si alguien me lo explicara mejor lo agradecería.,Skeletorthewise,merval,10,2023-08-14 15:41:16,t1_jw5k60t,t3_15qvdxq,comment
jw7j2kp,Osea bien de HDP,elcaposper,merval,3,2023-08-14 20:01:51,t1_jw5k60t,t3_15qvdxq,comment
jw5hsww,En Argentina no importa cuando leas esto,AMonkeyAndALavaLamp,merval,55,2023-08-14 12:38:45,t1_jw58ryz,t3_15qvdxq,comment
jw5axos,"No te preocupes, yo acabo de revisar y me deje 140 k en una FCI. Liquide todo menos eso.",Outrageous-Builder31,merval,9,2023-08-14 11:55:36,t1_jw57g5k,t3_15qvdxq,comment
jw53xwv,Esperabas más o menos devaluación?,Outrageous-Builder31,merval,18,2023-08-14 11:09:55,t1_jw53hd8,t3_15qvdxq,comment
jw5dgra,El banco central y al banco nación son dos cosas distintas.,madmulita,merval,94,2023-08-14 12:11:43,t1_jw58txx,t3_15qvdxq,comment
jw5csmg,"En eso había pensado hace un tiempo, en el último empujón mediático de Milei. Si llega a ganar el país se prende fuego antes, entonces no tiene que quemarlo el",EconomicsDirect7490,merval,10,2023-08-14 12:07:28,t1_jw58txx,t3_15qvdxq,comment
jw5baqt,"Marge Simpson :Macri, no!

Macri: que que hice?

Marge: perdón, es la costumbre...",Outrageous-Builder31,merval,42,2023-08-14 11:57:55,t1_jw5a4oo,t3_15qvdxq,comment
jw658qv,"Ni bien empezaron las noticias de la Victoria de Milei el dólar Crypto se disparó, yo creo que es el mercado financiero el que está obligando a devaluar.",[deleted],merval,6,2023-08-14 14:59:23,t1_jw5a4oo,t3_15qvdxq,comment
jw6yf9z,[deleted],[deleted],merval,2,2023-08-14 17:53:19,t1_jw5a4oo,t3_15qvdxq,comment
jw56jod,Dejar más libre al dólar es quemar al país? Pero si antes lo frenaban y eso incendiaba al país,ImpossiblePressure89,merval,42,2023-08-14 11:27:10,t1_jw544ud,t3_15qvdxq,comment
jw56obu,"Esto. Los seguidores se olvidan que ahora quien está en posición de hacer algo al respecto es Massa. Esto es justamente una demo de lo que va a ser si el tipo es Presidente. Pero los burros van a comprar la idea de que esto es ""culpa de Milei"", mirando para otro lado mientras sus candidatos les destrozan los bolsillos.

Es raro el argentino. Nos merecemos todo lo malo que nos pasa.",Fedoteh,merval,21,2023-08-14 11:28:00,t1_jw544ud,t3_15qvdxq,comment
jw592f5,"Pero si precisamente es algo que se debe hacer. Está perfecto que devalúen y que se coman el costo político. 

Es más, idealmente deberían de levantar el cepo y dejarlo flotar.",ThunderWriterr,merval,10,2023-08-14 11:43:37,t1_jw544ud,t3_15qvdxq,comment
jw74cqx,"Para que la gente crea que es culpa de milei, todos se olvidan que son ellos los que siguen gobernando, y son ellos los que sacan las medidas.",Santiagojordan81,merval,3,2023-08-14 18:28:21,t1_jw544ud,t3_15qvdxq,comment
jw6l7d4,"la van a aguantar hasta las generales, pero si pierden las generales se viene una fiesta loca de importaciones, van a aprobar todas las ordenes sin mirar total las paga el que viene. Afilen esas tarjetas que de octubre a diciembre hay que comprarse todo.",[deleted],merval,2,2023-08-14 16:35:25,t1_jw544ud,t3_15qvdxq,comment
jw5wo4x,"Así y todo quizás lo salva, es economista y estudio demasiado de economía como para no saber cómo enfrentar una crisis, yo le tengo fe si gana, que mierda me importa a mi el derecho a cojerme un puto si no puedo comer al final del día, dame Plata Desp los problemas del primer mundo se solucionarán",No_Chipmunk5871,merval,2,2023-08-14 14:08:19,t1_jw544ud,t3_15qvdxq,comment
jw56g28,El FMI quiere que devaluen hace rato y creo que se quedaron cortos. No devaluaron antes para no perder peor nomas.,[deleted],merval,30,2023-08-14 11:26:30,t1_jw559a4,t3_15qvdxq,comment
jw5hefn,nada mas lindo que cagar en un balde en invierno con el poncho de ishi mientras jugas a la ps5!,[deleted],merval,6,2023-08-14 12:36:18,t1_jw559a4,t3_15qvdxq,comment
jw7tsii,A quien voto pa la pley? Viene con el fifa?,omegafercho01,merval,2,2023-08-14 21:15:00,t1_jw559a4,t3_15qvdxq,comment
jw57088,[deleted],[deleted],merval,3,2023-08-14 11:30:10,t1_jw55fc7,t3_15qvdxq,comment
jw55qtr,Eso era algo que la mayoría sabíamos. Pero te parece poco o mucho el 22%?,Outrageous-Builder31,merval,5,2023-08-14 11:21:55,t1_jw55722,t3_15qvdxq,comment
jw5jws9,"No, un resultado de tres tercios era lo peor que podía pasar. Puede salir para cualquier lado la elección. Incertidumbre total.",Fierrero86,merval,5,2023-08-14 12:51:40,t1_jw55722,t3_15qvdxq,comment
jw6p9a1,"pero eso es lo que le estan diciendo a la gente... que la devaluacion la hizo ""el mercado"".",Outrageous-Builder31,merval,2,2023-08-14 16:59:21,t1_jw6nzuf,t3_15qvdxq,comment
jw57cfr,"De 2011 a 2013 lo plancharon, acordate que con ese verso nos vendieron que teníamos los sueldos más altos en dólares de la región.",Outrageous-Builder31,merval,9,2023-08-14 11:32:23,t1_jw572v1,t3_15qvdxq,comment
jw5lbmt,Messin't,mozartxs,merval,2,2023-08-14 13:00:15,t1_jw5f1ym,t3_15qvdxq,comment
jw6w46t,Deberia ser ilegal no?,Insommya,merval,1,2023-08-14 17:39:53,t1_jw564nn,t3_15qvdxq,comment
jw552ju,sin cepo ya estaríamos en 2k,roberp81,merval,6,2023-08-14 11:17:28,t1_jw537bs,t3_15qvdxq,comment
jw5lmti,"De hecho, es parte del último acuerdo de massa-fmi. Habían pedido hasta 40% de devaluación y ajustes salariales. Bueno, decidieron dar el shock, ahora van a ver cómo la manejan. Mínimo los sindicatos deberían estar pidiendo paritarias el próximo mes. Si no lo hacen, sabemos porque.",mozartxs,merval,10,2023-08-14 13:02:11,t1_jw5jjry,t3_15qvdxq,comment
jw5l1l2,"El que diga eso estuvo en un termo en las últimas 20 elecciones más o menos. Desde que tengo memoria siempre hubo devaluación después de una elección, salvó en la del 95 y el 99.",Outrageous-Builder31,merval,4,2023-08-14 12:58:32,t1_jw5jjry,t3_15qvdxq,comment
jw5knvf,Porque sigue habiendo cepo.,Outrageous-Builder31,merval,8,2023-08-14 12:56:12,t1_jw5khya,t3_15qvdxq,comment
jw71i8d,Invertí en el índice S&P500 que abarca las 500 empresas más importantes,sam_inusual,merval,3,2023-08-14 18:11:12,t1_jw5vpwo,t3_15qvdxq,comment
jw7btsv,nah... tampoco la joda.,Outrageous-Builder31,merval,2,2023-08-14 19:14:21,t1_jw7bq8w,t3_15qvdxq,comment
jw5qna6,"El que devaluó hoy fue Massa, así que Ah pero Massa.",[deleted],merval,2,2023-08-14 13:32:28,t1_jw5ljte,t3_15qvdxq,comment
jw5lx1r,"Ya arrancó anoche a las 2130. Es loco porque en c5n tenían data de que perdían, pero se quedaron sin dar la exclusiva hasta que se dieran los datos oficiales, la rotura de an.o pudo más que la exclusiva.",Outrageous-Builder31,merval,1,2023-08-14 13:03:55,t1_jw5ljte,t3_15qvdxq,comment
jw62rss,Mep sino hoy ayer... Abrí una cuenta en balanz ppi o inviu... El resto te dice la app... iol suele tildarse,jackjackjack78,merval,4,2023-08-14 14:44:38,t1_jw5t33o,t3_15qvdxq,comment
jw7dxo6,"Concuerdo en mucho. Larreta estuvo 8 años (desde 2015), es más grave.",Key_Machine,merval,1,2023-08-14 19:27:47,t1_jw65pwf,t3_15qvdxq,comment
jw6altt,o bien una pruebita de que pasa si nos quedamos quietos con el panqueque de feria o la guerrillera de cumpleanios,Correct-Sandwich4982,merval,5,2023-08-14 15:31:36,t1_jw5je2q,t3_15qvdxq,comment
jw5ryay,"Pero vamos a cobrar en dólares, no?

&#x200B;

&#x200B;

&#x200B;

no?",Menem_Intergalactico,merval,2,2023-08-14 13:40:16,t1_jw5je2q,t3_15qvdxq,comment
jwa1ua2,"No entendés nada si de verdad pensás que Milei asume y ya en la primera semana va a dolarizar todo con el peso devaluadísimo. Milei mismo ya dijo en cada p\*ta entrevista en la que lleva estando hace 2 años que hacer eso tan rápido sería una locura, y su plan para dolarizar es un plan mucho mas gradual.  Lo que él quiere hacer es primero pagar las leliqs del BCRA, bajar mucho gasto público, y recién ahi empezar un proceso de dolarización **lento**. Una vez ya 2/3 de la economía se maneje en dólares se haría un plebicito por la misma gente que así lo quiso. Y que eso bien podría llevar 9 meses como 2 años.

Mirate más de 2 segundos una entrevista al menos si vas a hablar al pedo de un candidato, sea el candidato que sea. Sino dejás en claro que sos un termo que basa su opinión política en reels de TikTok.",kroban_d4c,merval,1,2023-08-15 09:54:47,t1_jw5je2q,t3_15qvdxq,comment
jw5m57e,"Ese fue el error desde el principio, pensar que solo la gente de los ""countrys"" iba a votar por milei. No vieron venir lo que se gestaba en las barriadas, pensaron que haciendo lo mismo de siempre el resultado iba a ser distinto.",Outrageous-Builder31,merval,9,2023-08-14 13:05:16,t1_jw5lhua,t3_15qvdxq,comment
jw5pjz2,A quien? Si la devaluación es inevitable,megalogo,merval,3,2023-08-14 13:25:52,t1_jw5lhua,t3_15qvdxq,comment
jw5qvlr,"Si los que devaluaron fueron los que están ahora, recién, fue hace unas horas. No fue Milei, fueron los que perdieron.",[deleted],merval,4,2023-08-14 13:33:52,t1_jw5lhua,t3_15qvdxq,comment
jw8cukm,Te doy $50 por el coso.,Outrageous-Builder31,merval,1,2023-08-14 23:28:44,t1_jw86n2m,t3_15qvdxq,comment
jwa05p8,"Es que a una parte del mercado obvio que no le va a gustar. La parte como Mercado Libre, empresas que tienen monopolio nacional y que están re contra encamadas con Massa hace rato para mantener su monopolio. Por eso Massa cuando dió su discurso después de las PASO una de las primeras cosas que ""avisó"" es ""Miren que les van a abrir el mercado si gana éste che..."", Lo que menos quieren los empresaurios es que venga uno como Milei y les abra el mercado para obligarlos a competir.",kroban_d4c,merval,1,2023-08-15 09:42:39,t1_jw9shwa,t3_15qvdxq,comment
jwc65w9,como no dolarizaste todo antes de las paso?,Outrageous-Builder31,merval,1,2023-08-15 17:46:39,t1_jwc6007,t3_15qvdxq,comment
jweuvwh,"Alberto dejo de ser ""presidente"" en febrero de este año.",Outrageous-Builder31,merval,1,2023-08-16 07:38:15,t1_jwdxv6v,t3_15qvdxq,comment
jweuraz,"Ayer me dijeron que devaluó el FMI. 

😐",Outrageous-Builder31,merval,1,2023-08-16 07:36:54,t1_jwelo2i,t3_15qvdxq,comment
jw5vksj,Corto. El precio de mercado _hoy_ estaría cercano al blue o CCL / Senebi,luislezcair,merval,27,2023-08-14 14:01:45,t1_jw5kszq,t3_15qvdxq,comment
jw743vh,"En mi opinión está mal intencionada la devaluacion tan abrupta, todo el año para devaluar poco a poco, casualmente pierden y te largan de canuto una sorpresita, ni siquiera previeron que los tipos de cambio iban a entrar en conflicto y salen a las 17 a sacar nuevas regulaciones para el dólar tarjeta y más cepo al mep para los peces gordos, todo improvisado como siempre, mal intencionado para los giles laburantes que nos desayunamos un 22% más pobres que ayer. Se siente como un castigo al pueblo que no los votó, está gente no tiene perdón 4 años haciendo nada...",Santiagojordan81,merval,54,2023-08-14 18:26:49,t1_jw6c6yd,t3_15qvdxq,comment
jw9th4t,Es literal eso. Parte del acuerdo.,thenicus,merval,1,2023-08-15 08:48:39,t1_jw6c6yd,t3_15qvdxq,comment
jw5b6cb,Amortizalo comprando todo lo que necesites en cuotas. Algo salvas..,BarbaDeMerlin,merval,3,2023-08-14 11:57:09,t1_jw5axos,t3_15qvdxq,comment
jw5hm25,"yo tengo cero idea de inversiones asique soy un mogo que solo compra dolares, este mes tenia que pagar a un pintor y boludeces asique me quede 190k en mercado pago y ahora me quiero matar jaioasjdf, tendria que ponerme a comprar gilada en cuotas fijas no ?",FullmetalEzio,merval,2,2023-08-14 12:37:35,t1_jw5axos,t3_15qvdxq,comment
jw63etd,"Hablas de chirolas, enserio están a ese nivel en sus cuentas ? 150 lucas no son ni dos pares de zapatillas 😂",No_Cold5079,merval,-7,2023-08-14 14:48:28,t1_jw5axos,t3_15qvdxq,comment
jwc2428,[deleted],[deleted],merval,1,2023-08-15 17:22:22,t1_jw5axos,t3_15qvdxq,comment
jweoyv7,Me pasó lo mismo con 90k... Se me escapó la scuartul,Alexmata89,merval,1,2023-08-16 06:28:02,t1_jw5axos,t3_15qvdxq,comment
jw54efe,"es dentro de lo que esperaba, por suerte logre salir como rata en barco por hundirse la semana pasada via MEP + revente la tarjeta con cuotas fijas a pesos el ultimo mes, pero para el que quedó con ARS en la mano... mamita...",Kazumaky,merval,39,2023-08-14 11:13:01,t1_jw53xwv,t3_15qvdxq,comment
jw5fokr,[removed],[deleted],merval,113,2023-08-14 12:25:39,t1_jw5dgra,t3_15qvdxq,comment
jw65eme,Esta gente vota,[deleted],merval,15,2023-08-14 15:00:21,t1_jw5dgra,t3_15qvdxq,comment
jw5fmnu,Seee es culpa de milei! Cuac,spender-2001,merval,8,2023-08-14 12:25:19,t1_jw5csmg,t3_15qvdxq,comment
jw5whjn,"Así puede tirar un poco más de NAFTA al fuego y
Total fueron los k ;-) ;-)",pabloivani,merval,2,2023-08-14 14:07:14,t1_jw5csmg,t3_15qvdxq,comment
jw61mza,"A ver, creo eres consiente de que ante ese resultado lo natural es dolarizarse y por eso sería muy tonto luchar contra tanta demanda y no perder dólares y puede no gustarnos pero trata de llegar a diciembre y bueno... Realmente creí sería más extrema la devolución... Igual quedan unos meses... Incluso deberíamos estar contentos de tener tiempo de comprar más dólares 🤣",jackjackjack78,merval,-1,2023-08-14 14:37:51,t1_jw5baqt,t3_15qvdxq,comment
jw6ivwf,Para un poco Milei!,Major-Firefighter261,merval,1,2023-08-14 16:21:40,t1_jw5baqt,t3_15qvdxq,comment
jw7jqt5,"Jajaja es muy zarpado, si miras la cotización del usdt a eso de las 20hs pasa de 620 a 715 jaja",elcaposper,merval,9,2023-08-14 20:06:27,t1_jw658qv,t3_15qvdxq,comment
jw717q6,"ESCÁNDALO Martin Redrado denunció que Massa ordenó al Central que deje escapar el dólar ""así aprenden a votar"" 🤡",MarceloTDF,merval,0,2023-08-14 18:09:27,t1_jw6yf9z,t3_15qvdxq,comment
jw6zoxw,"justamente a la tarde ví un tweet ""oficial""diciendo eso",MarceloTDF,merval,1,2023-08-14 18:00:35,t1_jw6yf9z,t3_15qvdxq,comment
jw59nqv,Porque la cagada ya la hicieron y hacer esto ahora les da la excusa de que es por culpa de otro y no de ellos.,[deleted],merval,20,2023-08-14 11:47:25,t1_jw56jod,t3_15qvdxq,comment
jw5dh2o,"En cualquier escenario se prendia fuego el pais, poco importa el relato que los políticos usen.",Any_Barracuda_9014,merval,6,2023-08-14 12:11:46,t1_jw56jod,t3_15qvdxq,comment
jw5qxww,"A esta altura ambas cosas general problemas; Si lo planchas, bajan las resevas. Si lo liberas, bajan las resrevas. Si no haces nada, bajan las reservas porque esta por default en un estado critico---

\*Cualquier\* cosa que se haga de aca en mas, porque el tiempo par ahacer las cosas a lo bruto ya paso, se tiene que planear cuidadosamente y escalonarse si el que lo aplica no quiere terminar en los libros de historia",simonbleu,merval,7,2023-08-14 13:34:15,t1_jw56jod,t3_15qvdxq,comment
jw59zh7,"Flaco, si no explicas por qué estás tomando una medida, no sirve.


Mucho peor si tomas una medida y culpas a la oposición por hacerlo.

No puedo creer que sean tan ingenuos. Mas allá de que la media sea correcta o no, conveniente o no, existe una utilización política del hecho...",[deleted],merval,12,2023-08-14 11:49:32,t1_jw56jod,t3_15qvdxq,comment
jw5yygo,pasa que ahora se van a pronunciar los efectos que ya vienen sucediendo.. y asi se piensa que queman al pais.. estan removiendo brazas nomas estos forros,Bulky_Rate3711,merval,1,2023-08-14 14:21:57,t1_jw56jod,t3_15qvdxq,comment
jw5q8w4,"El que creyo que en el 2019 el responsable era Alberto, ahora deberia pensar lo mismo de Milei, no?

Es medio absurdo hablar de culpas, el mercado actua y ya.",lalitox,merval,6,2023-08-14 13:30:02,t1_jw56obu,t3_15qvdxq,comment
jw59cji,"Concuerdo, pero siempre que quede claro por  qué lo hacen, no sirve si lo dejan flotar y culpan a otros. Peor no se comen el costo político, lo justifican diciendo, ahhh pero Macri, ahh pero milei, ahh pero Bullrich, nunca se van a hacer cargo y sus seguidores lo creen y te lo militan en cada momento",[deleted],merval,6,2023-08-14 11:45:25,t1_jw592f5,t3_15qvdxq,comment
jw7gen2,">Afilen esas tarjetas que de octubre a diciembre hay que comprarse todo

puede ser ahora o mejor espero?",bana722,merval,1,2023-08-14 19:43:55,t1_jw6l7d4,t3_15qvdxq,comment
jw64nve,Nos tocan a nuestros femboys y salimos a la calle a romper todo.,YoungLittlePanda,merval,2,2023-08-14 14:55:56,t1_jw5wo4x,t3_15qvdxq,comment
jw57p5q,"fue todo estrategico. No solo para no quedar peor sino que como advertencia de ""esto es lo que pasa con los mercados si asumen estas personas""

voy a necesitar muchos discos de meo..",BarbaDeMerlin,merval,18,2023-08-14 11:34:44,t1_jw56g28,t3_15qvdxq,comment
jw575bu,Pedían casi un 40%,Outrageous-Builder31,merval,2,2023-08-14 11:31:05,t1_jw56g28,t3_15qvdxq,comment
jw864gb,"trae el Fifa con Boquita listo para usar.


dale boooo",roberp81,merval,1,2023-08-14 22:40:19,t1_jw7tsii,t3_15qvdxq,comment
jw57gpw,[deleted],[deleted],merval,2,2023-08-14 11:33:11,t1_jw57088,t3_15qvdxq,comment
jw55vzu,[removed],[deleted],merval,6,2023-08-14 11:22:51,t1_jw55qtr,t3_15qvdxq,comment
jw5awns,[deleted],[deleted],merval,2,2023-08-14 11:55:26,t1_jw57cfr,t3_15qvdxq,comment
jw64266,"Pero los bancos no te vendía el dólar barato, te digo que tenés el sueldo en dólares más alto de la región, pero si querés 100 dólares te mando a la AFIP por burgués aristócrata y golpista.",Tremulans,merval,0,2023-08-14 14:52:18,t1_jw57cfr,t3_15qvdxq,comment
jwbq6tl,"Hay un par de politólogos (como Malamud) que ya andan comentando que aunque ganará Milei con el 100% no va a tener mayoría en el congreso por lo que sus leyes no las va a poder pasar sin negociar con ""la casta"", eso, o cierra el congreso como Fujimori en Perú.",ccorvito,merval,1,2023-08-15 16:11:35,t1_jw6w46t,t3_15qvdxq,comment
jw5skhh,"Si, ya se. Pero lo meten hoy",Loco_72,merval,5,2023-08-14 13:43:55,t1_jw5lmti,t3_15qvdxq,comment
jw5zbfb,"A ver, explicate.  Porque no lo hicieron hace una semana, hace un mes o gradualmente en el último año, en lugar de patinarse reservas tratando de frenar la cotización?",Loco_72,merval,3,2023-08-14 14:24:05,t1_jw5l1l2,t3_15qvdxq,comment
jw7a3mn,"Gracias por responder, como eso? Opero desde Bull Market",EsteNegrata,merval,0,2023-08-14 19:03:34,t1_jw71i8d,t3_15qvdxq,comment
jw7c0v1,Es lo mismo que hizo macri en 2019 cuando perdio las paso.. dejo volar el dolar,DanceNo4619,merval,1,2023-08-14 19:15:36,t1_jw7btsv,t3_15qvdxq,comment
jw72dfa,Hablame en cristiano que necesito ayuda,Few-Perception-8846,merval,3,2023-08-14 18:16:24,t1_jw62rss,t3_15qvdxq,comment
jw5wngh,"Oh sisi, serán dólares, pocos pero dólares 🤑",TheRosi,merval,1,2023-08-14 14:08:12,t1_jw5ryay,t3_15qvdxq,comment
jwbf21a,"probe iluso creyendo en ""economistas y politicos"" , el que evidentemente no entiende o vive en una nube de pedos sos vos amigo",milennium2,merval,2,2023-08-15 15:05:38,t1_jwa1ua2,t3_15qvdxq,comment
jw5xswl,"Nadie se vino venir esa curva ni un poco realmente. La distribución territorial que tuvo el voto libertario es rarísima, pero yo pienso que a fin de cuentas ganó porque el principal problema percibido del electorado argentino es de índole monetaria y mal que mal Milei es el único candidato que vendía política monetaria.

Capaz si lo dejaban a Massa ponerse full UCeDé de entrada la historia era otra.",TheRosi,merval,1,2023-08-14 14:15:08,t1_jw5m57e,t3_15qvdxq,comment
jw5wgyq,"Pero no así y es por causa de...
Todo está para abajo incluso repito  tus ingresos porque nadie y me incluyo  esperaba  que los otros  candidatos del Justicialismo/jxc  hagan tan mala elección en su conjunto la verdad fue muy baja/mala  en mi opinión.

Me da lastima que la moneda nacional se destruya así o se la intenté eliminar a futuro.
y bronca por todo lo malo que eso significa y que vivimos ya en el 2002.Y que ustedes  lo que votaron a este energúmeno de Milei y que seguramente  fue parte No.

Para mí Milei no es la solución al contrario.Por eso les pido que en Octubre vayan e inviten a votar pero piense  bien antes de hacerlo porque ayer no lo hicieron.Que cualquier otro candidato puede ser  mejor para todos  que el loco que ganó ayer.

Dicho esto termino aquí está conversación de mi parte.

Saludos libertarios devaluados...Libertad avancha la lancha...👈😄😆... Mejor reír.",WorthComfortable6245,merval,-6,2023-08-14 14:07:08,t1_jw5pjz2,t3_15qvdxq,comment
jwcipng,"No se, era obvio que iba a pasar esto pero colgue feo",Limp_Importance553,merval,1,2023-08-15 19:04:10,t1_jwc65w9,t3_15qvdxq,comment
jwhib6y,"Esto le da la razon a milei, el pais no necesita politicos, en piloto automatico funciona igual o mejor.",[deleted],merval,1,2023-08-16 18:02:16,t1_jweuvwh,t3_15qvdxq,comment
jw9ba87,Pero entonces porque subió el blue inmediatamente. Cuál es el precio del mercado? Quienes lo definen? 5 tipos en la city?,NicoN_1983,merval,1,2023-08-15 05:17:29,t1_jw5vksj,t3_15qvdxq,comment
jw76n7y,Por lo que estuve leyendo seria que Massa estuvo [aplicando un conjunto de medidas](https://eleconomista.com.ar/economia/vuelve-clasico-preelectoral-frena-ritmo-devaluacion-n58921) para evitar la devaluación. Le soltó la correa al dólar justo ahora dejando que [el aumento se sienta posterior a las paso](https://www.laizquierdadiario.com/Lo-que-no-dijo-en-campana-Massa-devaluo-y-subio-un-22-el-dolar-tras-los-resultados-de-las-PASO).,Skeletorthewise,merval,11,2023-08-14 18:42:23,t1_jw743vh,t3_15qvdxq,comment
jw7f3gd,"no es un castigo por las elecciones, lo tenían que hacer si o si, sino el FMI no le soltaba la guita, con esto se asegura 2 cosas:  
\- que el fmi mande la guita  
\- que los importadores no desplumen al bcra  


es un plan ""aguantar"", y es lógico",Upstairs-Iron-5014,merval,17,2023-08-14 19:35:15,t1_jw743vh,t3_15qvdxq,comment
jw7c8zn,Cuales restricciones al dolar tarjeta?,ANiceWolf68,merval,1,2023-08-14 19:17:01,t1_jw743vh,t3_15qvdxq,comment
jwssn9q,Si el valor de referencia es el blue porque una devaluación del oficial también empujó a los paralelos y financieros?,elpibeGBA,merval,1,2023-08-18 21:53:00,t1_jw743vh,t3_15qvdxq,comment
jw5d75r,"Algo tengo en mente, veremos cómo sigue la mañana.",Outrageous-Builder31,merval,2,2023-08-14 12:10:02,t1_jw5b6cb,t3_15qvdxq,comment
jw63jm2,y si el pintor te mantiene el precio no pasa nada...,No_Cold5079,merval,4,2023-08-14 14:49:15,t1_jw5hm25,t3_15qvdxq,comment
jw5l9je,"Si no actualizaron la tasa de interés... Cosa que no creo. Yo también compraba solo dólar en algún momento, se aprende de a poco como invertir tu plata, tranqui.",Outrageous-Builder31,merval,4,2023-08-14 12:59:54,t1_jw5hm25,t3_15qvdxq,comment
jw5sh8q,"A futuro lo que podes hacer es comprar MEP y cambiarlo cuando lo necesites, igual fue un caso especial ahora por las elecciones.",VampiroMedicado,merval,1,2023-08-14 13:43:23,t1_jw5hm25,t3_15qvdxq,comment
jw657o1,"aguantá, rockefeller",Mr_Brightstar,merval,9,2023-08-14 14:59:12,t1_jw63etd,t3_15qvdxq,comment
jw6578o,"Si, pero era lo que había separado para finde mes. Anda a saber cuánto cae hoy. El miércoles pase a mep los últimos pesos que tenía y me olvidé de desarmar esa FCI. Menos mal que son 140 k y no 1.4 M 


😂",Outrageous-Builder31,merval,2,2023-08-14 14:59:08,t1_jw63etd,t3_15qvdxq,comment
jw660om,Compre zapas puma a 30k antes de q suba el dolar asi q le alcanza xd,SagotoSan,merval,1,2023-08-14 15:03:59,t1_jw63etd,t3_15qvdxq,comment
jwc2d3o,"de cuanto fue la devaluacion? subio 4.8% en pesos mientras esos pesos de devaluaron un 22%. 

Igual fue poca guita en mi caso.",Outrageous-Builder31,merval,1,2023-08-15 17:23:52,t1_jwc2428,t3_15qvdxq,comment
jw5ckwf,"Yo no reventé las cuotas, dormí como chorlito. Le di prioridad de tiempo a otras cosas y bue...",EconomicsDirect7490,merval,18,2023-08-14 12:06:08,t1_jw54efe,t3_15qvdxq,comment
jw5qrmp,"No hagas acordar que quiero cortarmela en julianas.  Compre bastante cedear, mep y usdt pero me quedaron varios pesos en plazos fijos y fci.",SimilarBeautiful2207,merval,7,2023-08-14 13:33:13,t1_jw54efe,t3_15qvdxq,comment
jw68b8u,"Seguí la misma lógica, me compré unas lindas nikes y saqué 12 cuotas de 30 lucas para sacar la ciudadanía italiana. Qué va a ser. La cagada de hacer esto es si son cosas que no necesitabas, osea estás obligado a quemar pesos.",LocksmithEven4085,merval,4,2023-08-14 15:17:50,t1_jw54efe,t3_15qvdxq,comment
jw56eb3,"Yo me olvidé $140 k en una FCI, pero el resto hice lo mismo mep + mep + mep. Dependiendo de cómo evolucione la mañana veré si entro en algo.",Outrageous-Builder31,merval,9,2023-08-14 11:26:11,t1_jw54efe,t3_15qvdxq,comment
jw7hcem,Cobrando el sueldo un dia antes de las elecciones mirando con lamento como se van a devaluar porque no llego a cambiarlos,Treesud,merval,1,2023-08-14 19:50:11,t1_jw54efe,t3_15qvdxq,comment
jw9bhjr,Jaja yo estuve en el exterior y me comí un montón de ahorros en moneda extranjera para mantenerme! Que suerte que tengo plazos fijos en pesos! Estoy salvado,NicoN_1983,merval,1,2023-08-15 05:20:07,t1_jw54efe,t3_15qvdxq,comment
jw5gp4g,ajajajajaaj lpm,Dazzling-Crying,merval,13,2023-08-14 12:31:58,t1_jw5fokr,t3_15qvdxq,comment
jw5r6b4,Tranqui somos dos,[deleted],merval,5,2023-08-14 13:35:37,t1_jw5fokr,t3_15qvdxq,comment
jw5gpqu,"No es lo que dije, pensé que estaba en Merval no en DankArgentina",EconomicsDirect7490,merval,23,2023-08-14 12:32:05,t1_jw5fmnu,t3_15qvdxq,comment
jw5n491,"No se si viste, pero anoche publicaron los resultados de las elecciones, mas del 60% del electorado manifesto que no le cree nada al Kirchernismo.",v4nguardic,merval,11,2023-08-14 13:11:12,t1_jw59nqv,t3_15qvdxq,comment
jw6lvt4,"En 2019 no fue Macri y hoy no es Massa, en 2019 fué la vuelta del peronismo y hoy es la incertidumbre, la gente que habla como que Milei ya es presidente esta en un cumple y los mercados no son tan boludos, saben que cualquiera de los 3 tiene chances y en lo personal, siendo que los votos de larreta se reparten entre Bullrich y Massa me parece que Milei va a ir a ballotaje y perder contra Massa.",[deleted],merval,7,2023-08-14 16:39:26,t1_jw5q8w4,t3_15qvdxq,comment
jw5zsfi,"Cuando le entregaron el gobierno a Macri destaparon antes la olla para que a él le suba. Luego Macri entregó el dólar ""alto"" cuando no salió reelecto, y los K hicieron campaña con eso. Con que ""habían arrasado todo"".   
¿Cómo el tipo más pro-mercado va a desestabilizar a ""los mercados""? El gobierno ahora le suelta la mano al dólar para echar culpas ajenas. No se van a hacer cargo, juegan a olvidarse con que son ellos los que están en el poder todavía hasta fin de año.

No sé qué tan absurdo sea hablar de culpas. Tenés gente que se quiere perpetuar en el poder, gente que por algún motivo está pasando hambre y aún así vota a los que les están haciendo pasar hambre, y gente que quiere sacar a los parásitos del sistema. Ya desde el vamos es una pelea difícil y se nota todo lo que hacen los K/peronchos para quedar como los buenos de la película. Y la gente compra...",Fedoteh,merval,4,2023-08-14 14:26:52,t1_jw5q8w4,t3_15qvdxq,comment
jw5av0g,"Vos me estás diciendo que entonces depende de quién diga ""voy a levantar el cepo"" puede ser bueno o malo?
Si nos vivimos quejando porque el dólar no flota que debería estar más arriba etc etc  pero ahora el dólar sube y es algo malo?",ImpossiblePressure89,merval,8,2023-08-14 11:55:08,t1_jw59cji,t3_15qvdxq,comment
jw5dlob,"Amigo tuviste 24/7 a todos los canales diciendo que Milei va a ir a tu casa con un bisturí a sacarte los órganos y la gente lo votó.

Ya esa etapa pasó, pueden decir lo que quieran.",ThunderWriterr,merval,8,2023-08-14 12:12:37,t1_jw59cji,t3_15qvdxq,comment
jw5n09h,"No era lo mismo con la ""pesada herencia"" durante la presidencia de Macri ? Porque pareciera que es de un solo lado. No nos olvidemos de que el dólar también estalló apenas ganó Alberto, y ni siquiera era presidente.",LemonTank91,merval,5,2023-08-14 13:10:31,t1_jw59cji,t3_15qvdxq,comment
jw5d6uy,Esa gimnasia mental la van a hacer siempre amigo. Le estás pidiendo mucho al peronismo/kirchnerismo si querés  que se hagan cargo de algo malo que hicieron...,Aspry19,merval,1,2023-08-14 12:09:59,t1_jw59cji,t3_15qvdxq,comment
jw65116,"JAJAJAJJA, no toquen a los trolos porque hacemos mierda todo, Na pero posta, los trolos van a seguir siendo así y no van a perder nada, solo está en contra del aborto, cosa que tampoco creo que derrogue por un tema de presión social, pero tampoc para decir que nos sacan los derechos, el derecho más importante que es el de la vida y seguridad, no los tenemos en argentina así que se vayan a cagar",No_Chipmunk5871,merval,3,2023-08-14 14:58:07,t1_jw64nve,t3_15qvdxq,comment
jw5c6jp,"Mira si los mercados van a bajar porque gana un pro mercado jajajaa

más armado imposible esto",roberp81,merval,1,2023-08-14 12:03:36,t1_jw57p5q,t3_15qvdxq,comment
jw5ex6d,[deleted],[deleted],merval,3,2023-08-14 12:20:56,t1_jw57gpw,t3_15qvdxq,comment
jw5720i,"La brecha sigue altísima, realmente 350$ el valor oficial no es nada.",ginoskyy,merval,5,2023-08-14 11:30:30,t1_jw55vzu,t3_15qvdxq,comment
jw5b3gx,"Si, hasta que en 2014 devaluaron un 33% por no tener 200 millones de dólares para vender. 

Fue la devaluación de ""ups, no me di cuenta"" de kicillof, el genio!",Outrageous-Builder31,merval,6,2023-08-14 11:56:38,t1_jw5awns,t3_15qvdxq,comment
jw65ga6,"Porque eso se hace siempre ""después de ir a votar"".",Outrageous-Builder31,merval,3,2023-08-14 15:00:38,t1_jw5zbfb,t3_15qvdxq,comment
jwa49hn,En cedears creo que es spy o syp El código... No recuerdo bien...,peendrive,merval,2,2023-08-15 10:13:02,t1_jw7a3mn,t3_15qvdxq,comment
jw7el70,"Si, búscalo que está porque yo tengo",sam_inusual,merval,1,2023-08-14 19:31:57,t1_jw7a3mn,t3_15qvdxq,comment
jw7ccgp,"la devaluacion se veia venir, capas devaluaban menos si ganaban, o mas... es asi de loco todo.",Outrageous-Builder31,merval,2,2023-08-14 19:17:38,t1_jw7c0v1,t3_15qvdxq,comment
jw75vsq,"Dólar mep es un dólar legal que podes comprar ilimitado. Las plataformas que nombré son brokers online que te permiten comprar dólar mep, acciones argentinas y cedears (acciones extranjeras en pesos) pero lo importante y simple es el dólar mep... Busca con google porfolio personal inversiones (ppi) o Balanz o Inviu que son las mejorcitas según yo... iol es invertironline pero si página suele tener problemas así que no puedo recomendartela...",jackjackjack78,merval,4,2023-08-14 18:37:43,t1_jw72dfa,t3_15qvdxq,comment
jwcjyn8,"Obvio que elijo creer en un economista que estuvo décadas trabajando para empresas gigantezcas, diversos países del primer mundo, y que fue hasta asesor político. Vos en cambio en quien creés, Massa, Cristina, Larreta? O sea confiás EN ABOGADOS CASTA? 💀",kroban_d4c,merval,2,2023-08-15 19:12:24,t1_jwbf21a,t3_15qvdxq,comment
jw5yck0,"Por algo los gobernadores desdoblaron la elección, si los militantes no lo vieron venir es una cosa, ellos si. Yo esperaba algo por arriba del 20% a nivel nacional, pero no que fuera el más votado.",Outrageous-Builder31,merval,0,2023-08-14 14:18:23,t1_jw5xswl,t3_15qvdxq,comment
jw60ia1,"La devaluación iba a pasar gane quien gane, el descalabro ya está hecho, las pésimas decisiones económicas te hacen mierda una moneda, no un nombre, y jamás dije a quien vote salamin",megalogo,merval,3,2023-08-14 14:31:09,t1_jw5wgyq,t3_15qvdxq,comment
jw611gn,"Osea que tenemos que ser agradecidos de haber pasado de un dólar a 50 a 580 en 4 años, con una inflación del 120% anual.

La moneda ya se viene haciendo verga hace años... El mercado reaccionó así por la incertidumbre, 30-40% cayó cuando ganó Alberto las paso, ni cerca a lo de hoy, de hecho ya está volviendo a los valores de la semana pasada en varias",fernetvittone,merval,3,2023-08-14 14:34:21,t1_jw5wgyq,t3_15qvdxq,comment
jwcjn91,Mal. Pero siempre se aprende algo nuevo.,Outrageous-Builder31,merval,1,2023-08-15 19:10:18,t1_jwcipng,t3_15qvdxq,comment
jw9nsb2,Sí. Quizás sean 2 o 3 tipos,luislezcair,merval,1,2023-08-15 07:52:24,t1_jw9ba87,t3_15qvdxq,comment
jw9guv4,"Si hubieran hecho mejores resultados o quedado en el lugar de Milei, seguro que iban intentar aguantar más para llegar a Octubre.",SamwiseGamgee87,merval,4,2023-08-15 06:29:41,t1_jw7f3gd,t3_15qvdxq,comment
jwglg6a,"Si tenian que ajustar, por que lo iban a hacer antes? les convenia mucho mas hacerlo despues de elecciones y hecharle la culpa a Milei. De hecho en todos los canales de aire estabas diciendo eso, q subio el dolar porque Milei salio 1ro... corchazo lindo al pueblo y la culpa se la tiran a otro... es negocio para los peronchos q saben muy bien de esas jugadas inmundas.",Acrobatic-South-9558,merval,2,2023-08-16 14:48:02,t1_jw7f3gd,t3_15qvdxq,comment
jw7o50b,[removed],[deleted],merval,0,2023-08-14 20:36:20,t1_jw7f3gd,t3_15qvdxq,comment
jw7cgwd,"Baja del impuesto para dólar Qatar, del 45% al 5%, para que no convenga ir al blue para pagar la tarjeta, te quedaba en 780 por ahí y ahora queda en 670 por ahi",Santiagojordan81,merval,2,2023-08-14 19:18:25,t1_jw7c8zn,t3_15qvdxq,comment
jw5tyc2,"cuando me pusieron en blanco intenté hacer el trámite para comprar dolare official y me pusieron 129041 trabas y me llenó los huevos, pra comprar mep es solo una app de exchange y compro de ahí? para bajarlo lo tengo que pasar al banco y retirarlos por cajero ?",FullmetalEzio,merval,3,2023-08-14 13:52:04,t1_jw5sh8q,t3_15qvdxq,comment
jw815l5,"buenas, me pasas data del tema de la ciudadanía porfa? hace meses y meses que no conseguimos turno en el prenota",hellabuster,merval,1,2023-08-14 22:05:32,t1_jw68b8u,t3_15qvdxq,comment
jw6jp3u,">para sacar la ciudadanía italiana.

Conseguiste turno? Cómo hiciste? Mandame por MP porfa!!!",StillCalm_2021,merval,-2,2023-08-14 16:26:26,t1_jw68b8u,t3_15qvdxq,comment
jw5tmul,"No, más del 60% del electorado manifestó desacuerdo con su gestión. El problema es que eso no quiere decir que no se puedan dar vuelta.",Tank_Gloomy,merval,8,2023-08-14 13:50:13,t1_jw5n491,t3_15qvdxq,comment
jw5h1jt,Se llama credibilidad.,spender-2001,merval,6,2023-08-14 12:34:08,t1_jw5av0g,t3_15qvdxq,comment
jw5rf7y,"Cuando la gente dice que el dolar deberia subir, se refiere al oficial y solo eloficial osea, cerrar la brecha. Y que pase X no significa que tenga que pasar a una velocidad Y.

Miralo como cocinar: Tarde o temprano si tenes una milanesa la vas a tener que cocinar porque se pudre. Si le pones poco fuego, se seca o queda cruda. Si le pones mucho fuego, se quema. EL punto medio igual requiere fuego, pero tenes que estar mirandola y sabiendo lo que haces si no queres comer una suela de zapato

Y respecto al sesgo de accion.... el mercado esta compuesto de mucha gente, cada persona confia en distintos politicos de manera distinta. La reaccion del mercado ante un evento caotico como el de anoche es, bueno, caos. Se huelen problemas y van corriendo a rescatar. De hecho, dados los resultados, bastante tranqui todo, en especial comparado con el nefasto 2019, lo cual deja en claro que por ese lado no viene tan mal",simonbleu,merval,2,2023-08-14 13:37:05,t1_jw5av0g,t3_15qvdxq,comment
jw5j990,"Los mercados bajan por la incertidumbre.  
Ayer podíamos tener un panorama de qué se venía los próximos 4 años, pero lo único que tuvimos fue un escenario de máxima incertidumbre.  
Hoy es imposible saber quién gana en Octubre, ya ni siquiera entre 2 partidos, si no entre 3!  
Una victoria en primera rueda parece muy difícil para cualquiera, y el balotaje entre 2 de esos 3 puede ser cualquier cosa.  
Obvio que hoy el que se siente ganador es Milei porque superó con creces sus expectativas, pero para octubre esto es una lotería gigante, y eso a los mercados los va a espantar.",--Quartz--,merval,14,2023-08-14 12:47:40,t1_jw5c6jp,t3_15qvdxq,comment
jw5cat9,"Malditos mercados, arruinaron el mercado",BarbaDeMerlin,merval,7,2023-08-14 12:04:21,t1_jw5c6jp,t3_15qvdxq,comment
jw6cppq,Muy técnico lo tuyo.,Loco_72,merval,1,2023-08-14 15:44:24,t1_jw65ga6,t3_15qvdxq,comment
jwa8zcy,"Gracias! ahora lo busco, por las dudas que vendria a ser un indice?",EsteNegrata,merval,1,2023-08-15 10:46:22,t1_jwa49hn,t3_15qvdxq,comment
jw7ecl7,"Jaja contate otro.. Si ganaba massa y union por la patria.. apuesto mi casa y 100.000 dolares a que hoy no devaluaban 25%..   eso es corrupcion, es usar la politica monetaria del pais que administras para hacer la campaña politica..

Con mas razon hay que votar a milei",DanceNo4619,merval,1,2023-08-14 19:30:25,t1_jw7ccgp,t3_15qvdxq,comment
jwgmis2,"no hay negocio posible, aunque creo que tienen mas chances que bullrich de ir a segunda a vuelta, se van a comer tremendo pijazo, y lo saben. Están resignados. A esta altura, solo quieren evitar el helicoptero.",Upstairs-Iron-5014,merval,2,2023-08-16 14:54:15,t1_jwglg6a,t3_15qvdxq,comment
jw7szt4,"las devaluaciones se hacen de una,  y si lo hacían antes del domingo sacaban 10%.   
Necesitan del FMI para que no reviente todo y no les servía ir devaluando de a poquito hasta octubre.",Upstairs-Iron-5014,merval,4,2023-08-14 21:09:31,t1_jw7o50b,t3_15qvdxq,comment
jw7h2qq,Quizas no la estoy cazando pero no entiendo donde esta el problema. Antes se vendia blue para pagar la tarjeta porque estaba mas caro que el dolar Qatar?,ANiceWolf68,merval,1,2023-08-14 19:48:25,t1_jw7cgwd,t3_15qvdxq,comment
jw5uil9,"Para el MEP te bajas cualquier app de brokers como puede ser IOL/Balanz/etc., les transferis plata y luego apretas el boton de comprar dolar MEP que tienen todas las apps (podes hacerlo manualmente comprando AL30/GD30 o AL29, pero tenes que saber que haces).

Luego de 24h se depositan los bonos a tu cuenta y luego esos se venden por dolares, en tu cuenta del broker aparecen los dolares y los depositas en tu cuenta del banco para luego poder retirarlos por caja.

OJO! Solo podes hacer una transferencia por mes a tu cuenta USD de tu nombre (tu banco) pero infinitas* al broker.",VampiroMedicado,merval,5,2023-08-14 13:55:25,t1_jw5tyc2,t3_15qvdxq,comment
jw9h5ye,"La hice hace varios años, pero según recuerdo era los miércoles a no me acuerdo qué horario que habilitan turnos. Tardé como 6 semanas dandole al F5 para poder conseguirlo. La data me la había tirado el de seguridad en el consulado Italiano en microcentro.",SamwiseGamgee87,merval,3,2023-08-15 06:33:34,t1_jw815l5,t3_15qvdxq,comment
jw9ee2d,Soy italiano y tengo que renovar el pasaporte. (Actualmente vivo en argentina). Mi viejo dice que en italia está imposible renovarlo y acá en argentina es un quilombo también. Me informé y algunos dice de reservar turno online tipo 3/4 de la mañana. Está dificil igual porqué te piden datos muy especificos.,Inevitable_Dance980,merval,1,2023-08-15 05:58:10,t1_jw815l5,t3_15qvdxq,comment
jw5u9wt,"Si eso te hace dormir mas tranquilo, repetilo con gusto.   
Cada uno con lo suyo.  
Un saludo",v4nguardic,merval,1,2023-08-14 13:53:58,t1_jw5tmul,t3_15qvdxq,comment
jw5qb2u,[deleted],[deleted],merval,6,2023-08-14 13:30:25,t1_jw5j990,t3_15qvdxq,comment
jw5rqcw,"Yo creo que le vimos el altillo (un peso para el techo) a los K, y se viene balotaje entre Milei y Bullrich.",VampiroMedicado,merval,3,2023-08-14 13:38:56,t1_jw5j990,t3_15qvdxq,comment
jw5ckkr,"como dijo Grabois cuando le preguntaron por los mercados.

yo no voy a permitir que Coto aumente los precios.

el único mercado qué conocía...",roberp81,merval,8,2023-08-14 12:06:04,t1_jw5cat9,t3_15qvdxq,comment
jwl9298,"Es una combinación de acciones, hay distintos criterios para agruparlas y en teoría lo haces para diversificar de manera sencilla. La idea del Sp500 es que las 500 empresas más grandes tendrían que ser las menos propensas a bajar su valuación pero no siempre es verdad...
Como te digo por ahí conviene hacer un poco de investigación. La mayoría de los índices le ganan a personas tratando de invertir de manera individual, a no ser que sean muy buenos en lo que hacen... Pero siempre es bueno investigar y elegir en base a lo que te haga sentir comodo",peendrive,merval,2,2023-08-17 12:45:17,t1_jwa8zcy,t3_15qvdxq,comment
jw7ojgp,"Necesitaban devaluar para que el fondo les gire la guita que necesitan para llegar con la cabeza pegada al resto del cuerpo a octubre.

Iba a pasar de todas maneras",Iasus_Faraway,merval,1,2023-08-14 20:39:03,t1_jw7ecl7,t3_15qvdxq,comment
jw7ursa,[removed],[deleted],merval,-4,2023-08-14 21:21:37,t1_jw7szt4,t3_15qvdxq,comment
jw7j2o1,"Yo tampoco caze muy bien pero no va por el lado de pagar la tarjeta usando dolares en vez de ir a cambiar tu dolar a valor blue y pagar la tarjeta, asi recaudan mas dolares? O estoy flasheando, no se si se puede pagar asi la tarjeta",xXQuemeroXx,merval,1,2023-08-14 20:01:53,t1_jw7h2qq,t3_15qvdxq,comment
jw5upt7,muchisimas gracias !,FullmetalEzio,merval,2,2023-08-14 13:56:37,t1_jw5uil9,t3_15qvdxq,comment
jw64wxj,"Por más que haga todas las operaciones en el broker.. si no me dejan abrir caja de dolares en mi banco, no puedo de ninguna manera tenerlos en el banco no?
Puedo tenerlos físicamente si hago P2P solamente?

Estoy aprendiendo de a poco",Born_Couple7073,merval,1,2023-08-14 14:57:26,t1_jw5uil9,t3_15qvdxq,comment
jwc02hs,"sisi, es varios días a la semana a las 19 hs, pero está imposible conseguir turno",hellabuster,merval,1,2023-08-15 17:10:06,t1_jw9h5ye,t3_15qvdxq,comment
jwhajli,"literal hoy saqué turno para pasaporte en la página del consulado italiano... conseguí para mediados de septiembre al primer intento.

Dónde viste que sea un quilombo??",olm3,merval,1,2023-08-16 17:16:47,t1_jw9ee2d,t3_15qvdxq,comment
jw5usnk,"No te estoy diciendo que esté de acuerdo con el gobierno actual, te estoy diciendo que lo malo es que se pueden dar vuelta. Les regalás un par de planes y un par de terrenos fiscalizados y listo.",Tank_Gloomy,merval,6,2023-08-14 13:57:05,t1_jw5u9wt,t3_15qvdxq,comment
jw5v48j,Massa sigue y dudo que los radichetas voten a Bullrich o milei por eso habría que pensar que Massa ahora tiene un 10 por ciento más,RevolutionaryEye7610,merval,1,2023-08-14 13:59:01,t1_jw5qb2u,t3_15qvdxq,comment
jwli1ja,"Te estoy agradecido, siempre con ganas de aprender, me sirve la info! Todo vuelve, exitos!",EsteNegrata,merval,2,2023-08-17 13:38:59,t1_jwl9298,t3_15qvdxq,comment
jw7wt47,[removed],[deleted],merval,2,2023-08-14 21:35:27,t1_jw7ursa,t3_15qvdxq,comment
jw67ke0,"No, si no tenes caja no podes directamente sacarlos del broker y la caja tiene que estar a tu nombre.

Las unicas que te quedan si queres dolares es cueva, o cripto (y cueva).",VampiroMedicado,merval,3,2023-08-14 15:13:19,t1_jw64wxj,t3_15qvdxq,comment
jw5xbok,"El voto Milei + Bullrich es un voto idelogicamente similar.   
Sabiendo que Ballotage hay si o si, Massa esta muerto en vida. Va a perder contra cualquiera que tenga en frente, si entra.",v4nguardic,merval,4,2023-08-14 14:12:15,t1_jw5usnk,t3_15qvdxq,comment
jw7zs3r,[removed],[deleted],merval,-6,2023-08-14 21:55:53,t1_jw7wt47,t3_15qvdxq,comment
jw6p7h5,Gracias amigo,Born_Couple7073,merval,2,2023-08-14 16:59:04,t1_jw67ke0,t3_15qvdxq,comment
jw879td,[removed],[deleted],merval,2,2023-08-14 22:48:33,t1_jw7zs3r,t3_15qvdxq,comment
jxf1yih,Ni oportunidad de pedirla tuve y ya la sacan...,Carkismaster,merval,93,2023-08-23 11:39:43,t3_15z5d8b,t3_15z5d8b,comment
jxf2x2z,Cómo que tenés que irte si recién te vi llegar 🎶,gabo98100,merval,81,2023-08-23 11:45:37,t3_15z5d8b,t3_15z5d8b,comment
jxffj9b,Fue un gusto tenerla de adorno y nunca usarla.,MangoPoliceOK,merval,78,2023-08-23 13:04:10,t3_15z5d8b,t3_15z5d8b,comment
jxf50zo,"Según ví no solo la sacaron en Argentina, en otros países de LatAm también.

De igual forma estaban entrando en un mercado difícil, si quiero una tarjeta que me convierta cripto a pesos emitida localmente ya tenemos a Lemon, Belo, Buenbit y además tienen otras funcionalidades más útiles para nosotros.

Por ejemplo Belo puede recibir plata de Pix o comprar giftcards.",ThunderWriterr,merval,45,2023-08-23 11:58:54,t3_15z5d8b,t3_15z5d8b,comment
jxfes0l,La pedí solo porque había un sorteo de 1 BTC y nunca la usé kjjj.,Moudrostt,merval,15,2023-08-23 12:59:28,t3_15z5d8b,t3_15z5d8b,comment
jxf2jno,F por los que se regalaron...,Cosmic_Barrilet,merval,38,2023-08-23 11:43:18,t3_15z5d8b,t3_15z5d8b,comment
jxfbzja,"Yo relacionaría esto con la baja del sponsoreo de la AFA, me parece que están achicando gastos a full y sobre todo en los mercados menos rentables.",devcba,merval,19,2023-08-23 12:42:17,t3_15z5d8b,t3_15z5d8b,comment
jxfo3xl,duro loq eu dura la estabilidad del dolar en este pais...,GsusSchreiber,merval,5,2023-08-23 13:56:25,t3_15z5d8b,t3_15z5d8b,comment
jxfg9mo,"mejor, con esto no aumentan las chances de que no buchoneen en el p2p?",yapel,merval,4,2023-08-23 13:08:40,t3_15z5d8b,t3_15z5d8b,comment
jxfiivx,"Vino con un límite ridículo tipo Ar$10.000 diarios y no lo pude aumentar. En el exterior nunca la pude usar. No servía de nada, no la voy a extrañar.",mschabas,merval,9,2023-08-23 13:22:32,t3_15z5d8b,t3_15z5d8b,comment
jxge36j,Nació muerto,Stock_Advisor,merval,3,2023-08-23 16:32:10,t3_15z5d8b,t3_15z5d8b,comment
jxfgusx,El rate al q te convertía era malisimo  igual,Sad_PIMO,merval,2,2023-08-23 13:12:20,t3_15z5d8b,t3_15z5d8b,comment
jxfidqz,ni la use,mattblackhill,merval,2,2023-08-23 13:21:41,t3_15z5d8b,t3_15z5d8b,comment
jxg5h3t,Pero lpm,Hedonhel,merval,2,2023-08-23 15:39:04,t3_15z5d8b,t3_15z5d8b,comment
jxg6zwp,Noo vuelve.. Willy aún te ama,cientoquince,merval,2,2023-08-23 15:48:06,t3_15z5d8b,t3_15z5d8b,comment
jxfeu1m,Un boom a la confianza a la plataforma.,hernaaan,merval,3,2023-08-23 12:59:49,t3_15z5d8b,t3_15z5d8b,comment
jxg08xf,La están retirando paulatinamente de todos los mercados latam. Es un gasto a contramano de la tendencia mundial de efectuar pagos por transferencias directas mediante el uso de apps,No_Wealth8633,merval,2,2023-08-23 15:08:00,t3_15z5d8b,t3_15z5d8b,comment
jxg3a7a,"Nadie pide una tarjeta crypto para usarla legalmente. 
Binance es bueno por el p2p y la confianza en la plataforma",Anxious_monkey20,merval,2,2023-08-23 15:26:02,t3_15z5d8b,t3_15z5d8b,comment
jxgvdc0,"Yo la usaba porque me daba paja hacer p2p, mucho más directo para ciertas compras",Ealstrom,merval,2,2023-08-23 18:18:45,t3_15z5d8b,t3_15z5d8b,comment
jxg9rkp,Peronia lo hizo,LordMcclane,merval,1,2023-08-23 16:05:09,t3_15z5d8b,t3_15z5d8b,comment
jxfi4km,"Que se caguen por boludos los que compraron espejitos de colores es como cuando llego Glovo a ""innovar en el mercado de entregas inmediatas"", 2 años duraron y se fueron a la mierda",Murciusss,merval,0,2023-08-23 13:20:08,t3_15z5d8b,t3_15z5d8b,comment
jxhaa0z,Era obvio.,InvestorStocks,merval,0,2023-08-23 19:56:25,t3_15z5d8b,t3_15z5d8b,comment
jxhaz8x,Mas anunciado que el default de los AL30 y los tontos que terminan rekteados por seguir los consejos del baron del merval o de ozono.,InvestorStocks,merval,0,2023-08-23 20:01:17,t3_15z5d8b,t3_15z5d8b,comment
jxfj0sw,"Y quien se quedaria en Argentina no? ... La app sigue funcionando pero la tarjeta como mostras deja de funcionar, seamos realistas a esta altura ni milei ni bullrich ni Larreta ni massa ni macri ni cristina ni superman salva a argentina",FederalAd5361,merval,-2,2023-08-23 13:25:36,t3_15z5d8b,t3_15z5d8b,comment
jxfqvlr,Jajajajajajajaja ni Binance es viable en Argentina jajajja,[deleted],merval,0,2023-08-23 14:13:04,t3_15z5d8b,t3_15z5d8b,comment
jxgbkdk,Esto afecta a Lemon Cash?,hernanemartinez,merval,1,2023-08-23 16:16:24,t3_15z5d8b,t3_15z5d8b,comment
jxgsdvm,"La voy a tener como un recuerdo, igual nunca la use",ASMguitar_02,merval,1,2023-08-23 18:00:10,t3_15z5d8b,t3_15z5d8b,comment
jxhxoim,"Hoy lo contaba en mi canal ''Criptoniano'' en  Youtube. La verdad... la pedi de curiosidad hace un tiempo y la use 2-3 veces. Tal como contaba en el video, mas alla de los posibles controles de AFIP y demas que uno podria quedar algo expuesto, la cotización en comparación al P2P era siempre MALISIMA. Por lo tanto no tenia ningún sentido.",No-Emotion-889,merval,1,2023-08-23 22:42:14,t3_15z5d8b,t3_15z5d8b,comment
jxi4h57,Desde un principio vi la tarjeta como un buen marcalibros,rogue-alpha,merval,1,2023-08-23 23:32:41,t3_15z5d8b,t3_15z5d8b,comment
jxj620h,ni llegue a pedirla xD,Infamous-Arachnid-30,merval,1,2023-08-24 06:35:13,t3_15z5d8b,t3_15z5d8b,comment
jxjk51h,ahora no habrá comunicaciones entre AFIP y Binance?,jjmarcan0,merval,1,2023-08-24 09:08:42,t3_15z5d8b,t3_15z5d8b,comment
jxk7r3b,"Yo la había hecho bien en coto, compré con mp y gane descuento y reintegro. En fin, solo servirá para tomar merca",halconnegro2006,merval,1,2023-08-24 11:59:25,t3_15z5d8b,t3_15z5d8b,comment
jxk8xou,Los primeros días podías usar la virtual para comprar usdt en exchanges del exterior directamente y por un error no te cobraban impuestos. La explote mientras duro,Boredhau,merval,1,2023-08-24 12:06:56,t3_15z5d8b,t3_15z5d8b,comment
jxkawpi,"se fueron de muchos mercados, no solamente argie",Harryman501,merval,1,2023-08-24 12:19:22,t3_15z5d8b,t3_15z5d8b,comment
jxkksw2,Fui quizás de los primeros en pedirla y JAMÁS me la mandaron. Que se la metan en el orto.,[deleted],merval,1,2023-08-24 13:20:07,t3_15z5d8b,t3_15z5d8b,comment
jxqzau0,"Yo la pedí. La usé un par de veces.
El tipo de cambio es confuso. 
La primera vez que la usé, el USDT estaba $480 pero me tomó $418. No hay forma de saber a qué cambio te va a cobrar.
Una vez con el dólar a $650 me lo tomó como $564. Lo mismo con otras criptos. Nunca más la usé.
Prefiero la tarjeta de Lemon. Tiene precio de compra y venta, y cuando pagas algo sabés a qué precio te va a tomar el USDT. Y la diferencia es ínfima en comparación a Binance, un par de pesos. 
Lo único bueno que tenía era el diseño. Nada más.",[deleted],merval,1,2023-08-25 18:23:19,t3_15z5d8b,t3_15z5d8b,comment
jxqzeq6,No te perdés de nada.,[deleted],merval,2,2023-08-25 18:24:02,t1_jxf1yih,t3_15z5d8b,comment
jxfap5h,Solo me das en un rato lo que tenes para dar 🎶,Real_Buy_9146,merval,16,2023-08-23 12:34:21,t1_jxf2x2z,t3_15z5d8b,comment
jxmmish,Literalmente la saqué y la habré usado… 0 veces.,gordoobesogaymer,merval,2,2023-08-24 21:13:19,t1_jxffj9b,t3_15z5d8b,comment
jxh1g7n,Te juro,Alexmata89,merval,4,2023-08-23 18:57:08,t1_jxffj9b,t3_15z5d8b,comment
jxhpo1b,Same,Alejandrov90x,merval,0,2023-08-23 21:44:40,t1_jxffj9b,t3_15z5d8b,comment
jxhvqqi,\+1,Annual-Wallaby3825,merval,0,2023-08-23 22:28:08,t1_jxffj9b,t3_15z5d8b,comment
jxfgfen,"Las giftcards las podés comprar con cualquier exchange/wallet que soporte las monedas y redes que ofrece Bitrefill.

Lo que tiene Belo es un simple partnership para poner un acceso a la web de Bitrefill directo en su app.",BigoteIrregular,merval,10,2023-08-23 13:09:39,t1_jxf50zo,t3_15z5d8b,comment
jxgb2k9,tal cual. si hubiera sido una tarjeta en dólares era otra cosa mucho mas útil.,fer662,merval,2,2023-08-23 16:13:18,t1_jxf50zo,t3_15z5d8b,comment
jxyw9ry,"No, rompieron relación con Mastercard a nivel mundial.",Lucho_199,merval,0,2023-08-27 12:35:02,t1_jxfbzja,t3_15z5d8b,comment
jxgp7es,"El límite era de 270.000 al día y 600.000 mensual, yo la usaba, en caso de emergencia y no tener tiempo de hacer p2p",cesha99,merval,3,2023-08-23 17:40:41,t1_jxfiivx,t3_15z5d8b,comment
jxgphff,"10 - 15 puntos menos que el p2p, para una emergencia no era malo",cesha99,merval,1,2023-08-23 17:42:21,t1_jxfgusx,t3_15z5d8b,comment
jxqzp7q,Eso. Además no tenía forma de saber el rate en la app. Un robo.,[deleted],merval,1,2023-08-25 18:26:00,t1_jxfgusx,t3_15z5d8b,comment
jxfj676,No le movemos el amperimetro a nadie. Somos un pais con una gran cultura crypto medio a la fuerza pero los montos que manejamos son miseria.,crfenix,merval,14,2023-08-23 13:26:30,t1_jxfeu1m,t3_15z5d8b,comment
jxfjvea,"No es que no haya confianza en la plataforma igual creo yo, es más un tema que acá las crypto se usan para evadir y por eso muchos le huyen a la tarjeta.",souse03,merval,5,2023-08-23 13:30:48,t1_jxfeu1m,t3_15z5d8b,comment
jxgb4zq,Otra vez,Prometeo241,merval,4,2023-08-23 16:13:44,t1_jxg9rkp,t3_15z5d8b,comment
jxhiud3,[deleted],[deleted],merval,0,2023-08-23 20:55:58,t1_jxg9rkp,t3_15z5d8b,comment
jxfw2jm,Tenés algún problema? A quién va dirigida tu ira?,rally2000,merval,5,2023-08-23 14:43:24,t1_jxfi4km,t3_15z5d8b,comment
jxh4j8t,?,germanxger,merval,1,2023-08-23 19:17:28,t1_jxfi4km,t3_15z5d8b,comment
jxfyatp,"Pero se fueron de Colombia y Brasil también,en el primer país no duró ni medio año...",Zealousideal-Plane-3,merval,6,2023-08-23 14:56:26,t1_jxfj0sw,t3_15z5d8b,comment
jxhxq37,PD: Hoy nos contaban usuarios de Colombia que alla tambien la sacaron.,No-Emotion-889,merval,1,2023-08-23 22:42:33,t1_jxhxoim,t3_15z5d8b,comment
jxnq39m,No me la contessss.,GuzR97,merval,1,2023-08-25 02:49:09,t1_jxk8xou,t3_15z5d8b,comment
jxn2oc6,Lo peor de todo es que queria usarla...,MangoPoliceOK,merval,2,2023-08-24 23:11:20,t1_jxmmish,t3_15z5d8b,comment
jxftpxg,Usuario descubre la importancia de UX,Party_Radio_8134,merval,25,2023-08-23 14:29:40,t1_jxfgfen,t3_15z5d8b,comment
jxfj5of,"Y si, no se discute si la implementación es algo elaborado o no, lo cierto es que te da la facilidad y no tienes que hacer mucho más que seleccionar lo que quieres, por más que sea un simple wrapper.",ThunderWriterr,merval,7,2023-08-23 13:26:25,t1_jxfgfen,t3_15z5d8b,comment
jxhnywd,"Bueno muchachos, fue un comentario, y sinceramente me arrepentí de mandarlo (no porque no lo piense) porque primero soy nuevo acá, y segundo me parece que no es el lugar, así que disculpas.
Abrazo",LordMcclane,merval,-1,2023-08-23 21:32:31,t1_jxhiud3,t3_15z5d8b,comment
jxfz00q,"Capaz temen el avance de la alianza BRICS, si se cierra en cuanto a Mercados no se cuanto futuro tenga",FederalAd5361,merval,1,2023-08-23 15:00:34,t1_jxfyatp,t3_15z5d8b,comment
juiy1ve,"UPDATE: Acaba de entrar la transferencia wire, todo en orden",tulechuguita,merval,19,2023-08-02 16:44:56,t3_15gi6r4,t3_15gi6r4,comment
jujg5mb,"Buenísima data OP, yo también tengo está duplicidad de cuentas hace algunos años ya.

En algún momento te va a pasar y no te asustes, que te cobran los 50dol de mantenimiento (me pasó exactamente 2 veces ) an donde simplemente llamas, explicas que tenés premier en argentina y te devuelven la guita.",Emergency_Government,merval,12,2023-08-02 19:22:00,t3_15gi6r4,t3_15gi6r4,comment
juk2ryx,"Hola, yo estoy en una situación similar, sueldo en blanco, depositado en HSBC usa en usd.  En mí caso desde la cuenta transfiero a ibkr en el dia y para gastos corrientes u otras inversiones a PPI,  llegan los usd ccl en el día.  De ahí a pesos y a mí cuenta local o a ppi global.",srgroove,merval,8,2023-08-02 22:03:07,t3_15gi6r4,t3_15gi6r4,comment
juj3b0j,"Muy buena info!

Te dejo un par de preguntas para enriquecer:

Cuánto demoraron cada tipo de transferencia (wire/ach)?

Transferiste (o sabés cómo) desde tu c/a dólar en hsbc argentina hacia la cuenta de hsbc de US?",napchecked,merval,4,2023-08-02 17:16:06,t3_15gi6r4,t3_15gi6r4,comment
juj52t0,"Tenias varias opciones de transferencia para domestic USA transfers: Wire, RTP, ACH creo que son los mas comunes. La app del HSBC USA la van mejorando de a poquito pero es muy basica, tenes que usar la web para la mayoria de las cosas. Idem HSBC argentina.",HwanZike,merval,4,2023-08-02 17:26:53,t3_15gi6r4,t3_15gi6r4,comment
jujg3d5,"Yo estoy en una situación similar al OP. Pero resulta que por ahi pego un laburo de contractor, si quiero ir 100% barrani es viable pedir que me depositen ahi y manejarme por cueva o voy a tener que hacer la movida con tarjeta payoneer? La AFIP tiene acceso a mi info de la cuenta de usa?",nikkarino,merval,3,2023-08-02 19:21:34,t3_15gi6r4,t3_15gi6r4,comment
jujnd43,"OP Gracias por la data, que costo tiene la cuenta Premier en Argentina?",exprenix,merval,2,2023-08-02 20:11:48,t3_15gi6r4,t3_15gi6r4,comment
juk6q1e,Cuánto pagas de mantenimiento por la cuenta en argentina?,marcos_marp,merval,2,2023-08-02 22:31:39,t3_15gi6r4,t3_15gi6r4,comment
jukuf7a,Hola consula de algo que no entiendo de este método... si vas a hacer todo en blanco que ventaja o diferencia tendria entre abrir una cuenta en payo y que te paguen ahi para después pasarlo (en blanco) a argentina? Que beneficios me daria realmente? a mi me interesa por que me quiero meter al cupo de 12k anuales. Saludos!,Anonimo-Chan,merval,2,2023-08-03 01:48:54,t3_15gi6r4,t3_15gi6r4,comment
jun3kfm,[removed],[deleted],merval,2,2023-08-03 13:52:43,t3_15gi6r4,t3_15gi6r4,comment
jydtjib,Excelente info. Cual seria la forma mas barata de transferirte dolares desde tu cuenta de HSBC Argentina a HSBC USA? y tambien al reves,fedebarba96,merval,2,2023-08-30 12:05:15,t3_15gi6r4,t3_15gi6r4,comment
julfsx0,"Descarta ACH es lento, hasta 4 dias habiles.

Desde HSBC, usa wires, son gratis. Tambien podes hacer ACH a transferwise que debitan en el momento, sin embargo a no ser que hagas una operacion de FX no se si tiene sentido. En USD hace un wire via HSBC, mas facil, rapido y bonificado.

La interfaz del banco esta bien, que es lo que no te molesta en particular? Si no te gusta, vas a tener que descartar el grupo entero porque en todo el resto del mundo es igual. Y algunas jurisdicciones te diria que hasta peor.

El unico tema con HSBC US es que es tan limitado como el resto de los bancos gringos.

&#x200B;

* No tenes acceso a ninguna otra divisa.
* Los rates de FX son pauperrimos. 
* La Global Money Account esta limitada a 8 divisas, no ofrece tarjeta de debito y no esta disponible para no residentes.
* No podes hacer Fixed deposits o comprar CDFs online.
* Podes pedir una tarjeta de credito que es bastante util.
* No tenes relationship manager, tenes un ""team"".

&#x200B;

El banco esta bien, inclusive despues del downgrade que tuvieron cuando vendieron la banca retail, siguen siendo mejores que Citibank por ejemplo.

&#x200B;

Felicidades por la cuenta, ahora a empezar a abrir cuentas a nivel global con HSBC.",diyexageh,merval,3,2023-08-03 06:00:45,t3_15gi6r4,t3_15gi6r4,comment
jujs25l,"Muy buena data, ¿tenés la opción de hacer un plazo fijo? ¿Qué interés da? ¿Realmente vale la pena tener ahorros en USA en vez de acá siendo que es el mismo banco?",Panshek,merval,1,2023-08-02 20:44:54,t3_15gi6r4,t3_15gi6r4,comment
juj6y8b,"Estas seguro sobre el hecho de no pagar mantenimiento?

After opening your account, you'll also need to meet at least one of the following criteria:

combined HSBC account balances of at least USD75,000
monthly direct deposits of USD5,000
an HSBC US residential mortgage loan of USD500,000 (new HSBC Premier customers)

En caso de tener HSBC Premier en UY pero no en Argentina es lo mismo?",Inevitable-Grape9381,merval,-1,2023-08-02 17:38:27,t3_15gi6r4,t3_15gi6r4,comment
juj5yty,"Te pidieron prueba de esto?

>After opening your account, you'll also need to meet at least one of the following criteria:  
>  
>·combined HSBC account balances of at least USD75,000  
>  
>·monthly direct deposits of USD5,000  
>  
>·an HSBC US residential mortgage loan of USD500,000 (new HSBC Premier customers)",EmployerWide8912,merval,1,2023-08-02 17:32:23,t3_15gi6r4,t3_15gi6r4,comment
juj8plb,Gracias por publicar! Consulta: cuánto sale la transferencia para mandar desde acá hasta el banco de EEUU?,SuperXero2,merval,1,2023-08-02 18:10:54,t3_15gi6r4,t3_15gi6r4,comment
jujdcvf,"consulta ,(soy nuevo en esto) en que me beneficia abrir una cuenta en el exterior y no acá?",Birdperson404,merval,1,2023-08-02 19:03:04,t3_15gi6r4,t3_15gi6r4,comment
jujec3e,Buenisima data. Cuanto tardaste en hacerte Premier aca en Argentina? O eso lo podes pedir/te lo dan en cuanto te abris la cuenta aca?,bestkneegrow1,merval,1,2023-08-02 19:09:45,t3_15gi6r4,t3_15gi6r4,comment
jujs6g7,u/tulechuguita sabes si se puede usar Zelle con HSBC? gracias la info,ronnin4,merval,1,2023-08-02 20:45:45,t3_15gi6r4,t3_15gi6r4,comment
jujysi1,"Gracias OP, hace banda que estoy tratando de abrir una cuenta en USA y esta complicado, esta opcion la habia visto pero no encontre ninguna experiencia. 

Dos consultas, abriste la cuenta aca en Arg y despues inmediatamente abriste la de usa? Como hiciste con el mantenimiento de la cuenta aca? Depositas el sueldo en ARS? 

Gracias!",MinionAgent,merval,1,2023-08-02 21:34:18,t3_15gi6r4,t3_15gi6r4,comment
juk26l0,Muy buena data! Soy premier hace años y nunca me informaron de esta posibilidad. Gracias reddit.,Aerondight420,merval,1,2023-08-02 21:58:53,t3_15gi6r4,t3_15gi6r4,comment
jukmtye,"Buena data, a mí también me depositan mitad del sueldo en dólares en Payoneer, pensaba traer USDs a Santander que tienen convenio y supuestamente cobran 20 usd más 1% por transferencia, hasta ahora no traje nada. Cuestión sabes si se puede transferir desde cuenta Payoneer propia a HSBC? Supongo que sí. Qué tipo de transferencia sería?

Lo del CCL que comentan y lo IBKR además de que es un banco son opciones muy interesantes.",PumadCiudad,merval,1,2023-08-03 00:37:08,t3_15gi6r4,t3_15gi6r4,comment
jukv161,Cuanto de ingreso tenes que tener para que te Deb una cuenta premier?,Zzim92,merval,1,2023-08-03 01:55:10,t3_15gi6r4,t3_15gi6r4,comment
jul0bzp,"Había escuchado si se puede transferir dolares entre las cuentas propias desde HSBC de USA a la de Argentina. Esto es verdad?
De ser verdad cuanto % se paga? Tiene límites??



Gracias crack! Justo el viernes me acerque a una sucursal para empezar el trámite río, me re sirve la guía!",seven15868,merval,1,2023-08-03 02:52:38,t3_15gi6r4,t3_15gi6r4,comment
jumn5u1,Hace más o menos un año HSBC decidió vender toda la cartera de clientes no premium a (creo) citizens bank. CB requería que los clientes tengan un social security number y a los argentinos que conozco que tenían cuentas no Premium les dieron unos días para mover el dinero a otro banco. Los premium zafaron pero cuando no tenes residencia en Estados Unidos o un SSN siempre corres ese riesgo.,minotopo,merval,1,2023-08-03 12:10:32,t3_15gi6r4,t3_15gi6r4,comment
jund7u3,Yo fui al banco a abrir una cuenta y me la ofrecieron . No cumplía los requisitos pero me la ofrecieron sin drama.,[deleted],merval,1,2023-08-03 14:49:28,t3_15gi6r4,t3_15gi6r4,comment
jus2wvc,"Consulta, justo estaba necesitando abrir una pero en Uruguay, veo que no está en la lista pero si voy a la página de HSBC Uruguay hay una opción para abrir cuenta premier para no residente, saben si tiene el mismo criterio es decir si tengo premier acá puedo abrir gratis una en uru?",laiweil,merval,1,2023-08-04 13:28:01,t3_15gi6r4,t3_15gi6r4,comment
jv0506h,"Muy buen tema. Muy instructivo. Quería consultar si alguien me puede resumir los requisitos para acceder a Premier en Arg y cuanto esta el mantenimiento mensual. En la pagina no dan mucha info al menos antes de ponerte a rellenar formularios, y prefiero primero tener certeza antes de avanzar. Por otro lado, es obligatorio tener pasaporte yankee? Gracias!",ToxicHolocaust,merval,1,2023-08-06 04:30:42,t3_15gi6r4,t3_15gi6r4,comment
jx74f04,"hola que tal, abrí la cuenta hoy. a los que abrieron... les llego automáticamente la tarjeta de debito a su domicilio? o hay que hacer algún tramite mas?",FewEmployee6588,merval,1,2023-08-21 19:48:53,t3_15gi6r4,t3_15gi6r4,comment
jujhlcw,"Genial! Gracias por la info, estoy seguro de que puede pasar, de hecho acá en Arg me cobraron el mantenimiento de las tarjetas de crédito cuando estaban bonificadas ajajaja, también se resolvió con un llamado.",tulechuguita,merval,5,2023-08-02 19:31:52,t1_jujg5mb,t3_15gi6r4,comment
julfx1d,"Esto no deberia pasar, en que orden abriste las cuentas? Tenes que registrar tu premier home country y listo. Hay un formulario berretin para hacer el cambio. Yo lo he movido un par de veces.",diyexageh,merval,4,2023-08-03 06:02:13,t1_jujg5mb,t3_15gi6r4,comment
juk9dwt,"Muy bueno! Nunca hice CCL, es algo que tengo que aprender",tulechuguita,merval,2,2023-08-02 22:51:06,t1_juk2ryx,t3_15gi6r4,comment
juj7ub9,"La transferencia ACH desde GrarbFi hasta HSBC demoró 48hrs pero eso supongo fue porque la hice luego del horario de corte, pueden demorar hasta 3 días y son free.

La transferencia Wire Domestic desde GrabrFi la hice hoy a la mañana y llegó a las 16:30 a HSBC, es más cara. A las 16:00 es el horario de corte en Arg, después de las 16 pasa todo para el siguiente bussinnes day.

HSBC no me cobró comisión por entrada en ningún caso.

Aún no probé transferencias SWIFT, y si bien pienso declarar la cuenta no me animo mucho a vincularla con la cuenta en Arg 😅",tulechuguita,merval,5,2023-08-02 17:43:59,t1_juj3b0j,t3_15gi6r4,comment
jujh6tk,"Yo no lo haría, la AFIP dudo que tenga manera automática de saber de tu cuenta pero a partir del año que viene parece que Argentina se suma a un sistema que ahora no me acuerdo como se llama que comparte información de manera automática cuando obtenes intereses desde 10 USD. 

Nunca tuve contacto con HSBC USA desde HSBC AR, ambas cosas por separado pero seguramente en algún registro debe quedar esa vinculación, si no cómo sabrían que no miento de mi categoría Premier.

Para mí si vas a usar un banco debería ser en blanco, barrani 100% no creo que se pueda pero para eso puede ser GrabrFi, Utoppia, Payoneer o Bitwage a riesgo de que cierren la cuenta",tulechuguita,merval,1,2023-08-02 19:29:05,t1_jujg3d5,t3_15gi6r4,comment
jujjgbu,"Si tenés posibilidad de que te paguen en Deel es lo mejor. O Wise en su defecto. Después desde ahi salis a tu cuenta hsbc o a crypto. 

Tene en cuenta que desde hsbc no podés salir a crypto",minderbinder,merval,1,2023-08-02 19:44:47,t1_jujg3d5,t3_15gi6r4,comment
jur5tvf,[deleted],[deleted],merval,0,2023-08-04 09:46:43,t1_jujg3d5,t3_15gi6r4,comment
jv455h0,"La asesora de ventas me dijo que está bonificada si cobrás tu sueldo en pesos por HSBC Argentina. Algo que creo que no dijo OP y que ella me dijo es que tu sueldo neto tiene que ser mínimo 250k para poder calificar como Premier, y además también mencionó que te postulás para ser elegido para HSBC premier usa, no es que es automático (aunque me dijo que el 90% de los aplicantes entra).",raspberrytaxi,merval,3,2023-08-07 00:15:26,t1_jujnd43,t3_15gi6r4,comment
julx3kv,"En la situación que vos planteas yo me quedaría con Payo o similares, por que? Porque únicamente la usarías de ""pasamanos"" para cobrar y traer la plata a Arg.

Una cuenta afuera en un banco es para algo a largo plazo, en mi caso tengo la intención de ahorrar dólares en el exterior por lo que no confío mucho en servicios como Payo, Uttopia, que pueden cerrarte la cuenta o desaparecer tranquilamente, al ser un banco tu dinero está protegido hasta cierto monto, si alguna vez viajo a USA puedo ir a un HSBC y sacar plata por caja, etc.",tulechuguita,merval,1,2023-08-03 09:06:59,t1_jukuf7a,t3_15gi6r4,comment
jusqebe,"Tu comentario fue eliminado por no cumplir con las reglas del sub. Por favor leerlas antes de postear de vuelta, no se permite hacer publicidad de referidos.",merval-ModTeam,merval,1,2023-08-04 15:54:32,t1_jun3kfm,t3_15gi6r4,comment
jum0wzj,"Gracias por la info!

La interfaz está bien, ya me voy acostumbrando ajajaj pero estoy muy acostumbrado a la de Santander que al menos de manera visual es más dinámica y moderna, de HSBC me molesta que para las Wire Transfer tengo que saltar del dashboard a otra sección pero es cuestión de acostumbrarse nada más

Si, algo que olvidé de mencionar, pueden abrir cuentas en otras jurisdicciones",tulechuguita,merval,1,2023-08-03 09:38:42,t1_julfsx0,t3_15gi6r4,comment
julgcv9,">¿Realmente vale la pena tener ahorros en USA en vez de acá siendo que es el mismo banco?

Esto es un error muy comun. No es el mismo banco. Son bancos diferentes parte del mismo grupo. HSBC Argentina SA y HSBC US NA no tienen nada en comun salvo el nombre en la marquesina. Lo mismo con operaciones en otros paises.",diyexageh,merval,4,2023-08-03 06:07:46,t1_jujs25l,t3_15gi6r4,comment
jule076,"No se puede, tenes que ser residente para poder hacerlo",Glittering_Read_9659,merval,1,2023-08-03 05:37:55,t1_jujs25l,t3_15gi6r4,comment
jujawyh,"1) Si tenes Cuenta Premier o Premier Black HSBC Argentina, no se paga mantenimiento (La tengo desde enero-23).

2) En teoría, si tenes cuenta Premier en cualquier lugar del mundo, deberías poder.
""You can open an overseas account if you're an HSBC One, Jade or Premier customer. The annual account and monthly maintenance fees are also waived.""",Fvargr,merval,2,2023-08-02 18:46:20,t1_juj6y8b,t3_15gi6r4,comment
julg3ms,"Premier in One Premier in all.

Solo tenes que calificar en una jursidiccion.

HSBC Uruguay es un robo y te cobra siempre. Evitar.",diyexageh,merval,2,2023-08-03 06:04:33,t1_juj6y8b,t3_15gi6r4,comment
juj716k,"Nop nada de eso, eso aplica cuando querés abrir una cuenta de manera ""particular"" y querés evitar pagar el fee mensual, en el FAQ de la web informa que si ya sos Premier no te aplican costos

How much it costs?

https://internationalservices.hsbc.com/overseas-account-opening/",tulechuguita,merval,3,2023-08-02 17:38:58,t1_juj5yty,t3_15gi6r4,comment
jujgf2p,"Eso no lo sé la verdad, depende del monto y las comisiones, para darte un ejemplo la única vez que hice una transferencia SWIFT Santander me cobró de base 80 USD.

HSBC tiene algo que se llama Global Transfers para transferencias entre cuentas HSBC pero aún no lo probé y no sé si aplica para ARG",tulechuguita,merval,1,2023-08-02 19:23:47,t1_juj8plb,t3_15gi6r4,comment
jujf6yj,"En mi caso personal la necesitaba para poder recibir parte del sueldo, luego como ventaja es que puedes usarla para cobrar exportación de servicios (y traer los dólares obligatorio), transferir USD a Brokers Internacionales como Ameritrade o Interactive Brokers e invertir en más instrumentos, también te puede servir para pagar directamente en dólares servicios o productos en viajes, la podes usar para resguardar tus dólares en el exterior ante el riesgo argentino, ya depende de cada uno que utilidad le dará y si es realmente necesario",tulechuguita,merval,7,2023-08-02 19:15:31,t1_jujdcvf,t3_15gi6r4,comment
jujlze2,"Es gratis, pa. No te gustan las cosas gratis?",ivanreddit,merval,1,2023-08-02 20:02:16,t1_jujdcvf,t3_15gi6r4,comment
jujfitn,"El proceso de apertura de cuenta Premier acá fue de una semana, fui una sola vez a la sucursal con los papeles ya impresos de lo que me pareció que me podían pedir y luego esperé la autorización del banco.

La cuenta en el exterior fueron dos días, la solicité luego de ser Premier confirmado acá",tulechuguita,merval,3,2023-08-02 19:17:45,t1_jujec3e,t3_15gi6r4,comment
juk1sxx,"Si, apenas tuve Premier acá apliqué para la de Estados Unidos.

La cuenta acá la tengo bonificada por depositar el sueldo",tulechuguita,merval,1,2023-08-02 21:56:09,t1_jujysi1,t3_15gi6r4,comment
jule2fk,Tambien podes abrir primero la de USA y despues la de Arg,Glittering_Read_9659,merval,1,2023-08-03 05:38:42,t1_jujysi1,t3_15gi6r4,comment
julgj3h,">nunca me informaron de esta posibilidad. 

HSBC Argentina no puede ayudarte a abrir cuentas offshore. Regulacion del BCRA.

En otros paises, hay un desk de banca internacional en HSBC donde mandas un email diciendo quiero cuenta en Sri Lanka. Te llama un tipo por telefono te pide los datos y depsues vas a la sucursal local con el formulario que te mandan x internet firmado y listo.

Ese servicio en particular, en Argentina, no existe.",diyexageh,merval,3,2023-08-03 06:10:00,t1_juk26l0,t3_15gi6r4,comment
juk8z3r,"De nada! Es algo me parece no se ofrece libremente en Argentina, pero es un servicio que brinda el banco a nivel global",tulechuguita,merval,3,2023-08-02 22:48:05,t1_juk26l0,t3_15gi6r4,comment
juko293,Nunca usé Payoneer pero si tiene posibilidad de envios por ACH o Domestic Wire (Dentro de USA) vas a poder recibir tranquilamente al banco,tulechuguita,merval,2,2023-08-03 00:47:57,t1_jukmtye,t3_15gi6r4,comment
julzrsx,"Payo te cobra 2 % por transferir de Payo a HSBC USA.

""Withdraw to Bank"" es en Payoneer la opción (Primero vas a tener que setear la cuenta de HSBC, que la verifiquen - demora entre 1 y 5 días).",Fvargr,merval,2,2023-08-03 09:29:29,t1_jukmtye,t3_15gi6r4,comment
julxf73,"Eso te lo pueden decir en una sucursal que paquete te ofrecen, yo tengo ingresos por 500k de sueldo bruto y me ofrecieron Premier black",tulechuguita,merval,1,2023-08-03 09:09:42,t1_jukv161,t3_15gi6r4,comment
julxq9j,"HSBC tiene algo que se llama Global Transfer, que te permite mover la guita entre tus cuentas HSBC en el mundo pero un user comento que no funciona para Argentina que me parece lógico.

No sabría decirte realmente aún no probé mover plata entre la cuenta Arg y USA",tulechuguita,merval,1,2023-08-03 09:12:21,t1_jul0bzp,t3_15gi6r4,comment
jus5z94,"En teoría es ""Premier in One, Premier in All"", pero la apertura de cuenta puede variar según la jurisdicción, USA por ejemplo el onboarding puede ser online, otras jurisdicciones te pueden pedir que te acerques personalmente.",tulechuguita,merval,2,2023-08-04 13:47:25,t1_jus2wvc,t3_15gi6r4,comment
jx7gl0b,Llega a tu domicilio por medio de DHL,tulechuguita,merval,2,2023-08-21 21:15:08,t1_jx74f04,t3_15gi6r4,comment
juka6mc,"Si tenés todo en blanco, es una muy buena opción. La transferencia del HSBC a ppi es sin cargo. Lo mismo de ppi a tu cuenta local.  Lo podes pasar a mep también y transferirte a tu cuenta en usd local y los sacas por ventanilla/cajero si los querés tocar :)

Pasar de ccl a pesos/mep en ppi son 3 clicks.",srgroove,merval,3,2023-08-02 22:56:51,t1_juk9dwt,t3_15gi6r4,comment
jujaoei,"Puede llegar a demorar 3 días, pero si mandas antes del corte, me ha llegado a demorar 24 hs solamente (Payoneer a HSBC y Wise a HSBC).

Lo que si, doble chequea todo si vas a enviar de HSBC USA a otro lado (La web es anti-intuitiva), le erre 1 numero y me reboto la transacción a los 3 días hábiles - Me fajó 40/50 U$D por fallar (y me dolió mucho jajaja).",Fvargr,merval,6,2023-08-02 18:44:39,t1_juj7ub9,t3_15gi6r4,comment
jv46ct5,"~~Las checking accounts de GraphFi y Utoppia están en un banco con sede en USA, no se escapan de CRS-FATCA~~",raspberrytaxi,merval,1,2023-08-07 00:26:03,t1_jujh6tk,t3_15gi6r4,comment
jusqamj,"Bastante menos. Con el yield del banco mas medio pelo como citibank a 0.1% de interes solo necesitas 12K USD para acumular mas de 10 USD x anho.

Muy lejos de 200K y eso si califica para el premier savings rate es 4.3% anual. Llegas a los 10 USD rapidisimo.",diyexageh,merval,1,2023-08-04 15:53:52,t1_jur5tvf,t3_15gi6r4,comment
julyc5v,"Pero aun no entiendo algo. como pensas ahorrar sin tener problemas con afip? por que tener la plata ahi afuera como ahorro y no liquidarla a los 5 dias no es estar en negro? (o entendí mal el post y no te jode estar en negro)..Yo también quiero ahorrar pero pense que en blanco era imposible sin los 12k. Pero soy novato en todo esto, en esa me equivoco y te agradecería si me decís como es asi lo investigo",Anonimo-Chan,merval,3,2023-08-03 09:17:37,t1_julx3kv,t3_15gi6r4,comment
jum5f2o,">pueden abrir cuentas en otras jurisdicciones

Si y no. Desde Argentina solo en jurisdicciones donde se pueda hacer el onboarding 100% digital. Cosa que hay un par nomas.

Expat, EEUU y creo que hasta ahi llegamos.

Si viajan a otra jurisdiccion y llevan supporting documents pueden abrir cuentas tranquilamente comentado que son premier en otra jurisdiccion y funciona. Sin problema.

La interfaz esta bien. No seas lloron. La unica interfaz malisima es la de los ACH. Pero esta bien. Espero que mueran pronto esas transferencias del infierno.",diyexageh,merval,1,2023-08-03 10:13:54,t1_jum0wzj,t3_15gi6r4,comment
julgadg,Podes hacerlo por telefono. Es inconveniente.,diyexageh,merval,1,2023-08-03 06:06:53,t1_jule076,t3_15gi6r4,comment
jujn2jp,Cuánto pagas de mantenimiento por la cuenta en arg?,marcos_marp,merval,1,2023-08-02 20:09:46,t1_jujawyh,t3_15gi6r4,comment
julpxvb,"Odio HSBC UY, pero es lo que se consiguió para cobrar en el exterior sin costos de mantenimiento... Igual te cobran de todo.

Decís que no voy a evitar el cobro de transferencias entre cuentas HSBC en ese caso? Tengo que preguntar.",Inevitable-Grape9381,merval,1,2023-08-03 07:59:24,t1_julg3ms,t3_15gi6r4,comment
juj7p8d,"dale me salvaste, estaba a un click de sacar una hipoteca de 500 mil dólares para comprarme un rancho en texas. jaja",EmployerWide8912,merval,7,2023-08-02 17:43:06,t1_juj716k,t3_15gi6r4,comment
jusqr2a,">HSBC tiene algo que se llama Global Transfers para transferencias entre cuentas HSBC pero aún no lo probé y no sé si aplica para ARG

No funciona en ARG. Yo lo uso entre otros paises. Funciona perfecto y real time. El unico pais que es mas lento, como siempre, es EEUU. Pero hablamos de esperas no mayores a 1 minuto.",diyexageh,merval,2,2023-08-04 15:56:43,t1_jujgf2p,t3_15gi6r4,comment
jujluiy,No funciona en Argentina.,ivanreddit,merval,3,2023-08-02 20:01:20,t1_jujgf2p,t3_15gi6r4,comment
jujzo20,Excelente post! Sabes cuál es el fee para transferir desde Payoneer?..,[deleted],merval,1,2023-08-02 21:40:38,t1_jujf6yj,t3_15gi6r4,comment
jukaxv9,"> transferir USD a Brokers Internacionales como Ameritrade o Interactive Brokers e invertir en más instrumentos

Alguien con cuenta afuera me comento que vos como alien (persona fisica no residente en EEUU) no podias generar ingresos de ese estilo en USA, aun completando el W8.

Tenes idea que onda con eso? El chabon estaba haciendo toda la movida de la LLC para justamente poder invertir en brokers y generar intereses y todo eso, porque decia que con su cuenta personal era ""ilegal""

le entendi mal, mando fruta, algun dato?",PopularPianistPaul,merval,1,2023-08-02 23:02:25,t1_jujf6yj,t3_15gi6r4,comment
jusr6un,"Si pero vas a tener que calificar primero en EEUU. Depositos o ingreso mas altos.

Pode, abrir la cuenta y te dan un window para fondear. Durante ese proceso abrir una cuenta en una jurisdiccion donde se califique con bananas como Argentina y hacer el cambio de domicilio de tu premier home center. Funciona.",diyexageh,merval,2,2023-08-04 15:59:29,t1_jule2fk,t3_15gi6r4,comment
julxvof,Gracias por la respuesta. Según compañeros de trabajo lo pueden hacer sin mucho drama,seven15868,merval,1,2023-08-03 09:13:39,t1_julxq9j,t3_15gi6r4,comment
jwlbxb2,las checkings se escapan de fatca porque no generan interés,[deleted],merval,4,2023-08-17 13:02:02,t1_jv46ct5,t3_15gi6r4,comment
jusu9v3,[deleted],[deleted],merval,1,2023-08-04 16:19:04,t1_jusqamj,t3_15gi6r4,comment
jum289x,"Bueno acá existe un debate, en mi caso mi trabajo es en blanco, en Arg y pago impuestos que salen de mi sueldo bruto. El neto es lo que me hacen el split de una parte en pesos en banco local y la otra parte en dólares en una cuenta afuera, yo no estoy haciendo exportación de servicios porque el trabajo es registrado en una empresa local. Cómo hacen toda la movida? Bueno eso tema de la empresa ajajja

La exportación de servicios si estás obligado a ingresar la guita, es una situación diferente porque el trabajo lo está haciendo para una empresa en el exterior, en este caso recomiendo un servicio más básico y menos burocrático porque lo usas solo para mover la plata.

De todas formas hasta ahora no existe una regulación que te limite a tener una cuenta en el exterior, eso es completamente legal (el problema era que generalmente los hancos te piden presencial, por ende viajar al exterior) y sirve para más cosas que solo cobrar trabajos afuera, la podes usar para hacer CCL acá y entrar o sacar dólares, si viajas y llevas el efectivo lo podes depositar en el banco, transferencia más fácil entre cuentas en USA",tulechuguita,merval,3,2023-08-03 09:49:03,t1_julyc5v,t3_15gi6r4,comment
julz709,"13.000 AR$

Es medio bardo bonificarla siendo monotributista (Tengo la de otro banco bonificada).",Fvargr,merval,1,2023-08-03 09:24:44,t1_jujn2jp,t3_15gi6r4,comment
jum549h,"En EEUU no te cobran nada. Uruguay ni idea. Tienen fees para todo, conozco gente de merio oritente que abrio cuentas en UY para vender propiedades, siendo clientes de HSBC en otros paies y la experiencia fue de terror.

Ese tipo de jurisdicciones mejor evitar.",diyexageh,merval,2,2023-08-03 10:11:36,t1_julpxvb,t3_15gi6r4,comment
jujzihv,"Jajs estaba en la misma q vs, ahora q veo q esos límites son pura espuma, retomo el tema d abrir la cuenta arafue",[deleted],merval,1,2023-08-02 21:39:30,t1_juj7p8d,t3_15gi6r4,comment
jukjk3i,"Mmm desconozco, ahora estoy buscando contador que me asesore en lo impositivo y sobre inversiones afuera para no hacer moco, si me entero de algo te digo de nuevo por acá!",tulechuguita,merval,2,2023-08-03 00:09:05,t1_jukaxv9,t3_15gi6r4,comment
juztdal,"Te mandó fruta y alfajores, tengo cuentas en TDA y en IBK hace años con W8BEN firmado y renovado varias veces.",[deleted],merval,2,2023-08-06 02:11:06,t1_jukaxv9,t3_15gi6r4,comment
juvnyxg,"No sabia eso, gracias",Glittering_Read_9659,merval,1,2023-08-05 07:07:09,t1_jusr6un,t3_15gi6r4,comment
jwlxyio,"Lo leo frecuentemente en el sub pero todavía no encontré evidencia que lo avale, entonces a modo de calculo de riesgos considero que entran todas. Si tenés la referencia del FATCA qué lo indica, te lo agradecería",raspberrytaxi,merval,1,2023-08-17 15:12:54,t1_jwlbxb2,t3_15gi6r4,comment
juuvhgt,Te estoy tirando los rates de mis cuentas checking en Citi y Savings en HSBC.,diyexageh,merval,1,2023-08-05 01:24:48,t1_jusu9v3,t3_15gi6r4,comment
jumrtcr,Gracias por la explicacion tan completa!!!,Anonimo-Chan,merval,1,2023-08-03 12:38:58,t1_jum289x,t3_15gi6r4,comment
jum2qdt,"No sé si entendí mal, pero con 200k mensuales de movimientos se bonifica? https://www.argentina.hsbc.com.ar/cuentas/index.html",marcos_marp,merval,1,2023-08-03 09:53:01,t1_julz709,t3_15gi6r4,comment
jus0ws1,"Que banco te bonifica siendo monotributista?. La mayoría para bonificación te pide sueldo o transferencia en concepto de ""Honorarios"".",nickcis,merval,1,2023-08-04 13:15:34,t1_julz709,t3_15gi6r4,comment
juvqa22,"La jurisdiccion donde aplicas primero es por default tu premier home territory y donde tenes que calificar. En Argentina calificas con 2 bananas porque es mas pobre que Africa, es la realidad.

Vietnam, Armenia o Sri Lanka, Malaysia por nombrar algunos paises EM donde HSBC opera, por ejemplo tienen calificaciones muchisimo mas altas.",diyexageh,merval,1,2023-08-05 07:33:53,t1_juvnyxg,t3_15gi6r4,comment
jwm8rqn,"te paso el tratado IGA que firmaron Argentina y Estados Unidos que está disponible publicamente en esta web del tesoro

 [https://home.treasury.gov/policy-issues/tax-policy/foreign-account-tax-compliance-act](https://home.treasury.gov/policy-issues/tax-policy/foreign-account-tax-compliance-act) 

Salu2",[deleted],merval,2,2023-08-17 16:16:54,t1_jwlxyio,t3_15gi6r4,comment
juwa7v5,[deleted],[deleted],merval,1,2023-08-05 10:40:14,t1_juuvhgt,t3_15gi6r4,comment
jumr0fc,"Siempre tengo la duda de si eso aplica dejando el saldo en cuenta o simplemente con movimientos, por lo de la tarjeta está claro si llegas a esos consumos se bonifica",tulechuguita,merval,1,2023-08-03 12:34:09,t1_jum2qdt,t3_15gi6r4,comment
juscom2,"Había leído (no lo chequee), que si vos cargas en Banco A.
De Banco A te mandas una transferencia con concepto ""Honorarios"" a Galicia, queda bonificado (Obvio respetando el monto).

Lo tengo bonificado por un tiempo más el otro.

Cualquier cosa fijate en 3DGames que hay un thread con promociones y esas cosas, cada tanto alguno tira un dato copado para bonificar.",Fvargr,merval,2,2023-08-04 14:29:07,t1_jus0ws1,t3_15gi6r4,comment
jwm9ea0,"y para que no te fumes todo el doc, te paso la parte que importa

&#x200B;

>The term “Argentine Reportable Account” means a Financial Account  
maintained by a Reporting U.S. Financial Institution if: (i) in the case of a  
Depository Account, the account is held by an individual resident in Argentina  
and more than $10 of interest is paid to such account in any given calendar  
year; or (ii) in the case of a Financial Account other than a Depository  
Account, the Account Holder is a resident of Argentina, including an Entity  
that certifies that it is resident in Argentina for tax purposes, with respect to  
which U.S. source income that is subject to reporting under chapter 3 of  
subtitle A or chapter 61 of subtitle F of the U.S. Internal Revenue Code is paid  
or credited.",[deleted],merval,3,2023-08-17 16:20:29,t1_jwm8rqn,t3_15gi6r4,comment
jwma07x,Pero en qué parte se menciona lo de que las checking accounts están exentas del tratado?,raspberrytaxi,merval,1,2023-08-17 16:23:59,t1_jwm8rqn,t3_15gi6r4,comment
juwn89l,"Tengo checking en HSBC tambien, el rate es 0.01%. Es nefasto. El tema es que si tenes un deposit account o un CG o alguna de las versiones de savings accounts que ofrecen, llegas a 10 USD facilisimo.",diyexageh,merval,1,2023-08-05 12:11:11,t1_juwa7v5,t3_15gi6r4,comment
junwgp4,"Saldo en cuenta: Dejar inmovilizados 200k (Con la inflación de hoy en día no conviene).
Lo otro si es consumo de TC de 200k+

Pagando 13k aprox. mensuales (HSBC Premier, tendría que revisar porque creo que es Premier Black el mio de un anterior laburo) VS 50 U$D de la cuenta de USA... no hay mucho que pensar jaja.

Obvio que si se puede bonificar, mejor.",Fvargr,merval,1,2023-08-03 16:44:01,t1_jumr0fc,t3_15gi6r4,comment
juueqht,"Yo terminé cerrando en el galicia la cuenta por que no me la bonificaban. Al ppcio me dijeron que la transferencia tenía que ser de un 3ero, pero no tenía que obligatoriamente ser en concepto de honorarios. Este último dato no me lo dejaron directamente por escrito, se ve que fue una mentira que me tiraron para que me de de alta. A los 6 meses me empezaron a cobrar. Lo di de baja. 

Me pasas ese link de 3dgames que decís?. Gracias!

Tenes",nickcis,merval,1,2023-08-04 22:58:09,t1_juscom2,t3_15gi6r4,comment
jwmc7as,"Te pido disculpas, no había visto este mensaje. Muchas gracias por el extracto. Ahora edito mi mensaje anterior.",raspberrytaxi,merval,1,2023-08-17 16:36:48,t1_jwm9ea0,t3_15gi6r4,comment
jwmaqnd,"Siempre se habla de las checkings porque no suelen ser cuentas que generen intereses por sobre lo depositado. Hay ciertas cuentas checkings que si generan, estas si caerian. Ni utoppia ni grabrfi pagan interes",[deleted],merval,2,2023-08-17 16:28:15,t1_jwma07x,t3_15gi6r4,comment
jv8l6ko,"https://foros.3dgames.com.ar/threads/906502-ofertas-discusion-sobre-los-paquetes-bonificados-(bbva-frances-galicia-hsbc-etc)/page2134

Fijate ahi, cada tanto tiran algun dato copado.",Fvargr,merval,3,2023-08-07 21:53:47,t1_juueqht,t3_15gi6r4,comment
jyarrcu,"buenas, entonces hay que elegir entre invertir el dinero y que no te agarre la afip, ambas no se pueden, no? En mi caso tengo una cuenta que genera alrededor de 20 centavos mensuales de intereses, por lo que siguiendo lo que dice el acuerdo no sería informada.

Pero al mismo tiempo, uno no tiene la posibilidad de mover a esa plata de ahí, solo gastarla pero nunca invertirla. Y la plata la tengo ahí perdiendo valor real constantemente.

O me estoy perdiendo de algo?",Critical_Clue_6597,merval,1,2023-08-29 19:55:55,t1_jwmaqnd,t3_15gi6r4,comment
jvdecy8,Muchas gracias!,nickcis,merval,1,2023-08-08 20:40:25,t1_jv8l6ko,t3_15gi6r4,comment
jydizau,es lo que hay hoy en día,[deleted],merval,1,2023-08-30 10:58:13,t1_jyarrcu,t3_15gi6r4,comment
jvm2xg1,[deleted],[deleted],merval,110,2023-08-10 14:32:06,t3_15nhwah,t3_15nhwah,comment
jvmpt4b,"Fantástico, a mi y mis dos mejores amigos nos invitaron a una hace más o menos 12 años. 

Fuimos a un salón de eventos en la plaza donde está el teatro coliseo, todo muy cheto muy copado.

El producto que ""vendían"" era viajes, de cada viaje que vendas ganabas un porcentaje, obvio los precios de los viajes triplican el valor de mercado de ese viaje, pero en fin, pero también ganabas un porcentaje de cada viaje que venda siguen que vos metiste, lo cual vos decís ""yo no puedo vender eso porque es carisimo, nadie que yo meta va a poder tampoco"".

Las cosa era que para entrar tenías que pagar 2500 dólares en concepto de entrenamiento, material, marketing y no se que más, empezabas siendo un socio de cristal, y a medida que metías gente ibas subiendo, y ahí empezaba la pirámide, si metías 5 personas pasabas a ser esmeralda, y te pagaban un ""bono"" por tus 5 afiliados. Después eras cristal, después zafiro, así hasta Rubí.

El resto de la presentación fueron cinco ""Rubíes"" contando su vida, cómo viajaban por el mundo, Egipto, Disney, bien felices y exitosos todos.

La cosa era que a un amigo nuestro ya le había pasado con una estafa piramidal que vendía las ojotas ""Targas"", con lo cual nos dimos cuenta que esto era similar, asique uno de mis amigos dijo ""sigamos a los Rubies a ver qué auto tienen"".

Fue fantástico, me acuerdo a uno de ellos subirse a un Daewoo Tico hecho bosta, y los otros tres meterse apretados en ese autito.

Una maravilla",Kaji157,merval,99,2023-08-10 16:48:34,t3_15nhwah,t3_15nhwah,comment
jvmgtvl,YO ERA UN INFELIZ...,rami_lpm,merval,49,2023-08-10 15:54:28,t3_15nhwah,t3_15nhwah,comment
jvmdp3g,"A mí la parte que me disparó la alarma fue esa que dice ""Un pariente me invita a un evento"".",Oldus_Fartus,merval,34,2023-08-10 15:35:43,t3_15nhwah,t3_15nhwah,comment
jvmnol7,"Network marketing= estafa piramidal

CORRE COMO EL VIENTO TIRO AL BLANCO",Interesting-Air8010,merval,25,2023-08-10 16:35:45,t3_15nhwah,t3_15nhwah,comment
jvn8hg9,"Si vieras, esta en todos lados, un vecino buena onda me quiso meter en la academia MINED, lo conozco al vecino, se va a concesionarias de autos, y saca foto al volante con la marca de alta gama.
Trabaja en un kiosquito y es un seco pero se saca fotos de remera y un saco haciéndose el cheto.
Las típicas frases copiadas, qué el dinero trabaja pa Vos.... Bla bla
Se puso tan insistente qué le pregunte xq se había puesto pesado con ese tema, y me responde qué quiere ayudarme a una vida mejor pero si yo trabajo y me la rebusco y tiempo para estudiar trading olvidate cuando trabajo y tengo hijos a cargo, casa etc.
Me pidió la tarjeta para pagar la membresía en dólares... Lo saque cagando xq la uso como última opción para el supermercado.
Y ahora anda desesperado xq no consigue sumar y hasta a una vendedora de pasteles q no tiene dinero le pregunto si podía vender algo suyo para pagar la membresía y sumarse.
En los estados púbica lifestyles ajenos de riqueza.
En un video público a unos oradores qué son unos pibitos de 18 años, charlatanes qué vestían , zapatillas blancas, pantalones chupines, buzo y saco de vestír arriba.

Sumar gentes es el negocio, estudiar el trading es una mera distracción para seguir pagando la cuota.

MINED se llama la academia",Substantial_Shop_737,merval,12,2023-08-10 18:42:01,t3_15nhwah,t3_15nhwah,comment
jvmj1xy,"Aplica tambien a sectas evangelistas:  
OH DIOS MIO EL DINERO SE MULTIPLICA ALELUYA HERMANOS!",Piggieback,merval,9,2023-08-10 16:07:55,t3_15nhwah,t3_15nhwah,comment
jvmancj,"Acá está ésta maravillosa gente... 

[Evo global ](https://youtu.be/G658bL_hAng)",SwimmingHorror600,merval,5,2023-08-10 15:17:42,t3_15nhwah,t3_15nhwah,comment
jvmrab2,"Que increíble, todos estos chantas cumplen el mismo patrón, y la gente que cae también",[deleted],merval,4,2023-08-10 16:57:23,t3_15nhwah,t3_15nhwah,comment
jvnwyt3,"No vas a ganar plata con eso, vas q hacer que al q le copias el trade gane plata, el riesgo va a ser totalmente tuyo, y si sale mal te jodes pero si sale bien es gracias al trader.

No hay magia para ganar guita, o laburas, o sos muy bueno en algo y te pagan por eso.",ADVallespir,merval,4,2023-08-10 21:29:40,t3_15nhwah,t3_15nhwah,comment
jvnz2eh,"Si, todos esos viajes se los pagan con tu plata y con la de los demás estafados",Shamsiel_,merval,4,2023-08-10 21:44:27,t3_15nhwah,t3_15nhwah,comment
jvmv91h,siempre me acuerdo del [capítulo](https://jkanime.net/welcome-to-the-nhk/17/) de [Welcome to the NHK](https://pbs.twimg.com/media/E181tdSUcAAJu0H.jpg:large) sobre estafas piramidales jajaj,ssfts,merval,3,2023-08-10 17:21:02,t3_15nhwah,t3_15nhwah,comment
jvpm0bc,"Esos delincuentes siempre usan la misma lógica para estafar. Promocionan brokers estafa como ese bingx o bitget, te muestran fotitos de viajes, autos de lujo, se hacen los galanes en redes con trajecitos y cortes de pelo de alphas, estilo serie de Billions o Suits, te venden la estafa del trading, mostrandote pantallitas con graficos falopa de tradingview (ellos nunca en su vida hicieron un centavo tradeando), te refieren con sus codigos de afiliados a esos brokers estafa, te venden cursos de trading o acceso a señales... Cualquiera que te muestre algo de eso, el 100% son estafadores. Me parece increible que aun haya gente que cae. Son tan VIVOS para darse cuenta de otras cosas, pero caen como los mas nabos en estas estafas, que ni un niño de 5 años caeria. Me sorprende realmente. Pero debe haber alguna debilidad en el subconsciente que esos estafadores como Javier Ferrer, Marchetti, Cripto Norber, Jaime Merino o Joven Inversor explotan en ustedes que hacen que caigan facil. Por algo todos esos estafadores tienen millones de seguidores imbéciles en redes, y los que te enseñan a invertir seriamente con value investing a largo plazo sin venderte nada de nada, tienen 300 seguidores y no los mira nadie. Dá bronca la estupidez de las redes.",InvestorStocks,merval,3,2023-08-11 07:15:11,t3_15nhwah,t3_15nhwah,comment
jvq63xu,"Un amigo se metió y está mas pobre que nunca. Se ofendió cuando le dijimos que lo iban a cagar, nos mandó a la mierda. Ahora está por tener una criatura y se quiere matar.

Honestamente me duele pero les hacen un lavado de cerebro que me da verguenza, no entiendo como no ven lo poco realista que es todo. Posta, NO LO ENTIENDO",mattgrave,merval,3,2023-08-11 10:13:44,t3_15nhwah,t3_15nhwah,comment
jvmnq3w,Dudo que sea gratis el copy trading. Te deben cobrar cometas o $$ x entrar,TimeSuspect7057,merval,2,2023-08-10 16:36:01,t3_15nhwah,t3_15nhwah,comment
jvmqbfe,"Ami de esas estafas me da gracia la parte del ""desarrollo personal"" y se enfocan en que el desarrollo SOLO es ganar guita siendo tu propio jefe, ademas de tratar de pelotudos cegados a todos lo que opinen diferente. Conoci gente conocida que se metio en esa y menos de un año les duro la jodita.",ondinhas2,merval,2,2023-08-10 16:51:36,t3_15nhwah,t3_15nhwah,comment
jvmx8ay,Altas red flags,SwizItalo,merval,2,2023-08-10 17:32:52,t3_15nhwah,t3_15nhwah,comment
jvn0vv7,Wasowasowasowaso bitcooooneect,B89Emma,merval,2,2023-08-10 17:55:00,t3_15nhwah,t3_15nhwah,comment
jvndke4,"Toda cosa que parezca Iglesia Pandereta se lo aseguro que es una estafa, juegan con lo emocional como los pastores",crgenius,merval,2,2023-08-10 19:15:02,t3_15nhwah,t3_15nhwah,comment
jvngg1r,"A estas estafas les encanta los rangos de membresía, si llegas a ""diamante full HD 4 k kinder"" te dan un viaje gratis (?",Mushuk_,merval,2,2023-08-10 19:34:14,t3_15nhwah,t3_15nhwah,comment
jvoem8q,ponzi sigue mas vivo que nunca,Odd_Criticism_4107,merval,2,2023-08-10 23:35:38,t3_15nhwah,t3_15nhwah,comment
jvoqoan,"hace poco a uno de esos personajes inversores lo cortaron en trozos, por qué será...",Monoceras,merval,2,2023-08-11 01:14:23,t3_15nhwah,t3_15nhwah,comment
jvmdr0k,"NNo y

Y
Uu",Infinite-Freedom3363,merval,1,2023-08-10 15:36:03,t3_15nhwah,t3_15nhwah,comment
jvmdrx6,Oklahoma,Infinite-Freedom3363,merval,0,2023-08-10 15:36:12,t3_15nhwah,t3_15nhwah,comment
jvn0aoa,"aunque parezca mentira, hay una formula magica, solo que requiere aprender ciertas cosas y no apurarse... y no, no es una de estas, pero aprovecha cosas similares.",Amazing-Literature60,merval,0,2023-08-10 17:51:23,t3_15nhwah,t3_15nhwah,comment
jvm6if6,Y donde esta la estafa?,Rampante11,merval,-4,2023-08-10 14:53:11,t3_15nhwah,t3_15nhwah,comment
jvn3o9a,"Seguro te convencían con que vos manejabas tu plata y te presentaban un front mentiroso que parecía cierto, te mostraba ganancias etc y te mantenían cebado.  Por detrás la guita la recibían y manejaban ellos. Cuando quisieras sacarla no los encontrabas ni que fueras Sherlock. Se me ocurre esa porque es muy común.",Vegetable_Wolf6194,merval,1,2023-08-10 18:12:01,t3_15nhwah,t3_15nhwah,comment
jvnhex0,Me perdí,Feeling-Math-9720,merval,1,2023-08-10 19:40:44,t3_15nhwah,t3_15nhwah,comment
jvnwqvb,Te deben querer vender un curso.,MegalOSoft,merval,1,2023-08-10 21:28:06,t3_15nhwah,t3_15nhwah,comment
jvo1s1r,Lo hacen con activos desregulados. Deben ser tokens que ellos mismos fabrican.,rally2000,merval,1,2023-08-10 22:03:40,t3_15nhwah,t3_15nhwah,comment
jvo9cgh,"No lo odies, pensa que lo chupo una secta.",Loco_72,merval,1,2023-08-10 22:57:21,t3_15nhwah,t3_15nhwah,comment
jvoay3i,"Lo mismo, con menos presupuesto para PSA hace unos años.",sweetsundayar,merval,1,2023-08-10 23:08:43,t3_15nhwah,t3_15nhwah,comment
jvobfxg,para .. para ... te debe de haber faltado que sos claso oro plata diamante o algo similar jajaja,memua,merval,1,2023-08-10 23:12:19,t3_15nhwah,t3_15nhwah,comment
jvppkeo,"Típico tienen la fórmula para ganarle al mercado, ganan mucho dinero y quieren compartirlo",Eatzebugs,merval,1,2023-08-11 07:54:22,t3_15nhwah,t3_15nhwah,comment
jvpur5t,"Encima no entiendo lo de querer ser tu propio jefe en un país donde se sabe que al inedependiente lo secan de todos lados y es más fácil agarrarse de la ley de trabajo jajaja

Edit: no entiendo la obsesión que se le mete de repente a la gente sabiendo cómo funciona la cosa",EconomicsDirect7490,merval,1,2023-08-11 08:43:50,t3_15nhwah,t3_15nhwah,comment
jvpz8xk,"Nada mas entretenido que seguir en la vida real o por redes a los gurues locales de estos ""negocios propios"" al ultimo que me quiso meter a vender purificadores de agua me le cague de risa en la cara.   


Lo estaba tratando de meter al hijo de una conocida que trabajaba en un almacen, le metio todo el verso de lo bien que se gana, la autonomia de trabajar cuando quieras y posibilidades de conseguir toda clase de vehiculos de la empresa o prestamos para automoviles hasta que le pregunte porque va a todos lados en esa bicicleta destartalada y atada con alambre si le va tan bien en el negocio.  
 Literalmente se le cayo la cara, me hubiera dado pena si el muchacho al que queria meter no fuera conocido, pero con los cumpas no te metas pedazo de bobo",Podria_Ser_Peor,merval,1,2023-08-11 09:21:32,t3_15nhwah,t3_15nhwah,comment
jvq2hmo,pensé que hablabas de amway hasta que mencionaste las criptos,Nice-Ad-9201,merval,1,2023-08-11 09:46:52,t3_15nhwah,t3_15nhwah,comment
jvq617s,Al principio pense que era Amway,StyleChance8305,merval,1,2023-08-11 10:13:11,t3_15nhwah,t3_15nhwah,comment
jvqtp30,"La logica que tenes que usar es simple.. Nadie millonario te va a decir el secreto para hacerte millonario. Primero porque no existe ""un secreto"" para hacerte millonario, segundo porque aunque lo hubiera nadie te lo regalaria como dicen hacer estos chantas.  
Siempre cumplen el mismo patron estas estafas.   
Miren sino al tincho descuartizado que encontraron en partes, si bien no formaba parte de una estafa piramidal en si (aunque creo que hay historias en su instagram donde hacia algo parecido). El tipo te tiraba una imagen de exitoso y superado, con esas frases de mierda hechas, viajando por todo el mundo con autos de lujo y lugares paradisiacos. Y la verdad es que el tipo nomas le debia plata a todo el mundo y no tenia nada, vivia de prestado.",Matute_92,merval,1,2023-08-11 12:44:53,t3_15nhwah,t3_15nhwah,comment
jvr21ks,"Si alguna gente cae en eso , creyendo cosas ilógicas , esta muy bien que lo estafen .",Intelligent_Bug_881,merval,1,2023-08-11 13:35:28,t3_15nhwah,t3_15nhwah,comment
jvr78vu,"Lo siguen ha iwndo. Mi primo, apunto de recibirse de ingeniero, fue atrapado por amway.",Cover_One,merval,1,2023-08-11 14:07:07,t3_15nhwah,t3_15nhwah,comment
jvseebh,"el gordo que nunca sale, fue a parar a la iglesia pare de sufrir",Middle-Violinist9810,merval,1,2023-08-11 18:29:18,t3_15nhwah,t3_15nhwah,comment
jvsm5l8,"Si, ahora el cuento del tio se transforma en cripto monedas y toda la zarasa.",comopezenelagua,merval,1,2023-08-11 19:20:22,t3_15nhwah,t3_15nhwah,comment
jvv1gai,tipico de tu amigo el ponzi,daniel32mb,merval,1,2023-08-12 09:20:57,t3_15nhwah,t3_15nhwah,comment
jvv21tt,Se tiene  que armar  una lista de las estafas piramidales!,CommunityHeavy9053,merval,1,2023-08-12 09:26:16,t3_15nhwah,t3_15nhwah,comment
jvppcoh,"Viste? la misma mecanica se usaba en el 2017 con Herbalife, en el 2018 con los mandalas de los dolares feminazhis, y ahora hasta con crypto y demas..",another_mastersx,merval,7,2023-08-11 07:52:09,t1_jvm2xg1,t3_15nhwah,comment
jvm4n8e,Como funcionaría la estafa? Al hacer copy trading todos juntos hacen un pump and dump del activo al que le metan la guita?,MaCsEEnaHu,merval,2,2023-08-10 14:42:16,t1_jvm2xg1,t3_15nhwah,comment
jvnyku6,"Odio ser el que lo diga, pero eso es una MLM no una estafa piramidal, por eso no es ilegal y nadie va a ir en cana. Es un negocio legitimo, bastante malo y funciona porque la gente no entiende lo que esta haciendo, pero legitimo al fin.",florazuldemate,merval,-5,2023-08-10 21:41:03,t1_jvmpt4b,t3_15nhwah,comment
jvmryja,"Ah, I see you're a man of culture as well",Beneficial_Ad_5096,merval,12,2023-08-10 17:01:23,t1_jvmgtvl,t3_15nhwah,comment
jvo1ese,"No no!, El otro!",jE41ZPpNLXbWwP0L91ML,merval,5,2023-08-10 22:01:01,t1_jvmgtvl,t3_15nhwah,comment
jvuxdse,Yo era otro infeliz!,lalitox,merval,2,2023-08-12 08:41:55,t1_jvmgtvl,t3_15nhwah,comment
jvn5dtv,Tenia seborrea!,MilanesaDeSertralina,merval,1,2023-08-10 18:22:29,t1_jvmgtvl,t3_15nhwah,comment
jvnbnsh,"Y encima lo difícil que es hacerles entender que es todo chamuyo. Uno piensa que después de unos meses se dan cuenta de que les vieron la cara, pero no, ahí siguen, pensando que no les da resultado porque no trajeron gente, porque no subieron suficientes estados a instagram, etc

Cuando aparezcan un par mas como el trader descuartizado se van a dejar de joder (espero)",Capsule96,merval,9,2023-08-10 19:02:23,t1_jvn8hg9,t3_15nhwah,comment
jvmcaox,"te van a ayudar a evolucionar!

yo quiero ser un gengar",JavierJV,merval,11,2023-08-10 15:27:23,t1_jvmancj,t3_15nhwah,comment
jvmumjk,"acento latino y con saco , que puede salir mal",infiernito,merval,10,2023-08-10 17:17:17,t1_jvmancj,t3_15nhwah,comment
jvmczrm,Che pero esta re bueno.. tengo 1500 dolares para empezar. A que cbu los transfiero? /s,BarbaDeMerlin,merval,7,2023-08-10 15:31:31,t1_jvmancj,t3_15nhwah,comment
jvmxstu,Uff aguanté sólo un minuto y medio y ya me desesperó ese gestito envolvente tipo dibujando una caja que hace con ambas manos.,mono_bostero,merval,6,2023-08-10 17:36:20,t1_jvmancj,t3_15nhwah,comment
jvmguf1,Ya me da sospecha q el del video mueve mucho las manos 😂,yupunky85,merval,3,2023-08-10 15:54:33,t1_jvmancj,t3_15nhwah,comment
jvocozf,Los evopoints te los aceptan solo en bolivia,RepulsiveMan000,merval,3,2023-08-10 23:21:25,t1_jvmancj,t3_15nhwah,comment
jvmfohb,Antes mejor conocido como EVO MOVEMENT Y liderado por German Castelo (terrible estafador),[deleted],merval,2,2023-08-10 15:47:32,t1_jvmancj,t3_15nhwah,comment
jvmwzgf,"Hay mucha gente desesperada, es el mismo Target que las tarotistas y todo ese verso. 

Como dijeron arriba, apelan a lo emocional.",reddNOOB2016,merval,2,2023-08-10 17:31:24,t1_jvmrab2,t3_15nhwah,comment
jvna9tb,"No sólo el mismo patrón, hasta el mismo nombre tienen JAJAJ, es tremendo",monsternaranja,merval,1,2023-08-10 18:53:22,t1_jvmrab2,t3_15nhwah,comment
jvqp04v,"La posta es que esas personas pueden tener esa vida, pero no la armaron con ese negocio, es solo para mostrar. Te muestra el resultado pero no el camino.  
Apelan mucho al marketing y a la imagen, como dicen, es la imagen que un pobre tiene de un rico.  
Yo conozco bastante gente rica si se quiere, hablamos de gente que mueve 20 mil dolares al mes, y en realidad, son lo menos parecido a este tipo de gente, ni los notas y no te das cuenta.  
El papa de un amigo tiene un monton de campos en el sur, y varias pymes en Capital, el tipo vos lo ves y no tiene nada de lujos, incluso se mueve en un Corolla del 2015.  
Mucha de esa vida es prestada tambien, a veces viven ahorcadisimos solo para aparentar.",SoberbioYpelotudo,merval,5,2023-08-11 12:16:27,t1_jvpm0bc,t3_15nhwah,comment
jvqoebu,"Siempre me mata que todas estas cosas son desarrollo personal, motivacional y demas.  
Nunca se habla de laburar duro, capacitarse, ahorrar, invertir, y demas.  
Nadie salio adelante solo con charlas motivacionales, a veces la unica forma es la dura y antigua ""laburar hasta que te salgan callos en las manos"" y formar un capital.  
La parte teorica es importantisima pero sin laburo practico no llegas a ninguna parte.",SoberbioYpelotudo,merval,2,2023-08-11 12:12:42,t1_jvmqbfe,t3_15nhwah,comment
jvopncs,“”Gratis””,MissK18A,merval,1,2023-08-11 01:05:14,t1_jvngg1r,t3_15nhwah,comment
jvmi3j0,"Las estafas de trading son un poco diferentes, pero a grandes rasgos los MLM siguen este patrón:

* Se enfocan en cómo cambiaría tu vida,
* te dicen que el consumidor está afuera,
* y el producto es maravilloso.

Cuando en verdad:

* Su producto no es competitivo,
* el consumidor sos vos,
* y lo que estás comprando es la promesa de una vida mejor.

Imaginate que yo te proponga producir una nueva silla argentina, y por todo análisis de mercado te doy unas fotos de mis vacaciones alegando que ese vas a ser vos. Leyéndolo parece una falta de respeto, pero en la práctica funciona porque alegan a lo emocional, a las ganas de cambiar tu realidad.

Y ahí está la cosa, te endulzan la oreja porque el modelo de negocio es venderle a otras personas el sueño de cambiar su vida. Te dicen que sos un partner, asociado, etc. pero sos el consumidor / cliente.

El producto que te presentan no es competitivo, pero obviamente no se van a enfocar en eso. No vas a ver un sólo análisis serio/objetivo de mercado. Herbalife, por ejemplo, es proteína que comprás en MercadoLibre por 1/6 de su valor, pero claramente no es algo que vas a ver en sus presentaciones.

Por eso también son estafas piramidales implícitas, porque en los papeles vos estás ahí para vender un producto, pero en la práctica ese producto es tan incompetente que la única forma de hacer (recuperar) dinero es meter (cagar) a otra gente. Por eso también se pueden hacer MLM de cualquier cosa, si total lo que importa no es el producto (que se usa como excusa) sino poder meter a otra gente y ganar guita.

La diferencia con las estafas de trading es que, en vez del producto, te van a decir que vas a hacer dinero aprendiendo estrategias milenarias y secretas de trading pero, obviamente, no van a funcionar y vas a tener que meter gente a la pirámide para recuperar.",heretique_et_barbare,merval,18,2023-08-10 16:02:05,t1_jvm6if6,t3_15nhwah,comment
jvm8wgy,"""Academia forex/trading"" con MLM y referidos, es literal lo que debería estar al lado de la palabra estafa en el diccionario. 

Siempre para entrar tenes la cuota de suscripción sumamente alta que la ""achicas trayendo más gente"".",[deleted],merval,6,2023-08-10 15:07:20,t1_jvm6if6,t3_15nhwah,comment
jvna5qr,"Una vez que estás adentro tenés que pagar cursos y eventos y un montón de cosas y te empiezan a presionar para que metas más gente y duplicas tus puntitos y esas yerbas.

Te recomiendo mucho [los videos de Tamayo](https://www.youtube.com/watch?v=wr4VB82EooQ&list=PLnfVZ4ANQFwfv8QLTFIcPFdbYSii4ZWsK), son de IM Academy que es lo mismo que EVO Movement y que estoy 99% seguro de que deben ser lo mismo que EVO Global. Apenas entrás el ""trading"" pasa a ser secundario y nunca tradeás nada.",monsternaranja,merval,2,2023-08-10 18:52:39,t1_jvm6if6,t3_15nhwah,comment
jvm7sbk,Creo que lo que dice es para entrar tenes que poner guita... Ahí estaría la estafa... Porque todo es falso.,SwimmingHorror600,merval,3,2023-08-10 15:00:43,t1_jvm6if6,t3_15nhwah,comment
jvpu3p2,"Con el mandala la hicieron bien porque le metían el cuento de empoderarse en un momento de auge, y cualquier cosa que dijeras en contra te quemaban. Al final preferías no decir nada y así se metían minas conocidas a las que podrías haberle evitado el mal trago",EconomicsDirect7490,merval,12,2023-08-11 08:37:56,t1_jvppcoh,t3_15nhwah,comment
jvqjxzd,"Cuando leí lo del típico salón de hotel, historias de vida y miembros alardeando, pensé que iba a ser amway. Me paso como al OP, Una conocida me quiso meter ahí en 2018/2017 y fue tal cual así.",tian_arg,merval,5,2023-08-11 11:45:09,t1_jvppcoh,t3_15nhwah,comment
jvm5237,[deleted],[deleted],merval,47,2023-08-10 14:44:43,t1_jvm4n8e,t3_15nhwah,comment
jvn1if8,[deleted],[deleted],merval,17,2023-08-10 17:58:47,t1_jvm4n8e,t3_15nhwah,comment
jvmelk4,La estafa es que el marketing y la ganancia principal SOS vos. Carne fresca para pagarle a los otros Giles que entraron antes que vos.,Illustrious_Ad_3618,merval,17,2023-08-10 15:41:03,t1_jvm4n8e,t3_15nhwah,comment
jvnbea5,"Operan con tu guita y se llevan la cometa. Ellos no arriesgan la suya. 
No parece estafa pero es igual a todo copy, ellos operan con guita virtual y vos copias con guita de verdad. 
Ellos pierden reputacion y vos perdes guita.
Pero ellos siempre ganan comision",Joma77Yo,merval,8,2023-08-10 19:00:38,t1_jvm4n8e,t3_15nhwah,comment
jvmgl2u,"Sistema de referidos, no le des más vueltas.",MondongoLisergico,merval,6,2023-08-10 15:53:00,t1_jvm4n8e,t3_15nhwah,comment
jvn0on7,"Todos juntos no, vos sos el último",Cobayo,merval,5,2023-08-10 17:53:44,t1_jvm4n8e,t3_15nhwah,comment
jvm5acy,"Estimo que seria que pagan una membresia para que alguien le pase las operaciones ganadoras, =P",Kaz4SEM,merval,5,2023-08-10 14:46:04,t1_jvm4n8e,t3_15nhwah,comment
jvmcll7,Por qué? Se te están prendiendo lamparitas?,PlecoNeko,merval,1,2023-08-10 15:29:08,t1_jvm4n8e,t3_15nhwah,comment
jvmlvn2,ese es el gancho amigo,silverbryanDEV,merval,1,2023-08-10 16:24:55,t1_jvm4n8e,t3_15nhwah,comment
jvo0npz,"Es una estafa, no es ilegal.
No todo lo legal es correcto y no todo lo ilegal es incorrecto.
Igual gracias por la aclaración. Esto no tenía pinta de ilegal, era claramente una MLM como vos decís, que eran muy comunes en ese momento, pero la mayoría de la gente que entraba solia perder la guita que ponía y también un poco más porque en general era buena gente y le ""devolvían"" a los familiares y amigos que metían sin saber dónde estaban metiéndolos.",Kaji157,merval,13,2023-08-10 21:55:42,t1_jvnyku6,t3_15nhwah,comment
jvnvz9s,Soy un inculto de mrd. De que habla?,[deleted],merval,1,2023-08-10 21:22:41,t1_jvmryja,t3_15nhwah,comment
jvptv1i,¡Yo era otro infeliz!,EconomicsDirect7490,merval,7,2023-08-11 08:35:47,t1_jvo1ese,t3_15nhwah,comment
jvp2a9l,"Es la táctica de las piramidales. Cuando no funciona es culpa tuya, porque no te esforzaste lo suficiente. ¿No ves que todos los que están alrededor tuyo hacen guita? Los ves en todos lados con fotos de viajes y autos caros, el problema es que a vos no te sale. Es culpa tuya.",mustard96,merval,4,2023-08-11 03:13:27,t1_jvnbnsh,t3_15nhwah,comment
jvp0036,la gente cree lo que quiere creer.,SimilarStock3,merval,2,2023-08-11 02:47:45,t1_jvnbnsh,t3_15nhwah,comment
jvmpjlr,Negro y tóxico ?,MizaNahoria,merval,9,2023-08-10 16:46:59,t1_jvmcaox,t3_15nhwah,comment
jvmmmjj,Depositalos YA y tenés 3000 Evo points!! JAJAJAJAJAJAJAJ,santiquaglia,merval,11,2023-08-10 16:29:20,t1_jvmczrm,t3_15nhwah,comment
jvp043b,"el movimiento de manos envolvente al hablar es un gesto típico de estos chantas, si ves a una persona hacer ese gesto, corre",SimilarStock3,merval,1,2023-08-11 02:48:58,t1_jvmxstu,t3_15nhwah,comment
jvnhzc0,"Los conozco, no a estos específicos pero esta lleno. Hace años que me dedico a inversiones en bolsa y a veces me doy cuenta que me cuesta entender como es posible que haya gente que caiga.",Rampante11,merval,1,2023-08-10 19:44:33,t1_jvna5qr,t3_15nhwah,comment
jvm8wxc,"A donde dice membresías... pero si al final dice que maneja su propio dinero y solo copia el trading se otro no se si califica exactamente como estafa, califica que sos medio nabo. 

Pero digo que cambia de tantos otros que te venden ""la gran estrategia para ganar al mercado""? O gente dando dinero a streamers por membresías?",Rampante11,merval,-1,2023-08-10 15:07:25,t1_jvm7sbk,t3_15nhwah,comment
jvmf6gr,"Te están invitando a un negocio multimillonario, y te regalan la información, no se donde está… pero probablemente cuando te des cuenta, sea tarde",TartaVoladora,merval,1,2023-08-10 15:44:32,t1_jvm7sbk,t3_15nhwah,comment
jvmeqiv,Calculo que debe tener un sistema de referido y por cada entrada/salida de dinero se lleven una comisión importante. Sumado tambien a que debe de haber algun servicio palpable para que la gente sienta que no son solo numeritos y pongan plata en serio,Stormseasons,merval,9,2023-08-10 15:41:52,t1_jvm5237,t3_15nhwah,comment
jvoza7q,"sigo mucho el tema estafas y la verdad tiraste la posta, parece que hay gente que no es capaz de reconocer estafas, les camuflan un poquito el chamuyo y caen, y es gente inteligente, con guita, que masomenos entiende del mercado, pero creen igual y caen.

es un bug del humano",SimilarStock3,merval,4,2023-08-11 02:39:53,t1_jvn1if8,t3_15nhwah,comment
jvmd02a,Hay que sacar plata de algún lado,MaCsEEnaHu,merval,1,2023-08-10 15:31:34,t1_jvmcll7,t3_15nhwah,comment
jvqe782,">stafa, no es ilegal. No todo lo legal es correcto y no todo lo ilegal es incorrecto. Igual gracias por la aclaración. Esto no tenía pinta de ilegal, era claramente una MLM como vos decís, que eran muy comunes en ese momento, pero la mayoría de la gente que entraba solia perder la guita que ponía y también un poco más porque en general era buena gente y le ""devolvían"" a los familiares y amigos que metían sin saber dónde estaban metiéndolos.

Exacto, no son negocios legitimos, solo no son ilegales que es otra cosa. Por algo todos saben que herbalife es una estafa en estados unidos y todavia sigue existiendo a pesar de los juicios que les hagan, porque no cumple con ningun tipo penal",Matute_92,merval,2,2023-08-11 11:08:38,t1_jvo0npz,t3_15nhwah,comment
jvo1l2f,El sendero de warren sanchez,jE41ZPpNLXbWwP0L91ML,merval,4,2023-08-10 22:02:16,t1_jvnvz9s,t3_15nhwah,comment
jvoqnz3,"Señor, se merece un trofeo.",Belkan2087,merval,1,2023-08-11 01:14:18,t1_jvmpjlr,t3_15nhwah,comment
jvmn07g,"Es como dinero real, pero divertido.",BarbaDeMerlin,merval,11,2023-08-10 16:31:37,t1_jvmmmjj,t3_15nhwah,comment
jvpugsh,Está bien que lo abrí desde este hilo pero no llegué a ver 5 segundos de video que sentí una mano en el bolsillo,EconomicsDirect7490,merval,2,2023-08-11 08:41:11,t1_jvp043b,t3_15nhwah,comment
jvnj2mz,"A mí también se me hace dificil entender, creo que es una mezcla de esperanza, ignorancia, miseria y falta de educación. Es un cóctel jodido la verdad porque te pueden dejar en pelotas y en la calle.

Hay mucha gente que cuando ve que las posibilidades que tiene alrededor son nulas se agarran del primero que les venda un sueño medianamente feliz.",monsternaranja,merval,3,2023-08-10 19:52:01,t1_jvnhzc0,t3_15nhwah,comment
jvmabez,"Sos medio inocente... La App de la empresa está dada de baja en el store. Hay videos de Internet donde dicen que dan el doble de que por cada membresía y toda la pavada esa...
Se aprovechan de usar palabra evo y global porque hay sí hay empresas serias pero no tienen nada que ver con la esta gente...",SwimmingHorror600,merval,3,2023-08-10 15:15:44,t1_jvm8wxc,t3_15nhwah,comment
jw1317e,Ese bug creo que se llama ambición,angelushumy,merval,1,2023-08-13 14:49:24,t1_jvoza7q,t3_15nhwah,comment
jvmde7p,"Dale yo te ayudo.
Traete algunos conocidos y empezamos.",PlecoNeko,merval,3,2023-08-10 15:33:55,t1_jvmd02a,t3_15nhwah,comment
jvqb6gm,"como los pesos, que son como dinero real pero divertidos! :P",lordsokoban,merval,1,2023-08-11 10:48:48,t1_jvmn07g,t3_15nhwah,comment
jvnm9z2,"Si es como decis, estamos tan en la miseria y hay tanta falta de educación básica, ni siquiera te digo de educación financiera, que agarran lo que viene.

Hace poco descubrí una que le ""alquilaban"" las cuentas bancarias de la gente  por 7 lucas... terminaban todos endeudados con prestamos",Rampante11,merval,1,2023-08-10 20:14:15,t1_jvnj2mz,t3_15nhwah,comment
jvmaqga,"Perfecto ahora si coincido, todo eso no estaba en el post",Rampante11,merval,1,2023-08-10 15:18:14,t1_jvmabez,t3_15nhwah,comment
jy9vvuv,"Se está hablando acá ya, no hace falta varios threads: [https://www.reddit.com/r/merval/comments/164n8g8/el\_gobierno\_anticip%C3%B3\_multas\_a\_las\_empresas\_que\_no/](https://www.reddit.com/r/merval/comments/164n8g8/el_gobierno_anticip%C3%B3_multas_a_las_empresas_que_no/)",HwanZike,merval,1,2023-08-29 16:39:57,t3_164odyq,t3_164odyq,comment
jy9kb5a,"Encima por un bono pedorro, que se da en dos cuotas, o sea cuando recibas la 2da cuota esos 30000 van a estar recontra devaluados. También es un aumento que corresponde desde hace bastante, no es ayuda, tampoco lo que corresponde.",Affectionate-Big3833,merval,56,2023-08-29 15:31:00,t3_164odyq,t3_164odyq,comment
jy9ldy2,"En su momento cuando fue Repro/ATP fue lo mismo, nada mas que el estado se hacía cargo de una parte.   
Ahora obligan al empleador hacerse cargo, no podés negarte, te cagan y no se podría comprar MEP?   
Bueno, el mes que viene saquen los plazos fijo también ya que estamos y vistámonos con bolsas de arpillera.",nanofz,merval,30,2023-08-29 15:37:32,t3_164odyq,t3_164odyq,comment
jy9oc3k,Nadie hizo tanto para derrumbar el peronismo como este gobierno.,Tokukawa,merval,61,2023-08-29 15:54:57,t3_164odyq,t3_164odyq,comment
jy9qn01,"Los docentes somos de los pocos que quedamos dando vueltas todavía pudiendo comprar dólar ahorro. Entre lo que dijo Massa de no permitir paros, y ésto, pierden una fuente grande de votos que no están en posición de rechazar. Son medidas tan desesperadas que parece las firman con un sello.",StareandStalk,merval,18,2023-08-29 16:08:44,t3_164odyq,t3_164odyq,comment
jy9pevn,"La verdad que si querian ganar votos con este plan , les saliopara el ogt.",Big-Cartographer-166,merval,17,2023-08-29 16:01:22,t3_164odyq,t3_164odyq,comment
jy9tyf8,"Básicamente sería

Si cobras menos de 400k no podés comprar más dólar ahorro.

Queda esperar la resolución del BCRA",Menem99,merval,15,2023-08-29 16:28:35,t3_164odyq,t3_164odyq,comment
jy9h4iq,Para los que cobren el bono y no puedan hacer dólar mep... ¿Qué sucede con los cedears? comprar un cedear en pesos y venderlo en dólares ¿corre con la misma restricción?,Pablopipo,merval,9,2023-08-29 15:11:58,t3_164odyq,t3_164odyq,comment
jy9ob6a,"Desmentido por el presidente de la CNV.

https://radiomitre.cienradios.com/economia/el-presidente-de-la-comision-nacional-de-valores-desmintio-al-gobierno-por-la-restriccion-al-dolar-mep-no-esta-prevista/",Matrin123,merval,4,2023-08-29 15:54:48,t3_164odyq,t3_164odyq,comment
jy9idkk,"Porque trampa? Cual es la trampa decirle a alguien que cobra un bono de ayuda encima quiere comprar dolares? Esto deberia darse por sentado como sentido comun. Pero bueno, el argentino tiene esa creencia de que un mesías lo salvará..",asadito4ever,merval,-65,2023-08-29 15:19:27,t3_164odyq,t3_164odyq,comment
jy9m9bk,"Y, se prevee que la inflacion va a venir en al menos 11% mensual, asi que considerando que el bono lo dan por el desbarajuste de agosto pero en septiembre, ya la primera cuota son 26700 de agosto, y la segunda 23037.

Al final el bono de 60k fue de 49737.",DMugre,merval,22,2023-08-29 15:42:42,t1_jy9kb5a,t3_164odyq,comment
jy9hwgb,"No se sabe lo del MEP todavía, hay fuentes contradictorias.

Por el ejemplo: https://www.lapoliticaonline.com/documentos/ahora-el-gobierno-dice-que-los-que-reciban-el-bono-podran-comprar-dolar-mep-pero-siguen-las-dudas/

El presidente de la CNV dice que sí pueden comprar dolar mep",compradorconfundido,merval,10,2023-08-29 15:16:35,t1_jy9h4iq,t3_164odyq,comment
jy9hun2,"Y...no tires ideas porque en 5mi lo tenes aplicado.

En breve no vamos a tener ni internet.

Welcome to Cuba 2.0",Rusoloco73,merval,24,2023-08-29 15:16:17,t1_jy9h4iq,t3_164odyq,comment
jy9qt81,No está prevista hoy. Mañana sale la resolución y listo.,ferow2k,merval,15,2023-08-29 16:09:46,t1_jy9ob6a,t3_164odyq,comment
jy9itxh,Porque es obligatorio. En serio hay que explicarlo?,ItLooksLikeFun,merval,45,2023-08-29 15:22:09,t1_jy9idkk,t3_164odyq,comment
jy9mkku,username check out,KidzWithGunss,merval,19,2023-08-29 15:44:33,t1_jy9idkk,t3_164odyq,comment
jy9tqkp,"Semánticamente hablando, trampa no.
Porque no ofrecieron algo a alguien y el otro cayó con falsas promesas 

Nos/los cagaron sería. 

Porque es una decisión unilateral. No das a elegir si querés o no cobrar bono para mantener el beneficio. 

Ni tampoco algo más sensato: bloquear por la duración del bono el acceso al dólar ahorro.

Básicamente sería: Si cobras menos de 400 no podés comprar MAS dólar ahorro.",Menem99,merval,8,2023-08-29 16:27:17,t1_jy9idkk,t3_164odyq,comment
jy9irka,"La trampa sería que no tenés la opción de optar por no cobrarlo. No es como lo de los subsidios, que sí te daban un formulario para renunciarlos y seguir accediendo al dolar ahorro.

Por otro lado, más allá de lo político, lo único que me interesa es no estar en pesos por mas de 24hs. Cuando cobro el sueldo y no me permiten comprar dolar ahorro, es un dolor de cabeza más",compradorconfundido,merval,15,2023-08-29 15:21:45,t1_jy9idkk,t3_164odyq,comment
jy9k0o4,cuanto olor a polenta en este comentario...,ShinyBless,merval,15,2023-08-29 15:29:13,t1_jy9idkk,t3_164odyq,comment
jy9it04,No entienden el concepto de país quebrado,[deleted],merval,3,2023-08-29 15:21:59,t1_jy9idkk,t3_164odyq,comment
jy9nv3w,Jajajajaj porque? No es lindo un asadito cada tanto?,asadito4ever,merval,-11,2023-08-29 15:52:10,t1_jy9mkku,t3_164odyq,comment
jy9o5oe,Porque a polenta? No entiendo la relación. Relacionas la polenta con una forma de pensar o que? Explicate un poco. El comentario fue sin ninguna intención politica. No lo hice intencionado a eso,asadito4ever,merval,-27,2023-08-29 15:53:54,t1_jy9k0o4,t3_164odyq,comment
jwx7kf4,"Porque este thread esta en r/merval u/disculpametenesfuego?

No tiene nada que ver con el sub. No perfila siquiera al nivel impositivo de las jurisdicciones.

Cierro.",diyexageh,merval,1,2023-08-19 19:36:58,t3_15vk4si,t3_15vk4si,comment
jwvr4uh,"Malta es buena opción si hablas inglés y tienes ciudadanía europea. Hay trabajo, el clima es cálido, el inglés es idioma co-oficial con el maltés, la cultura es mediterránea asi que similar a Italia o España y se puede volar a muchos lugares en el continente fácilmente.

No te diré que es perfecto porque tiene problemas, en comparación con el Italia o España el costo de la vida es más elevado y más que un país es una ciudad estado así que a veces puedes sentirte un poco encapsulado pero en mi opinión es un buen destino sea para usarlo de puente o para vivir permanentemente. Mi mayor nota de precaución es que si no eres ciudadano europeo el sistema de inmigración es un dolor de cabeza, en esos caso está más diseñado para que vengas, vivas unos años y te vayas que para que te quedes a largo plazo.

Si te llegas a venir estoy feliz de responder más preguntas y ayudar con información.",Ilalu,merval,13,2023-08-19 14:10:29,t3_15vk4si,t3_15vk4si,comment
jwvr26h,Que es esto? r/argentina?,ZurditoBagley,merval,43,2023-08-19 14:10:02,t3_15vk4si,t3_15vk4si,comment
jwwao3q,"El clima para mi es fundamental, asique me limitaría a alguno de las ciudades del mediterráneo.   
No quisiera convertirme en ese expatriado que te dice ""acá el frío se siento menos porque bs as tiene mucha humedad"" mientras está con 5 capas de ropa y calculando el gasto de la calefacción.",Upstairs-Iron-5014,merval,9,2023-08-19 16:08:40,t3_15vk4si,t3_15vk4si,comment
jwvr4nh,[deleted],[deleted],merval,15,2023-08-19 14:10:27,t3_15vk4si,t3_15vk4si,comment
jwvk58d,"En Irlanda hay movimientos Anti migrantes, y en dos o tres vídeo que ví, hay pungas a turistas regalados. Pero eso no nos detiene a los latinos, no se que onda el resto como está",Significant_Pay_5423,merval,14,2023-08-19 13:26:44,t3_15vk4si,t3_15vk4si,comment
jww83lu,"tendria que pensarlo, pero para mi algun pueblo bien alejado de las ciudades, con campos y un centro pequeño. Lo unico que pediría es que tenga servicios básicos e internet.",Tinojay416,merval,7,2023-08-19 15:52:52,t3_15vk4si,t3_15vk4si,comment
jwvo753,"Ucrania.

Me parece el mejor porque te dan trabajo al toque en el ejército. Pagan bien y te dan alojamiento.

Te garantizan un trabajo entretenido con emociones fuertes.

Qué más podés pedir?",Grimalkon,merval,28,2023-08-19 13:52:23,t3_15vk4si,t3_15vk4si,comment
jwvp0r2,"Liechtenstein, tiene unas de las constituciones y organización política que mas me gusta.",Gullible-Pay4973,merval,4,2023-08-19 13:57:22,t3_15vk4si,t3_15vk4si,comment
jwvyk5g,Suiza. Por qué? No hay por qué,Key_Examination_9397,merval,4,2023-08-19 14:56:35,t3_15vk4si,t3_15vk4si,comment
jww0bo1,"Islandia, me gusta el frío, y de paso a mezclar la sangre Sudaca con la vikinga",Ronin__84,merval,6,2023-08-19 15:07:19,t3_15vk4si,t3_15vk4si,comment
jwvmjl6,"Tengo amigos en Irlanda (argentinos) y están genial. Solo me dicen que no se encuentran buenas viviendas por la escasez y subida de precios.

Por otro lado mi novia quiere ir a Alemania pero después sentarse en checoslovaquia. Y como pollerudo acá me tenes estudiando alemán (?)

Sinceramente mientras allá nieve y frío en invierno me basta",kuromi_metalgear,merval,9,2023-08-19 13:42:08,t3_15vk4si,t3_15vk4si,comment
jwvke9u,"España obvio, pero esta dificil conseguir trabajo, pero si conseguis no hay dudas.

Irlanda esta bueno pero medio aislado de Europa (una isla) y el clima es una mierda. La gente es mas calida que en UK.

Despues Portugal/Francia/Italia es donde la vida es mejor, mas latina.

Si queres mas nivel economico tenes los otros paises mas duros, tipo Alemania, Holanda, etc.

UK ahora no esta en la Union Europea, pero es un pais interesante tambien. La ventaja es que hablas ingles, desventaja que es una isla y el clima malo (no tan malo como Irlanda) y esta fuera de la UE. Si tenes ciudadania europea mucho mas facil ir a la UE.",brunonicocam,merval,6,2023-08-19 13:28:20,t3_15vk4si,t3_15vk4si,comment
jwvv4q9,"amaría vivir en Dinamarca, me encanta el país en todos los aspectos y principalmente economicos, me gusta que también prácticamente te podés mover casi por todos lados en bici, la calidad de vida es bastante alta aunque también sus costos pero los sueldos también son altos, me encantaría estar allá pero bueno, no existen posibilidades de poder hacerlo jamás lamentablemente jaja",hellercito,merval,3,2023-08-19 14:35:30,t3_15vk4si,t3_15vk4si,comment
jwvpamc,Argentina,jcm95,merval,4,2023-08-19 13:59:01,t3_15vk4si,t3_15vk4si,comment
jww0ome,"Andorra, España, Italia.",No_Cold5079,merval,2,2023-08-19 15:09:28,t3_15vk4si,t3_15vk4si,comment
jwwho3p,"Republica Checa, Praga en particular. Un lugar hermoso con una calidad de vida tremenda.",crfenix,merval,2,2023-08-19 16:52:48,t3_15vk4si,t3_15vk4si,comment
jwwp97g,"Holanda, país ordenado, se gana bien (bien como para vivir a diferencia de acá) hasta de rappi, faso y putas legales, hablan inglés mejor que los ingleses y la única contra es la lluvia",sikkar47,merval,2,2023-08-19 17:38:00,t3_15vk4si,t3_15vk4si,comment
jwwxais,Aguante argentina papa,ZiYu14,merval,2,2023-08-19 18:26:38,t3_15vk4si,t3_15vk4si,comment
jwvqrh5,"Yo me quedaria en Argentina, por suerte tenemos crisis potentes cada 20 años, el que fue vivo y ahorro en epocas de bonanza (2003 a 2012) hoy se compra una casa a precio de remate, que en 10 años recupera su valor.

Además tenes grandes fluctuaciones en el mercado que te permiten tener altas ganancias, tambien mucha economía en negro, el consumidor argento suele gastar todos sus ingresos, y tambien vacaciones por paisajes hermosos por 2 mangos.

Si tenes un poco de cultura financiera Argentina no esta nada mal para crecer, si no sabes ni que es un plazo fijo estas condenado.",SimilarStock3,merval,7,2023-08-19 14:08:12,t3_15vk4si,t3_15vk4si,comment
jwvicoa,"Australia si no hablaran tan para el traste estos aussies.no están americanizados, ni europizados, no son africa y tampoco asiaticos, cierra por todos lados",ContributionLucky693,merval,6,2023-08-19 13:15:16,t3_15vk4si,t3_15vk4si,comment
jwvym44,holanda me parece muy lindo,krazzor_,merval,2,2023-08-19 14:56:56,t3_15vk4si,t3_15vk4si,comment
jwwekyy,"Si tomo en cuenta sólo cuestión económica, elegiría Suiza. Pero estoy dejando de lado cuestiones migratorias, de lenguaje, de cultura, etc.",Khamizzt,merval,1,2023-08-19 16:33:23,t3_15vk4si,t3_15vk4si,comment
jwvnnl7,"no me iria del pais, pero si tuviera que elegir, inglaterra. tiene buena economia, y la gente es ordenada y respetuosa (la mayor parte del tiempo) a demas el pais es pintoresco.",Slow-Play-8701,merval,1,2023-08-19 13:49:04,t3_15vk4si,t3_15vk4si,comment
jwvns93,"España. Después Italia y Francia
Última opción, Portugal 

Tuve un par de amigos que vivieron en Suiza y nunca se lograron integrar. Así que descartó los que sean culturalmente muy distintos",jmg_ar,merval,1,2023-08-19 13:49:51,t3_15vk4si,t3_15vk4si,comment
jwwt50u,Australia,Disastrous-Pen-444,merval,1,2023-08-19 18:01:20,t3_15vk4si,t3_15vk4si,comment
jwvqsi7,En un tiempo me voy a a Andorra,1200mics,merval,1,2023-08-19 14:08:23,t3_15vk4si,t3_15vk4si,comment
jww688n,"Austria era a donde iba a ir si íbamos a Europa, pero decidimos que no.",[deleted],merval,1,2023-08-19 15:41:56,t3_15vk4si,t3_15vk4si,comment
jww8tyh,Si lo digo me baneean.,possiblecefonicid,merval,1,2023-08-19 15:57:23,t3_15vk4si,t3_15vk4si,comment
jwwuud2,"Noruega, pero capaz termine en Dinamarca.",Darkitozz,merval,1,2023-08-19 18:11:22,t3_15vk4si,t3_15vk4si,comment
jwx5bm1,Andorra esta lindo si tenes ahorros para armarte una empresa unipersonal,MangoPoliceOK,merval,1,2023-08-19 19:21:20,t3_15vk4si,t3_15vk4si,comment
jwwkxfi,"Que onda Malta? A mi pareja le llegan ofertas laborales todo el tiempo, parecen desesperados buscando gente que vaya alla. Pero lei que es bastante conservador. Por ejemplo, que hasta el aborto terapeutico esta prohibido. Es tan asi? Como se recibe a los extranjeros? Es como para que viva una familia joven, o con hijos?",LothirielDA,merval,4,2023-08-19 17:12:04,t1_jwvr4uh,t3_15vk4si,comment
jwwhiex,r/merval se convirtió en r/argentina tan gradualmente que no me di cuenta,SiguientePregunta,merval,25,2023-08-19 16:51:54,t1_jwvr26h,t3_15vk4si,comment
jwwfi6k,"Se está pareciendo ultimamente, no?",AgusTomps,merval,7,2023-08-19 16:39:06,t1_jwvr26h,t3_15vk4si,comment
jwvue81,El clima man. Viví ahí y no pude soportarlo,KidLegio,merval,9,2023-08-19 14:30:57,t1_jwvr4nh,t3_15vk4si,comment
jwvkotu,Lamentablemente en muchas partes del mundo hay xenófobos. Yo creo que el nivel de recepción a extranjeros que tenemos en Argentina no es muy común,elCorralito24,merval,13,2023-08-19 13:30:14,t1_jwvk58d,t3_15vk4si,comment
jww9jsa,Re austero,disculpametenesfuego,merval,2,2023-08-19 16:01:59,t1_jww83lu,t3_15vk4si,comment
jwvp1zz,"El verdadero ""aca calentamos la pava a tiros""",kirbag,merval,13,2023-08-19 13:57:35,t1_jwvo753,t3_15vk4si,comment
jwvzvzr,"Si no me equivoco, uno de los que labró la constitución fué un Rosarino que vive ahí.",[deleted],merval,3,2023-08-19 15:04:36,t1_jwvp0r2,t3_15vk4si,comment
jwvr4d8,"Nunca escuche este pais, no me lo acuerdo ni de las clases de geografia. Lo vi de pedo el otro dia cuando mire al lado de austria y dije wtf y eso? Pero me llama la atencion que alguien lo eligiria para vivir",disculpametenesfuego,merval,0,2023-08-19 14:10:24,t1_jwvp0r2,t3_15vk4si,comment
jwwbc12,Por los chocolates?,SkipActive,merval,2,2023-08-19 16:12:41,t1_jwvyk5g,t3_15vk4si,comment
jwvs708,De Alemania a Checoslovaquia hay que ir en DeLorean.,Pizzazze,merval,39,2023-08-19 14:17:09,t1_jwvmjl6,t3_15vk4si,comment
jwvq5lc,Checoslovaquia? Se quedó en el tiempo tu novia,ZurditoBagley,merval,14,2023-08-19 14:04:20,t1_jwvmjl6,t3_15vk4si,comment
jww73na,No te dijo de visitar el imperio otomano?,PunkerWannaBe,merval,9,2023-08-19 15:47:05,t1_jwvmjl6,t3_15vk4si,comment
jwvpmdx,República Checa o Eslovaquia?,Ilalu,merval,3,2023-08-19 14:01:01,t1_jwvmjl6,t3_15vk4si,comment
jwwejgt,leete algo de Milan Kundera antes de ir a republica checa,parripollo1,merval,3,2023-08-19 16:33:07,t1_jwvmjl6,t3_15vk4si,comment
jww7ihz,"¿Dónde estás estudiando Alemán?
 Yo también me voy a Alemania porque mi pareja se va.",Julieta_r,merval,1,2023-08-19 15:49:29,t1_jwvmjl6,t3_15vk4si,comment
jwvo0wh,"Ni empedo me voy a España, nos odian mal jaja.
Para mi la posta es portugal/ inglaterra. Especialmente inglaterra donde sos un expatriado mas del monton",chiquitus,merval,10,2023-08-19 13:51:20,t1_jwvke9u,t3_15vk4si,comment
jwwa4xv,"Estuve en Copenhaguen. Si, es lindo moverte en bici para todos lados, pero guarda que hace un frio de morirse en invierno.",elbotacongatos,merval,4,2023-08-19 16:05:34,t1_jwvv4q9,t3_15vk4si,comment
jwx7a5y,">se gana bien (bien como para vivir a diferencia de acá)

Los salarios son bastante bajos en Nederlands. No es un pais donde se pague particularmente bien.

&#x200B;

>faso y putas legales,

Prioridades, bien.

&#x200B;

>la única contra es la lluvia

Y el costo de la comida, los alquileres, y la situacion impositiva abrumadora. Por ejemplo.",diyexageh,merval,3,2023-08-19 19:34:56,t1_jwwp97g,t3_15vk4si,comment
jwwq79o,Si ganas en dolares capaz. Pero mi sueldo se devaluo 22% en un día...,Efficient_Pomelo_583,merval,7,2023-08-19 17:43:45,t1_jwvqrh5,t3_15vk4si,comment
jwwh13v,Pienso igual irse a Europa es comprar en ATH,hexagerardo,merval,5,2023-08-19 16:48:53,t1_jwvqrh5,t3_15vk4si,comment
jwvij14,"Menos mal que dice Europa jajajaj

O te confundiste con Austria",Keiner97,merval,22,2023-08-19 13:16:25,t1_jwvicoa,t3_15vk4si,comment
jwvjvyq,"Tres de los seis de mis amigos que se fueron a vivir al exterior, están en Australia y les gusta bastante. Para mí no progresaron nada, pero es otra discusión esa",Significant_Pay_5423,merval,5,2023-08-19 13:25:04,t1_jwvicoa,t3_15vk4si,comment
jwvobkt,"Si pero estar en Europa esta mucho mejor y el clima es una poronga, especialmente la falta de luz en invierno.",brunonicocam,merval,2,2023-08-19 13:53:08,t1_jwvnnl7,t3_15vk4si,comment
jwvqf2l,"Estan del orto ahora, por el brexit",disculpametenesfuego,merval,3,2023-08-19 14:06:00,t1_jwvnnl7,t3_15vk4si,comment
jwx54zp,"De Europa amigo, no que participen en Eurovision.",diyexageh,merval,8,2023-08-19 19:20:07,t1_jwwt50u,t3_15vk4si,comment
jww9l88,Por?,disculpametenesfuego,merval,2,2023-08-19 16:02:13,t1_jww688n,t3_15vk4si,comment
jwx6xzd,"Carlos Paz? Pyongyang? Tel Aviv, habla habla que yo te saco el ban. haha.",diyexageh,merval,1,2023-08-19 19:32:30,t1_jww8tyh,t3_15vk4si,comment
jwwfrbm,Hicieron mierda ese sub y ahora vienen acá a hacer las mismas cosas.,ZurditoBagley,merval,13,2023-08-19 16:40:45,t1_jwwfi6k,t3_15vk4si,comment
jwvl5yv,"Pero digo explícitamente ir a patear y prender fuego los campamentos. En todos lados siempre se envidia al que progresa un poco y si no es de tu país, se justifica más",Significant_Pay_5423,merval,6,2023-08-19 13:33:19,t1_jwvkotu,t3_15vk4si,comment
jwvodx6,"> el nivel de recepción a extranjeros que tenemos en Argentina no es muy común

jajaa de _que_ extranjeros exactamente? de europeos y norteamericanos? porque paraguas, bolitas, brazucas, venezolanos, las pelotas que son bien recibidos",PopularPianistPaul,merval,-4,2023-08-19 13:53:31,t1_jwvkotu,t3_15vk4si,comment
jwwlbqv,"Canadá creo que es otro. Ciudades como Toronto son las más diversas del mundo, pero sin la segregación que tienen ciudades como New York",Odd-Ask2722,merval,1,2023-08-19 17:14:26,t1_jwvkotu,t3_15vk4si,comment
jwvwu85,">Liechtenstein

Acá esta con lo que respecta a impuesto: [https://www.libertadyprogreso.org/2019/07/12/liechtenstein-el-pais-mas-rico-del-mundo-donde-los-ciudadanos-tienen-mas-poder-que-los-politicos/#:\~:text=En%20materia%20puramente%20econ%C3%B3mica%20Liechtenstein,el%203%20y%20el%2024%25](https://www.libertadyprogreso.org/2019/07/12/liechtenstein-el-pais-mas-rico-del-mundo-donde-los-ciudadanos-tienen-mas-poder-que-los-politicos/#:~:text=En%20materia%20puramente%20econ%C3%B3mica%20Liechtenstein,el%203%20y%20el%2024%25).

Edit: igual es muy difícil entrar(residir), porque te tiene que dar visto bueno la población local.",Gullible-Pay4973,merval,3,2023-08-19 14:46:03,t1_jwvr4d8,t3_15vk4si,comment
jwvzkrk,JAJAJAJAJA que hdp,[deleted],merval,5,2023-08-19 15:02:47,t1_jwvs708,t3_15vk4si,comment
jwvsmkp,Me compras uno?,kuromi_metalgear,merval,4,2023-08-19 14:19:55,t1_jwvs708,t3_15vk4si,comment
jwvr9ww,Despues pasan por yugoslavia,malb3c,merval,18,2023-08-19 14:11:22,t1_jwvq5lc,t3_15vk4si,comment
jww78vu,Yo siempre quise ir ahí! capas invertir en venta de órganos para financiar el delorean no este mal,kuromi_metalgear,merval,3,2023-08-19 15:47:57,t1_jww73na,t3_15vk4si,comment
jwvq4uj,"La rep checa. No se por que quiere irse ahí. Creo que le gusta la historia del país , yo la dejo planear cosas a futuro mientras no me cambie el destino por que las clases de alemán están difíciles haciéndolas autodidacta.

Si alguien sabe de un lugar piola y online para clases de eso avise.",kuromi_metalgear,merval,5,2023-08-19 14:04:12,t1_jwvpmdx,t3_15vk4si,comment
jww7pva,"Udemy business  pero yo tengo una version pirateada :< 

Ando tratando de buscar un lugar donde pueda tener clases más socializados así me acostumbro.",kuromi_metalgear,merval,1,2023-08-19 15:50:39,t1_jww7ihz,t3_15vk4si,comment
jwvs7j5,"Está re bueno España, e Inglaterra es nefasto. Estás flasheando",Cobayo,merval,-1,2023-08-19 14:17:15,t1_jwvo0wh,t3_15vk4si,comment
jwwg5tn,"Creo que la depresion por lo poco que duran los dias es lo peor de los paises nordicos, incluso mas que el frio.",Arlcas,merval,3,2023-08-19 16:43:18,t1_jwwa4xv,t3_15vk4si,comment
jwwatj6,"si si, se que hace muchísimo frío pero creo que sería lo de menos a la hora de vivir alla si tuviera que elegir, ame la seguridad y/o tranquilidad que hay en ese país también",hellercito,merval,1,2023-08-19 16:09:36,t1_jwwa4xv,t3_15vk4si,comment
jwx0jg2,"La pobreza llego al 45% pero te dice que si ""fuiste vivo"" te podes comprar una casa. Viven en una burbuja enajenados de la realidad de millones de personas.",ZurditoBagley,merval,9,2023-08-19 18:49:04,t1_jwwq79o,t3_15vk4si,comment
jwvksk5,Austria u Oceania???,RataTusca,merval,2,2023-08-19 13:30:54,t1_jwvij14,t3_15vk4si,comment
jwvkr6c,"Ah no no lei, pero dijo economía y calidad de vida y me sale australia, europa sigue mucho una linea social, ideologica que no estoy dispuesto a seguir, suficiente tengo acá, a los aussies le chupa un huevo todo y viven re bien y tienen playas y cuidades hermosas",ContributionLucky693,merval,1,2023-08-19 13:30:40,t1_jwvij14,t3_15vk4si,comment
jwvorsx,El progreso económico no es el único motivo para emigrar,kirbag,merval,4,2023-08-19 13:55:51,t1_jwvjvyq,t3_15vk4si,comment
jwvm5vg,En qué sentido no progresaron?,SenseRealistic1173,merval,2,2023-08-19 13:39:43,t1_jwvjvyq,t3_15vk4si,comment
jwvnsbm,"Se hacen sacrificios,excepto que la rompas es muuy difícil que estes mejor económicamente.  Pero tenes la certeza que no te van a balear volviendo del laburo o de ir preso por defender tu propiedad.
Yo diria que es progresar",chiquitus,merval,2,2023-08-19 13:49:52,t1_jwvjvyq,t3_15vk4si,comment
jww9tsm,"Y bueno, la pregunta era personal, tus gustos no tienen porque coincidir con los míos",Slow-Play-8701,merval,2,2023-08-19 16:03:42,t1_jwvobkt,t3_15vk4si,comment
jww3lyy,"“Del orto” pero version europea. Yo voy siempre y mi mejor amiga es de allá. Están flojos, pero comparado con acá es un paraíso.",ccbabs97,merval,5,2023-08-19 15:26:45,t1_jwvqf2l,t3_15vk4si,comment
jwwt86l,Impuestos más que nada.,[deleted],merval,1,2023-08-19 18:01:50,t1_jww9l88,t3_15vk4si,comment
jwx7lj0,Cualquiera que no este plagado de XXXXX y/o AAAAA,possiblecefonicid,merval,0,2023-08-19 19:37:12,t1_jwx6xzd,t3_15vk4si,comment
jwvlhx5,Uhh no sabía eso. Re heavy…,elCorralito24,merval,2,2023-08-19 13:35:26,t1_jwvl5yv,t3_15vk4si,comment
jwwx2te,"Si estan en campamentos, el odio es por ser extranjeros o refugiados? Porque hay mucho ""refugiado"" de guerra que se pasea por todo europa para terminar en alemania u otro pais que le de todo regalado",Rocarat,merval,1,2023-08-19 18:25:16,t1_jwvl5yv,t3_15vk4si,comment
jwwcmd3,"Una cosa son los chistes, otra cosa el trato de día a día. Jamás vi a un argentino tratar mal a un extranjero en la calle, la universidad ni otro lugar. Caminan por la calle como cualquier otra persona",LoloMiMama,merval,7,2023-08-19 16:20:45,t1_jwvodx6,t3_15vk4si,comment
jwwkvjy,"Tengo un compa de trabajo, venezolano, el tiene hermanos en Chile, España y USA, dice que como aca nadie los trata de bien",Nugmak,merval,2,2023-08-19 17:11:45,t1_jwvodx6,t3_15vk4si,comment
jww6h9r,"Me parece que la Argentina legalmente recibe a casi todos por igual (en cuestion de papeles). Obvio que no es ningun estudio científico pero en mi círculo tengo un monton de extranjeros sudamericanos y no hay discriminacion ni nada. Que escuches de vez en cuando a algun pelotudo siendo xenofobico no quiere decir que todos lo sean.  Y si lo comparas con otros paises donde hay violencia hacia ellos claramente eso no pasa aca

A decir verdad, ya que sacaste el tema de norteamericanos y europeos. Sabias que todos los servicios publicos estan a disposición de paraguayos, bolivianos, uruguayos y chilenos pero no de europeos y estadounidenses? La asimetria en ese caso juega un poquito en contra a lo que decis…",elCorralito24,merval,3,2023-08-19 15:43:25,t1_jwvodx6,t3_15vk4si,comment
jwvvqlu,No sabía que vendías DeLoreans!,Pizzazze,merval,4,2023-08-19 14:39:18,t1_jwvsmkp,t3_15vk4si,comment
jwvrdem,"Mientras sea antes que muera Tito, después la cosa se pone muy movida",ZurditoBagley,merval,10,2023-08-19 14:11:58,t1_jwvr9ww,t3_15vk4si,comment
jwvrfq7,"Solo como dato, Checoslovaquia ya no existe como país. Disculpa el importunio pero mejor que te lo diga un random de Internet cuya opinión no importa a alguien cara a cara y que pases vergüenza",Ilalu,merval,7,2023-08-19 14:12:23,t1_jwvq4uj,t3_15vk4si,comment
jwwdsrh,"Fijate language exchange en reddit, ahi decis que hablas y que queres aprender y te juntas con gente que tiene la misma necesidad, pero al reves.",ZurditoBagley,merval,2,2023-08-19 16:28:18,t1_jww7pva,t3_15vk4si,comment
jwvt4ji,"Experiencias distinta supongo, durante una buena epoca rote por los 2 por laburo. En barcelona me trataron de sudaca de la nada literal. En oxford y londres que estuve mas tiempo no tuve ningun problema y me atrevo a decir que la gente era  mas amigable. Pero bueh experiencias",chiquitus,merval,6,2023-08-19 14:22:59,t1_jwvs7j5,t3_15vk4si,comment
jwwko0z,"Si, también. Vivo en Irlanda y me afecta. En invierno tomo vitamina D e intento viajar para cargar batería.",elbotacongatos,merval,1,2023-08-19 17:10:31,t1_jwwg5tn,t3_15vk4si,comment
jwx1qq7,"Igual tiene razón lo que dice, los que especulan y especulan bien sacan diferencia en periodos de crisis.
Los que se joden siempre son los laburantes y los pobres que no tienen un mango para invertir",Efficient_Pomelo_583,merval,2,2023-08-19 18:57:14,t1_jwx0jg2,t3_15vk4si,comment
jwx1r1k,"debatible, en ese 45% hay mucha gente que vive 100% barrani y no declara nada y entra en esa estadistica, no digo que la situación no sea grave, pero me parece que con ponerle un poquito de ganas podes vivir dignamente. depende de vos, si esperas que un gobierno te solucione la vida estas frito acá y en cualquier parte del mundo

y lo de la casa y ser vivo es un dato objetivo, inmuebles en piso histórico.",SimilarStock3,merval,0,2023-08-19 18:57:17,t1_jwx0jg2,t3_15vk4si,comment
jwx5vef,">a los aussies le chupa un huevo todo

Un tax rate del 42%, propiedades caras subpar, lejos de todo... No se.

Trabajo con Australianos, mi ex companhia era Australiana. No lo se, no lo veo.

Interesante jurisdiccion pero no viene al caso, no es Europa y esa es la premisa del thread.",diyexageh,merval,2,2023-08-19 19:25:03,t1_jwvkr6c,t3_15vk4si,comment
jwvynua,"Acá vivían solos, en zona sin arrebatos ni nada de giladas del amba. A media hora de ciudad grande y 4 de caba. Podían ir a recitales a caba en un toque y viajar dos o tres veces findes largos con los pibes a la costa. 
Vendieron autos y herramientas para irse.
Ahora viven también a media hora de ciudad en Australia, laburan 10hs por día(acá como mucho 7 o algún día quedarse a terminar), tienen que compartir con otros porque sino no les alcanza alquilar, en dos años no salieron ni un cuartos de las veces que acá. Y siquiera recuperaron lo que pusieron para irse, si hacen un peso se habrán comprado una o dos giladas de tecnología como gusto y el resto se vienen a visitar porque extrañan y se queman el pucho que queda ahí. Pero bueno, hasta ahora acá estaban mejor.. pero las ganas que tenían no se las crítico de irse",Significant_Pay_5423,merval,8,2023-08-19 14:57:15,t1_jwvm5vg,t3_15vk4si,comment
jwvwwzn,"Salí del amba, hay menos de un homicidio cada 100k habitantes. En el noventa porciento del país siquiera hay arrebatos",Significant_Pay_5423,merval,1,2023-08-19 14:46:31,t1_jwvnsbm,t3_15vk4si,comment
jwy3hss,"Honestamente, no se a que te referis. Imagino que si lo omitis es por algo pero realmente no se de que hablas.",diyexageh,merval,2,2023-08-19 23:26:34,t1_jwx7lj0,t3_15vk4si,comment
jwvlt0w,"[https://en.wikipedia.org/wiki/2022–2023\_Irish\_anti-immigration\_protests#:\~:text=in%20the%20protest.-,Ashtown%20attack%20and%20protest,up%20and%20get%20out%20now](https://en.wikipedia.org/wiki/2022–2023_Irish_anti-immigration_protests#:~:text=in%20the%20protest.-,Ashtown%20attack%20and%20protest,up%20and%20get%20out%20now)"".  aca encontre algo, y como accion violenta enseguida aprovechan para que se desparrame",Significant_Pay_5423,merval,3,2023-08-19 13:37:24,t1_jwvlhx5,t3_15vk4si,comment
jwx1621,"Una cosa llevó a la otra, vos imagínate que cada año se queman un par de iglesias de protestantes. No les cabe una
Eso era con los sirios y los de más abajo que prácticamente no tienen ningún papel que Merkel por iniciativa propia los agarro
Ahora hay migrantes ""blancos"" y es la de buen europeo ayudar así que te dejan andar sin requisitos hasta que resuelvan algo, así que más bronca aún",Significant_Pay_5423,merval,1,2023-08-19 18:53:19,t1_jwwx2te,t3_15vk4si,comment
jwwjogj,"Esto, al argentino que trata mal a los extranjeros lo miran mal. En otros países lo “aceptan”. Los chistes son otro cantar. Si comparamos chistes con xenofobia estamos como el New York Times que relaciona que no hayan argentinos negros en la selección con que seamos racistas",elCorralito24,merval,6,2023-08-19 17:04:41,t1_jwwcmd3,t3_15vk4si,comment
jwvvw99,"Y en esta economía uno tiene que adaptarse.

Y bue te lo dejo a 300k por que somos amigos (?)",kuromi_metalgear,merval,5,2023-08-19 14:40:15,t1_jwvvqlu,t3_15vk4si,comment
jwvsjz5,"le sigo diciendo así a Czech en ves de traducirlo bien xD

Así que ntp no paso verguenza. Me lo viven recordando pero sigo cometiendo el mismo error. No me entra en la cabeza(?)",kuromi_metalgear,merval,2,2023-08-19 14:19:28,t1_jwvrfq7,t3_15vk4si,comment
jwvvzw8,Igual decir que nos odian porque un boludo te grito sudaca por estar meando en la calle es un poco generalizar no?,Correct-Sandwich4982,merval,8,2023-08-19 14:40:51,t1_jwvt4ji,t3_15vk4si,comment
jwvxvws,Cuánto tiempo?,Cobayo,merval,1,2023-08-19 14:52:30,t1_jwvt4ji,t3_15vk4si,comment
jwx1yke,">Los que se joden siempre son los laburantes

les faltó ""viveza""",ZurditoBagley,merval,1,2023-08-19 18:58:41,t1_jwx1qq7,t3_15vk4si,comment
jwx2701,"Si, me imagino que los web dev freelancer que ganan 10k usd por mes entran en los numeros del indec como pobres y seguramente son estadisticamente significativos",ZurditoBagley,merval,4,2023-08-19 19:00:15,t1_jwx1r1k,t3_15vk4si,comment
jwweakw,Otro mas que te vende que el interior del pais es Finlandia,ZurditoBagley,merval,1,2023-08-19 16:31:29,t1_jwvwwzn,t3_15vk4si,comment
jwvx2q9,"Mmm tengo un temita de liquidez. Te doy dos monedas de diez pe ahora, y el resto el martes pasado.",Pizzazze,merval,1,2023-08-19 14:47:30,t1_jwvvw99,t3_15vk4si,comment
jww1y5g,"Esto. Yo estoy en España viviendo desde febrero y no tuve ninguna experiencia de odio contra mi persona. No digo que no exista la xenofobia, pero te puedo asegurar que no nos odian como regla general xD",[deleted],merval,6,2023-08-19 15:16:59,t1_jwvvzw8,t3_15vk4si,comment
jwx2b5m,"llamalo viveza, planificación, estudio, trabajo, yo lo resumo en ""ser vivo"", no es muy dificil, cuando los salarios en dolares son altos guarda plata que cuando venga la piña compras a precio de remate.

si no podes aceptar esa realidad vas a estar complicado",SimilarStock3,merval,-1,2023-08-19 19:01:01,t1_jwx1yke,t3_15vk4si,comment
jwx2fxe,"no solo web dev, cualquier oficio o changarin, pedile factura al albañil a ver que te dice, empleados en negro no son pocos. 40% de la economia es en negro",SimilarStock3,merval,2,2023-08-19 19:01:57,t1_jwx2701,t3_15vk4si,comment
jwwh77s,Otro mas que cree que el problema de Argentina son los homicidios,hexagerardo,merval,3,2023-08-19 16:50:00,t1_jwweakw,t3_15vk4si,comment
jwwl0r5,Es más conectado con la realidad:,Significant_Pay_5423,merval,1,2023-08-19 17:12:35,t1_jwweakw,t3_15vk4si,comment
jwvxagh,Dale pero lo quiero para la semana pasada por que el azucar estaba más barato ahí.,kuromi_metalgear,merval,3,2023-08-19 14:48:51,t1_jwvx2q9,t3_15vk4si,comment
jwwzubl,"Si, los europeos estan sacando la visa para ir a vivir a Vinchuca Quemada en Chaco y Tero Violado en La Pampa.",ZurditoBagley,merval,1,2023-08-19 18:44:17,t1_jwwl0r5,t3_15vk4si,comment
jwvxcq5,Hecho!,Pizzazze,merval,2,2023-08-19 14:49:15,t1_jwvxagh,t3_15vk4si,comment
jx618sh,"Te digo lo que entendí yo, y la gente puede hacer aportes o corregirme abajo.

La idea sería sustituír, de una forma u otra, al peso como moneda en favor del dólar.

¿Cómo se conseguirían los dólares para cambiar por pesos? Se saldría a vender bonos/papeles utilizando como colateral una colección de activos del país, entre ellos la deuda que el Banco Central tiene con el estado, el fondo de jubilación de la ANSES, las acciones que el estado tiene en YPF, lo que se saque de la licitación del 5G, y otras cosas más. Ese fondo se llamaría ""Fondo de Estabilización Monetaria"" por si querés googlearlo.

Para asegurarse el interés por el papel, se los sacaría en una jurisdicción extranjera (Ley New York, como tienen algunos bonos) lo que quitaría la influencia legislativa argentina por sobre ellos. Los activos serían movidos a un lugar neutral, y ante una eventual falta de pago serían ejecutados por un tercero.

Siguiendo con la propuesta, una vez suplantado el peso, se acabaría el control del gobierno sobre la moneda (porque no puede imprimir dólares), entonces no podría hacerse el sota respecto al gasto público.

En teoría, esto eliminaría la inflación (del peso, quedaría la del dólar), obligaría al gobierno a resolver el déficit del gasto público (o ponerse en una situación muy complicada), y generaría una estabilidad sobre la cual crecería la industria y economía.

¿Se puede eventualmente salir de una dolarización? En la entrevista (abajo) Ocampo dijo que sí, y dió a entender que una posible salida sería una eventual moneda del Mercosur.

Fuentes:

* Entrevista a Ocampo explicando la dolarización: [https://www.youtube.com/watch?v=OtOSUygFyrI](https://www.youtube.com/watch?v=OtOSUygFyrI)
* Informe escrito por Ocampo y Cachanosky explicando la dolarización: [https://dolarizacionargentina.substack.com/p/respuesta-al-informe-de-la-consultora](https://dolarizacionargentina.substack.com/p/respuesta-al-informe-de-la-consultora)
* Cheaquedos sobre la dolarización: [https://chequeado.com/tag/dolarizacion/](https://chequeado.com/tag/dolarizacion/)

Para no ensuciar el resumen, que traté de hacerlo objetivo, dejo mi opinión en un comentario en respuesta a este.",heretique_et_barbare,merval,36,2023-08-21 15:43:33,t3_15xc1z4,t3_15xc1z4,comment
jx5rfc6,"La realidad es que no se entiende, el plan de Ocampo NO CIERRA.

Por eso tantas dudas y no se sabe para donde puede salir la economia.

Yo calculo que se necesitan 80 mil millones de dolares de deuda para dolariza.

Ocampo dice que esa plata aparece magicamente porque el central tiene registrado toda la plata que le presto al estado, pero claro, el garante de eso, es el estado, asi que es lo mismo. No es deuda a privados.

Giacomini critica muchisimo ese proyecto aca, dice que inviable lo de Ocampo [https://www.youtube.com/watch?v=ihDYGKFYuvk](https://www.youtube.com/watch?v=ihDYGKFYuvk)

Incluso Daniel Epstein dice que se necesita tomar deuda para hacerlo [https://www.youtube.com/watch?v=\_xIhIqvfifw](https://www.youtube.com/watch?v=_xIhIqvfifw)

Y otro asesor de Milei, Carlos Rodriguez, dice lo mismo [https://www.youtube.com/watch?v=NCH7EXQB-uQ](https://www.youtube.com/watch?v=NCH7EXQB-uQ) 

Si alguien de aca de r/merval puede explicar esto bien seria extremadamente util para toda la comunidad de inversores, porque cualquier inversion que hagas en el pais esto es clave.",brunonicocam,merval,46,2023-08-21 14:44:01,t3_15xc1z4,t3_15xc1z4,comment
jxcbbbj,"veamos, los que dicen que vamos a volver a los 90 ni por asomo es una situacion similar.  
Trump durante la pandemia imprimio cuantos dolares se le canto del culo, esto llevo a usa a casi tener una inflacion anual de 2 digitos. Bueno digamos, comparado con argentina no es nada, pero la realidad es que si a los yankis que cobran fortuna en dolares les jodio, imaginate a un argentino que hipoteticamente gana en esa moneda pero con mucho menos poder adquisitivo.  
En fin, si bien milei es el unico que tiene propuestas, esta mintiendo cuando dice que termina con la inflacion al dolarizar, puesto que nuestros gobernantes no pueden imprimir dolares, pero los de estados unidos si. Pasariamos directamente a ser un estado de Usa.  
El trasfondo de eso es eliminar la influencia de china en latinoamerica  de manera abrupta empezando por nosotros. Como vayan las cosas, la realidad es que es una loteria, puesto a que esta sujeto a lo que pase en la geopolitica en los años venideros. No estamos mas en los 90 con total predominio de Usa en el mundo, China esta creciendo a pasos agigantados y junto a otros paises estan pretendiendo desplazar al dolar como moneda global. Habria que ver que sucede si ellos van a la guerra con Taiwan (con fecha fijada para 2027 por el mismo partido comunista chino) y viendo cual seria la reaccion de Usa ante este evento y como reaccionarian los mercados. En fin, no creo que tenga nada de bueno sacrificar nuestra soberania monetaria. Lo ideal seria volver a una moneda respaldada en oro y privatizar el bcra, asi como hacen muchos paises soberanos,  y todos esos dolares que ingresen cambiarlos por ese metal en un banco en donde no se pueda emitir mas de lo que se tiene en ese activo. Aparte, lo que los politicos no puedan resolver emitiendo, lo van a resolver tomando deuda y aumentando los impuestos. El problema es que la corrupcion politica no tiene ningun tipo de condena. La solucion que propone Milei hace agua por todos lados en cuanto a lo que es geopolitica porque no puede hacer futurologia en una epoca en donde el mundo se esta transformando.  
Tampoco explica muy bien como va a financiar a los bancos al no poder emitir pesos, la mayor parte de la inflacion y deuda es generada porque los bancos prestan plata que no existe para mantener la rueda girando, lo que podria llevarnos a una recesion de la ptm, o podria provocar que los bancos le hagan una volteada como paso en el 2001, y nos deje con cristina eternamente en la presidencia. Todas fichas muy peligrosas de mover en este pais que ya esta agonizando gracias al merito de los politicos. En fin, decir voten bien es medio al pedo, lo que queda es similar a elegir entre eutanasia, morfina o valium.",[deleted],merval,5,2023-08-22 20:27:17,t3_15xc1z4,t3_15xc1z4,comment
jxaq5o3,"Me parece que ""el sistema"" es ""vamos viendo"".",Kaji157,merval,4,2023-08-22 14:24:37,t3_15xc1z4,t3_15xc1z4,comment
jx8erq6,Es imaginario,[deleted],merval,6,2023-08-22 01:49:21,t3_15xc1z4,t3_15xc1z4,comment
jx9l4uj,Es más fácil que se hagan culia todos a que explicar ese plan.,[deleted],merval,3,2023-08-22 09:56:40,t3_15xc1z4,t3_15xc1z4,comment
jx8gap1,"te lo voy a explicar bien simple

en un momento empieza el canje de pesos por dolares. Vos entregas tus pesos y te dan el equivalente de esos pesos a un tipo de cambio X (el del momento, tal vez un poco menos)

esto se hace asi con la moneda que quieras, no solo dolar, cada banco y casa de cambio te dira que monedas tienen para vender, ovbiamente dolares y euros van a ser la gran mayor parte. El banco central les ira liquidando los pesos con la moneda que tenga a los bancos y casas de cambio a medida que se los vallan llevando.

Pero antes de que pase todo eso hay que juntar moneda extranjera en el banco central, Eso va a llevar un tiempo, según calculan si todo va bien puede ser tan poco como 2 años pero probablemente sea mas.

&#x200B;

Lo importante a tener en cuenta es que PRIMERO se acumula la moneda extranjera tanto digital como en papel.

Primero hay que llegar al momento en el que se puede abrir el cepo, hay que eliminar impuestos y tasas falopas, tiene que aumentar el nivel de empleo, tiene que haber un blanqueo de capitales. Tiene que haber liquidaciones varias de distintos bonos, deudas, etc etc etc... 

y lo otro que hay que tener en claro es que no es una dolarizacion, es la eliminación del paso sin remplazarlo con otra moneda nacional. Creo que ahi es donde muchos se confunden y se hacen la idea de que no es factible. Es muy factible solo que lleva un buen tiempo.",tankezord,merval,7,2023-08-22 02:05:55,t3_15xc1z4,t3_15xc1z4,comment
jx7yt9y,[deleted],[deleted],merval,11,2023-08-21 23:27:40,t3_15xc1z4,t3_15xc1z4,comment
jxi3uk6,"""20 años de la dolarización en Ecuador: ¿por qué es tan popular la dolarización entre los ecuatorianos? (y cuál es su lado oscuro)""
https://www.bbc.com/mundo/noticias-america-latina-50916554


""... Imagínate que un día, al chequear la cuenta del banco, simplemente todo ha desaparecido: los ahorros de toda la vida para la vejez, la entrada para, por fin, comprar una casa. O el dinero para pagar las cuentas y terminar ese mes.

Disponible para retirar: 0 sucres. Ese fue el mensaje que encontraron en las ventanillas de los bancos millones de ecuatorianos en marzo de 1999.

El gobierno había decretado el llamado feriado bancario y posteriormente el congelamiento de las cuentas. Y esta fue antesala de la dolarización.""

""..Cuando los depósitos fueron congelados en 1999, en Ecuador todavía contaba con el sucre como moneda. En ese momento, con 5 mil sucres se compraba US$ 1.

Pero cuando los ecuatorianos tuvieron nuevamente acceso a sus depósitos, el cambio se había multiplicado por cinco. Por cada dólar, la nueva moneda oficial del Ecuador, tenían que pagar 25 mil sucres...""",User_Ad_379,merval,2,2023-08-23 23:27:50,t3_15xc1z4,t3_15xc1z4,comment
jx8r3nd,Son argendólares como los de la convertibilidad.,rally2000,merval,4,2023-08-22 04:18:09,t3_15xc1z4,t3_15xc1z4,comment
jx5dpmj,"Si buscas en youtube 5 minutos hay decenas de videos, emilio ocampo lo explica bien, es su sistema",xPity,merval,3,2023-08-21 13:19:12,t3_15xc1z4,t3_15xc1z4,comment
jx9ccgf,"El NO CONFIRMO que iba a hacer el de OCAMPO. Lo pone como posibilidad entre 4 opciones. El dijo que lo que iba a determinar cuál de las 4 opciones se usaba iba a ser el 'PRAGMATISMO'. Lo que yo interpretó es que NO va a terminar haciendo el de OCAMPO a menos que ahora haya una mega crisis con hiperinflación. Todo el mundo da por hecho que va a ser el de Ocampo porque es del cuál más habla y porque Ocampo se sumó al equipo. Es más, otra prueba de que no va a hacer el de Ocampo es que después de la charla de Milei con el FMI el mercado no reaccionó mal. Tranquilamente puede hacer lo que dijo toda la vida que es dividir la banca en inversión y valor y que haya libre intercambio de monedas.",Tanardo14,merval,2,2023-08-22 08:41:59,t3_15xc1z4,t3_15xc1z4,comment
jx85evi,"Si tenés $1.000.000 en el banco, cuando lo vayas a sacar en dólares te van a dar un bono a 20 años de 1000 dólares al 0% anual.",ivanreddit,merval,2,2023-08-22 00:19:53,t3_15xc1z4,t3_15xc1z4,comment
jx5d2ko,ESTO NO ES r/ARGENTINA,ZurditoBagley,merval,-2,2023-08-21 13:15:14,t3_15xc1z4,t3_15xc1z4,comment
jx9fjgy,"Lo primero que hay que entender es que es algo que puede tardar hasta 2 años, no es de una onda gana Milei y al otro dia estamos dolarizados",Angelhk,merval,1,2023-08-22 09:10:32,t3_15xc1z4,t3_15xc1z4,comment
jx9ylyz,"Hay un video de podcast Típico Enojado con Emilio Ocampo, ese estaría bueno que vean todos los que tienen dudas, porque aquí hay más de uno que por poco dice que es cosa del demonio (hipocresía pura son los mismos que corren por un dolar barato).",Excellent-Subject364,merval,0,2023-08-22 11:32:47,t3_15xc1z4,t3_15xc1z4,comment
jx7lnn7,"1: es libre competencia de monedas. 
2: la idea, es ""vender"" o como se diga, las leliqs, usar las reservas, y además de eso, atraer dólares de los argentinos en el exterior + los que están abajo del colchón. Entonces ahí te da que alcanza.",tomycarrillo,merval,-7,2023-08-21 21:50:58,t3_15xc1z4,t3_15xc1z4,comment
jx9mhza,"Empieza con la libre competencia de monedas. Es decir, los negocios empiezan a aceptar pagos en USD si quieren, y imagino que las casas de cambio te venden dólares legalmente, mismo que el banco

La teoría es que como los argentinos no quieren el peso, casi todos se van a dolarizar, y ya vas a haber dolarizado gran parte naturalmente.

Una vez hecho eso, haces un plan de canje para lo que quede de pesos en circulación y listo",LordFenix56,merval,-2,2023-08-22 10:07:18,t3_15xc1z4,t3_15xc1z4,comment
jx5oxt4,No es dolarizacion es competencia de monedas querido,xmontc,merval,-14,2023-08-21 14:28:47,t3_15xc1z4,t3_15xc1z4,comment
jx96pnk,"Otras formas de estabilizar? No me digas? Qué vas a proponer? Control de precios? 😂Kirchnerismo no pudo, JxC no pudo.
Ahora está en manos de Milei, te guste o no la gente lo voto para que ponga en marcha su plan...",sampris,merval,-6,2023-08-22 07:43:34,t3_15xc1z4,t3_15xc1z4,comment
jxb27na,"Hace unos meses me parecia totalmente imposible y apostaba que jamas en la vida iban a dolarizar.  
Hoy me sente a leer este post para tratar de entender si pasa.  


La montaña rusa argentina mi pais.",Jaycee-Arg,merval,1,2023-08-22 15:38:42,t3_15xc1z4,t3_15xc1z4,comment
jxdotq8,Es muy simple. Hoy cobras pesos mañana dólares,UsualyNaked,merval,1,2023-08-23 03:32:30,t3_15xc1z4,t3_15xc1z4,comment
jxetrci,"Tanto problema trae el dolar, q lo mejor seria quemarlos y a los bancos tmb! Q tanto che...",EstrellaFugaz420,merval,1,2023-08-23 10:45:04,t3_15xc1z4,t3_15xc1z4,comment
jx64cf4,"Ocampo dió un ejemplo que le salió del alma y la verdad es representativo de como yo veo la situación, dijo:

>Vos sabés que te va a llegar una herencia el año que viene y necesitás un montón de guita ahora, ¿Qué hacés? Le vas a pedir a tu abuela que te dé las joyas, vas a la calle Libertad, las empeñás, y le decís ""Abuela, no te preocupes porque yo sé que me está entrando la herencia el año que viene y las voy a recuperar"".

Mi miedo es que pase algo similar a lo que pasó con Menem: Salimos a subastar los bienes del país, y con la guita hacemos una fiesta de 2/3 años. En la fiesta se van a beneficiar los de siempre, los que tienen guita como para especular comprando activos argentinos a precio de subasta, mientras que el pueblo cree que vamos joya porque pueden comprar una TV de LED a diez dólares. Cuando termine la fiesta, el país se va al pozo; sin industria, sin bienes, sin haber achicado el estado, sin resolver el déficit, y en este caso también sin control monetario.

Digo al pozo pero en realidad sólo vamos a sufrir de clase media para abajo, porque los de arriba tienen para pasar el temporal. Y cuando termine el nuevo 2001 vos te vas a haber quedado con un viaje a Brasil y una TV LED comprado a precio de oferta, mientras que los de arriba van a haberse quedado con 2% de YPF comprado a precio de remate.

No creo que la alternativa de una economía populista sea la solución al déficit del gasto público (o al menos no he visto una propuesta que intente explicar siquiera cómo lo haría). Pero la propuesta de la dolarización me parece increíblemente riesgosa para un país que no ha demostrado ser responsable con los riesgos. Es empeñar las joyas de la abuela... siendo un adicto.",heretique_et_barbare,merval,61,2023-08-21 16:02:22,t1_jx618sh,t3_15xc1z4,comment
jx9mr65,"De que tienen que salir a buscar deuda, tienen que hacerlo. Ahora la pregunta es el monto, los más optimistas te dicen que con 16 mil millones ya alcanza. Dudo que con tan poco alcance...",Vegetable_Addition86,merval,2,2023-08-22 10:09:15,t1_jx5rfc6,t3_15xc1z4,comment
jx6aecy,"Otra duda relacionada: Milei dice que va a eliminar el Banco Central, categóricamente y sin lugar a negociaciones, pero Ocampo dice que va a utilizar la deuda del Banco Central (la que tiene con el estado) como colateral. ¿Si el Banco Central desaparece, quién sería el responsable de esa deuda? ¿O cómo puede usarse como colateral?",heretique_et_barbare,merval,2,2023-08-21 16:39:08,t1_jx5rfc6,t3_15xc1z4,comment
jx5vnlu,Muchas gracias man!,BodyBackground2916,merval,1,2023-08-21 15:09:37,t1_jx5rfc6,t3_15xc1z4,comment
jx9y165,"Muy buenas esas entrevistas! 
Qué es precisamente lo que querrías que sea explicado?",Holiday_Afternoon_13,merval,1,2023-08-22 11:29:00,t1_jx5rfc6,t3_15xc1z4,comment
jxilcuo,"Argentina debería estar ya preparando ese gasoducto, el litio y los productos agrícolas para entrar de lleno en el BRICS a comerciar y no seguir intentando agradar a USA a base de deuda y miseria. Es evidente que USA está perdiendo Hegemonia y hay un plan sistemático de muchos países de independizarse del dólar, y nosotros queriendo dolarizar... No apostemos de nuevo al bando perdedor como se hizo en la segunda guerra.",[deleted],merval,2,2023-08-24 02:07:51,t1_jxcbbbj,t3_15xc1z4,comment
jx8iu99,[removed],[deleted],merval,3,2023-08-22 02:34:53,t1_jx8gap1,t3_15xc1z4,comment
jx9xxzc,"1-""Si dolarizan esas empresas no serán competitiva y cerraran"", porque el resto del 99% de empresas cobran en dólares y son competitivas y no cierran, que bien que no hay impuesto a hablar alpedo.

2- Al no emitir dólares el estado debe ir a buscarlo de manera más racional y no emitiendo platita para malversar fondos, corrupción, financiar boludeces, crecimiento sin límites del estado y literalmente cogerte la economía de la población, te recuerdo emitir genera inflación hasta el dolar de EEUU o el Euro.

3- ""Si nos dolarizamos el estado no puede invertir en seguridad y terminamos como Ecuador"", falacia total, te manejes con pesos, dolares, yuanes, yenes no tiene que ver la moneda que usas, lo que si tiene que ver si emitis mucho generas mucha inflación se destruye la generación de riqueza, desaparecen empresas privadas, menos empleo y entonces al no haber empleo la gente sale a robar, así que el problema sería en este caso EL PESO.

4- El problema de los sucesos en Ecuador son generados por corrupción, inestabilidad, generados por el gobierno que no aplica las medidas que debe tomar contra el narcotrafico, a ver es simple el presidente Lasso (REPRESENTANTE DE LA IZQUIERDA) lo destituyeron por corrupción su propio hijo admitió lo que hacía, además Lasso es literalmente un narco, osea narcoestado apoya los narcos y es caos total.

5- Quienes bancan a este tipo, la gente honesta, trabajadora que no parásita del estado,quien lo financia, ¿el privado, cuantos carteles o publicidades de el viste en la calle/internet? El resto se financian con la nuestra y los medios callados porque viven de la pauta.

6- Se puede estar mucho peor, date cuenta, eso mismo se dijo con Macri con dolar a 20 y pobreza del 20%, ahora estamos con dolar a 800, una pobreza real de más del 70% fácil, y si estaremos peor si votan de vuelta Massa, Bullrich, Izquierda, peronismo, socialismo, comunismo, son todos lo mismos.",Excellent-Subject364,merval,3,2023-08-22 11:28:24,t1_jx7yt9y,t3_15xc1z4,comment
jxa7wki,"Es mentira que falten dolares.

Le faltan dolares al central que es distinto porque tiene un tipo de cambio muy bajo y  se queda sin reservas para venderle a las empresas, es como que vos salgas a vender nose iphones a $1000 (pesos) cuanto tardas en quedarte sin telefonos?

El problema es que no hay un mercado unico de cambios donde el comercio sea entre privados y no tengas un banco central que constantemente quiera pisar el precio. Por ejemplo alguna vez escuchaste que no hay dolar MEP? Nunca lo vas a escuchar porque es imposible que no consigas, obviamente si hay mas demanda el precio sube, pero siempre alguno va a vender sus bonos cuando crea que el precio esta mas alto de lo que deberia (como paso por ejemplo con el blue a $790).

Ahora no tenemos este sistema porque con los niveles de inflacion que tenemos, probablemente si sacas el ancla al dolar tengas una hiper, o una inflacion de 2 dígitos por lo menos, pero dolarizando no tenes inflación, osea en realidad si dolarizas los dolares pasan a estar en el mercado y no tendrias ni la necesidad de cambiarlos por otra moneda, las empresas operan en su moneda local.",WhereGordibuena,merval,1,2023-08-22 12:32:13,t1_jx7yt9y,t3_15xc1z4,comment
jxihxri,"Obvio q tiene un lado oscuro, yo te diría, todo oscuro...todo el sistema en si, es perverso",EstrellaFugaz420,merval,1,2023-08-24 01:31:26,t1_jxi3uk6,t3_15xc1z4,comment
jx5enx5,"Eso, hay entrevistas de como una hora hablando del tema. No sé puede simplificar en 5 líneas como se lleva a cabo",ADVallespir,merval,1,2023-08-21 13:25:04,t1_jx5dpmj,t3_15xc1z4,comment
jx7p29q,este sub es los mas cercano que tiene Argentina a un sub de economia neutral,gotgel_fire,merval,18,2023-08-21 22:15:23,t1_jx5d2ko,t3_15xc1z4,comment
jx5eqxl,"Perdón, sólo buscaba entender la idea puramente desde un marco económico, no tengo intensiones de promover ideas políticas.",BodyBackground2916,merval,22,2023-08-21 13:25:35,t1_jx5d2ko,t3_15xc1z4,comment
jx6eoq3,El mercado se regula solo.,Choriciento,merval,-6,2023-08-21 17:04:53,t1_jx5d2ko,t3_15xc1z4,comment
jx8h65q,"Y qué es lo que haría que las letras, por las que hay que ofrecer 210% para ganar un depósito miserable, de golpe atraigan dólares? Ni hablar cobrar el 30%, quien te paga 5% por un bono de un país sin moneda ni desarrollo propio (ya que el deficit es culpa del conicet y de los colegios publicos aparentemente) si no es contra un colateral de más deuda?

Qué incentivo tiene una persona con 10 palos invertidos bien seguros en el S&P o en bonos del tesoro yankee para sacarlos y ponerlos en el banco argentino, ahora sin capacidad de pagar un centavo de interés (a menos que también descubran una receta mágica de superávit primario o paguen deuda con deuda)

La receta mágica de menem y macri se cae cuando supones que llueven inversiones sin cambiar el perfil de oferta. Eso no pasa por la moneda, pasa por la capacidad técnica, la estructura de costos y la previsión de cumplimiento (riesgo politico). No funciona acá ni en marte.



El plan no existe. Quizás por eso necesitan un libro para explicar como 2+2 daría 5.",[deleted],merval,3,2023-08-22 02:15:38,t1_jx7lnn7,t3_15xc1z4,comment
jx7xgrf,Seguro??!,dinovfx,merval,1,2023-08-21 23:17:30,t1_jx5oxt4,t3_15xc1z4,comment
jxfufzf,Hay que saquear los bancos....,osunaduro,merval,1,2023-08-23 14:33:54,t1_jxetrci,t3_15xc1z4,comment
jx8kial,">Mi miedo es que pase algo similar a lo que pasó con Menem: Salimos a subastar los bienes del país, y con la guita hacemos una fiesta de 2/3 años.

Para eso lo votan, y lo más gracioso es que ni va a haber fiesta. Y si la hay va a ser corta y no van a ser invitados. Chau litio, Chau AA, FGS, etc. Bye Argentina. Hola Ecuador del Sur.

Yo viví los 1990s.",utopista114,merval,18,2023-08-22 02:54:44,t1_jx64cf4,t3_15xc1z4,comment
jx6i15l,El Banco Central tiene en su activo (es decir es acreedor) de deuda. El estado le debe al BCRA,Chizzo00100,merval,9,2023-08-21 17:24:59,t1_jx6aecy,t3_15xc1z4,comment
jxa8gl4,"Me interesaria que expliquen el plan Ocampo, porque no cierra.",brunonicocam,merval,2,2023-08-22 12:35:41,t1_jx9y165,t3_15xc1z4,comment
jxk78gu,"no adhiero tampoco, argentina siempre debio ser punta de lanza para la independencia de latinoamerica,  siendo que nuestra region tiene todo lo necesario para independizarse a excepcion de lo que respecta a tecnologia, pero teniendo una moneda soberana y siendo rigurosos con la corrupcion, podriamos comerciar libremente con el mundo entero, como cuando fuimos una potencia. El gran problema de nuestro pais es que la gente de hoy en dia no tiene pelotas, y no quiere ensuciarse las manos para fajar a los corruptos, es mas, prefiere infinitamente ser gobernada por ellos mientras eso no les signifique mayor sacrificio.",[deleted],merval,1,2023-08-24 11:56:08,t1_jxilcuo,t3_15xc1z4,comment
jx8j5rh,"Eventualmente el peso se elimina, el plan es asi, ademas en algun momento se cierra el banco central asi que le peso no tendria ninguna validez por si mismo. fuera de eso el escenario que planteas es muy realista.",tankezord,merval,6,2023-08-22 02:38:37,t1_jx8iu99,t3_15xc1z4,comment
jxa4cdu,"La dolarización se puede hacer opcional u obligatoria. En las entrevistas que ví de Milei dijo que harían algo mixto, opcional hasta llegar al 75% de la base monetaria, y luego obligatoria.",heretique_et_barbare,merval,2,2023-08-22 12:09:46,t1_jx8iu99,t3_15xc1z4,comment
jxa8r68,Entiendo lo que me explicas. Pero empresas? Que e mpresas quedarán? Ya paso en los 90 con el 1 a 1. Chau a la producción nacional.. Tasa de desempleo 20%.. Jubilados Maestros con sueldos por el piso. Tenes el dato si la Argentina crecio en 2022 y 2023 pese a la inflación y a la sequia?. Gracias,Chemical-Machine-978,merval,2,2023-08-22 12:37:31,t1_jxa7wki,t3_15xc1z4,comment
jx5wg4q,"Mmm, si algo no lo podes explicar de manera simple es porque algun gato encerrado hay. ""es muy complicado"" me suena a verso.

Incluso mecanica cuantica se puede explicar de una manera simple, aunque sea la primer aproximacion, y despues vas sacando mas profundidad.",brunonicocam,merval,17,2023-08-21 15:14:23,t1_jx5enx5,t3_15xc1z4,comment
jx5ojp3,"El problema no es ese, sino que estás buscando que te haga la tarea.

Distinto es si leíste la propuesta y tenés dudas puntuales sobre X o Y, y venís a consultar por las mismas.",xour,merval,-13,2023-08-21 14:26:23,t1_jx5eqxl,t3_15xc1z4,comment
jx8ribn,">Y qué es lo que haría que las letras, por las que hay que ofrecer 210% para ganar un depósito miserable, de golpe atraigan dólares? Ni hablar cobrar el 30%, quien te paga 5% por un bono de un país sin moneda ni desarrollo propio (ya que el deficit es culpa del conicet y de los colegios publicos aparentemente) si no es contra un colateral de más deuda

Hay que arreglar los problemas del país, bajar impuestos, bajar el gasto, atraer inversiones de todo tipo no solo a bonos, también de gente que pone su empresa. (Eso son más U$D). 
Nadie dijo nada de los colegios públicos, el déficit es culpa de todo el gasto en política, y no aparentemente, está probado. 


>Qué incentivo tiene una persona con 10 palos invertidos bien seguros en el S&P o en bonos del tesoro yankee para sacarlos y ponerlos en el banco argentino, ahora sin capacidad de pagar un centavo de interés (a menos que también descubran una receta mágica de superávit primario o paguen deuda con deuda)

Viene con los 10 palos una vez que hayan bajado impuestos y los invierte en el sector agro ganadero por ejemplo. 
Que para ese momento va a ser extremadamente rentable gracias a la baja de impuestos y eliminación de las retenciones. 


>La receta mágica de menem y macri se cae cuando supones que llueven inversiones sin cambiar el perfil de oferta. Eso no pasa por la moneda, pasa por la capacidad técnica, la estructura de costos y la previsión de cumplimiento (riesgo politico). No funciona acá ni en marte.


Receta de Macri es una receta equivocada, ya que es comunista. La receta de milei es la que funciona en el mundo y nunca se cayó. 

Por supuesto que no pasa solo por la moneda, nadie dice eso.",tomycarrillo,merval,-4,2023-08-22 04:23:32,t1_jx8h65q,t3_15xc1z4,comment
jx9yzc2,Segurisimo,xmontc,merval,-1,2023-08-22 11:35:13,t1_jx7xgrf,t3_15xc1z4,comment
jxigggd,Quemarlos es mejor...chau chau problema,EstrellaFugaz420,merval,1,2023-08-24 01:16:30,t1_jxfufzf,t3_15xc1z4,comment
jx8qum3,"Yo también viví los 90. Ustedes creen que éste contexto es comparable con los 90? Digo, en los 90 no había la potencia en telecomunicaciones que hay ahora, tal vez en ese marco, hasta incluso una estrategia que fallaba, puede funcionar ahora. Seamos realistas, hoy el individuo puede comerciar mejor para con el mundo, hay un mayor nivel de angloparlantes, hay una buena aceptación de la tech movil y de computación (telecomunicaciones en general), hay activos realmente interesantes para el retailer. Capacidad de acceder a distribuidores internacionales facilmente y para el usuario final, etc. Es una duda legítima que tengo.",BodyBackground2916,merval,2,2023-08-22 04:14:49,t1_jx8kial,t3_15xc1z4,comment
jx95rh3,"Ahora somos Venezuela pero un poquito más joven, hay q pegar volantazo para donde sea.. tocó Milei y habrá que acompañar para ver si alguna vez sale bien algo.",sampris,merval,-4,2023-08-22 07:32:34,t1_jx8kial,t3_15xc1z4,comment
jx71ppb,"Ah, tenés razón, era al revés. Gracias! Ahora entiendo también una de las críticas que se le hace al plan; en la teoría van a usar activos del BCRA, pero en la práctica van a querer poner como colateral pagarés firmados por el mismo estado.",heretique_et_barbare,merval,3,2023-08-21 19:29:49,t1_jx6i15l,t3_15xc1z4,comment
jxaydjb,"Es muy amplio tu pedido. El tipo tiene un libro de 400 páginas explicando el plan. Qué preguntas más concretas tenés? No es que tenga la respuesta a todas, pero capaz sí a algunas.",Holiday_Afternoon_13,merval,1,2023-08-22 15:15:09,t1_jxa8gl4,t3_15xc1z4,comment
jx8jnaj,[removed],[deleted],merval,6,2023-08-22 02:44:27,t1_jx8j5rh,t3_15xc1z4,comment
jxazafn,"si 2/3 de la poblacion se dolarizaba, la hacia obligatoria",BarbaDeMerlin,merval,1,2023-08-22 15:20:45,t1_jxa4cdu,t3_15xc1z4,comment
jxabet9,"No pero son dos medidas separadas las que estas comentando.

Se puede dolarizar sin la apertura de importaciones como en los 90. Asi como tambien podrias abrir las importaciones teniendo pesos.

Lo que importa ahi es el arancel de importación que apliques, ya sea en pesos o en dolares. Si vos fabricas tostadoras por ejemplo, y las vendes a $20 usd, afuera vale lo mismo y es de una marca mas conocida en el mundo, yo si le pongo un arancel de 50% de costo, le saldria $30 para el importador, y la tendria que vender a casi el doble de lo que cuesta la tuya para ganar algo.

Igualmente te hablo de lo que se yo de economia, no se lo que va a hacer Milei en ese sentido. Tampoco conozco empresas Argentinas que se puedan fundir la verdad, la mayoria tiene el modelo ensamblador actualmente, marcas propias argentina la verdad no conozco, se me ocurren de alimento pero esas ya compiten con las marcas de afuera como Oreo, CocaCola, etc. Aparte con Macri ya tuviste una apertura de importaciones y al menos yo no recuerdo de una marca en particular que haya cerrado por no poder competir, tengo el caso de Rasti por ejemplo que hace poco lo vi en una entrevista, que la tuvo dura al principio pero lanzo todo un set de robotica y crecieron aun compitiendo contra los Lego con importaciones abiertas.

A mi en lo personal no me gusta que le tengas que hacer prohibitivos los bienes a la gente que quiere comprar, para generar una demanda en lo que tenga fabricación nacional. Pero es una opinión propia.",WhereGordibuena,merval,1,2023-08-22 12:53:51,t1_jxa8r68,t3_15xc1z4,comment
jy1c4i1,"Bueno tambien vamos a ser sinceros, en los 90 desperto la industria China.",West-Calligrapher-16,merval,1,2023-08-27 22:49:28,t1_jxa8r68,t3_15xc1z4,comment
jx77mzg,">Mmm, si algo no lo podes explicar de manera simple es porque algun gato encerrado hay. ""es muy complicado"" me suena a verso.

Me hiciste acordar a cuando Kicillof era ministro. Siempre decia ""si cuando te hablan de economía no entendés lo que te están diciendo es porque te están sanateando"".


Y sí, se puede explicar algo de manera simple, pero en una primer aproximación siempre hay detalles que no cierran. Es lo que genera dudas que para responderlas te obligan a profundizar. Con esto de la dolarización pasa eso, hay que ahondar en detalles. Recomiendo buscar alguna conferencia o exposición en lugar de entrevistas para entender. O directamente ir al libro. En las entrevistas de la tele, por más que sean largas y dejen hablar al entrevistado, el hilo conductor va por donde lo quiere llevar el entrevistador, así que también quedan cosas afuera.",GordoMondiola,merval,0,2023-08-21 20:11:35,t1_jx5wg4q,t3_15xc1z4,comment
jx5xcxs,"Si bueno, pero para eso debería yo saberme el plan de pie a pa. Por lo que entendí demorarían masó menos dos años, su idea es primero bajar bruscamente el gasto público y tener superávit, a la vez revalorizar los bonos argentinos (de los que ahora el estado tiene una enorme cantidad) para venderlos a más valor que los 30 centavos que ahora valen y eso en parte usarlo para dolarizar porque dicen que esos bonos a mejor tasa valen los 30 mil millones necesarios para convertir la base monetaria. Y el tema de la instrumentalizacion demora bastante pero dicen que se debe hacer antes de 2025 y antes de esas elecciones. Después en las entrevistas profundizan más.",ADVallespir,merval,-2,2023-08-21 15:19:54,t1_jx5wg4q,t3_15xc1z4,comment
jx6i0ep,"Nah igual perdon pero el plan de dolarizacion no es que no cierran un par de cosas, no cierra por ningun lado.

Banco dolarizar, pero milei esta asumiendo cosas muy raras y no entiendo como planea manipular la matematica de los bonos",JFSM01,merval,2,2023-08-21 17:24:52,t1_jx5ojp3,t3_15xc1z4,comment
jx9ic0x,"""La receta de milei es la que funciona en el mundo y nunca se cayó""

Por favor mostranos un país donde haya recortado inversión en obra pública, educación, desarrollo, incentivo al consumo interno, donde se de marcha atrás en el reemplazo de importaciones y donde el resultado haya sido mejorar las cuentas y la distribución de ingresos. Demostrame equivocado y te apoyo. 

Lo que plantean no existe acá ni en el salvador ni en pluton. El único beneficiario es el petrolero millonario que hace rendir más la guita y se queda con incluso más valor agregado en SU país y el prestamista que puede cobrar lo que sea ya que pasa a jugar un rol central en el gobierno, incluso más que el que ya tiene hoy.",[deleted],merval,5,2023-08-22 09:34:11,t1_jx8ribn,t3_15xc1z4,comment
jx92pbx,"Cualquiera. El 99% de la gente común depende de la economía argentina. Y muchos brogrammers chocolatada van a perder su laburito en dólares cuando desde acá arriba los reemplazan con AI.

Este contexto es PEOR que los 1990s.

Yo ya no vivo ahí pero es tristisimo ver a los niños votar por el deseo de comprarse una PlayStation. Argentina todavía tiene bastante que perder.

Lo que si, si gana este tipo, espero que le saquen provecho a todos los salames que van a comprar propiedades a precio oro con hipotecas impagables.",utopista114,merval,-10,2023-08-22 06:55:16,t1_jx8qum3,t3_15xc1z4,comment
jxa3b8w,">Ahora somos Venezuela

Ni cerca. Venezuela es un país en guerra con Estados Unidos, y esta llena de petróleo.

> tocó Milei y habrá que acompañar

No. Si entra Milei espero que ya tengas el pasaporte preparado.",utopista114,merval,1,2023-08-22 12:03:08,t1_jx95rh3,t3_15xc1z4,comment
jxb20mz,"Cuantos dolares conseguiria afuera? Cual es la cantidad de pesos que tiene que convertir a dolares? Se convierten los billetes, plazos fijos y leliq? Cuantos dolares de deuda necesita tomar?",brunonicocam,merval,1,2023-08-22 15:37:33,t1_jxaydjb,t3_15xc1z4,comment
jx97l5y,"Así son, incluso tengo un K ahí dando vueltas que me vende porque cobra en dólares y me especula el precio por supuesto.. no hay q prestarles más atención ni discutirles... Se van a ir apagando solos.. le ponen mucha onda ustedes explicando y ellos lo único q quieren escuchar es que la dolarizacion ""no cierra""",sampris,merval,1,2023-08-22 07:53:20,t1_jx8jnaj,t3_15xc1z4,comment
jx791du,"OK pero todo el mundo dice ""anda a buscar mas detalles"". Nadie los busco? Nadie te lo puede explicar? RARO.

Yo solo vi criticas de incluso asesores de Milei, como Carlos Rodriguez y Daniel Epstein, que dicen que hay que tomar DEUDA, no se pueden inventar esos dolares.

[https://www.youtube.com/watch?v=\_xIhIqvfifw](https://www.youtube.com/watch?v=_xIhIqvfifw)

[https://www.youtube.com/watch?v=NCH7EXQB-uQ](https://www.youtube.com/watch?v=NCH7EXQB-uQ) 

El libro si alguien lo tiene en PDF no tengo problema de leerlo.",brunonicocam,merval,7,2023-08-21 20:21:24,t1_jx77mzg,t3_15xc1z4,comment
jx5y2zm,"OK perfecto pero que son esos bonos? Segun tengo entendido son bonos que le dio el estado al banco central por toda la emision que hizo. O sea, no valen nada. Cero. Son papelitos que se dan entre organismos publicos. O estoy equivocado?",brunonicocam,merval,2,2023-08-21 15:24:14,t1_jx5xcxs,t3_15xc1z4,comment
jxbr2cs,Cuánto devaluó Venezuela en los últimos 5 años?,sampris,merval,1,2023-08-22 18:11:10,t1_jxa3b8w,t3_15xc1z4,comment
jx7dzly,"Milei mismo dice que hay que tomar deuda y que ya tiene hechas las negociaciones con grupos inversores que le van a prestar. A mi me suena a ""la fatal arrogancia"" que le criticó al gobierno de Macri, aunque igualmente la diferencia es que Macri no salió a buscar inversores y pensó que con solo sacar el cepo iban a llover los dólares a pesar de no dar un mínimo de seguridad jurídica.

También dijo que cuándo el congreso aprobó el presupuesto para 2023 habia un déficit tan grande que si en lugar de destinarlo a la joda se usaba para dolarizar y erradicar la inflación alcanzaba.

Las dos variables que hay en discusión son el tipo de cambio y la cantidad de deuda. Es una ecuacion con dos grados de libertad, por lo que matemáticamente podés fijar una de las dos variables y jugar con la otra. Lo único que puedo decir es que si el peso se sigue devaluando a este ritmo va a llegar un punto en el que se va a licuar tanto todo que se va a poder dolarizar con poca deuda. También hay discusión sobre cómo calcular cuántos dólares se necesitan aunque fijes un tipo de cambio de dolarizacion, es cierto. No se ponen de acuerdo sobre qué sumar y qué no.

Igualmente entiendo que querés ir a datos mas duros y que esto que te menciono lo sabés ya. La explicación con mas datos duros que encontré hasta ahora es la de Giacomini, que dice ""esto no va a funcionar por esto, esto, y esto"", pero hace toda su explicación en base a una metodología distinta de la que en realidad propone Milei.

Por lo pronto no pude encontrar el PDF, pero te puedo recomendar la conferencia que dio Ocampo en la UCEMA cuando presentó el libro. Son dos horitas de video, está en YouTube.

En mi opinión nos vamos a comer un pijazo hagan lo que hagan, pero no creo que sea mucho más duro del que nos comimos en 2019 y del que nos comimos ahora. Pero podemos estar seguros de que so se dolariza será el último pijazo.",GordoMondiola,merval,6,2023-08-21 20:56:30,t1_jx791du,t3_15xc1z4,comment
jx7odir,Si los bonos no valen nada que me los regalen!,spender-2001,merval,5,2023-08-21 22:10:25,t1_jx5y2zm,t3_15xc1z4,comment
jx6dl0v,"Vas a estar equivocado porque vos hablas sobre lo que yo comenté que entendí de lo que escuche. 

Lo mismo con la forma de pagar las lelics y la deuda remunerada, entendí que dijo que lo iba a hacer pero de nuevo no me estudie el plan de ellos de como se lleva a cabo. Lee el libraco de Ocampo y opinamos yo no lo leí.

Tampoco va a ser un plan sin fisuras, pero no es que haya el de alguien más que sea mejor, la moneda nacional fracasa hace 100 años así que si prueban otra cosa lo banco.",ADVallespir,merval,1,2023-08-21 16:58:13,t1_jx5y2zm,t3_15xc1z4,comment
jxbxl93,¿Que importancia tiene? Eso depende de muchas cosas. Podes devaluar cero (Cavallo) y ser un país destruido.,utopista114,merval,4,2023-08-22 18:52:56,t1_jxbr2cs,t3_15xc1z4,comment
jx8g7k8,"Estas fundamentalmente errado. Que pasa cuando EEUU mueve la tasa para ganar competitividad contra China y nos quedamos viendo el partido de fuera? 

Y más importante aun, de donde sale ese superavit mágico (con el que resolveriamos todo sin cambiar la moneda)?
 Porque achicando al estado y quitando soberanía tecnica/científica se logra lo contrario: depender más de patentes y procesos externos, primarizar las exportaciones y dejar el valor agregado en Estados Unidos (el único beneficiario del plan). 


Se puede estar peor, y dolarizar es garantía de otra megacrisis para reinstalar una nueva moneda (pero habiendo arrasado antes con lo poco que quedaba en la olla). Hay formas menos cavernicola de estabilizar a alguien con herida además de sacarle el corazón para que no sangre.",[deleted],merval,2,2023-08-22 02:04:58,t1_jx7dzly,t3_15xc1z4,comment
jx6hfrz,">Lo mismo con la forma de pagar las lelics y la deuda remunerada, entendí que dijo que lo iba a hacer pero de nuevo no me estudie el plan de ellos de como se lleva a cabo. Lee el libraco de Ocampo y opinamos yo no lo leí.

El libro no esta en internet y ni en pedo le pago a ese por si libro jajaja.

Pero lei todas sus notas, vi entrevistas, etc, y su plan NO CIERRA.",brunonicocam,merval,3,2023-08-21 17:21:25,t1_jx6dl0v,t3_15xc1z4,comment
jxewowz,Y la forma menos cavernicola es la de Massa y su devaluacion/emisio constante?,elaluu,merval,1,2023-08-23 11:05:00,t1_jx8g7k8,t3_15xc1z4,comment
jx6hyrb,"Soy Lic en sistemas no en economía, la verdad no sé, ojalá si cierre así tenemos moneda, capacidad de ahorro e inversión, lo que ahora no hay ni va haber si no se reforman banda de cosas.",ADVallespir,merval,0,2023-08-21 17:24:37,t1_jx6hfrz,t3_15xc1z4,comment
jxf5ptw,"El crawling peg es necesario o el tipo de cambio real se atrasa.   
'Por suerte' no es el caso y, sacando el pico de las elecciones, no hubo grandes saltos del tipo de cambio **real**. No sé a qué devaluación te referís porque estamos en precios 2014, hace unas semanas estabamos en precios 2013.    


El valor nominal de la pizarra no es relevante (si EEUU devalúa 50% y vos devaluas 50% nominalmente estas en la B pero el tipo de cambio real no se afectó asumiendo precios indexados).   
Lo importante es cuanto compras con ello. 

Otro tema es cómo impacta en las reservas y si ese tipo de cambio real, estable, es orgánico o forzado.

No, no me parece ideal lo de Massa pero no veo por qué tiene que ser una dicotomía.    


Podrían bajar la excepción de ganancias para jueces, y ahorrar de forma directa el costo de todo CONICET. Ni hablar jubilaciones de privilegio, pensión vitalicia para ex funcionarios/presidentes, regular por índice los salarios públicos y no por mano política ni decreto auto-determinante como hoy se ponen los sueldos.  
Podrían emitir bonos indexados con los que terminar de comprar YPF, estatizar el litio de Jujuy, impulsar alivio fiscal-patronal para la industria eléctrica-electrónica en el NOA y en un semestre estar exportando baterías completas para los fabricantes del mundo en vez de regalar el culo y que quede 2% en la provincia.  
Podrían regular la pesca ilegal, hacer un tratado militar con Brasil y Chile para protección de aguas contra prioridad y valores preferenciales de exportación. 

Podrían tomar deuda con cualquier organismo productivo (Banco mundial, BID, etc.) para desarrollar el tramo final de la soberanía alimentaria: nuestras propias semillas de exportación y desarrollo de fertilizantes  (en vez de continuar importando y teniendo un déficit de emisión CO2 por tanta ganadería que es más sencillo de transformar en fertilizante primario que en biocombustible).

Podrían tomar deuda con cualquier institución que quieran (porque todos aprobarían) para levantar de vuelta las vias de trenes -electricos- y dejar de subsidiar tan ferozmente el combustible por miedo al impacto en tarifas directas.

Podrían vender futuros petroleros para invertir en energías renovables, y exportar a paises vecinos el excedente, que hay demanda insatisfecha en el y tenemos el suelo con la mejor capacidad solar del planeta, rios y desemboques para represas. 

  
O podemos hacer de cuenta que no hay otra opción y regalar el país otra vez",[deleted],merval,1,2023-08-23 12:03:20,t1_jxewowz,t3_15xc1z4,comment
jx8fgls,"Queres que dolaricen para 'tener moneda'? Compra dolar MEP, si nadie te lo impide... 


Lo último que logra depender de otra moneda es tener autonomia monetaria... por definición...",[deleted],merval,2,2023-08-22 01:56:41,t1_jx6hyrb,t3_15xc1z4,comment
jxft9d9,"Esta muy bien todo lo que decis, pero no lo hacen porque no quieren/no les interesa. No lo hicieron, no lo van a hacer ahora.",elaluu,merval,1,2023-08-23 14:27:01,t1_jxf5ptw,t3_15xc1z4,comment
jx8ihoc,[removed],[deleted],merval,2,2023-08-22 02:30:47,t1_jx8fgls,t3_15xc1z4,comment
jwlacg6,Tenes una crisis existencial y no te diste cuenta...no es malo igualmente eso,Guitardep,merval,18,2023-08-17 12:52:45,t3_15tmqmi,t3_15tmqmi,comment
jwlbbot,"A lo mejor el barrio cerrado tiene mucha gente con plata nueva que disfruta de banalidades, no vas a encontrar lo que andas buscando.

Yo probaria de barrios mas clasicos, como San Isidro, donde hay clubes nauticos que vas a encontrar grupos de gente de plata vieja.

Lo que estas buscando igual son contactos que a veces tardas una decada en lograr, asi y todo va ser dificl que llegues a una fortuna semejante, en un rubro clasico de laburo lleva una generacion o dos, si te dedicas a tecnologia o finanzas puede que antes, siempre hablando de negocios legitimos..",Antique_Exam1621,merval,11,2023-08-17 12:58:27,t3_15tmqmi,t3_15tmqmi,comment
jwkxw3v,">Me pregunto como es dar el salto a ese nivel y si es posible para un humano de a pie como yo.

Dificilmente lo logres, al menos aca en Argentina. La mayoria de los ricos viene de riqueza generacional. Dejando de lado todo lo que viene de choreo/politica, la mayor parte de gente con plata, es generacional. El abuelo que puso unas empresas hace 80 años, que las agarraron los hijos despues o tenian campos, o compraron 2 o 3 locales y se fueron expandiendo en propiedades que hoy valen 20x.Lo mas probable es que vos puedas hacerlo, pero vos no la vas a ver, sino tus hijos o nietos.

Yo estoy en una situacion parecida y mi idea es invertir afuera, tratar de armar una cartera growth en el corto y de dividendos en el largo. No creo que nunca llegue a ser multimillonario, pero tambien acepte que no lo necesito. Aspiro a tener un 3 amb de unas 300 lucas, un auto de unas 25-50 lucas como mucho y poder aspirar a los pequeños lujos como comprar papel doble hoja y chocolates ferrero roche. No necesito el country con la f150 raptor con el trailer con la moto de agua. Fijate que te hace feliz en tu vida y presupuesta tus sueños. Vivir con menos tambien te va a dar tranquilidad en la cabeza. Vivir al limite de tus recursos es una mala estrategia y vas a terminar viviendo para mantener las cosas.",RageAgainstTheAfip,merval,21,2023-08-17 11:37:15,t3_15tmqmi,t3_15tmqmi,comment
jwlcnx8,Con mucho menos podes pagar un buen psicologo,dontgiveafaka,merval,24,2023-08-17 13:06:28,t3_15tmqmi,t3_15tmqmi,comment
jwl7c4i,"Yo estoy en un camino parecido al tuyo, menos plata pero también unos 10 años menos.

Muchas veces me cuestiono y pienso soy realmente más feliz por tener más plata?

Si me pongo a comparar con el resto de la gente de mi edad estoy arriba del 90% y eso que vengo de un circulo adinerado, dicho esto siento que la plata me dio muchas tranquilidades pero solo eso.

Siento que deberías analizar más por que queres más plata, si tu fin es simplemente tener mas probablemente sea ub mal camino para desarrollar tu vida. Capaz estoy proyectando, pero en total honestidad conmigo mismo, el principal motivante que tengo a tener más plata es la idea de como me percibir los demás y esto estoy notando no me hace más feliz. 

Dicho esto, para dar el salto y conocer a la gente de los circulos mas altos en Argentina tenes que simplemente empezar a hacer actividades a las que solamente accede gente de ese status social. 

Conocí mucha gente multimillonaria o hijos de multimillonarios en camino a serlo ellos mismos haciendo actividades caras y prohibitivas para la mayoría del país. 
En mi caso principalmente saliendo de joda sacando mesas en boliches o fiestas de electrónica. Esto porque es algo que me gusta hacer no porque vaya a conocer gente, pero siempre se da que conoces a alguien o fuiste con algún amigo que conoce a otro y así te vas metiendo en esos círculos. 
Después se de amigos que han entrado más del lado del deporte yendo a hacer ski o snow en invierno o jugando al golf. 

Creo que es cuestión de hacer actividades sociales caras que para tu ""suerte"" en Argentina no son tan caras en términos internacionales.

Igual cabe destacar que en Argentina vas a llevarte más decepciones que otra cosa, la mayoría de la gente rica es ""old money"" o curran con el estado. 

Si queres conocer gente rica para motivarte creo que hay muy poca de esa gente en Argentina, el objetivo de crecer profesionalmente o con tu empresa en la mayoría de los casos es incompatible con vivir en Argentina",Pankoh,merval,5,2023-08-17 12:35:01,t3_15tmqmi,t3_15tmqmi,comment
jwksegr,"No che, no sé quién te asesora a vos, pero tenés la realidad un poco distorsionada. La gente millonaria en USD q hay acá, muy poca se hizo esforzándose... todos vienen de generaciones, de familias bañados en oro desde siempre, etc. Lo q menos van a hacer, es hacer de mentor. Si no sos millonario como ellos de entrada, ni te van a mirar. Aparte, es un círculo de gente donde no te querés meter... más viniendo desde abajo cómo decís.",agu12333,merval,13,2023-08-17 11:01:37,t3_15tmqmi,t3_15tmqmi,comment
jwkvn6k,Por qué querrías tener objetivos basados en la envidia? No es una buena receta para la felicidad.,jungle,merval,9,2023-08-17 11:22:52,t3_15tmqmi,t3_15tmqmi,comment
jwo8lwo,">Me comentaron que el Golf puede abrite puertas socialmente. Pero no solo no me gusta, sino que soy algo mas joven de lo que es la media de la gente que va a jugar. 

El post esta bueno, veo que mucha gente no entiende que lo que tenes no es ganas de pertenecer o ser parte de un club sino ambicion. Te aplaudo.

En cuanto al golf. Si no lo jugas porque no te gusta y probaste es algo valido. El comentario de la edad es absolutamente ridiculo. Que haya 5 dinosaurios que jueguen en los circulos que te moves no quiere decir que la gente que juegue golf sean gerontes. En los paises normales los golfs estan llenos de gente joven. Si te interesa anda y toma unas clases. O al menos un rato al driving range a pegarle a la pelotita.

Los golfistas reales no tienen 80 anhos.

Ahora, volviendo al contenido del post real. Yo creo que si consideras irte de Argentina (no tiene porque ser EEUU, veo que nombraste varias veces, no es el unico pais del mundo) podes pegar saltos enormes rapidisimo.

En Argentina, si bien hay oportunidades, tenes miles de palos en la rueda.

Suerte.",diyexageh,merval,3,2023-08-18 00:22:15,t3_15tmqmi,t3_15tmqmi,comment
jwl7sbk,"Que garrón ser una persona adulta y querer ser millonario para ""pertenecer""",ZurditoBagley,merval,6,2023-08-17 12:37:41,t3_15tmqmi,t3_15tmqmi,comment
jwkwyge,"Eh? Porque querrias caer donde no perteneces, es muy superficial eso. La unica familia que conoci con poder adquisitivo grande, era gente de campo normal y corriente con miles ha",ContentTomorrow5320,merval,3,2023-08-17 11:31:21,t3_15tmqmi,t3_15tmqmi,comment
jwkzv8t,"La manera más facil de hacerlo es como fue desde siempre en la historia humana, a través del matrimonio.
Tal vez hoy en día estando en pareja o teniendo hijos.

Por más que hagas mucha plata difícilmente entres a esos círculos que hablas.",AdeptnessTop7611,merval,3,2023-08-17 11:49:35,t3_15tmqmi,t3_15tmqmi,comment
jwledpf,"Osea, vos queres juntarte con gente de otro escalon social?  
Cual es la ventaja de eso?",Superaden,merval,3,2023-08-17 13:16:49,t3_15tmqmi,t3_15tmqmi,comment
jwlkoi9,"Entiendo los que decís de querer ascender, dicen que uno es como el promedio de las 5 personas con que más tiempo pasa.

Yo estoy más abajo que vos, tengo 40, un depto propio dos ambientes y un auto tranca pero lindo. No tengo deudas ni créditos que pagar y algo de ahorros. 
Soy empleado en relación de dependencia y me las ingenio para hacer rendir el dinero. 

Pero también me gustaría relacionarme con gente que esté un pasito más arriba y ver si puedo meterme en algún emprendimiento o negocio como para subir de nivel.",Least-Emergency-5064,merval,2,2023-08-17 13:54:37,t3_15tmqmi,t3_15tmqmi,comment
jwmhocg,"Creo que te vendria bien visitar el subreddit de FIRE ( Financial Independence / Retiring Early). Te pueden guiar mejor ahi. Mi impresion es que la gente millonaria tiene ingresos pasivos y no depende de su trabajo por hora , ahondaste en ese tema? como estas haciendo crecer pasivamente tu patrimonio?  


lo de la integracion es mas peludo; suerte con eso.

PD: mi opinion puede ser invalida, soy pobre.",Kitchen-Touch-3288,merval,2,2023-08-17 17:08:59,t3_15tmqmi,t3_15tmqmi,comment
jwqip8f,"Me salte todos los comentarios donde te tiran para abajo o te tildan de loco, no les des bola.

Vos dale para adelante! Felicitaciones por llegar hasta donde estas!!!

De la manera old school es verdad que es difícil, pero es 2023 y no es necesario ir a jugar golf para conocer a alguien que te pueda tirar una punta de como progresar. Hay MONTÓN de grupos y foros para sumarse, los buenos generalmente son pagos y te exigen que tengas cierto volumen de plata moviéndose porque no quieren que se llene de gente recién empieza o que no se lo toma en serio. Busca entrepreneur growth forum o similares, yo en su momento  tenia guardados algunos pero se me perdieron. 

Yo todavía no llegue a un punto donde pueda sumarme pero espero pronto poder hacerlo.

Por otro lado, podés buscar a alguien de una industria similar y preguntar de una si te mentorea. Tengo un par de amigos que hicieron eso y después de algunos no, uno dijo que si y con eso progresar on bastante. Eso si, las mentorias son pagas también. 

Tambien hay personalidades del mundo de los negocios que hacen coachings en grupo y 1 a 1 como Russell Brunson o Gary Vee. También pagas y con requisitos.

En resumen. Las puertas están. No le des cabida a los comentarios que te dijeron que no. 

Te dejo el foro que para mi es el más valioso de todo internet y gratis www.fastlaneforum.com

Ojalá pronto a mi también me dé para hacer alguno, mientras tanto me mentoreas vos a mi? Ajjajaja

Éxitos!!!",sofia207,merval,2,2023-08-18 12:57:17,t3_15tmqmi,t3_15tmqmi,comment
jwsb5hr,Das clases o estás involucrado en el mundo académico? Eso te podria llegar a poner en contacto con gente que te pueda ayudar a dar ese salto,Large-Programmer2063,merval,2,2023-08-18 19:43:50,t3_15tmqmi,t3_15tmqmi,comment
jwkzum5,"Es joda no? Si es en serio no deberías estar viviendo en Argentina, no esperes más y andate a vivir a Mónaco.",nicoc77,merval,4,2023-08-17 11:49:29,t3_15tmqmi,t3_15tmqmi,comment
jwkwo93,[deleted],[deleted],merval,1,2023-08-17 11:29:32,t3_15tmqmi,t3_15tmqmi,comment
jwkzh76,"En realidad te juntás con gente pobre. Los que se hacen de abajo están siempre dispuestos a un laburito humilde aunque sean ya millonarios. Con respecto al golf tenés que ir, mas siendo joven, ya que llamaría mas la atención de peces gordos.",SwizItalo,merval,1,2023-08-17 11:47:12,t3_15tmqmi,t3_15tmqmi,comment
jwlk0na,"Yo creo que la manera más fácil de acceder a un círculo al que aspiras es pagando, el tema es buscar un mentor de verdad y no un vende humo, al acceder a estos mentores siempre accedes a la comunidad que ayuda un montón a conocer gente en la misma que vos (gente que aspira a más) y gente que ya está donde vos querés.",sheps0n,merval,1,2023-08-17 13:50:42,t3_15tmqmi,t3_15tmqmi,comment
jwlkxdl,"Hola, sos ingeniero, te dedicas a lo que estudiaste? A que rama de la ingenieria te dedicas?",pepegomez6969,merval,1,2023-08-17 13:56:06,t3_15tmqmi,t3_15tmqmi,comment
jwtbwc8,"""Tengo unos muy buenos ingresos y poder de ahorro ( unos 10 k USD limpios)""

Eso es al año o mensual?",Ethernalmind,merval,1,2023-08-19 00:27:30,t3_15tmqmi,t3_15tmqmi,comment
jwlamvy,"Eso es muy cierto, lo se. Al cambiar mucho mi vida me genero una cierta crisis existencial. Ojo, no mala. No me siento mal al respecto. De hecho me siento con muchas energías .",Complete_Salary_673,merval,2,2023-08-17 12:54:26,t1_jwlacg6,t3_15tmqmi,comment
jwlbnnx,"Muchas gracias por tu comentario, muy apuntado.",Complete_Salary_673,merval,5,2023-08-17 13:00:26,t1_jwlbbot,t3_15tmqmi,comment
jwkyoue,"Buen punto, si. Considero la felicidad temporal. Son momentos.

Yo tengo empresa aca y en USA.  La gente de guita de USA es mucho mas cerrada que aca.. bah al menos lo que yo vi quizas por no vivir en USA.La f150 raptor es alcanzable, vale unos 120 K, y lo otro tambien.  No tengo esa pero tengo a su competencia de las full size.  Esos bienes de uso son relativamente fácil de acceder.

Me refiero a otras cosas donde si se siente que no es alcanzable.",Complete_Salary_673,merval,1,2023-08-17 11:42:17,t1_jwkxw3v,t3_15tmqmi,comment
jwldlr5,Gracias lo tendré en cuenta,Complete_Salary_673,merval,1,2023-08-17 13:12:09,t1_jwlcnx8,t3_15tmqmi,comment
jwl85uk,"> En mi caso principalmente saliendo de joda sacando mesas en boliches o fiestas de electrónica.

Me gustaban las fiestas electrónicas, pero soy de la época de Pacha, ya estoy grandecito para eso.  


Muy bueno tu comentario.    
Discrepo solo en la parte que decis que argentina no es copatible para conocer excelentes referentes.  
Yo tuve uno hace mas de 10a.  Hizo mucho dinero en la construccion de ediciocios en toda CABA.  Tambien participo en el proyecto de Nordelta desde sus inicios.  
Lamentablemente este hombre ya no esta mas.   
Siempre me dio los mejores consejos. Mejores estrategias...",Complete_Salary_673,merval,4,2023-08-17 12:39:58,t1_jwl7c4i,t3_15tmqmi,comment
jwkt3fk,"Puede ser...

No quiero cerrarme a que todos son generaciones de oligarquía Argentina.",Complete_Salary_673,merval,2,2023-08-17 11:06:16,t1_jwksegr,t3_15tmqmi,comment
jwl0awg,"doy fe, somos así",MarceloTDF,merval,1,2023-08-17 11:52:14,t1_jwksegr,t3_15tmqmi,comment
jwkw5yo,"No es envidia para nada. Estoy muy agradecido con lo que tengo.

Se llama autosuperación. Cuando llegaste a la cima que tenias planeado llegar y ves otra mas grande podes quedarte en ese valle o seguir ascendiendo.",Complete_Salary_673,merval,1,2023-08-17 11:26:17,t1_jwkvn6k,t3_15tmqmi,comment
jwqrg6d,">Los golfistas reales no tienen 80 anhos

Hola!, gracias por tu comentario. Realmente estoy considerando el Golf como una excelente opcional.Quizás tengo una idea errónea de su dinámica. Pero es cierto lo que decís, en los campeonatos de ESPN son la mayoría sub 40.. Pero bueno son profesionales.

Respecto a lo de irme de Argentina.. bueno. Lo considere seriamente hace un tiempo. Como comente soy hijo de emigrantes ( país de europa de No habla hispana) .  Y un hijo de emigrantes francamente no quiere emigrar.",Complete_Salary_673,merval,1,2023-08-18 13:50:28,t1_jwo8lwo,t3_15tmqmi,comment
jwl8kqo,"Que garron ser una persona adulta y no saber interpretar un texto...  
No quiero ""pertenecer"", busco crecimiento y éxito profesional.  
Cosa que seguramente vos no tengas ideas de lo que es.",Complete_Salary_673,merval,0,2023-08-17 12:42:24,t1_jwl7sbk,t3_15tmqmi,comment
jwkx6vk,"Siguiendo esa lógica , tampoco debería estar donde estoy hoy...  
Debería haberme quedado en el conorbano en una casa de los 70'.",Complete_Salary_673,merval,5,2023-08-17 11:32:50,t1_jwkwyge,t3_15tmqmi,comment
jwlepsh,"Tal como lo describo en el post.  Generar contactos, experiencias, tener un mentor o referente a quien seguir y alguna vez tuve pero ya no esta.  
No es el dinero el fin. Sino el crecimiento profesional y personal.

El conformismo para mi es opio.",Complete_Salary_673,merval,4,2023-08-17 13:18:50,t1_jwledpf,t3_15tmqmi,comment
jwloqv7,">Pero también me gustaría relacionarme con gente que esté un pasito más arriba y ver si puedo meterme en algún emprendimiento o negocio como para subir de nivel.

Y haces muy bien, yo le debo mucho a algunos mentores que tuve en mi camino. Gente mayor que yo y una en particular ya no esta mas entre nosotros.  
Opino que no todas las personas somos iguales, pero  creo que cuando cubrís tus necesidades básicas el culo te empieza a picar de curiosidad y ansiedad...  


Si fuera conformista podría no trabajar mas por mucho tiempo y mucho tiempo es ""mucho tiempo"". Quizas montando un proyecto inmobiliario en una zona turística y vivir de eso.. Pero hoy eso es plan Z.  
Todavia me siento joven y con capacidad de explotar lo que se para seguir en el camino , de tecnología en mi caso, que vengo haciendo.",Complete_Salary_673,merval,2,2023-08-17 14:18:48,t1_jwlkoi9,t3_15tmqmi,comment
jwmjw5z,">Mi impresion es que la gente millonaria tiene ingresos pasivos y no depende de su trabajo por hora , ahondaste en ese tema? como estas haciendo crecer pasivamente tu patrimonio?

Si, hace rato no dependo de mi trabajo por hs. Pero soy accionista y tengo funciones en empresas. Básicamente es un trabajo.",Complete_Salary_673,merval,1,2023-08-17 17:21:55,t1_jwmhocg,t3_15tmqmi,comment
jwqmoar,"Hola gracias por tu comentario!.

Te contesto algunos puntos.  


Obviamente no le doy bola los comentarios negativos si no veo un fundamento claro en ellos.

Respecto a los coachings no le tengo mucha fe. Te comento que hice el DPME en el 2016 en la Universidad Austral. Es un programa para empresarios, justo me toco con el fundador de Taringa y otros personajes mas.  Yo soy del palo IT, conozco a muchos de aca. Francamente prefiero esquivarles. Tengo mis motivos...   


Por eso estoy buscando mas bien gente bien asentada en su rubro. Jugadores de cartas elite.  Por ejemplo cuento un caso reciente que conozco pero no soy parte de ellos : Grupito selecto de empresarios de diferentes rubros que se junta en plan amigos estan haciendo un barrio cerrado . Una inversión inicial repartida entre todos, un buen master  plan y un lindo proyecto que les tomara un par de años.

Creo que con el ejemplo quedo mas que claro el tipo de contactos que busco.   
Intente con mis conocidos hacer cosas similares pero se tiran para atras o no tienen el $$",Complete_Salary_673,merval,3,2023-08-18 13:21:33,t1_jwqip8f,t3_15tmqmi,comment
jwqq0n9,">Ojalá pronto a mi también me dé para hacer alguno, mientras tanto me mentoreas vos a mi? Ajjajaja

Yo creo que todavía me falta para ser mentor. No se, no me siento realizado todavía y soy bastante joven que se vive equivocando.. sobre todo en las habilidades blandas mas precisamente en las  relaciones humanas. Es un punto que trabajo todo el tiempo pero tengo poca tolerancia a ciertas personas .

Pero si queres escribime al DM, un amigo virtual no resta en nada.",Complete_Salary_673,merval,3,2023-08-18 13:41:44,t1_jwqip8f,t3_15tmqmi,comment
jwl05eh,"debe ser broma  tu comentario ,verdad?  
Ni hablar de Mónaco porque no conozco francamente, pero incluso en USA soy un 4 de copas.",Complete_Salary_673,merval,2,2023-08-17 11:51:19,t1_jwkzum5,t3_15tmqmi,comment
jwkwzb6,"Si lo se, ni mis ingresos ni mi patrimonio me colocan en la high society.",Complete_Salary_673,merval,1,2023-08-17 11:31:30,t1_jwkwo93,t3_15tmqmi,comment
jwkztiu,"Tomo lo del Golf aunque no me guste.

Respecto a lo otro; pobres no son. Que se yo. Pero como comente en el post, no veo que tengan aspiraciones altas. Estan bien como estan.",Complete_Salary_673,merval,1,2023-08-17 11:49:18,t1_jwkzh76,t3_15tmqmi,comment
jwlljel,Ing. en Sistemas.  Tengo empresas de tecnología hace mas de una década.,Complete_Salary_673,merval,2,2023-08-17 13:59:43,t1_jwlkxdl,t3_15tmqmi,comment
jwusu5i,Mes,Complete_Salary_673,merval,1,2023-08-19 10:19:09,t1_jwtbwc8,t3_15tmqmi,comment
jwl6obu,"Ah no, yo estoy re lejos de eso jajajaja",RageAgainstTheAfip,merval,1,2023-08-17 12:31:03,t1_jwkyoue,t3_15tmqmi,comment
jwldg2l,"Si, probablemente sea mi experiencia y no la realidad. He conocido bastante gente pero no dejaran de ser 50 personas con toda la furia y de un círculo específico.

Respecto de la edad, el promedio de edad en lo ""VIP"" de la electrónica me arriesgaria a decir que es 35-40 pero si ya no te interesa esa movida tampoco vas a ir solo a hacer contactos.

Pensando un poco más, saliendo a comer con amigos y amigos de amigos también di con gente muy interesante. Pero me pasaba, que capaz, en ese ambiente donde se habla más de negocios y experiencias yo que no tengo tanta me quedaba medio afuera.

Es, yo creo, cuestión de ir generando vínculos o contactos con gente que sea exitosa o se junte con gente exitosa. En esos ambientes nadie lo va a ver como que seas un interesado, al final estamos todos haciendo networking.",Pankoh,merval,3,2023-08-17 13:11:11,t1_jwl85uk,t3_15tmqmi,comment
jwkvgxo,"Es que el millonario Argento si no es oligarca de familia es un politico que inflo su patrimonio aprovechando su caracter de insider para desviar liquidez a sus empresas o uno de sus negociados por comisión aprovechando información no-publica. 

Acá nadie se hace millo desde abajo laburando/invirtiendo por que es imposible. En un mercado libre los jugadores más eficientes acumulan y el resto se mueve alrededor, en un mercado intervenido el interventor es el unico jugador eficiente y el resto sobrevive como puede. Si no sos parte del gobierno, o tenes lazos con la politica, luchas por sobrevivir. Es imposible ganar.",DMugre,merval,5,2023-08-17 11:21:46,t1_jwkt3fk,t3_15tmqmi,comment
jwktdi0,"No necesariamente oligarquía, pero la mayoría viene desde años, y esos son los peores. Por ahí encontrás alguno q la pegó con una buena empresa o algo, pero quizás no estén moviendose mucho en un círculo tan alto cómo el resto",agu12333,merval,2,2023-08-17 11:08:06,t1_jwkt3fk,t3_15tmqmi,comment
jwkwvaz,"No, sorry, es bueno tu intento de justificar tu envidia, pero estás comparándote con los que tenés alrededor y querés tener lo que tienen ellos o más que ellos. No hace falta que sientas bronca o que tu piel se ponga verde, lo que describiste es la definición de envidia.

Jamás vas a estar conforme con lo que tenés.",jungle,merval,6,2023-08-17 11:30:47,t1_jwkw5yo,t3_15tmqmi,comment
jwlk1nl,"Queres mejorarte? Hace deporte, estudia algo que desconozcas, aprende otro idioma, hace un proyecto inovador, etc... codearte con gente de más guita no es mejorar ni crecer, es más, probablemente es involucionar.",throwaway-594235,merval,6,2023-08-17 13:50:52,t1_jwlepsh,t3_15tmqmi,comment
jwmqgfl,"que hobbies probaste? por que hay un monton de actividades ricachonas aparte del golf: polo y equitacion, caceria (big game), navegacion (vela o yate), arte (coleccionismo), montañismo (alta altitud), buceo (transporte y alojamiento en lugares exoticos), poker, vitivinicultura, restauracion de autos clasicos, yseguro hay mas. El tema es no embolarse y que se cree el ambiente para charlar (con las mismas personas seria ideal)",Kitchen-Touch-3288,merval,2,2023-08-17 18:00:31,t1_jwmjw5z,t3_15tmqmi,comment
jwssjm2,"Si estas buscando algo en forma local si te va a tocar hacer algo de la manera antigua.

Podés mudarte a un country de los clásicos, (nada de nordelta) y conocer gente ahí tal vez?",sofia207,merval,1,2023-08-18 21:52:15,t1_jwqmoar,t3_15tmqmi,comment
jwl0j33,Por ahí cambiándote el apellido a Pérez Companc te haga sentir mejor.,nicoc77,merval,2,2023-08-17 11:53:38,t1_jwl05eh,t3_15tmqmi,comment
jwllyq4,"Desde que hiciste tu pagina o empezaste a laburar, que no sabias idioma comentabas, hasta que llegaron las propuestas de dinero interesantes y calculo, tomaste gente... Cuanto te llevo? Tuve un emprendimiento de ingenieria (diseño) y la brecha del idioma me hizo volver para atras, a la dependencia economica local digamos.",pepegomez6969,merval,1,2023-08-17 14:02:15,t1_jwlljel,t3_15tmqmi,comment
jwldshu,">final estamos todos haciendo networking.

Exactamente, diste en el clavo!. Gracias por tu comentario",Complete_Salary_673,merval,3,2023-08-17 13:13:15,t1_jwldg2l,t3_15tmqmi,comment
jwkvvt6,"A mi lo que me sorprendio es que los que conozco de referencia, vista, del barrio..  
Ninguno es político. Ninguno.  
Hay un par de políticos que si se que son actualmente pero no viven al nivel que describo.  Osea, si tienen dinero y bastante. Pero no se si son millonarios en dolares o al menos no lo aparentan.",Complete_Salary_673,merval,1,2023-08-17 11:24:26,t1_jwkvgxo,t3_15tmqmi,comment
jwlukh5,"Me hiciste acordar al padre de un amigo que tiene un contacto inmobiliario que siempre le avisan a el si hay una buena oportunidad de negocio o algo que está barato y es conveniente comprar, el siempre va a tener la información antes por lo tanto se va a enriquecer más rápido, contra esas cosas no podés luchar, algunos tienen el curro y otros nada.",[deleted],merval,1,2023-08-17 14:52:58,t1_jwkvgxo,t3_15tmqmi,comment
jwkxd39,">Jamás vas a estar conforme con lo que tenés.

Y quien lo esta?",Complete_Salary_673,merval,0,2023-08-17 11:33:58,t1_jwkwvaz,t3_15tmqmi,comment
jwmrcdb,"Hice los que me gustan a mi.  Me hice el curso de timonel de embarcaciones a vela en z. norte. Y practico Motocross.

&#x200B;

Lo de equitacion o cosas por el estilo siempre me llamo la atencion pero no tengo idea ni por donde se comienza.. no tengo establo en mi barrio y no voy a comprar un caballo a ver como me va , no tiene logica eso .",Complete_Salary_673,merval,1,2023-08-17 18:05:53,t1_jwmqgfl,t3_15tmqmi,comment
jwlmyey,"Es complicado y no quiero doxearme acá.. participe en muchos proyectos grandes en Argentina.  Seria facil saberlo.

Pero en respuesta a tu pregunta comencé con un contrato grande, una empresa grande grande Argentina como primer cliente que fue el gancho para abrirme afuera.No arme una web y postule servicios.. en mi caso no fue así.

EDIT: No hice prácticamente proyectos a medida. Fue mas de nicho lo mio. Hace mucho tiempo competí con MercadoLibre y SegundaMano (que era en realidad puntera en esa época) . Nos comieron a todos",Complete_Salary_673,merval,2,2023-08-17 14:08:09,t1_jwllyq4,t3_15tmqmi,comment
jwlhuti,"No hace falta que sean políticos, solo ""amigos de"". Es imposible saber si son amigos de concejales/diputados/etc solo teniendolos de vista.",DMugre,merval,4,2023-08-17 13:37:50,t1_jwkvvt6,t3_15tmqmi,comment
jwl115m,"No necesariamente políticos tienen q ser, pero seguro tienen 1 trillón de hectáreas desde q llegaron los españoles acá, entonces vienen de generaciones arrastrando riqueza. Cómo dicen otros comments, es muy difícil formarse de 0 en pocos años acá. Por lo general el q lo hace se toma el palo porque acá tiene muchas trabas",agu12333,merval,2,2023-08-17 11:56:43,t1_jwkvvt6,t3_15tmqmi,comment
jwprlfr,"Te tiro otra: Las subastas de bienes del estado nacional.  


Si bien hay una pagina donde en teoría cualquiera puede acceder, es sabido que las cosas mas interesantes siempre caen en avisos internos.    


Contacto mata curriculum, siempre.",DMugre,merval,1,2023-08-18 10:01:41,t1_jwlukh5,t3_15tmqmi,comment
jwl317h,"Aquellos que logran satisfacción con lo que hacen. No hace falta tener la casa más grande, el auto más nuevo, el puesto más alto.

Es difícil de entender cuando vivís en una sociedad donde las diferencias son tan marcadas como en la Argentina, porque ""mostrar"" es percibido como importante, pero es el camino de la ruina tanto financiera como espiritual. No digo que vayas a terminar literalmente en la ruina, pero que el camino de la envidia te lleva en esa dirección.

Los ricos no son los que andan en BMW o Tesla, son los que tienen un auto que les sirve para lo que necesitan y en cambio invierten la diferencia en si mismos o en dejar un legado a sus descendientes o a la sociedad en general.",jungle,merval,15,2023-08-17 12:09:02,t1_jwkxd39,t3_15tmqmi,comment
jwmvwfu,"agarraria por el lado de los accionistas, ir donde se juntan (no tengo idea",Kitchen-Touch-3288,merval,1,2023-08-17 18:33:39,t1_jwmrcdb,t3_15tmqmi,comment
jwstj5b,"Estas loco…. deremate??
😁",dinovfx,merval,1,2023-08-18 21:59:32,t1_jwlmyey,t3_15tmqmi,comment
jwl3jn0,Me gusta tu  punto de vista. Es muy Zen.,Complete_Salary_673,merval,3,2023-08-17 12:12:10,t1_jwl317h,t3_15tmqmi,comment
jwusta5,"No, ojala. Deremate, DeMotores era mas grande que Meli en esa epoca.",Complete_Salary_673,merval,2,2023-08-19 10:18:58,t1_jwstj5b,t3_15tmqmi,comment
jvdgn2a,"Si vos compras X cantidad de AL30 o GD30 a X valor en pesos, después vendes esa X cantidad en AL30D o GD30D a X valor en Dólar. 

AL30 y GD30 es en pesos

AL30D y GD30D es en dolar",PleuraZoom,merval,5,2023-08-08 20:56:19,t3_15lwrtv,t3_15lwrtv,comment
jvdln74,[deleted],[deleted],merval,4,2023-08-08 21:31:36,t3_15lwrtv,t3_15lwrtv,comment
jvda5yh,si,MarceloTDF,merval,2,2023-08-08 20:11:37,t3_15lwrtv,t3_15lwrtv,comment
jvdbtoh,"el dólar mep es eso, busca la definición de dolar mep y encontraras la respuesta",HotInformation5786,merval,2,2023-08-08 20:23:02,t3_15lwrtv,t3_15lwrtv,comment
jvfe0ho,Estas consultas son para el thread diario. Cierro.,HwanZike,merval,0,2023-08-09 08:14:03,t3_15lwrtv,t3_15lwrtv,comment
jve9rk0,"Al MEP (o ccl si lo cambias por uno afuera), esa es la definición del MEP",throwaway275275275,merval,1,2023-08-09 00:32:19,t3_15lwrtv,t3_15lwrtv,comment
jvechoz,"Son cuentas diferentes, al30 y al30d no tienen una correlacion directa entre si, el resultado de dolar mep siempre se obtiene al terminar de comprar al30 y venderlo por al30d, no antes, si vos te quedas en cualquiera de los dos bonos no siginifica que te va a proteger de una devaluacion como lo haria tener dolares, si te fijas en un grafico de al30 y al30d quizas lo entiendas mejor, igualmemte sino entendes del todo coko funciona hace dolar mep directamente para no arriesgar hasta que entiendas bien como funciona todo.",Impressive-Loss4975,merval,1,2023-08-09 00:55:45,t3_15lwrtv,t3_15lwrtv,comment
jvdigmq,"Ok. A mi no me interesa tener dólares en sí mismos, si no tener un instrumento que me permita mantener el valor del ahorro.
Ej: compro 30 bonos con $ X, luego hay una devaluación del 50% y por esos bonos obtener $ X*1.5. Todo en pesos. ¿funciona así? 

Pasa que si retiro los dólares es para comprar un bien registrable. No puedo declarar en la AFIP que fui a una cueva. ¿me explico?",WillLife,merval,1,2023-08-08 21:09:08,t1_jvdgn2a,t3_15lwrtv,comment
jveb6bu,"¡Está muy bueno! Por ahora vi el primero. Lo tendré que ver varias veces porque tengo un problema especial con los números, me pierdo. Muchísimas gracias. 😊",WillLife,merval,1,2023-08-09 00:44:18,t1_jvdln74,t3_15lwrtv,comment
jvdf1gr,¿O sea que si mantengo los AD30 y los vendo en pesos se hará al precio del día?,WillLife,merval,1,2023-08-08 20:45:09,t1_jvda5yh,t3_15lwrtv,comment
jvdfhzc,Mercado electrónico de pagos. La verdad no deduzco mucho con ese nombre.,WillLife,merval,0,2023-08-08 20:48:23,t1_jvdbtoh,t3_15lwrtv,comment
jvdj9mb,"No, no tiene nada que ver devaluación con el valor del bono...

El bono tanto en dólar como en peso funciona a oferta/demanda, si hoy el AL30D está en $32 y devalúan un 50% al otro día lo más probable es que baje porque toda la gente va a querer canjear ese bono para sacar dólares, por ende mucha oferta poca demanda baja el precio...",PleuraZoom,merval,6,2023-08-08 21:14:52,t1_jvdigmq,t3_15lwrtv,comment
jvebfns,"Uh, qué mambo. 🤦‍♂️ mañana veo unos videos que me pasaron m. Gracias.",WillLife,merval,1,2023-08-09 00:46:34,t1_jvdj9mb,t3_15lwrtv,comment
jxkukyf,"Tengo entendido que es la misma ley, pero se cambian 2 artículos:

\-Plazo mínimo de alquiler pasa de 3 años a 2 años (como era antes).

\-Las actualizaciones vuelven a ser por periodos menores a 1 año (mínimo de 4 meses entre cada actualización del precio) y el índice lo deciden las 2 partes (ya no es obligatorio el índice ICL que anunciaba el banco central).

Aún asi, tiene que pasar por Senado que esta paralizado hasta que el oficialismo desista de prorrogar a la jueza Figueroa asi que no tengo confianza en que se sancione pronto.",[deleted],merval,11,2023-08-24 14:20:59,t3_1607rf5,t3_1607rf5,comment
jxl6u62,"Todo muy lindo pero con 3 capitalizaciones por año (actualizacion de precio cada 4 meses) los alquileres facilmente se van a volver impagables, la ""idea"" parece ser beneficiar al inquilino haciendo que el mercado sea mas atractivo para el dueño y aumente la oferta pero lo que pasa en realidad es lo siguiente:

A. Ley actual = oferta reducida -> precios altos = inquilino regarchado por precios.

B. ""Reforma"" (vuelven a como antes) de los articulos = mayor oferta (teoricamente) -> precios razonables (aca es donde la teoria va a fallar porque en argentina nunca baja nada) = inquilino recontramega garchado por un precio que se va a actualizar 3 veces por año (y compoundear) al indice que se le cante al dueño (los reformistas dicen ""que el mercado libre se arregle y encuentre su punto de equilibrio"", pero el poder de negociacion esta claramente del lado del dueño y como inquilino vas a acceder a lo que proponga el dueño).

La crisis de vivienda es un fenomeno global y aca va a explotar en la proxima decada.",Kazumaky,merval,7,2023-08-24 15:36:19,t3_1607rf5,t3_1607rf5,comment
jxqwvds,"No sirve y es una poronga, ojalá no salga.

Una buena ley de alquileres debería ser algo mínimamente general tipo ""presupuestos mínimos"" y dejar en manos de cada jurisdicción (municipio me parece lo mejor) la legislación particular.

Porque? Porque no es lo mismo CABA, que Mina Clavero.
Una ciudad que es solo turística podría no limitar los Airbnb y no tener drama, y CABA por otro lado quizás si necesita algo así. Una ciudad petrolera, donde los trabajadores van un año a laburar y se van, quizás ve mejor alquileres de un año, una universitaria como la plata quizás tiene otro caso particular. En fin.

Además hoy todos le tiran el bardo al congreso, que la verdad es un organismo al que le cuesta mucho la ejecución porque depende de grandes mayorías, en cambio si la ley fuese local, la gente podría ir y cascotearle el rancho a su intendente para que arregle lo que haya que arreglar, sin depender de lo que piensen los diputados de, no se, Mendoza, que por ahí no tiene nada que ver con el problema de esa zona.

En fin",Kaji157,merval,5,2023-08-25 18:07:22,t3_1607rf5,t3_1607rf5,comment
jxkvxsw,"Jaja, beneficio para los inquilinos. Va a ser beneficio en el sentido que si deja de ser tan basura tal vez vuelva a aumentar la oferta de alquileres (podes ver aca como se hizo pija [https://twitter.com/solebalayan/status/1632697456348602369](https://twitter.com/solebalayan/status/1632697456348602369) ), pero no esperes mucho. Detalles actuales que he visto:

* Limites al mes de deposito y todo eso que siempre te cobran de entrada
* Contratos de 2 años de minimo en vez de 3
* Se actualiza el monto indexado cada 4 meses en vez de anualmente (en realidad dice de común acuerdo, pero van a ser 4 meses en todos lados). Se puede elegir cual indice se usa para la indexación de un par que estan disponibles en vez de solo ICL.
* Un par de exenciones impositivas para dueños",BNeutral,merval,4,2023-08-24 14:29:17,t3_1607rf5,t3_1607rf5,comment
jxmn2tg,"A tu caso particular, no creo que te afecte la ley nueva ya que primero deberia pasar el senado y eso puede llevar mucho mas tiempo que la semana que viene.",elcaposper,merval,2,2023-08-24 21:17:19,t3_1607rf5,t3_1607rf5,comment
jy1vf8p,"¿Qué cambiaría? 🤔  
\- El plazo pasa de 3 a 2 años como mínimo cualquiera fuera el destino, residencial o comercial 🏠🏢.  
\- Ahora se puede hacer el ajuste del monto al menos cada 4 meses 📅 y el índice a aplicar se negocia entre las partes ✍️, pudiendo aplicar si quieren IPC, Índice de precios mayoristas o un Índice de salarios.  
\- Sigue la obligación de devolver el depósito actualizado al final del contrato, ahora pagándolo en efectivo al momento de la entrega del inmueble 💸, si hay servicios impagos no facturados se retiene el monto de la última FC y luego se ajusta si es más 🔍.  
\- Si el inquilino ya tiene posesión del departamento, puede renunciar a este mínimo (renovar por menos de 2 años) 🔄.  
\- Se aclara qué es una reparación urgente 🛠️: Se entenderá como urgente cualquier reparación de aquellas prestaciones que, por su gravedad, impidan u obstaculicen el uso y goce convenido sobre el bien locado 🚫.  
\- Se aclara que las penalidades en caso de rescisión se calculan por el mes de entrega del inmueble (antes no estaba claro y daba lugar a discusión) ⚖️.  
\- Solicita a la AFIP un régimen de facilidades para la declaración de los contratos de alquiler 📑.  
\- A los efectos del Monotributo se tomará como 1 actividad el alquilar inmuebles -con contratos registrados-, más allá de la cantidad de inmuebles que se alquilen y el tipo de inmueble 🏘️.  
\- Van a estar exentos de Bienes Personales los inmuebles para alquiler de casa-habitación -con contratos registrados- con valuación menor a $ 30.000.000 🌟.  
\- Tampoco pagarán Débitos y Créditos 💳.""",DanielInvertire,merval,1,2023-08-28 01:41:32,t3_1607rf5,t3_1607rf5,comment
jxkv4bh,"Ahí vaaa, creo que el punto de bajar a 2 años los contratos es un golazo, lo que no entiendo bien es si el segundo punto (el de las actualizaciones) es un beneficio o no, el hecho de qué ya no este atado al índice icl. Gracias por responder",Refroc,merval,5,2023-08-24 14:24:16,t1_jxkukyf,t3_1607rf5,comment
jxng3py,"Decidido por las dos partes, la mentira más grande. El inquilino no decide nada, se la imponen bajo amenaza de no renovación.",DaegurthMiddnight,merval,2,2023-08-25 01:04:18,t1_jxkukyf,t3_1607rf5,comment
jxyjx91,Desregulen todo en vez de obligar a las partes a indexar y van a ver cómo se resuelve todo.,Diarrea_Cerebral,merval,0,2023-08-27 11:09:48,t1_jxl6u62,t3_1607rf5,comment
jxtnuaq,"Por que la gente en reddit tiene buenas ideas y los politicos no? Tenes un buen punto en el tercer parrafo.

En fin la hipotenusa",IamnotAnonnymous,merval,2,2023-08-26 10:02:01,t1_jxqwvds,t3_1607rf5,comment
jxyt3dd,"Me parece interesante lo que planteas en el tercer parrafo, buen razonamiento",Refroc,merval,1,2023-08-27 12:13:31,t1_jxqwvds,t3_1607rf5,comment
jxykmgt,"La actual ley no contempla la figura de los room mates. O sea, no tenés marco jurídico específico para alquilar un dormitorio de tu semipiso en Nueva Córdoba a un estudiante de la UNC.",Diarrea_Cerebral,merval,1,2023-08-27 11:15:05,t1_jxqwvds,t3_1607rf5,comment
jxkx44s,"Si bro es horrible el mercado inmobiliario hace meses, pero no me había percatado qué tan mal estaba hasta hace 2 semanas que empezamos a buscar (cba esta igual que bs as, con la diferencia que no todo está en usd), buscas los barrios más decentes encontrás 20 avisos de venta y 2 de alquiler, caminas por la calle y es lo mismo.

Básicamente no estarían facilitando nada para el inquilino sino que estarían facilitándole cosas al dueño, para que pongan en alquiler esos inmuebles qué tienen parados?",Refroc,merval,2,2023-08-24 14:36:29,t1_jxkvxsw,t3_1607rf5,comment
jxqy55p,La verdad que la reducción de oferta también se asocia al aumento del alquiler temporal que no está cuantificado en esos gráficos.,Kaji157,merval,1,2023-08-25 18:15:41,t1_jxkvxsw,t3_1607rf5,comment
jxkwiz8,El segundo punto dudo que sea beneficioso para el inquilino. Ante la necesidad vas a aceptar lo que el propietario quiera con tal de tener un lugar donde caer muerto,Rusinski,merval,8,2023-08-24 14:32:53,t1_jxkv4bh,t3_1607rf5,comment
jxl2rxj,">Ahí vaaa, creo que el punto de bajar a 2 años los contratos es un golazo

De que te sirve bajarlo, si la inflación galopante te revienta el segundo año. Incluso vas a tener menos tiempo de rescindir el contrato para buscar algo más barato.",Mr_Brightstar,merval,2,2023-08-24 15:11:11,t1_jxkv4bh,t3_1607rf5,comment
jxqxmdr,"Es un beneficio para los dueños. Todo, tiempo de contrato y actualizaciones.

La modificación está beneficia a los dueños porque la lógica de JXC, que fueron quienes la votaron principalmente, es que ""con una ley que los beneficie más, entonces los dueños si van a poner las propiedades en alquiler, y como hay más propiedades en alquiler, entonces van a bajar los precios""

*SPOILER ALERT* 
It won't",Kaji157,merval,2,2023-08-25 18:12:17,t1_jxkv4bh,t3_1607rf5,comment
jxlt4im,"amigo, como vas a decir que 2 años es beneficioso y que te aumenten cada 4 meses no sabes,  me preocupa",QAWS_3,merval,-2,2023-08-24 17:54:06,t1_jxkv4bh,t3_1607rf5,comment
jxky1c3,"Si, basicamente se quiere lograr eso, volver a hacer atractivo poner departamentos en alquiler. Entre el desastre económico a los salarios del país, junto a la ley de alquileres, se volvio bastante malo el negocio de alquilar, y gran parte del mercado se pasó a intentar vender los inmuebles. Otros o pasaron a dolares, o alquileres temporarios de airbnb de sus propiedades, etc.  


De ahí a que esta reforma realmente logre eso, es otro tema.",BNeutral,merval,6,2023-08-24 14:42:04,t1_jxkx44s,t3_1607rf5,comment
jxqyytg,"Si, parte de la pregunta es si los alquileres temporarios son para pasarse la ley de alquileres por el traste, o para poner los inmuebles más caros y/o en dolares. Posiblemente ambas cosas.",BNeutral,merval,1,2023-08-25 18:21:06,t1_jxqy55p,t3_1607rf5,comment
jxkxe5c,"La puta madre ya me parecía que no era beneficio, espero no me cobren expensas abajo del puente aajajajajaj",Refroc,merval,5,2023-08-24 14:38:10,t1_jxkwiz8,t3_1607rf5,comment
jxlbssc,"Ni. como alguien que tiene conocidos que alquilan sus deptos, lo único que lograron con que se ajuste cada 1 año, es que le adelante el costo al inquilino. Por eso subieron una locura todos los alquileres.

Ejemplo super simplificado.

Ponele que con la inflación, si se ajustase a cada mes, el alquiler sería:

enero 100k

febrero 111k

marzo 120k

abril 130k

y así.

Al final del año el dueño habría cobrado 1,86M.

Entonces, si al dueño no le  dejás ajustar seguido porque hay mucha inflación, lo que hace es agarrar el proyectado anual, dividirlo por 12 y eso te cobra a vos desde el mes 1, sumando que como la proyección es un riesgo y puede ser más, le mete un poco más de changüi por las dudas.

Entonces, vos en vez de pagar cada mes un poquito más, pagás todos los meses desde el vamos 1860k / 12 = 155K, y eso es si no redondea por las dudas y dice 2M para que no le pifie con el estimativo. Entonces cuando buscás precio parece todo re caro porque lo que está pasando es que estás pagando el precio de mañana hoy.

Como siempre, tenés garcas que se aprovechan de todo y siempre los va a haber. Pero con el sistema actual, la gente que tiene un monoambiente y lo quiere alquilar sin cagar a nadie y tratando de cobrar lo justo pero sin sacar una miseria para algo que le costó 10 años de su vida ahorrar para comprar, si no hace ésto que ejemplifico yo y le cobra por adelantado al inquilino, termina cobrando dos mangos.Al final del contrato, si la proyección fue certera, el dueño no perdió guita, y al inquilino le sale ""barato"" el alquiler los últimos meses.

Obviamente cuando después hay que ajutar de golpe 12 meses de inflación, pasa de pagar 155k a 350k (porque pasás de precio de final de contrato devaluado a precio de principio de contrato supervaluado) y ahí es cuando se va todo al demonio.",LazyMagicalOtter,merval,13,2023-08-24 16:06:40,t1_jxkwiz8,t3_1607rf5,comment
jxmpmfv,"depende que sea beneficioso para vos. El hecho de que haya otro mecanismo de medida y ser mas privativo, es que puede generar un aumento en la oferta (la gran falta de hoy)",pelado06,merval,1,2023-08-24 21:35:29,t1_jxkwiz8,t3_1607rf5,comment
jxl6k0y,"Justamente por eso me parece conveniente, si la inflación te come el segundo año imaginate como se lleva el tercero, entonces eso creo que te da la posibilidad de buscar algo más barato en menos tiempo. Lo pienso de la siguiente forma, se te acaba el alquiler de 2 años, encontrás una casa X qué te sale 150k para alquilar, esa misma casa al año siguiente si esta disponibme (hipotético tercer año de tu contrato actual), va a salir más que 150k y ese tercer año en tu contrato actual va a ser devorado por la inflación al igual o peor que el segundo, me parece que te da la chance de salirte antes y encontrar algo más barato antes que te hagan bosta con el porcentaje anual del hipotético 3 año",Refroc,merval,0,2023-08-24 15:34:34,t1_jxl2rxj,t3_1607rf5,comment
jxluzkp,"Justamente hice el posteo para aclarar eso, igual eso por lo que respondieron los otros queda estipulado en el contrato, en ningún lado dice que es obligatoriamente cada 4 meses",Refroc,merval,3,2023-08-24 18:05:54,t1_jxlt4im,t3_1607rf5,comment
jxr1sh5,"No lo sé, lo que te puedo decir, es que con los valores que se están manejando hoy en dólares el ""rental yield"" está por encima del 10% anual, que es lo que se gana teniendo una propiedad en Nueva York, que es el mejor lugar para alquilar una vivienda (siendo dueño).

Históricamente los alquileres acá dejaban entre un 2 y un 3% de ganancias, o rental yield que es el porcentaje de valor del inmueble que se gana en un año alquilandolo.
Es decir un inmueble de 100k te dejaba limpios al año 3k.

Con los valores de publicación de hoy esos números serían 10k.

Básicamente un delirio, porque ni los bonos de EEUU pagan eso, y son una inversión de mayor riesgo.

Resumiendo, en Uruguay el rental yield es de 4%, es decir que un departamento de 80k de valor VENDIDO (la mayoría) debería dejar al año 2400 dólares. Es decir que por mes, en dólares, deberían cobrar 200 dólares.

El tema acá es que A las propiedades no tienen precios reales, los precios de publicación son entre un 30 y un 40% más que los de venta. Y 2, la gente cree que tener un departamento es como comprar bitcoin en un buillrun.",Kaji157,merval,1,2023-08-25 18:40:14,t1_jxqyytg,t3_1607rf5,comment
jxysjkm,"Claro eso es lo que yo me imaginaba con que te lo suban cada 4 meses (siendo este el minimo) pagas 100k los primeros 4 meses y despues 110k hipoteticamente, es como que la suba es paulatina y no te hacen bosta desde el mes 1. Gracias por la datita",Refroc,merval,1,2023-08-27 12:09:49,t1_jxlbssc,t3_1607rf5,comment
jxl8k90,"No terminás de poner la casa en orden que ya tenés que empezar a buscar otro lugar a donde irte.

Es lo que me pasó a mi, rescindi el contrato. Estoy por entrar en el 3er año en diciembre, ya en febrero le avisé que me iba antes, por la clausula de preaviso tantos meses de anticipo (creo que 6, no me acuerdo ahora).",Mr_Brightstar,merval,2,2023-08-24 15:46:53,t1_jxl6k0y,t3_1607rf5,comment
jxqxrpn,No entendés la modificación,Kaji157,merval,1,2023-08-25 18:13:14,t1_jxl6k0y,t3_1607rf5,comment
jxrbf9u,"La tasa de referencia de USA está dando 5% libre de riesgo. Si con el depto estas sacando menos que eso, te conviene venderlo y comprar bonos yankis (al menos de momento, después bajará, pero la verdad poniendo la guita en un ETF super conservador lo normal es sacar 10% anual). Yo la verdad nunca he sido partidario de la inversión inmobiliaria, pero hay mucha gente que le gusta en Argentina por algún motivo (posiblemente sea guita negra que blanquean con estas cosas).  


Los precios estan por todos lados. Tenes monoambientes de 60 a 120k USD (precio del inmueble) a 150k ARS (200 dolares/mes, la nada misma, un 2% o 3% anual capaz), o a 300-400 dolares (que no se quien los alquilara con los salarios actuales hechos pija), o 400-700 dolares si son airbnb (ocupación posiblemente no full time, costos de limpieza, etc). Pero al mismo tiempo pensa que con la ley de alquileres no es directo el calculo, por ejemplo, si el precio esta en pesos y la inflación es arriba del 100%, el calculo no es mes \* 12 para sacar la rentabilidad, cuando lo hice con 120% de inflación proyectada daba algo estilo mes \* 12 \* 0.7. Ahora la inflación proyectada anda como por 200%-300% así que anda a saber cuanto da de rentabilidad real.  


Pero, cuestión, si estan con estos precios es porque la oferta se hizo tan pija que es lo que pueden sacar. No es que ""los malvados dueños estan en pedo"", ponen esos precios y eventualmente los alquilan. Si miras los deptos y en toda capital hay como mucho 500 publicados, los precios que ves en general son los del tope, todo lo que esté barato se alquila instantaneamente tras ser públicado. Yo hace como 3 años el depto que conseguí alquilar ""a buen precio"" fue así, llamar 5 minutos después de la publicación y salir rajando a intentar ser el primero en verlo y señar.  


El gran problema es que no hay creditos hipotecarios tampoco. En otro país te sacas una hipoteca a 30 años y los alquileres son para gente que quiere vivir en zonas top, o que esta temporal en una ciudad. Acá hay pocas opciones, podes rascar unos pesos de credito pero la verdad casi ni sirve. Y los UVA que era de lo poco que quedaba los dinamitaron porque los del congreso son unos forros. Si le sumas que el ripte está en 300k ARS (400 dolares), es casi imposible para una persona promedio jamas tener vivienda, salvo esos que se compran un terreno en el medio de la nada por menos de 10k USD y después edifican lentamente.  


Igual todo esto como siempre es charlando de capital, en otros lugares del país el panorama es distinto.",BNeutral,merval,3,2023-08-25 19:48:28,t1_jxr1sh5,t3_1607rf5,comment
jxyl090,"Amigo, en qué ciudad vivis? Y en qué barrio? Porque en Córdoba conviene alquilar toda la vida en vez de ser propietario. Y encima tercerizás las reparaciones y los impuestos al propietario",Diarrea_Cerebral,merval,1,2023-08-27 11:17:58,t1_jxr1sh5,t3_1607rf5,comment
jxlaicg,"Garrón loco, espero que tu búsqueda de techo sea fructífera ya que esta bien jodido el tema, lo único que puedo decirte es que al menos 2 meses antes que te vayas empieces a buscar",Refroc,merval,0,2023-08-24 15:58:42,t1_jxl8k90,t3_1607rf5,comment
jxyj9ip,En EE.UU. te alquilan mes a mes. El dueño te da un preaviso de 30 días y te tenés que ir. Yo no sé cómo hacen para encontrar otro lugar tan rápido. Supongo que la gente contrata más rápido y con menos requisitos porque es más fácil desalojarlos.,Diarrea_Cerebral,merval,1,2023-08-27 11:04:54,t1_jxl8k90,t3_1607rf5,comment
jxrd7bm,"Más allá de que yo tampoco soy fan de las inversiones inmobiliarias, estoy de acuerdo en todo menos que en el bono tesoro usa es de mejor riesgo que un departamento ponele.

Si, el bono te garantiza ese rendimiento y es líquido, dos cosas que un depto no.

Pero el departamento es un activo físico basado en un commodity finito (espacio en la tierra), con el valor intrínseco que eso trae. El bono en cambio es un activo financiero y como tal puede sufrir variaciones más agudas, aunque es poco probable.

Pero en fin son distintos puntos de vista sobre algo que no es on topic, en si tenés razón que la raíz del problema es la baja oferta y el casi nulo acceso al crédito hipotecario.
Creo que el tema de los temporales, que no lo nombras también es importante.

Más arriba hice un post sobre como debería ser para mí unas ley de alquileres en este país.",Kaji157,merval,2,2023-08-25 20:01:42,t1_jxrbf9u,t3_1607rf5,comment
jxywf8u,"Es muy facil desalojar, te sacan las cosas a la calle o se las llevan a un depósito, cosa que acá no pasa.

Además el tema aumentos allá casi no existe, 400 dolares ayer van a ser 400 dolares en 2 años. (estoy exagerando un poco, ya se que hay inflación.)  pero no como acá que de un año a otro pasé a pagar 150% extra.",Mr_Brightstar,merval,1,2023-08-27 12:36:02,t1_jxyj9ip,t3_1607rf5,comment
jwph77s,"Para consultas basicas o que se repiten seguido, tenemos un post general para evitar spam. Por favor busca en el subreddit antes de postear para ver si tu consulta ya fue discutida. Si no encontras una respuesta, publicá esto en el posteo general sobre preguntas y pedidos de ayuda del día que se encuentra como sticky en el sub. Gracias!",merval-ModTeam,merval,1,2023-08-18 08:36:53,t3_15ud5a3,t3_15ud5a3,comment
jwp8p7g,"Si es negro podés ir directamente a la cueva. Transferís USDT y te dan USD. No es 1 a 1, creo que era entre 2% o 5% menos. 

&#x200B;

Si es blanco Fiwind y ahí es más o menos 1 a 1.",imdix,merval,4,2023-08-18 07:08:18,t3_15ud5a3,t3_15ud5a3,comment
jwpewff,También podés convertirlo en blanco en buenbit.,Gullible-Pay4973,merval,4,2023-08-18 08:15:15,t3_15ud5a3,t3_15ud5a3,comment
jwpfmej,"Para ese camino es p2p, sea en cueva o con algún conocido.

Fiwind, Buenbit y Let'sbit te dejan convertir usdt a USD ""digital"". Para físico faltaría un pasito más: transferir al banco y retirar por caja o ATM.

Suerte!",LordTinchen,merval,3,2023-08-18 08:22:09,t3_15ud5a3,t3_15ud5a3,comment
juisa5a,"Pensas pagar los estudios en cash?

Pregunto porque me parece raro que te lo acepten, es mas probable que tengas que abrir una cuenta allá ademas para gastos y demas. Entonces te conviene hacerte una transferencia entre cuentas propias con los dolares de aca mandartelos a afuera y listo.",HwanZike,merval,13,2023-08-02 16:10:12,t3_15ghctj,t3_15ghctj,comment
juiuk8k,[deleted],[deleted],merval,8,2023-08-02 16:24:07,t3_15ghctj,t3_15ghctj,comment
jv64ycl,"Para que querés los usd en cash? Deja los billetes que no te puedas llevar en la cuenta de acá, y mientras vas laburando allá juntas lo que cobres en tu banco allá y vas pagando todo lo que tengas que pagar con tu tarjeta de acá... Vaciando las arcas nacionales, pero de a poco",[deleted],merval,3,2023-08-07 12:25:20,t3_15ghctj,t3_15ghctj,comment
juispnh,Podrias tener 15 mil usd en tu caja de ahorro usd de argentina y retirar o usarlos con tu tarjeta de debito en el exterior. Eso o crypto como dicen arriba.,pomelorosado,merval,5,2023-08-02 16:12:52,t3_15ghctj,t3_15ghctj,comment
jujknxd,"si son blancos podes llevar infinito, solo acompaniar los comprobantes

Sino te abris cuenta alla y te haces swift",Correct-Sandwich4982,merval,2,2023-08-02 19:53:08,t3_15ghctj,t3_15ghctj,comment
jujucvy,"Desde una cuenta bancaria en dolares o euros, dentro o fuera del país.Casi nadie usa efectivo en Europa salvo para compras chicas, y a todo el mundo le da paja que pagues en efectivo y te tengan que dar cambio en vez de tocar con la tarjeta el postnet y listo.",BNeutral,merval,2,2023-08-02 21:01:40,t3_15ghctj,t3_15ghctj,comment
juk1b9c,"Podes llevar el efectivo necesario y el resto lo vas retirando por cajero o pagando con débito, para eso no hay restricción. También podes llevar mas de 10.000 dólares en efectivo, solo tendrías que declarar lo que llevas, el límite de 10k, es sin declarar, aunque estamos en Argentina y se pasan las normas por el orto",cabeza_inquieta,merval,2,2023-08-02 21:52:34,t3_15ghctj,t3_15ghctj,comment
jukf9di,"Lo que se busca con el límite de 10k es dar cierto margen a los que ganan ""en negro, y a su vez que no se pueda mover guita de fuentes ilegales (que mueven mucho mas que 10k) para no dar mala fama al país y que luego cierren frontera.  
Ojo, el usar el límite de forma programada (sacar 9999 el 30 de cada mes) también hace saltar la banderita roja en entidades responsables lo que conlleva a la investigaciones correspondientes.

  
Mientras tengas todo en regla, podés sacar cuanto quieras.",RenzoARG,merval,2,2023-08-02 23:35:03,t3_15ghctj,t3_15ghctj,comment
jv6kue7,"Un amigo se llevó USD500.000 por una transferencia swift. No le costó mucho.

En tu caso, llevate 10k, dejate depositados el rsto y pagá con tarjeta me parece.

O pedí autorizacion en afip para llevarte el extra.

""Cuando se trate de un importe igual o superior a diez mil dólares estadounidenses, los viajeros de cualquier categoría y los tripulantes sólo podrán realizar su egreso del territorio argentino a través de entidades sujetas a la Superintendencia de Entidades Financieras y Cambiarias y con previa autorización del Banco Central de la República Argentina, de corresponder.  
Fuente: Art Nº 3 RG Nº 2705/09""

O llevate los 15k de un saque y rezá.",ltcdata,merval,2,2023-08-07 14:05:41,t3_15ghctj,t3_15ghctj,comment
jujon0z,Este lava guita,Michael-Myers77,merval,3,2023-08-02 20:20:42,t3_15ghctj,t3_15ghctj,comment
juirhfr,"Hola! Estás de suerte, en tu línea temporal existen las cripto monedas",[deleted],merval,6,2023-08-02 16:05:20,t3_15ghctj,t3_15ghctj,comment
jujsy38,"Yo me lleve 10k en efectivo (11 en realidad pero nadie me revisó) 

Y el resto en cripto",eltirripapa,merval,1,2023-08-02 20:51:17,t3_15ghctj,t3_15ghctj,comment
julk3no,"Abri una cuenta de banco cuando llegues y te haces una transferencia SWIFT. Si tenes bloqueadas las transferencias (por ejemplo, por haber hecho compras al exterior con tarjeta te bloquean las transferencias SWIFT por 90 días) averigua con un broker de confianza y hace CCL (Sin limites, 100% legal, es un poco mas caro lo único malo). Hace apostillar tus facturas/comprobantes y podes pedirle a un contador que te haga una certificación de ingresos si queres quedarte mas tranquilo. Ningún banco europeo te va a hacer quilombos por esos montos si tenes las justificaciones correspondientes. Como dijo uno, moverte con efectivo por Europa es una cagada, te miran raro y a veces ni tienen cambio para darte si caes con un billete grande.",[deleted],merval,1,2023-08-03 06:54:07,t3_15ghctj,t3_15ghctj,comment
julpdw9,"Yo traje 10 K y me transferí el resto por Swift, metí todo en el banco pagando la conversión USD a EU. Para mí me dejó la experiencia q es mejor hacer todo por Swift es el q menos dolores de cabeza da.
La otra q mejor cambio da en este momento y desde hace 2 años, es ir gastando pesos, sin pasarte del cupo. Podés hacer las compras del mes con una tarjeta en pesos y gastar en otras cosas los dólares.",ELLavarropas,merval,1,2023-08-03 07:53:40,t3_15ghctj,t3_15ghctj,comment
juok1nm,No podés pasar 10k tienen que ser 999999999 pero no llegar a 10k,Juggernaut-Negative,merval,1,2023-08-03 19:07:37,t3_15ghctj,t3_15ghctj,comment
jupv7e7,"Hay financieras que lo hacen por una comisión, por supuesto de manera ilegal.

Yo lo haría únicamente con alguien de confianza igual.",adb85,merval,1,2023-08-04 01:05:30,t3_15ghctj,t3_15ghctj,comment
juyeh3z,"Te recomiendo pasarlos a usdt y bajarlos allá, va a ser mucho más fácil, más teniendo en cuenta que allá las crypto están más desarrolladas y que al viajar no permiten que lleves más de 10k efectivo por lo que llevarlo desde Arg podría ser un problema",Odd_Measurement_5252,merval,1,2023-08-05 19:14:34,t3_15ghctj,t3_15ghctj,comment
juj0kaj,"Muy raro que afuera te acepten pagar tanto en cash, te van a mirar raro..",elpepeargento,merval,10,2023-08-02 16:59:46,t1_juisa5a,t3_15ghctj,comment
juk0exn,"Lo ideal seria poder tener una cuenta bancaria alla. El tema es, no van a preguntarme de donde saqué los dolares? Aca tengo todos los comprobantes, pero alla no se si los tomarian como validos?",Rilows,merval,1,2023-08-02 21:46:05,t1_juisa5a,t3_15ghctj,comment
juj2c1q,"En afip dice que la declaración es solo para ingresar con mas de 10k.

Para llevarte es hasta 10k y el resto por transferencia.",[deleted],merval,3,2023-08-02 17:10:17,t1_juiuk8k,t3_15ghctj,comment
jv7dopo,">vas pagando todo lo que tengas que pagar con tu tarjeta de acá

Cada vez considero mas esa opcion, ir pagando las cosas del dia a dia con tarjeta argentina. Gracias",Rilows,merval,1,2023-08-07 17:04:58,t1_jv64ycl,t3_15ghctj,comment
juk0lwp,El tema de tener cuenta bancaria alla es como meto los dolares. No le va a parecer raro al banco europeo que meta tanta guita de una sin tener trabajo en el pais?,Rilows,merval,1,2023-08-02 21:47:29,t1_jujucvy,t3_15ghctj,comment
junooky,"Hay que tener en cuenta que retirar por cajero allá de una cuenta de acá, tiene comisiones bastante altas. No se si conviene, es mejor directamente pagar con la de crédito",jonyp5145,merval,1,2023-08-03 15:56:52,t1_juk1b9c,t3_15ghctj,comment
jv7dyu6,">O llevate los 15k de un saque y rezá.

Claro trataria de evitar eso. Mas vale diversificar el riesgo, porque al llevar toda la guita en cash tambien me expongo a que me choreen.

&#x200B;

Cada vez considero mas lo que decis de llevar 10k y pagar con tarjeta el resto. Gracias",Rilows,merval,1,2023-08-07 17:06:43,t1_jv6kue7,t3_15ghctj,comment
jujuuys,para que vas a meter por cripto plata que ya tenes blanqueada?,Rocarat,merval,3,2023-08-02 21:05:25,t1_juirhfr,t3_15ghctj,comment
jukb5zg,Podés hacer f2f en algún lugar? es como comprar droga?,Party_Radio_8134,merval,1,2023-08-02 23:04:05,t1_jujsy38,t3_15ghctj,comment
jukhvfu,"Y es que a términos de practica reales, no revisan gente por gente a ver quien esta entrando o saliendo con más guita. Un fajo de de 10K y 15K se parecen en tamaño y volumen a traves de la maquina de Rayos X. Ahora un fajo 30K o 50K si se nota y mucho en la maquina de Rayos X .",Ninten_DOS,merval,1,2023-08-02 23:55:26,t1_jujsy38,t3_15ghctj,comment
jupnx7q,"Ese resto que llevaste en crypto, como lo pasaste a euros? Yo pensaba abrir cuenta bancaria aca, transformar USDT a euros pro Binance p2p, y que me los deposite el vendedor en la cuenta EUR que abra aca, tiene sentido?",NobodsHer0,merval,1,2023-08-04 00:01:33,t1_jujsy38,t3_15ghctj,comment
juk0lly,"Afuera todos los sudacas son narcos, asi que no creo que le parezca raro🤣🤣",cabeza_inquieta,merval,2,2023-08-02 21:47:25,t1_juj0kaj,t3_15ghctj,comment
juktwlp,[deleted],[deleted],merval,1,2023-08-03 01:43:40,t1_juj0kaj,t3_15ghctj,comment
jukexwl,"Nadie te va a pedir comprobantes por 15k verdes siendo un estudiante que emigra. Cómo mucho en algún formulario pones que son tus ahorros del laburo en argentina y listo. En cualquier país normal una transferencia de 15k verdes es totalmente intrascendente, acá es lo raro",Greedy_Confection491,merval,4,2023-08-02 23:32:38,t1_juk0exn,t3_15ghctj,comment
juk38v1,"Nose ahora como esta la cosa en relacion con argentinos pero tenes un banco suizo que se llama dukascopy cuando abri la cuenta me hicieron una entrevista online via app y solo necesitaban mi documento, nada mas y tenes wallet crypto en el mismo banco ademas podes pedir una tarjeta física que te conviene mas si vivis en europa.",InfamousCount4860,merval,2,2023-08-02 22:06:31,t1_juk0exn,t3_15ghctj,comment
juk2kt2,"Mucha guita será para Argentina. En Europa cuando abrís la cuenta te preguntan del origen de la guita y algún comprobante de algo, pero si pasas esa parte ya está. Igual la pregunta del post era operativa, si tenés toda la guita en negro y abajo del colchón y no podes justificar nada, es una pregunta fiscal, es otro tema",BNeutral,merval,2,2023-08-02 22:01:41,t1_juk0lwp,t3_15ghctj,comment
jukfcjq,"15k verdes solo en persona es mucha guita, hace un tiempo un amigo se fue a Alemania, transfirió 60k verdes desde el nación y allá ni le preguntaron nada. Acá por por tuvo que conseguir que batakis le firme la transferencia",Greedy_Confection491,merval,2,2023-08-02 23:35:42,t1_juk0lwp,t3_15ghctj,comment
jujvd5t,Honestamente solo porque me resulta practico. Sino como ya dijeron DJ y listo,[deleted],merval,0,2023-08-02 21:09:06,t1_jujuuys,t3_15ghctj,comment
julgync,Euros.. trata de pagar en dólares con algo en Alemania...,elpepeargento,merval,-1,2023-08-03 06:15:26,t1_juktwlp,t3_15ghctj,comment
juk3qeo,Acabo de revisar y podes depositar por tarjeta - transferencia - skrill o Neteller,InfamousCount4860,merval,1,2023-08-02 22:10:02,t1_juk38v1,t3_15ghctj,comment
juk8j2s,"Dukascopy juraria que no tiene buena fama, o sea si te abris la cuenta todo normal pero al momento de reclamos fallaba. Al menos algo asi me pareciera recordar",Treesud,merval,1,2023-08-02 22:44:51,t1_juk38v1,t3_15ghctj,comment
jum6ycx,[deleted],[deleted],merval,5,2023-08-03 10:25:10,t1_julgync,t3_15ghctj,comment
juk9hyq,"Ah mirá, esa no la sabia.

Si hay gente que me puede confirmar esto les agradezco mil.",InfamousCount4860,merval,1,2023-08-02 22:51:56,t1_juk8j2s,t3_15ghctj,comment
jum8h4g,"Hay algo de comentario en tu sarcasmo.. en la capital te miran con asco si vas con dólares, a diferencia de acá que nos desesperamos... igual de donde sacas que te estaba aclarando de que en Europa usan el euro?",elpepeargento,merval,0,2023-08-03 10:36:17,t1_jum6ycx,t3_15ghctj,comment
jumms20,"Bienvenido! En general los posts de ""tengo X y quiero invertir"" o ""por donde empezar a invertir?"" son muy comunes y muy repetitivos. Las respuestas son siempre mas o menos las mismas y no aportan a subir la calidad del sub por su naturaleza, ademas de que suelen ser poco completas porque solo son recomendaciones sueltas que NO es lo que debería estar recibiendo alguien que recién arranca en el mundo de las inversiones.

Por esto, desde la moderación solemos cerrar este tipo de threads cuando se vuelven muy repetitivos y recomendarle a los usuarios los siguientes tips:

1. Leer las [guias para principiantes](https://www.reddit.com/r/merval/collection/e6a7524c-6445-470e-a2b1-2246387c0c15/) (usar new reddit para ver bien los posts).

2. Leer posts anteriores de [PRIMEROS PASOS](https://www.reddit.com/r/merval/search?q=flair_name%3A%22PRIMEROS%20PASOS%22&restrict_sr=1).

3. Leer la [wiki](https://new.reddit.com/r/merval/wiki/index).

4. Usar el buscador para ver si la consulta ya fue tratada.

5. Usar el [THREAD DE CONSULTAS DIARIAS](https://www.reddit.com/r/merval/?f=flair_name%3A%22CONSULTAS%20BASICAS%22) para evacuar consultas puntuales que no ameritan un thread.

6. Usar el filtro de [TUTORIALES](https://new.reddit.com/r/merval/search?sort=new&restrict_sr=on&q=flair%3A%22TUTORIALES%22) para encontrar guías aprobadas sobre distintas temáticas.

Suerte!",merval-ModTeam,merval,1,2023-08-03 12:08:12,t3_15h3zmo,t3_15h3zmo,comment
jum74fy,Si no tenés cómo justificar ese dinero tampoco te van a dejar operar en el broker.,walace47,merval,13,2023-08-03 10:26:24,t3_15h3zmo,t3_15h3zmo,comment
jumj5ag,"Binance, Skrill, ETORO.  
Esas 3 app te van a dejar hacer lo que quieras.

De binance a skrill y de ahi a etoro.

En Binance Criptomonedas y USDT haciendo tasa.  
En Etoro operas la bolsa, te recomiendo un SP500 tranqui riesgo moderado.

Todo en morocho. Por tus importes, no pasa nada.",BurningFLOW,merval,-4,2023-08-03 11:45:41,t3_15h3zmo,t3_15h3zmo,comment
jum7hl7,Hasta que trabaje no puedo meter más plata entonces?,FunnyCrocodile,merval,2,2023-08-03 10:29:05,t1_jum74fy,t3_15h3zmo,comment
jumjchj,"El problema es que no sé cómo pasar la plata al broker, necesito transferir y no tengo en ningún banco, tengo billete",FunnyCrocodile,merval,2,2023-08-03 11:46:57,t1_jumj5ag,t3_15h3zmo,comment
jum8t0b,"Nose en iot pero en bull market, para operar te piden algún justificativo de ingresos. Recibo de sueldo, certificado monotributo, rentas o alguna herencia.

Pero quiero creer que es igual en todos los brokers.

Tendrías que fijarte si lo podés justificar como ahorro y como hacerlo. La otra opción es abrirte una cuenta a nombre de tu mamá o tu papá.",walace47,merval,3,2023-08-03 10:38:39,t1_jum7hl7,t3_15h3zmo,comment
jumjpkz,"P2P desde mercadopago, son 100.000 pesos no entras en NINGUN radar.   
De ultima hacelo por partes..

Si no, hoy en dia todas las cuevas venden USDT tambien, asi que vas con tus pesos y te depositan usdt en binance.

P2P = Person to Person = Le haces una transferencia a alguien desde tu mercadopago y te depositan los USDT..  Binance te respalda toda la operacion, son seguras. Lo uso seguido",BurningFLOW,merval,0,2023-08-03 11:49:14,t1_jumjchj,t3_15h3zmo,comment
jumi4rd,"> Nose en iot pero en bull market, para operar te piden algún justificativo de ingresos. Recibo de sueldo, certificado monotributo, rentas o alguna herencia.

Calculo que deben tener los datos. Abrí cuenta en PPI sin presentar más que el DNI, indicando un sueldo por sobre la media y no me pidieron nada.",xour,merval,3,2023-08-03 11:39:17,t1_jum8t0b,t3_15h3zmo,comment
jumcjz4,Para esos 70k que puse no me pidieron nada hasta ahora,FunnyCrocodile,merval,2,2023-08-03 11:03:42,t1_jum8t0b,t3_15h3zmo,comment
jumljg7,2000 dolares son +1.000.000 pesos. Haces eso en MP y te bloquean la cuenta hasta que pases algun comprobante o te auto retienen impuestos hasta que muestres algun comprobante.,Rocarat,merval,9,2023-08-03 12:00:30,t1_jumjpkz,t3_15h3zmo,comment
jumk73v,"Me gusta la idea, la tengo en cuenta, gracias",FunnyCrocodile,merval,0,2023-08-03 11:52:15,t1_jumjpkz,t3_15h3zmo,comment
jumlys5,"Uh me confundi con otro post que lei recien que decia 100.000 pesos.

OP -> Anda por cueva a binance directo. No pases por MP.

Despues si queres sacar de a poco, ahi si haces P2P para la venta y te transferis de a poco a MP.",BurningFLOW,merval,2,2023-08-03 12:03:10,t1_jumljg7,t3_15h3zmo,comment
jumlhf9,Entrá 90 mil x las dudas y no entres más plata en el mes en esa cuenta.,CurrencyBorn8522,merval,1,2023-08-03 12:00:09,t1_jumk73v,t3_15h3zmo,comment
jyfwylc,"Lo que rinde es trabajar en el exterior y traer los dólares en negro.

Si lo querés hacer en blanco, dependiendo los montos, vas a ser Monotributista o Responsable Inscripto.

Vas a hacer una factura ""E"" de exportación cada vez que cobres el sueldo. Tu empleador te tiene que transferir a una cuenta bancaria local, 12 mil dólares anuales vas a poder recibir en mano y por arriba de ese monto tenés que liquidar a dólar oficial.

Después te queda pagar el monotributo o si te pasas y vas a RI tenes que hacer presentaciones de IVA y ganancias, te conviene tener un contador para eso.",devcba,merval,8,2023-08-30 19:37:32,t3_165sjxx,t3_165sjxx,comment
jyg84dl,"Tendrías que sacar la cuenta.

Si querés todo como corresponde, tenés hasta 12 mil verdes anuales. Todo lo que te pases de eso, pesifica así que cobrarias el 50% de tus ingresos.

Si cobras lo suficiente para pasarte a RI, sobre ese 50 que te queda, pagarías 21% IVA + el fijo de autónomo.

Y si cobras lo suficiente para pagar ganancias, pagarías eso por sobre todos los descuentos anteriores.

Todo esto descontando unos 100 dólares por la transferencia swift.

Debido a eso, todos cobran en negro.",fabuloo,merval,6,2023-08-30 20:55:55,t3_165sjxx,t3_165sjxx,comment
jyfwtik,Ta aca todo explicado [https://www.reddit.com/r/merval/comments/si3kzp/resumen\_para\_freelancers\_exportaci%C3%B3n\_de\_servicios/](https://www.reddit.com/r/merval/comments/si3kzp/resumen_para_freelancers_exportaci%C3%B3n_de_servicios/),BNeutral,merval,4,2023-08-30 19:36:35,t3_165sjxx,t3_165sjxx,comment
jyfuhu9,"LA unica manera de hacer todo legal, es haciendo factura E.  
Es decir, monotributriste, hacer factura E, y si tenes suerte, podes encuadrarte en el monotributriste tech, y traer dolar to dolar hasta 30mil.  


Siempre validar todo con contador amigos. salud2",Comfortable_Topic527,merval,1,2023-08-30 19:20:58,t3_165sjxx,t3_165sjxx,comment
jyg50z3,"El Monotributo tech está cajoneado en el congreso.

Si hace factura E está obligado a pesificar al oficial dentro de los 5 días hábiles.",Nahpal,merval,2,2023-08-30 20:33:51,t1_jyfuhu9,t3_165sjxx,comment
jyg426c,Ya está funcional el Monotributo Tech?,juani15151,merval,1,2023-08-30 20:26:56,t1_jyfuhu9,t3_165sjxx,comment
jyg62mm,"El de 12mil casi seguro que si, la extensión a 30mil no se en qué quedó",Comfortable_Topic527,merval,3,2023-08-30 20:41:21,t1_jyg426c,t3_165sjxx,comment
jv7z57d,"No recuerdo si hay alguna restriccion para operar cedears en D despues de haber hecho MEP con bonos.

Pero de cualquier manera, tenes 1 dia de parking en la parte de dolarizar con GD que te hace totalmente impredecible si el arbitraje te va a dar ganancia o no (tanto por el lado  del tipo de cambio que consigas como de si la punta vendedora de MELID va a seguir estando). Asi que es pura timba, no es arbitraje.

Despues tenes que sumarle la parte de comisiones con tanta operacion probablemente pierdas bastante en el camino. 0.5% por cada operacion dependiendo del broker, aprox 2% en total.",HwanZike,merval,12,2023-08-07 19:20:02,t3_15kxzgl,t3_15kxzgl,comment
jv8azfq,"Maestro los precios fluctúan, no son constantes. No tenes forma de hacer eso el mismo día. Con lo cual pueden fluctuar todos los precios...",Magodeoz-87,merval,6,2023-08-07 20:41:46,t3_15kxzgl,t3_15kxzgl,comment
jv8xhzx,"No se puede por las reglamentaciones CNV, si óperas en bonos D, 15 días de parking( de los dólares!!)para operar en cedears/on en D",sheets_argentina,merval,3,2023-08-07 23:24:43,t3_15kxzgl,t3_15kxzgl,comment
jvaqnew,Yo le pregunte a mi asesor hace poco y me dijo que si hago MEP con bonos tenes que esperar 15 días para operar cualquier activo en D,MaCsEEnaHu,merval,4,2023-08-08 10:37:27,t3_15kxzgl,t3_15kxzgl,comment
jv9i775,"Otro dato a tener en cuenta, es el impuesto cedular. Este puede aplicar a venta de títulos. Es un impuesto sobre la ganancia (diferencia de valor de compra y venta). 
Habría que ver si aplica en este caso, recuerdo para venta de títulos aplica si la ganancia por la venta es algo así como ~500K pesos. 
Para estas cosas siempre mejor consultar con contador de confianza.",Humo65,merval,2,2023-08-08 02:30:43,t3_15kxzgl,t3_15kxzgl,comment
jvbdfrw,"Primero el parking
Segundo Francia
Tercero los dolares que sacas del mep los tenes que hacer pasar por una cuenta bancaria y de vuelta al broker para poder operar
Cuarto tengo entendido que si compras mep tenes que esperar un tiempo para poder comprar cedears en d (No lo tengo chequeado)",Chessifer,merval,1,2023-08-08 13:05:01,t3_15kxzgl,t3_15kxzgl,comment
jv8i0ma,Puede ser que con los dólares surgidos de la operativa con bonos tenga un parking de 15 dias para usarlos con otro valor distinto? Tal vez me estoy equivocando,Joacco67,merval,1,2023-08-07 21:31:21,t1_jv7z57d,t3_15kxzgl,comment
jy9hv3b,"Con la Ley de Gresham se cae la idea que eso puede funcionar en Argentina.
 https://es.m.wikipedia.org/wiki/Ley_de_Gresham",-Laroi-,merval,10,2023-08-29 15:16:22,t3_164m7c0,t3_164m7c0,comment
jy972rd,"Es la idea, licuas a la gente improductiva convirtiendolos en ciudadanos monetarios de segunda, entonces mantenes toda la estructura estatal pero sin que eso afecte a los sectores productivos. Obviamente el ciudadano de segunda pasa a vivir mucho peor. Reitero lo mismo de siempre, todas las propuestas económicas con lo hecha mierda que está Argentina basicamente se resumen a ""A ver a quien vamos a cagar para financiarnos y en que plazo de tiempo"", con distintos valores de moral.

Es esto una buena idea? Preguntale a los votantes en Octubre. Yo no le veo chances de ganar a Patricia con las tristes exposiciones que anda dando últimamente, asi que no me preocuparía por pensarlo mucho. Pero ya es opinión política que nada que tiene que ver con el sub.

PD: Recordar que en paises donde tienen hyperinflación altisima (Venezuela, Zimbabwe) el bimonetarismo eventualmente se adapta desde abajo ""ilegalmente"" por la simple inacción del gobierno en defender el valor de la moneda",BNeutral,merval,26,2023-08-29 14:11:37,t3_164m7c0,t3_164m7c0,comment
jy9fyhd,"El peso ya es cuasimoneda, no es resguardo de valor y no es intercambiable con varias cosas",throwaway275275275,merval,7,2023-08-29 15:04:54,t3_164m7c0,t3_164m7c0,comment
jycr74n,"Frente al peso devaluado de Massa, la posibilidad de un lecop, lecor, trueque  o lo que sea, con Bullrich, me quedo con la dolarización de Milei.
Si sale bien, genial! Si sale mal, bueno... Prefiero ahora y no en 4, 8 años, en los que vivir en Argentina sea totalmente insalubre.",Dell3919,merval,3,2023-08-30 06:57:17,t3_164m7c0,t3_164m7c0,comment
jy9a8j8,">Puse esto en r/argentina y me lo bajaron pero creo que es obvio que un bimonetarismo asi, no sirve para una mierda.

Y por eso pensas que el lugar para postearlo es acá?",ZurditoBagley,merval,3,2023-08-29 14:30:38,t3_164m7c0,t3_164m7c0,comment
jya9vdy,"milei los primereó a todos hablando de su plan desde hace meses - más allá de si puede funcionar o fracasar estrepitosamente - . Ahora jxc lanza a melconian desesperado por explicar el bimonetarismo, pero no veo a la gente dispuesta a hacer el esfuerzo mental por entenderlo, de hecho, ni yo lo quiero hacer. Creo que todos ya ven a milei presidente, y será a matar o morir con su plan.",Upstairs-Iron-5014,merval,2,2023-08-29 18:01:52,t3_164m7c0,t3_164m7c0,comment
jya40zb," La ley de Gresham es el principio según el cual, cuando en un país circulan simultáneamente dos tipos de monedas de curso legal, y una de ellas es considerada por el público como ""buena"" y la otra como ""mala"", la moneda mala siempre expulsa del mercado a la buena",gabytoto2000,merval,2,2023-08-29 17:27:33,t3_164m7c0,t3_164m7c0,comment
jyacv5a,"Leí la nota entera y no cierra por ningún lado. No hay ningún incentivo para meter dólares al sistema bancario financiero nacional. El peso de papel falsificado seguirá siendo la moneda de curso real en el país y los dólares seguirán o afuera o en los colchones.

Y mirá que se podían proponer otras cosas interesantes que no son dolarización, cómo volver al patrón oro, pero estos proponen mantener el sistema actual que ya es de hecho bimonetario.",True_Tour_6076,merval,4,2023-08-29 18:19:53,t1_jy9hv3b,t3_164m7c0,comment
jy9ik8e,jajaj es lo que tenemos en nuestro ispa desde siempre. lograron un sistema financiero unico en el mundo donde todo el mundo tiene encanutado sus dolares porque ni en pedo los usa para transacciones diarias.,hjf2014,merval,2,2023-08-29 15:20:33,t1_jy9hv3b,t3_164m7c0,comment
jye6eo3,This.,Bernardo-Gui,merval,1,2023-08-30 13:23:27,t1_jy9hv3b,t3_164m7c0,comment
jy9geof,"Pero también pones en segunda clase a los médicos, educadores y personal de seguridad, la gente más importante para mantener una sociedad, no es solo la ""gente improductiva""",throwaway275275275,merval,6,2023-08-29 15:07:35,t1_jy972rd,t3_164m7c0,comment
jy9i6as,"bueno, si. pero ponele que por ahora todos cobramos en peso. imaginate si aplican esta locura y tenes unos pocos ciudadanos de primera cobrando dolares, y todo el resto cobrando en pesos.",hjf2014,merval,4,2023-08-29 15:18:14,t1_jy9fyhd,t3_164m7c0,comment
jy9amli,"no, porque aca si podemos hablar de temas de MULC y de como recibir dinero del exterior. en r/argentina 99% jamas recibio o mando dolares afuera y sacan toda la guita del banco cuando cobran porque ""tienen miedo a un corralito"".",hjf2014,merval,9,2023-08-29 14:33:00,t1_jy9a8j8,t3_164m7c0,comment
jyat40l,"Milei primereó un plan que al final no va a poder completar en su mandato de gobierno. Según Marra en una de sus últimas entrevistas, la dolarización queda para un segundo mandato.",fmol04,merval,5,2023-08-29 20:05:07,t1_jya9vdy,t3_164m7c0,comment
jyaqb8b,"El bimonetarismo puede llegar a funcionar si es Dolar + otra moneda que no sea emitida por el estado Argie  


Basicamente, es un cazabobo, nadie que pueda elegir cualquiermonedadelmundo vs algo made in argentina va a elegir lo segundo.",v4nguardic,merval,3,2023-08-29 19:46:09,t1_jya9vdy,t3_164m7c0,comment
jy9h4sk,"Médicos y educadores pueden laburar en el sector privado (ahora ya existe esa dinámica, donde maestros y médicos públicos cobran una miseria). La policía puede ser un problema. Igual en un esquema bimonetario vos deberías poder elegir a quien le pagas con cual moneda según tus intenciones de gobierno, no es que es obligatorio solo una cosa. El 50% del presupuesto va a asistencia social, asi que asumo eso sería lo que más se quiere licuar.  


Igual, hablalo con los votantes de Patricia.",BNeutral,merval,5,2023-08-29 15:12:01,t1_jy9geof,t3_164m7c0,comment
jy9h6il,ademas que las empresas (supermercados ponele) estan obligadas a recibir pesos. sino a quien le van a vender? a los programadores que laburan para el exterior y cobran en dolares?,hjf2014,merval,1,2023-08-29 15:12:18,t1_jy9geof,t3_164m7c0,comment
jy9wp2p,"Los médicos y educadores laburan por el amor al arte, es la triste realidad y el estado se aprovecha de este hecho. El personal de seguridad se financia solito con sus cajas, no pierdo el sueño por ellos.",[deleted],merval,0,2023-08-29 16:44:44,t1_jy9geof,t3_164m7c0,comment
jy9icma,"pfff policia ahora??son seguridad de los chorros y narcos.Educadores que viven de paro?

Medicina estatal???es joda???",Rusoloco73,merval,-9,2023-08-29 15:19:17,t1_jy9geof,t3_164m7c0,comment
jy9b1ug,"me refiero que este post esta al mismo nivel que el de r/argentina que dice ""Futurología después del 10 de diciembre""",ZurditoBagley,merval,6,2023-08-29 14:35:32,t1_jy9amli,t3_164m7c0,comment
jyb5qkb,"Es imposible, ya lo analizamos acá 200 veces, no hay dólares",OkicardeT,merval,4,2023-08-29 21:31:46,t1_jyat40l,t3_164m7c0,comment
jy9udwr,"El privado en general paga aún peor que el publico y con menos garantías. Lo que si rinde es cobrar todo en negro y en efectivo, como hacen muchos colegas. Esto último obviamente solo lo puede pagar el decil mas rico.

Source: soy medico",lonchonazo,merval,5,2023-08-29 16:31:09,t1_jy9h4sk,t3_164m7c0,comment
jya830e,"Tan destruido esta todo? Pensé que al menos los privados seguían safando. F

Aunque ahora que me acuerdo el gobierno le viene poniendo topes a cuanto puede aumentar la prepaga y demás, asi que tiene sentido.  


Igual la respuesta apuntaba a que pasaría en un esquema bimonetario.",BNeutral,merval,4,2023-08-29 17:51:24,t1_jy9udwr,t3_164m7c0,comment
