id,text,author,subreddit,score,created_utc,parent_id,link_id,type
is32lan,"Imaginate viajar a la otra punta del continente para cazar a un bicho que no está jodiendo a nadie, y te termina matando. Él se lo buscó",[deleted],argentina,914,2022-10-12 20:04:12,t3_y2gytk,t3_y2gytk,comment
is303rw,r/killthecameraman,convertedNormie,argentina,242,2022-10-12 19:45:51,t3_y2gytk,t3_y2gytk,comment
is2uvrz,"Es como una locomotora con patas y enojada, imparable, el gran cazador voló como un papelito, no sé que espero para correr cuando vio que el animal no se murió y se dió vuelta para defenderse.
Bien merecido, por pelotudo.",SmilingTroublemaker7,argentina,315,2022-10-12 19:08:13,t3_y2gytk,t3_y2gytk,comment
is32bep,Hagan un curso para filmar con un pito celular.,ShoeNo6544,argentina,146,2022-10-12 20:02:10,t3_y2gytk,t3_y2gytk,comment
is2ymnn,Descanse en paz el búfalo. Héroe.,ShumwayGordon,argentina,140,2022-10-12 19:35:04,t3_y2gytk,t3_y2gytk,comment
is393y2,"Bien muerto está el mexicano, pobres animales, que los tienen que estar matando por deporte!

No sabia que había búfalos acá.",cricketsm,argentina,124,2022-10-12 20:52:52,t3_y2gytk,t3_y2gytk,comment
is36n3l,Ahora es el presidente de los cazados,nosoyargentino,argentina,52,2022-10-12 20:34:36,t3_y2gytk,t3_y2gytk,comment
is310j2,Lamentablemente el búfalo no resistio.,Hellraiser_22,argentina,35,2022-10-12 19:52:30,t3_y2gytk,t3_y2gytk,comment
is3b02i,Soy el único que se pregunta que hace un búfalo salvaje en Entre Ríos?,Nokan96,argentina,63,2022-10-12 21:07:03,t3_y2gytk,t3_y2gytk,comment
is3be8b,Cazadon't,watakushi,argentina,27,2022-10-12 21:09:58,t3_y2gytk,t3_y2gytk,comment
is30x0m,Pobre Bufalo,Specialist_Sir9890,argentina,23,2022-10-12 19:51:48,t3_y2gytk,t3_y2gytk,comment
is46ffi,"Los que siguen diciendo que es deporte la caza, estan equivocados desde el punto 0, no importa lo que diga la asociacion mundial de caza.

Mike Tyson pegandole piñas a un flaco de 150 kilos de musculo en un mano a mano: deporte.

Myke Tyson pegandole piñas a un nene de 6 años: no deporte.

Para que haya deporte tiene que haber igualdad de condiciones, y aca un lado ni siquiera se entero, porque cuando hay igualdad de condiciones pasa esto, el mexicano sale volando y el bufallo hubiera quedado perfecto.

Asi que en la caza por gusto, solo hay cobardia y pitocortos.",[deleted],argentina,64,2022-10-13 01:14:22,t3_y2gytk,t3_y2gytk,comment
is36y6f,"Pobre bufalo , pero bueno , uno por uno.",czar_666,argentina,16,2022-10-12 20:36:52,t3_y2gytk,t3_y2gytk,comment
is39doy,Pobre bufalo. que sad.,Biblos1980,argentina,14,2022-10-12 20:54:54,t3_y2gytk,t3_y2gytk,comment
is2wwrf,Pero el bufalo esta bien?,Bocho_Cachinche,argentina,31,2022-10-12 19:22:38,t3_y2gytk,t3_y2gytk,comment
is3hxzo,"Che, se confirmo que era trucho el vídeo ese, por lo menos que no es el de acá, no estaba con tantas personas y la geografía de la zona no es asi",cnrb98,argentina,12,2022-10-12 21:57:51,t3_y2gytk,t3_y2gytk,comment
is3798q,Al lobby por pt,Breete,argentina,19,2022-10-12 20:39:13,t3_y2gytk,t3_y2gytk,comment
is36m8n,"Triste que muriera el bufalo, pero almenos se llevo a ese asqueroso asesino con el, murio como un heroe. Eso si, ver (masomenos) a ese cobarde morir fue muy satisfactorio.",Fedexhand,argentina,36,2022-10-12 20:34:26,t3_y2gytk,t3_y2gytk,comment
is3g9p0,Esta mejor el video original con sonido ambiente con el tipo gritando cuando el bufalo lo ensarta. Lo vi en pagina 12,Nicolasev79,argentina,8,2022-10-12 21:45:47,t3_y2gytk,t3_y2gytk,comment
is3eda8,pobre tipo /s,[deleted],argentina,6,2022-10-12 21:31:54,t3_y2gytk,t3_y2gytk,comment
is3ig35,Quien mierda trae a un bufalo desde no se que parte del mundo para cazarlo en un campo cercado de 1 hectarea. Son unas bestias.,[deleted],argentina,16,2022-10-12 22:01:27,t3_y2gytk,t3_y2gytk,comment
is3cuf9,*Sonidos de Mario bros muerto*,luchi348,argentina,5,2022-10-12 21:20:40,t3_y2gytk,t3_y2gytk,comment
is472xx,"Alto noob, lo mató su presa jajaj ez ez dogwater L lolololol

Ahora en serio, alto pelotudo. Imaginate ir a cazar y que te mate lo que querías matar... Encima viniendo de otro país, ni siquiera en el tuyo.",MrChaotic322,argentina,5,2022-10-13 01:20:47,t3_y2gytk,t3_y2gytk,comment
is3to1p,El cazador tenía información que podría llevar al arresto de cfk,uxuario85,argentina,7,2022-10-12 23:24:13,t3_y2gytk,t3_y2gytk,comment
is3k6e2,A ksa pete,[deleted],argentina,4,2022-10-12 22:13:50,t3_y2gytk,t3_y2gytk,comment
is3puj1,"que se joda por boludo

Espero que no se haya reproducido a tiempo",[deleted],argentina,5,2022-10-12 22:55:34,t3_y2gytk,t3_y2gytk,comment
is3y9sy,Pobre búfalo 😢,Apprehensive_Stop666,argentina,4,2022-10-13 00:00:54,t3_y2gytk,t3_y2gytk,comment
is46z8f,"Hola? El camarógrafo más inútil q tenga.
No, no tan inutil",ZealousidealBag9196,argentina,4,2022-10-13 01:19:46,t3_y2gytk,t3_y2gytk,comment
is3jkdl,Como vegano apruebo el hecho,[deleted],argentina,7,2022-10-12 22:09:26,t3_y2gytk,t3_y2gytk,comment
is3lc63,"eso pasa cuando te haces el poronga con otro mas grandote que vos, solo  porque tenes un arma....a veces creersela te juega en contra y terminas asi.",corajuda2727,argentina,3,2022-10-12 22:22:17,t3_y2gytk,t3_y2gytk,comment
is3nc28,"Para empezar se puede saber que carajos hacia este tipo cazando en territorio argentino? Igual no me sorprende, Entre Rios como provincia es zona liberada para todo tipo de cosas.

Menos mal que se murio, una lacra menos en el mundo... espero que haya sufrido y mucho.",Nyft1,argentina,5,2022-10-12 22:37:00,t3_y2gytk,t3_y2gytk,comment
is3eq59,si hay algo mas que odio que un progrezurdo es un cazador. bien por el bufalito.,AgfeAu,argentina,10,2022-10-12 21:34:29,t3_y2gytk,t3_y2gytk,comment
is3o4al,"Que lindo, estos videos me alegran el dia.",XpreZZon,argentina,4,2022-10-12 22:42:51,t3_y2gytk,t3_y2gytk,comment
is33da0,Le re cabió,PomberoNecio,argentina,2,2022-10-12 20:10:02,t3_y2gytk,t3_y2gytk,comment
is35733,r/natureismetal,RoCCochello,argentina,2,2022-10-12 20:23:41,t3_y2gytk,t3_y2gytk,comment
is3c471,r/killthecameraman,CheGuevaraProgre,argentina,2,2022-10-12 21:15:13,t3_y2gytk,t3_y2gytk,comment
is3e7xt,no tenia ni idea que hubiera bufalos en entre rios XD,Licanmaster,argentina,2,2022-10-12 21:30:51,t3_y2gytk,t3_y2gytk,comment
is3fpu7,En búfalos hay Entre Ríos? ¿Cómo?,pch919,argentina,2,2022-10-12 21:41:44,t3_y2gytk,t3_y2gytk,comment
is3ggew,se regalo,Empty_Somewhere9437,argentina,2,2022-10-12 21:47:08,t3_y2gytk,t3_y2gytk,comment
is3gjbo,Que tipo forro. Buena kill la del torito,L0rD_V3G3T4,argentina,2,2022-10-12 21:47:43,t3_y2gytk,t3_y2gytk,comment
is3jztl,Murió en su ley.,FedeJota,argentina,2,2022-10-12 22:12:30,t3_y2gytk,t3_y2gytk,comment
is3ke94,[Deleted],ake1092,argentina,2,2022-10-12 22:15:27,t3_y2gytk,t3_y2gytk,comment
is3n8q0,"El famoso...


Que se jodaaaaaaaaaaaa",[deleted],argentina,2,2022-10-12 22:36:18,t3_y2gytk,t3_y2gytk,comment
is3x5nc,Le paso por manco y campero,Anonimeter,argentina,2,2022-10-12 23:51:46,t3_y2gytk,t3_y2gytk,comment
is3y3ji,"Que hace a esa distancia con un fusil de cerrojo? El chiste de usar un rifle es el alcance, y en acerrojar otra bala perdes la mira y unos segundos fácil",sebastianlaguens,argentina,2,2022-10-12 23:59:27,t3_y2gytk,t3_y2gytk,comment
is41pv5,Saludo 1 para el búfalo,Organic-Host9034,argentina,2,2022-10-13 00:30:24,t3_y2gytk,t3_y2gytk,comment
is4c7z2,"Pregunto desde la ignorancia, ¿cómo está regulada la caza en Argentina?

¿Es legal? ¿Solo es legal en x fechas? ¿Solo es legal en x zonas? ¿Solo es legal con x especies?",BlightD,argentina,2,2022-10-13 02:16:06,t3_y2gytk,t3_y2gytk,comment
is4xdcu,"FAKE. Ese video es viejo, además en el audio original hablan en ingles.",Brilliant_Self9606,argentina,2,2022-10-13 07:06:26,t3_y2gytk,t3_y2gytk,comment
is50fp4,"Che, la música esa de qué sueño diarreico la sacaron? Qué poronga quisieron hacer?",Horrorpheliac,argentina,2,2022-10-13 07:46:02,t3_y2gytk,t3_y2gytk,comment
is5keyb,"https://youtu.be/EJ1tf_k2qSI

Mentiras.  Esto ocurrio hace ya 3 años en Africa. Y el tipo sobrevivio. Bueno de acuerdo a los comentarios. No entiendo que se gana la gente con publicar mentiras.",Ganzeeto,argentina,2,2022-10-13 10:46:13,t3_y2gytk,t3_y2gytk,comment
is5n2ra,Al lobby pete,Ok_Idea2710,argentina,2,2022-10-13 11:05:28,t3_y2gytk,t3_y2gytk,comment
is69hhr,"Nunca entendí la gente que festeja la muerte de un ser humano simplemente por ser cazador. Me recuerda a *Er is Wieder Da*, donde la gente se pone de acuerdo con Hitler, hasta que mata un perro. 

El tipo cazaba por deporte, pero a juzgar por algunos comentarios, era peor que Cristina Kirchner.",VRichardsen,argentina,2,2022-10-13 13:36:41,t3_y2gytk,t3_y2gytk,comment
is6abso,Por malo,bigapple4am,argentina,2,2022-10-13 13:42:14,t3_y2gytk,t3_y2gytk,comment
is3sawx,"Hay criatura(o no?)

Hay perro(gigante y con cuernos)

Grabado por un borracho

10/10",esplasmosico51,argentina,3,2022-10-12 23:13:49,t3_y2gytk,t3_y2gytk,comment
is55g2l,"Okay, les parece que cazar es aberrante pero después se clavan un terrible asado ¿Piensan que la carne sale de un árbol? Ojo, soy cero vegano, pero me parece totalmente hipócrita que le deseen la muerte a un tipo que se arriesgó a ponerse en frente de un animal para cazarlo y ustedes que generaron la muerte de decenas de animales están tan campantes.

A mi me parece que está perfecto cazar, hasta más ético que comer de un criadero porque viven libres los animales. Y no es como que no hubiera depredadores en la naturaleza, muchas veces los animales en la naturaleza sufren muchisimo mas en su muerte que con un simple balazo y a dormir.",[deleted],argentina,3,2022-10-13 08:41:29,t3_y2gytk,t3_y2gytk,comment
is3l1mo,jajaja después el virgo soy yo que se queda en casa fumando porro y jugando jueguitos ¿Ven?,Sufficient_Glass,argentina,2,2022-10-12 22:20:11,t3_y2gytk,t3_y2gytk,comment
is3pe12,"No entiendo como tienen semejante rifle le disparan de tan cerca, creo que con ese aumento extendías el brazo para acariciarlo.",ar9ent0,argentina,1,2022-10-12 22:52:13,t3_y2gytk,t3_y2gytk,comment
is3yio1,"Play stupid games, win stupid prizes",MindlessClub6970,argentina,1,2022-10-13 00:02:59,t3_y2gytk,t3_y2gytk,comment
is4icub,"Si vas a cazar,estas cosas pueden pasar,aunque yo por ejemplo odio la caza por deporte(se lo re gano a pulso ese salame)pero la caza por comer no...pero era obvio que a ese idiota no le faltaba comida jajaja

Ahora al lobby por noob y que disfrute el Respawn de nueve meses",Desperate-Hall4206,argentina,1,2022-10-13 03:31:17,t3_y2gytk,t3_y2gytk,comment
is52ec6,La familia de ese búfalo tiene colgado en su living un mariachi,bugibangbang,argentina,1,2022-10-13 08:09:05,t3_y2gytk,t3_y2gytk,comment
is39cw1,"Cuanto porteño femboy en los comments. Cazar animales es lo que hizo la humanidad durante 299.900 años. En los ultimos 100 que globalmente la gente se alimenta de la agricultura se dejo de hacer, sin embargo NO LOS VEO DEJANDO DE COMER CARNE HDPs, acaso los animales en un matadero no merecen la misma """"""lastima"""""" ??? si tanto les preocupa el sufrimiento de los animales sáquense la careta de hipócritas y vuelvanse veganos. Vengan los downvotes, los voy a usar de medidor de hipócritas.",[deleted],argentina,-13,2022-10-12 20:54:44,t3_y2gytk,t3_y2gytk,comment
is3i27e,Todos bardeando al tipo por estar cazando después seguro se bajan una mila con fritas...,dimy3,argentina,-9,2022-10-12 21:58:41,t3_y2gytk,t3_y2gytk,comment
is3rnis,"uno de los que dispara sino le pego al tipo estuvo cerca, jaja",freechorizo,argentina,0,2022-10-12 23:08:48,t3_y2gytk,t3_y2gytk,comment
is3sw9o,"""Jarvis, hace un meme de las torres de Mortal Kombat en el cual Mirtha supere a Menem, la reina de Inglaterra y arriba de todo al presidente de la federación mexicana de caza""",TenientePiadoso,argentina,0,2022-10-12 23:18:21,t3_y2gytk,t3_y2gytk,comment
is568d1,Adoro los finales felices,[deleted],argentina,0,2022-10-13 08:49:20,t3_y2gytk,t3_y2gytk,comment
is57ns7,uno menos :),paoprrrrr,argentina,0,2022-10-13 09:03:08,t3_y2gytk,t3_y2gytk,comment
is73gmg,Ahora le cortan la cabeza al mexicano y donde la cuelgan? se la regalan a la familia del bufalo?,Acrobatic-South-9558,argentina,0,2022-10-13 16:49:53,t3_y2gytk,t3_y2gytk,comment
is4pss1,Entiendo que el NSFW es porque el video es pornográfico no? Que lastima que no el pase a más de estos imbéciles,Maquetito,argentina,-1,2022-10-13 05:14:50,t3_y2gytk,t3_y2gytk,comment
is3a7fr,Por eso hoy en día necesitamos súper armas para esos súper animales,HouShen1,argentina,-5,2022-10-12 21:01:07,t3_y2gytk,t3_y2gytk,comment
is3ax7c,r/AnimalsBeingJerks,Biblos1980,argentina,-6,2022-10-12 21:06:28,t3_y2gytk,t3_y2gytk,comment
is3dclz,Jajaja,ayrtonx,argentina,1,2022-10-12 21:24:21,t3_y2gytk,t3_y2gytk,comment
is3kyd6,Que hermosa escena... le cabio,ahriman8711,argentina,1,2022-10-12 22:19:33,t3_y2gytk,t3_y2gytk,comment
is3l9dr,El búfalomarsino,EIpiojo,argentina,1,2022-10-12 22:21:45,t3_y2gytk,t3_y2gytk,comment
is3q50r,Hay Búfalos en Entre Ríos?,[deleted],argentina,1,2022-10-12 22:57:40,t3_y2gytk,t3_y2gytk,comment
is3rimd,"Bueno, mato al alpha. +10",don_maidana,argentina,1,2022-10-12 23:07:47,t3_y2gytk,t3_y2gytk,comment
is3xw7t,Pobre bufalo :(,Upper-Fall6349,argentina,1,2022-10-12 23:57:50,t3_y2gytk,t3_y2gytk,comment
is3zwzi,Ese video no es el del mexicano,wolfereflow1,argentina,1,2022-10-13 00:14:48,t3_y2gytk,t3_y2gytk,comment
is40ijr,/winstupidprizes .. he got the jackpot,laterYall,argentina,1,2022-10-13 00:20:00,t3_y2gytk,t3_y2gytk,comment
is43qp7,Es legal cazar búfalos acá?. Es decir no es una especien autóctona pero está permitido?,srsoluciones,argentina,1,2022-10-13 00:48:43,t3_y2gytk,t3_y2gytk,comment
is44c8e,tkbxmejinegro,Secret_Crew9075,argentina,1,2022-10-13 00:54:16,t3_y2gytk,t3_y2gytk,comment
is4549i,Pero el búfalo está bien ??? (los búfalos no se habían extinguido porque los cazaron los indios ?),throwaway275275275,argentina,1,2022-10-13 01:01:37,t3_y2gytk,t3_y2gytk,comment
is46g39,Alguien me puede decir cómo llego el búfalo a entre ríos,FirmLab5517,argentina,1,2022-10-13 01:14:32,t3_y2gytk,t3_y2gytk,comment
is4ckj8,un heroe el bufalo,[deleted],argentina,1,2022-10-13 02:20:05,t3_y2gytk,t3_y2gytk,comment
is4cvvo,Hermoso,TheLordOfZero,argentina,1,2022-10-13 02:23:43,t3_y2gytk,t3_y2gytk,comment
is4gb6m,Graba para el ojete el camarógrafo,Low_Independence_837,argentina,1,2022-10-13 03:05:13,t3_y2gytk,t3_y2gytk,comment
is4mlaf,Play stupid games...,ger1787,argentina,1,2022-10-13 04:28:40,t3_y2gytk,t3_y2gytk,comment
is4vkoj,👏🏼👏🏼👏🏼🦬 bien hecho!,-Malkav,argentina,1,2022-10-13 06:41:27,t3_y2gytk,t3_y2gytk,comment
is4z56w,Uno menos,cdl1287,argentina,1,2022-10-13 07:29:51,t3_y2gytk,t3_y2gytk,comment
is50b6h,No es,[deleted],argentina,1,2022-10-13 07:44:30,t3_y2gytk,t3_y2gytk,comment
is51bkx,Que felicidad me dan estas noticias,unclebiz02,argentina,1,2022-10-13 07:56:34,t3_y2gytk,t3_y2gytk,comment
is51uya,Y si era tan Buen cazador porque se murio?,chefanubis,argentina,1,2022-10-13 08:02:54,t3_y2gytk,t3_y2gytk,comment
is524r9,"hermoso momento, salvo porque el animal no sobrevivió....pero murió peleando no como el inútil con el rifle que corrió como niñita....",No-Individual-8907,argentina,1,2022-10-13 08:06:01,t3_y2gytk,t3_y2gytk,comment
is52fcf,Murio en su ley,Iperky14,argentina,1,2022-10-13 08:09:25,t3_y2gytk,t3_y2gytk,comment
is53diz,"Plot twist: el coto de caza cobra al salir 😆

El forro ese se merece todos los chistes negros que reddit le pueda dar.",fart2939494,argentina,1,2022-10-13 08:19:55,t3_y2gytk,t3_y2gytk,comment
is53k3c,!ES MI VENGANZA SPANKY!,YamImpossible4702,argentina,1,2022-10-13 08:21:51,t3_y2gytk,t3_y2gytk,comment
is54c1a,*El No Renacido.*,mangelvil,argentina,1,2022-10-13 08:30:09,t3_y2gytk,t3_y2gytk,comment
is54lzc,"No se entiende una mierda, la unica esperanza era el audio que taparon con esa musica.",KTVX94,argentina,1,2022-10-13 08:33:03,t3_y2gytk,t3_y2gytk,comment
is56sn2,r/killthecameraman,JohnSundayBigChin,argentina,1,2022-10-13 08:54:46,t3_y2gytk,t3_y2gytk,comment
is58uln," otro capitulo de ""Por que los boludos viven menos""",[deleted],argentina,1,2022-10-13 09:14:18,t3_y2gytk,t3_y2gytk,comment
is5a9pi,Será que funciona el /u/stabbot ?,asero82,argentina,1,2022-10-13 09:26:48,t3_y2gytk,t3_y2gytk,comment
is5bmmg,"Que dios me perdone pero uno menos, este no jode mas.",_ScriptKiddie_,argentina,1,2022-10-13 09:38:26,t3_y2gytk,t3_y2gytk,comment
is5bqax,"Mis respetos, pobre animal, tuvo que soportar varios tiros para poder hacer justicia, un verdadero héroe...",oscarcr,argentina,1,2022-10-13 09:39:18,t3_y2gytk,t3_y2gytk,comment
is5btn9,Speak english bitches 🗿,Prof_Dr_Dr_Lexus,argentina,1,2022-10-13 09:40:05,t3_y2gytk,t3_y2gytk,comment
is5c2ug,Play of the game para el buffalo,ElMarkuz,argentina,1,2022-10-13 09:42:12,t3_y2gytk,t3_y2gytk,comment
is5c4d4,"Que groso el bufalo, le fue full melee al camper. MVP",BarrettAKD,argentina,1,2022-10-13 09:42:33,t3_y2gytk,t3_y2gytk,comment
is5drks,Adoro los finales felices ! Murió como un héroe (el búfalo),realmamba24Bruno,argentina,1,2022-10-13 09:55:50,t3_y2gytk,t3_y2gytk,comment
is5e24x,Good pinche pendejo,pocampo90,argentina,1,2022-10-13 09:58:08,t3_y2gytk,t3_y2gytk,comment
is5egqb,#Skill issue,Dr_weirdoo,argentina,1,2022-10-13 10:01:21,t3_y2gytk,t3_y2gytk,comment
is5ehkl,r/thebullwins,medic7000,argentina,1,2022-10-13 10:01:33,t3_y2gytk,t3_y2gytk,comment
is5fqcd,fair play,Amazing_Play6673,argentina,1,2022-10-13 10:11:14,t3_y2gytk,t3_y2gytk,comment
is5g95e,Did his son also claim the iron throne?,Background-Neat1939,argentina,1,2022-10-13 10:15:14,t3_y2gytk,t3_y2gytk,comment
is5gds2,r/killthecameraman,[deleted],argentina,1,2022-10-13 10:16:14,t3_y2gytk,t3_y2gytk,comment
is5gfi9,El juego de la caza se juega de a 2 😈,Upper_Paramedic_9239,argentina,1,2022-10-13 10:16:36,t3_y2gytk,t3_y2gytk,comment
is5gwl2,"Horray, hooray…. The bullfighter dies",Reasonable_Cry1259,argentina,1,2022-10-13 10:20:14,t3_y2gytk,t3_y2gytk,comment
is5hapw,Entretenimiento,AAVl80,argentina,1,2022-10-13 10:23:12,t3_y2gytk,t3_y2gytk,comment
is5hjz5,ME NO SPEAKA DA ENGLISH,Zealousideal_Let_380,argentina,1,2022-10-13 10:25:08,t3_y2gytk,t3_y2gytk,comment
is5htxl,Hermoso!!! 👏🏻👏🏻,Hombre_al_agua,argentina,1,2022-10-13 10:27:14,t3_y2gytk,t3_y2gytk,comment
is5irpx,"There is a reason they are called: Black Death.   


You don't fuck with African Buffaloes. You either make the shot a one shot... or you run.",zedzol,argentina,1,2022-10-13 10:34:17,t3_y2gytk,t3_y2gytk,comment
is5ivs2,Pobrecito el bufalo :(,Angach,argentina,1,2022-10-13 10:35:07,t3_y2gytk,t3_y2gytk,comment
is5joi0,YES,MrPimetotaco,argentina,1,2022-10-13 10:40:56,t3_y2gytk,t3_y2gytk,comment
is5k32r,Este video me alegro el dia! 😁😀😄😃🌞🐂,Roberto_El_Rabioso,argentina,1,2022-10-13 10:43:51,t3_y2gytk,t3_y2gytk,comment
is5kjqa,Un bufalo man... no podes ser mas pelotudo. Un bicho que si rompe las bolas.,tourettesfaker1985,argentina,1,2022-10-13 10:47:09,t3_y2gytk,t3_y2gytk,comment
is5l2wl,Adoro los finales felices(?),bloomtodos,argentina,1,2022-10-13 10:50:56,t3_y2gytk,t3_y2gytk,comment
is5lbpw,Buffalo vs presidente 1-0.... rip Buffalo...,Saguar-9543,argentina,1,2022-10-13 10:52:42,t3_y2gytk,t3_y2gytk,comment
is5lkv8,Se llevó la adrenalina que vino buscando el pt,Manfreditoluz,argentina,1,2022-10-13 10:54:31,t3_y2gytk,t3_y2gytk,comment
is5n31x,r/justiceserved,jm9160,argentina,1,2022-10-13 11:05:32,t3_y2gytk,t3_y2gytk,comment
is5ntna,No le hubiese pasado cazando tacos ...,morza2022,argentina,1,2022-10-13 11:10:52,t3_y2gytk,t3_y2gytk,comment
is5okig,"Hahaha pobre pendejo, bien merecido se lo tiene. Buffalo tremendo heroe que sos

Saludos desde México.",ZedWithSwag,argentina,1,2022-10-13 11:16:20,t3_y2gytk,t3_y2gytk,comment
is5ombk,"Ojo por ojo, esto es poesia",OneNetwork7066,argentina,1,2022-10-13 11:16:42,t3_y2gytk,t3_y2gytk,comment
is5on2a,Guess it wasn’t a head shot,VAgromKid,argentina,1,2022-10-13 11:16:51,t3_y2gytk,t3_y2gytk,comment
is5p5zy,Buffalo kill,Far-Independence6951,argentina,1,2022-10-13 11:20:33,t3_y2gytk,t3_y2gytk,comment
is5pkue,Aint karma a motherfucker hahahahaha,Salty-Effect6344,argentina,1,2022-10-13 11:23:26,t3_y2gytk,t3_y2gytk,comment
is5q26d,Great! next .....,Bag-ins,argentina,1,2022-10-13 11:26:49,t3_y2gytk,t3_y2gytk,comment
is5qefd,Fair game if you ask me.,AshtheSlash,argentina,1,2022-10-13 11:29:11,t3_y2gytk,t3_y2gytk,comment
is5qjfn,Tenemos búfalos?,CabezaDePerno,argentina,1,2022-10-13 11:30:09,t3_y2gytk,t3_y2gytk,comment
is5qxej,Hope he got the hunter good in the middle of no where! 3 hours to the nearest hospital.,GhettoBastian,argentina,1,2022-10-13 11:32:54,t3_y2gytk,t3_y2gytk,comment
is5scmb,"के गर्छस् मंगले,आफ्नै ढंगले।",Aggravated-_-assault,argentina,1,2022-10-13 11:42:44,t3_y2gytk,t3_y2gytk,comment
is5snot,¿Qué onda Télam? ¿Se está transformando en Crónica?,VRichardsen,argentina,1,2022-10-13 11:44:49,t3_y2gytk,t3_y2gytk,comment
is5uwe9,Love that for him!! Amo los finales felices,Leaky_Banana,argentina,1,2022-10-13 11:59:58,t3_y2gytk,t3_y2gytk,comment
is5vc1o,Hooray for the Buffalo!,Lukiitus89,argentina,1,2022-10-13 12:02:55,t3_y2gytk,t3_y2gytk,comment
is5vm9a,hermosooooooooooo,Hot_Voice_5612,argentina,1,2022-10-13 12:04:50,t3_y2gytk,t3_y2gytk,comment
is5wjbm,Deberían prohibir filmar en vertical,SnooDonkeys2000,argentina,1,2022-10-13 12:11:03,t3_y2gytk,t3_y2gytk,comment
is5wok7,How tf you get assassinated by a buffalo,Wrong_Ad326,argentina,1,2022-10-13 12:12:01,t3_y2gytk,t3_y2gytk,comment
is5wuox,Good absolutely deserved,LightningGun85,argentina,1,2022-10-13 12:13:08,t3_y2gytk,t3_y2gytk,comment
is5xfp1,Bueno!,Itsmemanmeee,argentina,1,2022-10-13 12:17:03,t3_y2gytk,t3_y2gytk,comment
is5xk0d,Me da onda de r/thebullwins,the_monkey_knows,argentina,1,2022-10-13 12:17:51,t3_y2gytk,t3_y2gytk,comment
is5xtpn,"If ya gotta go out, that’s about the most macho man-ish way to go.",TheRiceDevice,argentina,1,2022-10-13 12:19:38,t3_y2gytk,t3_y2gytk,comment
is5yt2v,Ya no jode mas,[deleted],argentina,1,2022-10-13 12:26:04,t3_y2gytk,t3_y2gytk,comment
is5yyqi,No pues guau!,rodriguezj625,argentina,1,2022-10-13 12:27:07,t3_y2gytk,t3_y2gytk,comment
is6252f,"😂😂😂 ándale quey, así o más?",TapInfinite1135,argentina,1,2022-10-13 12:48:08,t3_y2gytk,t3_y2gytk,comment
is62kih,hermoso,koke0,argentina,1,2022-10-13 12:50:59,t3_y2gytk,t3_y2gytk,comment
is6327x,"Not at brave now, are ya?",Kladderadingsda,argentina,1,2022-10-13 12:54:13,t3_y2gytk,t3_y2gytk,comment
is643jb,r/TheBullWins,[deleted],argentina,1,2022-10-13 13:01:05,t3_y2gytk,t3_y2gytk,comment
is64shr,Sometime animals hunt back! Gotta be ready.,[deleted],argentina,1,2022-10-13 13:05:42,t3_y2gytk,t3_y2gytk,comment
is64tl3,Good,[deleted],argentina,1,2022-10-13 13:05:54,t3_y2gytk,t3_y2gytk,comment
is651uw,"Se dice ""momento en el que un búfalo se defiende para que no lo maten"" 🤷‍♂️",juanitosay,argentina,1,2022-10-13 13:07:25,t3_y2gytk,t3_y2gytk,comment
is65kj9,Sucks to suck,steevwall,argentina,1,2022-10-13 13:10:53,t3_y2gytk,t3_y2gytk,comment
is65vcu,🤣🤣🤣🤣🤣🤣🤣,dansandwich12,argentina,1,2022-10-13 13:12:52,t3_y2gytk,t3_y2gytk,comment
is66u7w,Merecido por bobo,[deleted],argentina,1,2022-10-13 13:19:21,t3_y2gytk,t3_y2gytk,comment
is67aw1,Best video for the day.,SnooAvocados5076,argentina,1,2022-10-13 13:22:27,t3_y2gytk,t3_y2gytk,comment
is682wo,That was gory.,dacgriff,argentina,1,2022-10-13 13:27:30,t3_y2gytk,t3_y2gytk,comment
is69lmt,![gif](emote|free_emotes_pack|joy),KingNioh,argentina,1,2022-10-13 13:37:25,t3_y2gytk,t3_y2gytk,comment
is6ax8q,no se ve una merga,tankezord,argentina,1,2022-10-13 13:46:06,t3_y2gytk,t3_y2gytk,comment
is6caob,Ese búfalo es un héroe,Zestyclose_Smell_676,argentina,1,2022-10-13 13:54:58,t3_y2gytk,t3_y2gytk,comment
is6chcy,Que se joda por mogolico,MrCaterpie18,argentina,1,2022-10-13 13:56:09,t3_y2gytk,t3_y2gytk,comment
is6f60n,Había un YouTuber de clash of clans hace un millón de años que tenía una música muy parecida xd,tntPOOM,argentina,1,2022-10-13 14:13:35,t3_y2gytk,t3_y2gytk,comment
is6f7ux,The Buffalo should have taken out the cameraman instead,Emergency_Song4818,argentina,1,2022-10-13 14:13:55,t3_y2gytk,t3_y2gytk,comment
is6gmw4,Bien por el búfalo!!! Que se chingue el presidente 😂,[deleted],argentina,1,2022-10-13 14:23:03,t3_y2gytk,t3_y2gytk,comment
is6gon6,"Jajajajjajaaja pinche pendejo, es lo que merece",47ron1n,argentina,1,2022-10-13 14:23:21,t3_y2gytk,t3_y2gytk,comment
is6h55q,u/savevideo,aasuOwO,argentina,1,2022-10-13 14:26:19,t3_y2gytk,t3_y2gytk,comment
is6ik6o,Ajo y agua,Juana_h,argentina,1,2022-10-13 14:35:22,t3_y2gytk,t3_y2gytk,comment
is6jid2,Pobre animal la concha de la lora! Ya tendriamos que dejarnos de joder con estas pelotudeces de la epoca medieval.,[deleted],argentina,1,2022-10-13 14:41:28,t3_y2gytk,t3_y2gytk,comment
is6kghs,"Disculpen mi ignorancia:

Ese no es un bufalo Africano? Los crian en Argentina para caza?",notyouisme999,argentina,1,2022-10-13 14:47:36,t3_y2gytk,t3_y2gytk,comment
is6mjzv,Good. Did they also kill the buffalo? Hope not,DrunkTalkin,argentina,1,2022-10-13 15:01:02,t3_y2gytk,t3_y2gytk,comment
is6mynk,FAFO,JotunblodRy,argentina,1,2022-10-13 15:03:42,t3_y2gytk,t3_y2gytk,comment
is6n5gr,Jajajajajajajaj,Fun-Application1164,argentina,1,2022-10-13 15:04:55,t3_y2gytk,t3_y2gytk,comment
is6nat1,"Whoa that is wtf! So sorry, but killing animals may someday kill you.",IHS1970,argentina,1,2022-10-13 15:05:53,t3_y2gytk,t3_y2gytk,comment
is6nc6x,"Good well done buffalo 
Animals are tired of being killed for sport 
Understandably",fistfulofpain,argentina,1,2022-10-13 15:06:08,t3_y2gytk,t3_y2gytk,comment
is6o0l5,nunca jugo el cotw,ageneric_pybro,argentina,1,2022-10-13 15:10:35,t3_y2gytk,t3_y2gytk,comment
is6omz4,Hell yes! GO buffalo,elaintahra,argentina,1,2022-10-13 15:14:41,t3_y2gytk,t3_y2gytk,comment
is6oou6,Nice,Pale_Yoghurt7028,argentina,1,2022-10-13 15:15:03,t3_y2gytk,t3_y2gytk,comment
is6qplo,Descanse en paz... EL BÚFALO.,123chucho,argentina,1,2022-10-13 15:28:19,t3_y2gytk,t3_y2gytk,comment
is6r12o,Adoro los finales felices,lapetra69,argentina,1,2022-10-13 15:30:24,t3_y2gytk,t3_y2gytk,comment
is6s1oc,karma dam,OCN_Reaper,argentina,1,2022-10-13 15:36:57,t3_y2gytk,t3_y2gytk,comment
is6t1f8,Oh well...,slimjimmy1970,argentina,1,2022-10-13 15:43:18,t3_y2gytk,t3_y2gytk,comment
is6t2bc,"Uno menos.

Crack el el bufalo",[deleted],argentina,1,2022-10-13 15:43:27,t3_y2gytk,t3_y2gytk,comment
is6t3j3,…it’s too-bad those two courageous Trump boys weren’t part of this excursion 😔,MrGallows75,argentina,1,2022-10-13 15:43:40,t3_y2gytk,t3_y2gytk,comment
is6t8tm,"Eel video es trucho.  Es de Africa, 2019",Snoo65393,argentina,1,2022-10-13 15:44:37,t3_y2gytk,t3_y2gytk,comment
is6tw7q,"Tómela, por malparido!",[deleted],argentina,1,2022-10-13 15:48:46,t3_y2gytk,t3_y2gytk,comment
is6u2pq,HOLY CRAP THIS IS AWESOME!!!! LMAO!!!,TraditionalEffect546,argentina,1,2022-10-13 15:49:55,t3_y2gytk,t3_y2gytk,comment
is6u64g,Esa es una manera que te pongan los cuernos,FavcolorisREDdit,argentina,1,2022-10-13 15:50:31,t3_y2gytk,t3_y2gytk,comment
is6ugd6,"Qué bueno.

Por pendejo.",Ju4nM3n4,argentina,1,2022-10-13 15:52:20,t3_y2gytk,t3_y2gytk,comment
is6uw08,Justice has been served by the victim,Wheredamoneyy,argentina,1,2022-10-13 15:55:07,t3_y2gytk,t3_y2gytk,comment
is6uywg,Justice has been served by the victim,Wheredamoneyy,argentina,1,2022-10-13 15:55:39,t3_y2gytk,t3_y2gytk,comment
is6wd2f,"Maybe it's me, but I don't ever have much empathy to hunters becoming the hunted...",[deleted],argentina,1,2022-10-13 16:04:47,t3_y2gytk,t3_y2gytk,comment
is6zpg9,"Búfalo wins, Animality!",DiegoFoxBauru,argentina,1,2022-10-13 16:26:17,t3_y2gytk,t3_y2gytk,comment
is7636i,r/killthecameraman,mattyh2433,argentina,1,2022-10-13 17:06:28,t3_y2gytk,t3_y2gytk,comment
is76lzb,Does anyone here speak english lmao,[deleted],argentina,1,2022-10-13 17:09:53,t3_y2gytk,t3_y2gytk,comment
is77pab,r/TheBullWins,acquanero,argentina,1,2022-10-13 17:16:58,t3_y2gytk,t3_y2gytk,comment
is77rws,justicia poetica,Specialist_Ocelot_68,argentina,1,2022-10-13 17:17:25,t3_y2gytk,t3_y2gytk,comment
is78znr,Karma hermoso karma,edubsas,argentina,1,2022-10-13 17:25:16,t3_y2gytk,t3_y2gytk,comment
is790xc,This is how you find out why they’re called Black Death.,Ambrose_Bierce1,argentina,1,2022-10-13 17:25:29,t3_y2gytk,t3_y2gytk,comment
is79766,where was his secondary pistola.,Bamali,argentina,1,2022-10-13 17:26:36,t3_y2gytk,t3_y2gytk,comment
is7bbmv,I am the gringo of this sub,[deleted],argentina,1,2022-10-13 17:40:05,t3_y2gytk,t3_y2gytk,comment
is7cn21,hopefully the bull is ok :),[deleted],argentina,1,2022-10-13 17:48:29,t3_y2gytk,t3_y2gytk,comment
is7dvk3,GOOD,gothbong,argentina,1,2022-10-13 17:56:18,t3_y2gytk,t3_y2gytk,comment
is7ej2u,Otro mono menos,Wency1511,argentina,1,2022-10-13 18:00:33,t3_y2gytk,t3_y2gytk,comment
is7eziw,Cazador cazado...bien por el bicho.,Laucha5778,argentina,1,2022-10-13 18:03:36,t3_y2gytk,t3_y2gytk,comment
is7hcq1,le hizo la animality,RazorsEdges,argentina,1,2022-10-13 18:19:21,t3_y2gytk,t3_y2gytk,comment
is7hu60,Aaaaaanywayyyy,rRoeJogan,argentina,1,2022-10-13 18:22:34,t3_y2gytk,t3_y2gytk,comment
is7i0vq,This is wonderful!,alphaape19067,argentina,1,2022-10-13 18:23:49,t3_y2gytk,t3_y2gytk,comment
is7j97i,Justice.,aleksaalke,argentina,1,2022-10-13 18:32:01,t3_y2gytk,t3_y2gytk,comment
is7jjb6,Satisfying af,[deleted],argentina,1,2022-10-13 18:33:52,t3_y2gytk,t3_y2gytk,comment
is7l2o1,Fuck around and find out,btw23,argentina,1,2022-10-13 18:43:37,t3_y2gytk,t3_y2gytk,comment
is7lb1h,Awesome... I was rooting for the 🦬,FahQPutin,argentina,1,2022-10-13 18:45:10,t3_y2gytk,t3_y2gytk,comment
is7lnj7,Where is the heavy duty side pieces for literally this occasion,TheWampasCave,argentina,1,2022-10-13 18:47:31,t3_y2gytk,t3_y2gytk,comment
is7lsl9,"What's Mexican for, ""LANDSCAPE, MOTHER_EFFER!!""?",Major_Magazine8597,argentina,1,2022-10-13 18:48:31,t3_y2gytk,t3_y2gytk,comment
is7m9qu,Mas puuuuutttooooo.,eeggrroojj,argentina,1,2022-10-13 18:51:45,t3_y2gytk,t3_y2gytk,comment
is7mro6,Strong like bull isn't just a phrase,mjaokalo,argentina,1,2022-10-13 18:55:10,t3_y2gytk,t3_y2gytk,comment
is7rtmp,I hope the buffalo is ok.,TingleyDinglies,argentina,1,2022-10-13 19:30:51,t3_y2gytk,t3_y2gytk,comment
is7rtqf,[ Removed by Reddit ],Elusive-Yoda,argentina,1,2022-10-13 19:30:52,t3_y2gytk,t3_y2gytk,comment
is7rui6,Kill the camera man,UwUHorseCockFutaUwU,argentina,1,2022-10-13 19:31:02,t3_y2gytk,t3_y2gytk,comment
is7s0hh,😂😂😂😭,Proper_Hold_7660,argentina,1,2022-10-13 19:32:12,t3_y2gytk,t3_y2gytk,comment
is7sdrk,homie was like my turn,Sad-Bill-5371,argentina,1,2022-10-13 19:34:48,t3_y2gytk,t3_y2gytk,comment
is7tw4s,Next up in feel good news,Far_Buffalo8510,argentina,1,2022-10-13 19:45:37,t3_y2gytk,t3_y2gytk,comment
is7um1o,Fucked around and found out,jetblacksaint,argentina,1,2022-10-13 19:50:52,t3_y2gytk,t3_y2gytk,comment
is7v9wr,Good riddance! He killed an animal for nothing. He was a rotten pos anyway.,Xerxa2020,argentina,1,2022-10-13 19:55:46,t3_y2gytk,t3_y2gytk,comment
is7va0l,L,CYBLOTHON,argentina,1,2022-10-13 19:55:47,t3_y2gytk,t3_y2gytk,comment
is7w2q4,El búfalo: viste que no te guantabas el mano a mano sin un fierro puto,Neither_Slide5000,argentina,1,2022-10-13 20:01:44,t3_y2gytk,t3_y2gytk,comment
is7w594,El Animal tenia mas experiencia que el Cazador....,Infinite_Ad_1662,argentina,1,2022-10-13 20:02:17,t3_y2gytk,t3_y2gytk,comment
is7y91o,I could record better with a fucking potato .,WookiEEBrood,argentina,1,2022-10-13 20:18:18,t3_y2gytk,t3_y2gytk,comment
is7yj9z,Nice one camera man. Then again it must’ve been pretty traumatic seeing somebody getting gored by a Buffalo…,International-Neck-5,argentina,1,2022-10-13 20:20:24,t3_y2gytk,t3_y2gytk,comment
is80afq,El karma instantáneo,TryGroundbreaking150,argentina,1,2022-10-13 20:33:46,t3_y2gytk,t3_y2gytk,comment
is867ma,"You take a life you lost one, seems fair and balanced.",[deleted],argentina,1,2022-10-13 21:19:55,t3_y2gytk,t3_y2gytk,comment
is8aqx6,r/killthecameraman,SayneIsLAND,argentina,1,2022-10-13 21:53:49,t3_y2gytk,t3_y2gytk,comment
is8ar9k,"Finally, a fair fight!! No sympathy....",TraditionalEffect546,argentina,1,2022-10-13 21:53:53,t3_y2gytk,t3_y2gytk,comment
is8ay2q,"Should have looked the cameraman

r/killthecameraman",TangerineDream82,argentina,1,2022-10-13 21:55:12,t3_y2gytk,t3_y2gytk,comment
is8c93v,El búfalo está bien?,[deleted],argentina,1,2022-10-13 22:05:03,t3_y2gytk,t3_y2gytk,comment
is8d2t2,"""al ser embestido por un búfalo que trataba de cazar"". Dados los hechos yo diría que lo logró.",noidexe,argentina,1,2022-10-13 22:11:15,t3_y2gytk,t3_y2gytk,comment
is8dx2c,Nice camera work there bud,w0wagain,argentina,1,2022-10-13 22:17:33,t3_y2gytk,t3_y2gytk,comment
is8e0g7,Brutal way to die.,[deleted],argentina,1,2022-10-13 22:18:15,t3_y2gytk,t3_y2gytk,comment
is8eubm,Valió quesooooo el presidente,JoeBlowOnTheInternet,argentina,1,2022-10-13 22:24:24,t3_y2gytk,t3_y2gytk,comment
is8fll4,Tremenda kill del búfalo.,SN_FromNowhere,argentina,1,2022-10-13 22:30:00,t3_y2gytk,t3_y2gytk,comment
is8fx2d,El bufalo de la noche wei jajaja,GreenLuv420,argentina,1,2022-10-13 22:32:29,t3_y2gytk,t3_y2gytk,comment
is8gw6v,Met his match,Status_Strength_1442,argentina,1,2022-10-13 22:39:54,t3_y2gytk,t3_y2gytk,comment
is8hj5b,Muy bonito,Putachencko,argentina,1,2022-10-13 22:44:41,t3_y2gytk,t3_y2gytk,comment
is8ih69,I hope he didn’t pay much for the videographer.,No-Butterscotch6197,argentina,1,2022-10-13 22:51:43,t3_y2gytk,t3_y2gytk,comment
is8k1ni,No bull :-p,phoenixbbs,argentina,1,2022-10-13 23:03:45,t3_y2gytk,t3_y2gytk,comment
is8kygl,Una basura menos,Simple-Maintenance-9,argentina,1,2022-10-13 23:10:39,t3_y2gytk,t3_y2gytk,comment
is8l5tu,I think we can all agree :) :) :),PSU09,argentina,1,2022-10-13 23:12:12,t3_y2gytk,t3_y2gytk,comment
is8lg1e,Translate all bot,Naturalopposite88,argentina,1,2022-10-13 23:14:25,t3_y2gytk,t3_y2gytk,comment
is8m6q3,Good,SnarfSnarf0121,argentina,1,2022-10-13 23:20:06,t3_y2gytk,t3_y2gytk,comment
is8msen,"Fucked around and found out. Cape Buffalo are no joke, they can kill lions.",ArtTheClown2022,argentina,1,2022-10-13 23:24:37,t3_y2gytk,t3_y2gytk,comment
is8nqv7,"Ahora disparen al que estaba manejando la camera por fallar tan espectacularmente en SU ÚNICO MALDITO TRABAJO DE GRABARLO! 

In English : NOW SHOOT THE CAMERAMAN!",WrathWise,argentina,1,2022-10-13 23:32:02,t3_y2gytk,t3_y2gytk,comment
is8nt02,Hunting for food is okay but hunting because you like to kill animals... deserve,Maleficent_Bug6439,argentina,1,2022-10-13 23:32:30,t3_y2gytk,t3_y2gytk,comment
is8ntka,We need to buy that buffalo a beer.,dontknowph,argentina,1,2022-10-13 23:32:37,t3_y2gytk,t3_y2gytk,comment
is8p4im,"Bien carajo...por que te respeto si lo matas y lo comes..pero matar por matar..  más que los búfalos que tenemos en nuestra mesopotamia entera son insertados en el medioambiente, son todos comprados por productores lácteos para la fabricación de muzarela",rafathor,argentina,1,2022-10-13 23:42:38,t3_y2gytk,t3_y2gytk,comment
is8q9ym,Muy bien!!!,Inevitable_Side490,argentina,1,2022-10-13 23:51:33,t3_y2gytk,t3_y2gytk,comment
is8qk06,Felicidadez Al buffalo y Al cazado.,workingman31,argentina,1,2022-10-13 23:53:48,t3_y2gytk,t3_y2gytk,comment
is8s3dr,Solamente una tonelada de musculo vs 78 kilos de cebo,Quick-Ad-9567,argentina,1,2022-10-14 00:06:23,t3_y2gytk,t3_y2gytk,comment
is8sk5k,Congratulations you found a comment in English! 🎉,Express-Silver7448,argentina,1,2022-10-14 00:10:06,t3_y2gytk,t3_y2gytk,comment
is8sk8u,kme acabo de enterar que aca tenemos bufalos,Important-Village487,argentina,1,2022-10-14 00:10:07,t3_y2gytk,t3_y2gytk,comment
is8smto,"Good, hunting for fun is one of the lowest form of entertainment you can do. That animal didn’t need to die, it died for someone ego. So he can say he killed one.",[deleted],argentina,1,2022-10-14 00:10:44,t3_y2gytk,t3_y2gytk,comment
is8tali,Love it!,Dropdeadbrandon,argentina,1,2022-10-14 00:16:17,t3_y2gytk,t3_y2gytk,comment
is8tnpf,"para que se le baje al viejo vergas, ni en mexico lo queriamos jaja salu2",boloball9000,argentina,1,2022-10-14 00:19:25,t3_y2gytk,t3_y2gytk,comment
is8tpuz,Why whip out a phone or camera to take a video if you're not gonna point it at the fucking subject? That camera person deserves to get shit on by a pigeon.,ZepTheNooB,argentina,1,2022-10-14 00:19:56,t3_y2gytk,t3_y2gytk,comment
is8u2y8,Mess with the bull you get the horns,dschmitt21,argentina,1,2022-10-14 00:23:05,t3_y2gytk,t3_y2gytk,comment
is8unhm,Very good,AdCultural8433,argentina,1,2022-10-14 00:28:05,t3_y2gytk,t3_y2gytk,comment
is8vvdk,Stop uploading dogshit quality videos to Reddit,Codered9475,argentina,1,2022-10-14 00:38:59,t3_y2gytk,t3_y2gytk,comment
is8wbg1,You love to see it.,Puzzleheaded_Noise44,argentina,1,2022-10-14 00:43:06,t3_y2gytk,t3_y2gytk,comment
is8xccm,Soy mexicano y quiero poner este vídeo de screen saver en mi celular,carlosthom,argentina,1,2022-10-14 00:52:44,t3_y2gytk,t3_y2gytk,comment
is8yt0i,"El búfalo ataca estando herido, mata a su asesino y es probable que no sobreviviera. Si se fijan se queda tirado también. Una mamada del mexicano, mira que valiente!!!... 2 escopetas!!",Zealousideal_Pay_312,argentina,1,2022-10-14 01:06:42,t3_y2gytk,t3_y2gytk,comment
is8yvam,10 puntos pal búfalo 0 pal menso que se murió. Que bueno se lo merecía el fulano,panchodemir1,argentina,1,2022-10-14 01:07:19,t3_y2gytk,t3_y2gytk,comment
is8ywb6,Yo lo llamo Justicia divina,victoria_justice10,argentina,1,2022-10-14 01:07:36,t3_y2gytk,t3_y2gytk,comment
is8zdnj,"Damn nature, you scary.",ROFLINGGG,argentina,1,2022-10-14 01:12:24,t3_y2gytk,t3_y2gytk,comment
is9094t,Some of the best camera work ever!,Will_Yammer,argentina,1,2022-10-14 01:21:11,t3_y2gytk,t3_y2gytk,comment
is90nw2,jajajja poetico,bublesmx,argentina,1,2022-10-14 01:25:24,t3_y2gytk,t3_y2gytk,comment
is924u4,"Bufalo heroe, salvo a otros tantos bichos del imbecil 'cazador' ese.",bzImage,argentina,1,2022-10-14 01:40:47,t3_y2gytk,t3_y2gytk,comment
is3ggqk,El bicho primero le pega al camara...necesitamos el VAR aca,AlibabaANDd40KERNER,argentina,135,2022-10-12 21:47:13,t1_is32lan,t3_y2gytk,comment
is3yh8n,la cantidad de vidas que salvó ese bicho,Haunting_Day5126,argentina,117,2022-10-13 00:02:39,t1_is32lan,t3_y2gytk,comment
is3k0ky,Un bicho traido especialmente para que lo cazen. Pobre bicho,LandArch_0,argentina,108,2022-10-12 22:12:39,t1_is32lan,t3_y2gytk,comment
is7joh9,"Los yanquis tienen una frase que aplica hermosamente ""fuck around, find out"".",EMFCK,argentina,10,2022-10-13 18:34:48,t1_is32lan,t3_y2gytk,comment
is38xmv,"> Él se lo buscó

""Algo habrá hecho""",[deleted],argentina,-67,2022-10-12 20:51:34,t1_is32lan,t3_y2gytk,comment
is3ekd2,"\> para cazar a un bicho que no está jodiendo a nadie

 Alguien lo tiene que hacer, los animales destruyen ecosistemas al reproducirse de manera masiva, en especial si no son autóctonos. Ademas al pagar por cazar la plata se utiliza para mantener nuestras reservas naturales.

\>Él se lo buscó

 Si, para ser un cazador comete muchos errores.",Eterguy,argentina,-63,2022-10-12 21:33:21,t1_is32lan,t3_y2gytk,comment
is3wb58,"Pensé lo mismo, pero mira si vas a quedarte quieto cuando una bestia de tonelada corre en tu dirección (pese q el cámara ta un toque mas al costado)",Phonaxs,argentina,61,2022-10-12 23:44:59,t1_is303rw,t3_y2gytk,comment
is38snl,"Y la gente sigue filmando vertical, además...",ALobpreis,argentina,41,2022-10-12 20:50:33,t1_is303rw,t3_y2gytk,comment
is39qx7,"Quizas en la cabeza de ese cazador el bufalo no era tan fuerte como su escopeta, y al parecer no hay respawn.",Biblos1980,argentina,71,2022-10-12 20:57:40,t1_is2uvrz,t3_y2gytk,comment
is36s3j,"No tan machito cuando lo tiene de frente je, que sorpresa....",Fedexhand,argentina,42,2022-10-12 20:35:38,t1_is2uvrz,t3_y2gytk,comment
is4xnh8,Fue de caza y terminó cazado....,pukanocs,argentina,8,2022-10-13 07:10:18,t1_is2uvrz,t3_y2gytk,comment
is3925u,">pito celular.

Desde cuando los pitos vienen con camara incluida? 

el mio de casualidad  vino con capuchon...

lpm sabía que tenia que comprar el paquete gold antes de nacer",[deleted],argentina,39,2022-10-12 20:52:30,t1_is32bep,t3_y2gytk,comment
is3foju,El que hambre tiene...,Brno_Mrmi,argentina,13,2022-10-12 21:41:29,t1_is32bep,t3_y2gytk,comment
is35v9p,Pasa que la gente no quiere andar con un pito en la mano todo el tiempo. Queda mal.,elsultan,argentina,13,2022-10-12 20:28:43,t1_is32bep,t3_y2gytk,comment
isbrxov,Me hiciste reír como una estúpida en el trabajo.,Astheryon,argentina,2,2022-10-14 16:23:45,t1_is32bep,t3_y2gytk,comment
is38s41,La próxima graba vos como se muere alguien mientras estás perfectamente quieto manteniendo el  enfoque,[deleted],argentina,-7,2022-10-12 20:50:27,t1_is32bep,t3_y2gytk,comment
isahdxf,psicopata.,hhunterhh,argentina,-1,2022-10-14 11:11:49,t1_is2ymnn,t3_y2gytk,comment
is3t44t,Otro deporte en el que los mexicanos no destacan,TenientePiadoso,argentina,82,2022-10-12 23:20:02,t1_is393y2,t3_y2gytk,comment
is3mt0q,Los traen para armar cotos de caza,Chichipio,argentina,12,2022-10-12 22:33:03,t1_is393y2,t3_y2gytk,comment
is3akw4,Se que en Santiago del Estero hay muchos de caza tambien.,Biblos1980,argentina,7,2022-10-12 21:03:58,t1_is393y2,t3_y2gytk,comment
is544en,"Por deporte esta mal.

Pero por un sánguche esta bien...",DevelopmentRadiant96,argentina,-1,2022-10-13 08:27:52,t1_is393y2,t3_y2gytk,comment
is3tlot,"Cazados con Z, no casados, porque parece que le metieron los cuernos",[deleted],argentina,17,2022-10-12 23:23:43,t1_is36n3l,t3_y2gytk,comment
is4stpo,"Pero murió peleando, con honor y dignidad.",espermatoforo,argentina,17,2022-10-13 06:00:58,t1_is310j2,t3_y2gytk,comment
is3fvhb,Vino de visita y quedó entre 2 rios.,psicodelico6,argentina,46,2022-10-12 21:42:54,t1_is3b02i,t3_y2gytk,comment
is3n3w7,Lo mismo que los jabalíes y los ciervos. Son traídos para armar diversión para ricos mientras desplazan a población nativa,Chichipio,argentina,46,2022-10-12 22:35:18,t1_is3b02i,t3_y2gytk,comment
is4xiv8,"Nada. Porque fue en Africa:   

https://www.losandes.com.ar/sociedad/la-verdad-detras-del-supuesto-video-del-cazador-mexicano-que-murio-embestido-por-un-bufalo-en-entre-rios/",gonzaloetjo,argentina,10,2022-10-13 07:08:32,t1_is3b02i,t3_y2gytk,comment
is3d2qd,Así parece,mauroink,argentina,3,2022-10-12 21:22:21,t1_is3b02i,t3_y2gytk,comment
is4sy1b,[deleted],[deleted],argentina,31,2022-10-13 06:02:48,t1_is46ffi,t3_y2gytk,comment
is5lh7t,"es lo mismo q digo de las corridas de toros, son todos machos con toro agotado y 10 tipos para rescatarte. En 1 v 1 contra el bicho arrugan todos. Encima por deporte, entendería si fuera para comer pero para trofeo me parece peor todavía.",palabrainc,argentina,9,2022-10-13 10:53:48,t1_is46ffi,t3_y2gytk,comment
is5boqj,Pregunta boluda pero la pesca entonces tampoco se podría considerar como deporte no?,QGL02,argentina,4,2022-10-13 09:38:55,t1_is46ffi,t3_y2gytk,comment
is5ymjw,"Exacto, es una pelea en total desigualdad de condiciones. Lo mismo va para la pesca.",pappo4ever,argentina,1,2022-10-13 12:24:53,t1_is46ffi,t3_y2gytk,comment
isclo7r,">Myke Tyson pegandole piñas a un nene de 6 años: no deporte.

Si vas a dispararle con un helicóptero de combate a una cebra, si, es ridículo.

Si le disparás a un jabalí cebado desde un mangruyo a 6m de altura, si, es injusto.

Si desde menos de 100m le disparás una munición de 40 gramos a un animal de media tonelada... Y, ya no me parece tan injusto.

Hay muchas formas de cazar a un animal, algunas son mas parecidas a un duelo y otras a un asesinato.",Messie_Elias,argentina,1,2022-10-14 19:49:40,t1_is46ffi,t3_y2gytk,comment
is2xg1e,"No, lo mató el compañero 😞",Bazz07,argentina,21,2022-10-12 19:26:28,t1_is2wwrf,t3_y2gytk,comment
is30763,Se llevó al cazador antes de morir 🤣,Jorgedslv134,argentina,19,2022-10-12 19:46:34,t1_is2wwrf,t3_y2gytk,comment
is69vtr,The plot thickens,VRichardsen,argentina,2,2022-10-13 13:39:17,t1_is3hxzo,t3_y2gytk,comment
is3a930,[deleted],[deleted],argentina,-27,2022-10-12 21:01:28,t1_is36m8n,t3_y2gytk,comment
is39lt5,"WTF? 

Es un deporte la caza (guste o no es así) y justamente  la caza es eso, ser un depredador y ajusticiar a tu presa, eso no te hace cobarde, te hace un pelotudo que disfruta ajusticiando un animal en la otra punta del mundo queeee dicho mal y pronto tampoco esta tan mal, digo algunos seres de luz son consumidores de la carne de bufalo otros directamente  usan su piel y otros se comen los testiculo ~~^(como tu vieja)~~  Nah pero posta, no es ser abogado del diablo, pero no jodamos, no nos pongamos en sentimentales con los animales que bien despues estamos haciendo fila para probar la nueva turbo triple bacon con mc semen.

Eso es algo que a los come lechugas le doy la razón que somos mediocres en la selectividad de espcies ""domesticas"" o de ""consumo"" . Pero bueno, nada va a impedir que me coma una bondiolita

&#x200B;

besis",[deleted],argentina,-52,2022-10-12 20:56:35,t1_is36m8n,t3_y2gytk,comment
is58lou,El. Bufalo era Maximo,psicodelico6,argentina,4,2022-10-13 09:12:01,t1_is3to1p,t3_y2gytk,comment
is9aatw,"Como vegano en méxico, me dan ganas de ir a ponerle una estatua a este búfalo afuera del funeral de este subnormal.",elposho99,argentina,2,2022-10-14 03:14:34,t1_is3jkdl,t3_y2gytk,comment
is3u95i,Los traen para cazarlos desde la comodidad de Latinoamérica,TenientePiadoso,argentina,5,2022-10-12 23:28:43,t1_is3e7xt,t3_y2gytk,comment
is3l13v,los traen para que ingresen dolares mantener prostitutas y contaminar con plomo,Entropico_ARG,argentina,3,2022-10-12 22:20:05,t1_is3fpu7,t3_y2gytk,comment
is3ucgy,"Es el riesgo que tiene cazar, Morir",TenientePiadoso,argentina,3,2022-10-12 23:29:27,t1_is3jztl,t3_y2gytk,comment
is6m2ys,"Una cosa es matar para comer, otra es hacerlo por ""deporte"".  
O me vas a decir que el flaco necesitaba 500kg de bufalo que se iba a llevar a mexico, la mayoria de estos les gusta la idea de sacarse la foto al lado del animal muerto es mas un power-trip que para cubrir una necesidad.",ukulele87,argentina,2,2022-10-13 14:57:59,t1_is55g2l,t3_y2gytk,comment
is5cp6a,"Arriesgarse es ir con una pistola a metros de distancia? Es ser cagon mas que otra cosa, algunos estan a mas de 20 o 30 metros, que este haya sido terrible boludo y ahira este bajo tierra no quita que generalmente no corres riesgos

En el criadero el ganado cumple  su funcion para lo que nacio, el cazador hace porque le pinta, que se animen a ir con un cuchillo nomas si son tan valientes",Huehuemonkeymonkey,argentina,-1,2022-10-13 09:47:16,t1_is55g2l,t3_y2gytk,comment
is3equu,">ales es lo que hizo la humanidad durante 299.900 años. En los ultimos 100 que globalmente la gente se alimenta de la agricultura se dejo de hacer, sin embargo NO LOS VEO DEJANDO DE COMER CARNE HDPs, acaso los animales en un matadero no merecen la misma """"""lastima"""""" ??? si tanto les preocupa el sufrimiento de los animales sáquense la careta de hipócritas y vuelvanse veganos. Vengan los downvotes, los voy a usar de medidor de hi

una cosa es matar para comer, o mejor dicho comer lo que otros ya mataron y otra es matar a un bicho para divertirte y  colgar su cabeza en tu pared

&#x200B;

&#x200B;

EDIT: dicho sea de paso con tu pensamiento (total lo iban a matar igual) salgamos a cazar enfermos terminales, total se van a morir",[deleted],argentina,15,2022-10-12 21:34:37,t1_is39cw1,t3_y2gytk,comment
is3k7w9,"Cazar para comer = bien

Cazar por deporte = mal

Entendes entrerriano y la concha de tu madre?",eimattz,argentina,13,2022-10-12 22:14:08,t1_is39cw1,t3_y2gytk,comment
is3l2cc,"Yo disfruto la carne y aun asi no saldria a matar animales por diversion (o como en este caso, para sobrecompensar su falta de hombria) como este mexicano asqueroso, murio como el pelotudo y cobarde que era.",Fedexhand,argentina,3,2022-10-12 22:20:20,t1_is3i27e,t3_y2gytk,comment
is3jm0h,r/JusticeServed,[deleted],argentina,5,2022-10-12 22:09:46,t1_is3ax7c,t3_y2gytk,comment
is3sql6,"""Animals being jerks"" ¿sos o te haces? El animal se defendio, anda a mterte crayones por la nariz, usuario de reddit promedio",[deleted],argentina,4,2022-10-12 23:17:08,t1_is3ax7c,t3_y2gytk,comment
is47sdc,Lo trajeron de India para hacer cotos de caza,[deleted],argentina,3,2022-10-13 01:28:06,t1_is46g39,t3_y2gytk,comment
is5nxbe,Te va a salir penal para River..,morza2022,argentina,33,2022-10-13 11:11:37,t1_is3ggqk,t3_y2gytk,comment
is4ws9q,Un héroe,osunaduro,argentina,29,2022-10-13 06:58:21,t1_is3yh8n,t3_y2gytk,comment
is7c7pm,"Pudiendo el tipo buscarse emociones bastante más intensas, como por ejemplo en algún conflicto armado entre seres de equivalentes capacidades de enfrentamiento, ¡yo qué sé! en Ucrania, por ejemplo, pero no, se fue a atormentar a una criatura guardada en un rincón de Entre Ríos.",[deleted],argentina,13,2022-10-13 17:45:45,t1_is3yh8n,t3_y2gytk,comment
is4k7jp,"Esto iba a decir, yo soy entrerriano y jamás escuché que haya búfalos en Entre Ríos. Quisieron flashear RDR2",Professor_Hobo31,argentina,63,2022-10-13 03:55:40,t1_is3k0ky,t3_y2gytk,comment
is7pdpo,"Me gusta más la frase ""play shitty games, win shitty prizes""",[deleted],argentina,2,2022-10-13 19:13:29,t1_is7joh9,t3_y2gytk,comment
is3a689,"""algo habra hecho"" no, algo hizo, se fue a buscar quien sabe que en una caceria y le toco perder. karma diria alguno",Biblos1980,argentina,95,2022-10-12 21:00:52,t1_is38xmv,t3_y2gytk,comment
is3hzvm,Mirá como andaba vestido,Azhurkral,argentina,16,2022-10-12 21:58:14,t1_is38xmv,t3_y2gytk,comment
is43m43,Dudo que ese señor esté cazando para cuidar el ecosistema.,kj0509,argentina,36,2022-10-13 00:47:34,t1_is3ekd2,t3_y2gytk,comment
is3jmb5,"Mucha gente ignora el daño que hacen algunas especies como el ciervo axis, las ardillas o los castores por nombrar algunos, además de que si se reproducen mucho son más propensos a apestarse y morir de todas formas o hasta exterminar otras especies como pasa con los axis y los ciervos pampeanos.
La caza bien regulada no tiene un impacto negativo en la fauna.",Sunset_Lamb,argentina,25,2022-10-12 22:09:50,t1_is3ekd2,t3_y2gytk,comment
is3jw66,">Alguien lo tiene que hacer, los animales destruyen ecosistemas al reproducirse de manera masiva, en especial si no son autóctonos

Es un mal necesario.

A mí no me gusta que maten animales, a menos que sea por comida. 

Lo que me parece horrendo es que se lo considere un deporte o un pasatiempo quitarle la vida a un animal y después colgar la cabeza como trofeo en una pared",[deleted],argentina,15,2022-10-12 22:11:46,t1_is3ekd2,t3_y2gytk,comment
is3x67v,El humano hace concha el planeta entero y no veo que nadie salga a cazarlos 🤔,LocalZestyclose6751,argentina,15,2022-10-12 23:51:54,t1_is3ekd2,t3_y2gytk,comment
is46kzf,"Esto fue en un coto de caza, no habia ninguna necesidad ambientalista, solo ganas de liberar sadismo asesinando un ser que estaba en la suya.",[deleted],argentina,6,2022-10-13 01:15:52,t1_is3ekd2,t3_y2gytk,comment
is5d84i,"Es verdad lo que decis, pero bufalos en arg?
A ese lo trajeron para matarlo
Si me decis que vino a matar unos ciervos
Castores, hipopotamos en colombia
O a sacar peces leon del caribe
Esta todo bien
Aunque se quejen
Pero este caso no es asi, es un boludo, fin.",SquareAppeal2176,argentina,2,2022-10-13 09:51:28,t1_is3ekd2,t3_y2gytk,comment
is5gokv,"The camera man never dies.

El operador de camara nunca muere.",OtreborN,argentina,14,2022-10-13 10:18:34,t1_is3wb58,t3_y2gytk,comment
is4baoj,Veo mucho cielo y mucho pasto y nada de acción,DasArchitect,argentina,14,2022-10-13 02:05:31,t1_is38snl,t3_y2gytk,comment
is4dq1i,TikTok marcó un antes y después,ElPapanicolaou,argentina,4,2022-10-13 02:33:40,t1_is38snl,t3_y2gytk,comment
is3fs3m,Decia lo mismo hasta que entendi que es mas practico e intuitivo,psicodelico6,argentina,6,2022-10-12 21:42:12,t1_is38snl,t3_y2gytk,comment
is4j6st,"Y si, si ahora la mayoría de las personas ven los videos en los celulares. Aunque se pueda editar después el vídeo horizontal, si lo filmas vertical te ahorras un paso.",sabiondo,argentina,1,2022-10-13 03:42:05,t1_is38snl,t3_y2gytk,comment
is500oe,[deleted],[deleted],argentina,-1,2022-10-13 07:40:52,t1_is38snl,t3_y2gytk,comment
is4havd,[deleted],[deleted],argentina,-5,2022-10-13 03:17:44,t1_is38snl,t3_y2gytk,comment
is3c7hb,"Es un cazador F2P, No quiso pagar munición premium.",SmilingTroublemaker7,argentina,42,2022-10-12 21:15:55,t1_is39qx7,t3_y2gytk,comment
is38u25,">machito 

En realidad  no tiene nada que ver, el tarado tuvo un drenaje neuronal.

Al igual que en los seres humanos en el reino animal existe el efecto superman, que es cuando te estas por morir o acabas de sufrir un gran daño el cuerpo se te transforma en adrenalina y no te das cuenta que estas muerto (literal).

El error acá fue, o no disparar de nuevo pero bien (cosa completamente desaconsejable) o no salir cagando(cosa muy aconsejable)",[deleted],argentina,37,2022-10-12 20:50:50,t1_is36s3j,t3_y2gytk,comment
is56gk2,que nunca viste esos videos donde le hacen una colonoscopia? ahora ya sabes,germanxger,argentina,3,2022-10-13 08:51:31,t1_is3925u,t3_y2gytk,comment
isajhe5,"Quien, el que sale a cazar por placer de matar?  


O yo, que se que no va a poder matar a mas animales por el simple hecho de que puede?",ShumwayGordon,argentina,5,2022-10-14 11:26:06,t1_isahdxf,t3_y2gytk,comment
is4p77n,"Jajaja estos mexicanos, hay algo que hagan bien?",untipoenproblemas,argentina,11,2022-10-13 05:05:55,t1_is3t44t,t3_y2gytk,comment
is5ffu8,"Se quedó en octavos.

&#x200B;

no, pará...",regidud,argentina,3,2022-10-13 10:08:59,t1_is3t44t,t3_y2gytk,comment
is7y8st,Tú destacas demasiado bien trayéndome el menú,flomuu,argentina,4,2022-10-13 20:18:15,t1_is3t44t,t3_y2gytk,comment
is8vax5,10/10,ArgiePig,argentina,0,2022-10-14 00:33:54,t1_is3t44t,t3_y2gytk,comment
is47dhr,"Que grande Coto, supermercadista y cazador!",No-Enthusiasm-,argentina,25,2022-10-13 01:23:48,t1_is3mt0q,t3_y2gytk,comment
is673pw,Sí,[deleted],argentina,0,2022-10-13 13:21:06,t1_is544en,t3_y2gytk,comment
is58o97,"Te parece mal? Si lo matan sin sufrimiento y utilizan todo lo posible del animal, que tiene de malo?",cricketsm,argentina,-4,2022-10-13 09:12:40,t1_is544en,t3_y2gytk,comment
isa5q04,En ese caso ambos son válidos,Condeus,argentina,4,2022-10-14 09:43:50,t1_is3tlot,t3_y2gytk,comment
is47i7k,"si, yo tmb soy de entre rios, al no tener depredadores naturales se llena de ciervos y jabalies",No-Enthusiasm-,argentina,8,2022-10-13 01:25:09,t1_is3n3w7,t3_y2gytk,comment
is4b8cm,"para ricos? Jajaja yo la gente que conozco que sale de caza son altos crotos, van en f100 con 4 o 5 perros desnutridos.",[deleted],argentina,11,2022-10-13 02:04:49,t1_is3n3w7,t3_y2gytk,comment
is3uaqm,fuentes? que interesante,[deleted],argentina,5,2022-10-12 23:29:04,t1_is3n3w7,t3_y2gytk,comment
is5lje7,"Usted habla correctamente el lenguaje basado, señor espermatoforo.",IndigoGynoid,argentina,9,2022-10-13 10:54:14,t1_is4sy1b,t3_y2gytk,comment
is5d3gh,"Es mas un hobby, nunca vi pesca en los JJOO, ni como deporte de muestra",Huehuemonkeymonkey,argentina,11,2022-10-13 09:50:27,t1_is5boqj,t3_y2gytk,comment
is32rwn,1 x 1. Buen trato.,[deleted],argentina,15,2022-10-12 20:05:33,t1_is30763,t3_y2gytk,comment
is3kc9s,"Yo estoy en desacuerdo, es claramente caza deportiva, el tipo debe estar frustrado por lo poco hombre que es y asi es como lo sobrecompensa.",Fedexhand,argentina,18,2022-10-12 22:15:02,t1_is3a930,t3_y2gytk,comment
is3e1ar,"Mucho texto capo, si matas animales porque te pinta y no para morfarlo sos un forro de mierda y punto.",eosDRAGON,argentina,44,2022-10-12 21:29:27,t1_is39lt5,t3_y2gytk,comment
is3hkcy,"Si tanto te gusta cazar andá y cazalo a pelo, sin armas ,como hizo el búfalo: sin rifle ni nada se lo llevó pal otro lado.",Brprx,argentina,17,2022-10-12 21:55:07,t1_is39lt5,t3_y2gytk,comment
is3khzi,"Como ya dijo alguien, mucho texto.

Obviamente el tipo mataba animales para sobrecompensar su falta de hombria, y murio como un estupido y un cobarde, un apropiado final para el.

Todo lo que digas para defenderlo es puro llanto de cobarde.",Fedexhand,argentina,15,2022-10-12 22:16:14,t1_is39lt5,t3_y2gytk,comment
is6ungt,"De hecho, seguramente ese búfalo se aproveche casi en su totalidad. Se lo va a despellejar para quedarse con la piel y la carne se la van a comer directamente en un asado o se puede hacer escabeches u otras conservas como charqui. No tiene mucho sentido desperdiciar un animal.

Segundo, comer carne no es esencial para vivir, es por placer, exactamente lo mismo que cazar. Si justificas comer carne, justificas cazar, no hay de otra. Y yo lo justifico eh, son animales, no tienen derechos.",[deleted],argentina,2,2022-10-13 15:53:36,t1_is6m2ys,t3_y2gytk,comment
is5kqgo,"No tiene sentido lo que decís, primero porque los búfalos no son nativos, literalmente están en un coto de caza donde fue criado para ser cazado. Segundo que se murió el tipo, claro que corría riesgos, también lo puede agarrar otro depredador o tener accidentes en el medio de la nada.

Claro que el cazador hace lo que le pinta, lo mismo que vos comiéndote un cacho de carne, las dos son por placer personal, no por necesidad. Y está bien, porque son animales, no son humanos, no tienen derechos. Cazamos animales desde hace miles de años, es perfectamente natural, igual que un león caza un antilope. Y desde hace miles de años usamos herramientas que nos facilitan el trabajo, un arco y flecha, una lanza o un rifle, no importa. 

Obvio que es por deporte, por que lo es, es difícil de hecho, se requiere encontrar al animal viendo las huellas, ocultarse de él lo más cerca posible y tener buena puntería de paso. Y eso solo para cazarlo, si te querés llevar al animal o la piel hay que saber despellejarlo, trocearlo, etc.",[deleted],argentina,6,2022-10-13 10:48:29,t1_is5cp6a,t3_y2gytk,comment
is60bg3,"Anda a pelear vos con un bicho de 300 kg a cuchillo...
Cagón? El tipo se terminó muriendo, mientra tanto vos seguro recompensas con tu dinero a las empresas que matan  a animales en líneas de producción engordados artificialmente en un 2x2 sin riesgo alguno.
20-30 metros no es nada, muchos flacos se han comido +10 tiros y siguieron peleando, imagínate un bichos de 1/4 de tonelada.
Depaso, no es una pistola...",dimy3,argentina,2,2022-10-13 12:36:08,t1_is5cp6a,t3_y2gytk,comment
is5z8ld,"Y como sabes que no lo iba a comer? Aparte, cuantitativa mente lo que mata este flaco es incomparable a la cantidad de animales asesinados por empresas a nivel mundial, la economía argentina en parte depende de la industria agropecuaria, y la caza fue el sustento de nuestra sociedad por miles de años...( sin contar los animales que usamos para facilitarnos la vida, caballos, burros, perros, aves, etc)
La leche en el café, los huevos a la mañana, el asado de navidad fin de año, las patys en los cumples, ¿Acaso no matamos cucarachas o mosquitos cuando nos joden? 
Todo esto sin tener en cuenta que los animales se matan entre sí, algunos de formas peores que las causada por armas de fuego 

Ofenderse por esto la verdad que es ridículo e hipócrita",dimy3,argentina,2,2022-10-13 12:28:57,t1_is3equu,t3_y2gytk,comment
is3ky3z,tranquilo alverso,Entropico_ARG,argentina,1,2022-10-12 22:19:30,t1_is3equu,t3_y2gytk,comment
is4curh,"El argumento de matar a un animal por deporte o por comer solamente es aceptado por el concepto """"""moral"""""" de las masas. El mismo concepto moral que hace unos siglos las masas determinaban que estaba bien quemar a las brujas, estaba bien tener esclavos y estaba bien considerar la homosexualidad cómo una enfermedad mental.           
Pero bueno, como dice el dicho, que esperar del burro más que una patada, o de gente cómo vos y todos los que apoyan con su voto, serviles obsecuentes a la sociedad, imposibilitados de juicio y razonamiento propio, simplemente adecuandose al pensamiento de la masa.        
 No son diferentes de los fanáticos en la política, perros falderos que mueven la cola esperando al lider que les diga que pensar o sentir.",[deleted],argentina,0,2022-10-13 02:23:21,t1_is3k7w9,t3_y2gytk,comment
is3lzv7,"Bueno, financias la matanza mediante tu bolsillo. ¿Entonces si lo hace un particular está ""mal, es un cobarde, etc, etc, etc"" pero si lo hace la multinacional que mata 1000 veces más y es más, los cría para matar esta ""OK vamos a clavarnos unas paty""? La verdad no entiendo pq tanto hate a la caza",dimy3,argentina,0,2022-10-12 22:27:04,t1_is3l2cc,t3_y2gytk,comment
is5se0u,Se le descuentan 15 puntos a Chacarita,[deleted],argentina,12,2022-10-13 11:42:59,t1_is5nxbe,t3_y2gytk,comment
is5cw5e,Se le olvido activar el dead eye,SquareAppeal2176,argentina,18,2022-10-13 09:48:50,t1_is4k7jp,t3_y2gytk,comment
is3at3n,"Na, no es karma, es ser un pete disparando y cagon por quedarse quieto, onda men vas a luchar por tu vida ¿si o no?, no estas jugando a ""si no me muevo no me ve""",[deleted],argentina,-21,2022-10-12 21:05:37,t1_is3a689,t3_y2gytk,comment
is3ipq7,"De seguro  sale así provocativo a cazar, era claro que le iba a pasar eso, si se quedaba tranquilo  de seguro no le pasaba",[deleted],argentina,11,2022-10-12 22:03:22,t1_is3hzvm,t3_y2gytk,comment
is4wzo2,"Con esta teoria deberian cazar humanos mas que nada. Y no se que tendra que ver este tema con un bufalo que hicieron traer de nose donde.   

Este videop es en Africa en realidad, y dudo que los Bufalos esten daniando el ecosistema ahi. https://www.losandes.com.ar/sociedad/la-verdad-detras-del-supuesto-video-del-cazador-mexicano-que-murio-embestido-por-un-bufalo-en-entre-rios/",gonzaloetjo,argentina,4,2022-10-13 07:01:10,t1_is3jmb5,t3_y2gytk,comment
is4x9se,"Decimos eso y es exactamente lo que hacemos cuando hacemos asado con 500 kilos de carne de sobra, que despues con suerte tiramos a los perros, o comemos de mas alzando esa pansita y haciendo 100 horas de siesta para digerir algo que ni nos hacia falta.",gonzaloetjo,argentina,4,2022-10-13 07:05:06,t1_is3jw66,t3_y2gytk,comment
is43hz5,"  La forma en que hablas de ""El humano"" habla mas de vos que del humano 

 El universo tiende a la entropia, y el único ser capas de ir en contra de eso es el humano, y gracias a eso podemos lograr cosas increíbles, y convirtiéndonos en el único ser capas de comprender el concepto de vida, preservar, crear especies y tal vez en un futuro traerlas a la vida de nuevo.",Eterguy,argentina,-7,2022-10-13 00:46:33,t1_is3x67v,t3_y2gytk,comment
is4bb3p," ya vi y tenes razón, y al parecer el lugar tiene denuncias, gracias por la info.

\>solo ganas de liberar sadismo asesinando un ser que estaba en la suya

 sigue siendo menos cruel que la forma en que se produce la carne de pollo que muchos compran",Eterguy,argentina,-2,2022-10-13 02:05:39,t1_is46kzf,t3_y2gytk,comment
is83nyd,Camarógrafoooooo,CornyFace,argentina,3,2022-10-13 21:00:05,t1_is5gokv,t3_y2gytk,comment
is63105,/r/killedthecameraman,1b3ty0uc4nr34dth1s,argentina,0,2022-10-13 12:53:59,t1_is5gokv,t3_y2gytk,comment
is631vl,"Más cómodo para el que filma, en detrimento de la calidad de la filmación. Mostrás un montón de cielo y tierra que no interesan, y tenés que hacer paneos a izquierda y derecha a lo loco. Horrible.",ALobpreis,argentina,3,2022-10-13 12:54:09,t1_is3fs3m,t3_y2gytk,comment
is5ktgs,Somos bipedos y filmamos gente/animales que se trasladan normalmente por la tierra=movimientos horizontales.El problema es que el 99% de la gente en este planeta presenta algun tipo de retraso,Rusoloco73,argentina,2,2022-10-13 10:49:04,t1_is500oe,t3_y2gytk,comment
is3cd09,"Te imaginas el compañero, filmandolo en una camara oculta, cambiamos las balas por salva, esta es la reaccion...",Biblos1980,argentina,40,2022-10-12 21:17:04,t1_is3c7hb,t3_y2gytk,comment
is5pu49,Las balas verdes del opetation 7,Lukasoc,argentina,2,2022-10-13 11:25:15,t1_is3c7hb,t3_y2gytk,comment
is3zq6a,"Igual tenía más probabilidades de vivir si volvía a disparar que corriendo, con un tiro y mucha mucha suerte capaz lo matas o al menos lo frenas, si salís corriendo es muerte segura, no hay forma que una persona le gané corriendo a un búfalo",Volgk,argentina,18,2022-10-13 00:13:11,t1_is38u25,t3_y2gytk,comment
is5v7f3,En que la moneda no se les devalúe todos los días,ivanvzm,argentina,18,2022-10-13 12:02:03,t1_is4p77n,t3_y2gytk,comment
is8svfm,"Imaginate despertar cada mañana y saber que tu moneda va mantener valor,",No_Boysenberry1054,argentina,8,2022-10-14 00:12:41,t1_is4p77n,t3_y2gytk,comment
is58za7,a los marcos les va bien,roberp81,argentina,5,2022-10-13 09:15:28,t1_is4p77n,t3_y2gytk,comment
is883eq,Una economia a pesar de un narcoestado xd.,NonameGB,argentina,4,2022-10-13 21:34:12,t1_is4p77n,t3_y2gytk,comment
is7u8y8,Por que le echas la culpa a todos los Mexicanos? Pinche racista.,Rocket15120,argentina,0,2022-10-13 19:48:15,t1_is4p77n,t3_y2gytk,comment
is959qr,Pagarle propina a los meseros argentinos en la Ciudad de México,Metamario,argentina,1,2022-10-14 02:15:06,t1_is4p77n,t3_y2gytk,comment
is8tebi,Comer tres veces al día. Es un deporte en el que arjentina no destaca mucho en los últimos 30 años,Outtathaway_00,argentina,0,2022-10-14 00:17:11,t1_is4p77n,t3_y2gytk,comment
is7y342,"Jajaja estos argentinos, creen que el futbol es el único deporte",flomuu,argentina,-1,2022-10-13 20:17:02,t1_is4p77n,t3_y2gytk,comment
is8s80z,![gif](giphy|l1J9xXYs1KmqXma2s),Axios2552,argentina,-1,2022-10-14 00:07:22,t1_is4p77n,t3_y2gytk,comment
is8v9i7,Anda sacando el pasaje de vuelta muerto,ArgiePig,argentina,3,2022-10-14 00:33:33,t1_is7y8st,t3_y2gytk,comment
is979er,¡Te mamaste! 😂,user1304392,argentina,0,2022-10-14 02:37:55,t1_is7y8st,t3_y2gytk,comment
is5a0cf,"Cual es la diferencia cuando no hay necesidad. Matar sin causa esta mal. No necesitamos comer animales, por lo tanto matar por el sabor es exactamente lo mismo que matar por deporte. No hay diferencia etica, porque ambos actos son igual de innecesarios.",DevelopmentRadiant96,argentina,9,2022-10-13 09:24:31,t1_is58o97,t3_y2gytk,comment
is5pz5z,"JAJAJAJAJ que carajos te pensas que pasa en los mataderos? Por dios, te recomiendo ver un documental que se llama ""mataderos de cristal"" y abris un poquitos los ojos",Old-Leopard9780,argentina,2,2022-10-13 11:26:14,t1_is58o97,t3_y2gytk,comment
is5vmph,"Si te matan sin sufrimiento y utilizan todo lo posible, qué tiene de malo?",soymiyart,argentina,0,2022-10-13 12:04:55,t1_is58o97,t3_y2gytk,comment
is4dspr,Esos mismos supongo que son los trajeron al búfalo desde África en el f100 no?,FARXNONE,argentina,11,2022-10-13 02:34:32,t1_is4b8cm,t3_y2gytk,comment
is52gch,"Estos son cotos de caza privados, a esos que van a meterse a campos así nomás los sacan a cuetazos, https://www.argentinabighunting.com/lodging-entre-rios.html",mauricioezequiel,argentina,3,2022-10-13 08:09:45,t1_is4b8cm,t3_y2gytk,comment
is39o19,![gif](giphy|Ry1MOAeAYXvRVQLPw3),Bazz07,argentina,13,2022-10-12 20:57:04,t1_is32rwn,t3_y2gytk,comment
is3en22,">Mucho texto capo, si matas animales porque te pinta y no para morfarlo sos un forro de mierda y punto.

this",[deleted],argentina,18,2022-10-12 21:33:52,t1_is3e1ar,t3_y2gytk,comment
is3es7o,"La verdad que no pedí tu opinión y tampoco me importa, si no te tomás el tiempo de leer yo no me voy a tomar el tiempo (o mejor dicho molestia) de explicar algo que no vas a poder comprender si no tenés siquiera capacidad de leer un par de lineas y no, no es ataque personal es una realidad

&#x200B;

Beso y abrazo!",[deleted],argentina,-28,2022-10-12 21:34:53,t1_is3e1ar,t3_y2gytk,comment
is4xnc8,"Solo apuntar la desintonia de cuando decimos eso, y despues comemos animales que manejamos desde ninios para morir en una maquina, ser empaquetados, y puestos en una gondola que ponemos en la bolsa junto a 10kg de papel para lavarte el culo despues. Nadie, o casi nadie,  aca mata con sus manos el animal que come, animal que ademas vive en desgracia.   

Este animal al menos murio dando batalla, y de la manera que la mayoria de animales salvajes mueren.",gonzaloetjo,argentina,1,2022-10-13 07:10:14,t1_is3hkcy,t3_y2gytk,comment
is3kpoy,"Falta de hombria cazar XD 

""llanto e cobarde"" XDDDDDDD

No voy a gastar mi tiempo en esto jajajaj

&#x200B;

saludos!",[deleted],argentina,-3,2022-10-12 22:17:47,t1_is3khzi,t3_y2gytk,comment
is7hpjk,"1 que se muere, tenes a miles de giles que siguen vivos, si quieren tanta caceria que lo hagan como en la epoca de las cavernas, pero no les dan los huevos, yo no lo haria porque que carajos tengo que andar jodiendole la vida a un animal salvaje?

El objetivo del cazador no es pegarle un tiro y huir cual cagones que son, sino matar al animal porque les pinta, otra vez, el ganado cumple una funcion para la que fue creado",Huehuemonkeymonkey,argentina,0,2022-10-13 18:21:42,t1_is60bg3,t3_y2gytk,comment
is5e0on,"En un lado el animal fue criado para ser utilizado con comida, adiestrado desde hace milenios y en masa

Del otro tenes a un cagon a mas de 20 metros con un arma de fuego disparandole a un animal salvaje para sacarse una fotito para justificar su micropene y a lo sumo se lleva la cabeza como trofeo, encima le chupa un huevo si el animal esta en situación  vulnerable, casi extinto o no

La superioridad moral que tenes da risa cuando estas actuando mas fanaticamente que los que criticas, pasate por r/iamverysmart por ahi te encontras amigos",Huehuemonkeymonkey,argentina,0,2022-10-13 09:57:49,t1_is4curh,t3_y2gytk,comment
is3myzi,"Lo que dices suena la tipica excusa de *""esta bien que yo lo haga porque otros tambien lo hacen!*"", el que caza por diversion no tiene excusa, es un asesino, asi de facil.

Mucha gimnasia mental para intentar defender a esta gente que claramente trata de sobrecompensar algo, si quieres jugar al abogado del diablo ok, pero tampoco te sorprendas si otros no estan de acuerdo.",Fedexhand,argentina,3,2022-10-12 22:34:17,t1_is3lzv7,t3_y2gytk,comment
is6iqpr,Eso le pasa por no tener un plan.,Professor_Hobo31,argentina,7,2022-10-13 14:36:31,t1_is5cw5e,t3_y2gytk,comment
is3bu5t,"Lo loco es que era el presidente de la federacion mexicana de caza, uno esperaria que fuera el ""preparado"" en fin...",Biblos1980,argentina,50,2022-10-12 21:13:12,t1_is3at3n,t3_y2gytk,comment
is4wujp,"Me voy a preparar para el downvote train, pero aqui vamos:

1. reditturos explicando como habrian hecho ellos desde su sillon
2. cual karma? comemos carne todos los dias que buscamos tranqui de un supermercado, que lo compra a unos pibes que tienen miles de animales esperando la muerte. Donde esta nuestro karma? Al menos este pibe los caza. Respeto 100 veces mas a alguien cazando que otro que nosotros que compramosu carne en el super y despues bardeamos a cazadores fallando. A menos que seas vegetariano, estos comentarios no tienen mucho sentido. 
3. Si, es una mierda la manera en que lo hace, viajando a un lugar que ni hay bufalos (que yo sepa), y hacer todo este quilombo para un trofeo. Todavia es mejor que los gordos de supermercado.",gonzaloetjo,argentina,2,2022-10-13 06:59:13,t1_is3at3n,t3_y2gytk,comment
is550ko,"Sí tía Carola, los humanos son el peor virus, mandame saludos a la nona.
Tiene que ver porque se está hablando de cacería. Estos animales están destinados al consumo, no los matan, cortan la cabeza y desechan el cuerpo. Si permitieran exterminarlos se les terminaría el negocio tanto acá como en África.

En África te ven cazando animales protegidos y te cagan a tiros ahí nomás, la caza está re controlada.

Veo mucha gente quejarse pero todos se reían cuando se llenó de carpinchos Nordelta y eso fue causado por un desplazamiento del hábitat de los carpinchos y no precisamente por su cacería.
Es mucho más dañino para la flora y fauna los incendios que tenemos todos los años y la contaminación que producimos que un gil cazando búfalos en Entre Ríos.
Tal vez notaste como las luciérnagas y libélulas ya casi no se ven al menos en Buenos Aires, no? Eso es por la contaminación y no veo a nadie protestando a pesar que eso produce cambios en todo el ecosistema aunque parezca una boludez.",Sunset_Lamb,argentina,14,2022-10-13 08:37:09,t1_is4wzo2,t3_y2gytk,comment
is4xdxd,Asi y todo vamos a morir en este planeta todo roto y ser polvo de estrellas. GL soniando escaparte de la entropia.,gonzaloetjo,argentina,4,2022-10-13 07:06:39,t1_is43hz5,t3_y2gytk,comment
is54pe6,Ah pero macri !,julianrod94,argentina,4,2022-10-13 08:34:01,t1_is4bb3p,t3_y2gytk,comment
is78khq,"Me pasó de tener que filmar rápido y lo ""natural"" es filmar vertical",psicodelico6,argentina,0,2022-10-13 17:22:31,t1_is631vl,t3_y2gytk,comment
is3cnzg,"""ahora vamos a ver en vivo que pasa cuando disparas salvas a un búfalo de media tonelada, mi compañero procede a demostrar""",SmilingTroublemaker7,argentina,27,2022-10-12 21:19:22,t1_is3cd09,t3_y2gytk,comment
is5q5me,"Si, Pero los que los manejan les va mejor (y ni los buscan)",ultramenemista,argentina,3,2022-10-13 11:27:30,t1_is58za7,t3_y2gytk,comment
is975ax,"“¡Tu cerveza che!”

Todos los días en La Condesa y en Cancún.",user1304392,argentina,0,2022-10-14 02:36:35,t1_is959qr,t3_y2gytk,comment
is9730z,¡Te mamaste!,user1304392,argentina,1,2022-10-14 02:35:52,t1_is8tebi,t3_y2gytk,comment
is8tf2m,"Si no fuera por fútbol nadie sabría que Argentina existe, en fin hay que dejarlos ser.",Competitive_Humor242,argentina,-1,2022-10-14 00:17:21,t1_is7y342,t3_y2gytk,comment
is5acl2,"Vos decís que no es necesario comer animales, cuando toda la vida se comió animales, si por tu idiologia no los querés comer, perfecto. Pero no me vengan con que todo lo podemos reemplazar con plantas.",cricketsm,argentina,1,2022-10-13 09:27:29,t1_is5a0cf,t3_y2gytk,comment
is5ybgj,"> No necesitamos comer animales

Press X to doubt.",VRichardsen,argentina,-1,2022-10-13 12:22:50,t1_is5a0cf,t3_y2gytk,comment
is4t4eb,"Recuerdo que en Bariloche un guía nos explico cómo varias.tierras son justamente cercadas y usadas para esto .se cria los animales para darle caza o se los trae de afuera 
Lo que si recuerdo bien es que supuestamente no se puede llevar trofeos de caza por avión como método de parar la caza ,ahora como hicieron para traer el buffalo anda a saber",fingeruptheess,argentina,4,2022-10-13 06:05:30,t1_is4dspr,t3_y2gytk,comment
is4fhi9,"Claro, esos mismos, adapataron la f100 poniendole barriles llenos de aire debajo del chasis",[deleted],argentina,2,2022-10-13 02:54:50,t1_is4dspr,t3_y2gytk,comment
is3hk0m,"Tampoco nadie pidió la gimnasia mental que escribiste, pero así está la cosa.",eosDRAGON,argentina,24,2022-10-12 21:55:03,t1_is3es7o,t3_y2gytk,comment
is4b5fa,Cerra el 0rto,Rotelanico,argentina,5,2022-10-13 02:03:55,t1_is3es7o,t3_y2gytk,comment
is3lgfx,"Que vaya a cazar a mano limpia o con un cuchillo si es tan macho, claramente el arma es para sobrecompensar otra cosa.....

Y claramente estas llorando por que se te murio el novio lol.",Fedexhand,argentina,8,2022-10-12 22:23:09,t1_is3kpoy,t3_y2gytk,comment
is5f5ds,">En un lado el ~~animal~~ humano fue criado para ser utilizado ~~con comida~~ como esclavo, adiestrado desde hace milenios y en masa.             

    
Fixed for you.",[deleted],argentina,2,2022-10-13 10:06:43,t1_is5e0on,t3_y2gytk,comment
is3olmd," No, uno no es un asesino, por eso es una actividad que ,bajo ciertas regulaciones, es legal en la mayoría de países del mundo. 
 Hacer una actividad es sobrecomprrnsar algo? Los tenistas sobrecompensan ""su falta de hombría""? No lo entiendo.
Nunca dije que este bien porque todos lo hacen, dije que se la agarran con este pobre flaco, que se murió, y lo tildan de cobarde, y después seguro ni se cuestionan el consumo de carne u otros productos que ellos hacen.",dimy3,argentina,-1,2022-10-12 22:46:27,t1_is3myzi,t3_y2gytk,comment
is4sd3t,"Desde cuando un presidente es la persona más capacitada en cualquier ámbito?
/s",Ferchuux23,argentina,10,2022-10-13 05:53:56,t1_is3bu5t,t3_y2gytk,comment
is3e4u5,"Maaaaaaal eso es cierto.

&#x200B;

Plot Twist: Era un titulo ad honorem 

&#x200B;

(?",[deleted],argentina,10,2022-10-12 21:30:12,t1_is3bu5t,t3_y2gytk,comment
is6ec4b,"Bienvenido al downvote, pasa que animales, conciencia y coso ...
Así se la dan de líderes de la moral y piensan que un chabon que fue a cazar merece morir por eso y coso",[deleted],argentina,3,2022-10-13 14:08:10,t1_is4wujp,t3_y2gytk,comment
is5j40l,mucho texto,Naxeron,argentina,4,2022-10-13 10:36:46,t1_is4wujp,t3_y2gytk,comment
is5bgsn,">Sí tía Carola, los humanos son el peor virus, mandame saludos a la nona.     
  
No se si hace falta faltar el respeto innecesariamente para la discusion. Pero cada uno con sus cosas.   



> Tal vez notaste como las luciérnagas y libélulas ya casi no se ven al menos en Buenos Aires, no? Eso es por la contaminación y no veo a nadie protestando a pesar que eso produce cambios en todo el ecosistema aunque parezca una boludez.   
   
No se bien donde argumente lo contrario. Una cosa no quita la otra, justamente trabajo en ambientalismo que poco tiene que ver con la caza. Que una cosa sea mala no significa que este mal apuntar otras incoherencias.   
   
Cierta caza regulada esta bien. En este caso es mas por $ que otra cosa.",gonzaloetjo,argentina,2,2022-10-13 09:37:03,t1_is550ko,t3_y2gytk,comment
is7acvd,Depende del dispositivo y las costumbres. Si usás una cámara real filmás naturalmente de forma horizontal. Toda filmación de valor es horizontal.,ALobpreis,argentina,2,2022-10-13 17:34:03,t1_is78khq,t3_y2gytk,comment
is3o82y,"""Broma a compañero sale mal"" buen titulo para un video.",Biblos1980,argentina,19,2022-10-12 22:43:38,t1_is3cnzg,t3_y2gytk,comment
is8v6lk,"Encontramos al mexicano ardido, pal falcon verde",[deleted],argentina,4,2022-10-14 00:32:48,t1_is8tf2m,t3_y2gytk,comment
is5b6m2,"Convengamos que si igual. Yo como carne pero es perfectamente reemplazable por plantas la carne, vas a tener que pensar un poco sobre tu dieta porque obviamente estas cortando una parte grande pero mas alla de eso no hay nada que lo implica salvo para gente  con problemas muy especificos. Si tu razon para que comer animales sea **necesario** es ""se comio animales toda la vida""...",punishedPizza,argentina,8,2022-10-13 09:34:41,t1_is5acl2,t3_y2gytk,comment
is5axjh,"El hecho de que toda la vida los hemos comido no justifica que continuemos haciendolo. Eso se aplica a todo, o acaso te parece bien que hombres sigan violando mujeres porque se hizo siempre? No podemos usar logica selectiva aca.

La carne no es necesaria en la dieta humana, y eso lo dicen los organismos de salud mas grandes e importantes del mundo, si queres te paso los links pero no creo que importe.

La simple verdad es que 3000 animales son asesinados por segundo sin necesidad alguna, porque ya no necesitamos hacerlo, dejemos el pasado atras.",DevelopmentRadiant96,argentina,4,2022-10-13 09:32:31,t1_is5acl2,t3_y2gytk,comment
is3htt4,"La diferencia, ser de luz, es que mientras yo estoy usando argumentos vos solo usas falacias pero así esta la cosa",[deleted],argentina,-20,2022-10-12 21:57:02,t1_is3hk0m,t3_y2gytk,comment
is4b9x1,"Pero me gusta tenerlo bien abierto 

\#miortomidecisión",[deleted],argentina,6,2022-10-13 02:05:17,t1_is4b5fa,t3_y2gytk,comment
is3m0fw,"Evolucion, antes  se cazaba con faca, ahora con armas

Si el arma es para compensar otra cosa entonces tu comentario es para compensar la falta e figura paterna  ¿no?

&#x200B;

>Y claramente estas llorando por que se te murio el novio lol.

Soy hombre de muchos :3  tengo mas suggars que uno mi ciela, de todos pero no tusho :\*",[deleted],argentina,2,2022-10-12 22:27:12,t1_is3lgfx,t3_y2gytk,comment
is3u2di,"Eso es una pelotudez astronómica. Es como decir que practicar artes marciales es de trolos porque no peleas un vale todo a muerte. Si al búfalo lo mata una multinacional para hacerte una hamburguesa está bien pero si lo cazas vos, te llevas el trofeo y vendes/comes la carne está mal? Tu problema es que el animal muerto no está lo suficientemente procesado",TenientePiadoso,argentina,-1,2022-10-12 23:27:16,t1_is3lgfx,t3_y2gytk,comment
is497jo,Les dijiste pitocorto y les tocaste el corazon pobres pitocortos!,[deleted],argentina,0,2022-10-13 01:43:16,t1_is3lgfx,t3_y2gytk,comment
is3ooer,Compro el titulo-,Biblos1980,argentina,8,2022-10-12 22:47:01,t1_is3e4u5,t3_y2gytk,comment
is5ed6h,Desde el punto que un vegano tiene que tomar pastillas como suplemento se vuelve totalmente invalida esa excusa,Huehuemonkeymonkey,argentina,-2,2022-10-13 10:00:35,t1_is5b6m2,t3_y2gytk,comment
is6ynhw,"La razón para comer animales de muchos es porque es lo que más disponible y llenador es. Pollo, pan y fiambre van a llenar más que verduras.",mojitoix,argentina,-1,2022-10-13 16:19:34,t1_is5b6m2,t3_y2gytk,comment
is5b6vc,"Es tu punto de vista y lo respeto. Así como vos tenés tus links, también hay estudios de que si es necesaria la carne, cada uno ve lo que quiere ver, yo te lo respeto y no ando diciendo estás mal por no comer carne",cricketsm,argentina,0,2022-10-13 09:34:45,t1_is5axjh,t3_y2gytk,comment
is808zu,"si me pagas el nutricionista, el costo extra de la comida vegana, las pastillas, y la visita medica mensual para corroborar que estoy remplazando con suplementos lo mismo que obtenia de la carne me hago vegano, mientras tanto es mas barato consumir carne",VividRecognition8,argentina,0,2022-10-13 20:33:28,t1_is5axjh,t3_y2gytk,comment
is3isvw,"Cuales serían los argumentos? ""Cazar es una pasión como el fulbo y boludo el que no comparte""? 

Repito, si no es para morfar, sos un forro de mierda. Salu2.",eosDRAGON,argentina,18,2022-10-12 22:03:59,t1_is3htt4,t3_y2gytk,comment
is48cwn,"En que deporte ""avanzo la tecnologia""? Ahora las luchas cuerpo a cuerpo son en realidad virtual? Nah, decidite por una, si es deporte es de igual a igual como siempre, o avanzo la tecnologia y es sadismo a distancia",[deleted],argentina,2,2022-10-13 01:34:06,t1_is3m0fw,t3_y2gytk,comment
is7ylbd,"Ya quisieras tener mis 3 cm de puro poder, envidioso ![img](emote|t5_2qlht|2151)",[deleted],argentina,2,2022-10-13 20:20:49,t1_is497jo,t3_y2gytk,comment
is5oh4o,"No necesariamente tienen que tomar, tienen que a) comer comidas altas en b12, b)  comer comidas fortificadas en b12 o c) tomar suplementos de b12. Las primeras dos no es nada fuera de lo común, por ejemplo la sal es foriticada en iodo o los arroces son fortificados en varias vitaminas muchas veces",punishedPizza,argentina,5,2022-10-13 11:15:39,t1_is5ed6h,t3_y2gytk,comment
is6bxv7,"No me parece un precio asi de grave. Tomo vitamina D para bancar el invierno de aca tb, y es sugerido por los medicos. Same shit.   

Si el precio de no matar animales en masa es una pastilla por semana, todo bien no?",gonzaloetjo,argentina,4,2022-10-13 13:52:42,t1_is5ed6h,t3_y2gytk,comment
is5bw07,"Mira no estoy diciendo que seas mala persona, pero el acto si esta mal. Apuesto que vos mismo estas en contra de la crueldad animal (acabas de decir que esta mal cazar por deporte, que es crueldad animal). 

El problema es que es muy facil olvidarse que si aplicas el mismo punto de vista a vos mismo, cuando compras carne y por lo tanto perpetuas la muerte innecesaria de un animal, eso tambien es crueldad animal, por las mismas razones. Es innecesario, no es cuestion de debate, no todas las fuentes de informacion son iguales.

La ciencia de verdad (no clickbait propagandista) dice que la carne no es necesaria, y es una busqueda de google para encontrar millones de personas que son prueba viviente de ello...",DevelopmentRadiant96,argentina,2,2022-10-13 09:40:37,t1_is5b6vc,t3_y2gytk,comment
is3kulh,"¿boludo el que no comparte? nah 

Eso no tiene nada que ver, podes o no estar de acuerdo, pero llorar por reddit  no va a hacer que no se sigan matando animalitos

&#x200B;

sal2",[deleted],argentina,-4,2022-10-12 22:18:47,t1_is3isvw,t3_y2gytk,comment
is49qzn,"Y antes tenías que cazar con un arco y flecha  ahora  tenes que cazar con un rifle a una distancia prudente, eso es evolucionar, cruel o no cruel no me importa y mi pensamiento no va a hacer que se deje de realizar y tampoco me importa si se hace o no se hace, primero porque sería mediocre de mi parte decir ""ayyy ayyy matan animalitos"" mientras me clavo terrible cuarto de libra y segundo porque una conducta por muy mal vista que esté va a seguir siendo reproducida hasta el fin de los tiempos, porque a la gente le chupa un huevo otra gente.

Con respecto a la pelea en realidad virtual justo estoy viendo ese episodio de Black Mirror  y la verdad que peleas así  me encantarían (?",[deleted],argentina,2,2022-10-13 01:48:58,t1_is48cwn,t3_y2gytk,comment
is7id5v,Esas comidas no existen naturalmente ya que es una vitamina proviniente de la carne,Huehuemonkeymonkey,argentina,-1,2022-10-13 18:26:07,t1_is5oh4o,t3_y2gytk,comment
is7hhhe,"Pero no es un reemplazo vegano a la carne, si vamos al extremo tambien se puede vivir de suplementos pero termi as reventando tu estomago e higado por consumir quimicos, como puse no hay un reemplazo vegano a todo lo que te da la carne",Huehuemonkeymonkey,argentina,-1,2022-10-13 18:20:14,t1_is6bxv7,t3_y2gytk,comment
is5exsw,"""La ciencia de la verdad"" forma bastante pedante de decir lo que VOS pensas que es correcto, hay estudios que muestran que no es accesible al completo reemplazo de comidas provinientes de animales, por eso hay suplementos para veganos (creo que era la B12).

Aparte, esos miles de animales ni hubieran existido de no ser porque en un campo ganadero los criaron, a diferencia de los animales salvajes que estan por naturaleza propia",Huehuemonkeymonkey,argentina,1,2022-10-13 10:05:05,t1_is5bw07,t3_y2gytk,comment
ircjidw,r/mademesmile muy buena publicacion che. Al fin un poco de buena vibra en las redes.,chicodelespacio96,argentina,200,2022-10-06 21:16:56,t3_xxh7tu,t3_xxh7tu,comment
ircm4tx,"Próximamente vos, mamá 💖",choclosalaparrilla,argentina,226,2022-10-06 21:39:39,t3_xxh7tu,t3_xxh7tu,comment
ircnch6,"Me recuerda a la última quimio de mi mamá. Ya han pasado 12 o 13 años desde ese evento. Está loco pensar que fue hace tanto ya. (Si, está viva.)",VividDreamsInPink,argentina,66,2022-10-06 21:49:54,t3_xxh7tu,t3_xxh7tu,comment
irc9nx2,"lo curioso es que, detengas o no al cancer, siempre vas a tener una ultiman quimio",Queasy_Bath_116,argentina,426,2022-10-06 19:50:15,t3_xxh7tu,t3_xxh7tu,comment
ire4oom,"Hace 1 año y medio murió el hijo de 7 años de uno de mis mejores amigos. No sé bien donde postear esto pero lo voy a postear acá porque necesito compartirlo con ustedes;  


Su nombre ES y siempre será Frannie. Cuando tenía 2 años se enfermó de cáncer, le salió un tumor en la cabeza y lo llevaron a tratar al hospital Anchorena, se supone que ahí tienen uno de los mejores departamentos oncológicos pediatricos de Argentina.  


El diagnóstico que le dieron al principio, luego de las biopsias y los estudios fué que tenía un tipo de cáncer que NO hacía metastasis. Le hicieron quimio, ""lo curaron"" y lo mandaron a su casa sin volverlo a controlar nunca más a pesar de que su madre, como toda sabiduría de madre insistía en que había que hacerle tomografías de cuerpo completo y más chequeos.

La jefa de oncología le dijo ""no seas paranoica, el cancer ya no está, vayan a casa y disfruten"". Todos festejamos, una alegría indescriptible.

A los pocos meses Frannie empezó a mostrar señales de que no estaba bien de nuevo. Corrimos al Anochorena y resulta que lo habían disgnosticado mal, tenía uno de los peores cánceres que te podés agarrar, absolutamente todo tomado por la metástasis.  


No les voy a contar los detalles de los deteriorios, operaciones, cicatrices, noches infinitas internados con radio terapia, quimio terapia.  


Frannie vivió desde los 2 años hasta los 7 practicamente entrando y saliendo de internaciones. Las vidas de todos nosotros en suspenso. Festejando cumpleaños, estudiando desde casa para escolarizarse, tratando de vivir un poco lo poco que tenía de vida.  


Murió en los brazos de su padre un Viernes 18 de Junio de 2021 (2 días antes del Domingo día del Padre).  


Por favor nunca lo olviden. Cada vez que se acuerden de él, envíenle todo su amor para que donde quiera que esté sea feliz y tenga la revancha que se merece, de ser un niño como todos los demás, de poder jugar, estudiar, enamorarse, tener amigos, irse de viaje, formar una familia, todo lo que todos nosotros tenemos a diario.

El cáncer es la enfermedad más diabólica que existe en la tierra, te va destrozando el espíritu, poniéndote de rodillas, consumiendote frente a la mirada impotente de todos tus seres queridos. Ojalá la plata, las palabras y las promesas vacías de todos los seres humanos que lucran con la salud nuestra algún día se vuelvan un compromiso verdadero para desterrar esta experiencia. Ningún ser vivo debería pasar por algo así.

Si algún día encuentran algún chico que está pasando por eso, pidanle a Frannie ayuda. Es un ángelito que ahora está en el cielo.

Gracias por leer y perdón por poner esto acá.",solraeck,argentina,46,2022-10-07 08:17:59,t3_xxh7tu,t3_xxh7tu,comment
irc42zx,Walter white,Reiner99,argentina,76,2022-10-06 19:04:27,t3_xxh7tu,t3_xxh7tu,comment
irc5at7,"Equipo profesional de la salud que lo atendió durante todo su tratamiento: *""Am I a joke to you?""*",Bazz07,argentina,357,2022-10-06 19:14:18,t3_xxh7tu,t3_xxh7tu,comment
irchz3i,"Hola vengo a ser el abogado del diablo.

Como familiar directo de una persona sobreviviente de cancer, yo también estaba con ustedes (y lo sigo estando), pensando que esta gente agradece mucho a dios pero no a los profesionales. 

La realidad es que cuando todas las cartas están sobre la mesa, los médicos hicieron todo lo que pudieron (creánme que también se les agradece), la medicina da todas las herramientas disponibles y aun así no sabés si vas a salir de esa, lo único que te queda es dios. Ellos se aferran a eso por que es lo único que queda para darles esperanzas, algunos le llaman dios, otros fé, otros suerte, otros estadísticas. Yo aprendí a no cuestionar lo que sea que motive a una persona a seguir adelante cuando sabe que se está por morir.",JaloArg,argentina,128,2022-10-06 21:03:10,t3_xxh7tu,t3_xxh7tu,comment
ird03cw,"Mi Tia Laburó durante muchos años como oncóloga, esta publi me hizo acordar que una vuelta le pregunté que sentia cuando la gente le agradecía a dios por el laburo de los medicos y me dijo ""no estudié medicina para que la gente me diga gracias, pense que iba a ganar buena guita""",[deleted],argentina,17,2022-10-06 23:37:22,t3_xxh7tu,t3_xxh7tu,comment
irc8wzh,plot twist: fue la última quimio porque ya falleció,Goldengnn,argentina,74,2022-10-06 19:44:02,t3_xxh7tu,t3_xxh7tu,comment
irc3382,r/wholesome,blanma,argentina,15,2022-10-06 18:56:29,t3_xxh7tu,t3_xxh7tu,comment
irce4ew,"Ateos edgys comentando sobre el agradecimiento en 3,2,1...",thefalconriderarg,argentina,33,2022-10-06 20:28:54,t3_xxh7tu,t3_xxh7tu,comment
ircpl6x,"mi hermano es Medico clinico, y me conto que tuvo un paciente que era estudiante recien recibido de ingenieria un groso recien recibido con 24 años..   llego al hospital por un dolor en el lado derecho del pecho, despues de varios estudios le realizan una tomografia PET, y resulta que tenia uno de los ganglios linfaticos del pecho un pequeño tumor (linfoma no Hodking),  Le realizaron una Quimioterapia, y al finalizar la quimio le realizan una segunda tomografia PET y El tumor murio, y no habia rastros en su cuerpo de crecimiento hipermetabolico....  a todo esto a la consulta habian ido con los padres y lloraban los tres de felicidad.Para celebrarlo hacen un viaje a brasil para festejar que les habia dado bien la PET.Pasados 6 meses, Regresaron para un control, le realizan una PET y ahora resulta que el Cancer Volvio y tiene metastasis en el higado y en el cerebro.

La conclusion que saco de todo esto, es que hay que tomar la noticia de tener cancer, como de terminar una quimio de manera neutral, sin emocionarse ni entristecerse.

Es muy dificil ""curar"", al cancer con quimioterapia.. Lo mas probable es que matas al 99,99999999% de las celulas.  ese 0,00000000001% vuelve a multiplicarse y vuelve en unos meses, o años.Recien se puede hablar de haberle ganado al cancer.. Luego de 10 años de control y sin que halla vuelto.  


Lo peor de todo, es que el unico metodo de diagnostico fiable es la tomografia PET/CT, y una PET equivale a 25 mSv de radiacion ( 8 años de radiacion natural) o 250 RADIOGRAFIAS DE TORAX!.. es decir que el deterioro celular por solo hacer los estudios es malo, y aumenta tu probabilidad de tener cancer, si no lo tuviste, o si te curaste del que tenias.",[deleted],argentina,9,2022-10-06 22:08:50,t3_xxh7tu,t3_xxh7tu,comment
irc68zc,"Me alegro mucho por esa persona y por su familia!!!

Deben haber soñado mucho tiempo con ese momento.

Linda imagen.",[deleted],argentina,12,2022-10-06 19:22:00,t3_xxh7tu,t3_xxh7tu,comment
ircefu1,me alegro mucho!,tommen19,argentina,5,2022-10-06 20:31:43,t3_xxh7tu,t3_xxh7tu,comment
irc5nem,"Doctores y científicos cuando ven que luego de tanto esmero y tiempo el paciente le agradece a un hombre invisible que se comunica a través de come pibes.  


Igualmente, bien! siempre es buena noticia cuando se le gana al cáncer sea quien sea esa persona felicitaciones.",bugibangbang,argentina,50,2022-10-06 19:17:09,t3_xxh7tu,t3_xxh7tu,comment
irc4xs6,"Demasiado pronto para festejar igualmente

/mega garca",-Valken-,argentina,22,2022-10-06 19:11:21,t3_xxh7tu,t3_xxh7tu,comment
irc9bv6,Daniel Sloss tiene un especial de stand up en Netflix justamente hablando sobre esto. Es brillante el chabón,NicoBaterista,argentina,3,2022-10-06 19:47:31,t3_xxh7tu,t3_xxh7tu,comment
irco8s3,"Si no vienen los ""no soy k pero""..., o vienen los ""las Falkland no son Argentinas"", nunca faltan los ateos con un IQ mayor al promedio.",Rockcims,argentina,5,2022-10-06 21:57:25,t3_xxh7tu,t3_xxh7tu,comment
ircb6by,dios: pero si yo fui el que te dio el cancer maldita sea >:(,arkail2020,argentina,6,2022-10-06 20:03:15,t3_xxh7tu,t3_xxh7tu,comment
irc96fy,*choca*,[deleted],argentina,5,2022-10-06 19:46:14,t3_xxh7tu,t3_xxh7tu,comment
ircem38,"![gif](giphy|3kzJvEciJa94SMW3hN)

El Oncólogo:",[deleted],argentina,4,2022-10-06 20:33:16,t3_xxh7tu,t3_xxh7tu,comment
ircq8h3,"Felicitaciones!   
Fuck cancer!",CarlitosSaganTime,argentina,2,2022-10-06 22:14:18,t3_xxh7tu,t3_xxh7tu,comment
ireccko,"Recaída y pal lobby, como les pasa a todos.",ArdillaMcMuffin,argentina,2,2022-10-07 09:41:08,t3_xxh7tu,t3_xxh7tu,comment
irefvxv,Espero que mi viejo esté igual dentro de dos semanas,Perroketa,argentina,2,2022-10-07 10:13:21,t3_xxh7tu,t3_xxh7tu,comment
iregpwp,"Vaaaamoooo, fua el Diego! Q grande, siendo papá de un nene chiquito q hizo quimio estás cosas te hacen temblar la perita",Sorry_Serve_689,argentina,2,2022-10-07 10:20:31,t3_xxh7tu,t3_xxh7tu,comment
irftsdr,Eso SI es algo que se festeja a todo dar.,Fearless_Tangelo4291,argentina,2,2022-10-07 16:37:01,t3_xxh7tu,t3_xxh7tu,comment
irgfyn0,Ojala pueda vivir muchos años..,B89Emma,argentina,2,2022-10-07 19:34:55,t3_xxh7tu,t3_xxh7tu,comment
is7ww7a,Argentina está en la mierda pero estas cosas me hacen el año,ZookeepergameTall731,argentina,2,2022-10-13 20:08:00,t3_xxh7tu,t3_xxh7tu,comment
irc20v6,Nunca agradecerle a los medicos que estuvieron unos cuantos años estudiando para saber que tenian que hacer para que tenga un buen tratamiento,fede142857,argentina,14,2022-10-06 18:48:15,t3_xxh7tu,t3_xxh7tu,comment
ircv3iw,"Que quilombo que hacen porque da gracias a Dios che, alegrese por la persona dejen de hinchar.",NombreNoRecomendado,argentina,3,2022-10-06 22:55:28,t3_xxh7tu,t3_xxh7tu,comment
ircbmym,Gracias a Dios soy ateo.,Conejiyo,argentina,4,2022-10-06 20:07:10,t3_xxh7tu,t3_xxh7tu,comment
ircgb69,"Una ráfaga de viento, lleva los globos hacía delante impidiendo su visión....

.... Atropella a un niño....

.... Pasa el resto de su sana vida en cárcel....

... The End.",MantrassRont,argentina,2,2022-10-06 20:48:18,t3_xxh7tu,t3_xxh7tu,comment
ircj10k,No la mufes el cancer vuelve,PITOPIto56,argentina,2,2022-10-06 21:12:33,t3_xxh7tu,t3_xxh7tu,comment
ird2hro,"Completamente fuera de tema pero, viniendo de alguien que vive en el interior de la provincia, que cosa hermosa los carrefour en capital. Nose que tienen pero la sensación de estar en un supermercado a las 12 de la noche es hermosa",ConfidentChair,argentina,2,2022-10-06 23:57:42,t3_xxh7tu,t3_xxh7tu,comment
ird85er,"Comentario sobre la imagen:

Qué alegría,  felicidades  y a planificar la ""nueva"" vida carajo!

&#x200B;

Comentario después de haber leído los comentarios:

Solo fue una jodita celestial parece, no?

Puede agradecerle  a cualquiera de los miles de dioses que inventaron los humanos, pero los hechos son claros: detección precoz o a tiempo; tratamiento oncológico gracias a la ciencia médica y profesionales  que la atendieron.

Si **realmente** creyera en  la existencia de un dios, hubiera ido a la Iglesia y no a un hospital...",Mariokkkk,argentina,2,2022-10-07 00:47:43,t3_xxh7tu,t3_xxh7tu,comment
ircglmr,"Y los médicos? Bien, gracias... XD",0mar_1,argentina,2,2022-10-06 20:50:49,t3_xxh7tu,t3_xxh7tu,comment
ircisl6,"Doctor: tengo una buena y una mala noticia

Paciente: bueno, dígame las buenas primero doc

D: pues hoy es tu última seción de quimioterapia

P: oh por dios, enserio? Que emoción, por fin , después de tanta lucha

D: si si, felicitaciones

P: hay que felicidad, ah y dijo que había unas malas no?

D: se

P: y, cuáles son

D: y, bueno dígame, que tan avanzada estaba su lista de ""cosas que hacer antes de morir""?",666n00b999,argentina,2,2022-10-06 21:10:27,t3_xxh7tu,t3_xxh7tu,comment
irej07a,Hasta ahora... Que se haga los controles periódicos sin falta!,El_Abuelo_86,argentina,1,2022-10-07 10:39:58,t3_xxh7tu,t3_xxh7tu,comment
irca58l,En la lógica del creyente.... es normal agradecerle al que te dio el cáncer por dejar que otras personas te lo sacaran??![img](emote|t5_2qlht|2157),JHBalboa,argentina,0,2022-10-06 19:54:22,t3_xxh7tu,t3_xxh7tu,comment
ircxs0r,"Dios le dió cáncer. La ciencia médica lo curó.

¡Gracias Dios!",AmonDhan,argentina,3,2022-10-06 23:18:23,t3_xxh7tu,t3_xxh7tu,comment
irc6rvy,Gracias Dios? Y los medicos?,ReallySirius92,argentina,0,2022-10-06 19:26:17,t3_xxh7tu,t3_xxh7tu,comment
ircacow,Imaginate si era un coche fúnebre.,ArmoredPegasus,argentina,1,2022-10-06 19:56:06,t3_xxh7tu,t3_xxh7tu,comment
ircaj7u,Gracias a los médicos,GreenBeret_,argentina,1,2022-10-06 19:57:40,t3_xxh7tu,t3_xxh7tu,comment
ircako9,Gracias ciencia y personal médico.,ddm90,argentina,0,2022-10-06 19:58:01,t3_xxh7tu,t3_xxh7tu,comment
ircbi2m,La re mufó,LaPicardia,argentina,1,2022-10-06 20:06:00,t3_xxh7tu,t3_xxh7tu,comment
ircglrq,Médicos = Dios,basoura,argentina,1,2022-10-06 20:50:52,t3_xxh7tu,t3_xxh7tu,comment
irco8vj,Asi que dios anda haciendo quimios,Gruga9,argentina,1,2022-10-06 21:57:26,t3_xxh7tu,t3_xxh7tu,comment
ircpugw,"No entiendo la lógica,  no sería Dios el que le dio  cáncer en primer lugar?",Rima996,argentina,1,2022-10-06 22:11:02,t3_xxh7tu,t3_xxh7tu,comment
ircdzv1,Nosé porque culpan a dios de todo,CaterpillarOdd1234,argentina,1,2022-10-06 20:27:47,t3_xxh7tu,t3_xxh7tu,comment
ircow5c,"Cada comentario de cuarta, en vez de alegrarse por la persona que sobrevivió y lo agradece a su manera, lo critican y cuestionan si le agradeció a los médicos, ciencia, el sistema de salud público etc etc.",GFASUS,argentina,1,2022-10-06 22:02:55,t3_xxh7tu,t3_xxh7tu,comment
irc9i5l,Me emociona! 🥺,[deleted],argentina,1,2022-10-06 19:48:57,t3_xxh7tu,t3_xxh7tu,comment
ircl63y,Posta que ver cosas así te renuevan la fe en la humanidad,String_Theory40,argentina,1,2022-10-06 21:31:21,t3_xxh7tu,t3_xxh7tu,comment
irco4k0,🙏♥️🙏,FluffySwim697,argentina,1,2022-10-06 21:56:26,t3_xxh7tu,t3_xxh7tu,comment
irfn7qf,"No fue dios, fue la ciencia médica del hombre, es de los pocos con surte nada más...",Human-Currency1559,argentina,1,2022-10-07 15:46:05,t3_xxh7tu,t3_xxh7tu,comment
irc8y36,"""GrAcIaS dIoz""... el medico que se comio 10 años para tratarlo y que cobra dos pesos... ""ok...""",tourettesfaker1985,argentina,-1,2022-10-06 19:44:17,t3_xxh7tu,t3_xxh7tu,comment
ircbekh,Última quimio porque ya se lo llevó papi dios,fraankito,argentina,0,2022-10-06 20:05:12,t3_xxh7tu,t3_xxh7tu,comment
irci7np,"que tenia que ver dios?

&#x200B;

pd: ironicamente soy religioso 

bien por ellos espero que tengan una vida feliz",Anon277ARG,argentina,0,2022-10-06 21:05:16,t3_xxh7tu,t3_xxh7tu,comment
irdbhio,"También le agradeció a dios por darle cáncer en primer lugar? 

La gente religiosa me repugna de una manera visceral a esta altura.",Temporary-High,argentina,0,2022-10-07 01:20:30,t3_xxh7tu,t3_xxh7tu,comment
irc9k2t,De nada contestó el médico,ozymandiasEs,argentina,-2,2022-10-06 19:49:22,t3_xxh7tu,t3_xxh7tu,comment
ircudzh,[deleted],[deleted],argentina,-1,2022-10-06 22:49:33,t3_xxh7tu,t3_xxh7tu,comment
irc96pk,Que lindo auto el 207 por favor,Changubi,argentina,-2,2022-10-06 19:46:17,t3_xxh7tu,t3_xxh7tu,comment
ircbmwt,uuuuuu D word,GatoLococh0n,argentina,-2,2022-10-06 20:07:10,t3_xxh7tu,t3_xxh7tu,comment
irc8aum,GRACIAS D10S,AcidoFueguino,argentina,-4,2022-10-06 19:38:55,t3_xxh7tu,t3_xxh7tu,comment
ircniyf,"Le da gracias a dios. Es como ser peronista, crean pobreza y le terminas agradeciendo el subsidio 🤷‍♂️",[deleted],argentina,-4,2022-10-06 21:51:25,t3_xxh7tu,t3_xxh7tu,comment
ird7ka6,"Aahhhhh, dice Quimio.",Alukrad,argentina,1,2022-10-07 00:42:34,t3_xxh7tu,t3_xxh7tu,comment
irdeuvn,Puede tener dos interpretaciones....,JoacodM,argentina,1,2022-10-07 01:58:25,t3_xxh7tu,t3_xxh7tu,comment
irdml26,Y hay que seguir dandole para adelante carajo. La vida es buena ![img](emote|t5_2qlht|2161),Trickaps,argentina,1,2022-10-07 03:40:17,t3_xxh7tu,t3_xxh7tu,comment
irdtrlx,Osea haber digamos le queda un dia de vida.,peramanguera,argentina,1,2022-10-07 05:34:28,t3_xxh7tu,t3_xxh7tu,comment
irdx4z2,¿Pero si Se curo?,kaykadem,argentina,1,2022-10-07 06:30:29,t3_xxh7tu,t3_xxh7tu,comment
irdy4k0,Terrible arco de desarrollo me perdí,Quasi-7,argentina,1,2022-10-07 06:46:10,t3_xxh7tu,t3_xxh7tu,comment
ire2s1d,"Felicidad total . Hay pocas cosas en la vida como atravesar semejante sufrimiento. Te quiebra y te pone de rodillas, solo esperar resultados.",ferema32,argentina,1,2022-10-07 07:53:26,t3_xxh7tu,t3_xxh7tu,comment
ire72c7,"que mierda el cancer yo estuve 4 meses pensando que tenia cancer ya que se me daban todos los síntomas, las cosas que hice esos meses creyendo que me quedaba poco tiempo. interesante experiencia",-Momonga,argentina,1,2022-10-07 08:46:19,t3_xxh7tu,t3_xxh7tu,comment
irecowi,No sabía que estaba Walter white por argentina,[deleted],argentina,1,2022-10-07 09:44:23,t3_xxh7tu,t3_xxh7tu,comment
irei10x,👍👍👍👍👍👍👍👍👍👍🫂,arkydelanada,argentina,1,2022-10-07 10:31:42,t3_xxh7tu,t3_xxh7tu,comment
irexxt5,Una vez pasé con la bici por un auto con un cartel así. Me puse a tocar frenéticamente el timbre en señal de buena onda y festejo pero me miraron preocupados por pensar que me quejaba de algo. Les sonreí y entendieron... Creo,Hot-Ad-3281,argentina,1,2022-10-07 12:36:14,t3_xxh7tu,t3_xxh7tu,comment
ireylny,"Gracias Dios!

_los médicos la miran con tristeza a lo lejos_",[deleted],argentina,1,2022-10-07 12:41:18,t3_xxh7tu,t3_xxh7tu,comment
irezbwm,Nunca un 'Gracias a la medicina moderna',Ale-ML,argentina,1,2022-10-07 12:46:40,t3_xxh7tu,t3_xxh7tu,comment
irf2va0,Gracias Dios? me imagino la cara de todos los profesionales que estuvieron ayudandole %D,Puzzleheaded-Let3589,argentina,1,2022-10-07 13:13:09,t3_xxh7tu,t3_xxh7tu,comment
irf7l0d,Como que gracias dios? Gracias a los médicos y a los que inventaron e implementaron los métodos pra que se cure !,LeadedFries,argentina,1,2022-10-07 13:47:58,t3_xxh7tu,t3_xxh7tu,comment
irfd5te,Que curioso que en una misma oración esté la palabra “quimio” y la frase “gracias Dios”.  Seguro fue gracias a Dios?,AlberOficial,argentina,1,2022-10-07 14:29:47,t3_xxh7tu,t3_xxh7tu,comment
irfuna3,  ❤️,[deleted],argentina,1,2022-10-07 16:43:33,t3_xxh7tu,t3_xxh7tu,comment
irijnqb,Pero según tu lógica Dios también te dio el cancer en primer lugar…,indigo_cobra33,argentina,1,2022-10-08 10:43:16,t3_xxh7tu,t3_xxh7tu,comment
irnz5dz,El medico que le hizo todo el laburo despues de ver eso le prendio fuego el auto,estyban,argentina,1,2022-10-09 15:35:11,t3_xxh7tu,t3_xxh7tu,comment
irqietv,Por ahora,Diligent-Leg-3526,argentina,1,2022-10-10 04:29:54,t3_xxh7tu,t3_xxh7tu,comment
irye826,Vi mil veces publicada esa imagen que no me quedo claro quien es jaja,jastalari,argentina,1,2022-10-11 20:24:50,t3_xxh7tu,t3_xxh7tu,comment
isvdbjo,....................................,[deleted],argentina,1,2022-10-18 20:44:08,t3_xxh7tu,t3_xxh7tu,comment
iu2j3h4,El mismo Dios que te dio cáncer en primer lugar. Porque no agradecer a los médicos y a los investigadores que se rompen el orto diariamente para extender tu vida?,Temporary-High,argentina,1,2022-10-27 22:55:52,t3_xxh7tu,t3_xxh7tu,comment
iu3fao9,"Aleluya,,,la Gloria es de Dios",Southern-Option-3726,argentina,1,2022-10-28 04:22:30,t3_xxh7tu,t3_xxh7tu,comment
ircowgy,Hasta que entras en los comentarios,Solo_Hecko,argentina,59,2022-10-06 22:03:00,t1_ircjidw,t3_xxh7tu,comment
ireenzz,"Gracias. Que las redes tenga un contenido u otro, depende de cada uno.. 

Me pareció bueno compartir esto con ustedes",hernannadal,argentina,8,2022-10-07 10:02:30,t1_ircjidw,t3_xxh7tu,comment
it4y9tc,Cosas que no pasan más de una vez...,Electrical_Cow_9085,argentina,2,2022-10-20 20:36:49,t1_ircjidw,t3_xxh7tu,comment
irdg8vo,"Fuerzas wacho, dale que se puede",Mm0nstermouth,argentina,57,2022-10-07 02:15:01,t1_ircm4tx,t3_xxh7tu,comment
ireeqc1,Claro que si. Toda la fuerza para ella y para ustedes que acompañan,hernannadal,argentina,29,2022-10-07 10:03:05,t1_ircm4tx,t3_xxh7tu,comment
irefc58,Vamos que se puede!!!,sebacarde87,argentina,15,2022-10-07 10:08:22,t1_ircm4tx,t3_xxh7tu,comment
irfkhuu,"Obvio hermano, va a poder ❤️❤️",Altruistic_Wish_7168,argentina,5,2022-10-07 15:25:10,t1_ircm4tx,t3_xxh7tu,comment
iscst7m,Obvio que si chabón!!! Fuerza,Apprehensive_Way9731,argentina,1,2022-10-14 20:45:44,t1_ircm4tx,t3_xxh7tu,comment
iu8hgh3,*se moria*,dilanterosinbolsa457,argentina,1,2022-10-29 08:25:22,t1_ircm4tx,t3_xxh7tu,comment
irxdvan,"Fua, yo escuché decir al oncólogo de mi vieja que el paciente que más años vivió después de la quimio fueron 10 años después, felicidades che ♡",choclosalaparrilla,argentina,2,2022-10-11 16:15:19,t1_ircnch6,t3_xxh7tu,comment
ircc54m,![gif](giphy|6nWhy3ulBL7GSCvKw6),danielrx2,argentina,117,2022-10-06 20:11:34,t1_irc9nx2,t3_xxh7tu,comment
ircgjcf,brutal pero cierto.,polishA_,argentina,86,2022-10-06 20:50:16,t1_irc9nx2,t3_xxh7tu,comment
ircpewq,Poético,Hot_Panic7516,argentina,28,2022-10-06 22:07:19,t1_irc9nx2,t3_xxh7tu,comment
ircua8l,Tremendo plot twist.,MegawackyMax,argentina,21,2022-10-06 22:48:40,t1_irc9nx2,t3_xxh7tu,comment
ird1ac7,"Sería impactante ver la misma decoración en un coche fúnebre (aunque la verdad, que sea el mismo día sería raro :P ).",ALobpreis,argentina,19,2022-10-06 23:47:17,t1_irc9nx2,t3_xxh7tu,comment
irct62m,como todo en la vida,Ublungu,argentina,3,2022-10-06 22:39:13,t1_irc9nx2,t3_xxh7tu,comment
ird4ncr,"no, pero este vivió para contarlo en el cartel, ahí está la diferencia. la gracia está en que vivió para contarlo, no que sea la última",ethan_1987,argentina,5,2022-10-07 00:16:44,t1_irc9nx2,t3_xxh7tu,comment
ird4vn9,y además quimio tenés si tenés cancer. o sea si no detengo el cancer no necesariamente tendré una última quimio. porque puede ser que nunca haya tenido cancer...,ethan_1987,argentina,2,2022-10-07 00:18:46,t1_irc9nx2,t3_xxh7tu,comment
ird1e1h,Quítale el siempre.,Sorry-Alternative262,argentina,0,2022-10-06 23:48:08,t1_irc9nx2,t3_xxh7tu,comment
iredllx,"aromatic divide towering hurry flag memory angle air instinctive somber

 *This post was mass deleted and anonymized with [Redact](https://redact.dev/home)*",vidbv,argentina,0,2022-10-07 09:52:43,t1_irc9nx2,t3_xxh7tu,comment
ire4yuk,jaja despues tmb puede volver cancer ya q los doc y la gente no atacan la causa del mismo sino la consecuencia haciendo menos foco en la prevencion atraves de una dieta especifica y habitos saludables.,sdcaza,argentina,-1,2022-10-07 08:21:30,t1_irc9nx2,t3_xxh7tu,comment
irczbjn,Esta más expresado eso!! Que quisiste decir ?,Sorry-Alternative262,argentina,-7,2022-10-06 23:30:48,t1_irc9nx2,t3_xxh7tu,comment
irebekf,Plot twist: Ultima kimio porke hizo metástasis y no hay mas vuelta atras...,sebashhh6,argentina,1,2022-10-07 09:32:10,t1_irc9nx2,t3_xxh7tu,comment
iredpnv,"Si es que tuviste una primera.
Hoy Justo leía esto: 
https://nautil.us/a-universal-cancer-treatment-241231/",zamus1,argentina,1,2022-10-07 09:53:47,t1_irc9nx2,t3_xxh7tu,comment
irf1j36,Misma pancarta pero en la luneta de un coche fúnebre,Lety-,argentina,1,2022-10-07 13:03:03,t1_irc9nx2,t3_xxh7tu,comment
irefeos,"Me emocionaste mucho. Y lo siento mucho por esos padres y todos los que hicieron lo posible por acompañar de la mejor manera en ese doloroso proceso. 
Un gran abrazo",hernannadal,argentina,17,2022-10-07 10:09:00,t1_ire4oom,t3_xxh7tu,comment
irekwv2,Fuerzas hermano...,FaustoDit,argentina,7,2022-10-07 10:55:45,t1_ire4oom,t3_xxh7tu,comment
isxxnfj,"Que vergüenza me da ver que este comentario tiene 20+ upvotes y un comentario pelotudo de humor negro tiene 500+ ,que carajo nos pasa?",GoodAirJoaco,argentina,4,2022-10-19 11:48:15,t1_ire4oom,t3_xxh7tu,comment
irczaf5,Eso es químicamente imposible,onepiece_hxh_jojo,argentina,26,2022-10-06 23:30:32,t1_irc42zx,t3_xxh7tu,comment
irc99vv,Jajajaj,Fuoorh,argentina,4,2022-10-06 19:47:02,t1_irc42zx,t3_xxh7tu,comment
irc7keg,This. Cuando me fui del cole le di gracias a los profes por aprobarme con el mínimo jajaja,Only-Today8163,argentina,83,2022-10-06 19:32:50,t1_irc5at7,t3_xxh7tu,comment
irc6scu,"Dios guío sus manos, así que literalmente no hicieron casi nada",TutankaDon,argentina,107,2022-10-06 19:26:24,t1_irc5at7,t3_xxh7tu,comment
ircg1rr,"Y Dios (que le dio cáncer): [meme de The Office del chabón aceptando un premio con cara de ""no se porque me dan esto""]",throwaway275275275,argentina,20,2022-10-06 20:45:58,t1_irc5at7,t3_xxh7tu,comment
irdldkq,"Obviamente el mérito es de la ciencia, pero tener fe durante el proceso —sea en Dios, el buda, Maradona— ayuda un montón, cualquier médico te lo dice",Realistic_Bathroom17,argentina,4,2022-10-07 03:22:51,t1_irc5at7,t3_xxh7tu,comment
ircgq91,"Que tenía que ver jajaja, la espiritualidad es lo más importante a la hora de afrontar que te podes morir de cáncer en 6 meses si no da resultado la quimio. Decime como mierda podrías vivir con eso, la religión actúa de psicólogo.",shsjssj009,argentina,9,2022-10-06 20:51:59,t1_irc5at7,t3_xxh7tu,comment
ircgl7l,"Bueno quiero decir, que la quimio funcione es probabilidad así que le podes agradecer a dios por la suerte después de agradecerle al doctor por el tratamiento.",Impossible_Ad1515,argentina,4,2022-10-06 20:50:43,t1_irc5at7,t3_xxh7tu,comment
irc6bll,Como si no hubiesen facturado 10 millones de pesos por hacerlo...,tito_capoeira,argentina,2,2022-10-06 19:22:36,t1_irc5at7,t3_xxh7tu,comment
ird1h5g,Meme del pelado en el estadio con los brazos en jarra,Casper_Arg,argentina,1,2022-10-06 23:48:53,t1_irc5at7,t3_xxh7tu,comment
ircrlqg,"Sabías que hay profesionales de la salud que son creyentes, no? Que atribuyen a Dios la sabiduría, la templanza y la certeza para brindar la mejor atención al paciente.",ellaC97,argentina,-3,2022-10-06 22:25:53,t1_irc5at7,t3_xxh7tu,comment
irtt9fu,"En estas situaciones me gusta pensar que un ""gracias Dios"" significa ""gracias Dios por mandarme a estas personas""",Loud-Push-4287,argentina,1,2022-10-10 21:03:57,t1_irc5at7,t3_xxh7tu,comment
ircnqa9,"es así tal cual. *En las trincheras se terminan los ateos* dice un dicho que hace referencia a esas situaciones donde 'estas jugado'. Y no tiene nada que ver con si sos culto o inculto, un intelectual o el peón del albañil, es instintivo.",Ok-Satisfaction-88,argentina,44,2022-10-06 21:53:04,t1_irchz3i,t3_xxh7tu,comment
ircohyo,Te basaste,grifter_cash,argentina,20,2022-10-06 21:59:35,t1_irchz3i,t3_xxh7tu,comment
ircpdzr,"El unico humano acá, mas pelotudos",FranCo_suelto,argentina,18,2022-10-06 22:07:06,t1_irchz3i,t3_xxh7tu,comment
ircwb6t,Siempre es agradable leer un texto en idioma basado,[deleted],argentina,11,2022-10-06 23:05:53,t1_irchz3i,t3_xxh7tu,comment
ircr4am,"Tal cual,por eso soy agnóstico,si te sirve creer en Lucifer, el Diego, Dios o Zeus por mí bien si eso sirve para que la otra persona siga adelante y le ponga la voluntad necesaria, como así tampoco creo en los absolutos,tantas cosas inexplicables uno nunca sabe.",tuchinc,argentina,7,2022-10-06 22:21:43,t1_irchz3i,t3_xxh7tu,comment
ircrb8t,"Yo perdí a mi Nonno que me crío como su hija de cáncer de pulmón y coincido plenamente con lo que decís. Los profesionales hacen hasta donde sus capacidades y la ciencia les permiten, la otra parte es la fuerza y ganas del paciente y muchos encuentran esa fuerza en la fe.",ellaC97,argentina,11,2022-10-06 22:23:22,t1_irchz3i,t3_xxh7tu,comment
irepx7x,"Si Dios tiene un plan para todos nosotros, esto incluyó darle cualquier enfermedad al paciente.",Apple--Eater,argentina,0,2022-10-07 11:35:34,t1_irchz3i,t3_xxh7tu,comment
iret3i1,Tal cual!!! 👏,Embarrassed-Tie-1542,argentina,1,2022-10-07 11:59:39,t1_irchz3i,t3_xxh7tu,comment
irf2hkd,[Medicina vs Dios](https://m.cuantarazon.com/679954/medicina),adrian_arg,argentina,1,2022-10-07 13:10:16,t1_irchz3i,t3_xxh7tu,comment
irf5zes,Y ganaba buena guita? Porque yo pienso igual,Tuburonpereze,argentina,1,2022-10-07 13:36:18,t1_ird03cw,t3_xxh7tu,comment
ircd9c6,Plot twist 2: ese es el coche fúnebre,Mindless_Tomorrow_45,argentina,49,2022-10-06 20:21:19,t1_irc8wzh,t3_xxh7tu,comment
ircbo83,Fue la viuda la que puso el cartel.,LaPicardia,argentina,19,2022-10-06 20:07:28,t1_irc8wzh,t3_xxh7tu,comment
ircots0,"Realmente, no pueden ni alegrarse del bien de otro 🤷‍♀️",cakekyo,argentina,7,2022-10-06 22:02:22,t1_irce4ew,t3_xxh7tu,comment
ircw7x3,"Tengo una tia abuela que a los 40-50 tuvo cancer de mama. La operaron, le sacaron la mama y le aplicaron quimio. En unos meses va a cumplir 99. Ta viejita.

Ahora el paciente ese de 24 años ingeniero... flaco me dejaste helado.",Enginikts,argentina,6,2022-10-06 23:05:05,t1_ircpl6x,t3_xxh7tu,comment
ird16x3,Pensé que la historia iba a terminar en que se fueron a brasil y se cayó el avión o lo cagaron chocando. 5/10,LuckyLucho,argentina,1,2022-10-06 23:46:26,t1_ircpl6x,t3_xxh7tu,comment
irc9lq9,vos decis que los curas hacen un mass channeling y empiezan a manar de ellos las palabras del todopoderoso ?,DefinitelyRussian,argentina,5,2022-10-06 19:49:45,t1_irc5nem,t3_xxh7tu,comment
irch07w,"Decís semejante estupidez hermano, toda mi familia es profesional de la salud y muchos son psicólogos que atienden enfermos terminales, lo primero que se les dice es que si creen en algo, que recen.",shsjssj009,argentina,10,2022-10-06 20:54:28,t1_irc5nem,t3_xxh7tu,comment
ircfwjf,"Entonces si se muere es culpa de los médicos?

Se agradece los médicos su trabajo. Pero hay mil factores más allá del trabajo médico: la predisposición genética, el acceso a los medicamentos, el poder vivir sin que el tratamiento te imposibilite hacer otras cosas.

Que se yo, agradecerle a un Dios no me parece mal",NoTanHumano,argentina,0,2022-10-06 20:44:40,t1_irc5nem,t3_xxh7tu,comment
ird0lg5,Y vos que sabes si la persona agradeció a los medicos o no?,onepiece_hxh_jojo,argentina,-4,2022-10-06 23:41:22,t1_irc5nem,t3_xxh7tu,comment
ircfhdw,"Dios no se comunica por medio de come pibes, antes lo hacía por medio de profetas, luego por el mismísimo Jesucristo y hoy en día está la biblia. No existen ""representantes"" de  dios hoy en día.",MuonSiac,argentina,-7,2022-10-06 20:40:59,t1_irc5nem,t3_xxh7tu,comment
irc6cra,Es que para saber si hay un avance hay que hacer tomografía común o un PET. Sino te mandan otra ronda más.,mustard96,argentina,8,2022-10-06 19:22:52,t1_irc4xs6,t3_xxh7tu,comment
irc5543,"Quizás fue su última porque ya no le hacen efecto...

/ULTRAAAA (a lo KI) garca",berserker_b2k,argentina,9,2022-10-06 19:13:02,t1_irc4xs6,t3_xxh7tu,comment
ircbwgg,Dios en el cielo: pero la puta madre! Ya ni con cancer los puedo matar! Estos humanos son una plaga loco!,LaPicardia,argentina,11,2022-10-06 20:09:27,t1_ircb6by,t3_xxh7tu,comment
irc6qb3,Reddit moment,Bossanova98,argentina,17,2022-10-06 19:25:57,t1_irc20v6,t3_xxh7tu,comment
irc31e0,"Siempre hay un ortiva que comenta ésto jajajajajja
 
Qué sabes si ya les agradeció a los médicos durante el tratamiento? Conozco muchos pacientes que caen con flores y lloran abrazando a los médicos",blanma,argentina,46,2022-10-06 18:56:04,t1_irc20v6,t3_xxh7tu,comment
irc3jo3,Los medicos son los q administraron el tratamiento. Dios el q le dio fuerza para superarlo (segun su creencia). No es una competencia,voldur12,argentina,22,2022-10-06 19:00:06,t1_irc20v6,t3_xxh7tu,comment
irc2n6i,"Nada que ver, es todo gracias a D10S ✌️✌️",Hellraiser_22,argentina,10,2022-10-06 18:52:58,t1_irc20v6,t3_xxh7tu,comment
irc6ul4,"Es la paradoja de ""si Dios quiere"". Si el Barba quiere salís a comprar unos puchos y te cae una maceta de un 5to piso y vas derechito al lobby.",[deleted],argentina,6,2022-10-06 19:26:55,t1_irc20v6,t3_xxh7tu,comment
irccu5j,"Tranqui que tambien hay medicos que piensan que es gracias a dios. Religion, en fin",Black007lp,argentina,3,2022-10-06 20:17:38,t1_irc20v6,t3_xxh7tu,comment
irc3pfz,hola House,freechorizo,argentina,4,2022-10-06 19:01:24,t1_irc20v6,t3_xxh7tu,comment
irc6u9m,"Tal vez le agradeció a los médicos, en su momento y forma o tal vez es una persona religiosa o simplemente fue su manera de agradecerle a la vida por una cosa buena que le paso.
 A veces hay que ser un poco mas consciente, mas humilde o menos violento al momento de juzgar a alguien y escribir cosas así en una red social, sobre todo cuando no sabes el contexto ni la motivación del acto que estas viendo. No es solo algo negativo para la persona a la cual te referis, sino para las personas que lo leen y para vos mismo...",REDDITERAAAA,argentina,5,2022-10-06 19:26:50,t1_irc20v6,t3_xxh7tu,comment
irc3ye5,"Quién puso esos Médicos? Dios!

Quién le dio las herramientas para llegar a salvar vidas? Dios!

Así que... Amén! 🙏",TriKurrDur,argentina,9,2022-10-06 19:03:25,t1_irc20v6,t3_xxh7tu,comment
irc5tap,"Dios tambien le dio cáncer? 

La gente es supersticiosa, no hay caso che...",dexhaus,argentina,6,2022-10-06 19:18:28,t1_irc20v6,t3_xxh7tu,comment
irch5bc,"Solo voy a decir que cuando el avión se está cayendo, hasta el más ateo reza.",shsjssj009,argentina,-3,2022-10-06 20:55:46,t1_irc20v6,t3_xxh7tu,comment
irchis0,"No consigo empleo por mi cara, creo 🎶",shsjssj009,argentina,1,2022-10-06 20:59:08,t1_ircbmym,t3_xxh7tu,comment
irdaemr,"No entendiste nada, jamás. Dios no le dio cáncer, pero si creo a seres humanos que estudiaron y la ayudaron a que se recuperará. 

El cáncer si pudo haber sido causado por los seres humanos.",Coskcho,argentina,-3,2022-10-07 01:09:12,t1_ircxs0r,t3_xxh7tu,comment
ircndjv,Dios le puso el cancer y los médicos se lo curaron. Entonces los médicos van a ir al infierno por haber interferido en el plan de Dios!,mdRamone,argentina,3,2022-10-06 21:50:10,t1_irc6rvy,t3_xxh7tu,comment
irqclso,Edgy,AxlRoseIsJesus_,argentina,1,2022-10-10 03:09:34,t1_irc6rvy,t3_xxh7tu,comment
is5v8z7,r/redditmoment,Saul_Gone_Now,argentina,1,2022-10-13 12:02:20,t1_irc6rvy,t3_xxh7tu,comment
ireafqf,"siempre tengo ese tipo de discusiones con mi señora, que resultó ser una evangelista recalcitrante.

Ella dice que los males son del diablo y del ser humano, que dios le dio poder para que actúe en la tierra pero que en el cielo va a haber amor y coso.

Que gente idiota.",Alpargatacosmica,argentina,4,2022-10-07 09:22:20,t1_irdbhio,t3_xxh7tu,comment
ire79iy,No! Bañar!! Queremos hacerte bañar! Mugriento!,katakuri_uruguayo,argentina,2,2022-10-07 08:48:29,t1_ircudzh,t3_xxh7tu,comment
irdur0p,Y te da cáncer de nuevo,TheLameloid,argentina,50,2022-10-07 05:51:03,t1_ircowgy,t3_xxh7tu,comment
ird1j3a,"No se la bajes, mala onda!

/s",[deleted],argentina,15,2022-10-06 23:49:19,t1_ircowgy,t3_xxh7tu,comment
ireiw7x,Totalmente. Happy cake day!,chicodelespacio96,argentina,6,2022-10-07 10:39:02,t1_ireenzz,t3_xxh7tu,comment
iregxx5,Cierto. Ah y Happy Cake Day!,matexxv,argentina,4,2022-10-07 10:22:25,t1_ireenzz,t3_xxh7tu,comment
irxlspj,"Fueron como 18 quimios y 25 radiaciones, era de los tratamientos más agresivos que he escuchado. Le dijeron a mi mamá que alguna gente bajo el mismo tratamiento se quitó. No te voy a decir que vive la mejor vida, que es súper activa y que regresó a la normalidad, pero siempre está agradecida porque está viva.",VividDreamsInPink,argentina,2,2022-10-11 17:05:05,t1_irxdvan,t3_xxh7tu,comment
irdb3k4,"> pero este vivió para contarlo 

...por ahora",Queasy_Bath_116,argentina,0,2022-10-07 01:16:26,t1_ird4ncr,t3_xxh7tu,comment
ird1apf,"Lo que leíste, léelo de nuevo, tiene toda la lógica.",Dr-buscapina,argentina,9,2022-10-06 23:47:22,t1_irczbjn,t3_xxh7tu,comment
irez7qw,"Gracias, de verdad gracias. A veces un gesto pequeño te llena el corazón también como este abrazo que me dejaste.",solraeck,argentina,6,2022-10-07 12:45:51,t1_irefeos,t3_xxh7tu,comment
ireza83,Gracias de verdad.,solraeck,argentina,7,2022-10-07 12:46:20,t1_irekwv2,t3_xxh7tu,comment
irc9rx0,Y Dios también los estuvo guiando durante sus estudios universitarios.,leomonster,argentina,88,2022-10-06 19:51:12,t1_irc6scu,t3_xxh7tu,comment
irck0xq,"Y tambien le dio cancer a esa persona, no veo el punto bueno xD",RazerMax,argentina,15,2022-10-06 21:21:21,t1_irc6scu,t3_xxh7tu,comment
ircbqed,O sea que cuando te masturbas es obra de Dios???,cheezuskraist,argentina,23,2022-10-06 20:07:59,t1_irc6scu,t3_xxh7tu,comment
irce8te,Y también fue Dios el que le puso el cáncer en primer lugar.,emiduran,argentina,21,2022-10-06 20:29:59,t1_irc6scu,t3_xxh7tu,comment
ircyw1j,10 años estudiando y haciendo residencia al pedo,chabri2000,argentina,4,2022-10-06 23:27:12,t1_irc6scu,t3_xxh7tu,comment
ircrycp,Dios le dio cáncer también,[deleted],argentina,3,2022-10-06 22:28:53,t1_irc6scu,t3_xxh7tu,comment
ircoukp,a bueno,Dekqz,argentina,2,2022-10-06 22:02:33,t1_irc6scu,t3_xxh7tu,comment
irctgf1,Dios tambien guio al cancer para que aparezca en su cuerpo,[deleted],argentina,2,2022-10-06 22:41:34,t1_irc6scu,t3_xxh7tu,comment
irg9go8,Si vamos al caso también permitio que tenga cáncer así que es como dice el grafiti de retiro si Dios es todo tambien es put0.,Neiwel_,argentina,1,2022-10-07 18:39:37,t1_irc6scu,t3_xxh7tu,comment
ire0r3x,"Hola, soy psicologo. Cerra el orto si no sabes de lo que hablas. De nada.",Drikaukal,argentina,6,2022-10-07 07:25:26,t1_ircgq91,t3_xxh7tu,comment
irene1y,ah re,SuperCowToTheRescue,argentina,1,2022-10-07 11:15:45,t1_ircgq91,t3_xxh7tu,comment
irciusy,"Mmmmm... No creo, no en argentina al menos",leafunes,argentina,8,2022-10-06 21:10:59,t1_irc6bll,t3_xxh7tu,comment
ireb1x0,"Ah, ya que estamos y vos sos miembro: qué es el agnosticismo? Siempre tuve esa duda.",Alpargatacosmica,argentina,2,2022-10-07 09:28:38,t1_ircr4am,t3_xxh7tu,comment
irf7ehs,"No, lmao",[deleted],argentina,5,2022-10-07 13:46:38,t1_irf5zes,t3_xxh7tu,comment
irejzu8,Plot twist 3: va en un 207 porque dentro del jonca hay un enano,RageAgainstTheAfip,argentina,5,2022-10-07 10:48:16,t1_ircd9c6,t3_xxh7tu,comment
ireassx,"dicen que cuando el paciente es más joven, el cáncer es más violento.",Alpargatacosmica,argentina,1,2022-10-07 09:26:03,t1_ircw7x3,t3_xxh7tu,comment
ircct2q,"Si man, porque te pensas que los templos tienen esa T arriba? 6G papá, se conectan directo con lord Jisus y hacen streaming en vivo",bugibangbang,argentina,18,2022-10-06 20:17:22,t1_irc9lq9,t3_xxh7tu,comment
ird0krn,"JAJJAJA me imagino ir al médico, ""bueno tengo que decirte que tenés cáncer, ponete a rezar papu"" puta que buen servicio",LuckyLucho,argentina,5,2022-10-06 23:41:14,t1_irch07w,t3_xxh7tu,comment
irdaeo9,"Bueno, de ser así, voy a rezar porque mejores la dicción.",ChoripanConPepsi,argentina,1,2022-10-07 01:09:13,t1_irch07w,t3_xxh7tu,comment
irclvrk,"Yo digo semejante estupidez? leete amigo, me jugas la carta ""mi familia son médicos, psicólogos"" y hablas por ellos diciendo que le piden a la gente que se ponga a rezar?... que respondan ellos, a menos que vos seas médico, es patético jugar esa carta siendo un anónimo y muy contradictorio al mismo tiempo, y me faltas encima el respeto diciendo que lo que digo es estúpido, ya sabemos quien es el que no estudia en la familia.

Si el personal médico pide a la familia que se ponga a rezar es porque obviamente ayuda, unifica, hace que pasen mejor el mal momento, pero los que ejercen son los médicos, la ciencia, la tecnología, rezar ayuda en otras cosas, pero dudo que tus familiares ""los médicof cof"" dejen de ejercer y se pongan a rezar y esperar que Dios haga el milagro.  
Entiendo que te pego fuerte mi respuesta porque se cae de maduro que sos religioso, y que yo soy ateo, y como dije anteriormente, respeto las religiones y rezar lo entiendo y no digo que no lo hagan, pero si se salva el paciente un agradecimiento primero al personal, luego a Dios, pero al personal médico primero... porque si se llega a morir al primero que putean es al personal médico y luego perdonan a Dios porque tenia un ""plan"".",bugibangbang,argentina,-3,2022-10-06 21:37:31,t1_irch07w,t3_xxh7tu,comment
irckfgw,"Si se muere se muere y los médicos quienes se capacitaron para salvar vidas hicieron lo que pudieron, si se salva es gracias a esta gente que se mato estudiando y ejerciendo para salvarnos la vida (y su merecida remuneración), agradecerle a Dios queda en la creencia de cada uno y hacerlo no esta mal, pero primero agradecimiento al personal medico no? Q no olvidarse de ellos.",bugibangbang,argentina,2,2022-10-06 21:24:51,t1_ircfwjf,t3_xxh7tu,comment
irf68vd,"Además seguro que también le agradecieron a los médicos, en el cartel quedaba mas corto además",Tuburonpereze,argentina,1,2022-10-07 13:38:12,t1_ircfwjf,t3_xxh7tu,comment
irck2ha,"No, si hay un Dios dudo que se ponga a escribir y saque un best seller.",bugibangbang,argentina,7,2022-10-06 21:21:43,t1_ircfhdw,t3_xxh7tu,comment
irc6xmn,O te hacen hacer el testamento.,TutankaDon,argentina,4,2022-10-06 19:27:36,t1_irc6cra,t3_xxh7tu,comment
irccvd6,"Nunca volví a entrar al ala de Oncología donde se atendió mi mamá, pero esas enfermeras se merecen todo. Les llevamos bombones un par de veces durante el tratamiento.",netheroth,argentina,11,2022-10-06 20:17:56,t1_irc31e0,t3_xxh7tu,comment
irc763g,"""Gracias a dios tengo un buen sueldo""

[Mientras tanto el casi 50% de pobres](https://i.kym-cdn.com/entries/icons/original/000/031/003/cover3.jpg)",fede142857,argentina,3,2022-10-06 19:29:32,t1_irc6ul4,t3_xxh7tu,comment
irch90y,Hasta el mismo Einstein era judio y creía en una especie de Dios de la naturaleza.,shsjssj009,argentina,2,2022-10-06 20:56:42,t1_irccu5j,t3_xxh7tu,comment
irc5f8v,Quien le metió el cáncer en la cabeza? Dios!,[deleted],argentina,22,2022-10-06 19:15:18,t1_irc3ye5,t3_xxh7tu,comment
irc6mg3,"Una vez lei un caso de una nena de creo que 11 años que tenia cancer, la estaban tratando y en un momento soño que Jesus le decia que ya estaba curada, los padres cuando les conto decidieron interrumpir el tratamiento y seguir con ""medicina alternativa"", argumentando que la quimioterapia le estaba causando daños irreversibles y que se yo que, a los pocos dias la nena murio

Cuando hicieron una investigacion al respecto llegaron a la conclusion de que, de continuar con el tratamiento, hubiera tenido creo que 80% o mas de probabilidad de salvarse

Los padres despues dijeron que a la nena la mato la quimio

Hay gente que no valora lo que tiene hasta que lo pierde, y gente que ni perdiendolo lo valora",fede142857,argentina,17,2022-10-06 19:25:04,t1_irc5tap,t3_xxh7tu,comment
ircheva,"No, ese fue thanos.",shsjssj009,argentina,1,2022-10-06 20:58:10,t1_irc5tap,t3_xxh7tu,comment
irchwuv,"No seria mi caso, prefiero reventar la puerta de la cabina y tratar de arreglar la situacion, creo que tengo suficientes horas en Flight Simulator para bancarmela (?)",fede142857,argentina,6,2022-10-06 21:02:37,t1_irch5bc,t3_xxh7tu,comment
ircm7ne,"Está frase vieja y sin fundamentos me canse de escucharla. No es una apuesta, se que Dios no existe y no voy a intentar salvarme diciendo un verso o un canto o tirando sal arriba del hombro si estoy en caída libre a mi muerte inminente.",Sunogui,argentina,5,2022-10-06 21:40:20,t1_irch5bc,t3_xxh7tu,comment
ircp7jj,Es lo lindo de ser feo. Pero si espero desespero si quiero ver el partido entero.,Solo_Hecko,argentina,3,2022-10-06 22:05:35,t1_irchis0,t3_xxh7tu,comment
irdf3kt,Dios es omnisciente. Lo sabe todo. Cuando creó el universo sabía que esa persona iba a tener cáncer. El cáncer de esa persona es consecuencia de la creación de Dios,AmonDhan,argentina,5,2022-10-07 02:01:17,t1_irdaemr,t3_xxh7tu,comment
irdigvr,Dios actúa de maneras misteriosas dicen...,Ciromaxx,argentina,1,2022-10-07 02:43:07,t1_irdaemr,t3_xxh7tu,comment
ireyiky,No se puede ser tan mala leche.,CABJTHEBEST4EVER,argentina,2,2022-10-07 12:40:39,t1_irdur0p,t3_xxh7tu,comment
irgn8wk,Aw shit here we go again,MeditativeWalrus,argentina,2,2022-10-07 20:40:47,t1_irdur0p,t3_xxh7tu,comment
irdrths,Re gracioso atrás de una pantalla no?,ldranger,argentina,8,2022-10-07 05:01:40,t1_irdb3k4,t3_xxh7tu,comment
ircbzz6,"al final no hicieron nada y luego piden aumentos, la proxima paritaria pa la iglesia /s",ema_rk,argentina,118,2022-10-06 20:10:19,t1_irc9rx0,t3_xxh7tu,comment
irca4hx,"Y dios los hizo nacer, no al aborto (?) Fetito ingeniero wins",Faxometro,argentina,44,2022-10-06 19:54:11,t1_irc9rx0,t3_xxh7tu,comment
irccjgt,Por qué no me guía a mí? LPM...,YoungLittlePanda,argentina,12,2022-10-06 20:15:01,t1_irc9rx0,t3_xxh7tu,comment
irclc35,Puedo confirmar estoy en quinto año y intervención divina es la única razón lógica de porque llegué tan lejos,theoriginal432,argentina,11,2022-10-06 21:32:49,t1_irc9rx0,t3_xxh7tu,comment
ircw05a,"Ojalá pudiera decir lo mismo yo, estudiar sería taaaan fácil...",gretchenich,argentina,2,2022-10-06 23:03:17,t1_irc9rx0,t3_xxh7tu,comment
irelj60,Sí me habrá salvado Dios en varios parciales.,Major-Firefighter261,argentina,2,2022-10-07 11:00:52,t1_irc9rx0,t3_xxh7tu,comment
ires61h,"También, Dios le puso el tumor..",According-One-1495,argentina,2,2022-10-07 11:52:40,t1_irc9rx0,t3_xxh7tu,comment
irciday,"Definitivamente, Dios es trolo.",[deleted],argentina,20,2022-10-06 21:06:40,t1_ircbqed,t3_xxh7tu,comment
ire8b2a,"Es una accion tuya, pelotudazo",newenesto,argentina,0,2022-10-07 08:59:56,t1_ircbqed,t3_xxh7tu,comment
ircepw4,"El mundo es del diablo, es esperable que pasen estas cosas. Si el mundo estuviera gobernado por dios nos daríamos cuenta.",MuonSiac,argentina,-5,2022-10-06 20:34:12,t1_irce8te,t3_xxh7tu,comment
ircr3qk,Sabes que no? La neoplasia es todo comportamiento anormal de las células que no responde al cese de los estímulos de crecimiento. Es decir células con libre albedrío.,ellaC97,argentina,0,2022-10-06 22:21:36,t1_irce8te,t3_xxh7tu,comment
irekfyr,"El agnosticismo es, en resumidas cuentas, no negar ni afirmar la existencia de un ser superior, todopoderoso, etc. Es algo así (dicho de manera bruta) el medio entre el ateo (que NIEGA la existencia del ser) y el creyente (que AFIRMA la existencia)",FaustoDit,argentina,1,2022-10-07 10:51:54,t1_ireb1x0,t3_xxh7tu,comment
irgmtgm,Que pajaa,Tuburonpereze,argentina,1,2022-10-07 20:36:46,t1_irf7ehs,t3_xxh7tu,comment
ircd3o1,debera estar stremeando valorant el hdp,Ian773,argentina,6,2022-10-06 20:19:57,t1_ircct2q,t3_xxh7tu,comment
ird0oog,"La mayoría de los médicos son creyentes y hay una capilla en la mayoría de los hospitales jajaj, así que puede decir eso.",shsjssj009,argentina,2,2022-10-06 23:42:06,t1_ird0krn,t3_xxh7tu,comment
ircm9fr,"No, soy ateo hasta la médula, si creería en un dios, no sería el dios abrahamico sino el que creía Einstein que era el de Spinoza, la fuerza de la naturaleza como concepto de Dios.

“Respeto a la religión” literalmente pusiste que se comunican por come pibes y un montón de boludeces más. Quisiera verte si tuvieras que hacer quimio y saber en 3 meses probablemente mueras.",shsjssj009,argentina,-2,2022-10-06 21:40:45,t1_irclvrk,t3_xxh7tu,comment
ircv3vm,">pero primero agradecimiento al personal medico no?

&#x200B;

>Se agradece los médicos su trabajo.

Literalmente lo primero que dije",NoTanHumano,argentina,-1,2022-10-06 22:55:33,t1_irckfgw,t3_xxh7tu,comment
irclskv,"La biblia la escribieron sus profetas, precisamente para documentar las interacciones de Dios con la tierra y así dejar antecedentes para toda la humanidad en cualquiera época. Mediante esas escrituras es que hoy en día uno puede conocer a Dios, tenés testimonios, cartas de los discípulos de Jesús, situaciones, analogías, proverbios etc",MuonSiac,argentina,-7,2022-10-06 21:36:45,t1_irck2ha,t3_xxh7tu,comment
irckcc0,"Yo acompañe a mi vieja a las quimioterapia, ya que no tenía a nadie con quién dejarme. Me acuerdo que jugaban conmigo y me daban para coleccionar lo que creo que eran tapitas de medicamentos, eran de varios colores con un anillo metálico en el centro. A esas enfermeras las llevo en el corazón.",KZvilla,argentina,5,2022-10-06 21:24:05,t1_irccvd6,t3_xxh7tu,comment
irc7yd7,En ese caso se agradece estar del lado agradable del mostrador,[deleted],argentina,3,2022-10-06 19:36:01,t1_irc763g,t3_xxh7tu,comment
irc8awu,oof,Goldengnn,argentina,4,2022-10-06 19:38:56,t1_irc5f8v,t3_xxh7tu,comment
irc95f1,Porque diosito le da sus peores batallas a sus mejores guerreros. 🙏🙏,Hellraiser_22,argentina,-1,2022-10-06 19:45:59,t1_irc5f8v,t3_xxh7tu,comment
irchbeb,"No, ese fue thanos.",shsjssj009,argentina,1,2022-10-06 20:57:18,t1_irc5f8v,t3_xxh7tu,comment
ircq4c8,"Durísimo, es muy triste cuando el imaginario de las creencias interrumpe el mundo de lo real. 

Claro que me gustaría que la realidad no fuera tan dura, tan brutal... hace poco perdí a mí hermano, murió de la noche a la mañana, paro cardíaco. Pero así es la vida, así es la realidad, ninguna creencia, ningún truco de magia puede cambiar nuestro destino mortal.",dexhaus,argentina,3,2022-10-06 22:13:19,t1_irc6mg3,t3_xxh7tu,comment
irchzn5,Jajaja que juego bosta,shsjssj009,argentina,-2,2022-10-06 21:03:18,t1_irchwuv,t3_xxh7tu,comment
ircme37,"Es fácil cuando no corres peligro, yo también soy ateo, pero cuando estuve en el medio de un tornado o me robaron, eché un padre nuestro en mi cabeza.",shsjssj009,argentina,-5,2022-10-06 21:41:51,t1_ircm7ne,t3_xxh7tu,comment
irccn53,"Pero no son ingenieros... Son médicos, los ingenieros llegan a la casa y el perro les ladra, imagínate si los va a ayudar dios",TutankaDon,argentina,36,2022-10-06 20:15:54,t1_irca4hx,t3_xxh7tu,comment
ircmshw,Pasa que dios da sus peores batallas a sus mejores guerreros,Doge_Argento,argentina,11,2022-10-06 21:45:16,t1_irccjgt,t3_xxh7tu,comment
ircqqe7,"Vos y yo hermano, cómo aprobé Neuro es uno de los misterios de la sacristía",ellaC97,argentina,2,2022-10-06 22:18:31,t1_irclc35,t3_xxh7tu,comment
ircllvr,Im gay for Jesus.- Charlie Kelly.,Bazz07,argentina,3,2022-10-06 21:35:10,t1_irciday,t3_xxh7tu,comment
ird5u84,"Como la gente pierde respeto y miedo a Dios, terrible nabo vos y los que te bancan",newenesto,argentina,-3,2022-10-07 00:27:04,t1_irciday,t3_xxh7tu,comment
irfrqpa,"Tía, esto no es facebook.",cheezuskraist,argentina,1,2022-10-07 16:21:08,t1_ire8b2a,t3_xxh7tu,comment
ircfuwj,No es muy todopoderoso entonces.,Pium19,argentina,11,2022-10-06 20:44:16,t1_ircepw4,t3_xxh7tu,comment
irfdeez,"Básicamente eso no hay absolutos,en circunstancias como está sería no negar el trabajo y el esfuerzo irrefutable de los médicos y por otra parte entender cómo está persona saco la voluntad para seguir adelante con el tratamiento,como dije quizás dios ,quizás el Diego o quizás ella misma",tuchinc,argentina,3,2022-10-07 14:31:37,t1_irekfyr,t3_xxh7tu,comment
irct2zp,"sos la décima persona que menciona ese juego en la semana, me lo puse a bajar LPQTP!",bugibangbang,argentina,2,2022-10-06 22:38:30,t1_ircd3o1,t3_xxh7tu,comment
ircownn,"Lo de come pibes es un chiste , la religión va por un lado y no tiene nada que ver con los come pibes que son una vergüenza para la humanidad, 2 diferentes cantares con una delgada línea, pero chiste en fin, y sabes que fue un chiste sin embargo te agarraste de algo para enojarte, si lees todos los comment del post no entiendo porque te pego tanto el mío honestamente.

Lo de los 3 meses te digo, pasé por cosas horribles y por cosas buenas con familiares no lejanos y nunca acudimos a Dios, no estoy orgulloso ni tampoco arrepentido, no lo siento ni lo necesito, es mi forma. No te lo tomes personal discutir sobre religión no lleva  a nada.  
Voy a curiosear a Spinoza igualmente gracias por la data.",bugibangbang,argentina,-2,2022-10-06 22:03:02,t1_ircm9fr,t3_xxh7tu,comment
ircmnym,"No es evidencia, son solo escritos, me resulta gracioso porque en este mundo para todo necesitas evidencia, y aun con evidencia y todo no es suficiente para ganar un juicio, y la respuesta a nuestra existencia para algunos basta con un librito antiguo, tremendo. Igual no vamos a llegar a ninguna parte porque veo que sos religioso y yo ateo, no perdamos el tiempo, no voy a convencerte ni vos a mi, convivamos y respetemonos, cada uno por su camino. Saludos.",bugibangbang,argentina,7,2022-10-06 21:44:10,t1_irclskv,t3_xxh7tu,comment
ircxj0f,2 prédicas más y te recibis de pastor,Weak_Driver,argentina,4,2022-10-06 23:16:16,t1_irclskv,t3_xxh7tu,comment
irc95e1,Todo cierra!,[deleted],argentina,1,2022-10-06 19:45:59,t1_irc8awu,t3_xxh7tu,comment
ircfhnb,"Mirá, se nota que sos creyente y todo, pero ésta frase realmente me molesta.
 
La frase intenta justificar injusticias y atrocidades con una justificación absurda: era para que aprendas, era para demuestres lo bueno que sos.
 
Las bolas. No le debes explicaciones ni demostraciones a nadie y definitivamente NO se merece pasar por algo tan horrible como un cáncer. Me tienen las bolas llenas con justificar atrocidades que no deberían de existir.
 
Pero por supuesto que ningún creyente de Dios va a admitir eso, porque eso sería admitir que Dios no tiene un plan divino para todos, que se equivoca y que no todo lo que sucede tiene un propósito. En fin..",blanma,argentina,4,2022-10-06 20:41:02,t1_irc95f1,t3_xxh7tu,comment
ircd9nm,con razón me hizo chaqueño el forro culo roto,[deleted],argentina,1,2022-10-06 20:21:23,t1_irc95f1,t3_xxh7tu,comment
irci35p,Para vos lo sera,fede142857,argentina,5,2022-10-06 21:04:11,t1_irchzn5,t3_xxh7tu,comment
ircmrkt,"Entonces no sos ateo jajaja. Por qué rezarías, de hecho, ¿como lo sabes siquiera? Estarás dudando de la existencia pero crees.


Dos veces casi muero y nunca se me pasó por la cabeza algo referido a un Dios. Si muero, mi cerebro deja de percibir el mundo alrededor y listo, no tiene mucho misticismo. 


Pero se que muchísima gente necesita que dios exista así que no suelo decir nada. En este caso salto porque ya me meten en la bolsa cuando yo no hago lo mismo.",Sunogui,argentina,3,2022-10-06 21:45:03,t1_ircme37,t3_xxh7tu,comment
ircqmwm,"Jajajajajajajajajajajajajajajaja bldo me tenté, aguanten los ingenieros

Atte: una casi médica",ellaC97,argentina,9,2022-10-06 22:17:42,t1_irccn53,t3_xxh7tu,comment
irdrng3,Obvio. Hay muchos personajes ficticios mas copados que un chabon que mato a millones.,[deleted],argentina,6,2022-10-07 04:58:55,t1_ird5u84,t3_xxh7tu,comment
irgrn6z,"No dogor, se diferenciar gracias a Dios",newenesto,argentina,1,2022-10-07 21:21:35,t1_irfrqpa,t3_xxh7tu,comment
ircg0qw,Por qué? Vos entendés el proceso que está pasando la tierra según la biblia? Vos entendés porque dios no la gobierna?,MuonSiac,argentina,0,2022-10-06 20:45:43,t1_ircfuwj,t3_xxh7tu,comment
ircvmq4,"uy q mala idea, suerte en tu nueva vida !",DefinitelyRussian,argentina,5,2022-10-06 23:00:05,t1_irct2zp,t3_xxh7tu,comment
ircy3j5,"No tenías un juego mejor para jugar? Jajajajajaja, suerte con esa kk",BumblebeeEarly197,argentina,2,2022-10-06 23:20:51,t1_irct2zp,t3_xxh7tu,comment
ircfsr3,"Te comiste el bait de que soy creyente, detector de sarcasmo urgente hermano.",Hellraiser_22,argentina,3,2022-10-06 20:43:45,t1_ircfhnb,t3_xxh7tu,comment
ircmuo2,"Tu estupidez es la misma de que yo te diga, si sos ateo, por qué no trabajas los domingos?

Yo no creo un carajo en que exista un dios misericordioso como el abrahamico, pienso qué hay un dios o una fuerza que inició todo el universo pero que le importas una mierda y no es ni misericordioso ni nada. Es el dios panteista en el que creía Einstein.",shsjssj009,argentina,1,2022-10-06 21:45:47,t1_ircmrkt,t3_xxh7tu,comment
irctv9k,"Acá medio ingeniero, en uno par de años voy a seguir haciendo el mismo chiste pero incluyendome",TutankaDon,argentina,3,2022-10-06 22:45:04,t1_ircqmwm,t3_xxh7tu,comment
irfrwfu,Banco mil veces más a Asterix que a Dios.,cheezuskraist,argentina,2,2022-10-07 16:22:24,t1_irdrng3,t3_xxh7tu,comment
ire87n4,"Una idea no tenes, te digo que no hables alpedo y estudies el libro principal, asi no corres por ignorante y te pones a escribir boludeces como esas!",newenesto,argentina,-1,2022-10-07 08:58:56,t1_irdrng3,t3_xxh7tu,comment
ircg4x7,No. Contame un poco a ver que onda.,Pium19,argentina,8,2022-10-06 20:46:46,t1_ircg0qw,t3_xxh7tu,comment
ird0ino,"Macho es el que probó y no le gustó, lo baje, es el counter con power rangers, lo desinstalé, soy un iluminado.",bugibangbang,argentina,3,2022-10-06 23:40:47,t1_ircy3j5,t3_xxh7tu,comment
ircfxq7,Nuevo en Reddit? Al sarcasmo se le agrega /s campeón,blanma,argentina,-2,2022-10-06 20:44:58,t1_ircfsr3,t3_xxh7tu,comment
ircn7o1,"Porque me contrataron bajo 5 días hábiles. Y cada 5 semanas trabajo los domingos. No hay mucho que pueda hacer frente a la cultura establecida desde hace milenios, como el 25 de diciembre. 

No se a que va el caso igual. Perdón si me puse violento.",Sunogui,argentina,3,2022-10-06 21:48:49,t1_ircmuo2,t3_xxh7tu,comment
ircqjxv,"Entonces sos agnóstico, no ateo.",Brno_Mrmi,argentina,2,2022-10-06 22:17:00,t1_ircmuo2,t3_xxh7tu,comment
ircv6f5,"Depende el tipo de ingieneria, si son queridos o no.",ellaC97,argentina,1,2022-10-06 22:56:08,t1_irctv9k,t3_xxh7tu,comment
ircgrsu,"Resulta que todos los seres creados por dios tienen libre albedrío, que lo pueden usar para hacer lo que quieran, inclusive para desobedecer a Dios. Dios no interviene en la vida de las personas de manera tan marcada, son contadas las veces que lo hizo y por lo general se trata de cosas como las de los profetas (antes los utilizaba para comunicarse con la tierra porque no existía la biblia todavía). Un tal lucifer también tenía libre albedrío, y lo utilizo para desafía a dios y mentir sobre el ( como dijo Jesús, es el padre de la mentira). El ser humano creyó sus mentiras, desobedecio a dios y por lo tanto dios actuó en consecuencia. La condena del pecado es la muerte,(que no significa el fin de la vida), y ya que tanto lucifer cuestiono a dios y el ser humano aparentemente también, lo que hizo fue dejar que el ser humano se gobierne por si mismo y que el diablo gobierne la tierra. Todo esto tiene fecha de caducidad, y eso se relaciona con la segunda venida de cristo. Todo bien con que no crean, pero no afirmemps cosas sin investigar el otro lado.",MuonSiac,argentina,5,2022-10-06 20:52:21,t1_ircg4x7,t3_xxh7tu,comment
ircghbn,"Cómo le dije una vez a uno, si tengo que poner /s cada vez que comento algo en joda ni comento campeón.",Hellraiser_22,argentina,1,2022-10-06 20:49:47,t1_ircfxq7,t3_xxh7tu,comment
ircntk4,Festejas navidad?,shsjssj009,argentina,1,2022-10-06 21:53:51,t1_ircn7o1,t3_xxh7tu,comment
ird3wf0,[deleted],[deleted],argentina,0,2022-10-07 00:10:17,t1_ircv6f5,t3_xxh7tu,comment
irczmoq,"Discúlpame flaco pero vi Sandman, Lucifer y Supernatural así que creo que sé cómo funciona la religión.

![gif](giphy|1r94F7md6CsZM8WJ0w)",Bazz07,argentina,13,2022-10-06 23:33:23,t1_ircgrsu,t3_xxh7tu,comment
irchwzc,un re lore,ezee_dv,argentina,23,2022-10-06 21:02:38,t1_ircgrsu,t3_xxh7tu,comment
irci222,"Gracias por la explicación. 

Y en el pasado leí sobre eso y me volví ateo. Al final se borro todo por ser información innecesaria para un ateo.",Pium19,argentina,11,2022-10-06 21:03:54,t1_ircgrsu,t3_xxh7tu,comment
irczmzz,"Uh sabes cuando cristo se venga por segunda vez, otra que el diluvio universal",LuckyLucho,argentina,3,2022-10-06 23:33:28,t1_ircgrsu,t3_xxh7tu,comment
ircjph6,"""¿Es que Dios quiere prevenir el mal, pero no es capaz? Entonces no es omnipotente.
¿Es capaz, pero no desea hacerlo? Entonces es malévolo.
¿Es capaz y desea hacerlo? ¿De dónde surge entonces el mal?
¿Es que no es capaz ni desea hacerlo? Entonces, ¿por qué llamarlo Dios?""

Paradoja o trilema de Epicuro.",Billy_AR,argentina,12,2022-10-06 21:18:40,t1_ircgrsu,t3_xxh7tu,comment
ircnsls,Resulta que el hombre creó a dios,[deleted],argentina,7,2022-10-06 21:53:37,t1_ircgrsu,t3_xxh7tu,comment
ircgna9,"La gente no te lee la mente campeón, nadie sabe con qué tono lo escribís. Pero si elegís no ser comprendido al menos tené la delicadeza de no quejarte cuando no te entienden, capo.",blanma,argentina,-1,2022-10-06 20:51:15,t1_ircghbn,t3_xxh7tu,comment
ircq8vu,"No, nunca lo festeje, no tiene sentido. 

No es necesario que me tomes examen eh.",Sunogui,argentina,3,2022-10-06 22:14:23,t1_ircntk4,t3_xxh7tu,comment
ird3ze1,Pero me puedo casar con alguien que si 😉,ellaC97,argentina,3,2022-10-07 00:11:03,t1_ird3wf0,t3_xxh7tu,comment
ire0yku,"Uuh man te faltó American gods, ahí si te explican el verdadero lore de la intervención de los dioses en la tierra",-Haliax,argentina,3,2022-10-07 07:28:27,t1_irczmoq,t3_xxh7tu,comment
ire0z50,"Uuh man te faltó American gods, ahí si te explican el verdadero lore de la intervención de los dioses en la tierra",-Haliax,argentina,3,2022-10-07 07:28:40,t1_irczmoq,t3_xxh7tu,comment
ircldzx,"Primer pregunta: Cuando Dios creo todas las cosas, naturalmente, el mal se hizo posible. Ese mal es llevado a cabo por aquellos que no cumplen sus leyes sea por la razón que sea, como dije, es el libre albedrío, y cada uno decide hacer lo que quiera. Dios quiere que los seres humanos lo obedezcan, en muchos pasajes de la biblia se escucha decir que las cosas que están pasando son cosas que tienen que pasar, por qué? Porque es exactamente la demostración de que el único que puede gobernar de manera justa es Dios, y que ni el humano ni nadie que desafíe esas leyes puede llevar a cabo un gobierno justo. La prueba? , Échale un vistazo al mundo.
Segunda pregunta: Es capaz ? Si, desea hacerlo? Si, y lo va a hacer, es una promesa que le hizo a la humanidad, solo nos pide que aguantemos una vida de sufrimiento. Dentro de millones de años, quienes hayan decidido ponerse de su lado verán porque Dios permite todo esto, precisamente porque puedo revertir los daños.
Respecto a las demás preguntas: El mal surge de desobedecer a Dios, el creo todas las cosas por lo tanto el que dice lo que está bien y lo que está mal es el. Te recomiendo leer la biblia, esas preguntas tienen respuestas pero tenés que tener conseguir sabiduría y discernimiento, tal como la biblia lo indica. Te dejo una reflexión: Cuando caín mato a Abel, Dios profetizo que habrá dos tipos de hijos, los del diablo( la gente que no sigue a Dios) y los de Dios( los que se bautizaron y siguen sus leyes) Hay cosas que Dios le revela a sus hijos que no se lo revela a cualquiera, por qué un hijo del diablo sabrá más que un hijo de Dios sobre el mismísimo Dios? La mayoría de los cuestionamientos hacia Dios devieneb de falta de conocimiento. Por hoy se acabo mi interacción, lo digo por si no contesto. Saludos",MuonSiac,argentina,4,2022-10-06 21:33:16,t1_ircjph6,t3_xxh7tu,comment
ircpkg4,Después mí familia se enoja xq leo manga...,Nearby-Upstairs-373,argentina,15,2022-10-06 22:08:39,t1_ircnsls,t3_xxh7tu,comment
ircgyld,"Habla por vos campeón, sos apenas el segundo que me exige comentar con una s/",Hellraiser_22,argentina,2,2022-10-06 20:54:03,t1_ircgna9,t3_xxh7tu,comment
ircqv87,Pero si el primero que me tomó un examen con preguntas boludas sos vos jajaj,shsjssj009,argentina,1,2022-10-06 22:19:37,t1_ircq8vu,t3_xxh7tu,comment
irf22bh,Ahora podes empezar la busqueda de una mina que te quiera y te valore de verdad.,ElBobeDylan,argentina,391,2022-10-07 13:07:03,t3_xy2jbt,t3_xy2jbt,comment
irf0kky,Ellas es una garca y vos no. Segui asi nunca cambies!,heliz_10,argentina,1724,2022-10-07 12:55:48,t3_xy2jbt,t3_xy2jbt,comment
irf40hi,"Mirando el lado positivo agradece que esquivaste una bala.

Estas situaciones te van a fortalecer con el tiempo, no digo que sea bueno ni agradable pero despues lo vas a poder manejar mucho mejor emocionalmente si tenes la desgracia de que te vuelva a suceder. Con el tiempo se va a convertir en una anecdota y vas a poder consolar a otro.",super-venon,argentina,473,2022-10-07 13:21:39,t3_xy2jbt,t3_xy2jbt,comment
irf5y9a,"Sácala para el pingo de tu casa, así te llore, le tiras un bolso a los pies y le decís a las 15:30 te quiero fuera de acá y no digas más.
Eso no se arregla con nada así te digan las amigas ""ay entendela"" no viejo, esa gente no entiende",SanchezTheBeast,argentina,668,2022-10-07 13:36:04,t3_xy2jbt,t3_xy2jbt,comment
irf97mm,"Aunque duela, no perdonés bro. Si la perdonás, te va a volver cornear. El/la que cornea, lo vuelve a hacer.

Terminá la relación, llorá lo que tengás que llorar, hacé el duelo, y después seguí adelante. Ya vas a encontrar a otra mucho mejor.",Tuxecutor,argentina,415,2022-10-07 14:00:05,t3_xy2jbt,t3_xy2jbt,comment
irf2a7s,"Supongo que te diste cuenta que en realidad SI tenía  francos en su laburo.
Es lo mejor que te pudo pasar, duele y mucho porque te sentís traicionado y que te humilló la persona que tuviste al lado durante 4 años, pero luego de llorar y pasar esta etapa todo va a sanar y vas a poder pasar página, a la fuerza esto te dejo ABRIR LOS OJOS.

Te digo lo mismo que le digo a todos, QUERETE hermano, valorate, respetate vos mismo como persona, y actúa en base a eso, no dejes que te manipule con palabras.
No te conozco, pero si sos un buen tipo y sobre todo si te querés y valoras, vas a conseguir a alguien que también lo haga.
Abrazo.",Efficient_Top_5766,argentina,540,2022-10-07 13:08:44,t3_xy2jbt,t3_xy2jbt,comment
irf0t4m,"Mira, lo mejor que pudo pasar es que te des cuenta. Te va a doler un tiempo, pero va a pasar que va a llegar el día en el que ya no importe más. Vas a seguir con tu vida, todo se va a terminar acomodando, vas a ver. Yo no creo que la debas perdonar, la tenés que dejar. Va a ser lo mejor para vos, te vas a dar cuenta con el tiempo. Se que quizás no puedas ver en estos momentos las cosas como te cuento, pero creeme que es así. Acá importas vos, porque vas a vivir con vos mismo el resto de tu vida. Vas a salir adelante igual, aguanta un poco nomás. Abrazo",originaldos,argentina,144,2022-10-07 12:57:36,t3_xy2jbt,t3_xy2jbt,comment
irf0s8a,"Buenas amigo, te comento que primeramente te entiendo porque pasé por algo similar hace un año. Es una mierda, sí, pero te prometo que salís de ésta

Y mirá, por más blunt que sea lo que te voy a decir, pensá que es mejor si ya está fuera de tu vida. Entiendo que hayas pasado muchas memorias con ella pero ése tipo de gente belongs to the streets, no hay vuelta atrás con éso. Yo cuando me enteré y sucedió (me enteré por terceros), me mantuve calmo, la saludé cuando llegó, le hice el bolso a la mañana, se lo dejé afuera de la casa y le deseé lo mejor. 

Sí, la mina la cagó, pero no te culpes por éso. Si tenés que llorar, llorá, si tenés que gritar, gritá. Sentí las emociones y no te las guardes

Tomate un tiempito afuera de la máquina y el teléfono, acostate cerrá los ojos y ponete a pensar que vas a hacer ahora. Es sabido que yéndose ella, también se fué una parte de vos, pero éso es siempre así, aplica también a las amistades. 

De acá a aproximadamente 9-12 meses vas a estar sanando, te recomiendo que (si todavía no estás yendo) vayas al gimnasio, o si te da vergüenza, hagas ejercicio desde tu casa. 
Juntate con amigos, hablá con tu familia, básicamente volvé a acostumbrarte a tu vida antes de ella

Cualquier cosa, mandame un dm o comenta ésta reply que te contesto. Y disculpa si no te ayudé mucho, pero no soy muy bueno con las palabras
Fuerza amigo, te prometo que vas a salir de ésta",stzfrank,argentina,375,2022-10-07 12:57:25,t3_xy2jbt,t3_xy2jbt,comment
irf7os0,"Un abrazo che, al menos te extirpaste un tumor de tu vida antes de que haya pibe de por medio.",[deleted],argentina,85,2022-10-07 13:48:44,t3_xy2jbt,t3_xy2jbt,comment
irf4dm6,"a ver, consejo de un bol, viejo y casi sabio, a mi me paso un par de veces, cornudos somos, fuimos y seremos alguna ves. la ves que mejor  la pase, fue cuando me entere un dia antes de  ir a santa teresita en un fn de semana largo, fuimos alla,  se puso en pedo, le reempalme el corta churros, y el domingo a la mañana, me cargue mis cosas en el auto, mientras ella dormia, y me volvi, la deje si un mango, sin documentos, y con una cartita, que decia , despues de desocupar el hotel, pedile a tu macho que te lleve, besos. los cuernos los tuve, pero fue un final feliz",Hot_Voice_5612,argentina,677,2022-10-07 13:24:24,t3_xy2jbt,t3_xy2jbt,comment
irf3p9w,"Campeon el problema es de ella, no tuyo. En el momento que entiendas eso va a ser todo mas facil.
Ella se va a dar cuenta mas adelante al flaco que se perdio por no respetarte y valorarte.
Es tu vida y tenes que seguir adelante.",Kuivyy,argentina,54,2022-10-07 13:19:20,t3_xy2jbt,t3_xy2jbt,comment
irf30ff,"Sacale todas las cosas afuera lo antes posible, y guárdate pruebas del adulterio por si más adelante las necesitas ,si entras en alguna disputa legal .

Respecto a lo emocional , es muy doloroso pero vas a salir adelante , en todo caso el que se sacó un clavo de encima sos vos. No se te ocurra perdonarla ni creerle sus lágrimas de cocodrilo, seguramente te quiera echar la culpa con cosas como que la descuidaste o que la relación iba mal y vos no lo veías.  No le creas , no la perdones ni te reconcilies .",Feregar,argentina,143,2022-10-07 13:14:11,t3_xy2jbt,t3_xy2jbt,comment
irgpnj8,"No comento en Reddit ni en ningún foro desde el 2011. Pero ví que tenemos la misma edad y nos tocó vivir algo similar. 
7 años de relación, la conocí ni bien a llegué a Cba a estudiar en el 2014. Convivimos unos 5 años, hubo de todo al medio, pero lo que más proliferó fue mí depresión. 
El 28/7/21 Justo antes de entrar a mí depto ví una oportunidad y tuve mí último intento de suicidio cuando estuve a punto de saltar adelante de un bondi de 18 metros. Cuando media el impulso, me agarró de la campera una viejita que me hizo acordar un montón a mí abuela y me tiró hacia atrás, creí que estaba solo en la calle eran casi las 12: 
- Cuidado nene
- Uh sí, iba distraído, gracias..
- No pasa nada, pero querete papito, sos joven.

No la pude mirar un segundo más. Crucé a mí edificio y entre con los ojos desbordados, esa misma noche conseguí cita con el psicólogo más cercano y la llamé para contarle, me dejó, me dijo que no le parecía justo para ella acompañarme en el proceso. 
Pasó más de un año y ha sido todo un viaje, estoy en la mejor forma física desde mis 17, de a poco voy recuperando mis pasiones y conociendo otras, conseguí mí primer laburo en blanco, un nuevo grupo de amigos y me conozco muchísimo más a mí mismo ahora. 
Man, no sé que tanto te ayude ésta idea, pero la etapa de vida que tenés por adelante es sumamente interesante, vas a tener muchos altibajos y van a haber semanas que no vas a poder ni levantarte, pero por tu salud, hacelo. No evites el duelo y salgas corriendo a cogerte lo primero que se te ponga adelante, nunca sale bien, a mí no se me paró con las dos primeras minas que estuve después de cortar, me costó muchísimo aceptar otro cuerpo, otro olor, aceptar que no estaba engañandola, que ya  no éramos nada y si estaba ahí era solo por mí. 
Tips? Cocinate, explorá y mucho, prestate para planes que no estás acostumbrado a hacer y más que nada, más importante que todo, contacto 0. Bloquea y aleja lo más posible todo lo que pueda recordartela y pensá bien tus últimas palabras. Que nunca más se olvide de lo que te hizo pasar, del daño que es capaz y de todo lo que se perdió por vaya a saber con que clase de tipo sin códigos se metió, pero, esto es en el tono más caballeroso que exista, sos vos demostrando porque sos mejor que ella, porque no te merece y porque nunca te va recuperar ni encontrar a alguien igual. Es una carta de amor propio a tu yo del futuro que se va acordar a detalle esa última charla. Demostrale lo digno que sos y como te fuiste con la cabeza en alto. 
Fuerza mono, se sale, se puede, paciencia.",meepsguy,argentina,49,2022-10-07 21:03:05,t3_xy2jbt,t3_xy2jbt,comment
irf8wrl,"Mira lo bueno, no era una compañera de vida en absoluto. Hace la tuya, trabaja, estudia, salí con tus amigos, hace deporte, búscate algún hobbie como puede ser tocar un instrumento.  Y llora, tenés derecho a estar triste, sácate toda la angustia. Con el tiempo lo vas a ir superando y vas a estar fuerte como un roble para poder iniciar otra relación. 

Quieras o no, fue para bien, mira si después planeabas casarte con ella? Iba a ser terrible eso.",PradaAlliance,argentina,42,2022-10-07 13:57:49,t3_xy2jbt,t3_xy2jbt,comment
irf66gn,"Mejor enterarse ahora que mas tarde.

Vas a estar triste, seguro, y vas a dudar. Si es mejor perdonarla, pensar en la relacion q perdes, los buenos momentos, si vas a encontrar a otra, etc pero es un espejismo eso. La chica no tiene arreglo, y si volves con ella te va a volver a cagar. Tenes q ser fuerte. 

Llorate todo ahora pero dejala atras sin culpas",voldur12,argentina,37,2022-10-07 13:37:42,t3_xy2jbt,t3_xy2jbt,comment
irf3xl0,"Así la pareja esté muerta, nada justifica el engaño. Al menos para mi. Se habla siempre, se ve un tiempo o algo asi, estas cosas no se perdonan NUNCA. No la perdones OP. Buscate a alguien mejor. Y esta bien que estés mal! se termina un ciclo. Fíjate que sea un tiempo prudencial.",[deleted],argentina,114,2022-10-07 13:21:03,t3_xy2jbt,t3_xy2jbt,comment
irfr18j,"Todas putas. Ahora en serio, por más cliché que suene, me parece que la sociedad de hoy en día subestima y pasa por alto mucho el concepto de la “infidelidad” y lo toman como algo “perdonable”, “poco grave” o “exagerado”. De hecho siempre que se escucha de un caso como este sobre alguien que le fue infiel a su pareja siempre está el comentario nefasto de “ah, entonces el cornudo algo habrá hecho!”, “no la hacía feliz”, “no la satisfago lo suficiente”. Sea la razón que sea, los cuernos NUNCA deben ser justificados o romantizados aquellos que no lo sintieron no saben lo doloroso que es esa traición y ponen pelotudeces en twitter como “normalícenos los cuernos”, “acostumbrémonos de perdonar los cuernos” etc. 

Una pelotudes total buscar clemencia después de traicionar así a una persona, que se piensan? Que las personas son juguetes desechables? Hoy en día alguien le es infiel a alguien y en la mayoría de casos la pareja se separa y lo pasa por alto. En mi humilde opinión estoy en contra del ecrache o cancelamiento de las personas, pero recuerdo que de pendejo, una madre de un amigo le fue infiel al viejo por un guardavidas (si re de película) y lo peor es que la tipa se embarazo del chabon y el papa de mi amigo crió tanto a su hijo como nueva “hija de sangre” pensando que siempre fue suyo. Tarde o temprano la infidelidad surgió a la luz y la prueba de ADN confirmó que la hija del pobre padre cornudo no era su hija. Lo más triste es que el tipo le rogó a todos aquellos que se enteraron que no le digan una palabra a la nena, que le romperían el corazón al saber que su madre era una adúltera y su verdadero padre nino. 

La historia terminó peor ya que el padre de mi amigo falleció por una enfermedad que todo sabemos que lo que realmente lo termino de matar fue la depresión que le causó esa miserable mujer. Hoy en día mi amigo sigue con las cicatrices del bullying, la hermana no tiene ni idea (eso va a durar poco) y la madre escarchada totalmente, sin amigos puesto que toda la comunidad sabe lo que hizo, sueldo miserable (puesto que todos los trabajos posibles para ella son controlados por los amigos del difunto ex esposo) y viuda (aunque poco le importe eso último). No pienso ser un amarrete y decir que “antes estábamos mejor” pero antes la infidelidad era caso serio y no era ningún juego, hoy en día la gente subestima las consecuencias de la infidelidad y como dije antes no estoy de acuerdo con escrachar a la personas, pero pienso que en casos como estos los infieles de alguna forma no deben salir impunes como si nada después de haber arruinado a su pareja como le pasó a ese pobre hombre y su hijo.",[deleted],argentina,32,2022-10-07 16:15:43,t3_xy2jbt,t3_xy2jbt,comment
irfalz6,"Consejo de un amigo que me ayudó cuando pase por las misma situación. Si queres volver con ella imaginatela toda wasqueada por otro, parece mentira pero me sirvio una banda",quiste_sacrocoxigeo,argentina,95,2022-10-07 14:10:32,t3_xy2jbt,t3_xy2jbt,comment
irf0y8a,"Uf estás en la caca hermano.

Lamentablemente, muchos estuvimos ahí.
Pensa que al menos te diste cuenta ahora, más temprano que tarde. 
Te voy a decir cosas que me hubieran servido a mí:
No te sigas lastimando. Cerra eso. No le busques explicaciones, no fue culpa tuya. Aléjate de esa persona para siempre. Y refugiate en tus amigos y familia.
¿Que son tres, cuatro años en la vida de una persona? Nada. Tenés todo por vivir. Vas a conocer gente nueva, vas a vivir una banda de cosas más.
Llora todo lo que necesites. Y después seguí.
Mucha fuerza papu",[deleted],argentina,66,2022-10-07 12:58:40,t3_xy2jbt,t3_xy2jbt,comment
irf8wy2,"Termina la relación ya, sufrí, curate y volve a la selva",Ok-Ad-1138,argentina,22,2022-10-07 13:57:51,t3_xy2jbt,t3_xy2jbt,comment
irf9i3o,"Tenés todo el derecho a sentirte triste, pero no a pensar que te lo mereces. Usted no ha hecho nada malo. Tenga en cuenta que cuando la pareja es infiel uno tiende a pensar que es culpa propia pero nada más lejos de la verdad que eso. Haga todo el duelo necesario, pero permitase saber que por delante hay toda una nueva aventura en la que quizás comience a reencontrarse con si mismo y paralelo a eso vengan personas con las que se sienta y sea valorado. Buenaventura para vos.",4y19caracteres,argentina,19,2022-10-07 14:02:16,t3_xy2jbt,t3_xy2jbt,comment
irfn4uz,"Loco lo que te duele no es que se la cogieron. Lo que te duele es que pensaste que depositaste un proyecto y confianza en alguien y le chupó un huevo. Pero si lo pensas demasiado te vas a volver loco. Pensalo asi, te sacaste un quilombo de encima. Ahora concéntrate en ver como salís de este tema lo mejor parado posible. 

Arregla el tema de donde vivis primero, las cosas que hayan quedado  etc. No te distraigas con el tema del engaño (que es un garron, si pero ya está, no lo vas a cambiar) porque te pueden dejar en bolas si te desconectas.

Concéntrate en tu laburo, tus viejos, amigos etc que te van a dar una mano  seguramente. No te aisles.

 Concéntrate en salir bien de esta situación, y no hagas ninguna boludez estilo venganza como las que mencionaron algunos aca porque te podes cagar la vida muchísimo peor. 

Tomate el palo y dale para adelante maquina, viaja si podes, o busca lo que mas te guste y metete ahi. Hablar con tus viejos (si tenes buena relación) tampoco viene mal. Y acordate que siempre podes ir a un especialista (psicólogo o psiquiatra) si es que estas muy para abajo y no es ninguna vergüenza.

Y acordate de esto. Si hay salida, no hay tragedia. Ocupate no te preocupes.",fakav22,argentina,15,2022-10-07 15:45:27,t3_xy2jbt,t3_xy2jbt,comment
irf7bsx,"Hola hermano, es una cagada lo que te paso, pero no es algo que podés controlar o cambiar y habla más de ella que de vos. Te queda salir de ahi, bloquearla de todos lados y deja de buscar información de la situación, enfrenta el duelo por lo que paso. Anda terapia, contáctate con tus amigos, con tu familia, contales todo y no te cierres, te van a acompañar de una manera que no te imaginas y es algo valiosísimo en este momento. No dejes que esta situación te defina, vas a buscar razones y motivos en todos lados, repasando momentos todo el tiempo y sobrepensando todo, pero la gente a veces hace cosas que uno no comprende, pensalo como que te sacaste una cagadora de encima antes de que pase a ser algo más serio o en un momento más clave.

Mucha fuerza, tómalo como lo que es, un duelo, no lo minimices, llora, putea, sácate la bronca, sácate todo lo que sentís de adentro, pero déjalo ahi tene en cuenta que no es el fin del mundo, todavía estas vivo y todavía estas aca para pelearla.

Si te puedo recomendar un libro que me ayudo mucho en momentos difíciles, Meditaciones de Marco Aurelio.",Tungst3ne,argentina,13,2022-10-07 13:46:06,t3_xy2jbt,t3_xy2jbt,comment
irfcqfj,"Que hija de mil puta. Vos tranquilo loco, pensá que es mejor que te enteraste ahora antes de perder más tiempo de tu vida con esa whore.

Te vas a sentir mal por un tiempo, pero va a pasar te lo aseguro, un consejo que te puedo dar es que te busques una distracción, un Hobbie o algo por el estilo, el cerebro sigue procesando el dolor mientras estás distraído y te va a ser más fácil naturalizar lo que te pasó, hasta llegar al punto de superarlo.

Te mando un abrazo Bro, y acordate de que está mierda va a pasar, te vas a volver a sentir bien y vas a ser más fuerte al superar esto.

Y casi me olvido, hagas lo que hagas no le vuelvas a hablar, aunque te estés muriendo del dolor, no le creas si te quiere ver para terminar bien, o devolverte algo, te va a querer garchar y engancharte de nuevo y ahí te cagas la vida, alejate de ella y aprendé nuevamente a estar solo. En semanas o meses va a ser solo un mal recuerdo",Hangrytoolman,argentina,30,2022-10-07 14:26:34,t3_xy2jbt,t3_xy2jbt,comment
irf65ai,"Bueno hay mucha bronca en este sub, personalmente te recomendarias que no hagas nada para joderla. No vale la pena, no te va a hacer sentir mejor y si realmente quisieras vengarte, no hay nada que duela mas que ser la sorete y no tener nada que recriminarte. A menos que seas un psicopata.

Lo que si te voy a recomendar es que blockees todo contacto, y si se mueven en los mismos circulos, seria bueno buscar nuevos circulos.

Entiendo por como escribiste el posteo que no le dijiste nada aun, te recomiendo screenshotear todo por las dudas de que necesites pruebas, en el mejor de los casos no lo vas a usar para nada, pero te puede ayudar a ahorrarte que te den vueltas o cosas mas serias.

Ahora es cuestion de pelear contra la depresion, cuanto menos la dejes pegarte, mas facil y rapida te va a resultar la recuperacion. No te dejes caer, fuerza bro.",n7Angel,argentina,71,2022-10-07 13:37:28,t3_xy2jbt,t3_xy2jbt,comment
irfp9sc,"Le decís que te preste la tarjeta de crédito porque estás teniendo problemas con la tuya, te compras el PS5 y el nuevo iPhone 14 Pro Max ultra 1 link no fake mega mi subida, te tomas el palo, vendes los dispositivos y chau. ¿Le gusta que se la coja otro? Bueno, que se la coja el Estado y la AFIP con esas compras que vas a reportar porque te preocupa que fugue plata y vos sos un buen ciudadano peroniano. 

En 2 semanas salís, hermano.",ChoripanConPepsi,argentina,38,2022-10-07 16:01:59,t3_xy2jbt,t3_xy2jbt,comment
irf0bdl,"Llévala a gessel, decile que querés separarte porque te metió los cuernos y dejala allá que se pague el pasaje de vuelta.

Pensar mejor en lo que ganas que en lo que perdiste ayuda",rodouss,argentina,75,2022-10-07 12:53:56,t3_xy2jbt,t3_xy2jbt,comment
irf289a,"No se como te debes sentir en este momento pero lo unico que puedo decirte es fuerza crack

Todo pasa como diria mi amigo Grondona .... ehmmm creo que no es el mejor ejemplo",JebusOK,argentina,10,2022-10-07 13:08:19,t3_xy2jbt,t3_xy2jbt,comment
irh3ltg,Todas putas,V_Shuan,argentina,12,2022-10-07 23:13:26,t3_xy2jbt,t3_xy2jbt,comment
irfcmy9,"Women ☕

Te hizo un favor al cagarte ahora y no a los 40 con 2 críos",ShinyBless,argentina,20,2022-10-07 14:25:50,t3_xy2jbt,t3_xy2jbt,comment
irf6jtm,"Lo siento, hermano.  Suena genérico, pero tiempo al tiempo. Mejor darse cuenta joven de que la persona con la que estás no es para vos. Mucha suerte, y, cuando pase el dolor (que va a pasar), mucha joda. Te mando un abrazo.",Sagiita,argentina,9,2022-10-07 13:40:27,t3_xy2jbt,t3_xy2jbt,comment
irfat6u,"
Ya hay gente diciendo que lo hablen. No. Ya ven que pasó no una, sino dos? Si lo hablaban a la primera iba a seguir pasando igual. Ella ya seguía solo por conveniencia y el forro de tu ""compa"" ni hablar.",Only-Today8163,argentina,10,2022-10-07 14:12:04,t3_xy2jbt,t3_xy2jbt,comment
irfxl6x,"Te vas a cagar de odio con lo que te tengo para decir y voy a ser brutal y asqueroso pero lo hago para que me recuerdes y dentro de 7-9 meses cundo termine tu duelo y me vuelvas a leer te avives.

Las mujeres hacen lo que sienten y tu ex sintio cosas por ese tipo porque vos la dejaste de hacer sentir ""eso"". Y me puedo dar cuenta por qué: Sos un buen pibe, laburador, que se ocupa de ella y seguramente tu vida giraba alrededor de tu relacion. Bueno amigo, es exactamente como perdes a una mujer. Sos aburrido, emocional, estas entregadisimo, te dejas pasar por encima y tu identidad se basaba basicamente en estar con ella. Sos hijo de madre soltera verdad? Me puedo dar cuenta porque estas aca en los pasillo de la internet buscando que alguien conecte con esas emociones que no podes contener o no tenes con quien disiparlas o no sabes como. Que buscas aca? te pusiste a pensar realmente por que estas aca?

Si no das un giro en tu vida, si no te destrabas mentalmente, vas a seguir repitiendo el mismo patron.

Primero te tenes que plantear quien sos vos y segundo, que queres. Una vez que te figuras eso trazas un plan a largo plazo y otro a corto plazo.

Queres una novia? una pareja estable? una relacion a largo plazo? o en realidad solo querias tener un garche fijo? o alguien que te haga sentir querido porque vos no te podes querer? te pusiste a pensar por qué o para qué querés esas cosas en primer lugar?

Yo te voy a decir por qué y enojate si queres: Porque no tenes personalidad, porque una mujer tiene que aparecer en tu vida y darte razon de existir, justificar tu existencia. Tu masculinidad gira en torno al femenino, nadie te dijo que estas completo, nadie te dijo que no necesitas a nadie, nadie te dijo que hagas la tuya. Nadie te enseño que el egoismo es sano, que la gente te tiene que ganar y que cuando vivis para complacer a los demas, los demas se aprovechan.  
Una novia es para la persona que tiene un proposito en la vida y busca y encuentra una mujer que potencie su proposito, las mujeres no son solo para cojer, podes ir por la vida cogiendo sin compromiso. Si fueras sexualmente deseable lo sabrias. Cual es tu proposito? que haces? que queres en esta vida? como aportaba tu ex en tu mision? si es que tenias una.

Chabon, da un giro si? aprovecha esta situacion y convertite en el Hombre que hay debajo de toda esa capa de emociones y deseos de complacer a los demas para que te quieran que te dejo tu madre o la sociedad o ambos.

Vos sos un hombre, vos sos completo, no tenes que necesitar a los demas, tenes que desear y los tenes que desear para satisfacer un deseo egoista tuyo y viceversa, ser tan deseable que tu persona satisfaga el deseo egoista del otro. Buscate, encontrate, construite, los hombres no nacen, se hacen.

Para bibliografia te dejo aparte de el hombre en busca de sentido de Victor Frankl. la evolucion del deseo de David Buss, busca la ultima edicion que esta actualizada y una vez que termines con esos 2 y necesites empezar a construirte: el camino del hombre superior de David Deida, tambien, la ultima edicion. tiene como 20 literal.

Y nada, enojate conmigo si queres. llamame misantropo o misognio o lo que quieras, me da igual.",DarkGhost999,argentina,8,2022-10-07 17:06:18,t3_xy2jbt,t3_xy2jbt,comment
irh7e5k,"tengo amigos que pasaron por eso hace poco y tiran esa de plastificar la pija ir y solo pensar en minas 

amigo hace lo que quieras pero la verdad son infumables, yo creo que aprovecharía más para enfocarme en mi que pensar en ponerla como conejo",xXQuemeroXx,argentina,9,2022-10-07 23:50:35,t3_xy2jbt,t3_xy2jbt,comment
irhmfks,"No se si vas a leer mí comentario ya que veo que tenes demasiados... ojala que sí porque creo que mí experiencia te llegaría a servir. En octubre del año pasado descubri que mí ex pareja estaba saliendo con un compañero de trabajo (segun ella hacia horas extras) llevabamos 3 años conviviendo y teniamos nuestras discusiones como todos, aun así la relación era estable. Cuando descubrí todo esto (después de llegar cansado de mí trabajo y de noche) la encare y a las dos horas lo tenia en la puerta de mí casa al pibe ayudandola a llevarse sus cosas. Los primeros meses fueron difíciles, no porque se haya ido (mí conciencia estaba tranquila y sabia que fui una buena pareja) lo difícil fue volver a estar solo... queda un vacio tremendo en la casa, uno se acostumbra muchas veces y eso duele. Obviamente fue pasando el tiempo y fui mejorando; mí  consejo es éste: divertite pero sin exceso, no llenes tú vacio haciendo la vida loca que eso al final te va llevar a la ruina. Empeza de nuevo pero BIEN, sí tú ex decide escribirte (que es muy probable que lo haga) no decidas volver con ella; despedite bien y sin rencores. Y sobre todas las cosas no lastimes a las chicas con las que vayas a estar. Que te vaya bien bro, si necesitas algo me escribis al privado y te comento mas de mí experiencia. Las cosas siempre pasan por algo...",AdministrationOdd375,argentina,10,2022-10-08 02:49:49,t3_xy2jbt,t3_xy2jbt,comment
irf7k9l,"Que garrón bro. Lo único que te puedo recomendar es que la dejes y cortes lazos, asi no te hace más daño. Muy de ortiva lo que hizo la mina, después de quejan cuando dicen que son todas p*tas.",koscheiskowska,argentina,17,2022-10-07 13:47:49,t3_xy2jbt,t3_xy2jbt,comment
irfa6ix,Pero terminaste la relación?,ElPachuX,argentina,8,2022-10-07 14:07:19,t3_xy2jbt,t3_xy2jbt,comment
irfg1hx,"Lo que yo haría..es ..no le digo nada... Y si vivís con ella ( alquilas) tomate tu tiempo... Busca otro depto.. alquilo o busca con algún conocido dónde dejar todo.( Incluyendo la cosas de tu chica o ex chica "" ropa,zapatos documentos tarjetas etc.etc.) y desaparezco en el momento que se vaya a trabajar.... Y nunca más ...siempre pensé si me llegará a pasar. A mí ...no me pasó pero yo haría éso..suerte... 
Campeón, nada de lamentos ni  lágrimas, te queda una vida por delante...  Salí ... Habla con tus amigos ( apoyate en ellos).  Mantene la cabeza ocupada...  
Y Pensa que te salió barato, te sacaste un problemita que podría haber Sido en un futuro un gran problema ( casado con hijos e hipoteca )... Pensa que lo que vendrá será mejor...
Éxitos",FirmLab5517,argentina,7,2022-10-07 14:51:17,t3_xy2jbt,t3_xy2jbt,comment
irfs5wf,"Te entiendo hermano,me paso, primero que nada, esas cosas NO SE PERDONAN,te vas y listo

segundo, te va a costar horrores,va a ser un infierno, busca ayuda, Psicologo, amigos ,familia, lo que te sirva mas, no te quedes solo

Tercero, abraza el dolor, deja que duela... eventualmente va a pasar, pero la cicatriz queda y a veces pica, acordate que no son todos iguales no metas a todos en la misma bolsa

Abrazo y fuerza",NomadeArg,argentina,8,2022-10-07 16:24:26,t3_xy2jbt,t3_xy2jbt,comment
irg4ysm,"Se lo que sientes. He pasado por eso. Por favor, hagas lo que hagas, no catalogues a las mujeres como “todas son iguales” porque no lo son. Ella fue la que te engañó, no fue el resto. Así como hay hombres malos, hay mujeres malas pero así también hay hombres buenos/mujeres buenas. Usa esta experiencia para reflexión y crecimiento, porque
lo mejor vendrá cuando estés preparado. La persona que vale la pena solo busca a otra persona que vale la pena. Ahora te toca amarte a ti y no creer en esa relación que ya se rompió…. Sé que la amas pero no toleres esa falta de respeto, solo sigue adelante y déjala atrás. Espero sigas bien.",cakekyo,argentina,7,2022-10-07 18:03:27,t3_xy2jbt,t3_xy2jbt,comment
irf0ji7,[deleted],[deleted],argentina,63,2022-10-07 12:55:35,t3_xy2jbt,t3_xy2jbt,comment
irf5ouv,"Ojala me pasara esto, no se como terminar con mi relación que a este punto no tiene ningún puto sentido.",LVCER0,argentina,14,2022-10-07 13:34:13,t3_xy2jbt,t3_xy2jbt,comment
irf0kqz,No son todas putas. Es una mas puta que la otra,[deleted],argentina,53,2022-10-07 12:55:50,t3_xy2jbt,t3_xy2jbt,comment
irf5q2w,"Fuerza. Fuerza y paciencia. Un capítulo se cierra, otro nuevo empieza. Pero la experiencia queda, y te va a ayudar de acá en adelante.

Pero, por ahora, fuerza. Fuerza y paciencia. Todo pasa, lo bueno y lo malo.",MegawackyMax,argentina,6,2022-10-07 13:34:27,t3_xy2jbt,t3_xy2jbt,comment
irfcm00,"op, por lo menos te valoras lo suficiente para romper con el gato. Hace el duelo, apoyate en tus amigos, hace ejercicio y date tiempo.

A esta piba ni la hora, saca todo a la calle y cambia la cerradura.",HazedBean,argentina,6,2022-10-07 14:25:37,t3_xy2jbt,t3_xy2jbt,comment
irfe201,"Duele mucho si, pero basado en mi poca experiencia en noviazgos (tengo 26 y tube 2 noviazgos de 3 años cada uno) en los cuales siempre fui bastante aceptable como novio me di cuenta que hagas lo que hagas si la mina lo quiere hacer de una u otra manera lo va a hacer y a vos no te queda otra que darte media vuelta e irte por que una vez hecho aunque vuelvan y pasen los años esa angustia que sentis no se va a ir con nada. Quizá la puedas tapar pero siempre va a estar la duda y no es sano vivir así. Lo mejor que podes hacer es hacer la tuya y VIVIR, total solo se puede estar bien, comprate una play o una compu y anda al psicólogo si ves que no podes con eso. Todo se supera y se puede seguir adelante. Mucha suerte bro.",DisasterBass__,argentina,6,2022-10-07 14:36:28,t3_xy2jbt,t3_xy2jbt,comment
irff4fd,"Una mierda la hija de puta esa. Sin palabras, a esa gente hay que mandarlos a la mierda. Estate fuerte wacho, llora, estate triste por unos días y luego seguí para adelante, va a ser duro no queda otra. No hay que desperdiciar un minuto más en gente de mierda que no lo merece, concéntrate en la personas y en las cosas que realmente merecen tu atención. Un abrazo.",el_argu,argentina,6,2022-10-07 14:44:26,t3_xy2jbt,t3_xy2jbt,comment
irge7cd,Pagale a una wachiturra pa que la rompa toda y tendrás paz,MediumMind6400,argentina,5,2022-10-07 19:19:40,t3_xy2jbt,t3_xy2jbt,comment
irhjxgr,Que suerte que tenes flaco. Ojalá mi mujer me metiera los cuernos y yo la pudiese descubrir así de una vez por todas la mando a la reverendísima mierda.,Thelonelywindow,argentina,6,2022-10-08 02:15:11,t3_xy2jbt,t3_xy2jbt,comment
irf5ehn,"Vaso de agua a la cara ahora que está dormida y le decis ""como yo pago todo, te vas!"" Simple. O ahora va a querer que le dejes el depto porque no tiene a donde ir blabla? Listo te cagó 2 veces y no fueron besitos, hay residuos ahí adentro. Mirá yo sufrí por casi 1 década por una pero después dije ""really quiero vivir así""? (Igual me refiero sufrir emocional porque en esa década le saqué el filo a la espada hasta que llegué a cortar el mismisimo viento con ella). Primero que nada si no la vas a perdonar abandonala ya y que se vaya. Segundo sufrí, si sufrí  el tiempo que sea necesario pero sin dejar de vivir, así te lleve 1 año, 1 semana o 1 día. Tercero llorá, no es malo llorar ni te hace menos hombre. Cuarto enamorate de cualquier otra cosa o brindale amor a una mascota. Quinto y último: no te compares. Hiciste cosas mal? Quizás como quizás no, pero ponerte a pensar que tiene él que no tengas vos no va a solucionar nada, puede simplemente que ella se aburrió de vos y se diera cuenta que no quiere una pareja estable como puede que te tires pedos en la cama todas las noches, son muchas cosas a tener en cuenta pero de que vas a encontrar a alguien vas a hacerlo, ahora tenes tiempo libre para vos disfrutalo cuando pases la etapa de superación, no antes porque te vas a engañar a vos mismo.",r-ArgentinaVillan,argentina,15,2022-10-07 13:32:05,t3_xy2jbt,t3_xy2jbt,comment
irf0l3z,Que se curta la puta sucia esa!!,Criollaychimi,argentina,27,2022-10-07 12:55:55,t3_xy2jbt,t3_xy2jbt,comment
irf73x0,Every.single.one of them.,Jeff_fd3s,argentina,15,2022-10-07 13:44:32,t3_xy2jbt,t3_xy2jbt,comment
irg62c6,"Aca son todos hombres y te dieron consejos buenos pero ninguno de cómo manejar tus emociones en éste momento. Las mujeres tenemos más experiencia en éste área así que acá va mi consejo:
 
Tomate al menos 15 días de estar triste, de llorar, es importante que saques afuera toda esa angustia. Pégale a las almohadas, llora, grita.
 
 Cuando mi ex me engañó le escribí 3 cartas: una de puteadas. Todas puteadas, a él, al aparato reproductor de su madre, hasta le deseé la muerte.
 
 Obvio que esas cartas no las vas a enviar!!!! 
 
La segunda era de tristeza, una carta dónde le digas todo lo que pudieron haber sido juntos, dónde le decís que es un/una idiota por haber arruinado el viaje que habían pagado/el concierto al que iban a ir/el casamiento que querían tener/los hijos que querian.
 
La tercera era de agradecimiento. Le vas a agradecer por todo lo vivido juntos, todo lo que aprendiste y por la oportunidad de haber amado aunque no haya sido correspondido como vos merecías.
 
Entre cada carta hay un espacio de 2/3 semanas. Pero puede variar según lo que vos necesites emocionalmente. Déjalas ahí en un cajón, en un cuaderno, dónde quieras.
 
Paralelamente llenate de actividades. De verdad te digo, metete en todas las actividades del laburo, ofrecete a hacer voluntariado, empezá ese curso que tanto querías, júntate con tus amigos. Es importante que tengas una gran cantidad de tiempo ocupado porque eso te.permite distraerte de los momentos de dolor y empezar a generar nuevos recuerdos sin tu ex, vas a ver qué vas a empezar a sonreír de nuevo, que hay un día que vas a poder reír a carcajadas nuevamente y va a ser hermoso.
 
Algún día cuando estés listo para despegarte de esas cartas (en mi caso fueron unos 3 meses), las vas a romper y tirar.
 
Vas a estar bien, te lo prometo :)",blanma,argentina,15,2022-10-07 18:12:14,t3_xy2jbt,t3_xy2jbt,comment
irgzrek,"Reflexión de un viejo

A mí me dejó mi primer novia a los 17 años. No fue gorreo, simplemente me dejó. Me costó mucho superarlo. En realidad no tengo idea cuándo lo superé. 
Me casé dos veces, tengo tres hijos. Me garché un montón de hermosas minas. Creo que me volví a enamorar a los 52 de una mina de 26. Un sueño. Duramos poco porque no quise cagarle la vida, ahora me arrepiento. 
A los 67 me enamoré de una chica de 39. La adoro y me voy a quedar con ella mientras viva (si no me deja). Hace 3 días me encontré por casualidad con Romi (la de los 26) y la sigo amando.
Con esto te quiero contar que a veces uno piensa que todo se termina y no te alcanza la vida para disfrutar enamorándote y bancando lo que el amor conlleva.
Hoy vivo a más de 100 cuadras del barrio de mi infancia, el de mi primera novia, la que pensaba sería inolvidable. Hace unos 15 años me enteré que vive a menos de una cuadra de mi actual casa. Ni idea de quien es, me dijeron que está muy obesa. Y yo comiéndome a mi amada princesa.
Recordalo, no te apures, no busques revancha, dejá que lo bueno venga solo.
Mucha suerte.",AdeptnessDry2564,argentina,9,2022-10-07 22:36:56,t3_xy2jbt,t3_xy2jbt,comment
irf846c,"CRONOTERAPIA... El tiempo todo lo cura OP. No apures las cosas, date tiempo, date duelo.",ni-idea-que-nombre,argentina,5,2022-10-07 13:51:53,t3_xy2jbt,t3_xy2jbt,comment
irfaktz,Necesitamos update de la historia hermano!! Que dijo la susodicha cuando la confrontaste con la evidencia!,Klahos,argentina,6,2022-10-07 14:10:18,t3_xy2jbt,t3_xy2jbt,comment
irg3azw,"Solo haceme un favor, no seas de esos que al poco tiempo vuelven con la misma pareja a pesar de los cuernos. ¡Hay que querernos a nosotros mismos!",Sylenxer,argentina,6,2022-10-07 17:50:20,t3_xy2jbt,t3_xy2jbt,comment
irgtnim,"Cómo no lo ví mencionado hasta ahora, lo agrego: hacete TODOS los test de ETS (HIV, Sífilis, etc.). Es lo último en lo que la gente quiere pensar después de un engaño pero tú salud primero, hermano. No sabes dónde estuvo ese cuerpo, simple as that. 

Con respecto al tópico del thread: fuerza hermano. Todo pasa. Cuándo se rompe la confianza es imposible seguir. Para adelante, sin resentimiento y éxitos!",[deleted],argentina,5,2022-10-07 21:40:15,t3_xy2jbt,t3_xy2jbt,comment
irfbv5d,"Échale o termina ya.

Llama al dueño y pedí rescindir el contrato, si no tenés donde ir, anda un tiempo a lo de tus viejos hasta que puedas volver a mudarte solo.

Corta contacto con la p*

No se merece ni un hola por Cheater y mentirosa.

Vende todo a la mierda. Creeme que te va a hacer bien no tenés cosas de ella.

No te digo qu la escraches pero si te preguntan decí que paso sin miedo ni vergüenza.",Iamdollfacee94,argentina,8,2022-10-07 14:20:03,t3_xy2jbt,t3_xy2jbt,comment
irg6mny,"Todas putas op, todas menos mamá.",DKalchemist,argentina,8,2022-10-07 18:16:42,t3_xy2jbt,t3_xy2jbt,comment
irfawoa,"Ay pa, te siento en el corazón. Es peor cuando tenes dos pibes con la puta... no pasa nada, se pasa y se sana. Date un tiempo, la angustia va a estar pero siempre tene esto en mente: no es tu culpa, nada de lo que ella diga le da la razón, ella te engaño. Y creo que esta de mas decirlo pero andate o rajala de esa casa antes de que todo se enfrie porque los humanos somos re giles y perdonamos estas cosas pero no se perdona.",tankezord,argentina,5,2022-10-07 14:12:48,t3_xy2jbt,t3_xy2jbt,comment
irfcglr,"Me paso igual, después de 6 años de relación. Segui con la tuya y permitiste estar triste. Aprende lo que tengas que aprender de la situación, pero principalmente no te culpes. 
De a poco todo mejora. 
Hoy estoy hace 10 años con una mujer increíble y 2 hijos. Viéndolo a la distancia me alegra que se hayan dado las cosas asi.",elPibeNoEntendiaNada,argentina,4,2022-10-07 14:24:30,t3_xy2jbt,t3_xy2jbt,comment
irfrftx,todas putas,notrealme69,argentina,4,2022-10-07 16:18:49,t3_xy2jbt,t3_xy2jbt,comment
irfu6zq,"mira bro, la posta es que esquivaste una bala y mira el lado positivo solo vivieron juntos un tiempo y no tuvieron hijos! ahi te comías un garron de tener que seguirla viendo. Hace tiempo para elaborar tu duelo, vas a pasar por todas las etapas del mismo (te recomiendo googlearlas si no las sabes) , pero el tiempo todo lo sana. Good riddance bro",Trickstertrick,argentina,5,2022-10-07 16:40:07,t3_xy2jbt,t3_xy2jbt,comment
irg2o7a,"Pasé por algo similar. Creéme que conforme pase el tiempo, todo irá mejorando y dejarás de sentir esa angustia. Cóncentrate en tu salud, enfócate en ti mismo y cuídate mucho ❤

Si te interesa mi consejo, te diría que no la perdones. Vivirás con preocupación de que te esté volviendo a engañar y no te vas a sentir a gusto. Yo perdoné a mi ex varias veces, y por cada una me iba sintiendo peor conmigo misma. Él nunca cambió.

Por último, quiero que sepas que ella no te engañó porque haya algo malo en ti, no es tu culpa para nada. Engañar es completamente responsabilidad y decisión de la persona que engaña, no de su pareja 

¡Espero que te sientas mejor muy pronto!",MajespecterNekomata,argentina,4,2022-10-07 17:45:26,t3_xy2jbt,t3_xy2jbt,comment
irg37vs,Mandale un mensaje al pibe diciendole que tenes sida y que tu ahora ex lo contagio seguro.,Mndruko,argentina,4,2022-10-07 17:49:39,t3_xy2jbt,t3_xy2jbt,comment
irg8mdl,Ya lo dijo jesus... son todas putas,elfenderwenger,argentina,3,2022-10-07 18:32:44,t3_xy2jbt,t3_xy2jbt,comment
irgz8is,"Divorciado acá. Te digo, hay vida después del divorcio. Lo más importante, antes que buscarte otra mina, es aprender a estar con vos mismo. Una vez que te conoces y sabes qué cosas no querés más en tu vida, ahí todo mejora. Es RE difícil, agradecé que no tenian pibes en común así no la tenés que ver más",DLKRed,argentina,4,2022-10-07 22:32:23,t3_xy2jbt,t3_xy2jbt,comment
irh4e1w,"pa, no te hagas drama sabes cuando le va a doler? cuando la cagen culiando y la abandonen ahi vos vas a tener que mantenerte firme cual lord sos pa, no te hagas drama paaa hay muchos pescao en el mar no renege por una facilita pa ahi ta quien se lo pierde? ella obviamente pa sos un chabon de oro  laburando como negro pensando en ella con esa reserva, ya fue pa sos un rey ya vas a conseguir una reina que valore esas cosas, porque aunque no lo paresca aun existen los tipos con valores como vos, yo soy uno de esos tambien y tambien la pase y disfrute mucho cuando la cagaron culiando a mi ex y la abandonaron y quiso volver al barco despues les kb la ghosteada",Wide_Ad1855,argentina,4,2022-10-07 23:21:01,t3_xy2jbt,t3_xy2jbt,comment
irh8tzu,Mejor enterarte ahora que sos joven y no dentro de 10 años con 2 hijos en comun. Las noticias malas que lleguen cuanto antes... Luego siempre es peor...,Typical-Presence-817,argentina,5,2022-10-08 00:05:22,t3_xy2jbt,t3_xy2jbt,comment
irhn0gy,"Hace 20 días también me enteré que la mina que amo me cagó, se lo que estas pasando, un hecho traumático, decepción, desilusión y miles de cosas que deben estar pasando por tu cabeza, me pidió perdón de rodillas, me rogó, la perdoné, pero cuando me pidió de volver a intentar, le dije que no, la confianza una vez que se rompe, ya esta, ahora date espacio, trata de darte silencio, cada día va a doler un poquito menos,  tenes que saber que te mereces a alguien que no te haga eso, porque no es lo que vos das y por ultimo bro, todo lo malo pasa por algo, ahora tomate tu tiempo, permitirte estar mal, no busques otra mina al toque, date tu espacio, no  digo que te hagas cura, si viene una mina q te gusta y pinta darle, hacelo, pero no te enganches con nadie ahora, porque estas en un proceso de duelo.",Then-Bonus7270,argentina,4,2022-10-08 02:58:14,t3_xy2jbt,t3_xy2jbt,comment
irhxa9u,TODAS,Rhiannon21,argentina,5,2022-10-08 05:37:05,t3_xy2jbt,t3_xy2jbt,comment
irf7x64,"""vino super-borracha"", sea hombre o mujer, eso se charla y si persiste boleo en el culo. Si aspiras a algo no frivolo y serio no se puede tolerar esa boludes. A no ser que ambos lo hagan para cagarse de risa y coger en pedo. Sino, no puede ser una relacion ""seria"" y que uno venga re en pedo. Recorda que los borrachos y los chicos no mienten. Las señales las tuviste, te va a doler, pero te va a dejar una leccion para no cometer el mismo error dentro en la prox.",The_Argy,argentina,13,2022-10-07 13:50:26,t3_xy2jbt,t3_xy2jbt,comment
irf8p04,![gif](giphy|hStvd5LiWCFzYNyxR4|downsized),[deleted],argentina,9,2022-10-07 13:56:13,t3_xy2jbt,t3_xy2jbt,comment
irf3peu,"Andate a Gesell con amigos, y cuando vuelvas tirale todo y cambia la cerradura.

Ponete primero vos en éste momento, ella que se arregle.",[deleted],argentina,7,2022-10-07 13:19:22,t3_xy2jbt,t3_xy2jbt,comment
irf4yxr,"Si escribís buscándote sentir mejor, no lo vas a obtener. Está bien y es normal que te sientas así. Llorá, gritá, hace el duelo. En un tiempito te vas a sentir mejor.",ElMarajaDeSanTelmo,argentina,3,2022-10-07 13:28:49,t3_xy2jbt,t3_xy2jbt,comment
irfdkmy,"Viejo, no te conozco pero te mando un calido abrazo. No lo he vivido pero si lo vi en amigos y duele mucho, espero que este dolor pueda curarse de manera sana y sigas con tu vida mas fuerte que nunca.",chicodelespacio96,argentina,3,2022-10-07 14:32:56,t3_xy2jbt,t3_xy2jbt,comment
irffv0g,"Asi son los cuernos man,  entiendo que no hiciste nada malo vos  asi que no te  mortifiques.  Mejor  ahora que fueron 3 años a enterarte en 10 con un hijo de  por medio que te hace aca.
Mientras vos sepas la verdad es suficiente.

NO LA PERDONES! ESO ES MUCHO MUY IMPORTANTE",AgusFloyd,argentina,3,2022-10-07 14:49:57,t3_xy2jbt,t3_xy2jbt,comment
irflzqh,"Ay nonoo 🥲🥲 me dolió leerlo. Y eso que ya no tengo muchos sentimientos para temas de “amor”….                                                                  Muy lamentable lo que te hizo! Ni se te ocurra llorarle, hablarle, pedirle explicaciones. Sacala de tu vida para siempre",[deleted],argentina,2,2022-10-07 15:36:37,t3_xy2jbt,t3_xy2jbt,comment
irfvc4u,"A todos nos ha pasado, pero cuando pasa es de las peores mierdas que te pueden pasar.  


No soy quien para dar consejos, pero cosas que pueden darte una mano: ir a terapia, apoyarte en tus amigos y familiares, y hacer cosas qeu te gustan.   


El dolor es inevitable pero el sufrimiento se puede y seguramente va a ir mermando. Tratá de no darle vueltas y vueltas al tema pensando que podrias haber hecho. No hay nada que hacer ahora. Solo focalizarte en vos. tenes que ser tu prioridad.",hernannadal,argentina,3,2022-10-07 16:48:50,t3_xy2jbt,t3_xy2jbt,comment
irfyuw2,"No se murió nadie hermano. Hay muchos peces en el mar. Y aunque no lo creas, lo que te hizo habla mal de ella, no de vos. Ella te falló, y seguramente cague también al amante o a la próxima pareja porque esa gente nunca cambia, son débiles y/o soretes y punto.

La próxima vez que quieras tener una relacion seria con alguien, investigala mejor, conocela mejor, y confía en tus instintos.",Luudin,argentina,3,2022-10-07 17:16:06,t3_xy2jbt,t3_xy2jbt,comment
irg4hkz,"Te sentis como la mierda, pero igual te digo con toda la onda: hacete un favor y no vuelvas con ella, eh visto tantas parejas perdonarse la infiedlidad y sorpresa.. vuelve a ocurrir despues de volver. Suerte pá, yo nunca me enamore, pero me imagino ese dolor, vos no hiciste nada malo campeon, no te culpes de nada, esa clase de gente no merece que estes lamentandote",CruzDanzer98,argentina,3,2022-10-07 17:59:39,t3_xy2jbt,t3_xy2jbt,comment
irg75hg,"La solución es obvia amigo: 

Disco

De

Meo.",edurigon,argentina,3,2022-10-07 18:20:47,t3_xy2jbt,t3_xy2jbt,comment
irg7tj3,"Ánimo man, esa zorra no te merece. Ahora juntate con esa gente que sí te valora y armate terrible fiestón 👏🏻👏🏻 Al principio cuesta avanzar pero siempre vas a salir adelante e incluso encontrar a alguien que te haga feliz, o tal vez no y sos feliz igual.",Astheryon,argentina,3,2022-10-07 18:26:11,t3_xy2jbt,t3_xy2jbt,comment
irg82mf,"Me pasó. Es horrendo.

Alejala para siempre de tu vida. Y si te vas a vengar, que sea ahora. Porque después tenés que tenerla lejos de tu vida y buscar no pensar en ella. La venganza te consume y te obliga a tenerla presente, por eso es tan importante que sea ahora o nunca.

Anotate en un gimnasio o en lo que carajo sea, pero el tema es hacer cosas nuevas rodeado de gente nueva. Cambiá lugares, caras, olores (esto es fundamental), y si podés cambiá tu aspecto. Comprate ropa nueva, por ejemplo.",pitiburi,argentina,3,2022-10-07 18:28:14,t3_xy2jbt,t3_xy2jbt,comment
irg8bmd,Alta trola pibe. no lo vale,[deleted],argentina,3,2022-10-07 18:30:16,t3_xy2jbt,t3_xy2jbt,comment
irggxd0,"Tranquilo hermano, se lo que se siente y más cuando aún intentan manipular te diciéndote que no fue así. Acá no gana el que engaña. Sos una persona que vales mucho y ella no lo supo entender. Esto no se queda así hermano, se que son 3 años de relación. La infidelidad es una decisión que tomo ella. Asi que si ella te ve con otra que no te joda. Y decile, vos tomaste la decisión de engañarme, ahora yo tomo la decisión de vivir la vida con otra persona más hermosa, valiosa y feliz. Que una mujer o hombre te sea infiel, es porque amor y atención nunca se la dieron. Y buscan la aprobación de los demás para sentirse completos o completas Es duro este momento, pero permitite sentir, que todo salga, para que cuando llegue esa otra persona que si te merece, vos le des el cariño que se merece. Y bueno tu ex bro. No vale la pena, si hizo eso, es porque el universo te esta mostrando que estas invirtiendo amor en una persona que no lo vale. Porfavor si en algún momento te dice para volver no lo hagas, en donde hubo engaño, lo habrá otra vez, aunque t3 diga que cambio. Las mujeres son así, nunca cambian. Al fin y al cabo, el que gana sos vos hermano... Arriba vas a estar bien![img](emote|t5_2qlht|2153)![img](emote|t5_2qlht|2151)",Euphoric_Tie8668,argentina,3,2022-10-07 19:43:22,t3_xy2jbt,t3_xy2jbt,comment
irgn1jc,"Bueno sacando lo obvio que ya mencionan todos, podrias arrancar proactivamente poniendo en olx su numero diciendo que tiene gatitos en adopcion asi la llenan de mensajes y llamados",Cheddard-Stark,argentina,3,2022-10-07 20:38:53,t3_xy2jbt,t3_xy2jbt,comment
irgn6a7,Cogete a las amigas con las que decía que salía,adrian_arg,argentina,3,2022-10-07 20:40:06,t3_xy2jbt,t3_xy2jbt,comment
irgof3j,son todaa putas amigo,[deleted],argentina,3,2022-10-07 20:51:40,t3_xy2jbt,t3_xy2jbt,comment
irgrgfs,"Lo primero, ¿como estas y como te estas sintiendo?

Se que duele y duele una banda. Se que por tu cabeza deben estar pasando mil pensamientos por segundo, desde ""que hdp"" hasta ""quizás lo hizo por algo"". Es normal. Es una sensación de urgencia que se activa en nuestra cabeza en momentos de impacto de mucho estrés. Por eso mismo no tomes ninguna decisión todavía. Quizás estés pensando en hablar con ella, en dialogar, quizás estés pensando en mandarla a la mierda, quizás pienses en quien levantarte para sacarte la bronca... No. Ahora no estás en situación de tomar ninguna decisión más que darte tiempo, para respirar y para procesar.

Vas a necesitar hablarlo varias veces, decir lo mismo múltiples veces, te vas a sentir como disco roto pero es así. Ahí es donde van a estar los amigos, la familia pero por sobre todo, y por favor haceme caso, un/a psicólogo. No puedo remarcar suficiente esto, anda a un psicólogo. Es fundamental, por que es la unica persona que va a poder ser realmente objetiva al hablar con vos y darte una mano a procesar, a entender y a superar.

Ahora, fijate que todavia no dije nada de ella. Ni la insulte ni la juzgo ni nada, por que la verdad el que importa aca sos vos. Digo esto por que de toda relación siempre quedan dos cosas, aprender del otro y aprender de uno mismo. Mi psicóloga me dijo una vez: ""*Toda relación, sea la que sea, se termina por responsabilidad de los dos*"". Le pregunté y qué pasa en los casos de violencia (no es mi caso), ""*tambien*"" me respondió. Por que lo que quiso decir no es que siempre la ""culpa"" es compartida, claramente en una relación de violencia la víctima no tiene la culpa que la fajen pero tiene responsabilidad de cuidarse, de terminar la relacion si es el caso. 

Quizás de esta relación vos puedas aprender qué señales no viste ó si era que no compartían realmente el mismo camino y si te costó verlo. Esto no es justificarle ni perdonarla, es que sanes y crezcas para vivir mejor en el futuro.

Por último y creo que es importante, No te rompas la cabeza preguntándote que hiciste para que te traicione ni te menosprecies pensando por que fue con otro. Hay decisiones que las personas toman que muchas veces no tienen nada que ver con uno mismo. Uno debe crecer y mejorar por uno por que jamás vas a saber el estado mental de tu pareja al 100%.",[deleted],argentina,3,2022-10-07 21:19:51,t3_xy2jbt,t3_xy2jbt,comment
irguvsz,Que empiece la etapa de gato empedernido . No dejes piedra sin voltear,Ilprofe,argentina,3,2022-10-07 21:51:37,t3_xy2jbt,t3_xy2jbt,comment
irgwqef,"es una puta y no vale nada, lo descubriste antes de casarte y/o tener hijos asi que agradecele a dios.",Consistent_Lynx2602,argentina,3,2022-10-07 22:08:44,t3_xy2jbt,t3_xy2jbt,comment
irh0231,"Con una novia acordamos abrir la pareja, siempre de previo acuerdo. Se cogio un compañero de trabajo. Mucho después me dijo que fueron muchas veces. Encima el flaco la tiene grande. Siempre se puede caer más bajo",[deleted],argentina,3,2022-10-07 22:39:38,t3_xy2jbt,t3_xy2jbt,comment
irh1j0j,"Te hablo con la experiencia de haber tenido dos parejas y jamás cagarlas ni engañarlas (teniendo muchísimas chances) lo mejor que te puede pasar es que la vida te demuestra el motivo por el cual NO ir por ahí.

PD: mándame un mp, el 26 ando por CABA, manda mp y tomamos algo o nos mandamos una bondiola",Still_Ad3705,argentina,3,2022-10-07 22:53:29,t3_xy2jbt,t3_xy2jbt,comment
irhon1g,"<Meme del ahorcado>

First time?


Chabon, si no tenes hijos esquivaste una ojiva nuclear. A mi me paso lo mismo pero teniendo un bebe que hasta el dia de hoy anda a saber si es mio. Pero ya es mio. Zafaroni.",pappo4ever,argentina,3,2022-10-08 03:21:52,t3_xy2jbt,t3_xy2jbt,comment
irfrjry,"Cogete ala hermana viejo y dejale la tanga colgada en el picaporte del baño.

&#x200B;

Na chiste,thats life bro,la garca es ella vos segui paa adelante que todo vuelve,ya vas a encontrar a la indicada enfocate en vos mismo .",Neiwel_,argentina,4,2022-10-07 16:19:39,t3_xy2jbt,t3_xy2jbt,comment
irh2jql,"Justo ayer me decían que era misógino, inseguro, machista y de todos los calificativos cuando el hombre critica a las chicas por salir solas teniendo una relación. Uno ha vivido, uno sabe a lo que van cuando salen solas. Muerde esa bala. Lamentablemente ella ya está dañada",dorian1356,argentina,6,2022-10-07 23:03:20,t3_xy2jbt,t3_xy2jbt,comment
irfa2pj,"Ella sale perdiendo y vos salís ganando! 

Obvio que es normal que te sientas así, pero con el tiempo vas a ver que es un buen negocio sacarse a alguien así de encima!

Anda a Gesell solo y pásala lindo!",dexhaus,argentina,3,2022-10-07 14:06:31,t3_xy2jbt,t3_xy2jbt,comment
irfcvzb,"""viene laburando mucho"" perdon pero estas seguro?",Aromatic-Worth-6117,argentina,4,2022-10-07 14:27:43,t3_xy2jbt,t3_xy2jbt,comment
irgftcf,Después se quejan cuando las encuentran en bolsas de basura.,Ihatethisplace04,argentina,4,2022-10-07 19:33:41,t3_xy2jbt,t3_xy2jbt,comment
irf2zr7,"Que mierda chabon! Te va a llevar un tiempo que se cure el dolor, pero a la larga pasa. Ahora lo importante es cortar esto y no repetir errores, nada de ""voy a cambiar"" o cosas así, porque lo que no hay que perder es el orgullo.

Permitite sentir la tristeza y enojo y todo lo que te salga. Abrazo!",LandArch_0,argentina,2,2022-10-07 13:14:03,t3_xy2jbt,t3_xy2jbt,comment
irf36o7,"Mal ahí hermano,fuerza...no puedo aconsejarte por qué imagínate que en temas de pareja ando mal(mí única novia fue a los 12 años y duro uno,desde esa edad no tuve una novia,y ahora tengo 26 )",Desperate-Hall4206,argentina,2,2022-10-07 13:15:27,t3_xy2jbt,t3_xy2jbt,comment
irf9qg2,"Animo, también me paso.",Brilliant_Self9606,argentina,2,2022-10-07 14:04:02,t3_xy2jbt,t3_xy2jbt,comment
irfhpd1,Tranquilo hermano. La cabeza se olvida rapidos de yeguas como esta. Todo va a estar bien,Sencs,argentina,2,2022-10-07 15:03:45,t3_xy2jbt,t3_xy2jbt,comment
irfq0oa,"Ay amigo, leyendote se me apretujó el corazón!  
Sonas como una pareja maravillosa, y la persona indicada va a llegar en el momento indicado. Date el tiempo para procesar todo, para llorar y largar todo lo que necesites, con el tiempo vas a sanar, xq seguro mereces a alguien que te ame en serio y con quien compartir momentos hermosos.  
Te abrazo fuerte, compa!",DuckLittleDream,argentina,2,2022-10-07 16:07:47,t3_xy2jbt,t3_xy2jbt,comment
irfqb27,"""Nadie muere mocho"" (proverbio campero)",bairesxpress,argentina,2,2022-10-07 16:10:01,t3_xy2jbt,t3_xy2jbt,comment
irftkuj,"Lo que no mata, te hace más fuerte. No sos el primero ni el último qué le pasa a esto (incluso a mí me pasó y me llevo como 3 años hacer un luto)
Pero pensalo. Que tenía que pasar así mejor ahora y no más adelante con hijos de por medio. Qué anda saber si serian tuyos.
Y todo pasa por algo.
Hasta de estos momentos malos sacas una experiencia de vida para ser mejor persona.
Abrazo grande bro. Y recordar que la vida no se termina acá.
Viniste solo al mundo y solo nos vamos.",AssignmentSouth3377,argentina,2,2022-10-07 16:35:24,t3_xy2jbt,t3_xy2jbt,comment
irfvtah,"Consejo, tomalo como Impulso, Ese dolor que sentis tomalo como si fuera un Nitro, Se que duele, lo vivi, pero Es un punto de inflexion, moldeate, Canaliza ese dolor en Gimnacio,algun deporte,Algun Hobby , o en cambiar. 

Piñas asi son el impulso mas fuerte o la trompada mas paralizante, queda en vos viejo, fuerza.",PreviousAd9153,argentina,2,2022-10-07 16:52:29,t3_xy2jbt,t3_xy2jbt,comment
irfw5e4,"Solo te queda demostrar que sos mejor que ella y seguir con tu vida. Llora todo lo que quieras, desahógate y expresa todo lo que sentis, pero no te estanques ni decaigas. Por más mal que estés, tenes que continuar. Date todo lo que ella no te dio.",LowEntrance3812,argentina,2,2022-10-07 16:55:09,t3_xy2jbt,t3_xy2jbt,comment
irg1zpj,"Creo que es mucho muy importante que no olvides que el problema es ella, no sos vos, si fuiste un buen novio y buen hombre, no sientas que esto fue tu culpa jamás. Ella decidió fallarte, ella decidió herirte de la peor forma, y es por eso que ella no te merece, ni ser tu pareja, ni mucho menos merece tu perdón; hay cosas que no se perdonan y está es una de ellas. No intentes apresurar nada, las decisiones en caliente suelen ser las peores, y estos procesos llevan tiempo, por cierto el alcohol y la falopa son pesimos consejeros y más cuando uno está roto, no caigas en esa, mantener tu mente clara, y hagas lo que hagas no le vuelvas a hablar, no se merece ni un poco de compasión. Tarde o temprano le va a caer la ficha de la cagada que se mandó, de la excelente persona que perdió, y la va a hacer mierda, cada vez que otro vago la use y la descarte o la trate como el orto, se va a acordar de vos, de lo buen tipo que fuiste y de lo mierda que fue ella y se va a querer matar, esa es tu venganza, no necesitas más, tarde o temprano vas a salir de esta y vas a estar bien, seguí siendo buen tipo que ya va a llegar una que sepa reconocer el valor que tenés. Abrazo fuerte OP",XenZ12,argentina,2,2022-10-07 17:40:08,t3_xy2jbt,t3_xy2jbt,comment
irg2p5k,No le des nunca mas una oportunidad una persona así no cambia . La vida te va a dar algo mejor,SpecialTrain6676,argentina,2,2022-10-07 17:45:39,t3_xy2jbt,t3_xy2jbt,comment
irg53e5,"La soltería a los 27 es lo mejor que te puede pasar, según mi opinión. Ahora sos vos. Ponete lindo, comprate pilchas y salí con los pibes.",slowslipevents,argentina,2,2022-10-07 18:04:27,t3_xy2jbt,t3_xy2jbt,comment
irg53qv,Sentate bien,CheesecakeFast8335,argentina,2,2022-10-07 18:04:32,t3_xy2jbt,t3_xy2jbt,comment
irg6gdl,"Ya fue hno, mandala a cagar. El primer tiempo si te vas a sentir muy mal, pero después pasa hno. Abocate a vos, empeza el gym, hace algún hobby, rodeate de tus amigos y familiares, date gustos. Mimate! Ya va a llegar la indicada sin que la busques. Fuerzas!",[deleted],argentina,2,2022-10-07 18:15:19,t3_xy2jbt,t3_xy2jbt,comment
irg6hev,"Toma

✋

Ahora, llora y grita cuanto puedas y como puedas, lo mejor es sacar eso de ti, esos sentimientos pesados que solo te complicarán tu camino y el esfuerzo que hiciste en formarlo

Espero te vaya bien, recupérate, supérate y disfruta de un nuevo comienzo 💪",WholeSwim6971,argentina,2,2022-10-07 18:15:32,t3_xy2jbt,t3_xy2jbt,comment
irg6nan,"Bro necesitas pasar el duelo, lagrimear y llorar lo que te salga, es un proceso en donde muchos lo vivieron, no estas nada solo. Ya hiciste todo bien, no podemos manejar el comportamiento de la otra persona, ella no supo respetar ese pacto de lealtad y respeto, por ende no merece ya el tuyo. Luego de todo, debes ponerte en el puesto nro 1 en prioridad para vos mismo, ser egoísta para tu bien.
Es duro bro, pero no hay mal que dure 100 años, espero que te sea leve la etapa de duelo y aqui estamos.",arg_seba_ok,argentina,2,2022-10-07 18:16:50,t3_xy2jbt,t3_xy2jbt,comment
irg6sl3,"Es una sensación horrible, sentís que se te hunde el pecho y te la pasás nervioso, pero es pasajero amigo, te lo juro, vas a estar mejor y todo dolor pasa, quedate tranquilo, hacé cosas que te despejen",Ibuporfiado,argentina,2,2022-10-07 18:18:01,t3_xy2jbt,t3_xy2jbt,comment
irg72m0,"Un problema menos amigo.
A no pensar en El pasado.
Piensa en todo lo que ganaste hacia adelante en no seguir con alguien así... chao con ella.
FiN",Hot-Distribution7522,argentina,2,2022-10-07 18:20:10,t3_xy2jbt,t3_xy2jbt,comment
irg7o4p,"Amigo es un bajon pero no es el fin del mundo, seguro tenes gente que te quiere, apoyate en ellos. Ocupa la cabeza en otras cosas, laburo, estudios, hace deporte, anda al gimnasio, bajate un jueguito que te guste y juga con los pibes, lee un libro, sali a correr, hace un viaje solo o con amigos. Es cuestion de tiempo hasta que encuentres a alguien que si vale la pena. Abrazo enorme loco, va a estar todo bien",tomiuxz,argentina,2,2022-10-07 18:24:56,t3_xy2jbt,t3_xy2jbt,comment
irg7uqt,"Tranqui Amigo, vengo de algo similar de convivir 2 años con lo que crei que era el amor de mi vida, de darle todo y que se vaya como si nada buscando excusas estupidas. Vas a sentir que te moris y hasta dolores de todo tipo en el pecho.
Llorate todo no reprimas nada, juntate con amigos con el tiempo pasa, no dejes de ser el buen tipo que sos, te mando la mejor de la mejor, saludos",No_Virus6875,argentina,2,2022-10-07 18:26:28,t3_xy2jbt,t3_xy2jbt,comment
irg8ll0,"No tenes hijos, no te casaste. Nada te ata a esa mierda.
Masticá, llorá, aprendé y seguí. Vas a estar ATR el año que viene. Salí a despejarte, no a ponerte en pedo como un gil, pero una caminata o la bici ahora q se puso lindo te va a hacer re bien. Ordená todo y mandate a mudar o voleo en el orto a esa trola.
No la perdones, pero no seas rencoroso, usá esto rey. Abrazo de oso y si andas por el centro te pago una birra.",Xagah,argentina,2,2022-10-07 18:32:33,t3_xy2jbt,t3_xy2jbt,comment
irg8r9g,"No perdones o vas a vivir inseguro todo el tiempo. Llora todo lo que tengas que llorar, el llanto sana así como la risa. Trata de no estar solo sino de contarselo a tus amigxs para poder sacar todo ese dolor que sentis. Como dijeron en otro de los comentarios, la mala persona fue ella y no vos y te prometo que siempre ño mejor está por llegar. Si es necesario toma terapia (los medicamentos ayudan muuuucho). A mi me dejaron de una forma horrible y como me sentia tan mal fui al psiquiatra y me ayudó una bocha, me salvó la vida. Si necesitas con quién hablar aunque sea con un desconocido-como yo- no dudes en escribirme, pero repito: no estés solo en este dolor. Abrazo fuerte!",anchooa,argentina,2,2022-10-07 18:33:52,t3_xy2jbt,t3_xy2jbt,comment
irg8su7,No vale una puteada esa mina... Elegiste mal... Pero tenés mucho tiempo para buscar y probar. Abrazo,BigAge3452,argentina,2,2022-10-07 18:34:14,t3_xy2jbt,t3_xy2jbt,comment
irg9351,Ahora en Gesell le van a sacudir la arena.,ArdillaMcMuffin,argentina,2,2022-10-07 18:36:32,t3_xy2jbt,t3_xy2jbt,comment
irg94y0,"Felicitaciones! te sacaste un problema a tiempo, antes que pase algo peor, podrian haber tenido hijo(s), bienes que dividir, creeme que es muchisimo mejor ahora despues de 3 años, parece un monton, y no despues de 20 de casados con dos hijos y un depto y mas historia de por medio... si es cagadora tarde o temprano te iba a cagar. Esta lleno de minas buenas, buena suerte.",31CH0,argentina,2,2022-10-07 18:36:56,t3_xy2jbt,t3_xy2jbt,comment
irg9o44,"Ahora tenés que hacer el ""duelo"" porque si bien no se murió nadie, uno lo vive como una perdida.

Vas a tener que ocupar el tiempo y reorganizar tu vida. No es fácil, porque uno se acostumbra a la rutina con una pareja, pero se puede.",Cottonmouth1992,argentina,2,2022-10-07 18:41:21,t3_xy2jbt,t3_xy2jbt,comment
irga1wc,"Estas cosas no pasan de la noche a la mañana. Preguntante que es lo que tenes que aprender de todo esto. Si tenes que tener los ojos mas abiertos, confiar menos, establecer vinculo mas claro y saludable. Claramente a ella ya no le importaba la relacion en lo mas minimo.  
Se aprende mucho de esto, te deseo lo mejor y entiendo tu dolor.",davidcodinglab,argentina,2,2022-10-07 18:44:34,t3_xy2jbt,t3_xy2jbt,comment
irgctn4,"Siempre duele loko, a seguir adelante con toda. Nunca jamás te van a cagar porque vos hiciste algo, capaz no sos un ángel ni puedo poner las manos en el fuego de que lo seas pero créeme que si lo hizo fue porque ella quiso y no es tu culpa en lo absoluto. No te cargues con su mal accionar más de lo que te corresponda. Duele, va a pasar. Me cago mí ex pareja con un muy amigo en común que teníamos y a causa de ellos perdi a todo un grupo de amigos que lo encubrieron, sabían todos menos yo. Estuve muy mal pero todo sana loco, no dejes que esto te persiga porque el día que conozcas a alguien nuevo, y vas a conocer a alguien seguro, no podes permitirte que pague por los platos rotos de otro. Avanza sin rencor y vas a llegar a buen puerto. Abrazo grande maestro, no agaches la cabeza que se cae la corona",PRAISE_THE_UDYR,argentina,2,2022-10-07 19:07:40,t3_xy2jbt,t3_xy2jbt,comment
irgdv1p,"Yo que vos, le digo: ""no pasa nada amor, está todo bien"". El siguiente finde la espero, y cuando llegue me vea con 5 trolas bien peolas.",Miguel_Vaca,argentina,2,2022-10-07 19:16:40,t3_xy2jbt,t3_xy2jbt,comment
irgefp5,"Quieres una vida sana sin problemas? Dejarla,  duele pero es lo mejor.  Te va a traer problemas únicamente.  Basura afuera",Sure_Ad_6480,argentina,2,2022-10-07 19:21:37,t3_xy2jbt,t3_xy2jbt,comment
irgf3d1,"Mira amigo, vengo a aclararte algo que no creo que alguien te diga. Las minas antes de dejar su situación actual, ya van construyendo otra u otras en paralelo, porque para sus ideas y/o perspectiva, lo suyo ya no va más. No le des importancia al garche, eso es solo ella aceptando hacer lo que el otro hombre quiere porque es lo que la ley natural dicta y porque ya lo empieza a sentir, pero las minas no cogen porque si, como los hombres. El otro ya la debe haber consentido con lo mínimo e indispensable como para que ella haya accedido y hayan llegado esa situación, capas eso minimo es lo que flaquea en tu relación o capas era algo mínimo que ella siempre quiso y nunca tuvo. Las minas por lo general con un mínimo de atención o que hagas lo que su pareja no hace, ya saltan al nuevo hombre. 

Te lo cuento desde el otro lado, no porque me interesan las mujeres con pareja, de hecho las evito, pero las minas no solo se me acercan por el atractivo físico o mental, sino porque con hacer hasta lo más mínimo, a veces les cambias todo el esquema.",Few_Ad6504,argentina,2,2022-10-07 19:27:20,t3_xy2jbt,t3_xy2jbt,comment
irggomg,"Esquivaste un misil,imaginate que te haya hecho eso ya con casa e hijos de por medio.
Decile que se vaya a la remil mierda y vos ponete un pedo con los pibes y anda agarrate a la mina mas guaranga y petera que encontres.
La vida sigue wacho, un abrazo y meta palante",Admirable-Gain,argentina,2,2022-10-07 19:41:14,t3_xy2jbt,t3_xy2jbt,comment
irgip9w,"Es lo que toca, vas a pasarla mal, te vas a acostar y todo en lo que vas a pensar es en la mina. Y cuando te levantes lo primero que hagas va a ser pensar en la mina, y cuando hagas esa cosa que la hacía cagar de risa se te va a cruzar, y la vas a extrañar todo el tiempo. 

Pero todo eso pasa, paciencia, estuve ahí y creo que mucho mucho peor, en ese momento mis “amigos” se dieron vuelta tmb y quede completamente sólo. Pasa. Por lo que pones creo que ya lo pasaste pero de este lado te lo recordamos.

Vos repetite como un mantra <<Ándate a la puta que te parió, no sufro mas por vos, no más >> a lo dipy y si queres ponete el tema porque es así de sencillito, que se vaya a re cagar. Ni cabida, que corte menos diez pa, déjale las cosas afuera y ni le vuelvas a dirigir la palabra, sin explicaciones. Vos no te podes regalar más. Esto se termina acá. 

Estate a las punteadas todo el día pero bajo ninguna circunstancia llorando en un rincón xq con la primera vas a activar para salir de ese estado y más aún importante: *no vas a tomar culpa que no te corresponde*. Apela a tu bronca y no le des lugar a la tristeza xq desde ahí todo se distorsiona. Como mierda esta pelotuda mono neuronal te pudo hacer eso? Hija de re mil puta. Me embronqué yo ahora jsjajaj 

Acá hay bocha de gente que te manda un abrazo a la distancia y te recibe los dm para ayudarte, no nos olvides!",Varsoviadog,argentina,2,2022-10-07 19:58:57,t3_xy2jbt,t3_xy2jbt,comment
irglkxr,"Un hombre quebrado sentimentalmente por una mujer tiene 3 soluciones:

1) Bancar 6 meses llorando como un boludo

2) Garcharse 3 minas en 48 horas a título gratuito

3) Partir de inmediato a presenciar una guerra civil. Al primer tiroteo o a la primer bomba se olvidó de la mina.

Vos sabés lo que tenés que hacer, OP.

&#x200B;

![gif](giphy|qFfmFqhlpPSpTwUzMr|downsized)",[deleted],argentina,2,2022-10-07 20:25:10,t3_xy2jbt,t3_xy2jbt,comment
irgn5xc,"Amigo, en Junio de este año, me enteré que mi esposa (no realmente casado, pero bueno) de 13 años, con la cual tenemos una hija de 4 años, me  engaño muchas veces y hasta tenía una relación de más de 8 meses con otro flaco, con el que hablaban de tener hijos.
Estuve en el punto donde estas vos, créeme. Se te cae el mundo, te cambia la vida, pero por algo es. Mejor que te enteres y no que estés con alguien que no te aprecia, no te respeta y claramente no te quiere; mientras vos perdes tu tiempo y tu vida. Ella se cago en vos, en tu vida, en tus sentimientos y en tu fidelidad y honestidad.
 Lo mejor que te pudo pasar es que te enteres hoy y no pierdas tu vida o te encaje un pibe.
Abrazo amigote, estas en la cúspide de la ola! Surfeala y disfrútala, lo que no te mata te hace más fuerte",SaerOs87,argentina,2,2022-10-07 20:40:00,t3_xy2jbt,t3_xy2jbt,comment
irgnb2b,"Tenia una amiga que decia,

De los cuernos y de la muerte no se salva nadie.

Ella se encargaba de lo primero.

NO le des mas importancia de lo que tiene, segui adelante que minas buenas hay muchas.

Si todavia estas a tiempo antes de cortar hacele el TOTO en seco para que se acuerde de vos cuando camine",PaseadordePerras,argentina,2,2022-10-07 20:41:20,t3_xy2jbt,t3_xy2jbt,comment
irgp1id,"Solo te voy a decir. Cualquier venganza es darle entidad, uno no le da entidad a personas que ya no están en tu vida y ella a partir de ahora ya no está en tu vida. 

Más adelante te vas a dar cuenta la suerte que te la hayas sacado de encima.",TheJix,argentina,2,2022-10-07 20:57:25,t3_xy2jbt,t3_xy2jbt,comment
irgqiu2,"Ya dijeron todo, agrego que lo mejor que podes hacer es primero apartarte y apartarla. Si el lugar en donde vivís es tuyo, pedirle por favor que se vaya (no importa si no tiene adónde, lo hubiera pensado antes). Si es de ella trata de irte lo antes posible. Si es de los dos, fíjate de quedarte vos, ya que no sos quien hizo cagadas. La vas a pasar mal un tiempo, escuchando música que te parta al medio y que te nuble el cerebro (yo me concentré en Metallica y Megadeth en ese momento), salí con amigos, cómprate si podes algo de ropa nueva, cortate el pelo, cambia de modo tal que el espejo te devuelva una imagen distinta, en donde vos podes todo lo que se te cruce, podes con todo y con todos. En poco tiempo va a pasar a ser un recuerdo, y si sos un buen tipo vas a encontrar sin darte cuenta a la persona que vale la pena. Fuerza que se sale. Y a la que te jodió ni cabida.",Fun_Farmer_5198,argentina,2,2022-10-07 21:11:14,t3_xy2jbt,t3_xy2jbt,comment
irgsus3,Mi brother mi ex esta con el tipo con el que me senti inseguro 2 largos años de mi vida con todo rey que no se le caiga la corona,Regular_Basil_8428,argentina,2,2022-10-07 21:32:53,t3_xy2jbt,t3_xy2jbt,comment
irguukg,"Es entendible que te bajones, pero habiendo estado en una posición similar, mi consejo es q la elimines de tu vida, no caigas de vuelta en la trampa aunque te aparezca llorando pidiendo perdón. Ahora aprovechá la soltería y hacé todas esas cosas q no hiciste durante los últimos 4 años. Suerte lince!!",jmmtl,argentina,2,2022-10-07 21:51:18,t3_xy2jbt,t3_xy2jbt,comment
irgv30b,"Mejor que duele ahora a que duela de nuevo y de nuevo, no perdones.
Tomate el tiempo que necesites para recuperarte, vas a estar mejor.",Agus2298,argentina,2,2022-10-07 21:53:28,t3_xy2jbt,t3_xy2jbt,comment
irgx7gq,NO TE MERESSI,[deleted],argentina,2,2022-10-07 22:13:09,t3_xy2jbt,t3_xy2jbt,comment
irgxdj8,"Mostro, pa delate, Cgate de risa es la mejor manera .!

&#x200B;

Me gorriaron en un cine, jajajaja",Julixx-duro,argentina,2,2022-10-07 22:14:46,t3_xy2jbt,t3_xy2jbt,comment
irgxfc3,"Si sos de CABA, Pásame ig, a mí también me gagaron!!! será la primavera que los pone cachondos...
Si pegamos onda nos vamos por ahí, te parece? Quiero ir a comprar cosas baratas en breve jajajaja (Soy de Uruguay) y por lo menos subimos fotos la darles celos a los caquitas 🌝🌝

Edit, porque si quiero dejarte un mensaje: Los traidores son así por naturaleza, lo mejor que te puso pasar es sacarle la careta ahora y no dentro de 10 años con dos críos y tu mejor amigo involucrado. Así si la pasarías mal. Ánimo, de los cuernos y de la muerte nadie se salva.

Que suerte que yo si tenía la garantía a nombre de los dos!!! Pero bueno... Una de las razones por las que me separé fue esa, quería todo a su nombre y yo estúpida no soy, a mí de mi techo nadie me saca, pero bueno ella se jode por boluda y por traidora, de última que la haga bien, eso es re de pajera jajaja",[deleted],argentina,2,2022-10-07 22:15:13,t3_xy2jbt,t3_xy2jbt,comment
irgxmlz,"Sé que no seré el único en decírtelo, pero la tristeza o el enojo que estés sintiendo ahorita es algo racional, y no hay razón por que sentirte avergonzado por ello. Llora si quieres, o rompe algo. Lo que sea que se te haga necesario.

Hay momentos cuando la vida no es justa a pesar de haberlo hecho todo a la perfección. Y eso no es culpa tuya.

Mejorará con el tiempo, aunque sea que nunca sane por completo.",tc-lambda,argentina,2,2022-10-07 22:17:08,t3_xy2jbt,t3_xy2jbt,comment
irh1zsg,"Cambia las llaves mañana


Agradece que no tenes hijos",Angelhk,argentina,2,2022-10-07 22:57:56,t3_xy2jbt,t3_xy2jbt,comment
irh2ths,Vos sos un buen tipo… todo lo demás no importa nada. Abrazo grande,Sorry-Alternative262,argentina,2,2022-10-07 23:05:52,t3_xy2jbt,t3_xy2jbt,comment
irh6p6o,"Atrás de un engaño pasan muchas cosas, el mundo no es blanco y negro rediturros de peronia",Dull_Mulberry_463,argentina,2,2022-10-07 23:43:47,t3_xy2jbt,t3_xy2jbt,comment
irhafq2,"nada amigo, abraza el dolor que el día de mañana te vas a cagar de risa seguro sentis que te estas muriendo poe dentro o que la vida no tiene sentido pero posta que después vas a decir ""fa que momentáneo es todo"" pero es asi. suerte con tu duele y acordate, contacto cero con la chica, es humana, tuvo sus razones pero vos, ni cabida, hace la tuya y cuando te estés levantando te vas a sentir el doble de.mejor. te quiero compañero redditurro",tomkarstarK,argentina,2,2022-10-08 00:21:43,t3_xy2jbt,t3_xy2jbt,comment
irhagmj,"Tenes suerte!  
A mi me toco tirar a la basura 7 años.",Violent-Macaco,argentina,2,2022-10-08 00:21:58,t3_xy2jbt,t3_xy2jbt,comment
irhcb1f,"me acaba de pasar lo mismo, cinco años",ponko15,argentina,2,2022-10-08 00:41:52,t3_xy2jbt,t3_xy2jbt,comment
irhhios,"Cagaste cuando la mujer se dio cuenta que tiene opciones y que te tiene estable. Osea siempre por que las opciones a una mina de tu edad \*27 nunca se le van a acabar salvo que sea una gorda parque gordasico.   
Sientan cabeza y dejan de gorriar a los buenos cuando se ven que se estan degradando, poniendo viejas y se les esta pasando el reloj biologico. Algunas ni asi.   
Cuantos habran que no saben de las aventurillas de su quote on quote mujer.  
Al menos vos sos uno que se dio cuenta de eso, no confies en una mujer, a menos que sea tu madre",SpeechPuzzleheaded85,argentina,1,2022-10-08 01:43:42,t3_xy2jbt,t3_xy2jbt,comment
irhi4za,"Yo escribí algo similar en un foro hace algunos años. Me encantaría encontrarlo para mostrarte cómo estaba. Y hoy mirá, ya estoy del otro lado. Un día, dentro de poco, vos vas a estar de este lado. Disfrutá el Camino, Que vas a aprender un montón. Un abrazo, si necesitás hablar, acá estoy.",Initial-Raspberry-27,argentina,2,2022-10-08 01:51:30,t3_xy2jbt,t3_xy2jbt,comment
irhll24,"27 años llegas a los treinta y te tocará criar un hijo de otro tipo jaja mi papá me dió ese consejo después de los 30 no vas a conseguir mujer sin hijos o sin que se e haya casado, y bueno te sacaste ese peso de encima bien",IntroductionDecent44,argentina,2,2022-10-08 02:38:00,t3_xy2jbt,t3_xy2jbt,comment
irhym4i,"Tranqui bro! En algún momento ella va a darse cuenta que se quedó sin nada y te va a volver a buscar cuando eso suceda dale completamente la espalda, en el camino siempre se encuentran mejores personas y te deseo éxitos en esta nueva etapa de la vida se te van a venir cosas mejores 🙌",Public-Physics-8576,argentina,2,2022-10-08 05:59:52,t3_xy2jbt,t3_xy2jbt,comment
iri8hz5,"Yo por eso no confío mucho en las minas. Nunca van a saber que pingo quieren, pero bueno, es lo que hay. La bocha es ser solo, saber que el único que no se te va a dar vuelta sos vos mismo. Cuando te das cuenta de eso, creo que los pijasos te los ves venir y son mas fáciles de sobrellevar. En fin, suerte con el proceso, y no seas boludo de volver, y si podes rescatar señales o cosas que te hayan llamado la atención antes de que te enterases, hace hincapié en eso y tenelas en cuenta. Somos bichos que repiten patrones y una vez te rescatas de ciertas cosas, sos más difícil de pelotudear. Abrazo.",pitufonMalvado,argentina,2,2022-10-08 08:37:02,t3_xy2jbt,t3_xy2jbt,comment
iricjp8,Una tarada total. Lo bueno de esto es que ahora si tenés la posibilidad de encontrarte alguien que valga la pena. Aprovechá esa oportunidad,fracasado_,argentina,2,2022-10-08 09:28:13,t3_xy2jbt,t3_xy2jbt,comment
irid8dk,"Te dejo un award pa... Yo también pase por eso y la sufrí como un campeón. Recuerdo que mi ex garchaba como una diosa, y eso es lo que más extrañé. Sin embargo, estaba re loca y me cago con otro flaco, el hijo del novio de su madre.

Ahora estoy en otra relación muy bien.",Mayagod,argentina,2,2022-10-08 09:36:03,t3_xy2jbt,t3_xy2jbt,comment
irie924,"No es por meter el dedo en la llaga, pero si se tomo francos...sos un tipazo man, como dice el resto, avanti. Lo importante ahora es trabaja en vos mismo, sali con tus amigos, con tu familia si tenes buena relación. No trates de culearte minitas para sacartela a la otra, no funciona y es re sorete para con el resto de minas. Y, ademas, no resientas a todas las mujeres por esto, no dejes que ese sentimiento te carcoma, porque terminas solo. Minas como esta hay miles, pero también hay miles mas qie son buena gente. Suerte macho, vos podes.",JakorPastrack,argentina,2,2022-10-08 09:47:26,t3_xy2jbt,t3_xy2jbt,comment
iriif3q,"Bueno, que puedo decir...te entiendo y estoy con vos, acompaño tu dolor, yo hace unas semanas me separé porque era una relación muy pero muy tóxica, celos y desconfianza de su parte además que apesar de 7 años ella jamás puso voluntad en querer ser parte de mi vida e involucrarse con mi familia y amistades...si, aguante 7 años de eso.

En fin, cuando decidí terminar le mandé un wathsaap le dije que en unos días iba a ir a la casa a devolverle algunas cosas que se había olvidado en la mía (para no caer en la típica que hacen de: me olvidé algunas cosas en tu casa, las paso a buscar y charlamos) me adelante y le llevé yo sus cosas, porque sabía que iba a pasar eso y yo estaba  más que decidido a terminar la relación así que lo hice, llevé sus cosas me atendió en su puerta y le dije: acá tenes lo tuyo, me voy esto se terminó chau.

""Chau"" me dijo ella y me fui a casa. Cuando mi familia y mis amigos se enteraron me apoyaron pero no les sorprendió ya que ellos habían visto de primera mano las actitudes que ella tenía conmigo yo por mi parte no lloré porque ya lo había hecho el año pasado cuando habíamos tenido un intento de separación y se me hizo tan pero tan inaguantable el estar lejos de ella que decidí volver con ella a los dos días de habernos separado entonces esa noche lloré todo lo que tenia que llorar, grité, le di trompadas a la pared etc; así que esta vez no sufrí tanto en dejarla porque ya había pasado por esto y sabía que si daba el brazo a torcer iba a volver a pelear con ella en una semana por las mismas boludeces así que ahora ella está oficialmente fuera de mi vida.

Ahora paso a contar como me siento desde que ya no estoy con ella, me siento bien, con paz mental que en estos días es muy difícil conseguir, es lindo volver a verse al espejo y quererse, aceptarse y querer hacer algo y hacerlo sin miedo a que ""ella se enoje"" o ir a algún lado sin darle explicaciones a nadie, visitar a la familia sin momentos incómodos, ver a mis amigos sin que ella se enoje, lo de ""minas hay un monton"" es verdad hoy por hoy hay 3 minas que me tiran onda y yo voy con pies de plomo no me tomo nada en serio y paso el rato sin compromisos a largo plazo, no porque tenga miedo a enamorarme, sino porque me quiero un poco más a mi mismo y prefiero preservarme a mí y ponerme a mi adelante antes que empezar algo nuevo.

Me siento bien, libre, tranquilo y en paz...empecé a hacer ejercicio en casa, estoy por entrar a la uni, tengo trabajo y estoy haciendo cosas que a ella les molestaba que hiciera, básicamente todo lo que me llevara a desarrollarme como persona. Dicen que para elaborar un duelo por ruptura tenes que dedicarte a vos mismo 1 mes por cada año que estuviste en pareja...en mi caso serían 7 meses, 7 meses para mí, para redescubrirme, para quererme, para trabajar en mí, sin necesidad de conocer a nadie y que si la vida me cruza con alguien el día de mañana estar preparado para volver a amar.

No nos conocemos obviamente pero si este post te puede servir de algo yo acá hice mi trabajo, y el consejo que me queda darte es que nunca te rindas mientras tanto seguí haciendo cosas por y para vos, trabaja en vos en lo que queres a futuro, en tus metas y objetivos ..cumplilos!!! Si! Se te van a venir flashes a la cabeza de los días que estuviste con ella pero créeme cuando te digo que aveces el pasado y la mente se ponen de acuerdo para jugarnos una mala pasada y con la ayuda de la nostalgia nos quieren hacer volver donde fuimos ""felices"" ..eso es un engaño ..tenes que mantenerte firme que todo a su tiempo se va a dar.

Pd: si necesitas ayuda o consejo mándame un MD que acá estamos para ayudarte. No estas solo, vos podes!",JonyKun,argentina,2,2022-10-08 10:30:52,t3_xy2jbt,t3_xy2jbt,comment
irfbpbp,"tio tengo la misma edad, jamas e salido con alguien, alegrate de haber tenido y perdido, la experiencia es lo que mas enseña",[deleted],argentina,4,2022-10-07 14:18:49,t3_xy2jbt,t3_xy2jbt,comment
irfcdfv,Como decía mi abuela de los cuernos y la muerte no se salva nadie .,Fiodortochesky,argentina,3,2022-10-07 14:23:51,t3_xy2jbt,t3_xy2jbt,comment
irg7cqi,"Solo vengo a agregar que he estado en tu situación y que hagas lo que hagas, ni se te ocurra perdonarla y seguir juntos. El amor y cariño que le tenes te van a sesgar sobremanera, pero hacelo por TU propio bien. 

Recordate que diga lo que te diga ella NO se equivoco. No fue ningún accidente o error. Fueron una serie de decisiones. De ocultarte cosas, de elegir a otra persona, de mentirte y no respetarte.

Te mereces estar con alguien que te respete.",aCoolGuy12,argentina,4,2022-10-07 18:22:24,t3_xy2jbt,t3_xy2jbt,comment
irf4l0f,"""Eramos una pareja estable"" kkjj, tan estable no eran.  

Bueno dejando lo ortiva de lado, se nota que te importa la relacion y tratas de remarla, la mina una forra claro que si.  

Mi diagnostico, dejala a la mierda y listo, asi de simple.

Si dijiste que, al menos, frente a tus ojos ambos estaban bien, y ella va y se puso a boludear con algun flaco mientras estan en una etapa ""buena"", no me quiero ni imaginar lo que sera esa mujer cuando anden tambaleando medio mal dentro de unos años.

Mandala a la mierda mientras puedas, despues va a ser mas dificil, suerte.",Formal_Mushroom3910,argentina,8,2022-10-07 13:25:56,t3_xy2jbt,t3_xy2jbt,comment
irfadvd,postealo en r/cuckold,Comfortable_Ideal402,argentina,4,2022-10-07 14:08:53,t3_xy2jbt,t3_xy2jbt,comment
irfbpvs,Hasta cuando vamos a seguir negando que promover la promiscuidad destruyo a las parejas tradicionales?,Comfortable_Note6299,argentina,5,2022-10-07 14:18:57,t3_xy2jbt,t3_xy2jbt,comment
irf4wlt,Los francos falsos jej,Great-Distribution46,argentina,2,2022-10-07 13:28:20,t3_xy2jbt,t3_xy2jbt,comment
irf5h42,"Después de llorar, porque debes hacerlo, perdónala, si no lo haces , siempre serás víctima . 
Toma el tiempo para enterrar la relación que murió, después del debido luto, cuan largo o corto que sea, rehace tu vida. No dejes que el trauma de una tradición te lleve a no confiar en nadie.  Ánimo! Muy probable  que sientas peor antes de mejor. “Confía en el tiempo, que muchas veces trae soluciones dulces a los más amargos problemas “",wisdom07,argentina,2,2022-10-07 13:32:38,t3_xy2jbt,t3_xy2jbt,comment
irf7fk2,"Mira te voy a decir algo ...a tu edad me he sentido exactamente como vos...dentro de 20 anos posiblemente tu óptica sea distinta. Planteaste si ella realmente es tu complemento y pareja en la vida...si lo es pone todo en la balanza porque las cosas no aosan jamás porque si...
Y si  las cuentas no te cierran...vas a pasar el luto triste y deprimido por un tiempo pero sabiendo que tomaste la mejor decisión.....duele pero te puedo asegurar que no es lo mismo en absoluto...lo que no sirve es arrepentirte o hecharte culpas , porque hasta la peor situación tiene un aprendizaje y como te dije antes ..nada, pero nada, pasa porque si..mientras antes  incorpores eso mejor vas a poder manejar la realidad sin vivir en el pasado ni en el futuro.

Te deseo un aprendizaje importante ya que te toca vivir una complicada.",mattt1975,argentina,2,2022-10-07 13:46:51,t3_xy2jbt,t3_xy2jbt,comment
irffrkg,"Women...

You can't live with 'em, and sheep can't cook.",Rdpsm,argentina,2,2022-10-07 14:49:14,t3_xy2jbt,t3_xy2jbt,comment
irfh0m9,"Todas putas man. Ni te calentés. Sacale todas las cosas fuera del departamento y cambiá la cerradura y a otra cosa mariposa, no pierdas ni un segundo más en una mina así.",monsternaranja,argentina,2,2022-10-07 14:58:35,t3_xy2jbt,t3_xy2jbt,comment
irfi6sh,Todas trolas,FreshAndChill,argentina,2,2022-10-07 15:07:24,t3_xy2jbt,t3_xy2jbt,comment
irfnhe8,"No fuiste engañado, ella engaña y vos estuviste en su camino. Yo tuve una relacion de 10 años (15 a 25). Tuve mi primera vez con ella en todo y fue muy especial para mi durante todos esos años. Aunque llega una fase de la relación que no es todo color de rosas, pasé por maltratos, indiferencia y hasta me enteré de infidelidades. Tarde bastante en recuperarme, pero ahora lo miro como algo positivo, aprendisaje y crecimiento personal. Creeme que hay luz dentro de tanta sombra.",Maurarg,argentina,2,2022-10-07 15:48:11,t3_xy2jbt,t3_xy2jbt,comment
irfzp67,"Después de leer toneladas de comentarios, juro que no los entiendo muchachos. Muchísima bronca, fantasías de venganza y otras que mejor no mencionar. 
No voy a escribir un wall text tirandote data inchequeable de lo que tenes que hacer, pero si te puedo asegurar que el 100% de la gente que conoces, engaño o lo engañaron alguna vez; y de ninguna manera eso implica ser un monstruo o un boludo. 

Las relaciones son así, las personas somos así. De ninguna manera los cuernos anulan las cosas buenas que tuviste con esa mina, y tampoco implica que sea una cagada de ser humano. La rutina, la tentación o simplemente un error lleva a ésto; no es una forra, tampoco una puta.

Si no vas a poder digerir lo que pasó, mejor hablarlo y seguir adelante por separado. 
No sos un boludo, ni es tu culpa hermano. Y cuanta menos negatividad le sumes a lo que pasó, más rápido se supera. No conviertas 4 buenos años en un recuerdo amargo.
Un abrazo y suerte con todo.",paulbenny,argentina,2,2022-10-07 17:22:26,t3_xy2jbt,t3_xy2jbt,comment
irg6loa,"Todas putas amigo, todas putas.

Duele pero ya pasa, no sos ni el primero ni el ultimo que le metan los cuernos. De eso y de la muerte, no se salva nadie.

Dale para adelante papu, walk it off.",luigislowhand,argentina,2,2022-10-07 18:16:29,t3_xy2jbt,t3_xy2jbt,comment
irfjswc,"todas putas mi estimado, para aliviar el dolor, sali a hacer ejercicio,despeja la mente con amigos ,algun hobby que te guste, viciar lo que sea y vas a ver como pronto se va ese dolor de mierda, a todos nos paso. suerte y exitos",Extra-Veterinarian83,argentina,3,2022-10-07 15:19:51,t3_xy2jbt,t3_xy2jbt,comment
irg8fwe,Arruinale la existencia:v,p0xed,argentina,1,2022-10-07 18:31:14,t3_xy2jbt,t3_xy2jbt,comment
irg7shb,"Chabon tenes 27 y ella asumo que por ahi, en este momento empiezan tus mejores años y los de ella terminan. Si logras superarlo y centrarte en vos en un año le vas a estar agradeciendo. Vos podes campeon, le mejor recien empieza, fuerza!!",Plus-Philosopher-973,argentina,1,2022-10-07 18:25:56,t3_xy2jbt,t3_xy2jbt,comment
irfe9qp,"Vieja, tomate 1 o 2 semanas fuera de tu casa. Cae en lo de tu vieja o amigos. Mete freezer a la relación. En frío, analiza si todavía querés un proyecto con ella o esto que pasó es suficiente para terminar la relación.
Por lo que escribís, vos estás comprometido con la relación y te preocupas por la piba. Nose si la mina busco otro por que no le importas o no sos lo que ella esperaba. Por una u otra razón, primero tenés que saber que onda con vos para después ir y hablar con ella.
Este tiempo también le va a servir a ella, quizás se libera y corta todo o realmente se da cuenta del valor que tenes.
No te quedes en una relación por que comparten gastos, si es así sali de ahí.",0mar_1,argentina,1,2022-10-07 14:38:03,t3_xy2jbt,t3_xy2jbt,comment
irg1j88,T,ChrisKama,argentina,1,2022-10-07 17:36:34,t3_xy2jbt,t3_xy2jbt,comment
irg28ed,![gif](giphy|UQVIhXZpCS17U3U4xR|downsized),Diehavok,argentina,1,2022-10-07 17:41:59,t3_xy2jbt,t3_xy2jbt,comment
irg3s4h,"Yo llega un punto que hasta que busco que se coja a otro con tal de tener un par de horas para mí y me deje hacer algo sin estar metiendo el hocico.
Con los años se pasa rey.",[deleted],argentina,1,2022-10-07 17:54:03,t3_xy2jbt,t3_xy2jbt,comment
irg45bu,Todas,Mateoxila,argentina,1,2022-10-07 17:56:58,t3_xy2jbt,t3_xy2jbt,comment
irg6dot,todas p,lucasfarfa,argentina,1,2022-10-07 18:14:43,t3_xy2jbt,t3_xy2jbt,comment
irg9i89,"Para mí lo mejor que podés hacer es mandarla al frente con los viejos. LLAMALOS y contarle toda la situación, si ellos no sabían nada, mejor entonces. Les explicas que la vas a rajar de la casa, sin importar cuánto lloren para que tengan bronca con ella. Si tenés acceso a su mail, mandale a rrhh de su empresa pidiendo la renuncia y le decís que tiene máximo, y COMO MUCHO, dos semanas para buscar un nuevo hogar
Si ella te clavo el puñal por la espalda, estas en todo tu derecho de quedarte vos con la última palabra. Una vez cumplidas las 2 semanas, si ella no se mudo, un día que no esté cambias la cerradura",Honest-Pianist-2958,argentina,1,2022-10-07 18:39:59,t3_xy2jbt,t3_xy2jbt,comment
irgetn3,"Es facil darse cuenta, le olés la cachirula, si viene con olor a cajeta sucia, no estuvo con nadie, si viene con olor a presevativo o vaselina, fija que sí.",Miguel_Vaca,argentina,1,2022-10-07 19:25:00,t3_xy2jbt,t3_xy2jbt,comment
irgg5f4,"Mandala a la mierda crack, es lo que hice yo y mira, ahora soy el hombre más feliz soltero pica flor, ponerse en pareja ya no va más, el maldito celular te permite hacer lo que se te canta y esconder todo muy bien. 
PD: también me cambio con un compañero de su trabajo jajajajajja pero bueno, que Se le va a hacer, cada uno sabe lo que hace. Asique ánimo bro, no termino todo, sino que ahora empieza una nueva vida. Tampoco sean semejante pelotudo de hablarlo con ella y perdonarle, no seas Gil. Por qué te recuerdo que ella te decia que te quería, pero, culeando si a él se le salia la pija ella se la volvía a meter jajjjajaja y anda a saber si se la tomó toda jjjaaja naaaaa crack, sali de ahí",Human-Currency1559,argentina,1,2022-10-07 19:36:34,t3_xy2jbt,t3_xy2jbt,comment
irgzdcu,"Tenes una casa amigo, ya con eso nos rompes el culo al 85% de los hombres, el que se la culeo de seguro todavía vive con la vieja.
Vos metele para adelante, podes culearte a quien sea, te la llevas a tu casa y la rellenas, total aborto legal amigo deaa.
Na mentira, lo importante acá es que la otra fue una pelotuda, vos seguí con tu vida, enfocate en vos, ella no valía la pena. Métete al gym si queres o si ya estas yendo motivate con la conchuda esa y dale caja a full, que se arrepienta, y si vuelve, le cerras la puerta en la jeta y ponete a ver la tele, esta bien que esperes que vuelva, y si vuelve vengate con ganas o hacete el ""quien te conoce?"", hacele ver que te chupo un pingo lo que te hizo y que pudiste seguir sin ella, hacela sentir ""dispensable"" como la p*ta que es (ahre resentido jaja)
En conclusión, tenes casa propia, ya con eso sumas muchísimos puntos y nos pasas por encima prácticamente a todos, y se va a arrepentir la otra.",Dalkan99,argentina,1,2022-10-07 22:33:32,t3_xy2jbt,t3_xy2jbt,comment
irh2r6l,"es re turra la mina.. o sea se cogió a alguien que conocías !! Ese chabon otro turro... Yo iría y lo cargaría a trompadas ...
Tené en cuenta que si bien no tenes la culpa, en algo fallaste...lamentablemente tal vez sos muy bueno o algo así.
Empezá a demostrar menos dependencia a las mujeres... Se más inteligente emocionalmente y no leas a chicos de 20 años que escriben acá y no saben nada de minas. 
Vengarte no te sirve Man... Seguí adelante... En un añito y medio te aseguro q vas a estar joya... Pero no seas boludo y no vuelvas a ser pollerudo. Si le revisaste el celu es pq en tu intimidad vos ya sabías q algo estaba mal... No está bien revisar teléfonos papi... Se inteligente y tranqui.. lo suficiente como para saber si te están cagando o no sin necesidad de revisar nada. Consejo de alguien más grande q vos",[deleted],argentina,1,2022-10-07 23:05:16,t3_xy2jbt,t3_xy2jbt,comment
irfx9tf,"o rankear en el lol, el engaño va a quedar microscopico en comparacion de lo que va a sentir.",[deleted],argentina,323,2022-10-07 17:03:52,t1_irf22bh,t3_xy2jbt,comment
irgpag8,"Que no busque nada, hay que aprender a estar solo, al menos hasta superar a la anterior",locayboluda,argentina,7,2022-10-07 20:59:45,t1_irf22bh,t3_xy2jbt,comment
irge9xw,Esas ya tienen novio o están casadas.,CabezaDePerno,argentina,3,2022-10-07 19:20:16,t1_irf22bh,t3_xy2jbt,comment
irgpqky,Yo creo que debería buscarse a él mismo mejor,Jazzlike_Ad8200,argentina,3,2022-10-07 21:03:54,t1_irf22bh,t3_xy2jbt,comment
irhholr,JAJAJAJ tambien podria buscar un unicornio,SpeechPuzzleheaded85,argentina,1,2022-10-08 01:45:47,t1_irf22bh,t3_xy2jbt,comment
irg38av,"La traicion va a doler, pero pensa que el que engaña al primero que rebaja es a si mismo, es una mala persona, agradece que perdiste solo tres años y no una vida con hijos, cosas en comun, etc.

Apreta los dientes y segui adelante, la gente buena termina con gente buena, y los que elijen engañar terminan para el orto, porque como ellos cagan, andan siempre pensando en que los cagan a ellos, y eso, si me preguntas, no es forma de vivir.",patricio_z,argentina,252,2022-10-07 17:49:44,t1_irf0kky,t3_xy2jbt,comment
irfoxld,No dejes nunca de ser quien sos hasta ahora. A mí me pegó  mal y después me empecé a volver medio garca con las minas. No lo vale. Meditalo pero no busques revancha,EvilDead91,argentina,349,2022-10-07 15:59:22,t1_irf0kky,t3_xy2jbt,comment
irfypvb,This. Ella se lo pierde.,stvmallen,argentina,37,2022-10-07 17:15:01,t1_irf0kky,t3_xy2jbt,comment
irfpqlj,[removed],[deleted],argentina,162,2022-10-07 16:05:35,t1_irf0kky,t3_xy2jbt,comment
irh7k7j,"Ella es una traidora, si la perdonas basicamente estas aceptando que mereces ser traicionado, por lo menos no le hiciste un pibe.

 Levantate, sanate y despues buscate algo mejor, ahora si queres salir a joder esta bien, pero no busques un reemplazo tan pronto, estas herido y no va a salir bien.

 Trata de tomartelo como un aprendisaje, hoy te libraste de alguien que no vale la pena.   
 Vivi este dolor y recordalo, te hacen apreciar más los momentos felices.",CheGuevaraProgre,argentina,3,2022-10-07 23:52:14,t1_irf0kky,t3_xy2jbt,comment
irfa2q0,Una buena katana se moldea con el fuego y se fortalece con el frío.,4y19caracteres,argentina,327,2022-10-07 14:06:31,t1_irf40hi,t3_xy2jbt,comment
irg3b38,[deleted],[deleted],argentina,56,2022-10-07 17:50:21,t1_irf40hi,t3_xy2jbt,comment
irflmzl,">Sácala para el pingo de tu casa, así te llore, le tiras un bolso a los pies y le decís a las 15:30 te quiero fuera de acá y no digas más.

Excelente jugada",[deleted],argentina,225,2022-10-07 15:33:57,t1_irf5y9a,t3_xy2jbt,comment
irfpksi,"mejor juntarle todas las cosas y despues sacarla, te ahorras el berrinche",monox217,argentina,164,2022-10-07 16:04:20,t1_irf5y9a,t3_xy2jbt,comment
irgf94h,"Armale el bolso y decile que se van de viaje , le llamas un remis y cuando llega , le decís , el viaje te lo tomas vos , adónde? A la p..madre que te parió!",ballbreakerrr,argentina,83,2022-10-07 19:28:46,t1_irf5y9a,t3_xy2jbt,comment
irgefdj," ese ""ay entendela"" es re tipico, nadie se pone en el lugar del gorrado o gorreada",supremechad12,argentina,57,2022-10-07 19:21:32,t1_irf5y9a,t3_xy2jbt,comment
irfwdaa,15:30? asumamos que la casa es de el. La levantas asi borracha como esta y la sacas afuera. Sus cosas? por la ventana. Si hace bardo policia y denuncia con restriccion perimetral para cuando se arrepienta,anon691337,argentina,67,2022-10-07 16:56:50,t1_irf5y9a,t3_xy2jbt,comment
irgvyao,"Un amigo, 2 hijos 14 años de pareja, es la tercera vez que la persona, le pregunté porque, y me dijo que ya no tiene autoestima, esto paso hace 1 mes de la última vez y ya sube fotos con la señora de nuevo, el pibe lo único que hace es laburar todo el día de 9 a 19hs, la mina en vez de admitirlo, se hizo la ofendida, eso que mi amigo hablo con el flaco y se lo confirmo",Prudent-Chart1263,argentina,8,2022-10-07 22:01:32,t1_irf5y9a,t3_xy2jbt,comment
irgkr2r,Es legal eso? Si están conviviendo,MeditativeWalrus,argentina,2,2022-10-07 20:17:29,t1_irf5y9a,t3_xy2jbt,comment
irgyvb9,"*y si, cuando perdonas una infidelidad te perdes el respeto a vos mismo, imaginate el otro... lo mejor es cortar por lo sano y seguir ruta, minas y vagos sobran.*",mathew_manekineko,argentina,14,2022-10-07 22:28:54,t1_irf97mm,t3_xy2jbt,comment
irf2ux1,Ufff cómo me dolió leer lo de los francos man,andisosh,argentina,276,2022-10-07 13:13:04,t1_irf2a7s,t3_xy2jbt,comment
irghgld,"Resulta que el pibe que se cogio se llamaba franco... 

OP tomatelo.con uno de soda... Es una garcha, lo entiendo, ya te vas a sentir mejor pero pensa que zafaste mal de seguir con qlguien asi.. 

Busca un terqoeutanque te ayude a procesar toda esta mierda, agarra un hobby, arranca el gimmasio.. hace algo por.vos que te distraiga y te devuelva algo de normalidad a tu vida",wolfsilver00,argentina,2,2022-10-07 19:48:03,t1_irf2a7s,t3_xy2jbt,comment
irgoihl,Me siento muy identificada con la parte de que todo se va a acomodar con el tiempo. Al principio parece que no hay otra manera de vivir más que la que ya conocemos pero después todo va poniéndose en su (nuevo) lugar...,Objective_Plan_4944,argentina,5,2022-10-07 20:52:33,t1_irf0t4m,t3_xy2jbt,comment
irjmi5o,"Llorar para sacarse la angustia

Hacer algo nuevo o que habías dejado de hacer

No darle cabida a las ideas de que no existe nadie más

Hay que hacer fuerza por eso y las cosas de a poco se acomodan",EconomicsDirect7490,argentina,3,2022-10-08 16:07:02,t1_irf0t4m,t3_xy2jbt,comment
irf19ua,"gracias loco , me siento muy triste , a la tarde me junto con mi mejor amigo , necesito abrazar a alguien , llorar  y sacar toda la mierda esta que estoy sintiendo ahora , siempre me considere una persona que se banca la toma ...siempre con la frente en alto pero hoy me siento un nene .",Natural-Appeal1081,argentina,221,2022-10-07 13:01:06,t1_irf0s8a,t3_xy2jbt,comment
irgxymp,"If she cheats, she

>belongs to the streets",bald_firebeard,argentina,4,2022-10-07 22:20:16,t1_irf0s8a,t3_xy2jbt,comment
irg6w26,"La posta, yo no tenia con quien hablar y hable con mi vieja, increiblemente me hizo re bien. A veces la emocion nos desborda y necesitamos otra perspectiva",Plus-Philosopher-973,argentina,5,2022-10-07 18:18:45,t1_irf0s8a,t3_xy2jbt,comment
irg0zb4,9-12 meses? antes,PatagonicoMan,argentina,1,2022-10-07 17:32:19,t1_irf0s8a,t3_xy2jbt,comment
irfse3y,Pibe del otro macho xD,[deleted],argentina,5,2022-10-07 16:26:14,t1_irf7os0,t3_xy2jbt,comment
irfalvs,como un jogo de ajedrez bem jogado,Comfortable_Ideal402,argentina,409,2022-10-07 14:10:31,t1_irf4dm6,t3_xy2jbt,comment
irf9y62,El redditurro menos vengativo,fede_514,argentina,202,2022-10-07 14:05:36,t1_irf4dm6,t3_xy2jbt,comment
irfajj3,Está mal pero no tan mal,jorgitodapara,argentina,138,2022-10-07 14:10:03,t1_irf4dm6,t3_xy2jbt,comment
irfb1uz,Era la primera vez que le destrozabas la escarapela de cuero?,[deleted],argentina,117,2022-10-07 14:13:53,t1_irf4dm6,t3_xy2jbt,comment
irfgdl7,Usted me da miedo. Me agrada.,Pony_Roleplayer,argentina,39,2022-10-07 14:53:47,t1_irf4dm6,t3_xy2jbt,comment
irfdsc7,"Jajajaj yo tengo una peor. Viernes, se entró a bañar, un loco la llamaba constantemente por cel. Me pareció raro. Luego suenan mensajes de ig y de wapp. Leí los de ig y el guachin sabía que estaba en pareja conmigo y le ponía ""dale polleruda, vení, vamos a vernos otra vez, contestá"".

Agarré, me hice el re boludo. Le dije que ya es hora de que me entregue la colimba porque íbamos 1 año y medio de relación. Me la entregó, me la garche 8 veces ese día, al otro día me levante, puse una pelea de UFC al palo y la loca empezó a lagrimear porque me levanté sin el beso de los buenos días y medio que ni la miré, me preguntó que me pasaba y le dije ""che, ya ni me pinta seguir con vos"" se largó a llorar una banda, le subí más el volumen y tuve la amabilidad de llevarla a su casa, solo para disfrutar su llanto. Pasaron casi 2 años y sigue con la psiquis rota la loca. Que se cague por trola.",[deleted],argentina,320,2022-10-07 14:34:29,t1_irf4dm6,t3_xy2jbt,comment
irfbjz4,"Te amo pinche desconocido, estas historias renconfortan",Successful-Lab-7362,argentina,29,2022-10-07 14:17:42,t1_irf4dm6,t3_xy2jbt,comment
irfbz3n,Mejor venganza? Imposible! Que la chupe!,TriKurrDur,argentina,32,2022-10-07 14:20:53,t1_irf4dm6,t3_xy2jbt,comment
irg60gt,"Exelente historia! tiene todo, sexo, intriga, viajes, venganza. Mejor que la ultima de Franchela",Plus-Philosopher-973,argentina,12,2022-10-07 18:11:49,t1_irf4dm6,t3_xy2jbt,comment
irfjb91,La verganza,ConfirmPassword,argentina,7,2022-10-07 15:16:03,t1_irf4dm6,t3_xy2jbt,comment
irfctty,Pero ya lo tenías hiper chequeado?,sambalee9485,argentina,3,2022-10-07 14:27:15,t1_irf4dm6,t3_xy2jbt,comment
irg721o,Pro tip: darle de baja las tarjetas. No hace falta ser el titular para hacerlo.,edurigon,argentina,2,2022-10-07 18:20:03,t1_irf4dm6,t3_xy2jbt,comment
irgzqmc,"*exelente jugada, una amarga experiencia con una dulce despedida 10/10*",mathew_manekineko,argentina,2,2022-10-07 22:36:44,t1_irf4dm6,t3_xy2jbt,comment
irfnm1o,"El adulterio no existe en argentina. Osea no te va a servir de nada que guardes nada. simplemente con que evite que le roben es suficiente.  No por comentar en contra ni nada, solo aclaro un punto que puede dar a confusion.",fakav22,argentina,31,2022-10-07 15:49:12,t1_irf30ff,t3_xy2jbt,comment
irfoqa9,">	Sacale todas las cosas afuera 

Bueno, no se pueden sacar para adentro.",ChoripanConPepsi,argentina,17,2022-10-07 15:57:47,t1_irf30ff,t3_xy2jbt,comment
irfjahx,"this, la parte legal es mucho muy importante.",Intrepid-Land-2761,argentina,55,2022-10-07 15:15:54,t1_irf30ff,t3_xy2jbt,comment
irfvmfo,Eso mismo. No le tiene que hablar más. Todo lo que le hablé le va a Joder más el bocho. No hablarle es difícil pero es el mal mejor,Substantial_Help_102,argentina,2,2022-10-07 16:51:01,t1_irf30ff,t3_xy2jbt,comment
irgr01p,Exactamente todo esto.,tano440,argentina,4,2022-10-07 21:15:43,t1_irgpnj8,t3_xy2jbt,comment
irfetj0,"This. Lo he visto de cerca y por el momento no me toco, pero porque sucede? Es de esas conversaciones de borracho que suelo tener con amigos a las 3am. Porque sucede? 

Siempre el mismo patron: Pibe bueno, trabajador y macanudo, estudioso. El tipico con el que te comparas para hacerte mala sangre. Tiene una pareja estable y de golpe y porraso te enteras que lo cuernean, no te entra en la cabeza man que le queda al resto?",chicodelespacio96,argentina,71,2022-10-07 14:42:11,t1_irf3xl0,t3_xy2jbt,comment
irhpmvn,"Esa normalizacion de la infidelidad que mencionas esta rompiendo en pedazos el tejido social......si seguimos con ese infame proceso vamos a terminar sacandonos los ojos y retroceder varios escalones como especie humana....El mundo pasó de tener libertad al libertinaje más extremo y asqueroso que vivimos en estos tiempos, meterle los cuernos al gil que es buena gente y laburador, justificar y minimizar infidelidades, frindzonear y ghostear gente que vale la pena.....Pero bue no queda otra que seguir por más ahuellada y poceada que este la ruta que una transita en el camino de la vida",pibekantina,argentina,9,2022-10-08 03:36:34,t1_irfr18j,t3_xy2jbt,comment
irfq9wl,Por qué lo dice tan brusco?,77crow,argentina,53,2022-10-07 16:09:46,t1_irfalz6,t3_xy2jbt,comment
irfnl23,Hacks que valen la pena (?,gaussblack,argentina,20,2022-10-07 15:48:59,t1_irfalz6,t3_xy2jbt,comment
irg5p48,"Jajajajaj a mi la que me sirvió fue pensar que cuando se le salía el pito, ella lo ayudaba a ponérselo con las manos, no se pq pero esa imagen me re choca xdd",FaerWar,argentina,15,2022-10-07 18:09:16,t1_irfalz6,t3_xy2jbt,comment
irg6p8x,"Es un consejo que mentalmente te hace mierda, pero real que sirve jajaja, es como cuando te agarra la nostalgia y te acordas que seguro se esta cagando de risa con otro despues de que se la cogiera. Enseguida te bronca y repulsion y a la mierda. Un dia te chupa un huevo y ya.",C170A,argentina,14,2022-10-07 18:17:17,t1_irfalz6,t3_xy2jbt,comment
irfz0mi,Sos un guarango,guarango_ordinario,argentina,24,2022-10-07 17:17:20,t1_irfalz6,t3_xy2jbt,comment
irf3zr9,">Uf estás en la caca hermano.

>Mucha fuerza papu

Instructions unclear, cagué la cama.",[deleted],argentina,94,2022-10-07 13:21:30,t1_irf0y8a,t3_xy2jbt,comment
irfgfyh,"This. Estan hablando de sacarla a la calle y meterle un escrache cuando OP esta hablando que esta triste, cero empatia hermano lo que menos necesita es que le avivan el fuego",chicodelespacio96,argentina,28,2022-10-07 14:54:16,t1_irf65ai,t3_xy2jbt,comment
irfa7dt,Me hace recordar a seinfield cuando la mina le quiere cortar y el tipo lo toma como lo más normal del mundo. Esa frialdad tan alfa que me encantaría tener.,4y19caracteres,argentina,20,2022-10-07 14:07:30,t1_irf65ai,t3_xy2jbt,comment
irfma1h,">Bueno hay mucha bronca en este sub, personalmente te recomendarias que no hagas nada para joderla. No vale la pena, no te va a hacer sentir mejor y si realmente quisieras vengarte, no hay nada que duela mas que ser la sorete y no tener nada que recriminarte. A menos que seas un psicopata.

NO LO ESCUCHES OP. Te esta diciendo que implementes una actitud pacifista cuando no se lo merece, le tenes que pagar con la misma moneda, porque si le chupas un huevo a alguien entonces lo tenes que tratar de la misma manera para que sepa como se siente.",[deleted],argentina,-1,2022-10-07 15:38:49,t1_irf65ai,t3_xy2jbt,comment
irgy7gp,Uffff hermosa táctica,Affectionate-Win-339,argentina,4,2022-10-07 22:22:33,t1_irfp9sc,t3_xy2jbt,comment
irf6vir,Fucking genius. Hace esto op hay que sacarse la bronca de alguna manera y esta me parece la más sana. Encima en el transcurso en que no esté en tu casa podes sacar toda la mugre de ella sin que nadie te moleste.,Drtadwinslow7,argentina,16,2022-10-07 13:42:51,t1_irf0bdl,t3_xy2jbt,comment
irh02r8,Y dejarla en hessel con el cu roto,ApprehensiveBowler19,argentina,3,2022-10-07 22:39:47,t1_irf0bdl,t3_xy2jbt,comment
irfzv0w,Mejor a otro país xd.,PunkerWannaBe,argentina,2,2022-10-07 17:23:40,t1_irf0bdl,t3_xy2jbt,comment
irh470l,"Todas harry, todas putas",Wanabber,argentina,3,2022-10-07 23:19:09,t1_irh3ltg,t3_xy2jbt,comment
iri800c,Todas menos mi mamá y mi hermana,[deleted],argentina,2,2022-10-08 08:30:16,t1_irh3ltg,t3_xy2jbt,comment
irgjstg,Ufff esto,Varsoviadog,argentina,2,2022-10-07 20:08:49,t1_irfcmy9,t3_xy2jbt,comment
irle6nl,Se nota que leiste esos libros verga jaja,newenesto,argentina,6,2022-10-09 00:42:39,t1_irfxl6x,t3_xy2jbt,comment
irkelkh,"Entré a escribir algo similar, pero me dije ""a ver si encuentro a otra alma caritativa que escribió lo mismo""... Y acá estás. Gracias por tanto amor. Siempre será más fácil apuntar con el dedo y echar la culpa a los demás en vez de mirarse al espejo y tener autocrítica, encontrando una nueva masculinidad.

Detalles más, detalles menos, si tu novia vuelve borracha a tu casa donde convivís con ella, claramente algo está sucediendo en su vida. Un buen compañero no la llamaría desgraciada, sino que se preocuparía por acompañarla como corresponde, ayudándola.",Oron4r,argentina,4,2022-10-08 19:48:23,t1_irfxl6x,t3_xy2jbt,comment
irijpn5,"De algo que estoy seguro y poniendome en el luga4 del chico, probablemente él no lo entienda ahora y lo vea como una ""agresión"". Y es entendible, porque hace 1 año (cuando me cagaron), lo hubiese sentido como un golpe durísimo.
Pero, ahora que hice el duelo y comencé el camino del que estás hablando, realmente lo comprendo y me da gusto leer este comentario de fortalecerse entre tantos comentarios de odio, venganza y más bobadas.
El comentario que hiciste no era para mí, pero me llegó y lo voy a tomar. Si bien estoy en el camino del que hablas, voy a tomar los consejos que antes no tenía en cuenta, para fortalecerme más y ver con claridad todo lo que busco en la vida.
Muchas gracias y espero que este muchacho lo vea en algún momento. Podrá sonar como un mensaje ""desalmado"", pero como diría Frank Sinatra y Murray Franklin... ""That's Life"".",LuxyusBasualwosky,argentina,2,2022-10-08 10:43:48,t1_irfxl6x,t3_xy2jbt,comment
irh5jni," QUE AVIVADA POR DIOS

Estaba teniendo un día de mierda y leí lo que pusiste y me pegó un subidón de energía en un segundo, es tal cual como vos lo decís

Estaba apunto de hacer un post como este pero mí situación es otra, tengo 21 y la verdad que no salgo tengo un solo amigo y lo llamo para salir se hace el boludo, también quiero cojer con alguna mina pero no sé cómo, estaba apunto de hacer un post hasta que te leí me diste un cambio de perspectiva radical, la mayoría de los que aconsejaron aconsejan boludeces como

""Hacele algo"" ""mándala a mierda"" ""ella estuvo mal vos estuviste bien sos un gran tipo"" BASTA DE ALIMENTARNOS EL EGO Y PENSAR QUE EL MUNDO NOS DEBE TODO

EL CONSUELO QUE LE ESTAN DANDO AL OP NO SIRVE, EL TIENE QUE SABER QUE HIZO MAL Y ACA ESTA LA RESPUESTA",mepicalacolimba,argentina,2,2022-10-07 23:32:23,t1_irfxl6x,t3_xy2jbt,comment
irft8y1,">gó a llorar una banda, le subí más el volumen y tuve la amabilidad de llevarla a su casa, solo para disfrutar su 

Estoy leyendo los otros post...

no te transformes en un imbecil bancatela, nada de venganzas ni violencia...",NomadeArg,argentina,5,2022-10-07 16:32:50,t1_irfs5wf,t3_xy2jbt,comment
irfezk9,Jaja no nunca hagan esto.,chicodelespacio96,argentina,29,2022-10-07 14:43:25,t1_irf0ji7,t3_xy2jbt,comment
irfbhs0,"el flaco se siente mal y encima lo haces humillarse? XDXD
 Va a quedar como las vecinas del grupo de Facebook ""se que el grupo es de compra venta pero vengo a decir que la Rosaura es una roba marido y coso""
Mucho más de hombre es la indiferencia.
Cortar todo trato y contacto.",demitrybelmont,argentina,45,2022-10-07 14:17:14,t1_irf0ji7,t3_xy2jbt,comment
irfyfi7,"*Grupo Compra y Ventas Villa Lugano*

Y la publicación tiene que tener muchas faltas de ortografía, eso es mucho muy importante",Ok-Satisfaction-88,argentina,2,2022-10-07 17:12:48,t1_irf0ji7,t3_xy2jbt,comment
irf93jr,"Nada hermano,si estás seguro que querés terminar definitivamente  agarras hoy mismo,juntas huevos , te sentas cara a cara y le decís simplemente : "" no quiero estar más con vos"".",Feregar,argentina,25,2022-10-07 13:59:14,t1_irf5ouv,t3_xy2jbt,comment
irf6zmj,Uffff buena trama te entiendo muchísimo,VariousWelcome9721,argentina,4,2022-10-07 13:43:40,t1_irf5ouv,t3_xy2jbt,comment
irfb3eo,Contanos más rey,fede_514,argentina,2,2022-10-07 14:14:14,t1_irf5ouv,t3_xy2jbt,comment
irfkdie,menos conmigo :(,Intrepid-Land-2761,argentina,15,2022-10-07 15:24:15,t1_irf0kqz,t3_xy2jbt,comment
irf6g6s,Todas hasta que se demuestre lo contrario,damenesquik,argentina,14,2022-10-07 13:39:42,t1_irf0kqz,t3_xy2jbt,comment
irgk1xt,Yo le iba a decir que vuelva al lol pero este es buen consejo,Varsoviadog,argentina,7,2022-10-07 20:11:06,t1_irg62c6,t3_xy2jbt,comment
irglcqh,"QUÉ DICE SEÑORA

YO TAMBIEN TENGO CONCHA Y TAMBIÉN ME CAGARON

Te pensas que el instinto asesino se apaga escribiendo cartas????


Bueno, ahora hablando en serio: me parece medio extremo lo de hacerle daño a una persona que querés. También me parece extremo escribir cartas (!!!) y esas actividades falopas. Pero son más inofensivas. Cada uno lo procesa como puede. Lo importante es que el op se aleje de esa persona que tanto daño le hizo y se concentre en él y en quién era él fuera de esa relación .",[deleted],argentina,1,2022-10-07 20:23:01,t1_irg62c6,t3_xy2jbt,comment
irhyv5y,Taringa vuelve?,martinar4,argentina,2,2022-10-08 06:04:04,t1_irgzrek,t3_xy2jbt,comment
irh1kw7,"Mamá es la mas puta de todas.

&#x200B;

Papá.",patomenza,argentina,4,2022-10-07 22:53:59,t1_irg6mny,t3_xy2jbt,comment
irfig8v,Coincido totalmente con este comentario.,[deleted],argentina,3,2022-10-07 15:09:28,t1_irf7x64,t3_xy2jbt,comment
irgra70,"La explicación ya está, queria coger a otro. Las razones q pueda alegar no cambian el resultado",meroxs,argentina,4,2022-10-07 21:18:18,t1_irflzqh,t3_xy2jbt,comment
irgqkq8,"Ajaja me hiciste acordar cuando me pelie con mi ex , le dije que pase a buscar sus cosas al depto , fui y deje lencería que compre apropsito en el baño ajajaj",Jazzlike_Ad8200,argentina,5,2022-10-07 21:11:44,t1_irfrjry,t3_xy2jbt,comment
irh4cz8,Jajaja misogino,[deleted],argentina,2,2022-10-07 23:20:44,t1_irh2jql,t3_xy2jbt,comment
irfclz4,"Nadie niega eso, me parece",Pategras,argentina,12,2022-10-07 14:25:37,t1_irfbpvs,t3_xy2jbt,comment
irfx40h,Quien lo niega?,Kaiser9345,argentina,3,2022-10-07 17:02:37,t1_irfbpvs,t3_xy2jbt,comment
irfyeno,"Man, yo enganché el LoL despues de que me deje mi primer minusa y es la peor opción que hay, es mejor irte a Israel y decir que sos palestino y que estas son tus tierras",StFenoki,argentina,241,2022-10-07 17:12:37,t1_irfx9tf,t3_xy2jbt,comment
irg54yb,La idea era sacar un clavo con otro clavo no hundirlo en la miseria humana.,[deleted],argentina,37,2022-10-07 18:04:47,t1_irfx9tf,t3_xy2jbt,comment
irgvnrn,"tengo pc para tirar el juego que quiera, siempre que sale uno nuevo lo compro/pirateo, lo instalo y nunca lo juego. Solo Lolcito y csgo",Squaah,argentina,2,2022-10-07 21:58:47,t1_irfx9tf,t3_xy2jbt,comment
irg30bz,Menos mamá,WilliamMudsSchelotto,argentina,59,2022-10-07 17:48:03,t1_irfpqlj,t3_xy2jbt,comment
irg94sk,De los cuernos y la muerte no se salva nadie. A op le recomiendo ir al gym y olvidarse de la suripanta,Professor_Hobo31,argentina,14,2022-10-07 18:36:54,t1_irfpqlj,t3_xy2jbt,comment
irg07lq,"No bro, es una cuestión cultural que vienen metiendo desde y se está yendo a la mierda, la música (los videos y sus letra específicamente) que se escucha incita a que es más piola ese que esta forrado en guita y tiene todas las minas tratadas como ""objetos cosificados"", el empoderamiento y otras yerbas. No todas las mujeres son así, por favor!!",BidComprehensive1559,argentina,50,2022-10-07 17:26:18,t1_irfpqlj,t3_xy2jbt,comment
irfit9v,_tips fedora_,NoOneKnow5,argentina,188,2022-10-07 15:12:13,t1_irfa2q0,t3_xy2jbt,comment
irkkmgz,muy buena frase chee !!,Rodry346,argentina,2,2022-10-08 20:37:28,t1_irfa2q0,t3_xy2jbt,comment
irg5wnk,"imaginate esto mismo con 2 hijos de por medio y una casa a nombre de los 2.

esquivó un cañonazo.",pitiburi,argentina,122,2022-10-07 18:10:58,t1_irg3b38,t3_xy2jbt,comment
irgemlg,Pero no le duele...no le hace mal..,ballbreakerrr,argentina,19,2022-10-07 19:23:17,t1_irg3b38,t3_xy2jbt,comment
irg974g,"Tal cual, es como decir que no le duela, no le haga mal. Que lejos, en el centro, de la tierra, las raíces, del amor, dónde estaban, quedarán, cualquiera.",[deleted],argentina,18,2022-10-07 18:37:26,t1_irg3b38,t3_xy2jbt,comment
irg8a5f,[removed],[deleted],argentina,26,2022-10-07 18:29:56,t1_irflmzl,t3_xy2jbt,comment
irg36yk,Y ahorras posibilidad de que te robe algo tuyo. Mejor si vos le hacés el bolso.,ddm90,argentina,104,2022-10-07 17:49:27,t1_irfpksi,t3_xy2jbt,comment
irhqkyd,Esta es la que va.,RelativelyMental,argentina,2,2022-10-08 03:50:34,t1_irfpksi,t3_xy2jbt,comment
irgs9e1,Touche,M_Racchiatti,argentina,5,2022-10-07 21:27:23,t1_irgf94h,t3_xy2jbt,comment
irjvt6h,La mejor respuesta de todo este maldito post,LuckyLucho,argentina,2,2022-10-08 17:22:33,t1_irgf94h,t3_xy2jbt,comment
irgo55n,"Mal, que onda, estamos todos locos  
La nueva normalidad se convirtió en entender al que gorrea !? ¿En que sociedad vivimos?",SantiMedia2001,argentina,34,2022-10-07 20:49:08,t1_irgefdj,t3_xy2jbt,comment
irg5msg,"cuidado que no llame al 144 y vaya preso el, que llame a un testigo",Plus-Philosopher-973,argentina,61,2022-10-07 18:08:44,t1_irfwdaa,t3_xy2jbt,comment
irgdwef,Calculo que si llego borracha a la madrugada para las 14:00 más o menos se va a levantar lo que le deja una hora y media para tomarse el palo.,Euphoric-Computer-79,argentina,4,2022-10-07 19:16:59,t1_irfwdaa,t3_xy2jbt,comment
irf409p,el tipo se llamaba franco,infiernito,argentina,224,2022-10-07 13:21:37,t1_irf2ux1,t3_xy2jbt,comment
irf1m3p,"Está perfecto. Todos seguimos siendo niños, nada más estamos en cuerpos de adultos, y algunos dejan salir al niño interior más que otros. 

Abrazalo fuerte a tu amigo, vayan a tomar algo, y hagas lo que hagas

NO te metas en una relación amorosa. Porque en ése caso no sería amor, solo te estarías metiendo por miedo a la soledad

Y no te conozco pero según leo sos fuerte amigo, no caigas en ésa. Va a estar todo bien, ya vas a ver.",stzfrank,argentina,176,2022-10-07 13:03:40,t1_irf19ua,t3_xy2jbt,comment
irfx2y8,"Una recomendación nomás: toda interacción con ella grabala o tené un testigo. No estés solo cuando ocurra el conflicto. Cuídate vos, uno sabe con quién te casas pero no sabes de quién te separas.",[deleted],argentina,27,2022-10-07 17:02:23,t1_irf19ua,t3_xy2jbt,comment
irf9niv,Si tenés bronca guardada boxeo también sirve una banda para expresar toda esa ira de una forma sana.,Supernova_134,argentina,18,2022-10-07 14:03:26,t1_irf19ua,t3_xy2jbt,comment
irgosc2,"A mi me daba pena que mi familia se enterara que me estaba doliendo lo que pasé, por eso me guardé muchas cosas, no te recomiendo que hagás lo mismo, habla y busca gente que te ame, es lo mejor",Objective_Plan_4944,argentina,4,2022-10-07 20:55:07,t1_irf19ua,t3_xy2jbt,comment
irfzvcu,No hay por qué bancarse las cosas que te hacen mal. Lo mejor que podés hacer es sacar todo eso que sentís.,Kashim77,argentina,2,2022-10-07 17:23:44,t1_irf19ua,t3_xy2jbt,comment
irguxbw,"No hay nada malo en llorar. Es bueno porque te descargas. Llora todo lo que quieras que te va a ayudar a sentirte mejor. Te deseo lo mejor, vas a ver que el tiempo todo lo cura.",[deleted],argentina,2,2022-10-07 21:52:00,t1_irf19ua,t3_xy2jbt,comment
iri5wj0,"Otra cosa, borra todas las fotos y cualquier cosa que te relacione a esta ""persona"" como contactos familiares. Bloquea en todas las redes, hace de cuenta que no existe. Y sino haces gim, hace cualquier hobby pero cambia de rutina el día a día. Suerte y que todo mejore!",martin96carp,argentina,2,2022-10-08 07:59:55,t1_irf19ua,t3_xy2jbt,comment
irg2kit,3 años de Relación,stzfrank,argentina,3,2022-10-07 17:44:38,t1_irg0zb4,t3_xy2jbt,comment
irfgzv7,"Insertar [meme](https://www.youtube.com/watch?v=oU3y4FnXZpc) de ""Maravillosa jugada""",KiIgg,argentina,83,2022-10-07 14:58:25,t1_irfalvs,t3_xy2jbt,comment
irfnnsg,Yo me hubiese cagado en la alfombra antes de irme y le dejaba un problema más encima,gogos123,argentina,109,2022-10-07 15:49:33,t1_irf9y62,t3_xy2jbt,comment
irfojnd,La venganza es un plato que se sirve frio amigo.,[deleted],argentina,34,2022-10-07 15:56:21,t1_irf9y62,t3_xy2jbt,comment
irg49in,Ésto es mucho muy importante,joakins_89,argentina,25,2022-10-07 17:57:53,t1_irfb1uz,t3_xy2jbt,comment
irgvw0w,"no, pero tenia mas empujones que molinete de subte",Hot_Voice_5612,argentina,20,2022-10-07 22:00:57,t1_irfb1uz,t3_xy2jbt,comment
irgvxty,gracias,Hot_Voice_5612,argentina,3,2022-10-07 22:01:24,t1_irfgdl7,t3_xy2jbt,comment
irfeicl,Pero que desalmado . Muy bien jugado.,[deleted],argentina,118,2022-10-07 14:39:51,t1_irfdsc7,t3_xy2jbt,comment
irfgcjo,"Si no te jode que te pregunte, mientras te la garchabas, que onda? que pasaba por tu cabeza? bronca, tristeza, o calentura nomas?",frnt10,argentina,87,2022-10-07 14:53:34,t1_irfdsc7,t3_xy2jbt,comment
irfoop2,"chicas ya saben...si les pide la colimba seguro que se entero de los cuernos.

avisadas están,Ojota.",[deleted],argentina,91,2022-10-07 15:57:26,t1_irfdsc7,t3_xy2jbt,comment
irfgm4r,"top 10 cosas que nunca pasaron.

Tremenda fantasía mi rey, 6/10 por la escritura creativa.",Intrepid-Land-2761,argentina,153,2022-10-07 14:55:32,t1_irfdsc7,t3_xy2jbt,comment
irfegxk,Genius,FirmLab5517,argentina,18,2022-10-07 14:39:33,t1_irfdsc7,t3_xy2jbt,comment
irfgo12,"Sos un genio, que groso que sos jaja

Adhiero al pensamientl de que a la gente cruel hay que romperla con la cabeza bien fría.",Pony_Roleplayer,argentina,16,2022-10-07 14:55:55,t1_irfdsc7,t3_xy2jbt,comment
irfigbi,Se acuerda de vos cada vez que se sienta jajaj,_RubyIsRight_,argentina,8,2022-10-07 15:09:29,t1_irfdsc7,t3_xy2jbt,comment
irfi7h3,Eres cruel pero justo. Que hermosa historia.,Troll4everxdxd,argentina,4,2022-10-07 15:07:33,t1_irfdsc7,t3_xy2jbt,comment
irg2nn3,otro enfermo y encima fantasioso,prcstnt,argentina,2,2022-10-07 17:45:19,t1_irfdsc7,t3_xy2jbt,comment
irhhsam,"Pregunta honesta. En retrospectiva, lo harías de nuevo? Digo porque en el momento seguro se siente bien pero no tengo idea si se mantiene en el tiempo.",milkolik,argentina,1,2022-10-08 01:47:05,t1_irfdsc7,t3_xy2jbt,comment
irfkky3,"Que cinico que sabiendo que te caga, llore si la dejas.",Shugarcloud,argentina,1,2022-10-07 15:25:49,t1_irfdsc7,t3_xy2jbt,comment
irfgg56,Antes o después de romperle el cortachurro?,Pony_Roleplayer,argentina,25,2022-10-07 14:54:18,t1_irfbz3n,t3_xy2jbt,comment
irfpnqw,"De hecho las capturas de wsp tampoco tendrían validez legal alguna , menos al ser obtenidas violando la privacidad de la otra persona  . Pero siempre es mejor tenerlas que no . 

El día de mañana si inician una división de bienes  ( por decirte un caso culmine ) aunque ella confiese al juez su infidelidad esto no afecta en nada .
Por suerte Op ( y espero ) no tenga hijos con la mina , no haya comprado alguna moto/auto/propiedad conjuntamente ni haya puesto a nombre de ella nada , ni siquiera el contrato de alquiler.",Feregar,argentina,34,2022-10-07 16:04:58,t1_irfnm1o,t3_xy2jbt,comment
irfqvei,existen casos que una mina fue al telo con un escribando donde estaba el marido se comprobo el adulterio y no le corresponde su parte post divorcio. El matrimonio no deja de ser un contrato.,Traditional-Card4678,argentina,4,2022-10-07 16:14:29,t1_irfnm1o,t3_xy2jbt,comment
irfpw6r,"Bueno es un tecnicismo , también podía amontonarlas en una esquina de la casa o mandárselas a algún familiar .",Feregar,argentina,4,2022-10-07 16:06:47,t1_irfoqa9,t3_xy2jbt,comment
irfxcrj,No con esa actitud,JoNax97,argentina,2,2022-10-07 17:04:29,t1_irfoqa9,t3_xy2jbt,comment
irfjzps,"Después que te cagan y no las perdonas  te quieren sacar de la casa, la tele, el auto , la play , la pc , etc .",Feregar,argentina,46,2022-10-07 15:21:18,t1_irfjahx,t3_xy2jbt,comment
irfgzk4,"Pasa lo mismo al revés también, lamentablemente todos tenemos esa dualidad. Las mujeres quieren al tipo malo y nosotros queremos a las locas, en el fondo, aunque ellas digan que ""no quedan hombres buenos"" y nosotros que ""son todas trolas"". 

Hay miles de mujeres espectaculares corneadas y miles de tipos geniales corneados. Queremos lo que no podemos tener, lo distinto, la adrenalina. El tipo bueno que te levanta con el desayuno o la mina que te espera con las milanesas a la noche suma pero siempre está la tentación.",fede_514,argentina,70,2022-10-07 14:58:21,t1_irfetj0,t3_xy2jbt,comment
irfrnyk,"No digo que sea el caso de OP, pero hay muchos que son obvios.

Pibas con 40 novios antes que vos, flacos que viven de joda, pibas que no laburan y siempre tienen ropa nueva... Y la lista sigue y sigue.

Si conociste a tu pareja en un boliche, recontra en pedo, después de haberse comido a medio bar... Medio que te lo buscás vos también

No es que si o sí te va a cuernear, pero aumentan las chances considerablemente.",NoTanHumano,argentina,17,2022-10-07 16:20:33,t1_irfetj0,t3_xy2jbt,comment
irgivcv,"Brusco habría sido imaginarsela waskeada en la cara y desgustando la waska de otro...

Me conto un amigo!",SergioGustavo,argentina,7,2022-10-07 20:00:28,t1_irfq9wl,t3_xy2jbt,comment
irg9swj,Takes one to know one,VRichardsen,argentina,12,2022-10-07 18:42:27,t1_irfz0mi,t3_xy2jbt,comment
irgba11,Wait a minute,fraaltair,argentina,3,2022-10-07 18:54:34,t1_irfz0mi,t3_xy2jbt,comment
irf4ecj,Limpiate y seguí adelante nene,[deleted],argentina,33,2022-10-07 13:24:34,t1_irf3zr9,t3_xy2jbt,comment
irfm2o1,">This. Estan hablando de sacarla a la calle y meterle un escrache cuando OP esta hablando que esta triste, cero empatia hermano lo que menos necesita es que le avivan el fuego

NO. La ley del talion es totalmente justificable, deja de hacerte el Ghandi, todos tenemos un Iago por dentro, pero algunos no lo admiten y quieren venderse como carmelitas descalzas.",[deleted],argentina,7,2022-10-07 15:37:14,t1_irfgfyh,t3_xy2jbt,comment
irffxv0,"Yo lo hice, estaba enamorado hasta la pija, un día ella me dijo que esto no daba para más, le dije que no había drama y que no me iba a ver más la cara. Me levante y me fui. Lloré una semana sin parar. 

Casi doce años después todavía tengo muchas cosas atravesadas que me hubieran gustado decir o hacer. 

Ahora ya está, tengo mujer e hijas. Pero a veces todavía sueño con ella.",unicorniodorado,argentina,34,2022-10-07 14:50:31,t1_irfa7dt,t3_xy2jbt,comment
irfoaoh,"Pero es todo lo contrario para mi, si mi novia me caga me sentiria re mal, pero no me nacerian deseos de verla igual de mal que yo, o peor. Es mi novia de muchos años y ese amor no se borra de un dia para el otro. Entiendo si hay gente que le genere violencia instantanea, pero a mi no, y no es por querer mantener ninguna apariencia ni creerse nada.",n7Angel,argentina,8,2022-10-07 15:54:25,t1_irfa7dt,t3_xy2jbt,comment
irfoqaa,"Yo lo veo al reves. Si yo llegase a cagar a mi novia y me deja y me blockea y me borra de su vida, probablemente me vuelva loco de la culpa y me comeria la cabeza con la cagada que me mande.

Si por el otro lado, a partir de eso, ella se pusiese a difamarme, insultarme y ser un sorete en general, bueno, se me haria un poco mas facil odiar a una version sorete de ella que a mi mismo.",n7Angel,argentina,10,2022-10-07 15:57:47,t1_irfma1h,t3_xy2jbt,comment
irfirv7,"Están re fantaseosos los muchachos, muchos corazones rotos y resentidos.

Tratá al otro con la decencia que no tuvieron con vos, así cuando recuerdes en un par de años la situación, vas a estar tranquilo de corazón.",Intrepid-Land-2761,argentina,25,2022-10-07 15:11:55,t1_irfezk9,t3_xy2jbt,comment
irfe7vu,"Debe ser una de las doñas ""esta es robamaridos"" en los grupos de compra y venta",Nahual_B,argentina,11,2022-10-07 14:37:40,t1_irfbhs0,t3_xy2jbt,comment
irfamym,"Ya hicimos esto 20 veces, estoy con ella hace 7 años, tiene un hijo de 12 años al que tambíen amo muchisimo, pero ella y yo somos totalmente opuestos, todo lo que hago o digo a ella le molesta.. a mi no me molesta su forma de ser, pero si me molesta que se queje de todo lo que digo o hago.

Pero literal somos adictos a estar juntos aunque no tenga sentido, creo que ninguno  quiere admitirlo, solamente nos vemos los sabados y domingos para comer algo en ""familia"" , garchar un rato y listo..

Cuando hemos puesto una pausa no pasan mas de 24 horas que se pone super insistente y me escribe constantemente pidiendome perdon para que a la semana pase lo mismo.

&#x200B;

Yo soy un boludo de 30 años que labura en un callcenter y cuando termino de laburar me siento a viciar un rato y charlar con amigos, ya intenté muchas cosas y fracasé, me costó mucho aceptarme como soy y ser feliz así.

&#x200B;

Ella es una mina de la misma edad, con una empresa propia, que labura todo el día y tiene sueños de grandeza ....",LVCER0,argentina,7,2022-10-07 14:10:44,t1_irf93jr,t3_xy2jbt,comment
irgct97,Menos con los redditurros,Telesforoo,argentina,3,2022-10-07 19:07:35,t1_irfkdie,t3_xy2jbt,comment
irh5uol,Y tóxico faltó. Pero ahí en el post tienes el resultado de lo que pasa cuando no se ponen límites 🤷.,dorian1356,argentina,4,2022-10-07 23:35:27,t1_irh4cz8,t3_xy2jbt,comment
irg697g,"Literal, asi sea que lo dice en chiste, la realidad es que buscar refugio en el LoL es no quererse a uno mismo",noxdragon26,argentina,91,2022-10-07 18:13:42,t1_irfyeno,t3_xy2jbt,comment
irgetm8,[deleted],[deleted],argentina,22,2022-10-07 19:25:00,t1_irfyeno,t3_xy2jbt,comment
irg8a9v,KAJAKAKAJAJAJAJA,Lucas_Heredia,argentina,2,2022-10-07 18:29:58,t1_irfyeno,t3_xy2jbt,comment
irg62i9,No te quería decir esto... pero soy tu papá,Tiny-Car2753,argentina,39,2022-10-07 18:12:16,t1_irg30bz,t3_xy2jbt,comment
irg8w0t,En especial ella muchacho!,[deleted],argentina,13,2022-10-07 18:34:56,t1_irg30bz,t3_xy2jbt,comment
irg5eqy,">a que es más piola ese que esta forrado en guita y tiene todas las minas tratadas como ""objetos cosificados

Tenes razon, pero al mismo tiempo no hay ningun dato de como es el chabon como tal, es basura obviamente por cogerse a una mina con novio a consciencia, pero no se sabe si sea realmente ese tipo de persona, la realidad es que gente de mierda como la novia del OP y el chavon no entienden la gravedad que involucra engañar a alguien asi, quiere la seguridad de una relacion y al mismo tiempo coger con quien se le de la gana  


No se si todas putas, pero esta en partiular? ***Re*** puta.",Kusanagi22,argentina,23,2022-10-07 18:06:57,t1_irg07lq,t3_xy2jbt,comment
irgamm1,Frases para cuando estas triste,Old_Committee8649,argentina,31,2022-10-07 18:49:21,t1_irfit9v,t3_xy2jbt,comment
irgj59r,You shall die!,Immediate-Team3157,argentina,2,2022-10-07 20:03:00,t1_irfit9v,t3_xy2jbt,comment
irgqpp6,r/calamarowhoosh,NoGustaPez,argentina,2,2022-10-07 21:13:02,t1_irg5wnk,t3_xy2jbt,comment
irhfx96,La tercer bomba atomica evitó,Good-Language8066,argentina,2,2022-10-08 01:23:52,t1_irg5wnk,t3_xy2jbt,comment
irgkb1u,Y entre el no me olvides me dejé nuestros abriles olvidados...,33p857,argentina,8,2022-10-07 20:13:26,t1_irgemlg,t3_xy2jbt,comment
irgdhc8,r/suddenlycalamaro,farresto,argentina,3,2022-10-07 19:13:24,t1_irg974g,t3_xy2jbt,comment
irgq2i7,"Santi, tenes que saber que la gente es re hipocrita y falsa, que muchas veces le defiende por el simple hecho de ser mujer o hombre (no en todos los casos)",supremechad12,argentina,15,2022-10-07 21:06:58,t1_irgo55n,t3_xy2jbt,comment
irhtx1d,¡¡¡Son víctimas de la sociedad!!!,TOMIFACHERITO,argentina,5,2022-10-08 04:41:23,t1_irgo55n,t3_xy2jbt,comment
irgif1x,Si vas a hacer algo así empeza a filmar al momento en el que le decis que se vaya,GD3791,argentina,18,2022-10-07 19:56:25,t1_irg5msg,t3_xy2jbt,comment
irh83qu,y porque vas a cuidar y dejar dormir comodamente en tu propia casa a una persona que se cago en vos?,anon691337,argentina,3,2022-10-07 23:57:51,t1_irgdwef,t3_xy2jbt,comment
irf7jkt,"yo no hice nada, no la agites",[deleted],argentina,201,2022-10-07 13:47:41,t1_irf409p,t3_xy2jbt,comment
irfaeea,el rediturro mas sano emocionalmente,[deleted],argentina,90,2022-10-07 14:08:59,t1_irf1m3p,t3_xy2jbt,comment
irhh9q8,"Abrazalo fuerte a tu amigo



Y besalo





No homo",ZiYu14,argentina,4,2022-10-08 01:40:36,t1_irf1m3p,t3_xy2jbt,comment
irhfrga,La separacion es clave para saber con q tipo de persona compartiste tu vida.,CABJTHEBEST4EVER,argentina,7,2022-10-08 01:21:56,t1_irfx2y8,t3_xy2jbt,comment
irfntvi,No es mala,fede_514,argentina,39,2022-10-07 15:50:50,t1_irfnnsg,t3_xy2jbt,comment
irfrsr3,JAJAJSJAJA necesito enojarme con alguien pra hacérselo!,[deleted],argentina,38,2022-10-07 16:21:36,t1_irfnnsg,t3_xy2jbt,comment
irhbsnb,Traducción?Supongo que soy muy Gil.Mas empujones?Que se lo dejaste muy abierto? Joya?Entendí bien?Vuelva prontos!,wayne2099,argentina,7,2022-10-08 00:36:16,t1_irgvw0w,t3_xy2jbt,comment
irfof6m,"Pues le pasaba el final del intestino grueso. Al menos, a una cabeza.",ChoripanConPepsi,argentina,134,2022-10-07 15:55:24,t1_irfgcjo,t3_xy2jbt,comment
irfpf78,Jajaj buena pregunta. Bronca pura,[deleted],argentina,67,2022-10-07 16:03:07,t1_irfgcjo,t3_xy2jbt,comment
irfrxnb,Qué raras serán las mentes… a algunos les gusta pensar que otro se la coje,[deleted],argentina,26,2022-10-07 16:22:39,t1_irfgcjo,t3_xy2jbt,comment
irgj1xs,Seguro tenia bronca y satisfacción a la vez 🤣,DylanEscobar1,argentina,3,2022-10-07 20:02:08,t1_irfgcjo,t3_xy2jbt,comment
irfh4x8,jajajaaj bue tampoco es que conto una historia tremendamente fantasiosa,luchisss,argentina,58,2022-10-07 14:59:30,t1_irfgm4r,t3_xy2jbt,comment
irg2sgp,8 veces dice… 8 pajas habrán sido…,Dalvenjha,argentina,10,2022-10-07 17:46:22,t1_irfgm4r,t3_xy2jbt,comment
irfyphj,"Jajaja yo le doy un 7, no seas malo",guarango_ordinario,argentina,4,2022-10-07 17:14:56,t1_irfgm4r,t3_xy2jbt,comment
irfi2jv,Pero no tiene nada de fantasioso,lostinquebec2,argentina,1,2022-10-07 15:06:30,t1_irfgm4r,t3_xy2jbt,comment
irhjx18,"Ni en pedo amigo. Tuve que hacer terapia porque sentí que me había ido al carajo. Lo bueno es que ya no le tengo miedo a nada. Mi mayor miedo supo ser amar y que me caguen. La loca me curó de espantos.

Por otro lado, también aprendí que se piensa mejor si no se involucran muchas emociones.",[deleted],argentina,2,2022-10-08 02:15:02,t1_irhhsam,t3_xy2jbt,comment
irfgr3l,"Sí

Yo le rompía el Nudo de Globo sin lubricar",TriKurrDur,argentina,10,2022-10-07 14:56:33,t1_irfgg56,t3_xy2jbt,comment
irfr5ui,"De hecho asi es. Al Estado realmente no le interesa si te metieron los cuernos ni porque estas dividiendo los bienes lo que le interesa es que sea una repartición justa en cuanto a la integridad del patrimonio de cada uno. Por eso el divorcio hoy en dia es incausado, aparte de que debe ser agotador ser juez y comerte una telenovela colombiana distinta todos los dias que en realidad no arregla nada.  Lo de WhatsApp es legalmente discutible, existe jurisprudencia que avala el uso.",fakav22,argentina,3,2022-10-07 16:16:41,t1_irfpnqw,t3_xy2jbt,comment
irfkaow,hasta el firulais,Intrepid-Land-2761,argentina,11,2022-10-07 15:23:40,t1_irfjzps,t3_xy2jbt,comment
irfyklb,"""CON LA COMPU NO, TURRA""

&#x200B;

Yo, si en algún punto entro en una disputa legal con una femina e intenta sacarme la PC",StFenoki,argentina,7,2022-10-07 17:13:54,t1_irfjzps,t3_xy2jbt,comment
irfigub,"Como alguien que en sus 21 años nunca nadie le dio cabida y nunca tuvo novia yo no entiendo qué ""tentación"" pueden tener como para llevarlos a ser infieles y en mi sincera y honesta opinión son todos una manga de pelotudos (y pelotudas) de mierda.

Esa mina que decís vos que te espera con las milanesas a la noche no solamente ""suma"", tipo literal no sé qué más podés llegar a querer de alguien más que esos gestos chiquitos que demuestran que de verdad te quiere.

Qué es esa ""tentación""? Media hora de placer? Una hora? Y después qué? Cuando te pega la post-nut clarity, cómo te sentís? Te seguís sintiendo bien? Cómo mirás a tu pareja a los ojos después de eso? Posta yo no los entiendo y cualquiera que sea infiel a conciencia es una basura",undead_lox,argentina,85,2022-10-07 15:09:35,t1_irfgzk4,t3_xy2jbt,comment
irfi3u4,"Los seres humanos somos una bolsa de impulsos andante, queremos la estabilidad pero nos terminamos rindiendo a los impulsos mas primitivos: Sexo, drogas y malos hábitos. Sera que al final no somos mas que simios con Iphone? Que profundo se puso el sub jajaja",chicodelespacio96,argentina,27,2022-10-07 15:06:46,t1_irfgzk4,t3_xy2jbt,comment
irfvu6b,">Las mujeres quieren al tipo malo y nosotros queremos a las locas

Doy fe, solo atraigo locas y las últimas que me tocaron quieren que las preñe (?)",NightOfTheVuvuzela,argentina,8,2022-10-07 16:52:41,t1_irfgzk4,t3_xy2jbt,comment
irfhi87,"Instructions unclear, me levanté de la cama y me caí del balcón",Pony_Roleplayer,argentina,9,2022-10-07 15:02:15,t1_irf4ecj,t3_xy2jbt,comment
irfnlds,"Nadie se hace nada, cada persona es diferente, no proyectes.

Los sentimientos para mi no se apagan con una tecla, si mi novia hoy en dia me caga no voy a instantaneamente dejar de quererla, me voy a alejar porque seguir en eso me hace mal, pero de ahi a lastimarla para mi es hay un trecho enorme, y tampoco siento que vaya a darme un cierre o algun sentimiento de alivio.",n7Angel,argentina,11,2022-10-07 15:49:03,t1_irfm2o1,t3_xy2jbt,comment
irfn5lm,Como son las cosas che,gaussblack,argentina,21,2022-10-07 15:45:37,t1_irffxv0,t3_xy2jbt,comment
irfphqi,"Se trata de quererse a uno mismo. Y eso puede parecer egoísmo para otros, pero en lo personal, creo que es toda una virtud.",4y19caracteres,argentina,5,2022-10-07 16:03:40,t1_irfoaoh,t3_xy2jbt,comment
irh1sfe,"Yo la vivi parecida, y en la calentura reaccione como un gil. Eventualmente las cosas se encarrilaron, y actué con la decencia, el cariño y la humanidad que no tuvieron conmigo.  


Duele? Al dia de hoy. Pero al menos, todos los dias me levanto, me miro al espejo y justamente como decís: me siento tranquilo de corazón",patomenza,argentina,8,2022-10-07 22:56:00,t1_irfirv7,t3_xy2jbt,comment
irfhp7s,"No sos un boludo, no te tires abajo amigo! Evidentemente te necesita más ella, si te busca tanto cuando se separan, es una tóxica y te está enfermando la cabeza. Hacé la tuya, abrite. Sé que te va a doler pero sos joven, y te mereces algo mejor! Éxitos",fede_514,argentina,10,2022-10-07 15:03:43,t1_irfamym,t3_xy2jbt,comment
irfc7zp,"metele los cuernos

&#x200B;

no mentira, pero podes decirle que tenes ganas de conocer a otra persona que no sea ella, esas cosas le pegan fiero a los psicoticos esos",tankezord,argentina,15,2022-10-07 14:22:44,t1_irfamym,t3_xy2jbt,comment
irfci16,"Es imposible quedarse con el pan y la torta . 
Ponete a pensar,  tiene un hijo de 12 años que por mucho que lo quieras no es tuyo , el pibe si desapareces de su vida te va a extrañar pero en 1 año se va a olvidar de tu existencia . 

Por lo que escribis siento que en el fondo no querés terminar y quieren seguir con esa relación que es lo que  da comodidad , seguridad y es lo que te salva de sentirte solo . Si ella te insiste y te escribe el poder de decirle NO sigue siendo tuyo , a no ser que vos tambien estés enganchado .

También estaría bueno que salgas a otros lugares, hagas cosas nuevas , te cojas otras minas .

No te tires abajo diciendo que sos un boludo que trabaja en un call center y ella la dueña de una empresa . Mi papá es camionero , a duras penas termino el primario y mi mamá es inspectora en jefe de educación . 

Si seguis contándote el cuento que sos un bueno para nada vas a terminar creyéndote un bueno para nada.",Feregar,argentina,9,2022-10-07 14:24:48,t1_irfamym,t3_xy2jbt,comment
irfyo7o,">soy un boludo de 30 años que labura en un callcenter

EvaRaw666????",Ok-Satisfaction-88,argentina,2,2022-10-07 17:14:40,t1_irfamym,t3_xy2jbt,comment
irgfx3r,El Reddit Avatar de LoL te da 100 veces más credibilidad jajaja,Khad4,argentina,58,2022-10-07 19:34:34,t1_irg697g,t3_xy2jbt,comment
irgb04m,"yo hace 10 años ++ que juego lol, siento orgullo, es algo asi como el orgullo homosexual",[deleted],argentina,30,2022-10-07 18:52:20,t1_irg697g,t3_xy2jbt,comment
irgvr14,"Porque la gente que trollea, desea enfermedades, se queda afk, entre otros.. no les pasa nada y cada vez hay más. Tienen que reportarlos masivamente para que sea automático el ban de chat.

Además de que querés ganar las ranked/competitivas y la gente horrible que te toca te provoca úlceras.

Pd: mí máximo fue grandmaster en nuestro server (top 0.algo%) y ahora estoy en Brasil diamante alto (top 1.5%). La gente mala está en todos los rangos, pero en Brasil son menos tóxicos.",PowPowLovesViolet,argentina,18,2022-10-07 21:59:38,t1_irgetm8,t3_xy2jbt,comment
irihcqv,"El problema es que es un juego 5v5 que jugas con extraños, y a cierto nivel de juego con que 1 quiera cagarte la partida, te la caga, y te tenes que fumar de 20 a 40 minutos en una partida que ya sabes que esta perdida, sintiéndote miserable, y NO podes quittear, porque si te vas te pueden banear la cuenta por AFK.

Estas literalmente obligado a pasarla como el orto en esas partidas, y si te tocan varias así durante el día, te vas a dormir sintiéndote como el orto.",BearOnCocaine,argentina,3,2022-10-08 10:20:08,t1_irgetm8,t3_xy2jbt,comment
irg7h5s,"Che, yo soy mina y fiel hasta la estupidez. Me engañaron después de 5 años de relación y una promesa de matrimonio de por medio.

Lo que hay es gente de mierda, de todos los sexos!",biofemina,argentina,70,2022-10-07 18:23:22,t1_irg5eqy,t3_xy2jbt,comment
irgm0lu,En el fondo del placar,sebastianlaguens,argentina,8,2022-10-07 20:29:13,t1_irgkb1u,t3_xy2jbt,comment
irh73fi,"Esa mierda de entendela siempre es con mujeres no conozco el primer caso de hombre de entendelo, y concuerdo completamente con vos",Elmagomandrake,argentina,19,2022-10-07 23:47:38,t1_irgq2i7,t3_xy2jbt,comment
iri0wgl,Llámalo a Darín para que se gane un premio la yegua.,Ok_Conversation_285,argentina,2,2022-10-08 06:38:56,t1_irgif1x,t3_xy2jbt,comment
irfdws7,Sos re hdp franco,Questionscrem,argentina,139,2022-10-07 14:35:24,t1_irf7jkt,t3_xy2jbt,comment
irfflfd,"acá esta el que cuerneo, a el muchachos!",el_argu,argentina,101,2022-10-07 14:47:57,t1_irf7jkt,t3_xy2jbt,comment
irffs7b,"Dale Franco, sé franco y hacete cargo de tus actos",EkonElewa,argentina,47,2022-10-07 14:49:22,t1_irf7jkt,t3_xy2jbt,comment
irffhd3,Te fuiste al chori,andisosh,argentina,17,2022-10-07 14:47:07,t1_irf7jkt,t3_xy2jbt,comment
irfj0ip,"![gif](giphy|gKsJUddjnpPG0)

TE ODIO FRANCO HDP (?)",CEREAL_KlLLER,argentina,14,2022-10-07 15:13:47,t1_irf7jkt,t3_xy2jbt,comment
irfixan,mirá que nos conocemos bien,Intrepid-Land-2761,argentina,7,2022-10-07 15:13:05,t1_irf7jkt,t3_xy2jbt,comment
irfyazn,Segurola y La Habana.. te espero en nombre de op,guarango_ordinario,argentina,7,2022-10-07 17:11:50,t1_irf7jkt,t3_xy2jbt,comment
irfjo82,"Naaaa no te creas, sigo siendo el mismo rediturro pajero de siempre, nada más que entre el año pasado y éste año me golpeó la vida, cosa que hasta ese entonces nunca me pasó",stzfrank,argentina,42,2022-10-07 15:18:51,t1_irfaeea,t3_xy2jbt,comment
iri8y8k,O si?,matupunk,argentina,3,2022-10-08 08:43:07,t1_irhh9q8,t3_xy2jbt,comment
irfzzc4,"Te invito a cagar a casa

UwU 💕",[deleted],argentina,28,2022-10-07 17:24:33,t1_irfrsr3,t3_xy2jbt,comment
iriv3q3,"a ver como te lo explico, digamos que por ese tunel, pasaron varios, se entiende?",Hot_Voice_5612,argentina,3,2022-10-08 12:26:19,t1_irhbsnb,t3_xy2jbt,comment
irgaiai,"Es todo un fetiche ese, ojo",fede_514,argentina,6,2022-10-07 18:48:23,t1_irfrxnb,t3_xy2jbt,comment
irfy6rv,NTR Revenge,Cristo0AC,argentina,3,2022-10-07 17:10:55,t1_irfrxnb,t3_xy2jbt,comment
irfhyfg,">Pasaron dos años y sigue con la psyche rota

>Ese día me la cogí 8 veces [por el cortachurros]

Man, esta es LA fantasía por excelencia; primero, cómo corno se la coge no una, no dos ni tres, OCHO VECES?. Si era la primera vez que intentaban *por ahí*, es absolutamente imposible haberlo hecho tantas veces y menos sin el lubricante adecuado —que imposible que lo tengan, ya que no lo practicaban—.

Y segundo, cómo corno sabe que tiene ""la psiquis rota""? Tan obse va a ser que sigue sabiendo de su ex años después?

Perdón, pero esto suena a fake.",Intrepid-Land-2761,argentina,114,2022-10-07 15:05:38,t1_irfh4x8,t3_xy2jbt,comment
irfidsh,"Cogerte 8 veces por el asterisco de carne—sin lubricante, presuntivamente— a quien descubriste que te está engañando, suena a fantasía.

Segundo, 2 años después sabe que ella sigue con la psyché rota? mhmmm",Intrepid-Land-2761,argentina,6,2022-10-07 15:08:56,t1_irfi2jv,t3_xy2jbt,comment
irhk6dm,Gracias por la respuesta,milkolik,argentina,2,2022-10-08 02:18:34,t1_irhjx18,t3_xy2jbt,comment
irfgsuj,"No, no, eso es criminal. No se hace.",Pony_Roleplayer,argentina,21,2022-10-07 14:56:55,t1_irfgr3l,t3_xy2jbt,comment
irgm3hr,La escarapela de carne.,mauri383,argentina,5,2022-10-07 20:30:00,t1_irfgr3l,t3_xy2jbt,comment
irfrrse,"Es una cagada el sistema de justicia, siempre hace la más fácil que es  beneficiar a la mujer ( con esto no digo que son todas una mierda, por que no es cierto y chabones soretes hay por millones).

 Por eso siempre digo, si no hay chicos de por medio hay que tener siempre bien separados los tantos . Lo mio es mío y lo tuyo, tuyo . El día que te separas cada uno por su  lado y listo .",Feregar,argentina,10,2022-10-07 16:21:23,t1_irfr5ui,t3_xy2jbt,comment
irfjwmp,"Nunca engañé a una pareja, y pienso igual que vos, pero tuve relaciones muy largas y siempre está ese fantasma.

He conocido mujeres fantásticas, y de repente se te cruza una que no es ni la mitad de buena pero tiene ese ""no sé que"", y vos decís ""cómo puede ser que me interese esta mina, teniendo a alguien mejor"".

Cuando una relación lleva años (cómo la de OP, o más) puede aparecer alguien distinto, que te da otra cosa. No creo en el engaño, si me interesa alguien más me separo y punto, pero hay gente que no tiene los cojones, o no quiere perder lo que tiene porque sabe que es bueno, pero sin embargo quiere probar lo diferente... Sé que pasa, conozco muchos casos y el de OP es uno más, por algo la mina no se separó. Pero para mí no se perdona, yo no lo haría ni lo perdonaría. A llorar a la iglesia.",fede_514,argentina,24,2022-10-07 15:20:39,t1_irfigub,t3_xy2jbt,comment
irfk377,"Te doy mi humilde historia de vida.


Yo le puse los cuernos a mi ex una sola vez, y te juro que en el post-clarity me levanté y me fui casi que llorando a mi depto.

Le llamé al otro día a mi pareja diciendo que teníamos que vernos, nos juntamos y le tiro el ""Estuve con otra persona, no podemos seguir juntos"". Nunca más volvimos a hablar y perdí las cosas que estaban en su depto, amistades y bla bla bla. 

A lo que voy, si gorreás, tené la decencia y el respeto de decirle cara a cara. ESO me parece lo más importante. No entiendo como alguien puede hacer algo así y después mirar a los ojos a su pareja y decirle ""Te amo"". Son psicópatas? Yo estuve casi un año completo con depresión.",Intrepid-Land-2761,argentina,48,2022-10-07 15:22:02,t1_irfigub,t3_xy2jbt,comment
irg1ykj,"no todos tienen tu forma de pensar. El error es medirnos con el otro como nos medimos a nosotros mismos, pero hay gente muy enferma que piensa distinto, tiene otra moral y otros valores. El tema es que hay que tener un cudiado del carajo cuando uno se pone a salir con alguien y eso lamentablemente no te lo enseña nada mas que la vida.",Substantial_Help_102,argentina,5,2022-10-07 17:39:54,t1_irfigub,t3_xy2jbt,comment
irgmwtt,"Vos porque tenes una vara moral, a otros les interesa mas garcharse lo que sea porque esa es su idea de ""vivir la vida"".",notanameo,argentina,2,2022-10-07 20:37:39,t1_irfigub,t3_xy2jbt,comment
irfiwpu,"Queremos la estabilidad, por eso inventamos la monogamia, pero nuestra parte más ""animal"" quiere otras cosas. Es muy pero muy difícil encontrar el combo completo y mantenerlo a lo largo del tiempo. Casi imposible diría.",fede_514,argentina,18,2022-10-07 15:12:57,t1_irfi3u4,t3_xy2jbt,comment
irfitqo,*esto de vivir en una terraza y que la gente no explique bien es complicado viste*,Notso_Smoothcriminal,argentina,14,2022-10-07 15:12:19,t1_irfhi87,t3_xy2jbt,comment
irgjcpp,*Toma mate*,Varsoviadog,argentina,11,2022-10-07 20:04:50,t1_irfn5lm,t3_xy2jbt,comment
irfq3sc,O sea que si mí novia me caga y yo simplemente me las tomo (o la echo si es mí casa) para vos no me estoy queriendo a mí mismo?,n7Angel,argentina,4,2022-10-07 16:08:25,t1_irfphqi,t3_xy2jbt,comment
irh3pyv,"Me alegra mucho amigo, me alegra mucho.",Intrepid-Land-2761,argentina,6,2022-10-07 23:14:32,t1_irh1sfe,t3_xy2jbt,comment
irfhh7m,hacer eso sería como meterse a chernovil,LVCER0,argentina,7,2022-10-07 15:02:02,t1_irfc7zp,t3_xy2jbt,comment
irfwsyj,Igual tu viejo de camionero debe ganar muchísimo más que tu vieja de inspectora. No entiendo qué tiene que ver,Kaiser9345,argentina,3,2022-10-07 17:00:14,t1_irfci16,t3_xy2jbt,comment
irgpi6s,"Same, el tema es controlarlo. Juego 3 o 4 partidas por semana. platino 4.",JorenHg,argentina,9,2022-10-07 21:01:43,t1_irgb04m,t3_xy2jbt,comment
iriuvug,[deleted],[deleted],argentina,2,2022-10-08 12:24:30,t1_irihcqv,t3_xy2jbt,comment
irg7ox0,"Estoy de acuerdo, mea culpa si lo exprese de forma que se viera como decir que solo las minas cuernean, hay *muchos* basuras que cuernean a sus mujeres con todo y hijos y despues se van con los amigos a cagarse de risa al bar y charlarlo de la forma mas casual posible, solo me centre en el lado femenino por que en este caso en especifico fue una mujer la que lo cago, pero tenes toda la razon basura hay en los 2 lados.",Kusanagi22,argentina,20,2022-10-07 18:25:07,t1_irg7h5s,t3_xy2jbt,comment
irh4bab,Del cuarto de invitados,TheRealLardin,argentina,6,2022-10-07 23:20:17,t1_irgm0lu,t3_xy2jbt,comment
irh94pg,"Literal, y puse eso de hombre para que despues no salga un boludo ofendido a querer tratarme de misogino",supremechad12,argentina,7,2022-10-08 00:08:26,t1_irh73fi,t3_xy2jbt,comment
irfip0w,"*Se le tiraban encima como al pibe ""profe había tarea""*",Troll4everxdxd,argentina,60,2022-10-07 15:11:19,t1_irfflfd,t3_xy2jbt,comment
irfq4hd,Spit on him!,DuckLittleDream,argentina,13,2022-10-07 16:08:34,t1_irfflfd,t3_xy2jbt,comment
irfo9sj,">hacete cargo de tus  ̶a̶c̶t̶o̶s̶

francos",[deleted],argentina,27,2022-10-07 15:54:13,t1_irffs7b,t3_xy2jbt,comment
irfom6i,"No, acá no ha venido.",ChoripanConPepsi,argentina,7,2022-10-07 15:56:53,t1_irffhd3,t3_xy2jbt,comment
irfr6r2,que contemplativo que estamos hoy,[deleted],argentina,4,2022-10-07 16:16:52,t1_irfjo82,t3_xy2jbt,comment
irgfhbz,"Me das un abrazo a mi también? :,(",Varsoviadog,argentina,3,2022-10-07 19:30:45,t1_irfjo82,t3_xy2jbt,comment
irfmafb,"Ese cortachurro estaba bastante limado 😁 no abrió ninguna puerta, era un molinete lleno de vergazos",fabiomb,argentina,55,2022-10-07 15:38:53,t1_irfhyfg,t3_xy2jbt,comment
irh0h73,"como no vas a poder tirar 8 tiros en 1 noche? incluso se quedo corto diria (eso si al otro dia la pija no se te la para ningun sindicato)  
una cosa es hacerse la paja y quedarte sin polvora ni ganas, otra es estar con una mina, aveces acabas y seguis con la pija re dura ni un medio tiempo le das ![img](emote|t5_2qlht|2153)",mathew_manekineko,argentina,9,2022-10-07 22:43:31,t1_irfhyfg,t3_xy2jbt,comment
irfkdt8,[removed],[deleted],argentina,88,2022-10-07 15:24:19,t1_irfhyfg,t3_xy2jbt,comment
irg5n77,¿Que decís? 2 veces en 4. Las cuentas dan.,withg,argentina,7,2022-10-07 18:08:50,t1_irfhyfg,t3_xy2jbt,comment
irfs4yu,Como sabes q no usó lubricante???,[deleted],argentina,4,2022-10-07 16:24:14,t1_irfhyfg,t3_xy2jbt,comment
irhcgh1,Muchos ex se siguen en Instagram!!!,wayne2099,argentina,2,2022-10-08 00:43:32,t1_irfhyfg,t3_xy2jbt,comment
iri9kkw,A mí también me pareció tremendo fakeee,[deleted],argentina,2,2022-10-08 08:51:16,t1_irfhyfg,t3_xy2jbt,comment
irfkyf6,2 años después las minas siguen mandando mensajes,truchisoft,argentina,2,2022-10-07 15:28:40,t1_irfidsh,t3_xy2jbt,comment
irgmaco,El Anillo de carne,TriKurrDur,argentina,3,2022-10-07 20:31:46,t1_irgm3hr,t3_xy2jbt,comment
irg9glf,Y pero que tiene que ver eso con beneficiar a la mujer? Si al estado no le interesa el género de quien cometió el acto?,ldranger,argentina,2,2022-10-07 18:39:36,t1_irfrrse,t3_xy2jbt,comment
irg6s4q,"La diferencia entre tu caso en particular y la gente que generalmente cuerna es que vos hiciste una cagada *terrible* pero al menos lo afrontaste y te arrepentis totalmente de ello reconociento que es tu culpa, la mayoria de los que cuernean hacen todo lo contrario, se justifican o de plano les chupa un huevo  


De ahi es que sale la basura esa de ""uh es que todos tenemos tentacion"" pero anda a meter tu lengua en un nido de avispas, ese tipo de justificaciones viene de gente hedonista a patadas y la verdad dan un asco terrible, bien por vos por afrontar tu cagada de frente pero lamentablemente no es la mentalidad que muchos toman.",Kusanagi22,argentina,19,2022-10-07 18:17:55,t1_irfk377,t3_xy2jbt,comment
irfveak,"Las minas son distintas. La mayoría cuernea y se lo justifica. “Hay es q no estaba contenta y feliz, el no me hacía feliz y necesitaba probar otra cosa. Estuve mal si pero vos también por bla bla bla” tan re locas",Substantial_Help_102,argentina,9,2022-10-07 16:49:18,t1_irfk377,t3_xy2jbt,comment
irg77b9,"En lo personal eso no es un error, nunca dejes de medir a la gente con la misma vara con la que te medis a vos mismo, asi es como acabas rodeado de gente basura y aceptando ese comportamiento por que ""total no soy yo el que lo hace""",Kusanagi22,argentina,7,2022-10-07 18:21:12,t1_irg1ykj,t3_xy2jbt,comment
irgw4sh,"No inventamos la monogamia, la monogamia existe en múltiples especies, así como tampoco inventamos las infidelidades dentro de relaciones monogámicas, también existen en otras especies. Desde el punto de vista evolutivo son tan solo adaptaciones comportementales que aumentan el éxito reproductivo del individuo en cuestión.
La realidad duele, o reconforta entenderla, no sé. De todos modos, una garcha cuando te gorrean </3",No-Effect-9638,argentina,2,2022-10-07 22:03:15,t1_irfiwpu,t3_xy2jbt,comment
irfklg3,"*Deep shit,* ***pero nunca tan true.***",D1emsito,argentina,2,2022-10-07 15:25:55,t1_irfiwpu,t3_xy2jbt,comment
irfvn4j,"Estaba agregando a tu comentario, no contrariandolo. Saludos",4y19caracteres,argentina,5,2022-10-07 16:51:10,t1_irfq3sc,t3_xy2jbt,comment
irivelp,"Yo que se, por suerte a mi ya se me fue el bicho, siempre lo tengo instalado y cada tanto sale customs con los pibes, pero no lo juego regularmente ni a palos.",BearOnCocaine,argentina,2,2022-10-08 12:28:52,t1_iriuvug,t3_xy2jbt,comment
irg8059,"Ufff, si, conozco de esos también, lamentablemente demasiado de cerca. Pero también las conozco a las hijas de puta que se cagan en el novio/pareja/marido y se ríen con las amigas. 

La mejor venganza contra un ex así es cruzarlo en algún lado en un futuro y que te vea espléndido/a! Nada mejor para que vea lo que se perdió",biofemina,argentina,18,2022-10-07 18:27:41,t1_irg7ox0,t3_xy2jbt,comment
iriry46,eran tiempos dorados,StatisticianGlum9644,argentina,3,2022-10-08 11:59:16,t1_irh4bab,t3_xy2jbt,comment
irhegq3,"Cierto para nosotros siempre son una mierda no pueden ver otra piba, o son hombres son asi, ellas lo hacen entendela o buscan justificar lo injustificable y no hablo de misoginia sino de hechos concretos, que siempre hay gente asi de mierda",Elmagomandrake,argentina,13,2022-10-08 01:06:31,t1_irh94pg,t3_xy2jbt,comment
irgowj1,"Pero si había y al profe se le estaba olvidando...

![gif](giphy|sW42Dv9dy0OHo17bkO)",KamusdeAcuario,argentina,4,2022-10-07 20:56:09,t1_irfip0w,t3_xy2jbt,comment
irhfbqv,Ese pibe marecia un Bulling nivel Jocker por hdp.,CABJTHEBEST4EVER,argentina,3,2022-10-08 01:16:43,t1_irfip0w,t3_xy2jbt,comment
irfzmyj,Cum on him!,[deleted],argentina,33,2022-10-07 17:21:58,t1_irfq4hd,t3_xy2jbt,comment
irfz9zu,Cómo haces para marcar el comentario y escribir abajo? Tipo WhatsApp,GiggyWheat5,argentina,5,2022-10-07 17:19:18,t1_irfo9sj,t3_xy2jbt,comment
irg1nms,"No entendió, quedó chipeado en esa",Giorgio-1991,argentina,4,2022-10-07 17:37:32,t1_irfr6r2,t3_xy2jbt,comment
irfzvpf,tenia sensor infrarojo... se abria sola... jajajaja,oohheenn,argentina,29,2022-10-07 17:23:48,t1_irfmafb,t3_xy2jbt,comment
irhckuo,Para para vos eyaculas/acabas 7 veces y se te sigue parando?,wayne2099,argentina,4,2022-10-08 00:44:52,t1_irh0h73,t3_xy2jbt,comment
irhdrng,"Vieji, ni le expliques. Dejalo que lo descubra solo. La ricota en algún momento se le va a ir",[deleted],argentina,3,2022-10-08 00:58:25,t1_irh0h73,t3_xy2jbt,comment
irft32u,por ahi la colimba ya estaba baqueteada y agrandada por el otro....,[deleted],argentina,14,2022-10-07 16:31:35,t1_irfkdt8,t3_xy2jbt,comment
irg0teo,[deleted],[deleted],argentina,1,2022-10-07 17:31:01,t1_irfs4yu,t3_xy2jbt,comment
irgbb6l,"Divorcio custodia va a la mujer , es muy raro que se le otorgue al hombre excepto que este la pida y pueden pasar años ( y ahí entra en disputa legal por que si ella también los quiere , el sistema garantista pedorro el 90% de las veces se la da a la mujer  )

 La mujer se queda con la casa ( aunque sea un  bien de soltero del hombre)hasta mayoría de dad de los chicos. 

 La manutención es obligación legal de hombre .

 Si te hace una falsa denuncia por violencia te sacan de tu casa sin averiguar nada y te la tenes que bancar .

En resumen en una separación y más cuando hay chicos estas a merced de lo que la mina , el abogado y el juez quiera. 

Al estado no le importa el motivo de separación a no ser que haya algún delito de por medio.",Feregar,argentina,5,2022-10-07 18:54:51,t1_irg9glf,t3_xy2jbt,comment
irin9j4,Basadísimo,Kevinglas-HM,argentina,2,2022-10-08 11:18:01,t1_irg6s4q,t3_xy2jbt,comment
irg15m9,"Quiero creer que no todas jajaja, pero bueno.

El lol nunca te va a gorrear (?",Intrepid-Land-2761,argentina,6,2022-10-07 17:33:42,t1_irfveak,t3_xy2jbt,comment
irg7hac,"Si, quise decir que el otro no piensa y siente como nosotros, entonces creer que va a hacer algo que nosotros hariamos (engañar y decirlo, sentir culpa, lo que fuere) es un error porque no sabemos que esta en la cabeza y forma de sentir la vida del otro",Substantial_Help_102,argentina,3,2022-10-07 18:23:24,t1_irg77b9,t3_xy2jbt,comment
irgacd0,"La mejor venganza es rehacer tu vida y ser feliz, estoy de acuerdo",fede_514,argentina,11,2022-10-07 18:47:00,t1_irg8059,t3_xy2jbt,comment
iri57u4,"Obvio, totalmente de acuerdo con vos, no les importa cagarse en otro",supremechad12,argentina,3,2022-10-08 07:49:33,t1_irhegq3,t3_xy2jbt,comment
irg1jir,"A ver a ver, qué paso?",[deleted],argentina,29,2022-10-07 17:36:38,t1_irfzmyj,t3_xy2jbt,comment
irgc3a2,"Escaló muy rápido... Bueno, ya que",Valentine_President,argentina,9,2022-10-07 19:01:23,t1_irfzmyj,t3_xy2jbt,comment
irg9c3a,Este... No era esa la idea pero sirve igual,[deleted],argentina,6,2022-10-07 18:38:34,t1_irfzmyj,t3_xy2jbt,comment
irgap8h,JAJAJA,PepinoF1,argentina,3,2022-10-07 18:49:55,t1_irfzvpf,t3_xy2jbt,comment
irg0oky,Jajajaja,fabiomb,argentina,2,2022-10-07 17:29:58,t1_irfzvpf,t3_xy2jbt,comment
iro6enm,>!El secreto es pensar en messi!< ![img](emote|t5_2qlht|2153),mathew_manekineko,argentina,3,2022-10-09 16:22:52,t1_irhckuo,t3_xy2jbt,comment
irfxcqy,Costó así que dudo jajaj,[deleted],argentina,5,2022-10-07 17:04:29,t1_irft32u,t3_xy2jbt,comment
irg2s1x,"Yo seré cornudo pibe, pero vos sos terrible virgacho. Nosotros siempre tuvimos lubricante, pero ponele que no... Acaso no hay farmacias en todas la esquinas? 

Dejá de apuñalarte el ganso nene",[deleted],argentina,11,2022-10-07 17:46:16,t1_irg0teo,t3_xy2jbt,comment
irhfav4,"No existe mas la figura del adulterio porque sencillamente hoy para contraer matrimonio no requeris la fidelidad como elemento, cosa que esta bien, por lo tanto el adulterio no es mas un delito.",[deleted],argentina,3,2022-10-08 01:16:26,t1_irgbb6l,t3_xy2jbt,comment
irgmffx,Esta es la fila para hacer el bukake,blitoga,argentina,4,2022-10-07 20:33:07,t1_irgc3a2,t3_xy2jbt,comment
irg2xdw,"sisi ya te vimos, muy bonito",Intrepid-Land-2761,argentina,3,2022-10-07 17:47:25,t1_irg2s1x,t3_xy2jbt,comment
irg30sk,"Naaaa Che, yo lo apoyo, 8 veces dices, y seguro vas a decir que eres Yuujiro Hanma, pero no te creo ni un poquito.",Dalvenjha,argentina,1,2022-10-07 17:48:09,t1_irg2s1x,t3_xy2jbt,comment
irg4190,Puaaajjj este me tira una referencia otaku. Me rebajé mucho. Adiós,[deleted],argentina,10,2022-10-07 17:56:04,t1_irg30sk,t3_xy2jbt,comment
itnx3kf,Anda al gym y jadejodé,toolargo12,argentina,288,2022-10-24 21:57:33,t3_ycrn03,t3_ycrn03,comment
itnx7xb,"vos necesitas ir al gym, bien tempranito a la magnana, un rato a la tarde onda 15-16hrs y si podes hace pushups antes de dormir",Shane4K,argentina,102,2022-10-24 21:58:24,t3_ycrn03,t3_ycrn03,comment
itnzy8g,"Yo empece a ir al gimnasio, la gente de afuera me quiere un poco más, sin embargo eso a mi no me importa. Fui para poder tener algo positivo de mi y quererme a mi mismo, ahora a pesar de ser un autista, depresivo y ansioso, tengo algo a lo que mirar.
Planeo algun llegar a los 90 kilos y hacer mi debut amateur en mi deporte , y es lo que me mantiene despertandome con fuerza todos los días, me cambió la vida",RumbleRock32,argentina,50,2022-10-24 22:17:24,t3_ycrn03,t3_ycrn03,comment
itnwjy0,Te molesta que recomienden ir al gym? Anda al gym bobo,[deleted],argentina,281,2022-10-24 21:53:41,t3_ycrn03,t3_ycrn03,comment
itnwqc0,Gimnasio urgente para el OP.,Hellraiser_22,argentina,162,2022-10-24 21:54:56,t3_ycrn03,t3_ycrn03,comment
ito4lp4,"Mira flaco, yo lo único que te voy a decir es que tus palabras suenan a las de alguien que no estudió programación.

Estudiá programación así haces tanta guita como yo.

Ah y andá al gym. Para complementar.",falobanal3,argentina,21,2022-10-24 22:50:43,t3_ycrn03,t3_ycrn03,comment
itnwz8c,"Mi mayor problema es que el gim es aburrido como mirar pintura secarse. 

Prefiero salir a correr, andar en bici, ir a boxeo, algo que sea más dinámico y entretenido.",[deleted],argentina,86,2022-10-24 21:56:40,t3_ycrn03,t3_ycrn03,comment
itnztwn,"Un poco de medicina, hacer ejercicio es como consumir droga, hace que comiences a liberar mas endorfinas, mas testosterona, etc.

Las endorfinas son las que hacen que te sientas bien, la testosterona en la gran mayoria de personas hace que sean mas arriesgados, confiados y que cambien ciertos aspectos de su psicologia.

Ademas de que suele generar una rutina, que tambien moldea la psiquis.

Edit: es para que vos estes bien no para que los otros cambien la forma en la que te ven, para eso toma panes todos los dias y vas a estar genial",SwimmerOwn9130,argentina,31,2022-10-24 22:16:33,t3_ycrn03,t3_ycrn03,comment
itnxuyx,"Ir al gym no te hace ""lindo"". Ir al gym está bueno porque te pone de buen humor, hace bien físicamente (a nivel orgánico, químico, por más que no saques musculatura), y eso se refleja en el ánimo.

Extraño ir a pilates, está buenísimo, pero no me quieras meter en una máquina a hacer ejercicios repetitivos porque a los cinco minutos me aburrí.",[deleted],argentina,45,2022-10-24 22:02:51,t3_ycrn03,t3_ycrn03,comment
itnxvnh,"Y obvio, quien va al gym para dejar de ser feo; se va al gym para ser feo pero digno y saludable.",Nielsen06,argentina,35,2022-10-24 22:03:00,t3_ycrn03,t3_ycrn03,comment
itnyns1,"Anda al gimnasio, copito",Cutethulhu_,argentina,10,2022-10-24 22:08:29,t3_ycrn03,t3_ycrn03,comment
ito3i4d,"Que hago entonces? Voy al gym, a ezeiza o aprendo a programar en html??",SambreusBA,argentina,11,2022-10-24 22:42:44,t3_ycrn03,t3_ycrn03,comment
itnwrfg,Una fea flaca garcha mas que una fea gorda,ElPayador,argentina,62,2022-10-24 21:55:09,t3_ycrn03,t3_ycrn03,comment
itnzu0y,"tranquilo rey, el gym  no es por ser feo lindo gordo feo

Es por tu salud.",KaleidoscopeSlow7127,argentina,28,2022-10-24 22:16:34,t3_ycrn03,t3_ycrn03,comment
ito5zti,al gym y a aprender a programar y ezeiza,[deleted],argentina,9,2022-10-24 23:00:53,t3_ycrn03,t3_ycrn03,comment
ito0sdm,fua.....te falta gym,[deleted],argentina,8,2022-10-24 22:23:12,t3_ycrn03,t3_ycrn03,comment
ito7ne0,"La verdad tenés mucho razón. Estamos inmersos en una etapa donde todo pasa por el Gym. Por qué?. Por el simple hecho de mostrar uno a la sociedad lo vanidoso y narcisista que es. Las minas van para sacar cola y cuerpo, más que por salud. Lo ves cuando salen del gimnasio y después se comen todo en el bar de la esquina. Todo es vanidad para las fotos del instagram y tik tok. Sobre todo las mujeres son las que más suben fotos en las redes sociales mostrando todo sobre todo la cola. Los hombres van al gimnasio hacerse los facheros, los musculosos, lo lindo y no tienen nada. Se miran al espejo del gym como diciendo que groso. Alto narcisista. Muchas fotos en instagram (ambos sexos), mucha vanidad. Pero cuando apagan la cámara y cierran las sesiones de las redes sociales la vida de esa persona es muy diferente como se muestra. La gran mayoría están solos. No tienen a nadie. Todo eso, es un disfraz. Por eso existe Gran Hermano porque es verdad lo que sucede con un mundo ultra vanidoso. Todos quieren mostrarse. Necesitan la aceptación del otro sea como sea y tenés al ejemplo de L-Gante entre otros. Muchos quieren llegar a tener mucha plata mostrándose en la red y tener muchos likes. Porque se sabe que para ganar dinero trabajando es muy difícil en los tiempos de ahora. Por eso también existe OnlyFans y Cafecito (Ganar Dólares) que en otro ambiente es muy difícil (trabajar de oficina = pesos).",Impressive-Fee5277,argentina,7,2022-10-24 23:13:24,t3_ycrn03,t3_ycrn03,comment
itnwvlb,"Duro pero justo. Creo igual que el espíritu del que recomienda el gym es lograr un cambio fácil positivo, aunque sea que al mes levantes 5kg mas, es como un mini avance que puede apalancar otros logros.",daco01,argentina,20,2022-10-24 21:55:57,t3_ycrn03,t3_ycrn03,comment
ito0oji,Me parece que te falta ir al gym,dementedeauditorias,argentina,5,2022-10-24 22:22:27,t3_ycrn03,t3_ycrn03,comment
ito11xc,"No rompas los huevos, estoy en el gimnasio",Milei_Nosferatu,argentina,6,2022-10-24 22:25:07,t3_ycrn03,t3_ycrn03,comment
ito2u0p,K te iso el gym?,Top_Adhesiveness_655,argentina,6,2022-10-24 22:37:58,t3_ycrn03,t3_ycrn03,comment
ito3z8l,deja de llorar en reddit y anda al gym mostro,tecanay,argentina,5,2022-10-24 22:46:11,t3_ycrn03,t3_ycrn03,comment
ito9eqa,"Vayan al gimnasio, para llegar a su mejor version. No lean al progre q creó este post",mvm2289,argentina,6,2022-10-24 23:26:35,t3_ycrn03,t3_ycrn03,comment
itoanjb,"Deberian recomendar deportes donde socialices por lo menos

Tipo un club de fulbo, aquagym con las viejas, ir en bici hasta el club de ajedrez. Todas esas son actividades millones de veces mas sociables que los gimnasios, y sin dejar de hacer ejercicio

En el gym literalmente podes no hablar ni mirar a nadie a los ojos por años. En el fulbo entras y ya te esta gritando uno para que le tires un centro aprentando triangulo+R1 (bueno no se nunca jugue en la vida real)",rey-pember,argentina,6,2022-10-24 23:36:07,t3_ycrn03,t3_ycrn03,comment
itnx9j9,"Te banco. Y eso que yo soy re pro-deporte, anti-vagancia y demás.

Pero si, el gym esta muy sobrevalorado en este sub y en la vida en general. No viste la cantidad de tik toks y reels que hay sobre ""mi dia en el gym"", ""motivacion para el gym"", ""mi crush del gym"", y boludeces asi?

El gym esta para ir a hacerse más fuerte y tener mejor salud, para nada más.

Te puede ayudar con un problema mental? Si.

Pero no es su objetivo principal, y es hasta irresponsable recomendarselo a cualquiera solo porque ""eee da minita da facha do musculo"" y pasandose por el culo los gustos personales u otros problemas que tenga la persona",Select_Tip_9948,argentina,24,2022-10-24 21:58:44,t3_ycrn03,t3_ycrn03,comment
ito1t6o,"Ok, no te recomiendo que vayas al gym....te recomiendo que vayas a la pileta",Nokan96,argentina,5,2022-10-24 22:30:39,t3_ycrn03,t3_ycrn03,comment
ito3mum,"Pov: el gym está llenando, no aguanto más",No_Swan_1898,argentina,5,2022-10-24 22:43:41,t3_ycrn03,t3_ycrn03,comment
itnz8rl,"Sabes que me parece que te falta? Hacer ejercicio, ni hace falta que pises el gimnasio ![img](emote|t5_2qlht|2157)",luchi348,argentina,8,2022-10-24 22:12:24,t3_ycrn03,t3_ycrn03,comment
ito0xrq,"Anda al gym, no rompas.",TioMedik,argentina,3,2022-10-24 22:24:16,t3_ycrn03,t3_ycrn03,comment
ito35fn,Anda al gym entonces,EndDangerous9319,argentina,3,2022-10-24 22:40:16,t3_ycrn03,t3_ycrn03,comment
ito54ng,"Yo no piso un gimnasio ni de casualidad. Por otro lado, la pandemia y el encierro me cambiaron para bien en algunos aspectos y uno de esos aspectos es realizar más actividad física. Me dí cuenta que disfruto mucho de hacerla al aire libre. Realizo calistenia y la complemento con entrenamiento con bandas de resistencia y kettlebell. Definitivamente me hace sentir mejor.",ish-nu,argentina,4,2022-10-24 22:54:32,t3_ycrn03,t3_ycrn03,comment
ito9h8q,"167. Mi peso a los veinte estaba en 52kg. Pura fibra el hdp.

  
Llegué a pesar casi 90 kilos, pero siempre anduve en bicicleta como medio de transporte principal. Comer por ansiedad y estrés es lo peor que le puede pasar a una persona. 

  
Me puse las pilas, este año empecé desde enero a entrenar como corresponde con la bicicleta y estoy ahora en 65. Estoy promediando 1000km por mes, y mi aeróbico está en 25/30km por hora (depende del viento). Ya tenía una base previa. No es fácil pero arranqué con toda esta pelotudez hace seis o siete años, y este año que le metí mecha a fondo es increíble lo que logré. Pasaron once años desde mi peso a los veinte. 

  
Así que OP chupate una mandarina y andá al gimnasio, que no hay excusas.",Weak-Bar9730,argentina,4,2022-10-24 23:27:07,t3_ycrn03,t3_ycrn03,comment
itoj1io,La solucion para dejar de ser feo: pensa que sos lindo,persibal,argentina,4,2022-10-25 00:44:54,t3_ycrn03,t3_ycrn03,comment
itood23,"Veamos, no te saca la cara de boludo, pero por lo menos cuando mires para abajo te vas a ver la chota, y la diferencia entre mirar en el espejo un gordo lechoso o un cuerpo escultural tallado por los mismos dioses del olimpo tiene un impacto psicologico, tambien libera endorfinas, adrenalina, aumenta la produccion de testosterona, lo que te genera una mejor predisposicion, por ende mas facilidad en enfrentar la dificil situacion de mirarte en el espejo, sin contar la disciplina que requiere, es un paso para empezara acomodar las cosas que estan mal en la vida, y cuando tenes las cosas en orden, empezas a ganar guita, y ahi, te sacas osde 410 y te haces la jeta, los dientes, la nariz, y finalmente vas a poder ser un vivo reflejo de flavio mendoza.

Te lo digo yo que hace años no piso un gimnasio, pero sirve, toda la gente que conozco que les va bien se dedican tiempo, fisica y mentalmente.",Ashamed_Inside_5638,argentina,5,2022-10-25 01:35:48,t3_ycrn03,t3_ycrn03,comment
itpjob1,"Me pasa lo mismo, los evangelizadores me los tienen secos.   
Es una época donde la inseguridad y la baja autoestima están haciendo estragos. Las personas necesitan agarrarse desesperadamente de un salvavidas para no ahogarse en su propio vacío existencial y proyectan su experiencia al mundo para no sentirse solos en el medio del mar. Perdí la cuenta de las veces que me recomendaron ir al gym, ser vegano, andar en bici o ""practicar algún deporte"". Lo curioso es que me lo dicen gratis porque creen que me estoy ahogando como ellos.

Si les hace bien esas actividades esta bárbaro, nada que decir. Pero les hará bien hasta que se den cuenta que eso no arregló ningún problema, sino que lo disimuló por un tiempo. 

Es un tema de personalidad, saber quien y cómo es uno, administrar bien las cartas que tenés en la mano. Yo creo sinceramente que les falta un poco de rock and roll.",Sardina-Sangrienta,argentina,4,2022-10-25 08:24:14,t3_ycrn03,t3_ycrn03,comment
itnyg4n,"muchas veces la gente tiene complejos con sus cuerpos, o baja autoestima. El gym te suele definir, vas viendo el progreso en tiempo real y te vas gustando mas, te suele subir un poco el autoestima y ganas algo de confianza. Obvio no es igual con todas las personas pero para generar un poco de autoconfianza sirve. Lo que no sirve de nada es gente como vos que se queja por recomendaciones saludables a las demas personas, quiza no todo sea solucionable con ir al gym, obvio, pero antes que nada? yo hice unos 8 meses de gym y note buena diferencia a nivel corporal, me gusta mas estar un poco mas en forma, si vos te gustas estando como estas perfecto, sos de los que no vendria a preguntar que hacer en ningun momento, felicidades. Despues de todo que queres que recomienden, ir al psicologo? obligar a la gente a que se guste tal y como esta sin hacer ni buscar ningun cambio? te quejas de un problema sin dar una alternativa. Entiendo tu descargo, pero resta mas que una recomendacion predefinida de ""anda al gym""",kkyoua,argentina,9,2022-10-24 22:07:02,t3_ycrn03,t3_ycrn03,comment
ito64pr,"Y no, no te hace lindo. Pero entre ser gordo y feo o solo feo, es preferible ser solo feo. Así por lo menos vives más años",Lucaaas02,argentina,3,2022-10-24 23:01:53,t3_ycrn03,t3_ycrn03,comment
ito6bqx,"No tiene nada de malo el gimnasio como recomendación salvo que es bastante aburrido. Pero si la disyuntiva es no hacer nada o ir al gimnasio, preferible esto último.

Hagan deporte, no lleguen a grandes con el cuerpo hecho mierda!",chauloko,argentina,3,2022-10-24 23:03:20,t3_ycrn03,t3_ycrn03,comment
ito6zs0,"La idea es mejorar el autoestima de la persona que pide el consejo, asumen que sos un taradito que con solo ir al gym se va a sentir mejor consigo mismo y es cierto, osea hay otras maneras pero la más simple es esa.  
Igual, no lo veo lo malo, osea ir al gym es saludable, no es que te están recomendando tomar merca.",Nivea900,argentina,3,2022-10-24 23:08:23,t3_ycrn03,t3_ycrn03,comment
ito71g9,"hacer ejercicio (sin necesidad de ir al gym) libera una banda de porquerías que tenes en el cuerpo, es eso lo que yo recomendaría.

si no queres ir al gimnasio no vayas maestro.",Tomii_g,argentina,3,2022-10-24 23:08:44,t3_ycrn03,t3_ycrn03,comment
ito94va,"Siempre encontré una contradicción en qué te recomienden ir al gym para levantar autoestima, porque se supone que el autoestima es de quererse como uno es, pero el hecho de tener que ir al gym para quererse significa que no podes tener autoestima hasta que tengas un buen cuerpo, alta paradoja.

Pero bueno más allá de eso, está re sobrevalorado el gym, por algo siempre te dicen ""anda al gym"" y no ""salí a andar en bici"" o ""hace un deporte"" ""pinta"" o algo así, el gym tiene como una cualidad mágica para el argentino promedio.",Housingnumber,argentina,3,2022-10-24 23:24:32,t3_ycrn03,t3_ycrn03,comment
itocc3b,Anda al gym bobo,[deleted],argentina,3,2022-10-24 23:49:23,t3_ycrn03,t3_ycrn03,comment
itonwon,"> No te vuelve más fachero, no va a hacer que te integres mejor en la sociedad ni te va a solucionar tus problemas sociales.

Mmm, estas negado mano. Asi no se va a ningun lado.

Tiene el potencial de hacer pasar todas esas cosas. Y aun asi, es buena recomendacion y buen consejo para CUALQUIER persona independientemente de sus objetivos. Es lo mismo que decir ""sali a caminar 30min o 1hr"". No le hace mal a nadie, bajo ninguna circumstancia obviando el costo financiero que tiene el gim.

Al final del dia, es como todo: esta en vos y lo que hagas con ello.",[deleted],argentina,3,2022-10-25 01:31:03,t3_ycrn03,t3_ycrn03,comment
itpouq2,Hice un post de como hacer para dejar de ser timida y me mandaron al gym. WTF,Acceptable-Act464,argentina,3,2022-10-25 09:15:40,t3_ycrn03,t3_ycrn03,comment
itq3zrd,"Personalmente nunca me banque a las ratitas de gym, lo hice varias veces en la vida y solo hacia que vuelva mas aburrido y cansado,sin tener ganas para estudiar, llegue a ir 8 meses seguidos y nada, es mas me divertia mas cuando iba a taekwondo (y era mas efectivo) pero cerró.

Lo que me ayudó mucho es recorrer CABA, este año le puse ganas y sali de mi rutina y al dia de hoy conozco a pie todo Puerto Madero, San Telmo y la mitad de Montserrat, La cantidad de lugares que conocí no tiene nombre, antes no podia porque mis amigos eran muy vagos para arreglar ir a algun lugar y mis padres estan muy viejos para seguirme el paso y acompañarme, por mas que agradezco que le pongan ganas.

Por ahi depejarte y conocer lugares nuevos te sirve mas que hacer el mismo ejercicio todas las semanas y ver como esa manchita de humedad va creciendo, o como el techo de chapa se va filtrando

Btw: La vigorexia tambien es un trastorno mental como la anorexia [grabs popcorn]",Huehuemonkeymonkey,argentina,3,2022-10-25 11:14:45,t3_ycrn03,t3_ycrn03,comment
itnzz51,"Por acá se basaron muchachos

Banco a muerte, el gimnasio será bueno para el cuerpo pero no es la solución a todos los problemas, solo es una distracción como podría ser cualquier otra actividad 

Encima hay gente que ya va al gimnasio y tiene un problema y le recomiendan que vaya al gimnasio, increíble",ShinyBless,argentina,4,2022-10-24 22:17:35,t3_ycrn03,t3_ycrn03,comment
itnyjj7,"El ""hit the gym"" tiene un significado más complejo implica:

- Invertir una guita en algo en lo que no lo hacías

- Obligarte a tener que salir de casa

- Tener que ver gente, aunque no necesariamente hablar con gente

- Realizar actividad física: acá incluye un mejoramiento físico a mediano-largo plazo, suba de endorfinas a corto

- Cambiar la dieta: si haces ejercicio vas a estar cagado de hambre y vas a querer comer más pero mejor

- Ver minas em calzas y yoga pants

El doble filo de recomendar el gimnasio es que gente con ansiedad o problemas que requieren terapia pueden sentirse peor incluso luego de dos semanas de gimnasio. La ansiedad puede aumentar porque no dar resultado en corto plazo, pierden disciplina, ganas y terminan garpando el gimnasio 11 meses sin ir.

Es por eso que no hay que tomar literal la expresión, es más bien ""si estás así de deprimido por X es porque no tenés un hobby donde poder liberar la cabeza y/o el cuerpo"". ""Hit the gym"" puede ser cualquier cosa como ""anda, salí de casa al menos 4 veces a la semana y exponete a estar rodado de gente nueva"". La idea es que no te quedes en tu casa con la Playstation, despierto hasta las 4am y sentirte como una ameba el resto del día.",CabezaDePerno,argentina,4,2022-10-24 22:07:41,t3_ycrn03,t3_ycrn03,comment
ito2oy8,"El tema del gimnasio es que es un embole. El ""entrenador"" está tipo ""Ehhh se, hace 4x20 de X ejercicio y después 3x15 de este otro, cuando termines avísame"".
Yo recomiendo más hacer deporte o CrossFit, el tema es que más allá de estar más tonificado, con el tiempo uno se va superando con lo que aumenta el autoestima. Pero a fin de cuenta es como todo, podés ir al psicólogo o cualquier otra cosa pero si no le pones voluntad nunca vas a seguir igual que al principio. Supongo que es cuestión de ir probando cosas nuevas hasta encontrar lo que te haga sentir bien",siesta001,argentina,2,2022-10-24 22:36:56,t3_ycrn03,t3_ycrn03,comment
ito5kpf,"Eso porque no lo hiciste, ura.",RE--,argentina,2,2022-10-24 22:57:49,t3_ycrn03,t3_ycrn03,comment
ito5uuw,te van a funar jaja esta de moda esa baina,SirCoyot3,argentina,2,2022-10-24 22:59:54,t3_ycrn03,t3_ycrn03,comment
ito6eow,"Totalmente. No hay nada más deprimente que hacer ejercicio. Las veces que hice gimnasia/natación/aeróbico/bicicleta fue por prescripción médica, no me sentí mejor y todo el tiempo estaba pensando en todas las cosas que podría haber estado haciendo en vez sufrir haciendo ejercicio. 

Hace unos años me salió alto el azúcar alto. Me puse a hacer dieta y cuarenta minutos de bici diarios. Me bajó el azúcar así que pude cortar un poco con la dieta (había adelgazado demasiado) pero seguí con el ejercicio. Después de tres años de vida ""saludable"" tuve una dermatitis alérgica durante seis meses del cuello para abajo. Nunca sufrí tanto en mi vida. Mandé la dieta y el ejercicio a la mierda. Ahora soy más feliz comiendo lo que quiero tranquila frente a la compu y la tele.",NatiDas,argentina,2,2022-10-24 23:03:57,t3_ycrn03,t3_ycrn03,comment
itoh2wk,"si te sentis feo todavia y tenes dolares en la mano anda a un cirujano plastico y deciles que te queres convertirte en un ""ken barbie"" y listo macho! se te acaban todos tus problemas..

Yo tengo Gym propio en mi casa y entreno todos los dias y cada tanto vienen amigos a entrenarse. Yo sinceramente no lo utilizo con esa idea de convertirme mas fachero con musculos (tardas un año mas o menos en tener resultados optimos)  si no te tenes paciencia sorry man el gym no es lo tuyo.

Yo lo utilizo para despejarme un rato sea laburo y pc o plataforma de streaming por que vengo saturadisimo y entrenar me ayuda a despejarme.

asi que deja de renegar ni un quemador de grasas te va hacer bajar esa cantidad de grasas acumulada que tenes y larga los gatos y empeza usar corpiño si no queres entrenar",Fran_1989,argentina,2,2022-10-25 00:27:44,t3_ycrn03,t3_ycrn03,comment
itoivay,"Supongo que la terapia de muchos es deporte, psicólogo o algún hobby. Capaz en un intento de mejorar tu estado de ánimo te recomiendan el deporte.",Capital_Geologist663,argentina,2,2022-10-25 00:43:20,t3_ycrn03,t3_ycrn03,comment
itoqq23,"Yo odio el gimnasio.

Por suerte tengo pesas y barras en casa, así que chill",Qsylpm,argentina,2,2022-10-25 02:00:41,t3_ycrn03,t3_ycrn03,comment
itpe151,"Eso de que de te acepten como sos es una basura, a nos que hablemos de cosas como orientación sexual o temas similares, si hablamos de que queres que acepten que , no sos capaz de conseguir trabajo, de pasar un examen, o de mejorar tu salud, no vas a lograr mucho pensando así. Si alguien te quiere va a querer que seas tu mejor version y no tengas arrepentimientos.",Danktor_EE,argentina,2,2022-10-25 07:17:11,t3_ycrn03,t3_ycrn03,comment
itpftat,los gimnasios viven de los infelices que van un mes y pagan un año,Feeling_Sandwich_598,argentina,2,2022-10-25 07:39:55,t3_ycrn03,t3_ycrn03,comment
itpl8kq,"cuando te dicen anda al gym es un simbolismo de que dejes de quejarte y te ocupes en tu ser, si no te gusta el gim podes hacer como hago yo que salgo por mi cuenta a hacer ejercicio y de paso veo arboles y pajaros y algun ojete veo tb eso es mucho muy importante, sino pierdo la motivacion. espero te hasha iluminado

saludos",Puzzleheaded-Let3589,argentina,2,2022-10-25 08:40:35,t3_ycrn03,t3_ycrn03,comment
itpleht,"Es increíble la cantidad de gente que recomienda el gimnasio para solucionar cualquier problema. Sobretodo en este sub. Lo peor es que estoy seguro que muchos acá no pisan un gym ni de casualidad. SOS feo? Anda al gym te dicen. Gente, ya fui al gimnasio y seguí siendo feo de todos modos. Y lo mismo con otros que conozco.  
  
si, sos feo, pero mira esos musculos papa",IntelligentInsect247,argentina,2,2022-10-25 08:42:17,t3_ycrn03,t3_ycrn03,comment
itprcsy,"Lo del gym lo recomiendo; alguien que tiene el concern de no ser fisicamente agradable tiene casi seguro temas de autoestima, y posiblemente procrastina todo el día.

Ir al gimnasio sí te ayuda a tener más autoestima física (providing que uno va y realmente le mete esfuerzo para que el cuerpo tenga un cambio), pero creo que el mejor beneficio es tener consistencia con algo y perseverancia. Al tener control sobre tu cuerpo -en el sentido de la disciplina de ir X veces por semana a un lugar, y también transformarlo a través del ejercicio- creo que sin dudas te ayuda con el autoestima, y eso te ayuda con verte mejor (al margen del cambio físico).

Si sos feo vas a verte feo con mejor definición, lo importante es como te percibís. Eso se cambia mentalmente.",Ethernalmind,argentina,2,2022-10-25 09:37:55,t3_ycrn03,t3_ycrn03,comment
itpv3mx,"Eso lo recomiendan los dueños de los gimnasios. Lo mejor es salir a caminar mirando el mar o lo que sea. Nada de estar encerrado juntando pestes y olor a culo y transpiracion de los demas. Lugares que van todos los pelotudos ajustaditos haciendo facha el pedo. Si queres hacer algo mejor, para eso un arte marcial, te ayuda a defenderte,tener mas seguridad y autoestima. Saludos.",ComprehensiveDig1054,argentina,2,2022-10-25 10:08:36,t3_ycrn03,t3_ycrn03,comment
itpzsuo,De laburar ni hablar,Glass-Temperature-50,argentina,2,2022-10-25 10:44:37,t3_ycrn03,t3_ycrn03,comment
itq177k,"Suponiendo que te vienes que quejar por el hecho de que es una """" MODA"""" es importante ir por salud y no por gustarle o creer que lo que se perdió la mina que te rechazo, fuera de eso es también ponerse una rutina activa, lo que se conoce como una actividad que vas a realizar acomodando tus tiempos o el tiempo que te sobra.. Si no te gusta el gym, salí a correr, hace ejercicio en casa, lee, hace otras cosas en donde te levantes un lunes por la mañana y tenga muchas cosas por hacer",[deleted],argentina,2,2022-10-25 10:54:49,t3_ycrn03,t3_ycrn03,comment
itq2la7,"La mayoría de los post son de feos cómo vos que quieren levantar minas para coger y por eso recomiendan gym. Si buscás que te quieran por la apariencia, muchas mujeres  al igual que los hombres, están dispuestas a aceptar un buen cuerpo si el rostro es caca.",Julio4kd,argentina,2,2022-10-25 11:04:51,t3_ycrn03,t3_ycrn03,comment
itq8rty,"Yo empiezo a ir al gimnasio, me harto de la gente que va, busco ir otros horarios y no me termina gustando. Así que dejo de ir",Accomplished-Low-677,argentina,2,2022-10-25 11:47:21,t3_ycrn03,t3_ycrn03,comment
ito22f7,Anda al gym hermano,Perfect_Cash_2849,argentina,3,2022-10-24 22:32:29,t3_ycrn03,t3_ycrn03,comment
ito3gf2,"El gym resuelve casi todo
También te hace más fachero
Capaz lo hiciste mal",SuddenTemperature233,argentina,3,2022-10-24 22:42:24,t3_ycrn03,t3_ycrn03,comment
ito3pxa,dogor... anótate en el gym y déjate de joder.,ahriman8711,argentina,3,2022-10-24 22:44:18,t3_ycrn03,t3_ycrn03,comment
ito1w6v,"Feo = gordo ACÉPTALO

si tenés alto cuerpo aunque seas Quasimodo la vas a poner.

Corta.",elpityy,argentina,2,2022-10-24 22:31:15,t3_ycrn03,t3_ycrn03,comment
itnyncb,Nadie que haya ido al gym diria eso,maxib_19,argentina,2,2022-10-24 22:08:24,t3_ycrn03,t3_ycrn03,comment
ito1thq,"No pibe, que trabajes tu cuerpo no hace que dejes de ser vos mismo, y creeme que es mejor tener un cuerpo trabajado que sentarte a esperar que te guste el cuerpo que tenés ahora. De todos modos hace bien a la mente tener actividad física, y capaz que vos tuviste una mala experiencia o no aguántate lo suficiente, pero eso no lo hace algo malo.",MoustacheBee,argentina,2,2022-10-24 22:30:42,t3_ycrn03,t3_ycrn03,comment
itnyc6p,"Te la hago corta: si vas al gimnasio o a hacer algún deporte no te vas a volver Tom Brady pero si vas a estar haciendo algo por tu cuerpo que a la larga te trae más beneficios (desde no tener las arterias tapadas con triglicéridos a poder lograr hacer cosas con tu cuerpo que antes no podías) que pasarte el día diciendo ""oh, que cruel es esta vida por el hecho de que no puedo darle de beber al ñandú..."" y rascándote las bolas hasta que te quede carne de bolas en las uñas. Si querés amigos podrías acercarte, hablar con los otros que están ahí y vas a ver que muchos de los que están ahí tienen los mismos mambos que vos o están pasando por mil mierdas pero son receptivos.  


Y si, soy feo como un sopapo en tu cumpleaños y voy al gimnasio pero no para ""ser fachero y levantah minitah"" sino porque tengo muchas lesiones deportivas y no puedo hacer lo que hacía antes pero tampoco quiero que me tengan que llevar en grúa al laburo.",RobotArmsInc,argentina,2,2022-10-24 22:06:15,t3_ycrn03,t3_ycrn03,comment
ito3lc2,"Recién vengo del gym y leo esto, te recomiendo que vayas al gym.",[deleted],argentina,68,2022-10-24 22:43:22,t3_ycrn03,t3_ycrn03,comment
itnz9lv,"""Quiere que lo acepten como es"", entonces venir a pedirnos consejos es al pedo. Es muy de chiquilin que mira animes pensar que el resto te tiene que aceptar porque VOS lo queres. Si la gente no te acepta claramente vas a tener que cambiar algo, eso de ""soy como soy y no quiero cambiar"" es de las cosas mas inmaduras que puede tener una persona.
No te gusta ir al gym? Esta perfecto, no vayas. Pero la gente no te va a querer porque si, asi que algo vas a tener que cambiar. Hay que ir olvidandose de no querer evolucionar como persona.",Hungry-External-557,argentina,1,2022-10-24 22:12:34,t3_ycrn03,t3_ycrn03,comment
ito1p1a,Mi diagnóstico? Te falta ir al gym para sacar un poco el hate,GordoHELADO,argentina,1,2022-10-24 22:29:48,t3_ycrn03,t3_ycrn03,comment
ito2sj3,Gracias por decirlo,[deleted],argentina,1,2022-10-24 22:37:40,t3_ycrn03,t3_ycrn03,comment
itoai9a,">El tipo que se quiere sentir bien con el mismo quiere que lo acepten como es. Si va a tener que ir a otro lado para convertirse en otra cosa

Qué frase pelotuda hermano. Andá al gym y dejá de llorar.",manueldlfh,argentina,1,2022-10-24 23:35:00,t3_ycrn03,t3_ycrn03,comment
itocgf3,"Yo fui y soy feo. Voy al gym y recomiendo que vayan al gym. En el otro post lo dijeron, te sube el autoestima y te cambia la actitud sobre vos mismo. 
OP necesita ir al gym",chonsa88,argentina,1,2022-10-24 23:50:22,t3_ycrn03,t3_ycrn03,comment
itonge4,"Lo que te frustra no es que te aconsejen el gimnasio, te frustra que a vos no te functione.

Dejá de esperar que otro te de soluciones, si te recomiendan el gim es porque a muchos nos funciona realmente, es obvio que no va a solucionarte problemas no relacionados al gimnasio, que pretendes? Tener la cara desordenada y por ir dos meses al gimnasio que te lluevan minitas? Que te lleves tres materias y por ir al gimnasio mañana llegues y tengas 10 en todo?

El gimnasio funciona porque no solo impacta en el físico sino que también impacta en la química, pero no es que es algo de magia, es cuestión de constancia.

Si sos hombre, vas a generar más testosterona más rápido, lo que se traduce también como más confianza en uno mismo, más energía para realizar las actividades diarias, incluso mejor desempeño sexual ya que al hacer ejercicio mejora la circulación sanguínea y por lo tanto el cuerpo y el cerebro oxigena mejor, lo que además permite una mejoría en el desempeño cognitivo.

No sé que esperabas del gimnasio, ir dos meses y que todos los días te salga el sol y te aumenten el sueldo todos los días?",evirtue,argentina,1,2022-10-25 01:26:26,t3_ycrn03,t3_ycrn03,comment
itny6cx,"El tema es que nos sentimos mal con Nosotros mismos, tenemos bochas de mambos y demás cosas pero aun que no parezca hacer ejercicio libera dopamina, serotonina y endorfina, no me hace más lindo, no me soluciona los problemas de la vida, no hace que me crezca el pelo pero al menos me siento bien, sin estrés y despreocúpado por los problemas que me aquejan a demás lo comprobé con mis ojos si sos feo pero con buen físico podes garpar minas",geroxnoxville,argentina,-1,2022-10-24 22:05:08,t3_ycrn03,t3_ycrn03,comment
itnygd1,Sksksjssj no entiende como funciona,ArabesDeMierda,argentina,-1,2022-10-24 22:07:04,t3_ycrn03,t3_ycrn03,comment
ito1al3,"De ahora en adelante cada vez que alguien postee algo sobre si es feo, que no tiene personalidad, esta deprimido etc etc

voy a poner ´´Juga a la play/Pc/Xbox´´ es mejor que cualquier gym, psicólogo y demás

te sentas, agarras el control, tomas un mate y jugas

listo flaco no se compliquen la vida los videojuegos solucionan todo

si quiero ir al gym pongo el San Andreas y voy a Ganton",Maxiwiscat,argentina,-1,2022-10-24 22:26:52,t3_ycrn03,t3_ycrn03,comment
ito2ag2,"Mira, como alguien con problemas d salud mental mucho tiempo, reconozco q se lo recomiendo a todo el mundo, porque a mi me cambió la vida. Creo q es lo suficientemente flexible para entrar en casi cualquier vida, lo suficientemente progresivo como para adaptarlo a tus capacidades particulares, lo suficientemente personalizable como para adaptarlo a tus objetivos y lo suficientemente inconsciente como para poder usarlo como tiempo de pensar. Creo q realmente TODOS tienen algo q ganar d ir al gym. Ya sea pesas, calistenia, crossfit, o simplemente circuitos random que te arme el entrenador de turno",burned_pixel,argentina,0,2022-10-24 22:34:05,t3_ycrn03,t3_ycrn03,comment
ito2dbg,"Personalmente me ayudó a mejorar mi disciplina y mi fuerza. Antes no llegaba al final del día, ahora sí. Me mentalmente ando mucho mejor también, me reeeee ayudó",andisosh,argentina,0,2022-10-24 22:34:38,t3_ycrn03,t3_ycrn03,comment
ito3krj,"Tremendo bobo.
Ahora hablando en serio, si te va hacer algo más facha. Estas en forma. No podes decir tanta boludez. Y desde el lado de sentirte mejor? Tmb, te libera endorfinas en la cabeza. Basicsmente te vas a drogar. Te va mejorar el ánimo. Y vas a querer mantener eso. Y de por sí, nunca está mal hacer actividad física. Sobre con el tipo de vida sedentaria de este siglo.",PurpleSixPack,argentina,0,2022-10-24 22:43:15,t3_ycrn03,t3_ycrn03,comment
ito49nw,¿Por qué no vas al gym antes de postear esto?,pch919,argentina,0,2022-10-24 22:48:16,t3_ycrn03,t3_ycrn03,comment
ito4bzj,Te falta gim,SiguientePregunta,argentina,0,2022-10-24 22:48:43,t3_ycrn03,t3_ycrn03,comment
ito674s,"Te banco, terrible placebo para fracasados el gym.",Lunacy_7,argentina,0,2022-10-24 23:02:24,t3_ycrn03,t3_ycrn03,comment
ito81f6,Anda al gim bobo,Few_Practice_1151,argentina,0,2022-10-24 23:16:20,t3_ycrn03,t3_ycrn03,comment
itphix9,"por ahi si dejaras de quejarte por 5 minutos dejarias de ser un chiste. hay gente que va y lo disfruta, otros se ejercitan en casa y los disfrutan, otros prefieren ser unos obesos desagradables que se quejan de que OTROS disfrutan hacer ejercicio",OldManHarley,argentina,-1,2022-10-25 08:00:17,t3_ycrn03,t3_ycrn03,comment
ito1fr2,"Que te molesta? Que hayan al gym si quieren, si no quieren no van a ir. 

Dios cada día más sensible la gente.",Bazz07,argentina,-2,2022-10-24 22:27:56,t3_ycrn03,t3_ycrn03,comment
ito71q3,Mogólico,Plump_Pimp117,argentina,-5,2022-10-24 23:08:47,t3_ycrn03,t3_ycrn03,comment
ito150a,Nadie que haya ido al gym diría eso,Innate_flammer,argentina,1,2022-10-24 22:25:44,t3_ycrn03,t3_ycrn03,comment
ito1c6x,Hubieses gastado tu energía en el gym y no escribirías esto,richardkacz,argentina,1,2022-10-24 22:27:12,t3_ycrn03,t3_ycrn03,comment
ito1mhx,"y mira, anda al gym....",NeoDemon,argentina,1,2022-10-24 22:29:17,t3_ycrn03,t3_ycrn03,comment
ito1pv9,"Yo voy al gim, pase de gordito y bajito a flaco y no tan bajito, no tengo mucho músculo aun pero lo bien que me siento en cuestión de salud física y mental no lo cambio por nada.

De cara no soy un 10, pero no me importa, total el físico se va a caer en algún momento, y para sentirme apreciado voy a la iglesia y me habló con todos mis conocidos ahí a los cuales aprecio.",Thanathor1999,argentina,1,2022-10-24 22:29:59,t3_ycrn03,t3_ycrn03,comment
ito1v2y,Quiero volver al gim pero no puedo porque tengo que hacer reposo 😪,[deleted],argentina,1,2022-10-24 22:31:02,t3_ycrn03,t3_ycrn03,comment
ito23sh,"Yo pienso más o menos así. el gym es muy beneficioso para tu salud física y mental, es algo que no podes negar. desarrollar una rutina y tener un buen cuerpo puede ayudar en la autoestima, pero yo creo que no lo es todo.

Podes tener un cuerpazo y seguir siendo un depresivo o siempre tener la típica visión de que aunque estés en forma te sigas viendo gordo o te hagas la pregunta de ""¿Porque el resto se ve mejor que yo?"" y eso puede afectar mentalmente también.

La idea de que hay gente mejor que vos aunque hagan exactamente la misma tarea y te pones esa barrera que la que decis ""jamás lo voy a superar"" o ""el es mejor que yo, no puedo hacer nada"" desgasta mucho.

Hay otras formas de salir siendo un feo de mierda. si tenes una personalidad extrovertida se te va a ser fácil hacer amigos y ser sociable, por lo cual el gym no es tan necesario. 

Ese es mi punto de vista, cada uno ve lo que hace consigo mismo y como lo quiere llevar.",Adept_Assistance,argentina,1,2022-10-24 22:32:46,t3_ycrn03,t3_ycrn03,comment
ito24n4,En esta estoy con el OP. Dejen de recomendar el gym al menos hasta marzo que está hasta las bolas en esta epoca.,franaren,argentina,1,2022-10-24 22:32:56,t3_ycrn03,t3_ycrn03,comment
ito44el,estas un poco alteradito te RECOMIENDO ir al gym para sacarte el estres,Agile-Equipment391,argentina,1,2022-10-24 22:47:13,t3_ycrn03,t3_ycrn03,comment
ito47xa,Anda a la biblioteca,Metahec,argentina,1,2022-10-24 22:47:55,t3_ycrn03,t3_ycrn03,comment
ito4o43,"Es todo un tema, personalmente te recomendaría que vayas al gym. Salu2",iniciadomdp,argentina,1,2022-10-24 22:51:12,t3_ycrn03,t3_ycrn03,comment
ito5gy7,"Ir al gym no es para cambiarte sino para despejar y sentir que vas mejorando en algunos aspectos de tu vida, no necesariamente tienen que ser fierros cualquier actividad o deporte genera este sentimiento. Es algo que se entiende cuando arrancas.",[deleted],argentina,1,2022-10-24 22:57:03,t3_ycrn03,t3_ycrn03,comment
ito62kq,"bañate, cortate el pelo, ponete antitranspirante, ropa descente y aprendé modales basicos y a escuchar a la gente en vez de hablar de vos y tus mambos 24/7 y listo 70% integrado a la sociedad.",ak1luk,argentina,1,2022-10-24 23:01:27,t3_ycrn03,t3_ycrn03,comment
ito6k6m,"El que es boludo ahora es boludo toda la vida.
Por lo menos se un boludo fachero",[deleted],argentina,1,2022-10-24 23:05:07,t3_ycrn03,t3_ycrn03,comment
ito6p29,"Cuando pasa eso? lo que recomiendan aca es Ezeiza,igual no esta mal ir al gym,belleza es salud dicen...",[deleted],argentina,1,2022-10-24 23:06:07,t3_ycrn03,t3_ycrn03,comment
ito6vjt,Tómate un te de tilo o mejor anda al gym!.,kdgiraud88,argentina,1,2022-10-24 23:07:29,t3_ycrn03,t3_ycrn03,comment
itobagu,El último párrafo es mentira,[deleted],argentina,1,2022-10-24 23:41:04,t3_ycrn03,t3_ycrn03,comment
itoehw1,Es de feo escribir algo como esto.,[deleted],argentina,1,2022-10-25 00:06:43,t3_ycrn03,t3_ycrn03,comment
itoijlz,Ya te dijeron que pruebes yendo al gym?,_RubyIsRight_,argentina,1,2022-10-25 00:40:26,t3_ycrn03,t3_ycrn03,comment
itojaqs,Te recomiendan el gym porque son todos normis,Ezechielo_95,argentina,1,2022-10-25 00:47:13,t3_ycrn03,t3_ycrn03,comment
itormcm,mira no te lo vayas a tomar mal pero lo que necesitas vos es ir al gym,[deleted],argentina,1,2022-10-25 02:10:35,t3_ycrn03,t3_ycrn03,comment
itpbrec,"No necesariamente es LA solución a todos tus males pero por lo menos podes canalizar ese mal momento en algo que te sirve no solo para ""estar fachero"" también por salud (que no es poco) y ni hablar que es de los mejores cables a tierra que podes tener para liberar tensión (mejor que paja, confirmo) sumado a la posibilidad de conocer gente. Lo que no concuerdo es que no tiene por que ser si o si un gym podría ser un deporte o hacer ejercicio desde tu casa pero con este ultimo te perdes muchas cosas.

Source: Experiencia personal.

Resumen: Anda ~~a ponerla~~ al gym, virgo",Facu_0018,argentina,1,2022-10-25 06:46:03,t3_ycrn03,t3_ycrn03,comment
itpjt9l,necesitas feos en el gym para que los lindos sean lindos.,gabbrielzeven,argentina,1,2022-10-25 08:25:41,t3_ycrn03,t3_ycrn03,comment
itpjxnt,"Podes ser feo pero nunca feo y flaco saludos maquina, GYM.",pepimz0,argentina,1,2022-10-25 08:27:00,t3_ycrn03,t3_ycrn03,comment
itpmoe6,Cuanto pesas gordo?,djdkkskss,argentina,1,2022-10-25 08:54:52,t3_ycrn03,t3_ycrn03,comment
itpn2km,Este man necesita ir al gym,Neaahh,argentina,1,2022-10-25 08:58:42,t3_ycrn03,t3_ycrn03,comment
itpnb67,"tre de quiniento, tre de quiniento...  
https://www.youtube.com/watch?v=\_S06sDnOs7U&ab\_channel=ArchiTv",Martin_Orona,argentina,1,2022-10-25 09:01:02,t3_ycrn03,t3_ycrn03,comment
itpqnub,"Dicho sea de paso... nadie tiene porque aceptarte, seas como seas. Si te dicen que vayas al gym es porque es muchísimo mejor mandarte a que TE liberes un poco de endorfinas antes que decirte que NADIE tiene porque aguantarte/quererte, etc. 
Vos te tenes que aceptar a vos, nadie te puede dar aceptación si vos mismo no te queres... es así de corta y simple, no veo porque estaría mal que te tiren hacer algo que literalmente en tu cuerpo libera cosas lindas químicamente hablando.. es una boludes esta queja a mi parecer.",[deleted],argentina,1,2022-10-25 09:31:53,t3_ycrn03,t3_ycrn03,comment
itpqpcc,"El gym te despeja, te da energía y te hace superarte a vos mismo. El gym es lo mejor que le puede pasar a una persona",filing69,argentina,1,2022-10-25 09:32:15,t3_ycrn03,t3_ycrn03,comment
itpsifk,"A ver, ir al gym no va  solucionar ninguno de tus problemas pero te va a ayudar, quieras o no.

Estas una hora cada  2 dias liberando dopamina y de paso ayudando a tu salud para que a los 40 no seas un tipo que corre una pelota 4 metros y tiene que parar porque se muere. O un tipo que no puede levantar a su sobrina en brazos porque se cansa .

¿No queres ir al gym? Perfecto! No vayas, no es para todos estan levantando fierros. Lo que si podes hacer es dejar de criticar por internet y mover el cu para hacer algun deporte , salir a trotar o dejar de atragantarte con facturas todos los dias.

El gimnasio no te va a hacer lindo, inteligente o lo que quieras, eso es imposible. Pero si le sumas a segregación de dopamina, la mejora a nivel general de salud y la sensacion de bienestar con vos mismo por haber levantado un peso que hace 1 mes no podias, te va a ayudar a ganar confianza en vos mismo ademas de mejorar tu salud, y, precisamente eso es lo que hace que seas mas ""fachero"" ante la sociedad.",[deleted],argentina,1,2022-10-25 09:47:33,t3_ycrn03,t3_ycrn03,comment
itqlaoj,"Toman el gym como una religión.
Vayan a la iglesia.",ResidentSoftware5656,argentina,1,2022-10-25 13:09:56,t3_ycrn03,t3_ycrn03,comment
itqn5tc,"La gente que recomienda honestamente ir al gym (y no lo dice en meme), lo hace porque le funciono a ellos. Yo soy un ejemplo de esto. Aparte cuando uno recomienda algo no es garantía de que todos tus problemas se van a solucionar haciendo eso. Cada uno es distinto y lo que a uno le salva la vida a otro se la destruye.

Igual personalmente, siendo un 4 toda mi vida, el gimnasio me carreo a un 6 (en apariencia y personalidad). No solamente mejoro mi cuerpo sino que entendí que las cosas llevan tiempo. Y si me preguntas si estoy mas feliz conmigo mismo, si.",naato00,argentina,1,2022-10-25 13:22:06,t3_ycrn03,t3_ycrn03,comment
itqq0uz,"Totalmente, pero sabés que? Aplica para el psicólogo y la iglesia, al que le sirve le sirve!!! a mi dejenme jugar a los videos y no me rompan los huevos",VariousWelcome9721,argentina,1,2022-10-25 13:40:42,t3_ycrn03,t3_ycrn03,comment
itqt0fg,"yo creo que es una de las mejores cosas que puedes hacer, es generar serotonina a la fuerza, basicamente lo estas hackeando al cuerpo, no sos mas ni te vas a sentir mejor que nadie por levantar cosas pesadas, pero la disciplina y constancia son cosas que se trasladan a la vida misma y es una ventaja lo veas por donde lo veas, a mi me funciono el deporte porque es algo en lo que me gusta ver que progreso en cada torneo, creo que la punta del iceberg del deporte es verte fachero o aceptarte como sos, no es mas que otro tipo de terapia un toque mas solitaria, pero el auto conocimiento corporal y mental esta muy piola, no digo que funcione con todos pero estaria bueno que intenten, aveces es mejor sentirlo que te lo cuenten, es bueno que apliquemos procesos de satisfacción a largo plazo en un mundo lleno de estímulos constantes",Cien_Fuegos_,argentina,1,2022-10-25 14:00:03,t3_ycrn03,t3_ycrn03,comment
itqwsoe,"Perdón, pero fuera de joda, es un comentario de una persona que nunca fue al gym, yo arranque este año y es indescriptible cómo te mejora la vida, humor, concentración, y encima te sentís mejor físicamente",0800donfacha,argentina,1,2022-10-25 14:24:21,t3_ycrn03,t3_ycrn03,comment
itqzxum,No seas trolo y levantá la piedra pesada,NicoKumike,argentina,1,2022-10-25 14:44:22,t3_ycrn03,t3_ycrn03,comment
itrcnfp,Para mí lo fundamental del gimnasio es tener desarrollo muscular y estético. Se ve mucho en los accidentes que las personas no pueden ayudarse porque no tienen la fuerza para levantar a otra persona y auxiliarla,pepinovenoso,argentina,1,2022-10-25 16:05:27,t3_ycrn03,t3_ycrn03,comment
itru0hm," 1). Ve al gym. 

2). Come bien. 

3). Duerme bien. 

4) . Ve al gym, repeat.",redditlatino01,argentina,1,2022-10-25 17:55:21,t3_ycrn03,t3_ycrn03,comment
itqytsi,No fue lo suficiente al gym,Altergoliat,argentina,14,2022-10-25 14:37:19,t1_itnx3kf,t3_ycrn03,comment
ito7ddk,"bien chabon,felicitaciones!",[deleted],argentina,6,2022-10-24 23:11:13,t1_itnzy8g,t3_ycrn03,comment
itpf1eh,"Es que estar enfocado hace bien y el deporte ayuda a sobrellevar el estrés, quiénes tenemos en cierta medida ese cóctel que mencionas hacer actividad nos ayuda mucho",Untorrrnado,argentina,5,2022-10-25 07:30:21,t1_itnzy8g,t3_ycrn03,comment
itsd6eq,Entendiste todo pa,dementedeauditorias,argentina,2,2022-10-25 20:11:15,t1_itnzy8g,t3_ycrn03,comment
ito7lw5,No me molesta que recomienden el gym. Me jode que lo vendan como la solución definitiva e infalible para todo.,[deleted],argentina,-31,2022-10-24 23:13:04,t1_itnwjy0,t3_ycrn03,comment
itnyca2,Que estudie programacion y vaya a terapia de paso,[deleted],argentina,75,2022-10-24 22:06:16,t1_itnwqc0,t3_ycrn03,comment
ito162s,"Bueno eso ya es cosas de gustos, pero claramente cuando alguien dice ""anda al gym"" significa ""hace actividad física gordo taringero lcdtm""",Nokan96,argentina,89,2022-10-24 22:25:57,t1_itnwz8c,t3_ycrn03,comment
itnz2w6,This guy just discovered Gym gratis OMG,DogoLine300,argentina,40,2022-10-24 22:11:17,t1_itnwz8c,t3_ycrn03,comment
ito05ca,"Anda a un gym de boxeo, yo voy a un gym de MMA y me la paso muy bien",RumbleRock32,argentina,9,2022-10-24 22:18:48,t1_itnwz8c,t3_ycrn03,comment
ito5ytl,"Ir al gym es lo mismo que tocar pasto, es una forma de decirte que te muevas que hagas algo, yo uso ir al gym pero me muevo 4 metros hasta el cuarto del fondo donde tengo unas maquinas y un espacio para hacer algo de actividad fisica.",R4Z0Rfer,argentina,10,2022-10-24 23:00:41,t1_itnwz8c,t3_ycrn03,comment
itnzy0d,"Coincido, mejor ir a una pista o cancha y practicar un poco de deporte; en su defecto un club. 

Dame algo más que no sea levantar el mismo peso de cincuenta formas diferentes de lunes a sábado.",Whiskysinhielo,argentina,11,2022-10-24 22:17:21,t1_itnwz8c,t3_ycrn03,comment
ito1f6r,"\>Aburrido

\>Salir a correr",Innate_flammer,argentina,9,2022-10-24 22:27:48,t1_itnwz8c,t3_ycrn03,comment
ito0uus,"Para mi lo mejor es hacer 2 cosas, gym y algo mas dinámico",dementedeauditorias,argentina,2,2022-10-24 22:23:41,t1_itnwz8c,t3_ycrn03,comment
itnybgb,Gym público,[deleted],argentina,1,2022-10-24 22:06:06,t1_itnwz8c,t3_ycrn03,comment
ito7x6p,Posta. Yo fui y me termine aburriendo. Además seguía espanto a las minas de todos modos. Pasa que si SOS feo de cara el gym no hace mucha diferencia.,[deleted],argentina,-2,2022-10-24 23:15:28,t1_itnwz8c,t3_ycrn03,comment
itq3sw2,Escucha audiolibros o podcasts de paso,Plus-Philosopher-973,argentina,1,2022-10-25 11:13:23,t1_itnwz8c,t3_ycrn03,comment
itry3az,[deleted],[deleted],argentina,1,2022-10-25 18:22:00,t1_itnwz8c,t3_ycrn03,comment
itnz3q1,"Así como la plata no hace a la felicidad pero evita muchas amarguras, el gym no te hace lindo pero ayuda a sacarse lo fiero.",Fresque,argentina,13,2022-10-24 22:11:26,t1_itnxuyx,t3_ycrn03,comment
ito670j,">te pone de buen humor

Nunca entendí eso. Jamás me sentí mejor haciendo ejercicio, todo lo contrario, terminaba peor que no haciendo nada. Supongo que no es para todos",NoTanHumano,argentina,4,2022-10-24 23:02:23,t1_itnxuyx,t3_ycrn03,comment
ito77tp,"Gym, programar y después Ezeiza.",Nachotito,argentina,6,2022-10-24 23:10:04,t1_ito3i4d,t3_ycrn03,comment
itnxssd,[deleted],[deleted],argentina,26,2022-10-24 22:02:25,t1_itnwrfg,t3_ycrn03,comment
ito4yih,"Eso es porque no viste a la gorda se tiktok

u/agedlikemilk",gogos123,argentina,5,2022-10-24 22:53:17,t1_itnwrfg,t3_ycrn03,comment
ito2g77,"Estas completamente confundido   tengo amigas gordas que viven garchando, y amigas flacas que no garchan nunca. Que a vos no te gusten las gordas es distinto, no todos somos vos",MekoRotman,argentina,9,2022-10-24 22:35:12,t1_itnwrfg,t3_ycrn03,comment
itnxi0j,"Pero la gorda le pone muchas más ganas, si garcharas lo sabrías.",noquieroninguno,argentina,17,2022-10-24 22:00:18,t1_itnwrfg,t3_ycrn03,comment
itny0b5,Gordis necesitan amor tambien ![img](emote|t5_2qlht|2153),[deleted],argentina,5,2022-10-24 22:03:55,t1_itnwrfg,t3_ycrn03,comment
ito5yl5,Voy a enmarcar este comentario,BornNote613,argentina,2,2022-10-24 23:00:38,t1_itnwrfg,t3_ycrn03,comment
ito5s8l,"Saliendo a caminar todos los días, tu salud mejora notoriamente y no tenes que ir a matarte a un gimnasio",NoTanHumano,argentina,6,2022-10-24 22:59:22,t1_itnzu0y,t3_ycrn03,comment
itofque,"Entiendo tu argumento y tenés un poco de razón en algunas cosas. Pero yo voy al gimnasio para ser más fuerte fisicamente, cumplir objetivos personales, competir conmigo mismo y ponerme retos, nunca fui por los demás.

Hay mucha gente así en el gimnasio,  la gente que lo recomienda por salud mental y física, no lo dice por los likes",RumbleRock32,argentina,3,2022-10-25 00:16:33,t1_ito7ne0,t3_ycrn03,comment
itnye2f,">el gym esta muy sobrevalorado en este sub  
>  
>""eee da minita da facha do musculo""

Sí, porque se piensan que con sacar músculos se les van a tirar todas las minas encima, y se olvidan que a veces nos espantan con lo mental. Si no tienen habilidades sociales ni emocionales, tener buen cuerpo no les sirve de mucho.

>tik toks y reels

Eso es todo del nicho ""fit"", igual que hay muchos otros nichos. Dentro de todo, no hacen ningún daño.",[deleted],argentina,15,2022-10-24 22:06:37,t1_itnx9j9,t3_ycrn03,comment
ito0i3o,"Eso de que el gym da minitas es el mayor hoax de la historia, al final del dia te miran mas los tipos que las minas, una vez pasaste de estar marcadito a ser grandote cagaste con la mayoria de las mujeres.",SwimmerOwn9130,argentina,6,2022-10-24 22:21:12,t1_itnx9j9,t3_ycrn03,comment
ito0b2h,">""eee da minita da facha do musculo""

AJAJJAJAJ que grande",ShinyBless,argentina,4,2022-10-24 22:19:53,t1_itnx9j9,t3_ycrn03,comment
ito39ei,">El gym esta para ir a hacerse más fuerte y tener mejor salud, para nada más.

Yo voy porque quiero verme bien cuando me saco la remera, qué me importan la fuerza y la salud.",leomonster,argentina,3,2022-10-24 22:41:01,t1_itnx9j9,t3_ycrn03,comment
ito1t3h,">gym esta muy sobrevalorado 

How do you dare...",Innate_flammer,argentina,1,2022-10-24 22:30:37,t1_itnx9j9,t3_ycrn03,comment
ito1y2n,"el problema es tik tok, no el gym.",FDRARG,argentina,1,2022-10-24 22:31:39,t1_itnx9j9,t3_ycrn03,comment
ito3ft2,"Basado, la gente que va al gym es zzz pero los que hacen ejercicio sin pagar son bien Chad y god y basados y y y",AdSpecialist7305,argentina,5,2022-10-24 22:42:17,t1_itnz8rl,t3_ycrn03,comment
itowj5z,"Fake it, till you make it 👌🏻👌🏻",NPC12345678900,argentina,3,2022-10-25 03:09:48,t1_itoj1io,t3_ycrn03,comment
itpvgnc,"Claro, si tu objetivo es gustarle a otros hombres anda, se libre, despues de todo los primeros que se fijan en los musculos son los hombres y no las mujeres

Ultimamente andan buscando mucho los *hairy bears*",Huehuemonkeymonkey,argentina,3,2022-10-25 10:11:27,t1_itood23,t3_ycrn03,comment
itocjdi,"Y sí, papá.",_HadesRising,argentina,1,2022-10-24 23:51:01,t1_itnyg4n,t3_ycrn03,comment
itq0rpt,La cosa es que el pregunta la alternativa y salen los evangelistas del gym como si la unica solucion para ser feliz es internarse en un gimansio,Huehuemonkeymonkey,argentina,1,2022-10-25 10:51:42,t1_itnyg4n,t3_ycrn03,comment
itofuy7,"El entrenamiento/deporte, siempre y cuando te exijas una buena cantidad a vos mismo, viene bien, sea gym, futbol, natación, etcétera",RumbleRock32,argentina,3,2022-10-25 00:17:30,t1_ito94va,t3_ycrn03,comment
ito25k5,">es una distracción como podría ser cualquier otra actividad

Es un poco más que eso pero bueno...",Innate_flammer,argentina,-1,2022-10-24 22:33:08,t1_itnzz51,t3_ycrn03,comment
itpynye,"Pasa es que lo venden como algo glorioso cuando es narcisimo puro de gente que en realidad es super insegura de si misma pero se rodean de una capa de musculos inflados para que no se note.

La solucion es hacer lonque a uno le hsce feliz, hay gente que la pasa genial en videojuegos y no se quejan, hay gente que hace musica, y gente que le gusta pasear",Huehuemonkeymonkey,argentina,1,2022-10-25 10:36:09,t1_itnyjj7,t3_ycrn03,comment
itpea57,"Y no vayas para gustarle mas a los demás, que la chupen, lo único que importa son tus seres queridos, no los que te ven las fotos en IG",Danktor_EE,argentina,1,2022-10-25 07:20:32,t1_itpe151,t3_ycrn03,comment
itpxqk3,"En realidad lo que mas garpa es tenes plata, podes ser el siguiente Konan el barbaro pero si no podes invitar ni un jugo se te cagan de risa",Huehuemonkeymonkey,argentina,1,2022-10-25 10:29:06,t1_ito1w6v,t3_ycrn03,comment
itpw85f,"Claro, re de choto quererse a uno mismo de otra forma que no sea la mia",Huehuemonkeymonkey,argentina,1,2022-10-25 10:17:30,t1_itoai9a,t3_ycrn03,comment
ito1fg8,ESTO,cuchos24,argentina,1,2022-10-24 22:27:52,t1_itny6cx,t3_ycrn03,comment
ito6nc1,"Loco si vamos a prohibir las recomendaciones de ir al gimnasio, o a un psicólogo, prohibamos tambien los posteos de ""soy feo"" ""nadie me quiere"" ""soy inseguro"" ""las minas solo buscan plata""",R4Z0Rfer,argentina,0,2022-10-24 23:05:45,t1_ito1al3,t3_ycrn03,comment
itpxcjp,"Esto se responde con el meme de: Estoy triste, creo que deberia ir al gym. [Vuelve todo marcado] no, no era eso, sigo triste pero musculoso",Huehuemonkeymonkey,argentina,1,2022-10-25 10:26:07,t1_ito3krj,t3_ycrn03,comment
itpv56x,Nunca faltan los gymbros que reflejan en otros lo inseguros que son con su propia apariencia,Huehuemonkeymonkey,argentina,3,2022-10-25 10:08:56,t1_itphix9,t3_ycrn03,comment
ito7hlv,Respuesta más adulta no había?,[deleted],argentina,6,2022-10-24 23:12:08,t1_ito71q3,t3_ycrn03,comment
itpxvhz,"""Alguien va a caer"" mas inseguro no hay, no?",Huehuemonkeymonkey,argentina,2,2022-10-25 10:30:08,t1_ito1pv9,t3_ycrn03,comment
itpvtew,Y es de inseguro tener que internarse en un gym para aceptarte a vos mismo... So...,Huehuemonkeymonkey,argentina,1,2022-10-25 10:14:18,t1_itoehw1,t3_ycrn03,comment
itpsjyt,Si vamos por peso Dawayne Johnson tiene alto sobrepeso...,Huehuemonkeymonkey,argentina,1,2022-10-25 09:47:54,t1_itpmoe6,t3_ycrn03,comment
itps9ex,"Lo mismo se puede decir de ir a pasear o comer cada tanto en un lugar agradable, pero los gymbros ven una caloria y saltan del miedo",Huehuemonkeymonkey,argentina,1,2022-10-25 09:45:27,t1_itpqpcc,t3_ycrn03,comment
ito98lz,Y anda al gym así te dejan de joder.,Krakkken02,argentina,58,2022-10-24 23:25:18,t1_ito7lw5,t3_ycrn03,comment
itoe35s,"Cualquier solución mágica que te planteen para cualquier problemática compleja de la vida, tipo ""andá al gym"", ""hacé terapia"", ""aprendé a programar"" o ""tomate un café con un amigo"" siempre va a pecar de simplista. No hay soluciones milagrosas, mucho menos que funcionen para todo el mundo. Tenés que buscar lo que te sirve a vos.",alastrid,argentina,15,2022-10-25 00:03:25,t1_ito7lw5,t3_ycrn03,comment
ito5qxr,Que se coja un femboy de paso.... momento sub equivocado,R4Z0Rfer,argentina,35,2022-10-24 22:59:06,t1_itnyca2,t3_ycrn03,comment
itpfg8e,Fuera de joda parece que terapia le podria servir,Gasurza22,argentina,1,2022-10-25 07:35:30,t1_itnyca2,t3_ycrn03,comment
ito7rm6,"Soy diamon, respétame!",[deleted],argentina,19,2022-10-24 23:14:17,t1_ito162s,t3_ycrn03,comment
ito5n18,Jajajajaja estalle con gordo taringuero. Un verdadero old,Lucaaas02,argentina,6,2022-10-24 22:58:18,t1_ito162s,t3_ycrn03,comment
itnzc6r,FBI wants to know your location,[deleted],argentina,12,2022-10-24 22:13:04,t1_itnz2w6,t3_ycrn03,comment
ito0qqc,"Sí, hice muchos años e incluso me fui comprando elementos para usar en casa. 

Me refiero a que el gym ""normal"" te tiene haciendo ejercicios de repetición que se vuelven monótonos y por lo menos a mí me aburren fácil.",[deleted],argentina,8,2022-10-24 22:22:52,t1_ito05ca,t3_ycrn03,comment
ito709b,el MMA es ese que son un monton de hombres todos chivados enroscados unos con el otro en el suelo?,[deleted],argentina,2,2022-10-24 23:08:29,t1_ito05ca,t3_ycrn03,comment
ito1idl,Tremenda máquina si levantas lo mismo en todos los ejercicios,Innate_flammer,argentina,14,2022-10-24 22:28:27,t1_itnzy0d,t3_ycrn03,comment
ito34l7,Prefiero mil veces antes que estar sentado en el banco de pecho mirando la misma mancha de humedad del techo kjjj,[deleted],argentina,17,2022-10-24 22:40:06,t1_ito1f6r,t3_ycrn03,comment
itq24yu,Sabes todos los lugares que conoci por recorrer caba? Mil veces mejor que mirar el techo de chapa o la pared sucia en un gimnasio,Huehuemonkeymonkey,argentina,5,2022-10-25 11:01:33,t1_ito1f6r,t3_ycrn03,comment
itp1h3k,Coger,Potential_Sympathy81,argentina,1,2022-10-25 04:16:40,t1_ito1f6r,t3_ycrn03,comment
ito96h0,Igualmente no hay lindura ni gimnasio que arregle el derrotismo y la lástima propia.,[deleted],argentina,24,2022-10-24 23:24:52,t1_ito7x6p,t3_ycrn03,comment
itoedw3,Convertite en programador factura 2000000000 de euros por minuto y vas a ver cómo se te pasa lo feo para las minas,Gallito86,argentina,5,2022-10-25 00:05:51,t1_ito7x6p,t3_ycrn03,comment
itp06p4,"Hace una gran diferencia. El tema es que no es mágico, para cosechar los frutos posta tenés que ser constante por al menos dos años, lo cual no es nada fácil. Más sencillo quejarse en reddit, wouldn't you agree?",Charming_Tomato_6159,argentina,0,2022-10-25 03:58:40,t1_ito7x6p,t3_ycrn03,comment
ito0sqx,"Pero con la plata te podés pagar el gym, pagar el cirujano para arreglar lo fiero, y pagar terapia para la amargura también.",[deleted],argentina,8,2022-10-24 22:23:16,t1_itnz3q1,t3_ycrn03,comment
ito8at9,"A mí me pone de pésimo humor estar en una máquina repitiendo movimientos, pero hay más cosas para hacer que no son así de aburridas. No todo es encerrarse en un gym.",[deleted],argentina,3,2022-10-24 23:18:20,t1_ito670j,t3_ycrn03,comment
itocuga,"No ibas bien al gym, ejercitar fuerte activa endorfinas, es como una rola pero más barata",truchisoft,argentina,2,2022-10-24 23:53:29,t1_ito670j,t3_ycrn03,comment
itsdm71,"???  

Profit",dementedeauditorias,argentina,1,2022-10-25 20:14:34,t1_ito77tp,t3_ycrn03,comment
ito1nts,Reportado por Tiktokero,Innate_flammer,argentina,24,2022-10-24 22:29:33,t1_itnxssd,t3_ycrn03,comment
ito0mv4,Vamos al telo?,XGPluser,argentina,11,2022-10-24 22:22:07,t1_itnxssd,t3_ycrn03,comment
ito5qkn,Pestañaste nena,Lucaaas02,argentina,9,2022-10-24 22:59:01,t1_itnxssd,t3_ycrn03,comment
itpi44k,[deleted],[deleted],argentina,3,2022-10-25 08:06:58,t1_ito2g77,t3_ycrn03,comment
ito7u9m,"Mal , la tabla haciendo el muertito no tiene mucha gracia.",[deleted],argentina,10,2022-10-24 23:14:51,t1_itnxi0j,t3_ycrn03,comment
itod0k9,Si fueras al gym te darías cuenta que las flacas también tienen muchas ganas y son muy todas,truchisoft,argentina,1,2022-10-24 23:54:50,t1_itnxi0j,t3_ycrn03,comment
ito2vhl,"Te fuiste a cualquier lado jajaja. El comentario iba desde la perspectiva de la mujer. Si sos mujer fea y gorda, vas a tener menos interesados que si sos fea y flaca/entrenada. No tiene nada que ver con la actitud que le hayan puesto las gordas que te bajaste.  


Mismo para los pibes obvio, pero el comentario hablaba de mujeres.",Hurlok,argentina,-1,2022-10-24 22:38:16,t1_itnxi0j,t3_ycrn03,comment
itnzme6,"Shu, Kun Agüero!",[deleted],argentina,9,2022-10-24 22:15:05,t1_itny0b5,t3_ycrn03,comment
itoscms,"Concuerdo totalmente. Pero también es recomendable dedicarle tiempo a los ejercicios de fuerza (no hace falta matarse tampoco). Cuando los años pasan la estructura muscular se va perdiendo y eso conlleva a que los huesos no tengan el sosten necesario y se deterioren mas rapido de lo normal, mala postura, falta de fuerza, etc. Básicamente llegas a viejo todo doblado y con dolores. Por supuesto que depende de cada persona esto último, pero siempre es mejor minizar las posibilidades de sufrir dolencias.
La mejor recomendación es darle al cuerpo estimulos de todo tipo. 

Edit: no lo aclaré, pero se sobreentiende que los ejercicios de fuerza frenan la pérdida natural de la musculatura.",manpaco,argentina,5,2022-10-25 02:18:51,t1_ito5s8l,t3_ycrn03,comment
itpwyzf,"La gente que lo recomienda como unica alternativa si lo es, cambia el concepto de likes por el de narcisismo propio, despues de todo, narciso era conocido por mirarse en el reflejo del agua, no por que lo querian todos",Huehuemonkeymonkey,argentina,2,2022-10-25 10:23:15,t1_itofque,t3_ycrn03,comment
ito0cur,"""A veces nos espantan con lo mental"", lo dice la que se llama ""La Toxi"" jajaajj  /S",TriKurrDur,argentina,7,2022-10-24 22:20:12,t1_itnye2f,t3_ycrn03,comment
ito6q6d,God basado nashe virgin,p_unch_i,argentina,7,2022-10-24 23:06:21,t1_ito3ft2,t3_ycrn03,comment
itq1rne,"Mas alla de que hairy bear suena a categoria de porno gay, no seria precisamente un tipo que no pisa un gimnasio, y recapitulando, un estado fisico aceptable no es para que te vean las minas, es para vos, podemos darle mil vueltas al asunto que si que no, pero al final del dia, si no salis de tu casa y solo comes papitas viendo netflix no te va a garchar nadie, ni hombre ni mujer, ademas de seguir siendo pobre y morirte a los 40 de un infarto",Ashamed_Inside_5638,argentina,1,2022-10-25 10:58:52,t1_itpvgnc,t3_ycrn03,comment
itq0e9z,"Al menos la vas a poner una vez.

Siendo palmeta no te garantiza nada.",elpityy,argentina,1,2022-10-25 10:49:00,t1_itpxqk3,t3_ycrn03,comment
itq27ln,"Si pensas que ir al gimnasio te convierte en otra persona, sos un pelotudo.",manueldlfh,argentina,1,2022-10-25 11:02:05,t1_itpw85f,t3_ycrn03,comment
ito7svd,"La verdad apoyo el prohibir a esa gente que viene te hace un post pidiendo ayuda desesperada, tienen 200 comentarios de gente que se tomó 10 minutos para ayudarlos y desaparecen sin responder 1 solo coment.",Nivea900,argentina,2,2022-10-24 23:14:33,t1_ito6nc1,t3_ycrn03,comment
ito8tb0,Ya fue prohibamos todos los posteos hasta nuevo aviso,Maxiwiscat,argentina,2,2022-10-24 23:22:09,t1_ito6nc1,t3_ycrn03,comment
itpwi46,nunca faltan los incels que odian a las personas que se hacen una ensalada en vez de pedir una pizza,OldManHarley,argentina,0,2022-10-25 10:19:39,t1_itpv56x,t3_ycrn03,comment
itpmntn,"No. Ahora deja de hacerte pis en un rincón, nadie va a venir a ""salvarte"" si mandas al carajo en tiempo récord cualquier intento de mejorar tu situación. Con los últimos 2 párrafos dejas en claro que sos infumable y solo esperas soluciones mágicas consistentes en LA ÚNICA cosa que se te da por hacer en el momento.",Plump_Pimp117,argentina,-1,2022-10-25 08:54:43,t1_ito7hlv,t3_ycrn03,comment
itq4k66,"No entiendo, a qué te refieres? Inseguridades tengo las mías, como todos, pero el ejercicio me ayudó mucho psicológicamente en comparación a hace 6 años antes de comenzar a hacerlo.",Thanathor1999,argentina,1,2022-10-25 11:18:41,t1_itpxvhz,t3_ycrn03,comment
itpzpch,Yo no voy al gym y la pongo igual,[deleted],argentina,1,2022-10-25 10:43:54,t1_itpvtew,t3_ycrn03,comment
itpyvri,"Claro, pero no es un gordo de mierda",djdkkskss,argentina,1,2022-10-25 10:37:46,t1_itpsjyt,t3_ycrn03,comment
itpttm5,"Pero el gym te hace ver superior estéticamente y mas fuerte, eso no se compara",filing69,argentina,1,2022-10-25 09:58:15,t1_itps9ex,t3_ycrn03,comment
itonbu5,"ya antojaste, ahora no te podes ir",-BaiSuzhen-,argentina,8,2022-10-25 01:25:11,t1_ito5qxr,t3_ycrn03,comment
ito7oln,"No, no, continúa. No me dejes con la intriga.",[deleted],argentina,18,2022-10-24 23:13:40,t1_ito5qxr,t3_ycrn03,comment
ito3d4b,Comprate auriculares,[deleted],argentina,2,2022-10-24 22:41:46,t1_ito0qqc,t3_ycrn03,comment
itshpi6,"Sumado a kickboxing, se podría decir que si",RumbleRock32,argentina,1,2022-10-25 20:45:13,t1_ito709b,t3_ycrn03,comment
ito2oza,5kg,DoctorOutside6181,argentina,14,2022-10-24 22:36:57,t1_ito1idl,t3_ycrn03,comment
itpju64,AMÉN.,Sardina-Sangrienta,argentina,1,2022-10-25 08:25:58,t1_ito96h0,t3_ycrn03,comment
itq1r89,"Esto, hacer la gran Frank Ribery",Huehuemonkeymonkey,argentina,1,2022-10-25 10:58:47,t1_itoedw3,t3_ycrn03,comment
itp0mis,"Todos hablan de ""sentarse en una máquina"", cuando idealmente esto no debería representar un % significativo del entrenamiento de nadie que no sea un completo principiante, bodybuilder posta o alguien con lesiónes. Lo cual habla de que nadie le mete lo suficiente para aprender los movimientos compuestos más complejos ni tampoco aprenden lo suficiente para adaptar el entrenamiento a sus gustos y necesidades.
El gimnasio no es una rutina de maquinas genética de 3x10 en todo. El gym es lo que uno quiere que sea, pero para eso hay que aprender y experimentar, como con todo. Además, el gym te puede acompañar toda la vida, siendo lo flexible que es, muchos deportes no ofrecen lo mismo.",Charming_Tomato_6159,argentina,0,2022-10-25 04:04:47,t1_ito8at9,t3_ycrn03,comment
itpkh79,"Eso pasa cuando no tenes un objetivo, yo fui al gym muchos años y me aburría mucho, pero cuando me puse el objetivo de levantar más, ya no me aburría y iba con todas las ganas.
Otra cosa, si el gym te aburre proba haciendo algún deporte que te guste",[deleted],argentina,1,2022-10-25 08:32:42,t1_ito8at9,t3_ycrn03,comment
itq10m6,"Varia tu predisposición, y tambien el aspecto psicológico de cada ser humano, no todo es 1+1",Huehuemonkeymonkey,argentina,1,2022-10-25 10:53:30,t1_itocuga,t3_ycrn03,comment
itpk0te,"Buena, bonita y warata?",pepimz0,argentina,9,2022-10-25 08:27:56,t1_itpi44k,t3_ycrn03,comment
itq331d,Hoy en dia a las gorditas le dan mas que a cajon duro mientras que las milipilis se andan quejando de todo,Huehuemonkeymonkey,argentina,6,2022-10-25 11:08:21,t1_itod0k9,t3_ycrn03,comment
itp1mqx,Para danonino,Potential_Sympathy81,argentina,2,2022-10-25 04:18:53,t1_itoscms,t3_ycrn03,comment
ito0i68,Vení que te toxiqueo todo bb,[deleted],argentina,5,2022-10-24 22:21:13,t1_ito0cur,t3_ycrn03,comment
itqnwr5,"Claro, yo solo decia que no es todo A- No hacer nada. B- Ir al gym",Huehuemonkeymonkey,argentina,1,2022-10-25 13:26:57,t1_itq1rne,t3_ycrn03,comment
itqndxf,Preguntale a Ribery mas feo que pegarle a un jubilado pero sale con modelos o Mark Zukerberg que paere un alien,Huehuemonkeymonkey,argentina,0,2022-10-25 13:23:34,t1_itq0e9z,t3_ycrn03,comment
ito9khu,De one,R4Z0Rfer,argentina,1,2022-10-24 23:27:48,t1_ito8tb0,t3_ycrn03,comment
itqoucs,"Que a vos te ayude no es norma general, cada persona tiene sus problemas y no todo se arregla yendo a un gimnasio a repetir la misma rutina 200 veces",Huehuemonkeymonkey,argentina,2,2022-10-25 13:33:02,t1_itq4k66,t3_ycrn03,comment
itqmptw,"Claro!, pero vos le preguntaste el peso, si yo te digo que conozco a alguien de 195 que pesa 120kgs y tiene 50 años vas a pensar que es re obeso",Huehuemonkeymonkey,argentina,2,2022-10-25 13:19:14,t1_itpyvri,t3_ycrn03,comment
ito3pyl,Tengo. No me cambian nada en esa situación.,[deleted],argentina,3,2022-10-24 22:44:18,t1_ito3d4b,t3_ycrn03,comment
itq3hnx,"En este caso si, si ejercitas fuerte liberas endorfinas, no hay excepciones a menos que tengas un problema neurologico en cuyo caso anda al medico.",truchisoft,argentina,1,2022-10-25 11:11:13,t1_itq10m6,t3_ycrn03,comment
itq3eqe,"Claro que no, es un tema de cuanto la calentas, a una mina fea un tipo normal la calienta mucho mas que a una mina linda, pero si sos mas atractivo vas a conseguir que incluso las minas mas lindas se comporten igual. 

&#x200B;

Es CONTEXT SENSITIVE",truchisoft,argentina,1,2022-10-25 11:10:39,t1_itq331d,t3_ycrn03,comment
ito17fz,Hola acá es la fila para que me arruinen la vida?,monsternaranja,argentina,9,2022-10-24 22:26:14,t1_ito0i68,t3_ycrn03,comment
ito6d3v,"Mamá me advirtio de locas como tú, ojala no me decepciones",R4Z0Rfer,argentina,3,2022-10-24 23:03:37,t1_ito0i68,t3_ycrn03,comment
ito0xhi,"Cambie de opinión, la quiero toda 7u7",TriKurrDur,argentina,1,2022-10-24 22:24:13,t1_ito0i68,t3_ycrn03,comment
itre83x,"Ir al gym es un eufemismo, según entiendo, para levántate y hace ejercicio. No vas a solucionar todos los problemas, pero te pone en movimiento para, y piezas a tener pequeños wins, que estimulan la liberación de testosterona y serotonina, lo que te hace mejorar en otros aspectos. Es más fácil ir a hacer ejercicio que digamos conseguir un laburo que te pague 3000 dólares, por ende cumplir las metas a corto plazo ayuda a lograr la disciplina para otras cosas.",Ashamed_Inside_5638,argentina,1,2022-10-25 16:15:37,t1_itqnwr5,t3_ycrn03,comment
itqv2ap,Pero op es gordo y sin guita. No valen esos ejemplos.,elpityy,argentina,1,2022-10-25 14:13:16,t1_itqndxf,t3_ycrn03,comment
itqoaua,"No todo es luberar endorfinas, es que tanto te entretiene la actividad y no es el gym las santa solucion a todos los problemas

Tipo si sos depresivo y vas al gym podes estar un año y vas a ser un depresivo con mejor fisico nomas ya que tu depresion puede ser porque no hablas con nadie y en el gym nadie va a querer hablar",Huehuemonkeymonkey,argentina,1,2022-10-25 13:29:28,t1_itq3hnx,t3_ycrn03,comment
itqo65a,"Varia en lo que consideres fea o linda, tipo una mina que anda con iPhone y no sale de Nordelta ademas que se autodenomina ""instagramer"" no la jace linda",Huehuemonkeymonkey,argentina,1,2022-10-25 13:28:37,t1_itq3eqe,t3_ycrn03,comment
ito1ka1,Saque numerito que en unos instantes lo ~~traumaremos~~ atenderemos...,[deleted],argentina,3,2022-10-24 22:28:50,t1_ito17fz,t3_ycrn03,comment
ito8dlj,Nunca decepciono. Los dejo a todos llorando y hundidos en merca.,[deleted],argentina,3,2022-10-24 23:18:56,t1_ito6d3v,t3_ycrn03,comment
ito1mot,Jeje siempre caen >=D,[deleted],argentina,4,2022-10-24 22:29:19,t1_ito0xhi,t3_ycrn03,comment
itsiigw,"So pero tenes que ver si a la personanle entretiene hacer la misma actividad 500 veces, es un proceso largo hasta que ves resultados en el gym, podes ir 3 meses, ver que no cambiaste nada y lo dejas, por eso hay que ver que necesita cada persona no solo ""anda al gym""",Huehuemonkeymonkey,argentina,1,2022-10-25 20:51:20,t1_itre83x,t3_ycrn03,comment
itsi5qf,"Yo estoy diciendo que podes ser un escualido mas feo que helado de tomate pero si tenes plata conseguis minas, aun mas que si sos un nusculoso pobre",Huehuemonkeymonkey,argentina,1,2022-10-25 20:48:40,t1_itqv2ap,t3_ycrn03,comment
itr545l,La depresion es un trastorno neurologico,truchisoft,argentina,1,2022-10-25 15:17:27,t1_itqoaua,t3_ycrn03,comment
ito1pet,Al menos... me cocinaras? 👉👈,TriKurrDur,argentina,1,2022-10-24 22:29:53,t1_ito1mot,t3_ycrn03,comment
itsnclx,Nuculoso?,elpityy,argentina,1,2022-10-25 21:27:56,t1_itsi5qf,t3_ycrn03,comment
ito1wi9,"Pero por supuesto, así después extrañás a quien te cocina cosas ricas >=)",[deleted],argentina,4,2022-10-24 22:31:19,t1_ito1pet,t3_ycrn03,comment
ito21vc,"Awww :3

Quiero conocerte, Toxi jajaj

/S los tóxicos son peligrosos, niños!",TriKurrDur,argentina,1,2022-10-24 22:32:23,t1_ito1wi9,t3_ycrn03,comment
ismid1a,¿Quién le avisa?,gonza29,argentina,47,2022-10-16 23:13:10,t3_y5y8vs,t3_y5y8vs,comment
ismfycm,"No conozco mucho a Sunday Horse, hizo algo bueno o es otro corrupto?",Thanathor1999,argentina,15,2022-10-16 22:54:37,t3_y5y8vs,t3_y5y8vs,comment
ismhhfh,Todavía hay gente que cree que la Argentina fue del primer mundo,[deleted],argentina,31,2022-10-16 23:06:24,t3_y5y8vs,t3_y5y8vs,comment
ismh5vw,"Jajaja, como vas a comprar a Cavallo con Milei. Cavallo tiene un PhD en Harvard. Milei es un economista del montón.",FangioV,argentina,21,2022-10-16 23:03:57,t3_y5y8vs,t3_y5y8vs,comment
ismi3pd,No.,karlozxx,argentina,12,2022-10-16 23:11:12,t3_y5y8vs,t3_y5y8vs,comment
ismidbf,Los 3 chiflados? Xd,Fuoorh,argentina,12,2022-10-16 23:13:14,t3_y5y8vs,t3_y5y8vs,comment
ismtu94,¿Quien? ¿Diego Sehinkman? No sabía que era economista.,Hellraiser_22,argentina,3,2022-10-17 00:47:35,t3_y5y8vs,t3_y5y8vs,comment
isnkoal,/s?,[deleted],argentina,3,2022-10-17 06:28:56,t3_y5y8vs,t3_y5y8vs,comment
ismy4g6,"""volveremos al primer mundo"" no podes volver a dónde nunca estuviste.",Loco_72,argentina,4,2022-10-17 01:29:40,t3_y5y8vs,t3_y5y8vs,comment
ismhiny,Bua...ponele.,hareckk,argentina,4,2022-10-16 23:06:39,t3_y5y8vs,t3_y5y8vs,comment
isnle1q,"El futuro es saqueo como cuando cavallo entregó el país con la burbuja del 1 a 1, siganme no los voy a defraudar y volveremos al primer mundo donde nunca estuvimos, cavallo es empleado de la embajada estadounidense es desocupacion y default",ConcernNo7682,argentina,4,2022-10-17 06:39:24,t3_y5y8vs,t3_y5y8vs,comment
ismtakt,Hay economistas peores. Kichilof por ej. Ese es mucho muy maaaalo,Cosmic_Barrilet,argentina,3,2022-10-17 00:42:35,t3_y5y8vs,t3_y5y8vs,comment
isnxrpv,"Como todo, tiene matices.   
Partes de la economía de los 90 fueron MUY buenas (la modernizacion de la infra del pais fue espectacular, por ejemplo) y partes muy malas (la corrupción, la exclusión del 20% de la sociedad, por ejemplo).  
No se casen con nadie, nada es absoluto.",[deleted],argentina,2,2022-10-17 09:08:13,t3_y5y8vs,t3_y5y8vs,comment
ismkqys,Y el q pare la inflacion va a ser un idolo para cualquiera hoy en dia,[deleted],argentina,1,2022-10-16 23:31:28,t3_y5y8vs,t3_y5y8vs,comment
isnqtft,vamos milei,JPMorgaaan,argentina,1,2022-10-17 07:52:37,t3_y5y8vs,t3_y5y8vs,comment
isnvvoz,Jajaja,medicinal-user,argentina,1,2022-10-17 08:49:01,t3_y5y8vs,t3_y5y8vs,comment
isnzdyw,Estamos jodirijillos le votemos al que le votemos,[deleted],argentina,1,2022-10-17 09:23:51,t3_y5y8vs,t3_y5y8vs,comment
iso6c8m,"Algo me dicen que van a hacer mas cagadas, pero bue... hay que votar al menos peor....",_ScriptKiddie_,argentina,1,2022-10-17 10:24:02,t3_y5y8vs,t3_y5y8vs,comment
iso7d66,Un episodio de better call Saul?,[deleted],argentina,1,2022-10-17 10:32:13,t3_y5y8vs,t3_y5y8vs,comment
ispl51b,Se entusiasmara para irse 😄,eugerabe19,argentina,1,2022-10-17 16:22:14,t3_y5y8vs,t3_y5y8vs,comment
ismy8km,"Nunca bajó el gasto público, así que financió el déficit con deuda y venta de empresas estatales (el negocio no estaba en la empresa, todas un desastre, sino en comprar el monopolio). Mientras te prestaban dólares, el dólar no podía subir porque había un océano de dólares, no porque fuera un genio. Aguantó varios años hasta que los que prestaban dejaron de prestar.

¿Te suena? Dark se inspiró en la economía argentina, no tengo pruebas pero tampoco dudas.",mustard96,argentina,13,2022-10-17 01:30:50,t1_ismfycm,t3_y5y8vs,comment
ismg3p8,Hizo una bien y 10 mal kjj.,CazadorFurtivo,argentina,6,2022-10-16 22:55:45,t1_ismfycm,t3_y5y8vs,comment
ismj634,Del 89 al 99.,CazadorFurtivo,argentina,-32,2022-10-16 23:19:19,t1_ismhhfh,t3_y5y8vs,comment
iso2ykk,[deleted],[deleted],argentina,-5,2022-10-17 09:56:03,t1_ismhhfh,t3_y5y8vs,comment
isn8by6,"Convengamos también que para saber qué hay que hacer con la economía argentina no hace falta ser un erudito mundial.. con que dejen de ser TAAAN comunistas ya es un montón.

Y podes decir lo que quieras de Milei, mucho lo comparto, pero gracias a él se está hablando del mercado y la libertad por fuera de la grieta. Hay mejores economistas que él? Obvio! Hay comunicadores con más impacto que el? No en Argentina.",convertedNormie,argentina,11,2022-10-17 03:29:38,t1_ismh5vw,t3_y5y8vs,comment
isohv2l,Cuantos economistas tiene Argentina especializados en crecimiento económico?,getkozmo,argentina,-4,2022-10-17 11:50:58,t1_ismh5vw,t3_y5y8vs,comment
isq62lq,Los 3 cabidos,Polentero,argentina,1,2022-10-17 18:40:10,t1_ismidbf,t3_y5y8vs,comment
isoytya,Y nunca seremos no?,[deleted],argentina,1,2022-10-17 13:54:38,t1_ismy4g6,t3_y5y8vs,comment
isodugm,Arrasar con el sistema ferroviario es modernizar la infraestructura?,tatasabaya,argentina,0,2022-10-17 11:21:55,t1_isnxrpv,t3_y5y8vs,comment
isocaym,No hay menos peor.,metricwoodenruler,argentina,2,2022-10-17 11:10:18,t1_iso6c8m,t3_y5y8vs,comment
isnscxa,Te van a downvotear pero es cierto lo que decís del financiamiento. Era un negocio que no cerraba si no ajustabas el gasto o aumentabas drásticamente la productividad,dinovfx,argentina,5,2022-10-17 08:10:43,t1_ismy8km,t3_y5y8vs,comment
ismk1ed,Ser un presidente tercermundista y sacarte fotos con presidentes primermundista no te hace del primer mundo,[deleted],argentina,25,2022-10-16 23:25:55,t1_ismj634,t3_y5y8vs,comment
ismwo9f,Del siglo XIX,fede142857,argentina,0,2022-10-17 01:14:54,t1_ismj634,t3_y5y8vs,comment
iso8bpc,"Piojos resucitados tal ve, primer mundo no",TreshKJ,argentina,3,2022-10-17 10:39:49,t1_iso2ykk,t3_y5y8vs,comment
isoiouz,"Varios, el que se me viene a la cabeza es Ariel Coremberg. Igual no no entiendo la pregunta, vos estás diciendo que Milei es especialista en crecimiento económico?",FangioV,argentina,3,2022-10-17 11:56:49,t1_isohv2l,t3_y5y8vs,comment
isqo47s,Nunca es mucho tiempo. Por lo pronto no,Loco_72,argentina,1,2022-10-17 20:59:04,t1_isoytya,t3_y5y8vs,comment
isoe2w2,"Supongo que tenes una idea muy errada de qué era el sistema ferroviario, pero bueno,  no te culpo. La educación apunta a eso en general...",[deleted],argentina,2,2022-10-17 11:23:39,t1_isodugm,t3_y5y8vs,comment
ismmvzr,Hey! Por lo menos lo intentaba!,Badracha,argentina,3,2022-10-16 23:48:20,t1_ismk1ed,t3_y5y8vs,comment
isoglgi,[deleted],[deleted],argentina,-4,2022-10-17 11:42:07,t1_iso8bpc,t3_y5y8vs,comment
isoerng,"No dijiste nada con tu comentario, pero bueno.",tatasabaya,argentina,3,2022-10-17 11:28:46,t1_isoe2w2,t3_y5y8vs,comment
isoie5k,Hasta en reddit te podés.enterar de cosas viste.,TreshKJ,argentina,6,2022-10-17 11:54:43,t1_isoglgi,t3_y5y8vs,comment
isof1am,Jaja sí dije. Pero no entendiste.,[deleted],argentina,1,2022-10-17 11:30:44,t1_isoerng,t3_y5y8vs,comment
iqxgfsn,[deleted],[deleted],argentina,306,2022-10-03 17:20:55,t3_xuu4ic,t3_xuu4ic,comment
iqxij8f,"Mmm no sé, mañana cuando alguien redacte la versión del ferretero te contesto",Giorgio-1991,argentina,178,2022-10-03 17:34:23,t3_xuu4ic,t3_xuu4ic,comment
iqxoahg,[removed],[deleted],argentina,164,2022-10-03 18:12:04,t3_xuu4ic,t3_xuu4ic,comment
iqxoxlc,"No se entiende nada padre, tu perro le meo un cantero al ferretero y después lo quisiste romper entonces el ferretero dijo que te iba a fajar pero arrugaste y huiste",Volgk,argentina,58,2022-10-03 18:16:24,t3_xuu4ic,t3_xuu4ic,comment
iqxm2h8,"Jaja sos hincha.   
Lo único que podés hacer es denunciar al municipio. Ellos se van a reir seguramente, pero bueno, hiciste lo que pudiste.
Si le rompes el cantero de noche... como que no va a tener muchos sospechosos, y la próxima vez que te vea te viola a vos, y a tu perro.",[deleted],argentina,43,2022-10-03 17:57:13,t3_xuu4ic,t3_xuu4ic,comment
iqxgbro,Seguro comés papas congeladas.,Routine_Shine_1921,argentina,75,2022-10-03 17:20:13,t3_xuu4ic,t3_xuu4ic,comment
iqxy8qi,Karen promedio.,r-ArgentinaVillan,argentina,30,2022-10-03 19:21:42,t3_xuu4ic,t3_xuu4ic,comment
iqxh5kb,"Tenes un 7, aunque sospecho que tus papis te ayudaron a crear el post",miguelito7654321,argentina,54,2022-10-03 17:25:27,t3_xuu4ic,t3_xuu4ic,comment
iqxivjh,"anda con ladrillos y hacele un cantero nuevo, yo lo hice un par de veces y mejore el barrio para mejor.",AnybodyOdd7376,argentina,49,2022-10-03 17:36:34,t3_xuu4ic,t3_xuu4ic,comment
iqxgnan,"Resumen: 2 pelotudos, uno porque se pone a mear las únicas maderas que hay en toda la cuadra cuando teniendo todo el resto y el otro por dejar las maderas con clavos en la calle, y no, un cartel que diga peligro no es excusa.",cala7a,argentina,66,2022-10-03 17:22:13,t3_xuu4ic,t3_xuu4ic,comment
iqxgjm2,Que al pedo estás my rey,trapsaintgei,argentina,109,2022-10-03 17:21:35,t3_xuu4ic,t3_xuu4ic,comment
iqxl1ya,"tomatelas te dijo, y mejor que hayas juntado el pis de tu perro. amante de los canteros .",AgfeAu,argentina,18,2022-10-03 17:50:37,t3_xuu4ic,t3_xuu4ic,comment
iqy87gf,"Ah pero sos terrible pedazo de pajero y en encima te crees cool, pelotudo!

Que mierda tiene que ir tu perro a mear en la propiedad de otro?! Encima se la criticas y rompes! Pero quien te creiste que sos, no lleves a tu perro ahi.

Pd no soy el de la ferreteria",BoredMerengue,argentina,15,2022-10-03 20:37:33,t3_xuu4ic,t3_xuu4ic,comment
iqxk7eu,"no se amigo pareces un boludazo, deja de romperle las pelotas a la gente te salvaste de q el tipo te meta un bife y quedes como un pasmado con la correita de tu perro en la mano",_flacKo23,argentina,44,2022-10-03 17:45:08,t3_xuu4ic,t3_xuu4ic,comment
iqxk8mb,">me quiso cagar el vuelto hace un año

todo esto del cantero es porque no pinto tu cerca?",[deleted],argentina,29,2022-10-03 17:45:21,t3_xuu4ic,t3_xuu4ic,comment
iqxipzt,Fuiste a armar quilombo al pedo. Tenes ganas de comerte los dientes me parece,PhoenixWrong175,argentina,27,2022-10-03 17:35:35,t3_xuu4ic,t3_xuu4ic,comment
iqxlqpt,Sin fotos del cantero. Nah re inventada historia.,Low-Ad-295,argentina,9,2022-10-03 17:55:04,t3_xuu4ic,t3_xuu4ic,comment
iqxxzyl,"Jajaja deja de rantear en la vida real, te van a castañear.",No_Cold5079,argentina,8,2022-10-03 19:19:57,t3_xuu4ic,t3_xuu4ic,comment
iqz3xdm,Fua chabon! que paso? se te rompio la galletita cuando la mojabas en el te esta mañana?,AllonssyAlonzo,argentina,8,2022-10-04 00:46:17,t3_xuu4ic,t3_xuu4ic,comment
iqxhbhg,Que gede que sos,KhaaraII,argentina,25,2022-10-03 17:26:30,t3_xuu4ic,t3_xuu4ic,comment
iqxojm6,Quien no se peleo con un ferretero un dia me sacaron cagando por pedir 100g de arandelas glower,DrRed-Neck,argentina,7,2022-10-03 18:13:47,t3_xuu4ic,t3_xuu4ic,comment
iqxsgt5,Como no te cago a cachetadas por gede,goml3o,argentina,8,2022-10-03 18:40:29,t3_xuu4ic,t3_xuu4ic,comment
iqxjttq,"Mañana siguiente post : hola, soy ferretero y ayer discutí con uno que me quería romper el cantero

Y pasado el siguiente : hola, soy un perro y ayer mi dueño peleó con un ferretero",alebils,argentina,18,2022-10-03 17:42:42,t3_xuu4ic,t3_xuu4ic,comment
iqxrkcq,Vos sos el agujero de culo,GuanacoCosmico,argentina,6,2022-10-03 18:34:18,t3_xuu4ic,t3_xuu4ic,comment
iqxvscr,Y por que nos lo contás? Sos un chismoso al final,dapalete,argentina,5,2022-10-03 19:03:53,t3_xuu4ic,t3_xuu4ic,comment
iqxzt1w,"Y por qué no te paraste de mano, cagón? Ahora queres hacerle algo? Kjj",otrosabandija,argentina,5,2022-10-03 19:33:20,t3_xuu4ic,t3_xuu4ic,comment
iqy64jl,"Sin foto es otro post-bait, por otro lado, que te cuesta correr al perro para evitar ensuciar el cantero ajeno? Entiendo que este en espacio publico pero es algo mas personal si lo usas como decoración aunque sea una berretada, estoy seguro que si ibas con otros modales capaz el viejo recapacitaba y te daba la razón y le quitaba los clavos que sobresalían pero elegiste el otro camino",Watari97,argentina,6,2022-10-03 20:21:25,t3_xuu4ic,t3_xuu4ic,comment
iqyy77x,"Me sorprende el tiempo al pedo que tiene la gente para estas pelotudeces.

Ponerte a discutir como un boludo, con otro boludo mas por 3 maderas random del orto, que encima en primer lugar vos dejaste a tu perro del ojete mear ahi.

Se indigna por los nenes y los perros...si el perro ni se paraba a mear ahi ni te enteras de las maderas y jamas te vas a enterar si le pasa algo a alguien ni vas a perder el sueño por eso.

Te quedaste caliente porque te trato de cagar y viste la oportunidad de romper las bolas

En este pais de mierda tenes un poco de mala suerte y el ferretero te clava dos corchazos ahi...por un cantero.",hughmungoosed,argentina,6,2022-10-03 23:56:47,t3_xuu4ic,t3_xuu4ic,comment
iqyzqi6,Por lo que leí sos un infumable maestro,0800donfacha,argentina,7,2022-10-04 00:09:24,t3_xuu4ic,t3_xuu4ic,comment
iqy0ive,"Mirá, se resuelve fácil. Tenés que montar un simulacro. Vas y le empezás a discutir de nuevo, en la vereda. Qué salga afuera. De repente, viene un viejo caminando, va a ser tu tío Quique, va a hacer de cuenta que pisa uno de esos clavos y se tira al piso revolcándose de dolor y por el zapato le sale la sangre falsa previamente colocada. 

&#x200B;

Mientras, vos y el ferretero loco se quedan observando, entra en escena tu amigo Juan, todo trajeado, y ayuda al viejo en el piso. Lo tranquiliza y le cuenta que es su día de suerte, que él es abogado y que puede cobrar una tajante suma si hace una demanda al responsable. 

&#x200B;

El ferretero loco, todo cagado, quiere parar la situación, y va a tener que negociar. Va a resolver ofrecerle 100k en herramientas a tu tío Quique y desarmar ese monumento al tétanos. Con eso cubrís los gastos del operativo y te pagás un asadazo.",Longjumping_Remove58,argentina,10,2022-10-03 19:38:40,t3_xuu4ic,t3_xuu4ic,comment
iqxi020,"Estoy harta de los meos de los perros, las cagadas de los perros, que no le pongan bozal cuando los sacan a pasear. Y de la gente que llama a sus perros hijos. Nada, eso.",[deleted],argentina,6,2022-10-03 17:30:58,t3_xuu4ic,t3_xuu4ic,comment
iqxqih9,Cuando este bien redactado te ayudo,raptidor,argentina,5,2022-10-03 18:27:03,t3_xuu4ic,t3_xuu4ic,comment
iqxu1x7,"Me quiso cargar el vuelto have un año
Y vos qué hiciste??
Le dije goldo channcho",mattt1975,argentina,5,2022-10-03 18:51:37,t3_xuu4ic,t3_xuu4ic,comment
iqxy527,"Lo mejor que podés hacer es dejar de hacer mear a tu perro en la vereda de otros, es un bajón, me tienen las bolas por la rodilla.. un olor a meo insoportable por qué dónde al perro se le cante frenamos y lo hacemos mear.. se para en un cantero y bue..  se para enfrente de una puerta.. y bue .  Se pone a mear una moto, y bue que la mee...

Capaz el dueño tiene que meter la moto/auto a la cochera después o te queda un olor a meo en la puerta del edificio por meses..   que me en el árbol, en el parque.. en tu casa.",kiogamon,argentina,4,2022-10-03 19:20:58,t3_xuu4ic,t3_xuu4ic,comment
iqxzq1h,"Deja de vivirla, salí de Reddit y toma cartas en el asunto, sos el tipico flaco que no dice 2 palabras de frente y después se escribe una biblia en alguna red social",[deleted],argentina,6,2022-10-03 19:32:43,t3_xuu4ic,t3_xuu4ic,comment
iqxg7i2,YTA,elsultan,argentina,8,2022-10-03 17:19:28,t3_xuu4ic,t3_xuu4ic,comment
iqxj113,Fijate que Netflix anda contratando escritores de Wattpad,[deleted],argentina,8,2022-10-03 17:37:32,t3_xuu4ic,t3_xuu4ic,comment
iqxlems,[deleted],[deleted],argentina,8,2022-10-03 17:52:53,t3_xuu4ic,t3_xuu4ic,comment
iqxgsdd,"avisa en la municipalidad,  pero.....",martiniando,argentina,4,2022-10-03 17:23:05,t3_xuu4ic,t3_xuu4ic,comment
iqxm0mi,Que al pedo todo. Seguí con tu vida.,Ominous77,argentina,5,2022-10-03 17:56:53,t3_xuu4ic,t3_xuu4ic,comment
iqxovci,"Regalale un cantero nuevo. Quedás bien con él y ayudas a los demás a que no se lastimen. La vereda va a quedar más linda también. De paso regalale uno que te guste a vos porque leí en un comentario que ese te molesta.  


La otra opción es indignarse y romper los huevos como buen argentino.",[deleted],argentina,3,2022-10-03 18:15:59,t3_xuu4ic,t3_xuu4ic,comment
iqxrv9f,"lo acabo de ver en el noticiero , tremendo",infiernito,argentina,5,2022-10-03 18:36:22,t3_xuu4ic,t3_xuu4ic,comment
iqxtjl3,Ojalá te pegue un bife,SerazVicktoria,argentina,5,2022-10-03 18:48:00,t3_xuu4ic,t3_xuu4ic,comment
iqygivh,Conseguite un problema honesto,alan13000,argentina,5,2022-10-03 21:42:28,t3_xuu4ic,t3_xuu4ic,comment
iqyhhbh,"Mira el ferretero sera un pelotudo, pero vos escribiendo no te quedas atras",Beneficial-Ad-8929,argentina,3,2022-10-03 21:49:42,t3_xuu4ic,t3_xuu4ic,comment
iqyyxgb,"Eh... Osea... Fuiste con tu perro, le mearon el cantero al ferretero ... y ahí te diste cuenta que había clavos sobresaliendo... Salió el tipo, te mando a cagar, y vos en modo indignación , le rompiste el cantero al vecino... El ferretero, aún después de 2 faltas tuyas, fue a reparar los palitos como podía, pero encima lo empezaste a bardear y el tipo fue a llamar a la policía... Ajam... Si... Eso es lo que se entiende al menos...

Tenés 2 opciones. Dejas de llorar y vas con un martillo le das 2 golpes a cada clavo y listo...
O podes venir y llorar en Reddit a ver si se solucionan tus problemas existenciales... Pero el clavo va a seguir ahi... Digo nomás.",Dragon_Cross,argentina,5,2022-10-04 00:02:47,t3_xuu4ic,t3_xuu4ic,comment
iqxima5,Ni la rosa de Guadalupe se mandó tanto guión,Little_Swing_6100,argentina,7,2022-10-03 17:34:56,t3_xuu4ic,t3_xuu4ic,comment
iqxk5mu,"Antes se peleaban con las viejas con carritos del super, ahora con estos personajes con máscotas que creen que son personas.",ElGulagsero,argentina,7,2022-10-03 17:44:49,t3_xuu4ic,t3_xuu4ic,comment
iqy6pfn,">Le comenté a una vecina y me dijo mejor no hacer nada que despues es un peligro.

Típico de 35+ traumado por la dictadura",WorstThanTomorrow,argentina,6,2022-10-03 20:25:51,t3_xuu4ic,t3_xuu4ic,comment
iqxnaej,Esto está extraído se watpad? Falta el capítulo 2,Leather_Zebra_9212,argentina,3,2022-10-03 18:05:15,t3_xuu4ic,t3_xuu4ic,comment
iqy4wrg,"capo, por más que tengas razón, no se va al lugar de alguien a decirle qué hacer, si fuera yo te pongo una ñapi y te carneo el perro.",keeshond,argentina,3,2022-10-03 20:12:00,t3_xuu4ic,t3_xuu4ic,comment
iqy6lnd,Sos una vieja capo...,PePePendorcho,argentina,3,2022-10-03 20:25:03,t3_xuu4ic,t3_xuu4ic,comment
iqy9qvm,"Cuantas veces vas a escribir ""Dice"" y ""Digo""? Con un guion adelante de la oración queda bastante tácito quien está ""hablando"", a no ser que seas un zanguango para escribir también. Ah, espera...",sk8avp,argentina,3,2022-10-03 20:49:43,t3_xuu4ic,t3_xuu4ic,comment
iqyptw4,Casi me da un ACV tratando de entender lo que escribiste,hunterthompsxn,argentina,3,2022-10-03 22:52:05,t3_xuu4ic,t3_xuu4ic,comment
iqysark,"a mi me pasó algo parecido 

prendo el velador pum cortocircuito, cazo la mooto tranqui fuum fum fumfum me voy a la ferretería, le digo me das uno de esos cosos que hace tiki tiki para el velador?  Pim el tipo me la da, cómo lo cambio le digo, es fácil me dice, tenés que sacar la perilla ,tuk ,poner el repuesto, listo. Tenes tarjeta? No, taka taka. Le doy 40 y el tipo pingi me da 20, me tenés que dar 30 le digo y el tipo empieza con el iiiiva que pa paa que pa paa te doy 20, 20? tss de dónde? bueno si no te gusta fiu fiu te vas me dice el tipo, bue, si? ahí nomás yo PIM el tipo PUM y empezamos que pim que pam pam le doy una napia lo cazo de nuca empiezo pum pum pum pum pum contra el mostrador agarre el vuelto y me la tomé",sokmaidicc,argentina,3,2022-10-03 23:10:49,t3_xuu4ic,t3_xuu4ic,comment
iqz2gp1,Como decir que sos porteño sin decir que sos porteño,ConraLaje,argentina,3,2022-10-04 00:33:02,t3_xuu4ic,t3_xuu4ic,comment
iqzimlb,Me parece interesante la manera de pelear por algo que a cualquiera le puede chupar un huevo y medio,No_Product_1678,argentina,3,2022-10-04 03:30:05,t3_xuu4ic,t3_xuu4ic,comment
iqxkuy4,"Yo haría ésto:
 
Espera varias semanas a qué la cosa se enfríe y después métele la denuncia.
 
Cambia el recorrido con tu perro.",blanma,argentina,4,2022-10-03 17:49:22,t3_xuu4ic,t3_xuu4ic,comment
iqy62qo,"Ok, downvote me. Qué manga de pajeros castrados! Uno que un amigo ""cazó"" una araña y quiere saber cuánto peligro corre. Otro que cree tener un hijo perfecto en el jardín, lo bullyean un toque y el pelotudo va a hablarle en tono amenazante a la madre cuando vé que está sola. Y ahora éste que se hace una película de Steven Seagal mal editada basándose en una interacción mínima con un empleado de la ferretería. Y lo habla con la vecina, lo postea en reddit, quiere ""cagarlo bien cagado"". Decime que tu vida es un desierto sin decirme que tu vida es un desierto.
Después se nos cagan de risa los provincianos y no los puedo culpar.",PorterOneTwo,argentina,6,2022-10-03 20:21:02,t3_xuu4ic,t3_xuu4ic,comment
iqxp2rh,Donde fue eso?,Thotila,argentina,2,2022-10-03 18:17:21,t3_xuu4ic,t3_xuu4ic,comment
iqxshv2,"me gustan los animales pero estoy podrido, algunos no levantan la mierda y todos mean la casa.",freechorizo,argentina,2,2022-10-03 18:40:41,t3_xuu4ic,t3_xuu4ic,comment
iqxw73k,"Que ganas de pelear al pedo por eso, no vale la pena enojarse tanto por eso jaja",Damm1tt,argentina,2,2022-10-03 19:06:47,t3_xuu4ic,t3_xuu4ic,comment
iqy2rwe,"Para, estás diciendo que VOS tenés un resentimiento con el gil laburante que te cagó el vuelto hace un año y pensas romper un cantero de madera mal habido creído que con eso lo molestas de algún modo???? Qué tipo infeliz!! Sin ánimos de ofender, el problema no es el cantero ni el tipo ni el meo del perro, es tu resentimiento que no te deja vivir.",Gibbor28,argentina,2,2022-10-03 19:55:35,t3_xuu4ic,t3_xuu4ic,comment
iqy2s40,Tipico chisme que me contaria mi tia norma de 60 años,JuanniQue,argentina,2,2022-10-03 19:55:38,t3_xuu4ic,t3_xuu4ic,comment
iqy2udc,"""Le digo que está flojo lleno de calvos y es un peligro"" sep, los skinhead son un problema",ChrisKama,argentina,2,2022-10-03 19:56:06,t3_xuu4ic,t3_xuu4ic,comment
iqy46wu,"Necesitas una mina flaco, dejate de joder",Affectionate_Jaguar4,argentina,2,2022-10-03 20:06:27,t3_xuu4ic,t3_xuu4ic,comment
iqyaph2,"Alto hinchapelotas sos Bro.

Pd: me costó un huevo entender lo que intentaste explicar",Hangrytoolman,argentina,2,2022-10-03 20:57:16,t3_xuu4ic,t3_xuu4ic,comment
iqyb39o,El cantero ese no tiene nada que envidiarle a tu redacción. Perdón.,Sardina-Sangrienta,argentina,2,2022-10-03 21:00:17,t3_xuu4ic,t3_xuu4ic,comment
iqyckpk,"Virgo que no sabe ni escribir haciendo cosas de virgo que no sabe ni escribir. 

Nada para ver, circulen.",hikarusniper,argentina,2,2022-10-03 21:11:47,t3_xuu4ic,t3_xuu4ic,comment
iqye4b6,"Encima que puso eso para que los perros no le meen te le vas a ir a quejar? Le hubieras dicho ""te molesta que me venga con martillo y remache los clavos""?  
Si un dia queres tener un cantero en una vereda vas a ver que pesadilla es.",Paul_MN,argentina,2,2022-10-03 21:23:54,t3_xuu4ic,t3_xuu4ic,comment
iqyib9f,"**vola de acá , tomatela**  


![gif](giphy|3o6fJghvKW7teqF1Uk)",CEREAL_KlLLER,argentina,2,2022-10-03 21:55:57,t3_xuu4ic,t3_xuu4ic,comment
iqyib9o,"Mira si te vas a hacer problema por un viejo renegado... No hagas nada, seguí tu vida.",MegaMarc_15,argentina,2,2022-10-03 21:55:57,t3_xuu4ic,t3_xuu4ic,comment
iqyjsi2,Bueno si no te gusta 😗😗😗 tomatela,Han70,argentina,2,2022-10-03 22:06:58,t3_xuu4ic,t3_xuu4ic,comment
iqyk0p7,Que paja pelearse por un pedazo de madera y clavos ... Hagan terapia gente,JebusOK,argentina,2,2022-10-03 22:08:41,t3_xuu4ic,t3_xuu4ic,comment
iqynb51,"Entendí que tu perro se metió a mear dentro de un cantero que era del ferretero. Obviamente el ferretero se va a enojar. Yo me enojaría. Que tu perro mee tu patio, tu cantero, o lo que tengas... y sino tenés lugar donde tu perro pueda mear no tengas perro. Luego lo del cantero mal hecho, no se entiende bien. Hubieses sacado foto y publicado",alarsonik,argentina,2,2022-10-03 22:33:13,t3_xuu4ic,t3_xuu4ic,comment
iqyp9oj,redactazo,ssfts,argentina,2,2022-10-03 22:47:53,t3_xuu4ic,t3_xuu4ic,comment
iqyr3fc,"Que ganas de romper las bolas vos,el ferretero y el meon de tu perro... Háganse qliar entre los tres,a los gritos estaban manga de forros y yo quiriendo ver porno tranquilo en casa",Nearby-Upstairs-373,argentina,2,2022-10-03 23:01:41,t3_xuu4ic,t3_xuu4ic,comment
iqyr5np,"Prendele fuego el cantero, van a quedar solo los clavos, se los das así los vende en la ferretería y todos contentos win:win",acousticbay20,argentina,2,2022-10-03 23:02:10,t3_xuu4ic,t3_xuu4ic,comment
iqyuqf7,Qué ganas de buscar quilombo al pedo.,Kolermigon,argentina,2,2022-10-03 23:29:35,t3_xuu4ic,t3_xuu4ic,comment
iqyvd8a,"""cero empatía y tolerancia"" naaa Posta? No se te nota.
Si te falta ese ""dársela en la pera"" o nunca te peleaste con quién no te convenía, no te recomiendo arrancar con el empleado de la ferretería.",Hot-Ad-3281,argentina,2,2022-10-03 23:34:28,t3_xuu4ic,t3_xuu4ic,comment
iqz07gt,"vola, tomatela.",31CH0,argentina,2,2022-10-04 00:13:21,t3_xuu4ic,t3_xuu4ic,comment
iqz2z14,Un PAYASO sos,DecentVolume2958,argentina,2,2022-10-04 00:37:32,t3_xuu4ic,t3_xuu4ic,comment
iqz6ydj,"Vine a indignarme pero por algun motivo inexplicable estoy del lado del ferretero.

Esperamos el post con la version del rival.",ladyjuliette,argentina,2,2022-10-04 01:15:36,t3_xuu4ic,t3_xuu4ic,comment
iqz80tk,Qué payaso que sos...,Life-Garage8299,argentina,2,2022-10-04 01:26:25,t3_xuu4ic,t3_xuu4ic,comment
iqzfi9j,"\-Quisiste cagarme el vuelto

\-Esos billetes estaban rancios

\-Saca los clavos

\-Obligameeeee",[deleted],argentina,2,2022-10-04 02:50:03,t3_xuu4ic,t3_xuu4ic,comment
iqzirb8,Sos un denso,namast397,argentina,2,2022-10-04 03:31:48,t3_xuu4ic,t3_xuu4ic,comment
iqzm4lq,Rlvl5: Estaba al pedo y se puso a buscar con quien discutir por alguna boludez en la calle.,RenzoARG,argentina,2,2022-10-04 04:17:47,t3_xuu4ic,t3_xuu4ic,comment
ir05wm3,"Upvote, por usar bullets.  
La energía powerpoint está ahí. La siento.  
Faltó un ""Gracias por su atención"" al final.  
Not bad. Would buy again.",TwinsenDinoFly,argentina,2,2022-10-04 08:43:41,t3_xuu4ic,t3_xuu4ic,comment
ir0mb60,"""nooo que el cantero esta bieeeen que papaaa que papaaaa, le pego una napia, lo agarre de la nuca y BLOOOM BLOOOOM BLOOOOM contra el mostrador, agarré el perro y me las tomé""",DirtyDan097,argentina,2,2022-10-04 11:00:55,t3_xuu4ic,t3_xuu4ic,comment
ir13656,"El niño señora no existe.  
El niño señora:",SiguientePregunta,argentina,2,2022-10-04 12:53:29,t3_xuu4ic,t3_xuu4ic,comment
iqxh0yk,"Anda con una tenaza y cortá todos los clavos que sean peligrosos, si te dice algo que la chupe, si se pone violento ponete vos mas violento que él. Si no tenes tenaza comprate una, es bueno tener herramientas.",Rasicor,argentina,3,2022-10-03 17:24:38,t3_xuu4ic,t3_xuu4ic,comment
iqxj5o8,Hacele bosta el cantero y la proxima vez que el perro se pare a mearle al ferretero le pegas un patadon en el culo así no hay mas bronca. Y se dejan de joder los 2 che,Xavi2132,argentina,1,2022-10-03 17:38:22,t3_xuu4ic,t3_xuu4ic,comment
iqxpedq,"Ya sabes la solucion, no necesitas preguntar aca

DISCO",sunblaze1480,argentina,1,2022-10-03 18:19:33,t3_xuu4ic,t3_xuu4ic,comment
iqxkewb,DISCO DE MEO,GranMastrom,argentina,0,2022-10-03 17:46:29,t3_xuu4ic,t3_xuu4ic,comment
iqxtgk7,"""pinchate"" con el clavo oxidado. Anda a la guardia, paga una antitetanica, contrata un abogado sorete para hacerle una denuncia al frentista.",[deleted],argentina,0,2022-10-03 18:47:24,t3_xuu4ic,t3_xuu4ic,comment
iqxglgy,"Disco de meo y llamar a fiscalización de la municipalidad del lugar.

espera unos cuantos dias,si ves que todo sigue igual hace la denuncia.",[deleted],argentina,-2,2022-10-03 17:21:54,t3_xuu4ic,t3_xuu4ic,comment
iqyv9oz,Denuncialo a la municipalidad,Faxometro,argentina,0,2022-10-03 23:33:44,t3_xuu4ic,t3_xuu4ic,comment
iqxhhvm,En la casa de rezagos militares venden granadas.,Trompete_ojete,argentina,-3,2022-10-03 17:27:38,t3_xuu4ic,t3_xuu4ic,comment
iqxr72g,"Disco de meo y lo arruinás, nadie quiere entrar a un negocio con olor a meo.",juaznd,argentina,-2,2022-10-03 18:31:44,t3_xuu4ic,t3_xuu4ic,comment
iqxunh6,"Si tenes un sobrino, hijo mandalo con la madre y que diga que se pincho y ahi lo va a sacar.",madraven77,argentina,-2,2022-10-03 18:55:51,t3_xuu4ic,t3_xuu4ic,comment
iqxus3h,"No te hagas problemas por este tipo de cosas, al tipo le chupa un huevo y hasta se debe sentir importante haciendose el pija, mientras vos te comes el disgusto y la calentura, de ultima llama anónimamente dentro de 2-3 semanas a la municipalidad o a la comisaria mas cercana haciendo la denuncia y listo, si no hacen nada cruza la cuadra y no es mas tu problema",Mistilt,argentina,-2,2022-10-03 18:56:45,t3_xuu4ic,t3_xuu4ic,comment
iqxkm49,"Amigo yo te entiendo, si queres te ayudo a hacerle garcha el cantero alguna noche. Esos viejos chotos re inchan las pelotas. Tenes que hacerlo sin que te vea así después no te puede hacer nada. O sino agarra mierda de tu perro y le llenas el cantero de mierda jaja re pinta esa",felixhope420,argentina,-3,2022-10-03 17:47:47,t3_xuu4ic,t3_xuu4ic,comment
iqxpzz7,"Llama a afip y decile que hay una ferretería que vende todo en negro y no tiene posnet. No falla, es peor que robarle",[deleted],argentina,-4,2022-10-03 18:23:34,t3_xuu4ic,t3_xuu4ic,comment
iqxsewa,"Denuncialo, deci que dijo que son 8000 y listo",Legoleamela,argentina,1,2022-10-03 18:40:07,t3_xuu4ic,t3_xuu4ic,comment
iqy1w66,Prendele fuego el cantero.,Conejiyo,argentina,1,2022-10-03 19:48:56,t3_xuu4ic,t3_xuu4ic,comment
iqy2oa1,"amigo andá de noche con un bidon de nafta y prendelo fuego, que tanto pa demostrale quien manda en el barrio",[deleted],argentina,1,2022-10-03 19:54:49,t3_xuu4ic,t3_xuu4ic,comment
iqy5ycy,Fuego,RudyColors94,argentina,1,2022-10-03 20:20:07,t3_xuu4ic,t3_xuu4ic,comment
iqy8xhn,hacele pija el cantero del orto ese,RealOngoBoingo,argentina,1,2022-10-03 20:43:15,t3_xuu4ic,t3_xuu4ic,comment
iqygfvv,https://youtu.be/hN_-HWJuY1E,magnitou,argentina,1,2022-10-03 21:41:49,t3_xuu4ic,t3_xuu4ic,comment
iqylb8t,"Cogete el cantero, entonces cada vez que pases te va a mirar enamorado y el ferretero se va a poner re celoso.",eLParty20,argentina,1,2022-10-03 22:18:25,t3_xuu4ic,t3_xuu4ic,comment
iqymrsn,Me parece que ya fue,sambalee9485,argentina,1,2022-10-03 22:29:09,t3_xuu4ic,t3_xuu4ic,comment
iqypjxt,Y la foto?,Big-Machine1707,argentina,1,2022-10-03 22:50:02,t3_xuu4ic,t3_xuu4ic,comment
iqyrsvn,"Disco de meo.

O hacete amigo, llevale una cerveza y arreglale vos el cantero.

O mejor todavía, disco de meo.",guillote1986,argentina,1,2022-10-03 23:07:00,t3_xuu4ic,t3_xuu4ic,comment
iqytslq,Disco de meo,onerandomcharacter,argentina,1,2022-10-03 23:22:17,t3_xuu4ic,t3_xuu4ic,comment
iqywx2k,"pasame la direccion del lugar por favor, espero...",oscarguille,argentina,1,2022-10-03 23:46:32,t3_xuu4ic,t3_xuu4ic,comment
iqz01q4,Amiiiiiigo si sale con una Stilson que sea con una bahco así se la afanas y se va a la quiebra jajajaj,corneliodelrancho-,argentina,1,2022-10-04 00:11:59,t3_xuu4ic,t3_xuu4ic,comment
iqz5676,Disco de meo,Upstairs-Smile4615,argentina,1,2022-10-04 00:58:08,t3_xuu4ic,t3_xuu4ic,comment
iqzraeo,"nadie se va a caer en ese cantero pedorro y se va a atravesar de lado a lado no mariconees, si te jode, agarras y sacas todo a la mierda y haces dos cosas: O haces un cantero nuevo o te dejas de joder, además, quién carajo piensa en hacer una denuncia con la policía por un cantero ?¿?¿ estamos en argentina, es la peor perdida de tiempo",[deleted],argentina,1,2022-10-04 05:34:44,t3_xuu4ic,t3_xuu4ic,comment
iqzuf9w,Avientale tus heces,CanelonDePollo,argentina,1,2022-10-04 06:21:33,t3_xuu4ic,t3_xuu4ic,comment
iqzvpwa,Anda a pedirle el cosito ese del baño... y si te caga a trompadas es tu culpa,PlasticContact2137,argentina,1,2022-10-04 06:40:27,t3_xuu4ic,t3_xuu4ic,comment
iqzz85m,Por qué esa manía de romperle las bolas a la gente por todo?. Que generación de pelotudos han criado.,[deleted],argentina,1,2022-10-04 07:27:50,t3_xuu4ic,t3_xuu4ic,comment
ir01t6d,Disco de meo,emptysettho,argentina,1,2022-10-04 07:59:33,t3_xuu4ic,t3_xuu4ic,comment
ir04jw0,Lo redactaste con los pies,AsimovWolf,argentina,1,2022-10-04 08:29:58,t3_xuu4ic,t3_xuu4ic,comment
ir04tw4,"No tenes que hacer nada flaco, pero es asi la cosa, la gente se toma que la vereda es de ellos, y la vereda es algo publico, no podes poner las mierdas que vos quieras, y la otra cosa es que la gente que pone algo lindo los negros villeros lo roban o lo rompen, y por otro lado,los que pasean perros dejan mierda por todos y mucha veces no controlan ni donde mea el perro, yo e visto varios que dejan que el perro se heche un meo en las puertas y no da, yo paseo todos los dias a mi perro que es un puto enfermo de mierda , pero me llevo la bolsa y siempre mea en el pasto, pero bueno cada cual sabra, el tema es que es una boludes iniciar una pelea por eso, y aparte muchas veces no importa el motivo del algo, si no el como se dice, tenemos que medir el tono y la forma al hablar,saludos y si no pones fotos del cantero significa que sos alto cagon",Resident-Shine-8357,argentina,1,2022-10-04 08:32:53,t3_xuu4ic,t3_xuu4ic,comment
ir09zkh,"Yo creo que lo mejor es que escribas bien, porque me dio un cáncer leer y adivinar lo que querías decir. 

Más allá de eso, si los clavos realmente están expuestos, habría que sacarlos.",Velian7,argentina,1,2022-10-04 09:22:42,t3_xuu4ic,t3_xuu4ic,comment
ir0lmvy,"Ósea vos lo q queres es sacarte la bronca sin consecuencias y no vas a terminar q haciendo nada por miedo, como el 99% de las hormigas de este país.",Estinocaico,argentina,1,2022-10-04 10:56:02,t3_xuu4ic,t3_xuu4ic,comment
ir0owud,me quiso cagar el vuelto hace un año jajajajajaj,[deleted],argentina,1,2022-10-04 11:19:26,t3_xuu4ic,t3_xuu4ic,comment
ir0ykc0,Antes de que te digamos que hacer: foto del cantero,p42ch0,argentina,1,2022-10-04 12:24:05,t3_xuu4ic,t3_xuu4ic,comment
ir11pjn,"Culeate a la mujer, y despues le decis al tipo: ""ASI TENIAS QUE ENTERRARLA""",JuanitoRainbow,argentina,1,2022-10-04 12:44:05,t3_xuu4ic,t3_xuu4ic,comment
ir12ibi,"Creo que a veces se pica rápido. Es una lástima que siendo el ferretero no hayan organizado traer un martillo y acomodar el cantero.
Seguro que ninguno de los 2 quería que se pique pero bueno...
Edit: op, no da acercarte con tu martillo y hablarle bien para decirle ""che voy a arreglar los clásicos salidos""?
Avisanos como termina",Elereo,argentina,1,2022-10-04 12:49:15,t3_xuu4ic,t3_xuu4ic,comment
ir1565t,Conseguite un problema honesto,KindheartednessNo486,argentina,1,2022-10-04 13:06:22,t3_xuu4ic,t3_xuu4ic,comment
ir1ab97,y vos quien sos? el inspector de canteros? gil de goma,Acrobatic-South-9558,argentina,1,2022-10-04 13:38:53,t3_xuu4ic,t3_xuu4ic,comment
ir1e1hh,"Proba buscándote una vida. 
Empezá por ahí y después fíjate si te queda tiempo para practicar tu hobby de inspector de canteros.",mumuchenko,argentina,1,2022-10-04 14:02:13,t3_xuu4ic,t3_xuu4ic,comment
ir1ita7,"Es jurisdiccion de la Municipalidad la Vereda, avisa que hay un Cantero con Clavos oxidados y caen al siguiente dia, pierden juicios por veredas en mal estado. Fuente: mi primo se cayo desde una moto a un cordon cuneta y se hizo percha el riñon, alto juicio cobro hace años...",emiesteban,argentina,1,2022-10-04 14:32:27,t3_xuu4ic,t3_xuu4ic,comment
ir1r22o,"Aprende a escribir, pibe",[deleted],argentina,1,2022-10-04 15:24:26,t3_xuu4ic,t3_xuu4ic,comment
ir1tb0u,"tu metodo proviene de la gran leyenda vieja chicha hincha pelotas.. deberias tener un metodo mas potente, como que te tropiezes,  sacarte un ojo con ese clavo y hacer la denuncia..   


No te olvides de filmar si no nadie te va a creer...",between77,argentina,1,2022-10-04 15:38:32,t3_xuu4ic,t3_xuu4ic,comment
iqxpr86,Esperamos el edit con la foto,Honky-Tom,argentina,31,2022-10-03 18:21:56,t1_iqxgfsn,t3_xuu4ic,comment
iqxhkvy,Jajajaja puedo sacarle,eneltercereje,argentina,-48,2022-10-03 17:28:12,t1_iqxgfsn,t3_xuu4ic,comment
iqxndww,"""Me acabo de pelear con uno que pasea el perro y te lo muestro""",ultramenemista,argentina,79,2022-10-03 18:05:53,t1_iqxij8f,t3_xuu4ic,comment
iqyd92o,"Soy la Stilson que está en la vidriera hace 27 años, pensé que el bobinas este que entró a trabajar hace 1 año iba a cumplir mi sueño de incrustarme en el craneo de alguien, hoy pensé que se me daba pero resultó ser alto nabo... Hasta amenazó con llamar a la policia.",Alarming-Historian41,argentina,25,2022-10-03 21:17:03,t1_iqxij8f,t3_xuu4ic,comment
iqycemj,"""Un kirchnerista vino con el perro a mear enfrente de mi casa y te lo tromues""",Fantastic-Repeat-618,argentina,8,2022-10-03 21:10:28,t1_iqxij8f,t3_xuu4ic,comment
ir0lp6h,"Si la version del ferretero esta minimante bien redactada, listo, gano.",Floyd1711,argentina,2,2022-10-04 10:56:29,t1_iqxij8f,t3_xuu4ic,comment
ir14za3,"Estaba re tranqui en la ferretería tomándome unos mates, cuando veo por la ventana a un pibe haciendo mear a su perro en mi cantero.   
Sali a decirle en modo jocoso, ""se mando nomas"", como para que vea que no me tenia que mear el cantero. Entonces, el pibe me recrimino el estado del mismo, me lo agarro a patadas, me lo rompió, quise arreglarlo, y lo piso para hundirlo mas.   
Ahí fue que me enoje, le dije que se fuera y ahora me lo encuentro acá, queriendo vengarse.",JuanitoRainbow,argentina,2,2022-10-04 13:05:07,t1_iqxij8f,t3_xuu4ic,comment
iqy8el2,Distinguir cuando estaba citando textualmente algo que se dijo fue un verdadero desafío,vigbrand,argentina,43,2022-10-03 20:39:09,t1_iqxoahg,t3_xuu4ic,comment
iqxztns,"Venía a decir esto. Los signos de puntuación, chango.",Marambio1,argentina,32,2022-10-03 19:33:27,t1_iqxoahg,t3_xuu4ic,comment
ir137q9,"Yo entendí que el loco paseaba a su perro, a dicho perro le dieron ganas de orinar, entonces decidió hacerlo en un cantero precario armado con palets y clavos.  
El ferretero? salió del local y le dijo, se mando nomas (entiendo que se refiere a que el perro meo), entonces el dueño del perro no solo le dejo el ""cantero"" meado, sino que también le recrimino el estado del mismo pateándoselo y rompiéndolo.  
El ferretero se canso de la actitud del muchachito este, lo amenazo y el muchachito a los 10 segundos alzo a su perro y huyo de la escena del crimen con ansias de vengarse.  
Todo frustrado y enojado, decidió hacer un post para ver que le podía hacer al ferretero. Después de mearle el cantero, pateárselo y romperlo, parece que le quiere prender fuego el local.",JuanitoRainbow,argentina,8,2022-10-04 12:53:46,t1_iqxoahg,t3_xuu4ic,comment
iqytsik,"No se enoje señora, tómese su tecito y acuéstese",[deleted],argentina,-9,2022-10-03 23:22:16,t1_iqxoahg,t3_xuu4ic,comment
iqy5gbp,"Pero notaste la tensión entre los policías de asuntos internos?

/s",Weak_Bus8157,argentina,8,2022-10-03 20:16:12,t1_iqxoxlc,t3_xuu4ic,comment
ir14iq8,"Su perro le meo el cantero, se lo pateo, lo rompio y le recrimino el estado del mismo. Y ahora pregunta aca como vengarse del ferretero.  
Básicamente, le dijo al ferretero, che! a ver si arreglas este cantero que mi perrito no mea en cualquier lado.",JuanitoRainbow,argentina,3,2022-10-04 13:02:08,t1_iqxoxlc,t3_xuu4ic,comment
iqy1dws,Ni que fuera el sobrino viviendo en Santiago del Estero,Fernanditennn,argentina,1,2022-10-03 19:45:06,t1_iqxm2h8,t3_xuu4ic,comment
iqxhuhc,Compra la gelatina hecha,[deleted],argentina,21,2022-10-03 17:29:57,t1_iqxgbro,t3_xuu4ic,comment
iqxr246,Seguro deja teresos del perro en toda la cuadra y no la junta,Spetsimen,argentina,16,2022-10-03 18:30:47,t1_iqxgbro,t3_xuu4ic,comment
iqy03a2,Ésto son papas fritas a caballo de verdad...,convertedNormie,argentina,10,2022-10-03 19:35:27,t1_iqxgbro,t3_xuu4ic,comment
iqyeuam,Tiene toda la pinta de ser un cliente bien hincha pelotas,megalogo,argentina,3,2022-10-03 21:29:32,t1_iqxgbro,t3_xuu4ic,comment
iqye83o,un cuento chino ?,Alec_Nimitz,argentina,2,2022-10-03 21:24:42,t1_iqxgbro,t3_xuu4ic,comment
iqz29wj,[removed],[deleted],argentina,6,2022-10-04 00:31:22,t1_iqxy8qi,t3_xuu4ic,comment
iqxo1w6,"guarda con lo que decis o su perro (me la juego a un pug) le agarra un ataque cardiaco   
fun fact : murio por falla respiratoria",Tokita_Caju,argentina,14,2022-10-03 18:10:26,t1_iqxh5kb,t3_xuu4ic,comment
iqy97pz,"Hermoso, el mundo como soñaba John Lenon, ojalá fuera verdad lo que decis.",BoredMerengue,argentina,21,2022-10-03 20:45:31,t1_iqxivjh,t3_xuu4ic,comment
iqylt6y,"O aunque mas no sea, que vaya con un martillo y clave los clavos sobresalidos...

Se termina el problema",KamusdeAcuario,argentina,6,2022-10-03 22:22:00,t1_iqxivjh,t3_xuu4ic,comment
iqxhwse,Yo no elijo el cantero que mea el perro pero bueno,eneltercereje,argentina,-77,2022-10-03 17:30:22,t1_iqxgnan,t3_xuu4ic,comment
ir26dwl,"Y no le dio vuelto hace un año, eso es mucho muy importante",[deleted],argentina,1,2022-10-04 16:58:58,t1_iqxgnan,t3_xuu4ic,comment
iqxhhi8,"Exactamente y quería ver qué pensaban los rediturros que están para leer esto, y ese intento de cantero siempre me molestó",eneltercereje,argentina,-41,2022-10-03 17:27:35,t1_iqxgjm2,t3_xuu4ic,comment
ir21ng1,Sos el cantero,[deleted],argentina,4,2022-10-04 16:30:03,t1_iqy87gf,t3_xuu4ic,comment
iqxzgg4,pinta mi cerca!,Cascotazo,argentina,9,2022-10-03 19:30:42,t1_iqxk8mb,t3_xuu4ic,comment
iqy6ysy,Ese vuelto estaba rancio!,PorterOneTwo,argentina,3,2022-10-03 20:27:50,t1_iqxk8mb,t3_xuu4ic,comment
ir15h3g,"Viste el video del que dice: es un segundo, menos, y se le rompe igual?",SiguientePregunta,argentina,2,2022-10-04 13:08:16,t1_iqz3xdm,t3_xuu4ic,comment
iqxpqlo,"Y cómo no te van a sacar cagando si no las sabés ni nombrar? /s

*Inserte meme del Capitán América con ""I understood that reference"" aquí*",berserker_b2k,argentina,4,2022-10-03 18:21:49,t1_iqxojm6,t3_xuu4ic,comment
iqxq3zo,"A ver cuántos días pasan hasta ""hola, soy un clavo que sobresalía y un tipo con un perro me pisó para ponerme a nivel""",berserker_b2k,argentina,10,2022-10-03 18:24:20,t1_iqxjttq,t3_xuu4ic,comment
ir3s627,"Esas son las respuestas que uno espera en reditt, es para un capítulo de los simuladores devaluados.

Desde cuándo el perro mea tierra en un lugar que no es de paso y está prohibido, donde queres que mee, en un baño?
Le preocupa que se muera su planta?

Parece que en Reddit piensan que al mear un árbol lo está matando.",eneltercereje,argentina,1,2022-10-04 23:58:27,t1_iqy0ive,t3_xuu4ic,comment
iqxhphg,Uy qué bueno este usuario tiene tag de rediturro pero no puedo entender su idioma.,eneltercereje,argentina,-13,2022-10-03 17:29:02,t1_iqxg7i2,t3_xuu4ic,comment
iqxpwq1,"Yo no la cambio por nada

Cuando empieza a cabalgar",berserker_b2k,argentina,5,2022-10-03 18:22:57,t1_iqxlems,t3_xuu4ic,comment
iqzvx8n,Capusoto so vo?,Kenzoar,argentina,2,2022-10-04 06:43:20,t1_iqysark,t3_xuu4ic,comment
iqzw2am,"Yo estuve baneado un mes por una gilada y estoy empezando a pensar q no debí volver una mierda, lleno de traumados está este sub.",SergioP75,argentina,5,2022-10-04 06:45:12,t1_iqy62qo,t3_xuu4ic,comment
ir40w48,"Claro por que yo tengo que sacar los clavos , desde cuándo es mí problema.

Si el tipo no siquiera reconoce que esté bien",eneltercereje,argentina,1,2022-10-05 01:19:02,t1_iqzfi9j,t3_xuu4ic,comment
iqxl5y9,">Si no tenes tenaza comprate una,

En otra ferretería que no sea la que estás haciendo quilombo*",blanma,argentina,10,2022-10-03 17:51:20,t1_iqxh0yk,t3_xuu4ic,comment
iqxt928,DE,alebils,argentina,1,2022-10-03 18:45:57,t1_iqxpedq,t3_xuu4ic,comment
iqxtng8,"Por otro lado, porque dejas que el perro mee en cualquier lado. Yo que el ferretero me resbaló con el meo, y te hago una denuncia. O te quiebro la rodilla.",[deleted],argentina,4,2022-10-03 18:48:47,t1_iqxtgk7,t3_xuu4ic,comment
iqy6n95,"Se le van a cagar de risa en cara al pobre pibe en municipalidad.

Que ganas de joder que tienen algunos.",[deleted],argentina,0,2022-10-03 20:25:23,t1_iqxglgy,t3_xuu4ic,comment
iqz3hpe,No podés estar mas al pedo,DecentVolume2958,argentina,1,2022-10-04 00:42:14,t1_iqxglgy,t3_xuu4ic,comment
iqxhx95,Que malote,[deleted],argentina,6,2022-10-03 17:30:27,t1_iqxhhvm,t3_xuu4ic,comment
ir458ag,"Jaja la denuncia anónima no existe igual,  y si no da para pelear pero uno se enoja y yo se que es una boludez",eneltercereje,argentina,1,2022-10-05 02:05:17,t1_iqxus3h,t3_xuu4ic,comment
iqy7bo6,"De hecho, es hacer que le roben.",PorterOneTwo,argentina,1,2022-10-03 20:30:37,t1_iqxpzz7,t3_xuu4ic,comment
iqzbr1n,Crónica al día siguiente: hombre y su perro mueren calcinados por boludos! Estaba prendiendo fuego 3 maderas en la vereda y cuando quiso huir se quedó enganchado del pantalón con un clavo salido!... El perro quedó asado por ponerse a orinar el cadáver de su dueño.,Dragon_Cross,argentina,3,2022-10-04 02:05:58,t1_iqy2oa1,t3_xuu4ic,comment
ir45jdm,Jajaja es buena,eneltercereje,argentina,1,2022-10-05 02:08:45,t1_iqz01q4,t3_xuu4ic,comment
iqzvjor,Con una tirachinas!,SergioP75,argentina,2,2022-10-04 06:37:56,t1_iqzuf9w,t3_xuu4ic,comment
ir45m7i,Todo escala siempre,eneltercereje,argentina,1,2022-10-05 02:09:40,t1_ir04tw4,t3_xuu4ic,comment
ir42ura,"Y pero yo lo primero que le pregunté es de quién era el cantero y no era de el decía.
No vine a destruirlo jaja, a veces pienso que es mejor no dialogar y tirar todo eso al container de noche sin mediar palabra.
Casi siempre es al pedo hablar.

Yo nunca pensé que iba a terminar peleando y la verdad que me parece ridículo pelear por eso y la situación, a veces no sé porque me enojo tanto por giles.

Yo tengo pensado decirle al otro ferretero que su empleado es un ridículo que me amenaza haciendo que busca una herramienta, que espero que sea para sacar los clavos y que ese cantero lo van a sacar de la ciudad si está lleno de clavos, espero una semana y lo saco de noche después lo saludo y le digo que lindo está el cantero disfrutandolo mucho.

Entiendo que puede terminar en una piña directa entonces necesito alguien filmarlo para denunciarlo si lo intenta.

Si me dicen cagón me chupa un huevo el cagón es el por no aceptar el cantero, por la policía y por hacerse el malo yendo a buscar algo a la ferretería.
Le tendría que haber dicho , ahh vas a buscar una herramienta para sacar los clavos,?


La verdad pensaba sacarlo de noche y fue más facil",eneltercereje,argentina,1,2022-10-05 01:39:26,t1_ir12ibi,t3_xuu4ic,comment
ir45n7i,"Estamos en reddit, me voy a quejar de la enconomia? Por suerte puedo tener un perro",eneltercereje,argentina,1,2022-10-05 02:09:59,t1_ir1565t,t3_xuu4ic,comment
ir4249y,"Acá los cráneos del consorcio (son 3 viejas con muchísimo más tiempo que yo) hicieron un cantero con fierritos soldados con plata del fondo común sin reunión ni nada para sacarlo a los 3 meses porque se cayó un borracho y casi se parte la espalda, quedó en video y todo porque las argolludes ven mucho noticiero a diario y viven mirando las camaras que hicieron instalar para acusar de cualquier cosa.
La última vez era alguien que cuando entro con el perro dejando barro entonces las viejas proponían que levanten los perros a UPA era la mínima consideración por la empatía social. Ese nivel de discusión intelectual.

Bueno lo sacaron y al tiempito estás ridículos ponen esa cosa que ni dignidad tiene porque está hecha sin ganas,  creo que clavos no debería faltarle con la ferretería en la puerta.

En fin por el posible juicio que te pueden hacer ya que el edificio es el que instalo algo extra potencialmente peligroso, yla vereda tampoco es solo del edificio ya es espacio público entonces es como instalar una potencial trampa en la vereda.

Ahí si el juicio le cae al edificio, es lo más divertido que le pegue a todo el consorcio por la decisión de unos pocos.

Yo escuché de un amigo el caso se un borracho en auto choca contra un cantero t logró hacer juicio por el cantero que no debería haber estado.


Todas las opciones son una paja. Si el cantero estuviera sin clavos ya me la fumo pero encima con clavos.

Ya denuncie por teléfono por el cantero y me pedían mis datos jaja",eneltercereje,argentina,1,2022-10-05 01:31:39,t1_ir1ita7,t3_xuu4ic,comment
iqxqlfr,Si no vuelve es porque le pusieron una llave de sombrero,Spetsimen,argentina,38,2022-10-03 18:27:36,t1_iqxpr86,t3_xuu4ic,comment
ir8ji2e,Cómo lo subo?,eneltercereje,argentina,1,2022-10-06 00:09:17,t1_iqxpr86,t3_xuu4ic,comment
iqxk7qf,y que esperas?,Rude-Interview4705,argentina,62,2022-10-03 17:45:12,t1_iqxhkvy,t3_xuu4ic,comment
ir1eskz,Llevas 20 horas atrasado master,[deleted],argentina,2,2022-10-04 14:07:04,t1_iqxhkvy,t3_xuu4ic,comment
iqy134s,"Y después ""vi a dos giles peleándose por unas maderas que tire en la vereda del frente y te lo tocuen""",Fernanditennn,argentina,31,2022-10-03 19:42:52,t1_iqxndww,t3_xuu4ic,comment
iqyq01k,Yo también estaria enojado si el ferretero se mete a mear al cantero.,Shugarcloud,argentina,28,2022-10-03 22:53:24,t1_iqy8el2,t3_xuu4ic,comment
ir3n4oz,"Visto así, el pibe hace quedar como un santo al mismísimo Julian Weich",Vukination,argentina,1,2022-10-04 23:16:47,t1_ir137q9,t3_xuu4ic,comment
iqy537u,Todo para decir que su perro tiene para comer.,Weak_Bus8157,argentina,2,2022-10-03 20:13:22,t1_iqxr246,t3_xuu4ic,comment
iqy6rfs,"Era un intento de vereda, no pasa nada.",PorterOneTwo,argentina,1,2022-10-03 20:26:15,t1_iqxr246,t3_xuu4ic,comment
iqyfecn,Yup,Routine_Shine_1921,argentina,1,2022-10-03 21:33:53,t1_iqye83o,t3_xuu4ic,comment
ir3n7ah,"Tuvo un mal día, cual hay?",Vukination,argentina,1,2022-10-04 23:17:22,t1_iqz29wj,t3_xuu4ic,comment
ir44mai,"Ya había pero Larreta lo sacó, si, nos cobró ABL para sacarlo.

No hay salida",eneltercereje,argentina,1,2022-10-05 01:58:31,t1_iqy97pz,t3_xuu4ic,comment
iqxkaoy,Pero sos su dueño y responsable de sus actos.,100percentthis,argentina,57,2022-10-03 17:45:44,t1_iqxhwse,t3_xuu4ic,comment
iqy32mg,"Sos el dueño, pelotudo",Ok-Trade6799,argentina,22,2022-10-03 19:57:51,t1_iqxhwse,t3_xuu4ic,comment
iqxkay4,"como que no, no lo dejas acercar y listo o sos de esos limitados que van con el perro suelto?",[deleted],argentina,32,2022-10-03 17:45:46,t1_iqxhwse,t3_xuu4ic,comment
iqy3nmi,Te saca a pasear a vos el perro entonces?,Breete,argentina,13,2022-10-03 20:02:21,t1_iqxhwse,t3_xuu4ic,comment
iqy3991,"Jaja como que no?  Si le hablas o le tiras de la correa, el perro sigue caminando...",[deleted],argentina,7,2022-10-03 19:59:16,t1_iqxhwse,t3_xuu4ic,comment
iqypyx4,"Yo no elijo a que nene quiere morder el perro pero bueno

Ahí te das cuenta?",antiparras,argentina,7,2022-10-03 22:53:10,t1_iqxhwse,t3_xuu4ic,comment
iqxjzwx,qué al pedo que estás mi rey,Blizfire,argentina,19,2022-10-03 17:43:47,t1_iqxhhi8,t3_xuu4ic,comment
iqxk4ak,"Arregla el cantero o hace uno nuevo, por que para satisfacer tu ""necesidad"" tenes que desarmar un cantero choto pero cantero al fin, sos familiar de larreta vos o que?",Dersoc,argentina,10,2022-10-03 17:44:34,t1_iqxhhi8,t3_xuu4ic,comment
iqy58wt,"Obligame!

/s",Weak_Bus8157,argentina,7,2022-10-03 20:14:36,t1_iqxzgg4,t3_xuu4ic,comment
iqxrhac,r/amitheasshole,elsultan,argentina,5,2022-10-03 18:33:43,t1_iqxhphg,t3_xuu4ic,comment
ir4h784,"vos no tenes que sacar nada, es algo que te estas adjudicando vos, en todo caso llama a la policia o hace la denuncia correspondiente si te parece que vale la pena.

Lo lindo de mucha gente es que se cree buen vecino buen ciudadano, hace las cosas por mano propia, depues ponele que te clavas la mano y vas al hospital a consumir recursos que pagamos todos.",[deleted],argentina,1,2022-10-05 04:39:57,t1_ir40w48,t3_xuu4ic,comment
ir07l4k,ese es el objetivo...,[deleted],argentina,1,2022-10-04 09:00:16,t1_iqy6n95,t3_xuu4ic,comment
ir4kxjm,"No creo que sea una boludez porque es serio que alguien deje tablas con clavos en la calle, por menos han hecho mas quilombo, pero el tipo es un hijo de puta",Mistilt,argentina,1,2022-10-05 05:35:32,t1_ir458ag,t3_xuu4ic,comment
iqy2grb,"""Soy un pallet, Un perro me meo y me sacaron los clavos y dos Giles de pelearon por mi megapost""",ultramenemista,argentina,37,2022-10-03 19:53:13,t1_iqy134s,t3_xuu4ic,comment
ir1ex54,No meo al perro ?,[deleted],argentina,2,2022-10-04 14:07:51,t1_iqyq01k,t3_xuu4ic,comment
iqy3i2m,[deleted],[deleted],argentina,-30,2022-10-03 20:01:08,t1_iqxkaoy,t3_xuu4ic,comment
iqzuvpw,"Gracias, venía a esto. Igual no me quedaré con las ganas de llamar al OP pelotudo: OP si lees esto, sos terrible pelotudo",[deleted],argentina,3,2022-10-04 06:28:18,t1_iqy32mg,t3_xuu4ic,comment
iqy33gb,"Ufffff me parece que op es de los que los sacan sin correa, si es así, los mogólicos de está historia son dos.",[deleted],argentina,14,2022-10-03 19:58:01,t1_iqxkay4,t3_xuu4ic,comment
iqy19t7,Pedo que al que rey mí estas,Fernanditennn,argentina,6,2022-10-03 19:44:15,t1_iqxjzwx,t3_xuu4ic,comment
iqy6ihj,"Esto mismo. Tocale el cantero a la persona equivocada, por más clavos salidos que tenga, por más ""intento"" de cantero que te parezca, y vas a tener que dictarle a Siri tus preguntas en reddit.
La sacaste barata, sommelier de canteros.",PorterOneTwo,argentina,5,2022-10-03 20:24:23,t1_iqxk4ak,t3_xuu4ic,comment
iqyj2e1,devuelveme mis bizcochos ladino!,Cascotazo,argentina,2,2022-10-03 22:01:33,t1_iqy58wt,t3_xuu4ic,comment
iqy73rs,You're The Asshole,PorterOneTwo,argentina,5,2022-10-03 20:28:55,t1_iqxrhac,t3_xuu4ic,comment
ir45snq,Vos sabés lo que es traducir esto? Es más fácil el braile,eneltercereje,argentina,1,2022-10-05 02:11:43,t1_iqxrhac,t3_xuu4ic,comment
iqy32ev,Me llamo palito y soy un clavito clavado en un pallet que se autoidentifica como cantero y esta es mi historia,coyoteazul2,argentina,19,2022-10-03 19:57:48,t1_iqy2grb,t3_xuu4ic,comment
iqy4ynd,"'...y te lo cuento.'

Despedite de tu cuenta, noble OP lince de las praderas de MDF.",Weak_Bus8157,argentina,4,2022-10-03 20:12:24,t1_iqy2grb,t3_xuu4ic,comment
ir1decg,"""Soy un perro y casi me pincho el pito con un pallet lleno de clavos que alguien dejo tirado en la vereda, pais de mierda me voy a ir a españa.""",Affectionate-Cloud72,argentina,2,2022-10-04 13:58:13,t1_iqy2grb,t3_xuu4ic,comment
iqy9k94,"Amo los animales pero junten los soretes de perro hijos de mil puta! Todas las veredas cagadas, parecemos inglaterra antes de la peste negra",BoredMerengue,argentina,14,2022-10-03 20:48:17,t1_iqy3i2m,t3_xuu4ic,comment
iqy43ow,"y seguro el perro no le da ni 5 de pelota, pero se hace el superado diciendo que es un alma libre. 

Seguro tiene un caniche",[deleted],argentina,9,2022-10-03 20:05:45,t1_iqy33gb,t3_xuu4ic,comment
iqy6e4h,que al rey que estás mí pedo,joe_walachi,argentina,4,2022-10-03 20:23:27,t1_iqy19t7,t3_xuu4ic,comment
iqyzk2y,"No lo hice entonces, y no lo haré ahora: obligame!",Weak_Bus8157,argentina,2,2022-10-04 00:07:54,t1_iqyj2e1,t3_xuu4ic,comment
iqy9dju,"que pedo mi rey, estas al que",sk8avp,argentina,4,2022-10-03 20:46:49,t1_iqy6e4h,t3_xuu4ic,comment
