id,text,author,subreddit,score,created_utc,parent_id,link_id,type
m7pqzlw,"""Yo no manejo dólares"" dice el notero jajaj

Seguro que el sobre que acepta para vender su dignidad tiene bolívares digitales...",pripyaat,argentina,715,2025-01-17 20:23:12,t3_1i3tiw7,t3_1i3tiw7,comment
m7ptkgx,"Que asco como estos mercenarios dicen ""yo no manejo dólares"" no te la cree nadie,estos ratas son los que más compran dólares y productos hechos por otros países...después al pobre hambreado de la vida le dicen ""apoya la industria nacional y ahorra en pesos""",Axys24,argentina,139,2025-01-17 20:37:50,t3_1i3tiw7,t3_1i3tiw7,comment
m7pq0yv,"Tal vez sea un pensamiento gordofóbico de mi parte, pero desde que bajó de peso me cae menos mal.",Old-Papaya-500,argentina,231,2025-01-17 20:17:48,t3_1i3tiw7,t3_1i3tiw7,comment
m7pyj0p,"Yo no manejo dólares, dice el notero... ni él se lo cree.",mdqseba,argentina,44,2025-01-17 21:06:06,t3_1i3tiw7,t3_1i3tiw7,comment
m7prz5z,"me parece una boludez eso de hacer de cuenta que una transacción en dólares es algo raro o nuevo, siempre se vendieron casas o campos por cientos de miles de dólares en efectivo y ahora porque vas a comprar unos chorizos lo quieren hacer ver cómo algo sorprendente? No entiendo realmente, me parece tan disparatado como con la inflación de Alberto todos hacían de cuenta que era normal, salía un billete nuevo que se devaluaba en una semana y no había protestas ni quejas, realmente me tengo que recordar que en Argentina muchas cosas no tienen sentido común",inflaciont,argentina,122,2025-01-17 20:28:46,t3_1i3tiw7,t3_1i3tiw7,comment
m7pptpx,¿Cuándo puedo pagar los electrónicos en dólares? Precio real del primer mundo me refiero.,[deleted],argentina,39,2025-01-17 20:16:41,t3_1i3tiw7,t3_1i3tiw7,comment
m7pxlem,"Banco al carnicero y los de C5N unos boludos si lo fueron a boludear pero digamos que Marra no es muy subjetivo, no demuestra mucho. 

Igual no le veo lo malo o sorprendente, el tipo acepta dólares, si alguno le va a comprar bien y sino que pierde el? Nada",Matias9991,argentina,19,2025-01-17 21:00:46,t3_1i3tiw7,t3_1i3tiw7,comment
m7pxkq8,"no explicaron 200 veces que no hay que convertir un carajo?

o sea si el tipo quiere vender a 1000 pesos y 10 dolares puede hacerlo tranquilamente. No es que se fija un precio en una de las monedas y se toma un tipo de cambio x según como queres pagar",Shiny5hoes,argentina,15,2025-01-17 21:00:41,t3_1i3tiw7,t3_1i3tiw7,comment
m7pwau0,"""proba este chorizo marra"" ""marra no llega con los dolares"" AJJAAJAJ",itslxcas,argentina,18,2025-01-17 20:53:17,t3_1i3tiw7,t3_1i3tiw7,comment
m7q9o58,"Yo no manejo dólares dice el oligofrénico del notero, que imbéciles que son, posta creen que la gente es idiota.",[deleted],argentina,9,2025-01-17 22:10:41,t3_1i3tiw7,t3_1i3tiw7,comment
m7qazbj,Fa hermano ese tipo si que la vio clara y mas si guarda al menos 1 año las crypto seguro le saca una buena ganancia,[deleted],argentina,3,2025-01-17 22:18:30,t3_1i3tiw7,t3_1i3tiw7,comment
m7txjnv,íbamos a cobrar en dolares y terminamos pagando en dolares,redondeo,argentina,2,2025-01-18 14:20:59,t3_1i3tiw7,t3_1i3tiw7,comment
m7zg1mt,"Digo, que problema hay que acepte dolares???. Si al tipo le sirve que le paguen con piedras o cartas de digimon y al tipo le sirve nadie tendría que impedírselo, es su mercadería.",MadMaxiAr,argentina,2,2025-01-19 11:27:12,t3_1i3tiw7,t3_1i3tiw7,comment
m7ptm7p,"Pero en todos los negocios se aceptan dolares, que paguen con dolares es difrente",[deleted],argentina,4,2025-01-17 20:38:07,t3_1i3tiw7,t3_1i3tiw7,comment
m7qc0m8,"Banda de 1 dolar tenía, yo veo puros de 100 y algunos de 10 20 y 5 por igual, de 1 dolar pocos y ninguno",Fluffy_Turnover,argentina,1,2025-01-17 22:24:43,t3_1i3tiw7,t3_1i3tiw7,comment
m7qvhvd,"Si al chacho, no al dólar le faltó decir al notero de c5n",drberlin,argentina,1,2025-01-18 00:26:32,t3_1i3tiw7,t3_1i3tiw7,comment
m7vxxur,C5N ez malooooooo. Cuántos después de Marra fueron y pagaron en dólares? 0.,DGMD0001,argentina,1,2025-01-18 20:34:58,t3_1i3tiw7,t3_1i3tiw7,comment
m7ynze0,"Una vez vi a un economista de c5n decir que ""yo creo  y voy a apostar en el peso"". Todo esto cuando el dólar estaba 280",Separate_Train4189,argentina,1,2025-01-19 07:46:06,t3_1i3tiw7,t3_1i3tiw7,comment
m809na9,"Patético todo. Se gana en pesos, dejen de flashear pavadas.",Prestigious-Paper457,argentina,1,2025-01-19 13:55:28,t3_1i3tiw7,t3_1i3tiw7,comment
m80e0m7,"¿Qué son los dólares para los argentinos? AHORROS. Esta medida te invita a que tengas que darles tus ahorros. Por eso el costo de vida esta tan caro. ¿Qué hacen con esos dólares que le sacan a la gente del colchón? Se la lleva Caputo a sus socios financistas. Pero bueno, a algunos les cuesta entender la historia completa y se satisfacen con el show mediático.",[deleted],argentina,1,2025-01-19 14:16:01,t3_1i3tiw7,t3_1i3tiw7,comment
m82rofp,"Buena manera de deshacerse de los dólares de 1.
Pobre el carnicero cuando vaya al banco y lo cambie al oficial...",Sweaty-Assist-1283,argentina,1,2025-01-19 21:12:13,t3_1i3tiw7,t3_1i3tiw7,comment
m7v07ta,"No entiendo al argentino, todo el tiempo hablando de dolares y queriendo ser europeos y bla bla, ahh pero cuando existe una situación como esta se hacen los sordos, y entonces, donde estan los dolares que tanto alardean?",AshleyMdd,argentina,0,2025-01-18 17:38:10,t3_1i3tiw7,t3_1i3tiw7,comment
m7pswij,"Argentina históricamente siempre fue bimonetaria, las propiedades se pagan en dólares, los autos de gama alta también.

Ahora estan militando comprar un kilo de chorizos y pagar con dólares muchachos, totalmente baja la vara.

Marra? Ah si, el asesor del presidente que el único trabajo que se le conoce es en la empresa del padre, y estos hablaban de virgenes de CUIL? Bueeeeee",Sensei_Master_Yoda,argentina,-31,2025-01-17 20:34:05,t3_1i3tiw7,t3_1i3tiw7,comment
m7q9cep,Se pelean para ver quien es mas mala leche. Un tiro y a la bolsa x 2,Felajota00,argentina,-6,2025-01-17 22:08:44,t3_1i3tiw7,t3_1i3tiw7,comment
m7q4utl,"re espontaneo todo, eh. Billetes de 1 dolar que practicamente ni existen en el pais, cae el petiso con un fajo. Como les gusta chupar verga.",samidhaymaker,argentina,-44,2025-01-17 21:42:22,t1_m7pq55k,t3_1i3tiw7,comment
m7pvryl,"Cómo si fuera mala palabra, o algún tipo de droga, decir ""dólares""",HelveticaFont,argentina,112,2025-01-17 20:50:21,t1_m7pqzlw,t3_1i3tiw7,comment
m7q7dda,"Acá en Venezuela decían, ""a mí no me afecta la devaluación porque gano en Bolívares"".",On_The_Warpath,argentina,55,2025-01-17 21:57:01,t1_m7pqzlw,t3_1i3tiw7,comment
m7q1jcz,"Lo encontras en youtube como ""Ramiro marra compró carne en dolares""",Choice_Sentence_352,argentina,51,2025-01-17 21:23:16,t1_m7pq52h,t3_1i3tiw7,comment
m7qa7lw,"Traduzcase como ""sostene mi estilo de vida a costa de tu miseria"".

Por eso tambien joden con que devaluen; sus dolares no estan rindiendo tanto como quieren",Haganen,argentina,21,2025-01-17 22:13:54,t1_m7ptkgx,t3_1i3tiw7,comment
m7sy539,"El comentario de “yo no manejo dolares” es nefasto. Soy uruguayo y de izquierda (y de peñarol) y no entiendo bien que quiere que piensen de el cuando dice eso, alguien me lo explica? Pregunto en serio. Como que es un crack porque no tiene  dolares? Si es verdad seria un pelotudo ademas. O sea podes estar en contra de Milei pero tener un poco de educación financiera como para tener algunos dolares y no todo en pesos jaja.",CrookedFrank,argentina,12,2025-01-18 11:13:03,t1_m7ptkgx,t3_1i3tiw7,comment
m7q8xpj,yo tengo un negocio de baterias de autos/motos y hace dos años q hago ventas en dolares. Es bastante comun sobre todo con turistas,Jud4sp,argentina,7,2025-01-17 22:06:17,t1_m7prz5z,t3_1i3tiw7,comment
m7pu8y9,"Estas comparando transacciones inmobiliarias, q en cantidad son pocas, contra todo el resto de las transacciones de la diaria.",Izikiel23,argentina,21,2025-01-17 20:41:41,t1_m7prz5z,t3_1i3tiw7,comment
m7q2mg4,"Lo ideal sería que el tipo ponga los precios en dólares para evitar hacer esos cálculos, pero por algo se empieza.",spender-2001,argentina,12,2025-01-17 21:29:29,t1_m7pxkq8,t3_1i3tiw7,comment
m8c51x0,\>procede a usar el billete de $1000 pesos que vale menos,SS-SuperStraight,argentina,1,2025-01-21 09:21:04,t1_m7qox35,t3_1i3tiw7,comment
m7q0j15,Hasta hace poquísimo era ilegal publicar precios en dólares para consumidores finales.,spender-2001,argentina,15,2025-01-17 21:17:28,t1_m7ptm7p,t3_1i3tiw7,comment
m7pue81,"Mal, aca en donde vivo hay un montón joyerias, pollerias, mcdonalds, etc que aceptan dolares hace rato",Quiet_Afternoon,argentina,3,2025-01-17 20:42:30,t1_m7ptm7p,t3_1i3tiw7,comment
m7pv1if,"No se milita pagar chorizos... 

Se viene pagar TODO en lechugas

La dolarización está llegando, falta menos

![gif](giphy|lZd4oyt1EzC3C)",KamusdeAcuario,argentina,9,2025-01-17 20:46:11,t1_m7pswij,t3_1i3tiw7,comment
m7pwacp,Jsjs si no habia camara no le suelta un dolar el gordo,Exact_Size6677,argentina,131,2025-01-17 20:53:13,t1_m7ptzgu,t3_1i3tiw7,comment
m7pzqws,"Esto mismo! Se quieren hacer tanto los humildes y del pueblo que no se dan cuenta que hasta un empleado clase media puede comprar aunque sea 50-100 dólares por mes para hacer un pequeño ahorro. Históricamente fue así en Argentina, y ni hablar en los momentos de mayor devaluación/volatilidad del peso.

Es igual que los políticos que cuando ""declaran"" su patrimonio ponen que tienen 428 USD ahorrados y 800.000 pesos, cuando todos saben que cobran millones por mes.",pripyaat,argentina,77,2025-01-17 21:13:01,t1_m7pvryl,t3_1i3tiw7,comment
m7u96yo,"Es que el que tiene dolares es como se lo asocia al que tiene guita, clase alta, y entonces decir que no manejas eso, como que sos mas nacionalista, mas humilde y que estas conectado con el ""pueblo"".",Daguler,argentina,7,2025-01-18 15:18:45,t1_m7sy539,t3_1i3tiw7,comment
m7pwz1u,Sabes que otra cosa se compraba diariamente por dolares? Los pesos en las cuevas,-Haliax,argentina,47,2025-01-17 20:57:11,t1_m7pu8y9,t3_1i3tiw7,comment
m7pz3vs,Entiendo pero históricamente en este país se ahorro en dólares bajo el colchón y hacer una nota por una compra de 30usd? A quien queremos engañar?,inflaciont,argentina,9,2025-01-17 21:09:23,t1_m7pu8y9,t3_1i3tiw7,comment
m7qjs3v,"En los últimos tiempos de Massita publicaban en dólares cualquier cosa, como por ejemplo bicicletas usadas.",RRDD80,argentina,3,2025-01-17 23:11:58,t1_m7pu8y9,t3_1i3tiw7,comment
m7q31l5,"Hace poquito cuando?   
En 2022 yo trabajaba en un super de cajero y siempre estaba la opción de pagar en dólares y ciertas monedas extranjeras",[deleted],argentina,-7,2025-01-17 21:31:54,t1_m7q0j15,t3_1i3tiw7,comment
m7pvcya,"Dolarizar era cobrar en dólares, no pagar gastos corrientes en dólares.

![gif](giphy|XnObKxfjNrSkU)",Sensei_Master_Yoda,argentina,-15,2025-01-17 20:48:00,t1_m7pv1if,t3_1i3tiw7,comment
m7q4kbq,"El tipo en una nota dijo que dejaba dólares de propina porque el peso no vale nada, el entrevistador lo desafió a mostrar la billetera y efectivamente tenia dolares.",argenfemboy,argentina,181,2025-01-17 21:40:41,t1_m7pwacp,t3_1i3tiw7,comment
m8550p6,"Asi que cerra los cantas y anda para alla. El carnicero tiene una financiera en el local, no es nada nuevo, es como ir a un rapipago... no se que tiene de loco como para ser noticia, que ademas de cambiarte los dolares te vende la mercaderia?  no importa lo que te importa es q te dan papita a vos que sos un loro..",[deleted],argentina,0,2025-01-20 07:54:19,t1_m851lwg,t3_1i3tiw7,comment
m7q90hz,"Imaginate lo naturalizado que esta tener dólares en la Argentina que hasta esta la costumbre del ""dolar de la suerte"" en la billetera.",maxi2702,argentina,42,2025-01-17 22:06:45,t1_m7pzqws,t3_1i3tiw7,comment
m7pyxc1,"Exacto, yo cada vez que podía corría a la cueva a comprar pesos.",spender-2001,argentina,17,2025-01-17 21:08:22,t1_m7pwz1u,t3_1i3tiw7,comment
m7q8f57,"Ok, y?

La gente esos dólares los guardaba o los gastaba en una propiedad o los convertía a pesos para la diaria.

La nota te destaca q ahora podes usar dólares en la diaria, q antes no era legal o conveniente sin un paso intermedio.",Izikiel23,argentina,3,2025-01-17 22:03:14,t1_m7pz3vs,t3_1i3tiw7,comment
m7q3zho,"También podías pagar haciéndole un pete al dueño seguramente (si el dueño aceptaba), pero estaba prohibido poner los precios en góndola en dólares. (El cambio fue desde la asunción de milei para aca).

Me acuerdo que en la epoca del titere golpeador un comerciante (creo que de ropa) puso en vidriera unos precios en dólares, salió en la tele y acto seguido le cayó una inspección para clausurarlo.",spender-2001,argentina,12,2025-01-17 21:37:20,t1_m7q31l5,t3_1i3tiw7,comment
m7x9kkk,Que boludo. Si ahora tenemos un super peso,Full-Health3528,argentina,1,2025-01-19 00:56:37,t1_m7q4kbq,t3_1i3tiw7,comment
m7s97yn,Es por mala dieta. Yo tengo 40 y el año pasado bajé 12 kilos simplemente comiendo menos carbos y más proteína. Ahora peso 61 y estoy bastante flaco,grimgroth,argentina,1,2025-01-18 08:00:19,t1_m7qkbs8,t3_1i3tiw7,comment
m7rnnys,"Convengamos que esta transaccion de carne de marra por dolar no quedo registrada legalmente tampoco, por lo que es tecnicamente igual.",Mr_Frodo_,argentina,1,2025-01-18 04:13:26,t1_m7q8m2k,t3_1i3tiw7,comment
m7qcirq,"Nada me llama la atención el espamento como dije en mi primer comentario, es como una sociedad que no quiere aceptar algo que es evidente para todos, por ejemplo cuando Milei trajo el tema de la dolarización muchos sectores saltaron como leche hervida siendo que son también tenedores y transaccionan dólares, defiendo una moneda bajo el lema de soberania que su propio gobierno devaluaba día a día... Es muy hipócrita todo",inflaciont,argentina,3,2025-01-17 22:27:47,t1_m7q8f57,t3_1i3tiw7,comment
ma1mpig,"No funciona así, no podes bajar las tasas de interés sin la estabilidad económica que tiene que respaldarla, sinó va a ser poco atractivo para los inversionistas y te quedas sin un mango",[deleted],argentina,55,2025-01-30 14:42:11,t3_1ids7pg,t3_1ids7pg,comment
ma1u6m5,"Claro, bajá la tasa, saca un prestamo, empeza a comprar con los precios de hoy (inflado x3), avalas los precios que hay, vuelve la perdida de dolares y ahi si se va todo al infinito y mas allá",MikkelHan24,argentina,8,2025-01-30 15:16:21,t3_1ids7pg,t3_1ids7pg,comment
ma1rf6h,"Son unos visionarios bárbaros ustedes, con razón terminamos en un ajuste bestial. Por favor no salgan de las ciencias sociales, ahí pueden quedarse a pelotudear. La economía dejenla para personas capaces de usar la lógica.",[deleted],argentina,25,2025-01-30 15:03:36,t3_1ids7pg,t3_1ids7pg,comment
ma4iatr,"hablar de tasa sin tener en cuenta el millón y medio de demas variables, o al menos la inflación, es una pelotudez

Ahora, vos decis que el ultimo recorte se queda corto? y puede ser. 

que la inflación y la tasa deberían ser menores? y si, ojala se pudiera resolver toda la mierda de 10 años en 1

que el cepo te tergiversara la economía? y si, la idea es que no exista en algun momento",Shiny5hoes,argentina,2,2025-01-30 23:08:16,t3_1ids7pg,t3_1ids7pg,comment
ma1ngqf,"la tasa de interés se usa para regular la cantidad de dinero. Un aumento de la tasa de interés reduce la masa monetaria y viceversa. Seguiendo le pensamiento de este gobierno, la inflación es directamente proporcional a la cantidad de dinero, con lo cual una expansión monetaria redundaría en más inflación, corrida al dolar, etc, etc, aunque al principio genere consumo y mueva la economía un poco.

Lo de la gente tomando créditos a tasa de usura es más por ignorancia que por las tasas interbancarias

Igualmente coincido que no podés mantener estos niveles de tasas porque no hay proyecto de inversión que te aguante ni crédito razonable.",yoviagarrafa,argentina,2,2025-01-30 14:45:37,t3_1ids7pg,t3_1ids7pg,comment
ma1lb7o,"Y es un laberinto, si baja la tasa mucho la gente va al dolar, si no la toca tomar crédito o endeudarse va a seguir siendo caro. El problema es que con esta recesión mucha gente toma deuda para pagar la tarjeta o pagar deudas que arrastra... Fíjate que en el fima de Galicia si tenes 2 millones y medio te da $1800 por día nomas. Pero si queres sacar un préstamo te ensartan un interés de un 100% mensual (a veces te bajan 10 puntos) ",PomberitoFan,argentina,1,2025-01-30 14:35:45,t3_1ids7pg,t3_1ids7pg,comment
ma1ocqb,"Si bajas las tasas de interés, la gente va a empezar a hacer bollitos con los billetes nuevos de 20000 con la cara de Alberdi que este gobierno está imprimiendo a cuatro manos para mantener la inflación constante, y se taparían todas las cañerías.",[deleted],argentina,0,2025-01-30 14:49:36,t3_1ids7pg,t3_1ids7pg,comment
ma1jy2f,"Nos tenemos que concentrar como pais en tener una industria que nos sirva como pais, produccion local y exportacion con buen regimen tributario, por como va la cosa no va a haber mercado posible para vender nada a nadie. Desde el 2011 viene achicandose nuestra industria, con eso la economia, y la poblacion aumento... Deberiamos ingresar a los brics, asi nos estabiizamos en planes con paises que cumplen nuestro mismo rol en otras regiones del mundo",Silver-Ad2218,argentina,-10,2025-01-30 14:29:27,t3_1ids7pg,t3_1ids7pg,comment
ma1mlpu,"Pasa que si bajas la tasa rápido, los que están haciendo Bicicleta (no yo ni vos, empresas grandes e inversores instituciones), ante la duda se van a dólar

En un libre mercado, la cotización se ajustaría a la demanda del mercado, pero en un esquema de tablita cambiaría, con intervención en el dólar ""a la Massa"", te rompe el esquema si hay una corrida cambiaría",juanmaAV,argentina,-13,2025-01-30 14:41:43,t3_1ids7pg,t3_1ids7pg,comment
ma24xdb,"Tenés una tasa de interés del 2,6% mensual con crawling peg al 1% y inflación por debajo del 2% mensual.

Podes tranquilamente bajar la tasa al 24% anual y sigue siendo positiva frente a la inflación, e implicaría un menor uso de recursos públicos para pagar intereses.",milfenjoyer_69,argentina,-4,2025-01-30 16:05:16,t1_ma1mpig,t3_1ids7pg,comment
ma1v13o,Seguro que con la inflación que hay ahora tenés a todo el mundo buscando cambiar dólares por pesos para meterlos a plazo fijo...,sbd0223,argentina,-3,2025-01-30 15:20:16,t1_ma1mpig,t3_1ids7pg,comment
ma3gc2v,Boludin la economia es una ciencia social,Chelowin,argentina,-4,2025-01-30 19:45:46,t1_ma1rf6h,t3_1ids7pg,comment
ma1td84,Pero entonces la lógica cual sería? Seguir con una tasa alta y que la economía funcione sin crédito privado?,[deleted],argentina,-22,2025-01-30 15:12:35,t1_ma1rf6h,t3_1ids7pg,comment
ma1nb0a,"Te entiendo pero si la proyección es que la inflación baje y no bajas la tasa generas resección, además que te juega en contra porque no puede ser que la inflación que se espera sea de 18% según el presupuesto nacional y tengas la tasa al 32%.",[deleted],argentina,-16,2025-01-30 14:44:54,t1_ma1mf5z,t3_1ids7pg,comment
ma1p8wb,"Igual la bolsa no significa nada. Tan solo esta semana las acciones de Tesla subieron después de que anuncien que vendieron menos que nunca, y las de Nvidia se pegaron tremendo porrazo ante una noticia que nadie interpretó bien.

Es todo hype y especulación. Y acciones altas≠crecimiento.",ArgPod,argentina,0,2025-01-30 14:53:41,t1_ma1n0la,t3_1ids7pg,comment
ma1tyco,"Milei decía en campaña que iba a acabar con la inflación (un fenómeno meramente monetario) de un día para el otro, simplemente apagando la maquinita de imprimir billetes, que es la manera más fácil que tiene el Estado (su gobierno) de confiscar el poder adquisitivo a la gente.

Ya pasó más de un año. Y ni a Boudou se le había ocurrido mandar a imprimir tanto.",[deleted],argentina,-8,2025-01-30 15:15:18,t1_ma1ngqf,t3_1ids7pg,comment
ma26e6f,"Si pero armaste un presupuesto con 18% de inflación anual y la tasa del BCRA la tenés al 32, que quieren decir con eso?",[deleted],argentina,1,2025-01-30 16:12:06,t1_ma25j1f,t3_1ids7pg,comment
ma1rs63,Y sí. Un money market nunca te va a dar más que un plazo fijo.,[deleted],argentina,1,2025-01-30 15:05:16,t1_ma1lb7o,t3_1ids7pg,comment
ma25yno,"Si la tasa de referencia baja mas el peso se vuelve menos atractivo, sube la demanda de dolares y hay mas presion cambiaria, que es lo que el estado no quiere.

Además, con el crawling peg estan intentando contener la devaluación, si la tasa de interés baja mucho puede llevar a una fuga de capitales y el BCRA tiene que salir a vender, como lo vino haciendo durante las ultimas 3 presidencias.

Mirar videos sobre inversiones y usar iOL no se traduce a saber de economia, ese ""Tranquilamente pueden bajar la tasa de interes al 24%"" es ridículo.",[deleted],argentina,12,2025-01-30 16:10:06,t1_ma24xdb,t3_1ids7pg,comment
ma28ozj,"Y los pesos que están en el sistema bancario salen automáticamente a la calle. Esas medidas tienen consecuencias, están ahí por una razón.",Linw3,argentina,3,2025-01-30 16:22:38,t1_ma24xdb,t3_1ids7pg,comment
ma1w867,Las tasas de interes no son solo para inversiones regulares de homebanking,[deleted],argentina,6,2025-01-30 15:25:40,t1_ma1v13o,t3_1ids7pg,comment
ma23pt5,"No, de a poco va bajando la inflación y con ello la tasa, en un año la podemos ver mucho más abajo, pasa que muchos miran a corto plazo sobre todo los peronistas, tener una buena economía lleva tiempo, saludos.",libre06,argentina,11,2025-01-30 15:59:44,t1_ma1td84,t3_1ids7pg,comment
ma1pccf,Si el gobierno se apura y llega a tener que corregir se mete en un flor de quilombo y esa proyección se te duplica. Priorizar el crecimiento sobre la baja de inflación es el error de Macri otra vez.,BigZuko,argentina,20,2025-01-30 14:54:06,t1_ma1nb0a,t3_1ids7pg,comment
ma1q1bx,"Meh, jamás le daré bola a alguien que opina de economía y no sabe escribir recesión. Andá a reseccionar a otra sección.",FulanoMeng4no,argentina,16,2025-01-30 14:57:16,t1_ma1nb0a,t3_1ids7pg,comment
ma1sjwq,"La ”proyección” de éstos (que son los mismos que estaban con Macri) siempre fue “la inflación va a bajar” (y nunca bajó).
Criticaban a Cristina por intervenir el indec, y éstos hacen lo mismo.
En lugar de prestar atención a sus “proyecciones”, hay que prestar atención a sus verdaderos intenciones.",[deleted],argentina,-11,2025-01-30 15:08:49,t1_ma1nb0a,t3_1ids7pg,comment
ma1uuou,Pero la inflación tiene delay capo vos apagas la maquinita y recién al año y medio se nota el efecto por eso nos comimos la bomba del plan platita a principios de 2024,a1_on,argentina,4,2025-01-30 15:19:26,t1_ma1tyco,t3_1ids7pg,comment
ma1w3ir,"Bueno, desconozco el nivel de emisión del último año, si lo tenés sería una buen aporte a la discusión. Pero no me suena que haya más emisión relativa que con Alberto. Lo que queda claro es la estupidez que vivimos muchos años en donde te querían hacer creer que producir dinero sin respaldo era inocuo. La inflación es un fenómeno monetario.

Igualmente, la reducción de la inflación es uno de los pocos logros que se puede arrogar el gobierno, incluso si escuchás a economistas de la oposición (""no pero así cualquiera"" llegaron a decir). Ahora, lo de la ""maquinita"" es una simplificación. Hay muchas formas de crear dinero o retirarlo del mercado (lebacs, Lelics, encajes bancarios, etc, etc). Entonces, el problema no es la cantidad de dinero que puedas emitir o no sino la masa de dinero que hay en el mercado contra el volumen de la economía e intentar sanear esa relación es más o menos lo que va haciendo el gobierno.

La locura económica que hizo el Kirchnerismo en Argentina no la llevó adelante ni el país más comunista del mundo salvo regímenes falopa como Venezuela o algún país africano",yoviagarrafa,argentina,3,2025-01-30 15:25:06,t1_ma1tyco,t3_1ids7pg,comment
ma1zr2e,"De hecho desde hace un tiempo NO está más relacionada con las tasas de interés de los bancos privados. Los bancos pueden (y de hecho lo hacen) ofrecer menos tasa que la de referencia.

Pero de todos modos, la bajaron hasta acá y la estabilidad económica viene floja de papeles. Bajó un poco la inflación pero por ej hoy me enteré que echaron 300 empleados de Sancor.",sbd0223,argentina,-14,2025-01-30 15:41:43,t1_ma1w867,t3_1ids7pg,comment
ma3f61h,"Hay dos hechos que son reales Milei agarro la tasa en 135 y la llevo a 32 en 1 año, la inflación que espera el gobierno para este año es del 18 y la tasa aún está en 32 que mensaje da el gobierno al mercado con esto?",[deleted],argentina,0,2025-01-30 19:40:02,t1_ma31use,t3_1ids7pg,comment
ma1w2dq,"La inflación bajó, eso no se puede discutir. Tal vez no sea el número que sale, que es otra cosa. Y esto lo digo siendo un crítico de Milei, no un termo libertario.",[deleted],argentina,10,2025-01-30 15:24:57,t1_ma1sjwq,t3_1ids7pg,comment
ma24w5d,"Que tal la idea de que los bancos virtuales (Naranjas, Uala, MP) puedan ofrecer el servicio de cheques electrónicos? No digo que el Brain González pueda emitir 10 palos en cheques sin fondos, o sea pongamos un poco de regulación en ese tema y que lo ofrezcan como ofrecen tarjetas de crédito. Y así compiten también con eso con los bancos.",[deleted],argentina,0,2025-01-30 16:05:07,t1_ma1x7dp,t3_1ids7pg,comment
ma1x0bf,"Aaaaaah. Por eso no apagan la maquinita. O sea que si la apagaran hoy, recién a mediados del año que viene nos daríamos cuenta.
¡Debe ser una estrategia maestra para que la inflación baje justo antes de las próximas elecciones! ¡Qué capo! 🤤🍦",[deleted],argentina,-3,2025-01-30 15:29:12,t1_ma1uuou,t3_1ids7pg,comment
ma1ykj8,"Sólo señalo una contradicción en el discurso.
Las estadísticas del BCRA son de libre acceso.",[deleted],argentina,-2,2025-01-30 15:36:20,t1_ma1w3ir,t3_1ids7pg,comment
ma1nerc,"No veo mucha acciones en los demás presidentes anteriores o si? Pretendes que se haga ahora todo en este mandato, pero en 20 y pico de años se estuvieron metiendo la industria por el ogt. Anda palla bobo",Muster_the_rohirim,argentina,7,2025-01-30 14:45:22,t1_ma1mmea,t3_1ids7pg,comment
ma1qtw4,"A ver. ¿Y a dónde te pensás que va a ir?  
Ya dijeron que necesitaban la plata para pagar deuda. Endeudarse para pagar deuda y quedar más endeudado.  
Dicen que es la única solución. Pero en realidad una parte importante de esa guita termina siendo repartida entre los que compran dólar mayorista a un 15% más barato que el resto.  
Si te venden la bicicleta financiera significa que un financista te está bicicleteando.",[deleted],argentina,0,2025-01-30 15:00:53,t1_ma1mbo8,t3_1ids7pg,comment
ma356fr,"Fuente: Comic Sans

Hasta los diarios brasileños dicen que nadie quiere invertir en Brasil  
[https://www.riotimesonline.com/brazils-fading-appeal-to-foreign-investors/](https://www.riotimesonline.com/brazils-fading-appeal-to-foreign-investors/)  
[https://valorinternational.globo.com/markets/news/2024/06/18/domestic-uncertainties-now-deter-foreign-investors-from-brazil.ghtml](https://valorinternational.globo.com/markets/news/2024/06/18/domestic-uncertainties-now-deter-foreign-investors-from-brazil.ghtml)

Yapa:  
[https://www.infobae.com/economia/2024/12/01/brasil-sufre-un-exodo-de-inversores-que-ahora-miran-a-la-argentina-como-un-sustituto-ideal/](https://www.infobae.com/economia/2024/12/01/brasil-sufre-un-exodo-de-inversores-que-ahora-miran-a-la-argentina-como-un-sustituto-ideal/)  
[https://www.perfil.com/noticias/bloomberg/bc-el-alarmante-deficit-de-lula-aleja-a-los-inversionistas-de-brasil.phtml](https://www.perfil.com/noticias/bloomberg/bc-el-alarmante-deficit-de-lula-aleja-a-los-inversionistas-de-brasil.phtml)  
[https://www.internationaltaxreview.com/article/2duy1z1cv5dxapedtppts/direct-tax/scaring-away-foreign-investors-experts-criticise-brazil-digital-tax-plans](https://www.internationaltaxreview.com/article/2duy1z1cv5dxapedtppts/direct-tax/scaring-away-foreign-investors-experts-criticise-brazil-digital-tax-plans)",[deleted],argentina,1,2025-01-30 18:52:19,t1_ma34hx2,t3_1ids7pg,comment
ma221os,"La estabilidad economica no tiene nada que ver con la estabilidad de una empresa Privada (o Cooperativa autoregulada), el grupo Sancor está en deuda por casi 400 millones de dolares y hace decadas que tiene problemas financieros, en 2006 el gobierno VENEZOLANO le hizo un rescate financiero a cambio de leche en polvo e información tecnologica, sin mencionar que estan en deuda desde 1998.

Además, estas confundiendo (igual que OP) la tasa de politica monetaria (32%) con las tasas de interés que cobran los bancos por los prestamos (basados en la tasa de referencia del BCRA).

La estabilidad económica no viene nada floja, la inflación bajó y de hecho el peso argentino esta manteniendo su valor (a pesar de ser poco), sin mencionar que las calificadoras crediticias internacionales le subieron el rating al país.

El problema es que mucha gente, como vos y OP, confunden Macro y Microeconomia. A nivel Macroeconomico (Panorama amplio, la economía como todo) estamos mejorando un monton. A nivel microeconomico (Poder adquisitivo individual, capacidad de ahorro, etc) no estamos muy bien todavía, porque para que eso cambie tiene que pasar un tiempo bastante largo y buenas politicas macroeconomicas.",[deleted],argentina,9,2025-01-30 15:52:09,t1_ma1zr2e,t3_1ids7pg,comment
ma1wepk,"Agarrá el Excel y anotá los precios cada vez que vas al supermercado.
Después mes a mes calculas cuánto aumentaron las cosas, y compará los números con lo que publica el indec.
Fácil.
Sólo tenés que largar la paja mental por un momento.",[deleted],argentina,-6,2025-01-30 15:26:29,t1_ma1u03j,t3_1ids7pg,comment
ma2mxpa,"El cheque viene a reemplazar la compra a crédito en un país donde no hay seguridad jurídica e incumplir las leyes o quebrar no tiene prácticamente costo financiero o legal.

¿De que sirven los cheques en épocas del dinero virtual? Es un pagaré con más énfasis nada más. La regulación ya existe, el problema que en EEUU vas preso por un cheque sin fondos y en Argentina no pasa nada. Y te lo dice alguien que se morfó cheques rebotados de clientes.",yoviagarrafa,argentina,1,2025-01-30 17:28:16,t1_ma24w5d,t3_1ids7pg,comment
ma1zmli,"Hasta donde se, se emitió para cubrir las deudas de Lebacs, Leliqs, etc, etc. Entiendo que es eso o bajar más el gasto o subir impuestos... supongo que se eligió el mal menor, ahí no se, che",yoviagarrafa,argentina,3,2025-01-30 15:41:09,t1_ma1ykj8,t3_1ids7pg,comment
ma21qh7,"Me parece que más termo sos vos, me vas a decir que las cosas aumentan todas las semanas? Porque hubo un momento en 2023 que los negocios no hacían presupuestos. 

Está más estable la situación y no se puede negar. Hay mil críticas para hacerle a Milei, pero la inflación está mejor, objetivamente hablando.",[deleted],argentina,8,2025-01-30 15:50:43,t1_ma1xazc,t3_1ids7pg,comment
ma2g3nl,"Vos sabés que el IPC no se calcula agarrando valores de precios y comparando porcentualmente punta a punta, no?

Son promedios móviles de variaciones intersemanales",Gaudio590,argentina,6,2025-01-30 16:56:32,t1_ma1wepk,t3_1ids7pg,comment
ma3fd83,Cucaracha sos vos que defendés la emisión descontrolada para financiar el dólar barato a los amigos de Caputo.,[deleted],argentina,1,2025-01-30 19:41:00,t1_ma2r1g4,t3_1ids7pg,comment
ma3absl,"Si vas al supermercado (o comprás online) no digo todas las semanas, pero al menos una vez por mes, vas a ver que sí.

“Podque hubo uñ momeñto en 2023z...”?  
Me chupa un huevo el 2023, fue el año en que el kirchnerismo le sirvió el país en bandeja a Milei. Otra prueba de que los libervirgos son tan kukardos como los albertistas con su “pero Macri...”.",[deleted],argentina,-1,2025-01-30 19:16:30,t1_ma21qh7,t3_1ids7pg,comment
ma2ntg1,"No seas bolas, el mal menor era tener un dolar a 4000 y no pagarle subsidios a los planeros, jubilados, empleados públicos, arancelar las universidades, etc,.etc. La bomba en deuda a corto plazo existió.

Salvo dolarizar y cerrar el Banco Central, cosas que eran bastante ilusorias, debe ser el presidente que más hizo lo que declaró en campaña.

Edit: no seas bolas 2, solo Cristina Kirchner pensaba que se contenía la inflación controlando la denominación de los billetes... no seamos boludos, por Dios, 20 años de idioteces. Por mi que saquen el billete de 10 millones",yoviagarrafa,argentina,1,2025-01-30 17:32:21,t1_ma21uvj,t3_1ids7pg,comment
ma44q0z,"Bue, ya me rompiste las pelotas, te dije que no soy libertario. La comparación era para que veas que la inflación bajó. Que no sea cero no implica que no sea menor. Será artificial porque bajó el poder adquisitivo, o porque están pisando el dólar, o lo que vos quieras. Pero que bajó, bajó. 

No te respondo más. Esta discusión es al pedo, porque sos un cabeza de termo. Saludos.",[deleted],argentina,1,2025-01-30 21:53:16,t1_ma3absl,t3_1ids7pg,comment
ma3ewyw,"La bomba de la deuda sigue existiendo, y se renueva cada 6 meses masomenos. Sólo que a veces pasa desapercibida porque la gilada está mirando un superclásico o inventan alguna tragedia de farándula. Nunca dejó de existir ni se achicó. Por el contrario, está latente, y sigue aumentando. Sin ir tan lejos, en estos días andan pidiendo unos cuantos miles de millones más.

Yo en ningún momento escuché a Cristina decir que le preocupaba la inflación. La oposición siempre la corrió por ahí, pero a ella siempre le chupó un huevo.

Y bien, éste mal no tan menor, sigue intentando retener el dólar en un valor ficticio, sigue pagando planes (los aumentó más que las jubilaciones), recortó algunos empleados públicos de los ministerios, pero llenó de ñoquis las nuevas secretarías...

Y sí hizo más de lo que declaró en campaña, porque hizo cosas que explícitamente dijo que no iba a hacer, como aumentar impuestos sin cortarse un brazo.",[deleted],argentina,1,2025-01-30 19:38:48,t1_ma2ntg1,t3_1ids7pg,comment
m7onp9w,"#####&#009;

######&#009;

####&#009;

> # [Las acciones argentinas caen hasta 8% en dólares y se desploma el Merval](https://www.cronista.com/files/image/107/107023/5ff740cce5e2a_600_315!.jpg?s=3c0f7001bcd8c1ecc236687a4c3908e0&d=1736722998)
> 
>   
>   
> Las acciones argentinas **cierran la semana con caídas de hasta 8%** en Estados Unidos y el Merval retrocede más de 4%. A contramano de Wall Street, que opera alcista, los inversores continúan tomando ganancia en los activos locales tras la fuerte escalada, mientras el riesgo país avanza por encima de los 600 puntos básicos.
> 
> ""Más allá de los repuntes del norte, que vienen siendo acompañados por emergentes, los activos domésticos continúan **transitando una etapa de corrección,** la cual está resultando ordenada y razonable tras las fuertes ganancias"", explicó el analista Gustavo Ber.
> 
> Sin embargo, de acuerdo con el especialista, ""de fondo, la normalización económica continúa entusiasmando, por lo que **todavía se vislumbra un importante camino** en la mejora de las valuaciones en relación a los emergentes a mediano plazo"".
> 
> La baja de los ADR argentinos en Estados Unidos son encabezadas por el **sector bancario,** con pérdidas diarias de entre 8% y 5% en Macro, Supervielle y Galicia. En la plaza local, el índice S&P Merval cae 4,5% en pesos y 5,2% en dólares, con bajas de hasta 7% en los papeles del panel líder de acciones.
> 
>  Los bonos soberanos en dólares también operan en rojo de manera generalizada. Las bajas diarias de los Globales en Estados Unidos llegan hasta el 1,2%, lideradas por los del tramo medio de la curva de vencimientos (GD35). En tanto, el **riesgo país avanza** hasta ubicarse en 622 puntos básicos.

  
  
  
- - - - - -

[Maintainer](https://www.reddit.com/user/urielsalis) | [Creator](https://www.reddit.com/user/subtepass) | [Source Code](https://github.com/urielsalis/empleadoEstatalBot)",empleadoEstatalBot,argentina,1,2025-01-17 17:01:03,t3_1i3p7ya,t3_1i3p7ya,comment
m7oomg4,"No leí nada, es algo normal de los mercados, toma de ganancia y entrar después de la corrección ",Constant-Frame2677,argentina,10,2025-01-17 17:05:34,t3_1i3p7ya,t3_1i3p7ya,comment
m7opzb9,Pfff pero si es un retroceso común y corriente,Miller-Intelectual,argentina,2,2025-01-17 17:12:20,t3_1i3p7ya,t3_1i3p7ya,comment
m7poj6i,"Se desploma el marlo, para la mano miller. Los chicos en Chaco no comen bolsas",ElMondiola,argentina,3,2025-01-17 20:09:30,t1_m7oqp16,t3_1i3p7ya,comment
m7qysk0,"Los mercados financieros no solamente suben, hay momentos en los que bajan un poco (lo que se llama una corrección) para después seguir subiendo, si es que siguen.

El problema de guiarse por estas noticias es que, si es tu partido preferido el que gobierna, lo defienden con esta explicación que acabo de dar y si no tiran ""y sí, con este gobierno obvio que nos vamos al tacho"". Y en realidad la explicación suele ser que los mercados necesitan bajar un poco antes de seguir subiendo. Ya si me decís que bajaron 50% en un día como la post-paso de 2019 ya sí es otro tema.",sbd0223,argentina,5,2025-01-18 00:48:45,t1_m7p46ye,t3_1i3p7ya,comment
m88rex0,"ROCA nunca masacro a nadie la verdad es que la mayoría de los pueblos aborígenes se unieron baja el mando de roca para derrotar a un enemigo en común. Es más los frailes cuentan que el número de muertos en los enfrentamientos no superaba los 650 muertos, número que fue exagerado por Roca a 850.",Agitated-Kitchen-589,argentina,7,2025-01-20 19:21:11,t1_m870djq,t3_1i5spjb,comment
m9bld1p,"20 dolares compran mucho maní


El dinero se cambia por bienes y servicios",Lomby85,argentina,91,2025-01-26 16:58:20,t3_1iaofwe,t3_1iaofwe,comment
m9bmtrf,"Casi ningun negocio te va a aceptar dolares si no es un lugar frecuentado por turistas.

Lo que hace mucha gente que viene al pais es auto mandarse dinero a traves de Western union y retiran el efectivo en pesos aca en Argentina en cualquier sucursal que hay muchos.  

EDIT: Agrego que también por el centro de CABA, hay los llamados ""arbolitos"" que te cambian dinero de manera informal. Pero si no queres hacer eso, se puede hacer lo de WU que el tipo de cambio es un poco mas alto que el oficial.",Electrical_Donut2783,argentina,10,2025-01-26 17:05:17,t3_1iaofwe,t3_1iaofwe,comment
m9bqh1j,Se acepta tarjetas y cambia los Dolares por Pesos en la calle Florida.,tun3man,argentina,5,2025-01-26 17:22:20,t3_1iaofwe,t3_1iaofwe,comment
m9btcs9,"Creo que lo mas conveniente sería que uses tarjeta de crédito en lo más que puedas. Si traes dolares podes cambiarlo por pesos en las cuevas o en ""arbolitos"" en la calle, también en casas de cambio oficiales pero te va a convenir menos por el tipo de cambio más barato con respecto al peso.",Existing_Focus5247,argentina,7,2025-01-26 17:35:25,t3_1iaofwe,t3_1iaofwe,comment
m9caul6,"Amigo no hace falta complicarsela tanto como te dicen, por Buenos Aires hay personas cambiando plata por la calle y cuevas, no te recomiendo ninguna de las dos. Por Buenos Aires tenés muchísimos locales de una casa de cambio qué se llama ""Cambio Baires"", se reconoce fácil porque tiene un ploteado naranja y carteles con los precios de del dolar. Estos lugares son de confianza y manejan precio dolar blue. Hoy por hoy está como 200 pesos arriba del dolar oficial así que esta joya. Ah y personalmente no sé si recomendaría La plata como lugar para visitar, con un día ya viste todo. Pensaste en visitar otra provincia?",martinncho7,argentina,3,2025-01-26 18:54:10,t3_1iaofwe,t3_1iaofwe,comment
m9cniu6,siempre te conviene venir con dolares. cuando llegas acá podes cambiar a pesos en una cueva para compras chicas como un almacen o un kiosko. para cosas medianas como un alquiler o hacia arriba te van a tomar los dolares sin problemas,Fragrant-Struggle310,argentina,2,2025-01-26 19:53:33,t3_1iaofwe,t3_1iaofwe,comment
m9bqb0d,"Alquileres y hoteles y cosas grandes te aceptan dólares. Cosas chicas del día a día no. Western no te va a servir porque tenes límite bajo. Tenes que cambiar en ""cuevas"" por pesos físicos en billete.",cesarvillano,argentina,1,2025-01-26 17:21:35,t3_1iaofwe,t3_1iaofwe,comment
m9e8b81," Si podés con mercado libre, quizás podés hacerte un usuario peeo de Argentina, y usar la aplicación de mercado pago, no recuerdo si te acepta el pasaporte para abrir la cuenta. Es con QR y básicamente hasta el vendedor de medias en la calle lo acepta. 
Otra opción es uala, debito, es prácticamente lo mismo pero es MasterCard.
Si todo falla,  la tarjeta de tu banco, pero muchos comercios no son del agrado de la tarjeta por la comisión que tienen que pagar ellos después. 
 No dejes de visitar la republica de los niños en la plata. Es lindo y más si vas con infantes. Suerte y cualquier cosa escribí!",Notengoperfil,argentina,1,2025-01-27 00:41:30,t3_1iaofwe,t3_1iaofwe,comment
m9fwwb1,"En Bs As no se, pero en La Plata imagino que restoranes medio careros tal vez si. Te recomiendo cambiarlo a pesos, casas de cambio hay muchas. También que no te vean la cara, el McDonal's está caro no lo uses como parámetro de precio, una comida decente ronda unos 10.000 por persona, algo mas caro ya sería un lujo. Evitá comer en plaza Moreno y cualquier local que sea un puesto callejero. Se que en México hay muchos y son tradición pero mas vale no arriesgarse.",Known-Snow6247,argentina,1,2025-01-27 09:31:24,t3_1iaofwe,t3_1iaofwe,comment
m9fwwws,"Tremendo viajes hasta acá y vas a Buenos Aires y La Plata?

Bueno, no voy a juzgar. Compra chachos, son como los pesos pero divertidos",ElMondiola,argentina,1,2025-01-27 09:31:31,t3_1iaofwe,t3_1iaofwe,comment
m9iu6a6,Ahora se permite el pago en dólares donde sea. Siempre que el comercio lo quiera. ,Lichudlat_,argentina,1,2025-01-27 18:20:02,t3_1iaofwe,t3_1iaofwe,comment
m9bpkoc,Cambiá a pesos.,FastAd543,argentina,1,2025-01-26 17:18:25,t3_1iaofwe,t3_1iaofwe,comment
m9bw2j6,"mira, tenes los famosos ""arbolitos"" o cuevas donde podes cambiar esos dolares por pesos, el peso argentino oficial vale menos, yo te diria que te busques algun contacto y acuerdes el intercambio.

Si queres que te dure la plata, no vayas a comprar en esos locales OPEN 25HS porque usualmente tienen los precios el triple de lo que valen realmente las cosas.",Grey_Ten,argentina,1,2025-01-26 17:47:40,t3_1iaofwe,t3_1iaofwe,comment
m9bx2ik,"no vengas con pesos mexicanos, compra dolares allá y luego acá los cambias por pesos argentinos.

entre Capital Federal y La Plata a mitad de Camino tenes Quilmes qué es mucho más lindo y mejor en todo sentido que los dos primeros.

lo que si, tené cuidado si vas al río, no camines con el celular en la mano (no importa que parte de argentina estés)

si ves a alguien con apariencia sospechosa o que te va a robar, seguí tus instantos de supervivencia porque seguro lo haga.

siempre tené pesos para cuando te roben y cuidado que no te roben pasaporte o tarjetas",roberp81,argentina,-4,2025-01-26 17:52:18,t3_1iaofwe,t3_1iaofwe,comment
m9bq74u,"Y mira, lo que podes hacer en todo caso en pasarlos a una stable coin esos dólares y venderlas por peso, por transferencia.

Otra es ir a las cuevas PEEERO tené en cuenta que tiene que ser una de confianza (Si tenés familiares o amigos acá, preguntales o que averiguen)

Sino, podés comprar bonos tipos AL30 de nuestro país, venderlos y te lo toman como dolar MEP a ese valor y luego pasarlos a pesos

O la más fácil, Western Union",cala7a,argentina,-2,2025-01-26 17:21:07,t3_1iaofwe,t3_1iaofwe,comment
m9cb91i,"Ojo, yo conozco muchos lugares que te aceptan dólares. El tema es el cambio que te pongan y el vuelto que va a ser en pesos casi seguro.

Por otro lado vivo en Mardel así que al ser turística mi visión esté sesgada.",megatronchote,argentina,1,2025-01-26 18:56:01,t1_m9bmtrf,t3_1iaofwe,comment
m9bwg81,"Este es el mejor consejo acá. Yo visité Buenos Aires para las fiestas y probé cambiar por pesos y también comprar directamente con tarjeta, y si bien el cambio es un poquito peor con la tarjeta, la diferencia no justifica la complicación de llevar efectivo y estar cambiando cada tanto en el mercado paralelo, cargando gruesos fajos de billetes, y tratando de calcular cuánto más vas a necesitar los últimos días antes de volver para no clavarte con billetes que no valen nada en ningún otro lado.",jungle,argentina,2,2025-01-26 17:49:27,t1_m9btcs9,t3_1iaofwe,comment
m9dhgd3,si te preocupa el costo recontra si a este coment. los kioscos 24h como dillon 24h u open25h (cosas así) te arrancan la cabeza. un agua de 500ml te puede salir el doble que en un supermercado. Siempre mejor un kiosco de barrio o supermercado que aceptan mil medios de pagos y seguro te llevas algún descuento,AsKreed2424,argentina,2,2025-01-26 22:20:47,t1_m9bw2j6,t3_1iaofwe,comment
m9bvtgz,"Hay casas de cambio por todos lados. Cuando vayas a cambiar fijate la cotización del dólar “blue” y que te den algo parecido. 
Cuanto más lejos del centro de la ciudad estas, peor es el cambio",aberas,argentina,5,2025-01-26 17:46:31,t1_m9bo9wv,t3_1iaofwe,comment
m9bpfgo,"Si, claro que hay. Pero te cambian al dolar oficial que es un poco mas bajo.  

Para tu tranquilidad quizas sea la mejor opcion.",Electrical_Donut2783,argentina,1,2025-01-26 17:17:45,t1_m9bo9wv,t3_1iaofwe,comment
m9c1onn,"Si hay, igual antes consulta el [""dolar blue"" del dia](https://dolarhoy.com/) para saber si te están cambiando a un precio razonable. Suelen tener un precio un poquito más bajo que el blue pero se acercan bastante.",MadMaxiAr,argentina,1,2025-01-26 18:13:13,t1_m9bo9wv,t3_1iaofwe,comment
m9bx2yn,"No. Todas esas cosas las hacen para ahorrarse 2 pesos. 


Podés pagar con tarjeta en cualquier negocio o cambiar dólares billetes por pesos al mejor valor en cualquier casa de cambio que te los tomen al valor del mercado negro.
 
La calle Florida en el centro de Buenos Aires está llena de éstos.",ast3rion,argentina,4,2025-01-26 17:52:22,t1_m9bqsnp,t3_1iaofwe,comment
m9c2dl0,"Más o menos, sobre av. maipu (y todo su recorrido por zona norte) hay un par de casas de cambio, por lo menos en dos de ellas me hicieron el cambio a dolar blue, claro que levemente por debajo pero era un precio razonable.",MadMaxiAr,argentina,1,2025-01-26 18:16:18,t1_m9bvtgz,t3_1iaofwe,comment
m9c2jsn,"Mercadopago debería tener una opción para los turistas, total en todos lados se paga con QR.",MadMaxiAr,argentina,1,2025-01-26 18:17:05,t1_m9bwwg5,t3_1iaofwe,comment
m9c1zon,"No es asi, no te cambian al dolar oficial. Las casas de cambio te hacen el cambio al dolar blue. El que te cambia al oficial son los Bancos. OP no cambies tus dolares en los bancos por favor.",MadMaxiAr,argentina,1,2025-01-26 18:14:36,t1_m9bpfgo,t3_1iaofwe,comment
m9q2d71,"Un LG de 27 pulgadas 4K 60hz IPS con 250-300cd de brillo está 400mil pesos en Gezatek, y tenés garantía y servicio técnico local.

Tuviste mala suerte pero también fuiste muy jugado trayendote un monitor que pesa 7kg.",RevolutionNeat2451,argentina,1,2025-01-28 19:58:39,t3_1iaecer,t3_1iaecer,comment
m9t387w,"Literal que son un poco el peso promedio de 27 pulgadas 4k, tengo LG no compraria nunca mas la configuracion de colores es muy mala en mi experiencia, soy programador mas mis hobbys son en la computadora, busco algo excelente para cuidar la vista lo mas posible, no es solo 4k tiene otras especificaciones los monitores mas leer reviews etc, puede ser jugado pero nada tambien es algo complicado de traer y que me parece clave que tuviesemos mas oferta en argentina.",ChThompsonarg,argentina,4,2025-01-29 08:52:32,t1_m9q2d71,t3_1iaecer,comment
m8c7sys,Por fin voy a poder usar el billete de un dólar que me regaló mi abuela,Mindless_Tomorrow_45,argentina,215,2025-01-21 09:41:44,t3_1i6hht1,t3_1i6hht1,comment
m8c8yql,"Se viene el Dolar Alfajor, la cotización que al kioskero se le canta ese día",PimpolloTulinTulin,argentina,88,2025-01-21 09:49:55,t3_1i6hht1,t3_1i6hht1,comment
m8c6ffo,"si, y exigiría que me den el cambio en dólares",DravenTimbero,argentina,90,2025-01-21 09:31:32,t3_1i6hht1,t3_1i6hht1,comment
m8c8j4l,"Es más para el turista, un argento no va a ir a comprar boludeces en dolares, salvo que justo hiciste un negocio y te quedó de paso hacer unas compras, pero no tiene sentido.",NicoSteel78,argentina,19,2025-01-21 09:46:53,t3_1i6hht1,t3_1i6hht1,comment
m8c7go5,En Rosario van a circular los dólares como agua.,agustinveinte,argentina,17,2025-01-21 09:39:14,t3_1i6hht1,t3_1i6hht1,comment
m8c7fyz,te compras casi media docena de guaymallen con un dolar kjjj,hernankukal,argentina,19,2025-01-21 09:39:06,t3_1i6hht1,t3_1i6hht1,comment
m8cabby,"Mira, en Uruguay iba a comprar a un super y pagaba con dólares, me hacían la cotización ahi y me devolvían en pesos uruguayos, la hacían fácil, no entiendo por que tanto revuelo.

Tampoco es que vas a comprar un alfajor con US$1000",Alejandrov90x,argentina,18,2025-01-21 09:59:00,t3_1i6hht1,t3_1i6hht1,comment
m8c78kj,"Si pagaría con el cambio que me queda en la caja ahorro dólar que no llego a juntar los 100, pagando con débito o transferencia. Eso me parece buenísimo",Chest_Positive,argentina,9,2025-01-21 09:37:36,t3_1i6hht1,t3_1i6hht1,comment
m8c8lzj,"Vivis en un pais donde comprar dolares es complejo.. Y los vas a rifar cambiandolos en un kiosko, pff  
Ademas, estos mamertos se exponen a que les claven cuanto verde trucho hay en la calle.. Si te clavaron uno, ya sabes.. anda a comprar pollo o a este kiosko",gaschindler,argentina,19,2025-01-21 09:47:27,t3_1i6hht1,t3_1i6hht1,comment
m8c872c,"Y el vuelto es en dolares, ok voy.
Sino cual es la gracia ?",CaslaRamos98,argentina,6,2025-01-21 09:44:31,t3_1i6hht1,t3_1i6hht1,comment
m8c9gpz,Hay que ser bastante mocos para ir a comprar un alfajor en dólares,elnegrito13,argentina,3,2025-01-21 09:53:26,t3_1i6hht1,t3_1i6hht1,comment
m8c9xv8,"Na en cosas chicas no pagaría en USD capaz la compra en un mercado grande, estaría bueno poder pagar con cristo directo",Mammoth-Law-1291,argentina,4,2025-01-21 09:56:40,t3_1i6hht1,t3_1i6hht1,comment
m8cadtz,Ni en pesos,Titovich,argentina,3,2025-01-21 09:59:22,t3_1i6hht1,t3_1i6hht1,comment
m8c6yv9,"Depende de si me sale rentable o no.

Conociendo a los comerciantes argentinos, te ponen el Guaymallén a mil pesos y a 2 dólares. 

Pero puede que haya algún que otro lugar que sea conveniente. 

La libre circulación de monedas me da un poco de paja por esto mismo. Preferiría una dolarización y al carajo, pero no se puede todo en esta vida",AestheticNoAzteca,argentina,6,2025-01-21 09:35:36,t3_1i6hht1,t3_1i6hht1,comment
m8c942x,"He comprado salimines en dólares a principios de los 2000, por qué no un Guaymallén?",LuksBruzz,argentina,3,2025-01-21 09:50:57,t3_1i6hht1,t3_1i6hht1,comment
m8cb2p6,"Ni en pedo. 

Los dólares son para ahorrar y en el caso de usarlo como medio pago es para compras importantes como un auto, terreno, casa o electrónica en otro país.",sandbrigde,argentina,3,2025-01-21 10:03:51,t3_1i6hht1,t3_1i6hht1,comment
m8cdr2z,El dia que se saque el cepo y pueda pasar mi plata directo al banco (gano en USD) y retirar dolares en caja... Voy a gastar en dólares a diestra y siniestra.,Stardust_Bright,argentina,3,2025-01-21 10:21:36,t3_1i6hht1,t3_1i6hht1,comment
m8cjut0,"Sip. Soy lo suficientemente grande para haber vivido (y recordar) la última era del uno a uno. Nuestros pesos ""eran dólares"", comprábamos todo ""en dólares"" no es nada del otro mundo.

Los alfajores salían monedas, seguro los más jóvenes ni siquiera sepan lo que es comprar con monedas hoy por hoy",Professor_Hobo31,argentina,3,2025-01-21 10:58:59,t3_1i6hht1,t3_1i6hht1,comment
m8d6beo,"Si les da igual, entonces voy a comprar en pesos y que me den el vuelto en dólares.",Dark_Reaper115,argentina,3,2025-01-21 12:56:19,t3_1i6hht1,t3_1i6hht1,comment
m8c79hu,"Depende a cuanto me tome el dolar. 

Por ej si el kiosquero precisa dólares cash por X motivo y como los necesita te los toma a 1500 porque no?",Erudain,argentina,2,2025-01-21 09:37:47,t3_1i6hht1,t3_1i6hht1,comment
m8c9y8c,"Na en cosas chicas no pagaría en USD capaz la compra en un mercado grande, estaría bueno poder pagar con cristo directo",Mammoth-Law-1291,argentina,2,2025-01-21 09:56:40,t3_1i6hht1,t3_1i6hht1,comment
m8cad3n,"Todo muy lindo . Pero la pregunta es quien tiene dólares para ir a comprar . Yo no , levanten la mano los que no tengan tampoco",FuckDaSystem666,argentina,2,2025-01-21 09:59:12,t3_1i6hht1,t3_1i6hht1,comment
m8cbeui,"En la época del 1 a 1 se podía pagar con las dos cosas. Pero ahora un día está 1000 al otro 1250.
No gastaría los dólares en boludeces",Leading_Video_16,argentina,2,2025-01-21 10:06:07,t3_1i6hht1,t3_1i6hht1,comment
m8cce23,"El comerciante hace la factura al dolar oficial, declara el oficial, pero recibe dolares dolares.

Si partimos la diferencia (osea, me hace dto. en el precio dolares porque le rinde mas) claro que si.",MyOtherAcctsAPorsche,argentina,2,2025-01-21 10:12:40,t3_1i6hht1,t3_1i6hht1,comment
m8cemi0,Lo que va a pasar es que el dolar no va a cambiar su proposito. Ahorrar y comprar bienes de alto valor. No para boludeces porque para empezar no hay cambio.,PlasticContact2137,argentina,2,2025-01-21 10:27:09,t3_1i6hht1,t3_1i6hht1,comment
m8ceo9b,Esta es la que decía que los alfajores de 50 pesos los vendía a 3x 1 usd?,idontdomath8,argentina,2,2025-01-21 10:27:27,t3_1i6hht1,t3_1i6hht1,comment
m8cfxej,"En esa entrevista le preguntan cuánto salen los caramelos. Dice que 50 pesos, pero que para redondear vende 3 caramelos por un dólar. La menos cargadora.",godz_franky,argentina,2,2025-01-21 10:35:17,t3_1i6hht1,t3_1i6hht1,comment
m8cgci1,"El tema es que suena a que es practico. Primero, si hay facilidades para comprar, y vos podes tener 100 dolares en la billetera y no explotarla con doscientos mil billetes. Si empieza a ser más fácil su obtención, arrancar a cambiar pesos a dolares mas cotidianamente, no solo para ahorro, sino tambien para su uso cotidiano no me parece una locura.

De pro si el argentino ya piensa en dolares.",LukeAsakura,argentina,2,2025-01-21 10:37:54,t3_1i6hht1,t3_1i6hht1,comment
m8cj1i6,Cobro en dólares y convierto todo a stablecoins. Si las tarjetas dieran la opción y me pones algún tipo de incentivo convertiría a dólares para consumir. El problema ahí es tener stablecoins es distinto a tener dólares.,dotco0m,argentina,2,2025-01-21 10:54:12,t3_1i6hht1,t3_1i6hht1,comment
m8ck2x9,"Hace años hay negocios que aceptan dólares, reales, euros... Más que nada para turistas.

Desarrollo sistemas de punto de venta, conozco casos.",NicoPela,argentina,2,2025-01-21 11:00:17,t3_1i6hht1,t3_1i6hht1,comment
m8cm5sd,Los clientes me pagan las cuentas corrientes en dolares todo el tiempo. Lo tomo al promedio del blue y listo. Cual es la noticia aca?,Turbulent-Owl6880,argentina,2,2025-01-21 11:12:20,t3_1i6hht1,t3_1i6hht1,comment
m8cmlya,"Que haya libre circulación de monedas no quiere decir que salgas ya corriendo a comprarte un paquete de gomitas en dólares. Estan pensando en operaciones más grandes, algo que antes se hacía de manera informal (porque toda transacción tenía que ser en pesos, pero igual usaban dólares) ahora no tenes problema.",TheRealLeandrox,argentina,2,2025-01-21 11:14:53,t3_1i6hht1,t3_1i6hht1,comment
m8corlq,"si tuviese billetes de dolar igual de facil que billetes de pesos, si ya fue, pero ahora no tengo manera de obtener el billete de dolar tan facil.",Valen_Redits,argentina,2,2025-01-21 11:26:59,t3_1i6hht1,t3_1i6hht1,comment
m8cp3v7,"Me toma el dólar libre ? Le pago en dólares.

Me toma el dólar ofi ? Le pago en pesos.

Eso es lo hermoso del asunto este de la libre competencia de monedas. No me está obligando a pagarle en dólares o en pesos. Me toma cualquiera de los dos y el cambio que me convenga lo elijo yo. Es simple.",megatronchote,argentina,2,2025-01-21 11:28:51,t3_1i6hht1,t3_1i6hht1,comment
m8go7fd,"si queres dolarización, es que los billetes salgan de abajo del colchon y los uses justamente para pagar un guaymallen. Sería increible que el peso se vuelva reserva de valor por las altas tasas y reventemos los dolares. Sería casi una utopía.",gabbrielzeven,argentina,2,2025-01-21 22:54:59,t3_1i6hht1,t3_1i6hht1,comment
m8caau7,"Si me pinta pesos, pesos. Si me pinta dolar, dolar. Si me pinta crypto, crypto. Como siempre tendría que ser, porque me parece pelotudisimo dejarme influenciar por otros en el como yo gasto mi plata.",dank-monkl,argentina,3,2025-01-21 09:58:54,t3_1i6hht1,t3_1i6hht1,comment
m8cacdy,"Mira, en Uruguay iba a comprar a un super y pagaba con dólares, me hacían la cotización ahi y me devolvían en pesos uruguayos, la hacían fácil, no entiendo por que tanto revuelo.

Tampoco es que vas a comprar un alfajor con US$1000",Alejandrov90x,argentina,4,2025-01-21 09:59:09,t3_1i6hht1,t3_1i6hht1,comment
m8czgbc,"No está pensado para ustedes, es para el turista p rl que maneja billeteras virtuales y tiene sus dolaritos dando vuelta, los q no llegan a fin de mes justo al momento que gano milei no les deberia cambiar nada",ConversationPublic97,argentina,1,2025-01-21 12:23:00,t3_1i6hht1,t3_1i6hht1,comment
m8czyoq,Que se meta el Guaymallén y el dólar en el culo.,ELPUNXK,argentina,1,2025-01-21 12:25:32,t3_1i6hht1,t3_1i6hht1,comment
m8d0bx7,el tema es que no tenemos monedas de dolar,TheEndlessWaltz,argentina,1,2025-01-21 12:27:21,t3_1i6hht1,t3_1i6hht1,comment
m8d0ukj,"Es muy de pobre pensar que el dólar es como una piedra preciosa reservada para momentos excepcionales. La plata es plata, si te conviene usar dólares antes que pesos vas a usar dólares",BigZuko,argentina,1,2025-01-21 12:29:53,t3_1i6hht1,t3_1i6hht1,comment
m8d15wn,"En la epoca de Menem podias pagar donde sea con dolares , me acuerdo que yo era estudiante y a veces caia mi viejo de vista a Bs As y siempre me tiraba 100uSD billete como extra para algun gasto, con eso iba al supery me hacia una re provista y daba igual si pagabas en pesos o en dolares, nadie te preguntaba nada.",Gati-Macro,argentina,1,2025-01-21 12:31:26,t3_1i6hht1,t3_1i6hht1,comment
m8d36ix,"Pregunta ignorante. Si la gente paga en dólares cara chica o de baja denominación, como los comerciantes depositan esa guita si los bancos no quieren aceptarlos?",Nasty-Milk,argentina,1,2025-01-21 12:41:19,t3_1i6hht1,t3_1i6hht1,comment
m8ddv3m,"Ahora prefiero tener pesos que dolares, puedo dejar mis pesos generando interes y los dolares q se vayan , fuchi fuchi",miPerritoPanzon,argentina,1,2025-01-21 13:31:56,t3_1i6hht1,t3_1i6hht1,comment
m8dnwfq,Jajajajjaj  ponele que este pensado para el turismo.. pero para eso al turista no le tiene que convenir cambiar a dolar libre en primer lugar..,someRandomUser636,argentina,1,2025-01-21 14:18:09,t3_1i6hht1,t3_1i6hht1,comment
m8e1phn,"ni en pedo, ahora si trajeran el alfajor bimbo otra vez vendo hasta a mi madre por partes en el mercado negro con tal de tenerlo.",iavenlex,argentina,1,2025-01-21 15:20:55,t3_1i6hht1,t3_1i6hht1,comment
m8edn72,"Fa hermano como vienen atrasados con esto , aca los genios de economia lo predijeron hace banda [•KIOSQUERO DOLARIZADO• Rodriguez Galati #MisaCochina](https://www.youtube.com/watch?v=vRoPPxj_Zek)",[deleted],argentina,1,2025-01-21 16:14:59,t3_1i6hht1,t3_1i6hht1,comment
m8ee4xf,"Trabajo en un kiosco y si fuera por las personas ni en pesos te pagarían. La mayoría que va a un kiosco es para comprar algo exprés con excepciones de ll que viven cerca. Es algo tipo si tiene agua, listo quiero una, adiós. Además de que a veces le decís el precio se espantan y se van. Ahora imagínate la situación si le decís si sería 4 dólares te mirarian como un pelotudo",xsweaterboyx,argentina,1,2025-01-21 16:17:13,t3_1i6hht1,t3_1i6hht1,comment
m8f9ms0,Recuerdo yendo a comprarle puchos a mi vieja con 2 dólares. Y también he ido al super a hacer las compras con un billete de 100. Recuerdos de los 90',[deleted],argentina,1,2025-01-21 18:39:38,t3_1i6hht1,t3_1i6hht1,comment
m8hbqd8,Seguro que lo voy hacer cuando lo implementen en el kiosco de mi barrio tiene los días contados ese dólar enrrollado en la trompa del elefante que esta arriba de la mesa de mi abuela.,Checho-89,argentina,1,2025-01-22 01:08:35,t3_1i6hht1,t3_1i6hht1,comment
m8hjny6,"Obviamente esto es para compras grandes, electro, consumo del mes y esas cosas.. no creo que se implante la moneda para suplantar al peso... Es la minoría en la calle, y en un futuro no va a cambiar",Necessary_Mistake23,argentina,1,2025-01-22 02:01:08,t3_1i6hht1,t3_1i6hht1,comment
m8hkmzg,TODO vamos a pagar en dólares... cuando se dolarice,KamusdeAcuario,argentina,1,2025-01-22 02:08:03,t3_1i6hht1,t3_1i6hht1,comment
m8jtzfp,Turros sean sinceros ¿Irian a comprar un guaymallen ~~en dolares~~?,Real_Barracuda_6851,argentina,1,2025-01-22 12:35:14,t3_1i6hht1,t3_1i6hht1,comment
m8jxukx,"Aprendan matemáticasy costos.
Piensen pienseeeeen , esta en dolares para compras en billete papel usd osea alguien q no quiere pasar por una cueva q te cobran -4% x pesos.


No es para q alguien en pesos se vaya a una cueva y compre dolares y compre 1 alfajor.... no sean pelotudos.


Ej. Antiburros : si tenes q comprar una heladera q vale 700 mil pesos y vos tenes ahorrado 800 usd en tu banco, entonces no pasas x una cueva y lo pagas en dolares. 
Coto ya lo implemento. ",perro_loco45,argentina,1,2025-01-22 12:53:08,t3_1i6hht1,t3_1i6hht1,comment
m8ni0zj,esa es la sacó mal las cuentas para vender caramelos. te queria cobrar un dolar por 3 caramelos masticables,Substantial_Heat_383,argentina,1,2025-01-22 23:02:07,t3_1i6hht1,t3_1i6hht1,comment
m8cacqh,"Todo muy lindo . Pero la pregunta es quien tiene dólares para ir a comprar . Yo no , levanten la mano los que no tengan tampoco",FuckDaSystem666,argentina,1,2025-01-21 09:59:12,t3_1i6hht1,t3_1i6hht1,comment
m8d60cm,ACUERDENSE UN ALFAJOR 100 DOLARES JA JA VOLVE CRISTINA TE PERDONAMOS 😆😆😆😁😙😃😃😂😂,LeftInside6904,argentina,-4,2025-01-21 12:54:53,t3_1i6hht1,t3_1i6hht1,comment
m8jayqy,Pero si sigue el dolar blue como siempre  todos lo hicieron .... ,[deleted],argentina,1,2025-01-22 10:57:20,t1_m8c8yql,t3_1i6hht1,comment
m8c76iy,"Ese es el tema, cambio chico no hay en circulación, si bien somos el país que más dólares tiene en circulación en la población (después de USA) siempre fue para ahorro.

Pero eso no sería problema con billetera virtual, y si los turistas empiezan a usarlo capas en un par de años también haya cambio.

Hoy por hoy es poco real decir comprar un alfajor en dólares, pero por algún lado se empieza.",LeKanou,argentina,55,2025-01-21 09:37:11,t1_m8c6ffo,t3_1i6hht1,comment
m8c8adh,El que deposito dolares recibira dolares,private_final_static,argentina,6,2025-01-21 09:45:10,t1_m8c6ffo,t3_1i6hht1,comment
m8c8gp5,Pagas en dolar y el vuelto en yuanes,corvitoxd,argentina,9,2025-01-21 09:46:24,t1_m8c872c,t3_1i6hht1,comment
m8ccqbx,"El comerciante factura y declara dolar al oficial, pero recibe dolar real que podria vender al blue.

Tal vez haya un incentivo por ese lado a ofrecer dto si pagas usd.

No tanto si el comerciante trabaja ""con lo justo"" y necesita $ para pagarle a su proveedor.

Osea... guaymallen? casi seguro que no. 

Una cartera en unicenter? Mas vale que me haga dto en usd.",MyOtherAcctsAPorsche,argentina,2,2025-01-21 10:14:54,t1_m8c6yv9,t3_1i6hht1,comment
m8cfkzo,"hay boludazos hoy adultos que no te creen cuando les contas que  en el 1 a 1 no era raro preguntar 'aceptas dolares?' porque muchas veces te decian ""no maquina, una paja, tengo que ir a cambiarlos al banco"".

te dicen ""jaja mira si alguien va a rechazar dolares"".",hjf2014,argentina,1,2025-01-21 10:33:09,t1_m8cbeui,t3_1i6hht1,comment
m8d2amx,"en capital capaz, en el interior era un dolor de huevos los dolares para el dia a dia, no te los agarraban en ningun lado.",LuckyNumber_29,argentina,1,2025-01-21 12:37:00,t1_m8d15wn,t3_1i6hht1,comment
m8d3f4t,Pero si el dolar está barato decían,[deleted],argentina,2,2025-01-21 12:42:28,t1_m8c6i8l,t3_1i6hht1,comment
m8c6zoj,Solo cuando te queda el dolar de la suerte,corvitoxd,argentina,2,2025-01-21 09:35:46,t1_m8c6i8l,t3_1i6hht1,comment
m8c7bed,"Uso Supervielle (porque da créditos casi de ""onda"" pero con el tema dólares es bastante rompe bolas",According_Ad_5554,argentina,6,2025-01-21 09:38:11,t1_m8c73vm,t3_1i6hht1,comment
m8xvk8o,"Mejor si no hay cambio, porque si se aprecian mucho las ""groceries"" nadie los va a comprar. Nadie te va a pagar un alfajor 5 lucas, 5 dolares. Nadie ni el mas termo mac termo. Ni el mas rico.
Eso va a hacer un pricing orientado al consumo y no un pricing que este atado a si tienen o no cambio. Por ejemplo hacer promociones reales. 5 alfajores, 5 dolares. Vender en cantidad. 

Esta va a ser la mas exitosa dolarización de la historia.",cronofrost,argentina,1,2025-01-24 14:10:24,t1_m8c76iy,t3_1i6hht1,comment
m8cdg2p,"y uso pesos en ese caso, que problema que tienen con que la gente haga lo que quiera con su dinero",Erudain,argentina,3,2025-01-21 10:19:37,t1_m8cbjfz,t3_1i6hht1,comment
m8cg1ql,Si es verdad muchos querían pesos. ,Leading_Video_16,argentina,1,2025-01-21 10:36:02,t1_m8cfkzo,t3_1i6hht1,comment
m8c7oto,"Yo a Santander, podés hacer deposito y retiro en el día pero te clavan un bloqueo de cuenta y pasas a revisión. Por eso te piden que no hagas depósitos y retiros el mismo dia de la de dólares.",Chest_Positive,argentina,16,2025-01-21 09:40:54,t1_m8c7bed,t3_1i6hht1,comment
m8ckm44,"Claro, eso funciona porque ahí estan dolarizados, aca todavía no estamos ni cerca",v0ltax,argentina,1,2025-01-21 11:03:25,t1_m8c8mn7,t3_1i6hht1,comment
m8cvgkk,"Mira, te puedo ofrecer un curso de como depilarte el sobaco con dolarucos de 100usd viejos, la membresía es de 50usd por mes. /s",VegaSiNismo,argentina,1,2025-01-21 12:02:42,t1_m8cs5ly,t3_1i6hht1,comment
m8c8q4g,Lo voy a considerar aunque no muevo mucha guita en dólares la verdad.,According_Ad_5554,argentina,2,2025-01-21 09:48:14,t1_m8c7oto,t3_1i6hht1,comment
m8cfa3z,La Argentina de hecho tiene 2 monedas de curso legal. Una con inflación y otra sin.,spender-2001,argentina,1,2025-01-21 10:31:16,t1_m8cd962,t3_1i6hht1,comment
m5vaymz,"La misma heladera en chile 500k, estamos bascaiemente uno a uno con ellos.. aca esta 2 palos... ok.. 50% de impuestos? Te agrego tamb valor de importacion a un 25% por transporte por que soy generoso.. Y ese palo? 100% de ganancia?

Aca estamos caros por que los empresarios son unos hijos de puta, mas alla de dolar o impuestos, los que venden se creen que pueden vivir de 2 ventas por 3 meses...  Son igual que los forros que quieren vivir de alquilar un monoambiente",wolfsilver00,argentina,8,2025-01-07 10:37:38,t3_1hvpovc,t3_1hvpovc,comment
m5vq0zs,¿Cuando estaba todo barato en dólares no estaban esos impuestos?,Eldritch12,argentina,6,2025-01-07 12:07:24,t3_1hvpovc,t3_1hvpovc,comment
m5xcyr0,"https://preview.redd.it/lwmeaobagmbe1.jpeg?width=640&format=pjpg&auto=webp&s=1a44a84bade078bcb6a185e5e67860ac00d41c64

Mis puntos:

\- Hemos estado baratos y caros en dolares con los mismos impuestos sino con mas. Por lo tanto, una no contradice a la otra, viceversa y son compatibles.

\- Si el dolar no tuviese algun nivel de atraso, no hay necesidad de que haya CEPO. Su simple existencia implica que a esta cotizacion no hay suficientes divisas para cubrir la demanda y hay que racionalizarlo para mantener el tipo de cambio (Si levantas todo, aumenta la demanda de dolares, sube el precio, baja la demanda por el aumento y todo se equilibra, no te quedas sin divisas. Eso si, te salta el tipo de cambio y lo que esto conlleva). En todo caso, queda discutir que tan atrasado esta el dolar.

(De aca se deberian desprender otros puntos como que el Blue o el MEP no son valores *""de mercado""* como lo suelen entender, sino *""de mercado intervenido""* porque el poder acceder -aunque sea parcialmente- a la cotización oficial influye en la demanda de estas cotizaciones y prueba de esto es que el gobierno anterior volcaba reservas en el mercado oficial para controlarlas, pero ya se me va a muy largo y no suman tanto).

\- Por mas que no lo reconozca (No le conviene tampoco), el gobierno sabe que esto es asi y por eso hay crawling peg. Si fuese un mundo maravilloso, el dolar oficial ya convergió con el """"el de mercado"""" , asi que no hace falta seguir devaluando ni tener cepo; el gobierno debería levantar todo, dejar de devaluar y felices para siempre. 

Por eso cuando el BLUE empezó a valer menos que el oficial muchos se quedaron en cortocircuito. No es ninguna magia, simplemente tienen mal el modelo y la realidad no cuadra.

\- No se pide devaluacion de forma caprichosa o malvada de la misma forma que los que piden aumento de tarifas no piden que la gente no pueda pagar la luz (En todo caso, es un efecto secundario de blanquear esta situación subyacente). Si tenes el peso sobreapreciado, es una forma de subsidio indirecta al consumo en dolares y eso se esta pagando en otro lado de la economía.

Es algo asi como cuando Milei decia que no es *""te hicieron pensar que podias comer asado""* porque el asado es real y te lo consumiste, no es tu imaginación, El problema esta en que vos para comerte ese asado te comes el capital.

Por ultimo, yo entiendo que estamos en un momento de estabilización/transicion y el gobierno -por mas que no este de acuerdo- lo esta haciendo gradualmente, pero no me quieran vender lo que no es.",These-Market-236,argentina,4,2025-01-07 16:56:47,t3_1hvpovc,t3_1hvpovc,comment
m5v7zyo,"Pasa que ese 49% es una bolsa de gatos.

Que tenés ahí específicamente? cómo llegan a ese valor?

 Y no hay perspectivas de bajarlos en 2025 tampoco, o al menos no surge eso del presupuesto que había presentado el oficialismo",Sensei_Master_Yoda,argentina,3,2025-01-07 10:17:50,t3_1hvpovc,t3_1hvpovc,comment
m5we09g,"Las dos cosas, el dolar esta barato y los impuestos son caros.",fogalmam,argentina,3,2025-01-07 14:08:14,t3_1hvpovc,t3_1hvpovc,comment
m5wjvly,"Estamos caros y punto final. Pagues en lo que pagues te va a costar más, ya si usas mercadopete o mercadogt es otra cosa...",J-Cocoa,argentina,3,2025-01-07 14:36:50,t3_1hvpovc,t3_1hvpovc,comment
m5xqj9f,"Este sistema de republica te roba de todos lados. El presiduende tiene el látigo y la chequera.    
Y también estamos caros en dolares no te hagas el pelot\*  
Confederación Argentina y a otra cosa",a5cuadrasdepuerta8,argentina,1,2025-01-07 18:01:53,t3_1hvpovc,t3_1hvpovc,comment
m5z4n6c,"Los dos, la carga impositiva es una locura de este pais, sumale la inflacion de 2024 con un dolar practicamente quieto, nos hizo caros en dolares. Toma algunos productos de ""muestra"" comunes como el BigMac.",possiblecefonicid,argentina,1,2025-01-07 22:23:21,t3_1hvpovc,t3_1hvpovc,comment
m5zii9s,"Dentro de la infinidad de paises con costos menores que nosotros hay algunos que tienen menos impuestos y otros que tienen MAS impuestos. Pero algo que no entendes vos ni muchos con el mismo argumento, OP, es que aun si tuvieran 2-3x mas impuestos de los que realmente tenemos NO justifican ni a palos los precios que tenemos en dolares.

No me malentiendas, los impuestos se acumulan yno tenemos la economia para manejar impuestos por ej europeos, pero justamente porque somos un pais como tal te das cuenta hasta que punto hay sobreprecios; Los que tiran fruta como el presupuesto publico -- que e sun problema, simplemente no EL problema en este contexto -- estan patinando bastante feo.",simonbleu,argentina,1,2025-01-07 23:42:58,t3_1hvpovc,t3_1hvpovc,comment
m60an61,"El planteo de ""los impuestos representan el 49% del precio de los productos, encarecen la economía y afectan la competitividad frente a países con menor carga fiscal"" no tiene sentido.

Los impuestos no se exportan ni acá ni en ninguna parte.

Los que hacen facturas E saben que no tienen IVA ni ningún impuesto nacional!",wuelhrypqadgxqtrqs,argentina,1,2025-01-08 02:54:32,t3_1hvpovc,t3_1hvpovc,comment
m5uxsnw,"No soy experta en economía, de hecho aprobé de lástima matemáticas en la secundaria pero, hace unos años no estábamos igual de caros en impuestos y baratos en dólares?",Falladita,argentina,1,2025-01-07 08:58:50,t3_1hvpovc,t3_1hvpovc,comment
m5v5hii,"""Estamos caro en dolares"" dice el loco que vive de los impuestos agenos, Argentina se esta despertando y a este Leon no lo bajas con nada",[deleted],argentina,-2,2025-01-07 10:00:01,t3_1hvpovc,t3_1hvpovc,comment
m5vnpy6,"Hace poco escuchaba una entrevista a Zuchovicki y decía eso mismo, que con la baja de la inflación tienen que cambiar el modelo de negocios, que tienen que empezar a ganar por volúmen.",ObiFlanKenobi,argentina,18,2025-01-07 11:54:41,t1_m5v3txf,t3_1hvpovc,comment
m5vcpfx,"No tiene sentido pensar eso porque los mercados son competitivos, si podés obtener la misma ganancia que antes  pero vendiendo un 45% más barato es lo mejor que te puede pasar como empresario. Si decidís mantener el precio al que se veía sujeto cuando estaba gravado te vas a quedar afuera del mercado muy rápido ya que estás fuera del precio óptimo de venta que va a adoptar toda tu competencia.",GuIdOgER,argentina,3,2025-01-07 10:48:52,t1_m5uy7zq,t3_1hvpovc,comment
m5v2ffi,"en ese caso el primero que llega sin cobrarte ese 45% se come el mercado, y asi de a poco hasta que se termine de abrochar el total de ese 45%

no existe pagar mas cuando no esten los impuestos: ante la libre competencia siempre va a haber alguien dispuesto a ajustar los margenes de ganancia para ""agilizar"" su comercio, sea por las buenas o las malas

> pero convengamos que muchos de los empresarios desean un margen de ganancia de 200% el ejemplo más caro son las heladerías

que explica el exito rotundo de la cadena de helados ""low cost"" grido",hernankukal,argentina,11,2025-01-07 09:37:07,t1_m5uy7zq,t3_1hvpovc,comment
m5v584l,"Se llama oferta y demanda cuando vas a estudiar o si lo tuviste en el colegio sabrias esta simple respuesta, caudno alguien quiere vender mas caro que el mercado este no puede porque en el mercado hay precios mas bajos haciendo que la gente le compre menos, como estamos viviendo en un pais libertario si vos no bajas el precio, No te preocupes! El chino o quien carajo sea lo va a hacer por vos y vos te vas a quedar sin un peso en el bolsillo pero para que eso ocurra hay que bajar el Riesgo Pais, que es lo que esta haciendo Milei,.. se vino finalmente el cambio reformativo que tanto deseamos en la Argentina y se vino para quedarse, el Socialismo es un problema del pasado",[deleted],argentina,0,2025-01-07 09:58:08,t1_m5uy7zq,t3_1hvpovc,comment
m5v6z4k,"a veces una marca tiene un modelo de auto a 20k, al mes siguiente trae otro modelo nuevo importado a 45k, que hace la marca? sube el de 20k a 35k para achicar el margen con el importado y que el cliente no tenga opcion, lo mismo pasa con los electricos que empiezan a entrar... todo eso te habla de que muchas veces no importan tanto los impuestos sino los mercados cerrados, consumidores cautivos, etc...",inflaciont,argentina,7,2025-01-07 10:10:42,t1_m5v0pvh,t3_1hvpovc,comment
m5v6nzv,"Yo entiendo eso, la economía Argentina es una trampa... tuvimos oportunidades para hacerlo bien, después del Rodrigazo en el 75, la hiper de Alfonsín/Menem en los 90 y el ajuste de Duhalde en 2002, pero seguimos haciendo lo mismo y cada vez es más difícil recomponerse...  
Si Macri hubiera hecho el ajuste que está haciendo Milei, hubiera sido mucho menos recesivo, pero es un cagón e inoperante.  
Ojo, no quiere decir que Milei lo vaya a hacer bien, pero que empezó mejor, seguro.   
La gente que piensa que estamos mal no tienen ni puta idea del desastre del que zafamos hace un año, una hiperinflación en un país tan endeble estructuralmente como está Argentina ahora, sería una catástrofe.",ChantyRecords,argentina,63,2025-01-07 10:08:30,t1_m5v5do2,t3_1hvpovc,comment
m5vg5pn,"Que algunas provincias aumenten la presión fiscal es ""sano"" en el sentido del federalismo y competitividad. Así como BsAs perdió una mega inversión por no entrar en el RIGI y se fue a Río Negro esa plata, así debería ser el manejo ""normal"" en el país: las provincias deberían competir por ser atractivas para los inversores.

Es un pijazo en el corto plazo, pero en el mediano y largo, va a terminar de desarrollar areas del país que están subdesarrolladas porque tienen exactamente la misma carga fiscal que un centro urbano, sin poder competir.",ElMarkuz,argentina,14,2025-01-07 11:10:29,t1_m5v5do2,t3_1hvpovc,comment
m5zkhg2,"El mercado en argentina no es muy sano, y en parte SI que tienen la culpa las normativas que pone el pais tanto en materia regulatoria como impositiva, y ambas cosas tienen que cambiar. El tema es que decir ""los empresarios son los que tienen la culpa"" no solo ignora la dimension del problema si no que mete a todo el mundo en la misma bolsa, lo cual es una retorica populista igual a la de milei o la de cualqueir otro que tira un ""ellos vs nosotros"". 

Otra cosa a tener en cuenta es que muchas veces, al menos negocios chicos, TIENEN que vender mas caro porque no llegan con el volumen para cubrir los gastos de otra forma. 

Pero si, esta lleno de ""oligarcas"" como dicen, el tema es que no los salvas  ni protegiendolos ni cortandoles las alas como auguran inocentemente algunos mileistas, ya que mas que demostraron que  los precios siguen igual y aun si no hay colusion  el mercado siempre va a poner de base su base preexistente salvo que haya muuuuuucha competencia..... Es por eso que para solucionarlo lo unico que podes hacer es un ataque en pinza por un lado abriendote a las importaciones (pero  ahi tenes que analziar que cuota del mercado significan dichas empresa para ver COMO lo haces, ya que a diferencai de lo que muchos mamertos piensna, si bien es una ventaja consumista tener un costo mas barato, si fundis empresas de golpe o hay recortes muy grandes, tiene repercusiones recesionarias gigantes porque hay menos guita dando vuelta en el mercado en primer lugar) y por el otro alentando (credito, subsidios, etc) a las PYMES especificamente, aunque en algunos casos omo la pesca empresas grandes, lo mismo con las lienas arereas (aunque exigirles mas con regulaciones para que no pase la guasada que paso con flybondi)

Basicamente, tanto los que piensan que alguien es malo por ser empresario y piensna que un pseudo capitalismo de estado con hiperproteccionismo desenfocado son la solucion, como aquellos que piensan que el mercado es perfecto y se soluciona solo y que las regulaciones son malas simplemente por regular, son ambos perejiles sin la mas minima idea de como hacer funcionar  ni un kiosco, menos un pais",simonbleu,argentina,2,2025-01-07 23:54:20,t1_m5v8hhs,t3_1hvpovc,comment
m5v3dj7,">el primero que llega sin cobrarte ese 45% se come el mercado

Y luego te caen encima todos, porque competencia desleal y coso...",PastichoConTuco,argentina,2,2025-01-07 09:44:26,t1_m5v2ffi,t3_1hvpovc,comment
m5vhz01,"No pueden bajar los impuestos con tantos pagos de deudas, te fijaste los intereses de bonos y letras que emitieron el 2024? 
También está el tema del cepo, si bien no están interviniendo como en otras épocas necesitan tener reservas para hacerlo todos estos meses.

Para mí liberan el cepo este año, bajar los impuestos lo dudo mucho, quizás el año que viene o en diciembre.",milfenjoyer_69,argentina,2,2025-01-07 11:21:27,t1_m5vdrit,t3_1hvpovc,comment
m5viyl8,"Las industrias ya establecidas son las que más van a sufrir, claramente nuevos inversores irían a las provincias más atractivas en cuanto a carga impositiva, también tenés que tener en cuenta que gran cantidad de industrias son inherentes a ciertas regiones o no se pueden ir a otro lado.

Podes tratar de tener un mejor federalismo pero vas a tener que reestructurar todo.",milfenjoyer_69,argentina,2,2025-01-07 11:27:19,t1_m5vg5pn,t3_1hvpovc,comment
m5vgj9c,"Te banco en esa... es lo mismo con la AGRO. A principios del año pasado decían que no iban a liquidar con el dolar a 1000 porque segun ellos debería estar a 2000, pero bien que con Massa liquidaron a 300 cantidades record.

Ajo y agua, para mí tiene que sobrevivir el que sepa manejar su producción e invierta como en cualquier lado del mundo. Se termino la de tener la vaca atada.",ElMarkuz,argentina,10,2025-01-07 11:12:47,t1_m5v8x50,t3_1hvpovc,comment
m5zljvj,"Exacto.

Peeero te sumo igual un par de cositas, una de aplicacion y otra que va por encima para el prospecto economico del pais

1) No podes abrir abrupta e indiscriminadamente, tenes que analizar como esta ligado al mercado laboral para evitar una recesion afectando al mercado y terminas con un pais aun menos industrializado y con sueldos aun mas bajos

2) Subsidiar empresas nuevas con guita, tasas de credito y bajas de impuestos, temporales y en especial PYMES para  que haya un boom de inversion local que de otra manera no funcionaria. Esto bien hecho mas que le pasa e ltrape a un superavit porque es escalable

3)  Mas federalismo (cque compitan las provincias con bajas de impuestos, cambiando el sistema e ngeneral bajo el cual nos regismo) MAS profundizar algo como el mercosur en algo mas similar a la UE, al menos en materia economica, para aumentar la competitividad regional

... Si SOLO abris importaciones, ya se ha hecho, no es necesariametne positivo. En algunos casos si, otros no tanto. Pero si lo haces bien, no hay vuelta atras de eso, para bien",simonbleu,argentina,0,2025-01-08 00:00:31,t1_m5v8x50,t3_1hvpovc,comment
m5vju15,"El impuesto más nos carcome la economía es IBB, termina representando entre 20/30% del precio final (en algunos casos llega casi al 50%)",TartaVoladora,argentina,5,2025-01-07 11:32:28,t1_m5vcy30,t3_1hvpovc,comment
m5vass6,"Esto siempre me pareció una pelotudez más grande que la Patagonia. Por qué mierda tengo que estar atado a los precios que ponen los demás?

Tenia un amigo que tenía una comiqueria, y como compraba material impreso afuera, le venía barato en verdes, pero con esa gilada de la competencia desleal no podía poner precios copados sin que le salten a la yugular. El loco salía ganando lindo porque le sacaba un re margen, pero mientras uno de afuera ve que si todos venden a 50 lo que consiguen a 10, por qué quien quiere ponerlo a 35 no puede?

Eso, hasta que llegó uno que le sobo la garlopa la competencia desleal, y como conseguía muy barato, vendía muy barato (termino medio entre precio de costo y lo que otros tenían venta al público), se comió el mercado, todos lo odiaban porque la levantaba en pala y todos los clientes se mudaban al que les convenía al bolsillo...

...hasta que le comenzaron a inventar cosas nefastas para bajarlo (desde cancelación con feminismo, a venta de cosas truchas, a mercadería robada, hasta contactos con el gobierno que le permitía traer de contrabando!), el loco harto de eso, vendió todo y se tomó el palo.

Ahora muerto está el mercado de comics importados, gracias a que ""la competencia desleal"" volvió a ser dueño del mercado.",Matt_Banned,argentina,6,2025-01-07 10:36:33,t1_m5v3dj7,t3_1hvpovc,comment
m5vbko0,"En mercados no cartelizados no, eso te pasa con las prepagas por ejemplo. 

Fíjate las airfryer y todas esas cosas, bajaron de precio y bien se abrió la importación",TartaVoladora,argentina,2,2025-01-07 10:41:36,t1_m5v3dj7,t3_1hvpovc,comment
m5viod3,"Esas cosas son gracias al socialismo, ya vas a ver como las boludeces estas se van a ir yendo tan rapido como se abra el mercado y empieza a ver competencia",[deleted],argentina,-2,2025-01-07 11:25:38,t1_m5v72bi,t3_1hvpovc,comment
m5v736s,"Es una mentira eso los monopolio tambien compiten en el mercado liberal, en un mercado capitalista como el de usa los monopolios si estan protegidos por el estado",[deleted],argentina,-5,2025-01-07 10:11:30,t1_m5v5poy,t3_1hvpovc,comment
m5uziom,"Creo que te quiso decir que los sueldos medidos en dólares te daban muy bajos, lo que hacía que a vos te cueste mucho más comprar el mismo producto que compra un chileno ponele",inflaciont,argentina,7,2025-01-07 09:13:38,t1_m5uyehv,t3_1hvpovc,comment
m5whhv4,"Las provincias tienen que bajar muchisimos gastos. ¿Viste la cantidad de áreas de gobierno que tiene kicillof en buenos aires? 

ministra de ambiente

ministra de comunicacion publica

ministro de desarrollo agrario

ministro de desarrollo de la comunidad

ministro de economia

ministro de gobierno

ministra de habitat y desarrollo urbano

ministro de infraestructura y servicios publicos

ministro de justicia y derechos humanos

ministra de mujeres y diversidad

ministro de produccion, ciencia e innovacion tecnologica

ministro de salud

secretaria general

ministro de seguridad

ministro de trabajo

ministerio de transporte

director general de cultura y educacion

presidenta del instituto cultural de la provincia

jefa de asesores del gobernador

  
Total: 19.

fuente: [https://www.gba.gob.ar/areasdegobierno](https://www.gba.gob.ar/areasdegobierno)  
  
Mientras la provincia tenga que mantener tantos gastos, nunca van a bajar los impuestos internos o reformar el sistema fiscal. Y esto es solo de PBA, no se como es la situacion en otras provincias, pero se ve que les gusta inventar cargos y contratar amigos.",ApprehensiveKiwi8079,argentina,5,2025-01-07 14:25:15,t1_m5vgrxo,t3_1hvpovc,comment
m5va2nx,"Las prepagas siguen siendo un desastre, ni cumplieron con la orden de devolver lo que cobraron de más, y la mayoría sigue con todos los clientes cautivos ¿De qué estás hablando? ¿Del caso puntual de Medicus que ofrece un descuento falopa a nuevos afiliados pero a los existentes se los sigue cogiendo?

OSDE, Accord, y compañía siguen aumentando por encima de la inflación, a la vez que quitan prestaciones y suman copagos. Y muchísima gente no puede irse porque sus pre existencias les impiden que otra prepaga los tomen.

Cuando se resuelva el tema de las prepagas realmente, hablamos. Ahora mismo estamos en la misma mierda que hace un año.",ArgPod,argentina,7,2025-01-07 10:31:45,t1_m5v8tmp,t3_1hvpovc,comment
m5v4gkl,"Ahora también, la mediana del sueldo de empleados privados está alrededor de 500k a 600k. Ponele 500usd, solo el 10% de la población en ""blanco"" gana más de 900usd al mes (y la mediana de ese decil es de 1100usd).

El problema para mí son que la economía se sinceró, se sacaron todos los subsidios y regulaciones de precios pero la presión impositiva sigue casi igual que antes, si bien los salarios subieron el costo de vida subió más.",milfenjoyer_69,argentina,3,2025-01-07 09:52:33,t1_m5uziom,t3_1hvpovc,comment
m5pli78,"podes sacar pesos chilenos, pero te sale caro pq te cobran el movimiento de cajero en chile + lo que te cobra tu banco por operar afuera. Con algunos bancos q estan en arg y chile con los paqueres premium tenes un par de extracciones gratis en sus cajero pero solo de pesos chilenos. Dolares podes ir a comprar a un banco con pesos chilenos (yo he comprado muchas veces en banco estado), todos los cajeros q entregan dolares q conozco en chile es solo si tenes cuenta en ese banco y sos chileno pq te piden RUT.",storax80,argentina,3,2025-01-06 12:45:45,t3_1huoemd,t3_1huoemd,comment
m5ybgaf,En general los cajeros en chile solo entregan pesos chilenos (quiza excepto un par en el aeropuerto de santiago).,Ratanas1,argentina,3,2025-01-07 19:44:32,t3_1huoemd,t3_1huoemd,comment
m5yczuf,"Actualizo: pude sacar pesos chilenos de un cajero Santander desde mi caja de ahorro en dolares sin ningun tipo de comision por el cambio de divisa, solo me cobraba 8500 pesos chilenos por transaccion (alrededor de 9 usd). Asi que excelente, super conforme.",Powerful_Angle_7367,argentina,2,2025-01-07 19:52:28,t3_1huoemd,t3_1huoemd,comment
m57s939,"tremendo como militan la devaluacion. 

literalmente tenemos sueldos de miseria porque el peso no vale nada. ahora que se recupera el peso te dicen ""no pero hay que devaluar, todo esta carisimo""

amigo, en que momento de la historia argentina se devaluo la moneda y los precios nominales siguieron iguales? vamos.

ponele que devaluan, saltan de nuevo los indices de pobreza y estos mismos militantes de la devaluacion te van a decir que el sueldo no alcanza y que la inflacion vuelas. vayanse a la mierda, operadores mercenarios hijos de puta.",hjf2014,argentina,224,2025-01-03 14:52:13,t3_1hsruv2,t3_1hsruv2,comment
m58twgo,"Esperar lo mejor, prepararse para lo peor.

Tienen soga hasta fin de año. SABER ESO el primero de enero es un alivio.

La pregunta es cuando la economía va a crecer y las inversiones llover como para generar los millones de empleos que este pais necesita.

Ninguna de las inversiones que han anunciado hasta ahora generan empleos al ritmo que este pais necesita. El salario minimo esta debajo de los 300k y el 70% de la gente gana menos de 800 dolares por mes.",Interesting-Dream863,argentina,1,2025-01-03 17:59:38,t3_1hsruv2,t3_1hsruv2,comment
m5b9btp,"""el gobierno muestra los dolares"", cuanta zaraza junta.",Ok-Perception-2397,argentina,0,2025-01-04 02:37:54,t3_1hsruv2,t3_1hsruv2,comment
m58u5sq,"La economía de Brasil va mal, por eso tuvieron que devaluar la moneda. Para aumentar el turismo. Sumado a la suba del IVA.",[deleted],argentina,10,2025-01-03 18:00:56,t1_m57p6i2,t3_1hsruv2,comment
m58aeyv,"Que termo que hay que ser para querer que a tu país le vaya mal... si gobernarnaron tan para el orto que una ideología impopular -el liberalismo- gano cierren el culo y hagan mea culpa. Si el mercado esta depositando confianza es una gran señal, vos crees que esa gente es tonta?",PurguitasLK,argentina,41,2025-01-03 16:21:15,t1_m587vv2,t3_1hsruv2,comment
m58zu7d,"Por que no bajan los impuestos la mayoria de los alimentos no tiene iva en usa wue ni enterado de 150 dolares 84 centavos fueron de iva, la competitividad da dada por menos trabas e impuestos",[deleted],argentina,5,2025-01-03 18:29:47,t1_m57vdud,t3_1hsruv2,comment
m5b0oh5,"No usemos un pesimo desempeño y excusas corruptas del peronismo como un absoluto. Si no lo lelvamos al extremo y decimos que porque el peronismo estuvo (en este siglo) en democracia entonces hay que eliminar a la misma..... la devaluacion TIENE su momento y lugar en donde es estrategico o mas razonable uqe la alternativa. El problema es que aca se ha abusado de la misma como una tarjeta de credito infinita, asi que obvio que no aplica ahi. Es lo mismo que con una deuda:  No es lo mismo usarla para arreglar el auto y ponerlo a trabajar que para timbear todo en el casino.

Respecto a lo que dice el otro usuario esta hablando del forro de sus pelotas, la moneda no tiene NADA que ver con los salarios8 Distinto es que los movimientos de la misma afecten a la economia, pero eso es variacion, no nominalidad, y lo podes ver tranquilmanete con paises que tienne mejores sueldos que nosotros y monedas que nominalmente  ""peso a peso"" valen menos). Y si, estamos bastante caros, a un punto que es ridiculo, y en su grandisima mayoria, a pesar de los que dicen algunos huevones que ni se gastaron en comparar cargas impositivas con otros paises, la razon de ello actualmente, mas alla de la competitividad (porque hay colusion tambien y en general la competencia no suele ir por debajo de la base del mercado salvo que haya MUCHA presion) es mitad especulacion de viveza criolla indexando al dolar y especulando con la devaluacion que hubo en diciembre, y mitad por el cepo y la misma que elevo  los precios, y sumado (en algunos sectores) a la desregulacion y quita de subsidios por supuesto que se fue al carajo. En algunos casos tiene sentido, ne otros no tanto, pero no es ""por que la moneda no vale nada""

Edit: Cada dia la comunidad aca demuestra que sabe y se interesa menos por la economia de lo que pregona....",simonbleu,argentina,-5,2025-01-04 01:33:06,t1_m57vdud,t3_1hsruv2,comment
m58hmpx,"Con lo que bajó la inflación, superávit gemelos, baja de impuestos (que recién empieza pero se va a profundizar en el 2025), y la estabilidad y credibilidad que está ganando el gobierno, te quedan dudas que va a haber “lluvia de inversiones”? No solo externa, pero mucha guita repatriada con el blanqueo.",FulanoMeng4no,argentina,3,2025-01-03 16:56:58,t1_m57w93u,t3_1hsruv2,comment
m58hf9c,"Pero si M3 es justamente el más amplio, y está subiendo impulsado por privados, y el crecimiento fuerte fué de los PF, que a su vez se revalorizan a base de un peso fuerte. Que hay que explicar? Básicamente toda inversión es bicicleta siguiendo tu lógica...

No hay que confiar 100% en nada, en eso concuerdo, pero estás equivocado a comparar esto Macri. El AL30D pareciera no tener techo, lo mismo con los bonos que le siguen, la bolsa va a seguir rompiendo records y las inversiones no van a parar. 

La diferencia esta vez no es Milei (O quizás sí), acá hay un interés geopolítico muy claro en que Argentina no se convierta en un estado fallido y esté alineada políticamente con occidente, ya que básicamente somos uno de los refugios del planeta en caso de WW3 (Que está más cerca que nunca).",ErgoMachina,argentina,2,2025-01-03 16:55:57,t1_m57w93u,t3_1hsruv2,comment
m59bix0,"Va mal? Tenes fuentes? Porque yo vi que el pbi aumentó por encima de lo esperado, el desempleo está en récord bajos históricos, la inflación debajo de lo pronosticado y como Lula le cortó los impuestos hasta 5k reales el “mercado” le subió el dólar… pero todas la métricas están mejor que nunca…
[acá lo vi](https://www.instagram.com/reel/DDuaYkKBA06/?igsh=MW4xMWJ2MDAzYjhqZQ==)",vrinca,argentina,-12,2025-01-03 19:30:06,t1_m58u5sq,t3_1hsruv2,comment
m58cw4x,"Creo que estas confundiendo deseo con prediccion del futuro.

Uno puede querer que al pais le vaya bien, pero no por eso va a confiar ciegamente en que las cosas se hagan bien a largo plazo.

>vos crees que esa gente es tonta

En lo personal, veo que confian en el corto plazo para sacar ganancias, eso no significa que siga a  futuro. Cuando veamos inversiones multimillonarias en produccion ahi hablamos.",KainLonginus,argentina,-24,2025-01-03 16:33:33,t1_m58aeyv,t3_1hsruv2,comment
m5dqx41,"💜; Uala.

40% TNA
Plazo fijo a un año 48% TNA.",[deleted],argentina,1,2025-01-04 14:29:22,t1_m586mxu,t3_1hsruv2,comment
m59e1jy,"Que suba el PBI no significa que la economía este bien. Puede estar inflado artificialmente. Estas politicas socialistas es pan para hoy y hambre para mañana. Con Bolivia pasaba lo mismo, hoy estan hundidos en el barro. La suba del IVA y la devaluación de la moneda es una clara señal. Lo del desempleo si vos metes gente en el estado, la tasa de desempleo baja pero endeudandote y aumentando impuestos.",[deleted],argentina,23,2025-01-03 19:43:43,t1_m59bix0,t3_1hsruv2,comment
m5ac42w,Es como decir que la economía de Formosa va genial porque no tienen deficit y tienen bajo desempleo...,YoungLittlePanda,argentina,1,2025-01-03 22:56:37,t1_m59bix0,t3_1hsruv2,comment
m5922by,No pudieron predecir el corto plazo diciendo que el dolar se iba a 3000 mira si van a saber predecir el mediano o largo 🤣,SpellOk796,argentina,8,2025-01-03 18:41:06,t1_m58cw4x,t3_1hsruv2,comment
m59np2b,"Tal cual. Es solo un indicador. Si sabemos que sube porque favorecieron a los de más abajo y hay más laburo ahora. No es artificial. Es más la economía pasó a Italia y Canadá estos últimos años. El IVA no subió que yo sepa. Además subió en todos lados el dólar, hasta en australia. Y lo de meter gente en el estado no se de donde lo sacas, te olvidas me parece que son 220M los tipos hahaha estás opinando sin saber brother.",vrinca,argentina,-3,2025-01-03 20:37:32,t1_m59e1jy,t3_1hsruv2,comment
m59mcdc,"No no, estás desinformado con lo de los impuestos. Subió impuestos a los super ricos, unos 65 tipos de 220M y eximio a todos hasta 5k BRL. 
El tipo de cambio se lo subió el “mercado” (esos 65 tipos) justamente por esa movida que favorece a los de más abajo. Por lo del déficit lo que leí es que pagaron el año pasado todo el déficit que había dejado bolsonaro…",vrinca,argentina,-2,2025-01-03 20:29:51,t1_m59ks1h,t3_1hsruv2,comment
m596vju,"Si me estas tratando de agrupar con los que dijeron que se iba a 3000 estas meando fuera del tarro. Era evidente que el valor del dolar al asumir Milei iba a subir a valores similares al Blue, pero al no quitar el cepo el blue subio tmb de manera proporcional. De ahi en adelante el dolar se mantuvo anclado por debajo de la inflacion con el crawling peg, haciendo que los intereses en pesos sean mas atractivos y geneando bicicleta financiera.

Ese es el corto plazo.",KainLonginus,argentina,-1,2025-01-03 19:05:30,t1_m5922by,t3_1hsruv2,comment
m5a8pnl,"No hace falta que lo diga alguien de derecha. Que suba impuestos y devalúe, la piña es segura. Todo eso tiene un costo negativo para cualquier economia. No pasa por algo ideologico. Pan para hoy y hambre para mañana.",[deleted],argentina,5,2025-01-03 22:36:36,t1_m59nx8e,t3_1hsruv2,comment
m5djws0,No devaluaron l moneda para impulsar el turismo hahaha les chupa un huevo los turistas Argentos ya que rompieron récord de ingresos internacionales de todas formas. Es “el mercado” intentando boicotear el plan económico. Nada más. Habla de BR como si fuera Argentina y no es. Y el IVA pasó de 27% a 28%… no me quieras mandar fruta con datos fuera de contexto hahaha,vrinca,argentina,1,2025-01-04 13:52:39,t1_m5abuvm,t3_1hsruv2,comment
m5djd9r,Lo digo solo porque no es alguien queriendo boicotear la economía sin cerebro. No “subió los impuestos”. Sino que se redistribuyó la carga fiscal favoreciendo a los de más abajo para empujar la economía toda más. Se entiende? Los 65 MM de más arriba pagan más y unos millones pagan menos pero la ecuación se mantiene balanceada.,vrinca,argentina,1,2025-01-04 13:49:49,t1_m5a8pnl,t3_1hsruv2,comment
m59v676,"O sea que lo del IVA era mentira?, lo de la devaluacion era mentira?... Y bue capo, si no lo quieres aceptar la realidad anda a tomarte una caipiriña y ver Tropa de Elite que es lo único bueno que tienen... eso y las prostitutas baratas ahora que devaluaron y son mas ""competitivos"".",agustinveinte,argentina,4,2025-01-03 21:19:16,t1_m59ug41,t3_1hsruv2,comment
m5gc68j,"Pero flaco, no leíste mis comentarios anteriores? Tienen todas las métricas mejor que los pronósticos. La economía creciendo por donde la mires. Déjame de boludear y ponerte a leer antes de seguir repitiendo discursos fuera de contexto.",vrinca,argentina,1,2025-01-04 22:57:35,t1_m5emb09,t3_1hsruv2,comment
m5divkw,"Cero contenido tu comentario capo. 
El IVA es menos del 1%. La devaluación son los ricos queriendo boicotear el plan económico. 

El plan económico en datos: reducción del déficit primario de 76% en 2024 - pagaron una “bomba fiscal” que dejó Bolsonaro de 180B reales ( 180.000.000.000 BRL / 30B USD ) están haciendo ajuste fiscal con crecimiento. 

Ahí vos me decís que yo no acepto la realidad… daaaleee no seas troll papu. Hahaha",vrinca,argentina,0,2025-01-04 13:47:17,t1_m59v676,t3_1hsruv2,comment
m5do4ts,">Cero contenido tu comentario capo. El IVA es menos del 1%. La devaluación son los ricos queriendo boicotear el plan económico.

¿O sea que si hubo devaluacion y aumento del IVA?, aceptaste la realidad entonces. Igual te digo la verdad, nos chupa un huevo, si se extingue la cipiriña.

PD: SI quieres lamerle las corotas a Lula, anda sub BR huehuehue.",agustinveinte,argentina,0,2025-01-04 14:14:41,t1_m5divkw,t3_1hsruv2,comment
m9yb7og,"No tiene ningún sentido comparar a China con Argentina. Estás comparando un régimen con mano de obra esclava contra un país hecho mierda por el peronismo que siempre tuvo déficit pero es un país democrático y que respeta la constitución y los poderes independientes del estado. Si el tema de fondo es el superávit, claramente mejora la economía de cualquier país ya sea China, África, Rusia o Argentina. Que tendría de malo tener superávit?",Still_Lemon_5598,argentina,18,2025-01-30 00:49:56,t3_1idbemc,t3_1idbemc,comment
m9y2qg1,Y... después de 30 años de trabajo esclavo cualquiera sale adelante. Reventaron medio pais y después ponen subsidios una vez que alcanzaron al resto de las economías ,KineasARG,argentina,16,2025-01-30 00:00:26,t3_1idbemc,t3_1idbemc,comment
m9z0zrh,"Y que haces aca que no estas abriendo un supermercado en china?
Nunca te cruzaste a un chino en lo que es negociacion o ventas, son un dolor de pelotas enorme.",cuentafalsa12345678,argentina,6,2025-01-30 04:01:18,t3_1idbemc,t3_1idbemc,comment
m9zoy8p,"Si querés una economía como la China, estás dispuesto a aceptar sus condiciones laborales? No quiero quejas después",NewHighlight5243,argentina,2,2025-01-30 08:03:30,t3_1idbemc,t3_1idbemc,comment
m6hg9f1,"r/merval

Spoiler: No hay muchas cosas ""pasivas"" que generen dinero que no sea via mercado de capitales.",Adventurous-Oven-562,argentina,23,2025-01-10 19:51:45,t3_1hyhbkm,t3_1hyhbkm,comment
m6hkj1v,"Con 300.000 te recomendaría un micro emprendimiento (porque para invertir en algunos bonitos o monedas, te va a dar centavos). Por ejemplo podés ir a Once y comprar para revender en algún rubro por marketplace. Por ejemplo, yo alquilo en un showroom y muchas chicas venden mochilas o carteras tipo *Cute/Kawai* a 30 lucas, y les sale. Yo sé que las compran a menos de la mitad a los koreanos de Once jsjsjs. Te recomiendo aprovechar y revender algo que en caso de que salga lento podés usar, por ejemplo algo de vapers que ví que dijiste por arriba.",maiden2030,argentina,17,2025-01-10 20:15:21,t3_1hyhbkm,t3_1hyhbkm,comment
m6hvout,En el supermercado,SanD-82,argentina,13,2025-01-10 21:18:41,t3_1hyhbkm,t3_1hyhbkm,comment
m6hhhnc,En mi jueguito ahre. Es muy poca plata para hacer una inversión fuerte. Podrías meterlo al banco o comprar bonos del estado. De última dejarlos en MP y que genere ingresos.,raptidor,argentina,25,2025-01-10 19:58:25,t3_1hyhbkm,t3_1hyhbkm,comment
m6hh9sn,300 pesitos a invertir en plazo fijo okkk,Massive-Educator4209,argentina,8,2025-01-10 19:57:13,t3_1hyhbkm,t3_1hyhbkm,comment
m6hjr6b,"300k es muy poca plata, y más si querés que se haga sola. Hasta para trading que es lo más volátil es poco",Constant-Frame2677,argentina,14,2025-01-10 20:10:59,t3_1hyhbkm,t3_1hyhbkm,comment
m6i9hcd,"Ponela en mercado pago o uala (mercado pago da menos rendimiento pero te salva las papas en una emergencia, uala tiene lindo rendimiento pero es menos aceptado que mp) y seguí ahorrando en mí casó estoy ahorrando para un terreno",RevolutionaryEye7610,argentina,3,2025-01-10 22:36:42,t3_1hyhbkm,t3_1hyhbkm,comment
m6hkped,"Un FCI, los gordos del Merval te pueden explicar con más detalle, andá a ese sub. Seguro necesitas una cuenta comitente en alguna Alyc",TocaDeAca,argentina,2,2025-01-10 20:16:21,t3_1hyhbkm,t3_1hyhbkm,comment
m6hvfkd,dedícale un % a comprar acciones a empresas tecnológicas,Eternal_visions,argentina,2,2025-01-10 21:17:16,t3_1hyhbkm,t3_1hyhbkm,comment
m6iirxr,Plazo fijo y renovalo mes a mes. No se si hay algo para invertir q no sea comida o algo para revender,virginialister,argentina,2,2025-01-10 23:30:21,t3_1hyhbkm,t3_1hyhbkm,comment
m6lqo8h,"Sin desmerecer, no es mucha plata.

En mi opinion, eso te reduce a dos tipos de negocios:

1- Comida: Baja inversion, alto rendimiento.. eso si, laburas como un negro.

2- Lo mas basico de algun rubro: Por ejemplo, podes comprar una frasadora, una sierra, lija/lijadora, cepillo de carpinterio y ponerte a hacer tablas de madera para cortar, cajitas de herramientas, etc (Creo que te alcanza para todo). Eso si, tarde o temprano alguien te va a decir ""y muebles no haces?"" y ahi ya vas a necesitas una sierra de banco, sargentos, formones, cola, etc. A lo que voy es que con 3 herramientas estas acotado en lo que podes hacer.",These-Market-236,argentina,2,2025-01-11 14:22:42,t3_1hyhbkm,t3_1hyhbkm,comment
m6hmbpf,FCI,MatesxArg,argentina,1,2025-01-10 20:25:27,t3_1hyhbkm,t3_1hyhbkm,comment
m6homf3,"Depende cuanto tiempo quieras invertir esa plata,

Si es para dentro de un mes, algun FCI tipo naranja x , MP

si es para 3 meses, plazo flijo uva

si es para mas, podes hacer cedears, bonos, etc, tambien podes diversificar.",Piierree,argentina,1,2025-01-10 20:38:27,t3_1hyhbkm,t3_1hyhbkm,comment
m6hq0jk,En un curso de finanzas,RunPlz,argentina,1,2025-01-10 20:46:24,t3_1hyhbkm,t3_1hyhbkm,comment
m6hrpls,ypf,Western-Budget-6912,argentina,1,2025-01-10 20:56:04,t3_1hyhbkm,t3_1hyhbkm,comment
m6hy39i,Compra bitcoin y olvidate por 5 años,Doubtless6,argentina,1,2025-01-10 21:32:15,t3_1hyhbkm,t3_1hyhbkm,comment
m6hy9ux,"Cedears. Los más seguros, y dejala a largo plazo (6 meses para arrriba)
Podes usar alguna IA para investigar un poquito, no hace falta volverte un tincho.",AlternativeShame1983,argentina,1,2025-01-10 21:33:18,t3_1hyhbkm,t3_1hyhbkm,comment
m6hzqtc,"Facil cosas de temporada. Ejemplo venta de helados o bebidas sobretodo en eventos masivos.

El trading tampoco es que sea algo imposible de aprender aunque si hay muchos vende humo en eso o se enseñan teorías no muy útiles como el smc. Sin embargo se puede aprender teorías buenas, como la versión mas pulida de elliot es gratis si buscas.",sdcaza,argentina,1,2025-01-10 21:41:33,t3_1hyhbkm,t3_1hyhbkm,comment
m6ij36n,Hay muy buenas opciones de inversión temporaria en el proyecto bosques de Palermo,fuck-yeah-guy,argentina,1,2025-01-10 23:32:13,t3_1hyhbkm,t3_1hyhbkm,comment
m6izn9g,Lecap para corto plazo no más de 6 u 8 meses. Billetera virtuales tipo Nx. Plazo fijo cripto en Nexo. ,Lichudlat_,argentina,1,2025-01-11 01:15:45,t3_1hyhbkm,t3_1hyhbkm,comment
m6izymf,Bitcoin y olvidese de esa plta por 10 años,Jamesdarma,argentina,1,2025-01-11 01:17:59,t3_1hyhbkm,t3_1hyhbkm,comment
m6j54eh,Cositorto!!! Tiene un bot navideño que te duplica la inversion en 15 minutos!,Historical_Body_4260,argentina,1,2025-01-11 01:55:31,t3_1hyhbkm,t3_1hyhbkm,comment
m6jkjwv,Bitcoin,cyberplanta,argentina,1,2025-01-11 04:12:11,t3_1hyhbkm,t3_1hyhbkm,comment
m6k5gyf,"Ni que fueran 3 millones, andá al supermercado y gastátelo",Dthwish555,argentina,1,2025-01-11 07:56:36,t3_1hyhbkm,t3_1hyhbkm,comment
m6kj3q2,Acciones argentinas,dinovfx,argentina,1,2025-01-11 10:04:13,t3_1hyhbkm,t3_1hyhbkm,comment
m6l4v6k,"1) /merval

2) Es muy poca plata asi que realmente no vas a poder hacer mucho. Incluso alguna cosa chica para revender te deja medio en bolainas salvo que arranques ocn una escala muuuy chica o vendas medias en el colectivo, pero mientras mas barata sea la cosa y menos guita tengas, mas esfuerzo vas a tener que poner en cuanto atiempo, no vale la pena

Mi recomendacion personal es que, si es 300k una sola vez, lo uses para vos en algo que te ahorre plate como por ej una reparacion, una herramienta, o hasta unas vacaciones cortas para despejar la cabeza si queres, todo vale. Si es mes por mes, me remito al punto 1 donde hay FAQ y opiniones porque depende mucho tus conocimientos y riesgo. Al no querer hacer trading imagino que te van a recomendar obligaciones, SPY y cosas asi, pero no son a plazo corto",simonbleu,argentina,1,2025-01-11 12:26:34,t3_1hyhbkm,t3_1hyhbkm,comment
m6mbgt5,Tengo Cocos y ahí compré Dólar MEP y después lo puse en un FCI,[deleted],argentina,1,2025-01-11 16:10:22,t3_1hyhbkm,t3_1hyhbkm,comment
m6nl3py,"Muchachos, a ver si entendemos de una buena vez...

Spoiler 1:

NO EXISTE FORMA DE HACERTE MILLONARIO SIN TRABAJAR.

Y Spoiler 2:

LOS TIPOS QUE HACEN MILLONES SIN TRABAJAR YA SON MILLONARIOS, PORQUE TRABAJARON, PORQUE LA HEREDARON O PORQUE CAGARON A ALGUIEN.

Para generar una ganancia ""pasiva"" de la que puedas vivir sin tocar los ahorros, tenés que hablar de una inversión unas 100 veces superior al monto del que dispones, mínimo, y tenés que saber un mínimo de finanzas o tener gente confiable que sepa de ésto.

Para los que NO SON MILLONARIOS, la mejor inversión que se puede hacer es en uno mismo.

Si tenés 300.000 pesos y sabes trabajar con las manos (carpintero, herrero, plomero, electricista o lo que fuere) compra herramientas. 

Si necesitas movilidad, intenta sacarte una moto barata. Las motos no sirven para conservar capital (no las baratas, o lo que le llaman ""motos chinas"") porque pierden valor con el uso, pero justifican ENORMEMENTE su precio en relación al tiempo que te hacen ganar, el costo del transporte y además la tranquilidad que te deja saber que tenés la libertad de moverte rápido y fácil sin depender de nadie. Además los seguros cuestan dos monedas, no necesitas estacionamiento, consumen muy poco combustible y las reparas con dos mangos por cualquier eventualidad.

Por último, podés usar esa guita para instruirte. Nunca está de más intentar hacer algún curso de cualquier cosa, sea idiomas, informática, oficios o lo que sea.

Es así muchachos, puede que la verdad no les guste, pero no hay otra.

Yo sé que está muy de moda hoy pensar que se puede invertir un sueldo mediocre en generar una actividad ""pasiva"" de la cual vas a vivir el resto de tu vida, pero no, no se puede hacer eso.

Encima ahora con Milei empiezan a aparecer todos éstos ""finance-bros"" y fanáticos del Bitcoin que te dicen ""sii loco invertí en Bitcoin, yo hice 3.000 dólares el mes pasado"" y hay un montón de pibes que se suben a ese caballo de los esquemas ponzi y terminan detonando los pocos ahorros que tienen.

Lo vi PILAS de veces.

Lo digo como alguien que tiene 35 años, que labura desde los 14, que viene de una familia de clase media pobre y que hoy tiene seis comercios y tiene una entrada de 5-6 millones de pesos mensuales.

Me costó UN HUEVO llegar hasta acá, y sigue costando UN HUEVO mantenerme acá, y con suerte voy a tener una vida cómoda y segura en una década más, si todo va bien y no viene otra crisis (sino a remontar de vuelta, que no sería una sorpresa porque estuve en la lona varias veces también).

Hay gente que con 35 años tiene más que yo?

Pffff... Un montón.

Hay gente que labura menos que yo y gana más?

Una banda. Yo tengo amigos que tienen mi edad y no han laburado EN SU VIDA.

Para la mayoría de las personas, sin embargo, la vida no es fácil. Hay que sacrificarse, trabajar, ser inteligentes y estar preparados siempre.

La otra que queda sino es ser un ilegal.

Como decían en una película famosa:

""El dinero legal es muy difícil de hacer. Ya hay mucha gente intentando eso.""

- Tony Montana -",Bloody_Mandrake,argentina,1,2025-01-11 20:14:44,t3_1hyhbkm,t3_1hyhbkm,comment
m6ntxxh,"anda a once y fijate que te sentirias confiado revendiendo, mucha gente vive exclusivamente de eso, con un porcentaje coherente 20/40% podrias tener 120 lucas semanales, pero implica mover el orto, si la reinvertis en mercaderia y te armas una cartera de clientes podes comprar mayores montos mayores descuentos y mas margen, si no estas en BS AS cagaste, no se secuestra un nene y vendelo, eso parece ser el principal negocio del interior",AsimovGiger,argentina,1,2025-01-11 21:04:43,t3_1hyhbkm,t3_1hyhbkm,comment
m6wy2a4,"u/JuacoNekerr : como habrás notado ... nadie tiene una respuesta para tu pregunta , ni ahora ni nunca , es como decirte que numero saldra en la loteria mañana. Es un trabajo personal, investigar, entender, probar, y aceptar las perdidas como en cualquier aprendizaje. Yo arranque a principios del año pasado, y por equivocarme de canal de transferencias de criptos, me quedaron 100 usd en la nube criptografica. O sea, perdi 100 dolares. Asi aprendi, a prestar mas atencion, a informarme mejor, etc. Te recomiendo en youtube: ""Finanzas con Luis"" , ""Ser Inversor"" : para comenzar... para arrancar... para aprender, y NO para invertir ya. Si esos 300.000 $ te urge invertirlo, metelo en un FCI de tu banco (no broker, no alic) y cuando estes seguro que hacer con ellos, los ""rescatas"" y lo ""reinvertis"" en algo. Exitos. Bienvenido al hoyo !",Clear-Contract-1049,argentina,1,2025-01-13 10:13:35,t3_1hyhbkm,t3_1hyhbkm,comment
m6wzczq,"No hay que tenerle miedo a comprar acciones, si no probas, nunca vas a aprender. Si es nomas para invertir y no para vivir, con muy poco podes...yo puse esa plata en acciones de barric gold y lomanegra y si sacaria hoy la plata, casi triplico...es verdad, tuve suerte, pero en general desde q empece con las acciones (desde el banco directamente) y deje los plazos fijos, ahorre mas en casi 3 años q en el resto de toda mi vida",Constant_Memory_2078,argentina,1,2025-01-13 10:22:39,t3_1hyhbkm,t3_1hyhbkm,comment
m6i5b7f,"Con 300k, me pago 2 cariñosas de las buenas y hago que me dejen temblando una semana. 

Es más rentable que invertir esa guita en los pseudo economistas de las redes.",WaTaFaca,argentina,0,2025-01-10 22:13:04,t3_1hyhbkm,t3_1hyhbkm,comment
m6i82sg,"Fijate los pines de r/merval, igual son menos de 300 USD, nada te va rendir mas que adelantar compras.",possiblecefonicid,argentina,0,2025-01-10 22:28:41,t3_1hyhbkm,t3_1hyhbkm,comment
m6iic6q,"Perdón la ignorancia, pero cuántos dólares es eso?",ATLAS-16-,argentina,0,2025-01-10 23:27:44,t3_1hyhbkm,t3_1hyhbkm,comment
m6hxn9o,"dejalos en mercadopagos jaja
cuando tengas 10 mil dolares pregunta denuevo",frandl,argentina,-1,2025-01-10 21:29:45,t3_1hyhbkm,t3_1hyhbkm,comment
m6jgtrw,"Empecé a invertir y a operar en el mercado digital en enero de este año. Tengo 38 años y actualmente estoy ahorrando 6500 euros de mi salario. No me arrepiento de nada, excepto de no haber empezado a invertir mientras estudiaba. Gracias Kathy Miguel, si no fuera por ti, todavía estaría sacando dinero de mi cuenta bancaria.",[deleted],argentina,-5,2025-01-11 03:35:53,t3_1hyhbkm,t3_1hyhbkm,comment
m6i1ll9,"https://enanosbuenosaires.com/
La mejor inversión",lna27,argentina,31,2025-01-10 21:52:04,t1_m6hhovl,t3_1hyhbkm,comment
m6hocgq,se escucha como un negocio rentable,[deleted],argentina,4,2025-01-10 20:36:53,t1_m6hh3va,t3_1hyhbkm,comment
m6hhsho,"Hice algo parecido, compré 10 vapes de 4.500 pesos y los vendí por 14.000, me queda uno todavía, pero me fue bastante bien, el problema con Amazon es que me rompen el opi al traerlo, y hay que rezar para que aduana no se lo quede",JuacoNekerr,argentina,7,2025-01-10 20:00:04,t1_m6hhjhj,t3_1hyhbkm,comment
m6j1rg9,"I will be messaging you in 1 month on [**2025-02-11 04:30:07 UTC**](http://www.wolframalpha.com/input/?i=2025-02-11%2004:30:07%20UTC%20To%20Local%20Time) to remind you of [**this link**](https://www.reddit.com/r/argentina/comments/1hyhbkm/en_qué_invertir_300000_pesos/m6j1odo/?context=3)

[**CLICK THIS LINK**](https://www.reddit.com/message/compose/?to=RemindMeBot&subject=Reminder&message=%5Bhttps%3A%2F%2Fwww.reddit.com%2Fr%2Fargentina%2Fcomments%2F1hyhbkm%2Fen_qu%C3%A9_invertir_300000_pesos%2Fm6j1odo%2F%5D%0A%0ARemindMe%21%202025-02-11%2004%3A30%3A07%20UTC) to send a PM to also be reminded and to reduce spam.

^(Parent commenter can ) [^(delete this message to hide from others.)](https://www.reddit.com/message/compose/?to=RemindMeBot&subject=Delete%20Comment&message=Delete%21%201hyhbkm)

*****

|[^(Info)](https://www.reddit.com/r/RemindMeBot/comments/e1bko7/remindmebot_info_v21/)|[^(Custom)](https://www.reddit.com/message/compose/?to=RemindMeBot&subject=Reminder&message=%5BLink%20or%20message%20inside%20square%20brackets%5D%0A%0ARemindMe%21%20Time%20period%20here)|[^(Your Reminders)](https://www.reddit.com/message/compose/?to=RemindMeBot&subject=List%20Of%20Reminders&message=MyReminders%21)|[^(Feedback)](https://www.reddit.com/message/compose/?to=Watchful1&subject=RemindMeBot%20Feedback)|
|-|-|-|-|",RemindMeBot,argentina,1,2025-01-11 01:30:44,t1_m6j1odo,t3_1hyhbkm,comment
m6iy4ab,"Acciones, bonos, letras de tesoro, cualquier papel que se compra venda en el mercado financiero",silentplus,argentina,7,2025-01-11 01:05:24,t1_m6ivqm5,t3_1hyhbkm,comment
m6ixswc,"https://www.mercadolibre.com.ar/creality-3d-ender-3-220v-negro/p/MLA24686764

Esta es buena a buen precio",DelphisNosferatu,argentina,3,2025-01-11 01:03:23,t1_m6iuzf2,t3_1hyhbkm,comment
m6hn9ra,Lo compre cuando recién salió que se podía comprar por Amazon con envíos de 5 dólares. Pague 15 de impuestos.,Select-Antelope-2969,argentina,13,2025-01-10 20:30:46,t1_m6hmt05,t3_1hyhbkm,comment
m6in9oy,"como IA, lo compran sabiendo qeu IA, pero son buenas imagenes, no las pedorras que se ve por ahi. Son packs de imagenes para juegos de mesa y rol. Aca en argentina con los mongos recontra re atrasados en lo que es el mundo de lo digital y la guita que mueven los juegos de mesa y video y que que piensan que el plazo fijo es para ganar dinero, obvio que piensan que la IA son solo esas imagenes hiper obvias.

Aca te dejo una sin retoques. No importa que te pongas a ver lso detalles especificos, lo que importa es que es aceptable para uso personal. Vender imagenes para uso personal, VA. La gente despues lo usa en sus proyectos personales, desde imprimir un poster hasta ponerlos en un PDF de un personaje de una campaña de Rol que vienen jugando hace 1 año

https://preview.redd.it/9c1n8gyz4ace1.png?width=2048&format=png&auto=webp&s=dbf3c4ebeb516ac8d6bebd4c28139d1b8bc9b90e",Rise-Of-Empires,argentina,1,2025-01-10 23:57:23,t1_m6im7c0,t3_1hyhbkm,comment
