id,text,author,subreddit,score,created_utc,parent_id,link_id,type
mxfrint,"Entonces, la inflación no era generada por demonios?",Any_Barracuda_9014,merval,74,2025-06-12 16:40:41,t3_1l9uv4n,t3_1l9uv4n,comment
mxfkaan,"\- Los precios al consumidor ([\#IPC](https://x.com/hashtag/IPC?src=hashtag_click)) aumentaron 1,5% en mayo de 2025 respecto de abril y 43,5% interanual.

\- La división con mayor alza mensual en mayo de 2025 fue Comunicación (4,1%), escoltada por Restaurantes y hoteles (3%)

\- En mayo 2025, Restaurantes y hoteles aportó la mayor incidencia sobre la suba mensual en GBA, la región Pampeana y Cuyo; Alimentos y bebidas no alcohólicas en NOA y NEA; y Vivienda, agua, electricidad, gas y otros combustibles en Patagonia",arithmetic_mean,merval,22,2025-06-12 16:06:07,t3_1l9uv4n,t3_1l9uv4n,comment
mxfyxbi,Pero si a mi me dijeron que esto explotaba porque era insostenible y el dolar esta planchado artificialmente?,Juanchopper,merval,29,2025-06-12 17:16:30,t3_1l9uv4n,t3_1l9uv4n,comment
mxfwmpw,"Qué querés que te diga, todos los bonos CER a más de inflación +10% me siguen gustando, especialmente los largos a 2027 y 2028.",elrond_lariel,merval,9,2025-06-12 17:05:18,t3_1l9uv4n,t3_1l9uv4n,comment
mxh9204,Yo pensaba que la inflación se bajaba midiendo góndolas....,NachoXX,merval,3,2025-06-12 21:24:44,t3_1l9uv4n,t3_1l9uv4n,comment
mxjqo8s,"En mi contrato de alquiler tenía IPC como referencia para aumento. Ahora que hacen me actualización, me dicen que es ICL... Kjjjj",carlitoxxe,merval,3,2025-06-13 08:55:31,t3_1l9uv4n,t3_1l9uv4n,comment
mxi1cwv,No tengo mucha idea pero el dólar ahora mismo no está muy barato?? Por eso nadie tiene intenciones de usar sus dólares o blanquearlos,kj0509,merval,2,2025-06-13 00:12:56,t3_1l9uv4n,t3_1l9uv4n,comment
mxfv5gv,Me quise  meter en eso pero después la dude. No sé si hasta un pf es la mejor opción,Alfa312,merval,7,2025-06-12 16:58:06,t1_mxfnn7w,t3_1l9uv4n,comment
mxfuhag,La inflación estaba en la cabeza de la gente.,typical_NPC_,merval,37,2025-06-12 16:54:53,t1_mxfrint,t3_1l9uv4n,comment
mxxizzb,Pero si no hay emisión porque sigue habiendo este valor que igual es bastante alto de inflación? No debería estar casi totalmente reducido?,AnfowleaAnima,merval,0,2025-06-15 13:27:21,t1_mxfrint,t3_1l9uv4n,comment
mxftay4,"No.... que no se mantenga.... en el contexto es magnífico 1,5% pero en un contexto de normalidad es una guasada de inflación, es casi 20% anual; cualquier número arriba de 2,5% anual ya está mal.

Recontra festejo y banco el número igualmente porque teniendo en cuenta el contexto es muy muy bueno, pero que no se mantenga, que siga bajando.",NoSoyEseQueDicen,merval,80,2025-06-12 16:49:14,t1_mxfkh01,t3_1l9uv4n,comment
mxgnryj,"Hubo uno que dijo que la inflación de mayo iba a ser 15%, estuvo a una coma de acertar",nomueraspolilla,merval,30,2025-06-12 19:24:53,t1_mxfyxbi,t3_1l9uv4n,comment
mxm9ubk,"Eso eran operadores.

Los datos serios los podés ver en el REM que recolecta el bcra todos los meses. Ahí tenés la proyecciones serías.",walace47,merval,3,2025-06-13 16:34:42,t1_mxfnh7w,t3_1l9uv4n,comment
mxgcdce,"Pero todas las predicciones se leen bajo un contexto... cuando efectivamente se acelero la inflación paso de 2.2% en enero a 3.7% en marzo la cosa pintaba fea... Si hacemos el forecasting que hace Milei, con esa tendencia para fin de año la inflación caminaba en torno al 124% mensual. ¿Qué paso en el medio? pidieron por DNU un rescate al FMI diciendo que la situación económica era crítica.  
  
Bueno lógicamente cambio el pronóstico, nos endeudaron en 20 mil millones adicionales con el FMI para sostener la política monetaria del dolar fijo. El tema es que la inflación en Mayo 2025 en EEUU fue de 0.2%, nosotros con cambio fijo nos dio 1.5%, lo cual debería hacerte algo de ruido.",Strong-Motor175,merval,-5,2025-06-12 18:24:46,t1_mxfnh7w,t3_1l9uv4n,comment
mxfzkct,Nunca entendí porque se alejan de los bonos CER si siempre le dan más que la inflación ad hoc.,Chambaconsueno,merval,2,2025-06-12 17:19:38,t1_mxfwmpw,t3_1l9uv4n,comment
mxg5gau,"La interanual no es sumar los numeros nada más 

Se calcula como la inflación que hubo en base al mes anterior en 12 meses, pensa que si un producto que estuvo a $100 en enero tuvo un 20% de infla y despues un 10% en febrero su precio no va a ser $130.
Primero se calcula el nuevo precio (en este ejemplo sería 120), y luego sobre esa base se le agrega el 10% de ese precio, y quedaría en $132.

De forma matemática seria:
Inflación interanual = (1 + i1/100) x (1 + i2/100) x ... x (1 + i12/100) - 1

Donde:
- i1, i2, ..., i12 son las tasas de inflación mensual para cada mes del año.",Juanchopper,merval,19,2025-06-12 17:48:56,t1_mxfyiug,t3_1l9uv4n,comment
mxg5puj,">No.... que no se mantenga.... en el contexto es magnífico 1,5% pero en un contexto de normalidad es una guasada de inflación, es casi 20% anual

Se refiere al futuro cercano, pensar que podamos perforar el 1% de aca a enero me parece una barbaridad. Recien el año que viene se va a lograr",01ares,merval,29,2025-06-12 17:50:18,t1_mxftay4,t3_1l9uv4n,comment
mxghulf,"No hay dolar fijo. De hecho el Central no está comprando ni vendiendo dolares. El préstamo del fmi cubrio parcialmente las deudas del banco Central (quien lo habrá endeudado hasta la chota???).
De hecho el fmi pidió al gobierno que se comprometa a conseguir más dólares para terminar de eliminar el rojo en el bcra. Hasta ahora el gobierno se está dedicando a tapar los agujeros que dejaron los amigotes de la condenada.",spender-2001,merval,10,2025-06-12 18:53:14,t1_mxgcdce,t3_1l9uv4n,comment
mxgwld7,"Estas confundido. Lo q provoco la alza de precios de marzo fue el pedido al fmi. No lo q lo freno.
El dolar flota.
Todavía hay remanente monetario. Y faltan ajustar tarifas. La inflación va a dar cero recién el año q viene. Lo q importa es la tendencia a la baja.
Por eso es tan doloroso emitir dinero. Y debería haber una ley q lo clasifique como delito.",Captain938,merval,10,2025-06-12 20:13:07,t1_mxgcdce,t3_1l9uv4n,comment
mxghvvw,"No hay dolar fijo. De hecho el Central no está comprando ni vendiendo dolares. El préstamo del fmi cubrio parcialmente las deudas del banco Central (quien lo habrá endeudado hasta la chota???).
De hecho el fmi pidió al gobierno que se comprometa a conseguir más dólares para terminar de eliminar el rojo en el bcra. Hasta ahora el gobierno se está dedicando a tapar los agujeros que dejaron los amigotes de la condenada.",spender-2001,merval,4,2025-06-12 18:53:25,t1_mxgcdce,t3_1l9uv4n,comment
mxge7fs,"La verdad es que se logró imponer la narrativa de que el único número que importa económicamente es la inflación mensual. Mientras eso siga bajo a nadie le va a importar nada. Los préstamos y la falta de guita para mantener este defacto uno a uno son problemas que van a aparecer después. A mí lo que me llama la atención es lo similar que la situación es a los 90, parece que vamos en círculos.",Augchm,merval,1,2025-06-12 18:34:12,t1_mxgcdce,t3_1l9uv4n,comment
mxqm3ox,"Era chamuyo de esa gente. Si querés saber las proyecciones reales leete el rem que es el informe mensual que lanza el bcra sobre las predicciones de los privados sobre los mercados.

Vas a ver que ninguno proyectaba aumento de la inflación. Estaba claro que era estacionario para los que usan metodologías de verdad y no proyecciones al uso.",walace47,merval,1,2025-06-14 10:37:43,t1_mxgcdce,t3_1l9uv4n,comment
mxgdq3n,"El fino no es importante, algún mes puede subir pero claramente va a la baja en promedio y 2027 vamos a empezar el año con una inflación de país con economía ordenada de seguro y eso es lo importante.

Hoy por hoy la inflación baja un 12% de lo que hay cada mes en promedio, con esos números:

* Vamos a estar con una inflación anual proyectada de menos de 2,5% para Septiembre del año que viene
* En Septiembre de este año se rompe la barrera del 1% mensual
* La inflación proyectada anual de 2026 sería de 3,53%
* Terminaríamos 2025 con una inflación anual proyectada de 7,53%
* Terminaríamos 2026 con una inflación anual proyectada de 1,55%",NoSoyEseQueDicen,merval,22,2025-06-12 18:31:43,t1_mxg5puj,t3_1l9uv4n,comment
mxgmznx,"La banda sube para arriba y para abajo 1% mensual, pero no hay ""peg"" porque nadie está fijando el valor del dólar. El movimiento de la banda por si sola, mientras el dolar no esté contra alguno de sus límites, no afecta a la inflación.",herzkolt,merval,14,2025-06-12 19:20:42,t1_mxg6d51,t3_1l9uv4n,comment
mxgf1db,Ya fue eso. El dolar esta lejos del techo de la banda.,spender-2001,merval,9,2025-06-12 18:38:28,t1_mxg6d51,t3_1l9uv4n,comment
mxujmps,"Fíjate la intervención del BCRA en el dólar futuro, no intervendrá el dólar oficial pero sí mete mano en las expectativas.

En abril vendieron 500 millones de usd a diciembre 2025 a ~$1305 y en mayo están estimando que el BCRA intervino con ~1800 millones de usd al valor de diciembre 2025, la data de abril está confirmada por el BCRA y la de mayo se podrá confirmar pronto.

El dólar es algo que si bien el gobierno dice que ""no lo ve"" lo sigue bien de cerca, porqué si la cotización sube demasiado las expectativas de intereses de sus bonos también y podrían perder rollover lo que llevaría a que necesiten caja para pagar capital + intereses lo cual se sabe a qué puede llevar...

El gobierno tiene que conseguir dólares genuinos, no solamente financieros, tienen una sangría muy importante hace meses con el déficit de cuenta corriente.",milfenjoyer_69,merval,-1,2025-06-14 23:52:49,t1_mxghulf,t3_1l9uv4n,comment
mxgi7pn,Seee es exactamente igual a la política de equilibrio fiscal peronista de los 90's. El Carlos era famoso por no gastar más de lo que recaudaba pfffft,spender-2001,merval,12,2025-06-12 18:55:08,t1_mxge7fs,t3_1l9uv4n,comment
mxlcuce,"Mejor que la narrativa de   
. Imprimir no genera inflacion  
. Imprimir afuera genera menos inflacion que con el punto anterior  
. No hay que bajar el gasto  
. La inflacion es buena, todos los paises tienen inflacion (y nunca te dicen de cuanto)  
. Inflacion de USA aumento 800% (muy deshonesto)

Es corta, que baje la inflacion, lo demas no importa nada. La inflacion destruye salarios, no permite proyectar a corto, mediano ni largo plazo, es el impuesto a los mas pobres, deteriora la economia y el comercio. Si algunos quedan en el camino mala suerte. Los numeros tienen que cerrar, con los que se puedan cerrar. Los pobres la pasaran mal? La vienen pasando mal hace 25 años, se les dio planes y no progresaron. Si se caen fuera del mapa no me importa. Primero a salvar el pais, despues recogemos los pedazos que quedan.",TeComproCafecitos,merval,4,2025-06-13 13:57:00,t1_mxge7fs,t3_1l9uv4n,comment
mxglcj1,"Posta que es así.


Las paritarias corren de atrás a la inflación y partimos de la pésima situación en la que nos dejaron Alberto y Massa.",RequirementSavings23,merval,-6,2025-06-12 19:11:54,t1_mxge7fs,t3_1l9uv4n,comment
mxg8jjo,"Imaginate que algo sale $100 y Hay 10% de inflación mensual para hacer los números fáciles.  
Pasado 1 mes 110% de $100 = $110  
Pasados 2 meses 110% \* $110 = $121  
Pasados 3 meses 110% \* $121 = $133.1

Si vos Sumaras 10 + 10 + 10 estás calculando 10% de aumento sobre el precio inicial, no sobre el mes anterior.

No te lo digo despectivamente porque se que la educación es una mierda, pero la gente tiene que dejar de excusa que no se le da bien las matemáticas y hacer todo lo posible para que si se le de bien, o está condenada a ser pobre. No puede ser que una persona que sale del secundario no entienda el interés compuesto, haya estudiado economía, sociales, o lo que pija sea.",fer662,merval,19,2025-06-12 18:04:57,t1_mxg6cnx,t3_1l9uv4n,comment
my02324,"RemindMe! 2026-01-05 18:00:00 UTC ""Expectativas de inflación 2026""",Diarrea_Cerebral,merval,2,2025-06-15 21:40:30,t1_mxgdq3n,t3_1l9uv4n,comment
mxgwxx1,Los sueldos están subiendo más q la inflación desde abril 2024. Y la gente q cobra por paritaria son los menos. Si sacamos a los públicos. Y eso se voto q el sector público se ajuste.,Captain938,merval,6,2025-06-12 20:15:05,t1_mxglcj1,t3_1l9uv4n,comment
my6azmv,"El único pronóstico que hago es que va a seguir bajando y que arrancamos 2027 con inflación proyectada de país con economía ordenada.

Todo el resto de los números es únicamente si continua bajando al 12% mensual relativo cosa que es poco probable que se de exáctamente así.

Aunque el recordatorio de acá a un año va a estar bueno para chusmear como viene la mano y ver como venía un año antes.

Charlamos dentro de un año mi estimado.",NoSoyEseQueDicen,merval,2,2025-06-16 20:54:47,t1_my02324,t3_1l9uv4n,comment
my026rr,"I will be messaging you in 6 months on [**2026-01-05 18:00:00 UTC**](http://www.wolframalpha.com/input/?i=2026-01-05%2018:00:00%20UTC%20To%20Local%20Time) to remind you of [**this link**](https://www.reddit.com/r/merval/comments/1l9uv4n/ipc_mayo_15_2025/my02324/?context=3)

[**CLICK THIS LINK**](https://www.reddit.com/message/compose/?to=RemindMeBot&subject=Reminder&message=%5Bhttps%3A%2F%2Fwww.reddit.com%2Fr%2Fmerval%2Fcomments%2F1l9uv4n%2Fipc_mayo_15_2025%2Fmy02324%2F%5D%0A%0ARemindMe%21%202026-01-05%2018%3A00%3A00%20UTC) to send a PM to also be reminded and to reduce spam.

^(Parent commenter can ) [^(delete this message to hide from others.)](https://www.reddit.com/message/compose/?to=RemindMeBot&subject=Delete%20Comment&message=Delete%21%201l9uv4n)

*****

|[^(Info)](https://www.reddit.com/r/RemindMeBot/comments/e1bko7/remindmebot_info_v21/)|[^(Custom)](https://www.reddit.com/message/compose/?to=RemindMeBot&subject=Reminder&message=%5BLink%20or%20message%20inside%20square%20brackets%5D%0A%0ARemindMe%21%20Time%20period%20here)|[^(Your Reminders)](https://www.reddit.com/message/compose/?to=RemindMeBot&subject=List%20Of%20Reminders&message=MyReminders%21)|[^(Feedback)](https://www.reddit.com/message/compose/?to=Watchful1&subject=RemindMeBot%20Feedback)|
|-|-|-|-|",RemindMeBot,merval,1,2025-06-15 21:41:09,t1_my02324,t3_1l9uv4n,comment
mxgg88i,"yo estoy seguro que si vas al congreso y preguntas ""cual es la inflación anual si la inflación mensual es 10%"" mas de la mitad te va a decir 120%. Y a esos no puedo decirte lo que hay que hacerles porque me banean.",fer662,merval,9,2025-06-12 18:44:41,t1_mxgbl45,t3_1l9uv4n,comment
myp0jr4,Vendes algún curso de trading o algo? Estoy interesado en comprar. Ojalá tuviera 294 pesos en la cuenta,Original-Produce-916,merval,8,2025-06-19 17:37:13,t3_1lfjngn,t3_1lfjngn,comment
myoythd,"Estos días se revaluo el peso, pero tanto así no jajaj",Andrescoo,merval,2,2025-06-19 17:28:52,t3_1lfjngn,t3_1lfjngn,comment
myowlvx,"yo no soy OP pero tmb ponele tengo 6 palos puestos y estoy 350 por ahi abajo, primero, estoy aprendiendo claramente, es plata que no quiero perder pero no me mato si la pierdo. Y una vez me preguntaron lo mismo aca y cuando comenté como accioné me dijeron que tuve mala leche, ademas de clarametne no tener MUCHO conocimeinto obvio, yo la mayor parte la tengo en SPY y estoy even. Pero despues estoy ponele 7 abajo en coca cola, 11 abajo en amzn, el cedar este de breakshire tmb, galicia e ypf tmb abajo.  me sostienen alguans como meli y eso, pero soy consciente que esto fue para aprender como se maneja todo.

basicametne entre en mayo de 2024 yo, y de ahi ponia lo mas grande en spy/qqq y con el resto ""jugaba"", compraba algo que me parecia copado y algunas salieron bien y otras mal, las que salieron bien la re invertí (ej, ali baba me fue muy muy bien) y justo re inverti en un mal momento ? no sé. lo mio es mas largo plazo asique no me preocupa tanto. Pero bueno, si hubiera puesto todo en spy solo hoy en dia estaria no sé 1% abajo creo.",FullmetalEzio,merval,10,2025-06-19 17:18:17,t1_myomxac,t3_1lfjngn,comment
mzs5ajs,"Mi hipótesis, sin saber un culo de economía, es que es porque la gente los sigue sacando, quizás porque hay bienes de alto valor en precios atractivos (ni idea) o por necesidad.",AestheticNoAzteca,merval,38,2025-06-25 19:32:02,t3_1lkjiww,t3_1lkjiww,comment
mzte9k3,"Solo quisiera decir que inflación de 1-2% mensual no es por el suelo.


Es que estamos acostumbrados a montos de casi hiperinflación y nos parecen por el suelo, pero siguen siendo ridículamente altas.",ThunderWriterr,merval,8,2025-06-25 23:45:43,t3_1lkjiww,t3_1lkjiww,comment
mzsr9aa,"Porque no hay unos bonos del tesoro (los que reemplazaron las leliqs) que siguen con una tasa súper alta ? Y con eso están todos haciendo carry trade ? Los bancos prefieren prestarle al tesoro antes que a vos, para prestarte a vos te cobran más porque es mayor riesgo",throwaway275275275,merval,7,2025-06-25 21:33:20,t3_1lkjiww,t3_1lkjiww,comment
mzt2zmh,"y mira, yo creo que mucho tiene que ver la gente de a pie, si en algún momento recordas haber querido sacar un prestamo hace 5 años atrás y tener tasas del 300% anual, (recuerdo haber averiguado para sacar un auto en su momento con mi mujer y eran absolutamente impagable, delirios totales, ridiculo todo)... ahora mismo, pese a que siguen altísimas para quien está metido en el tema, para los que andamos por la vida recordando lo que era antes, de repente no te parece taaan mal, ahora estoy pagando las ultimas 3 cuotas de un préstamo de Galicia a un año y 47% (super promo del Galicia), sacado en agosto del año pasado creo, le saque el doble en fondos de alto riesgo, pero después se vino todo abajo. En fín, la gente ve los creditos accesibles si los comparas con 2 años atras. Se tiene que regular, con tiempo y ganas de invertir.

Pasa lo mismo con las financiaciones en tarjetas de crédito, clavan 30% en 3 cuotas, o lo mismo, si pagas al contacto de descuentan 30%, números bestiales para cualquier economía. Esto es tiempo nomas y apertura al mercado jeje, no compro una sola prenda de ropa en Mendoza, en Chile por 300 dolares me visto para 2 años jeje.",GG-999999,merval,4,2025-06-25 22:39:59,t3_1lkjiww,t3_1lkjiww,comment
mzt3cis,"Hoy se licitaron letras y bonos del tesoro a algo del 40% de TNA creo, si tienen que prestarte guita obviamente va a ser a tasas más altas",mauricioezequiel,merval,4,2025-06-25 22:42:01,t3_1lkjiww,t3_1lkjiww,comment
mzt4w3c,"Para mi es muy facil y como explican otros comentarios. El prestamo es un producto y el valor es el interes. Todo valor de producto se establece por oferta y demanda. Estan bien los bancos con la cantidad de prestamos que la gente saca o necesitan vender mas? Si necesitan vender mas, bajan la tasa. Si necesitan vender menos, la suben. No hay magia. El mercado no es partidista y la venta de productos no se analiza por la cara ni por los costos.",pelado06,merval,6,2025-06-25 22:50:46,t3_1lkjiww,t3_1lkjiww,comment
mzsa7k1,"Mucha demanda de pesos hay en la economía por ende sube la tasa de créditos, cuando no sepan que hacer con los pesos van a salir a reboliarte créditos por la cabeza",fofoposi,merval,4,2025-06-25 19:58:58,t3_1lkjiww,t3_1lkjiww,comment
mzs7ici,"La gente prefiere endeudarse en pesos a tasas carísimas que usar los dólares pensando que se va a ir todo a la mierda, que se yo, supongo que un síntoma defensivo. 

Mientras que literalmente no militen que efectivamente se vaya todo a la mierda y esten contentos perdiendo plata todos los dias por apostar al dolar colchón, cada uno hace lo que quiere con su plata.",dank-monkl,merval,7,2025-06-25 19:44:13,t3_1lkjiww,t3_1lkjiww,comment
mzs7zj5,No hay pesos y encima los bancos se pasan de vivos y alguien le está convalidando,LocksmithEven4085,merval,2,2025-06-25 19:46:52,t3_1lkjiww,t3_1lkjiww,comment
mztuzjb,"Sacar un préstamo personal a esas tasas hoy en día es un suicidio financiero. Mejor tomar caución en la bolsa, las tasas están en el 30% y no te cobran IVA sobre los intereses.",Terodius,merval,2,2025-06-26 01:39:38,t3_1lkjiww,t3_1lkjiww,comment
mzs5o87,Escases de pesos.,PiscisKnight,merval,6,2025-06-25 19:34:08,t3_1lkjiww,t3_1lkjiww,comment
mzs6f9j,"es el mercado, no busques explicaciones racionales. son millones de personas actuando irracionalmente pero creyendo que lo hacen racionalmente en base a lo que creen que pasara en el futuro.",SimilarStock3,merval,5,2025-06-25 19:38:15,t3_1lkjiww,t3_1lkjiww,comment
mzs7fia,"Andan cazando boludos, no busques mayor explicación porque no hay. Si no bajan, es o porque no les interesa dar más prestamos, o porque hay suficientes boludos disponibles para lo que quieren colocar.  
  
Igual la tasa siempre se toma relativa a los bonos disponibles, usar el IPC mucho no sirve, minimamente tendría que ser la tasa de política monetaria la del gráfico.",BNeutral,merval,2,2025-06-25 19:43:47,t3_1lkjiww,t3_1lkjiww,comment
mzsbdl8,"Por la alta probabilidad de morosidad

En pocas palabras hay poca plata en la calle para repagar todo el volumen de deuda de los privados.

En algun momento la cadena se va a cortar y que no te sorprenda un corralito en pesos si es que no hay algun plan para darle liquidez al sistema.",EternityBringer,merval,3,2025-06-25 20:05:21,t3_1lkjiww,t3_1lkjiww,comment
mzsfl5n,"Se llama burbuja financiera/económica, con inflación baja ficticia sin aumento del consumo.",[deleted],merval,2,2025-06-25 20:28:08,t3_1lkjiww,t3_1lkjiww,comment
mzsd5lu,"Porque las ratas hablan boludeces pero cuando tienen que arriesgar su propia plata, nadie se la juega. Preguntale a los ministros cuantos bonos de ONs argentinas compraron para ""inyectar dolares en la economia"". pfffff",chescov77,merval,1,2025-06-25 20:15:03,t3_1lkjiww,t3_1lkjiww,comment
mzuzl08,"Primero porque la inflación es falsa, segundo porque los bancos lo saben y nunca van a perder.",RBDCH,merval,1,2025-06-26 07:47:49,t3_1lkjiww,t3_1lkjiww,comment
mzvghdw,"Para mí, que no se de economía, hay dos factores:


- no quieren prestar, prefieren hacer tasa
- la inflación es baja, pero hay parámetros que indican que el precio del dólar no es sostenible (por ejemplo, la balanza comercial y el incremento de deuda), y una disparada puede llevarse puesto el progreso que se ha hecho en materia de inflación de un día para el otro. Es decir, riesgo.


El argumento de que lo hacen a esa tasa porque igual los colocan no me parece sostenible. Lo único que se mueve es el micro crédito de subsistencia y los prendarios de motos, que tiene que ver con trabajo y movilidad en un contexto adverso.",FastTransportation33,merval,1,2025-06-26 09:43:50,t3_1lkjiww,t3_1lkjiww,comment
mzvnmfk,"Igual en la epoca de Memen, inflacion cero, pero las tasas por pedalear la tarjeta eran del 15-20%.  
Un plazo fijo en dolares era nada, en pesos un 12%. En 10 años triplicabas.  
¡Pero que casualidad que el dolar salto 300% en un dia!

Con Menem habia deficit elevado que el pago con deuda y venta de empresas publicas.  
Como me dijo un insider del PJ, se acabo esa guita y volo todo... claro, calculado para que le explote a otro :-)

Con Milei no hay deficit pero esta todo debil, tanto economica como politicamente. Y la inflacion anual aun es alta. Los bancos lo saben y cuentan con info que nosotros ni soñamos.

En palabras simples, nadie va a poner un mango hasta cerca del 27. Y menos para las Pymes que son las que dan la mayoria de los laburos.  
Con Macri paso igual, y acertaron. Los bancos, claro.",lic_ek,merval,1,2025-06-26 10:24:24,t3_1lkjiww,t3_1lkjiww,comment
mzx6v2r,"No lo sé, pero al ser préstamos personales imagino que cobran más por el riesgo de que te quedes sin laburo que por el riesgo de la inflación. Es opinión nomás.",Vegetable_Wolf6194,merval,1,2025-06-26 14:48:06,t3_1lkjiww,t3_1lkjiww,comment
mzzfvo6,La explicación es el resgo cambiario. Cuando el dólar está tan barato es mucho más alta la posibilidad de que suba que de que baje.,Yearlaren,merval,1,2025-06-26 21:49:00,t3_1lkjiww,t3_1lkjiww,comment
n056g61,"La inflación del indec es falsa ,  van al super todas las semanas algo aumenta ,sin contar los alquileres, prepagas, todo lo de este gobierno de mierda es falso como el superávit fiscal , el peor gobierno de la historia.",pompeyo303,merval,1,2025-06-27 19:09:00,t3_1lkjiww,t3_1lkjiww,comment
n08p5sy,"los comerciantes y productores usan dólares como moneda de referencia por ende sus ajustes/aumentos los hacen en dólares.

vos podes tumbar la inflación en pesos etc pero no es la moneda de referencia para la formación de precios..

El dólar está en la antesala para subir fuertemente.. no hay reservas que alcancen y hablo por un tema netamente técnico.. el índice del dólar (DXY) está en una demanda semanal.. SOLO COMPRAS. Si el sube.. el dólar se aprecia en el mundo.. sino miren lo que hizo el Oro en unos días!

Todo esto se le suma que Estados Unidos logró un acuerdo comercial etc",Fit_Zorra,merval,1,2025-06-28 10:53:36,t3_1lkjiww,t3_1lkjiww,comment
n0ebi5m,"Dos motivos: los bancos, en sus análisis, no proyectan la confianza necesaria para bajar tasas; y segundo, probablemente las cifras de inflación dadas no reflejen la realidad. Debe ser una cifra un poco superior",CatGigena77,merval,1,2025-06-29 09:27:22,t3_1lkjiww,t3_1lkjiww,comment
n0gh8gi,No les llama la atención en algo? O recuerda a ciertas situaciones tanto nacionales como internacionales en las cuales se pisa la moneda? Los bancos saben cuál es la verdadera inflación.,R4MM5731N234,merval,1,2025-06-29 16:35:27,t3_1lkjiww,t3_1lkjiww,comment
mzscygh,"Para mí hay dos razones (probablemente complementarias):
1. Esperan una devaluación abrusca: ya pasó con Macri que devaluaron de 20 a 60 en 3 meses (un 300%). Es el mismo ministro de economía... Para eso se resguardan con tasas altas.
No seamos inocentes, los bancos tienen siempre data interna y juegan en base a eso.
2. La gente está sacando más préstamos porque no le alcanza. Mundialmente los pagos en cuotas y tarjetas de crédito en general vienen aumentando, y en particular en Argentina la cosa está peluda para cualquiera cuyo sueldo no suba con la inflación, que es la mayoría, sobre todo fuera de CABA. Los bancos se abusan de eso...",ElGuillo77,merval,2,2025-06-25 20:13:58,t3_1lkjiww,t3_1lkjiww,comment
mzsma7j,"cantidad de gente opinando que es simple y llanamente por demanda.. me gustaría saber a cuánto prestarían ellos pesos a 48 meses 



20 años de historia no se borran con unos pocos meses y sobre todo sin reservas",Kooky_Quiet3247,merval,2,2025-06-25 21:05:02,t3_1lkjiww,t3_1lkjiww,comment
mzsaxez,"No necesita explicación, no es momento de financiarse, más bien es para aprovechar para hacer tasa en dólares (con pesos) mientras dure..",PuzzleheadedEbb5003,merval,1,2025-06-25 20:02:52,t3_1lkjiww,t3_1lkjiww,comment
mzseuyt,por qué prestarías plata a una tasa baja si te rinde más ponerla en un plazo fijo alto,franKye99,merval,1,2025-06-25 20:24:15,t3_1lkjiww,t3_1lkjiww,comment
mzsfkbd,"Si lo ves como porcentaje de la inflación está bastante parejo al resto del mundo, en europa tenés una inflación interanual de 2,2% y los préstamos personales están al rededor de 7 a 10%, unas 3 a 4 veces la inflación. En eeuu está similar, un poco más inflados los préstamos aún por toda la incertidumbre de las tarifas.

Si hoy en día la inflación interanual en argentina está en torno al 40%, un préstamos a 100% está ""barato"" comparado con el mundo, más si sumas el riesgo argentino, tanto el riesgo de que vuelva el peronismo y haga mierda todo (como ya hizo) como el riesgo de que Caputo se quede sin dólares prestados y explote todo (como ya hizo)",Greedy_Confection491,merval,1,2025-06-25 20:28:00,t3_1lkjiww,t3_1lkjiww,comment
mzs825z,"El sistema financiero no cree en el IPC ni en el plan economico con tasas tendientes a la baja.

De no ser así, las tasas deberian tener un sesgo bajista y eso no se observa. Hay otro tema no menor, la economia, al estar cerrada, sólo abierta para algunas importaciones, termina siendo un coto de caza para el sector financiero. Pescan en una pecera.

La solución?. Salir del cepo para todos, a fin que ingresen capitales financieros del exterior y bajen la tasa, pero eso implicaria una baja aun mayor del dolar, y un deterioro en el balance de cuenta corriente que podria afectar al nivel de reservas.

Yo creo, sinceramente, que vamos camino a una estanflación. Y de ahi no se sale sólo devaluando y despues gritando la casta, la casta, la castaaaaaa...",Creepy_Spread_2074,merval,-3,2025-06-25 19:47:15,t3_1lkjiww,t3_1lkjiww,comment
mzs7b5z,Es bastante fácil. Tienen información que el público de a pie no y no se piensan quemar cuando el mercado ya no se pueda sostener por regulaciones del gobierno,Trick_Occasion8574,merval,-2,2025-06-25 19:43:07,t3_1lkjiww,t3_1lkjiww,comment
mzt1d00,"La inflación no está por el piso. Es más, ni siquiera es menor a la de la presa.",DecisionOk5750,merval,0,2025-06-25 22:30:46,t3_1lkjiww,t3_1lkjiww,comment
mzt3egv,"Es el libre mercado , pero con un mercado cartelizado. De manual. No es que no la ve el gobierno, se hacen los re boludos.",armonicoenfuga,merval,0,2025-06-25 22:42:19,t3_1lkjiww,t3_1lkjiww,comment
mzuzjsz,Por que no creen sostenible todo esto... lo mismompor lo que no hay lluvia de inversiones.. por que los empresarios todavia creen que todo esto son parches con soluciones a cieto plazo..  recien en las proximas presidenciales va a quedar claro el rumbo creo,someRandomUser636,merval,0,2025-06-26 07:47:32,t3_1lkjiww,t3_1lkjiww,comment
mzv54ss,"OP eso es lo que hacen los países serios para bajar la inflación, ya que su banco central como es una entidad confiable que cumple las metas de inflación (cosa que no sucede en argentina) basta que ellos suban las tasas de interés para que disminuya la inflacion, básicamente porque desincentivas el consumo y por tanto la rotación del dinero, pese a que la masa monetaria sea enorme.

Que triste ver la percepción alterada que se tiene del funcionamiento de un banco central",Limp-Fee-433,merval,0,2025-06-26 08:29:38,t3_1lkjiww,t3_1lkjiww,comment
mzw648k,"Porque el costo de vida sigue subiendo en relación a los sueldos, que quedaraon atrasados por el ancla salarial del gobierno. Para mantener el nivel de consumo cada vez más gente necesita financiarse. Sumale la popularidad de los microcréditos en billeteras virtuales, que tienen tasas altísimas y hacen que estas tasas del 70% parezcan regaladas. Tampoco hay que olvidar que la inflación futura depende mucho de las expectativas y del precio del dólar, y como el dólar está intervenido existe el riesgo de un salto que reactive la inflación y ese riesgo también se incorpora en el costo de los crditos",falopita_rica,merval,0,2025-06-26 11:57:24,t3_1lkjiww,t3_1lkjiww,comment
mzvbxvs,Similar a las motos. Duplican los precios en dólares de hace dos años pero el consumidor boludo sigue comprando,antiparras,merval,3,2025-06-26 09:15:53,t1_mzs5tav,t3_1lkjiww,comment
mzt5787,¿De verdad vos creés que los bancos no tienen ni un poquito de aversión al riesgo de que la inflación rebote después de las elecciones?,TwinsenDinoFly,merval,-7,2025-06-25 22:52:31,t1_mzs5tav,t3_1lkjiww,comment
mzsegq7,"Gente cree que como siempre va a venir la devaluación y se va a licuar y lo van a pagar con dólares encanutados.
Los últimos 20 años esa estrategia funcionó.",5ofDecember,merval,36,2025-06-25 20:22:09,t1_mzs5ajs,t3_1lkjiww,comment
mzvfbxf,"Que bonos? Así invierto ahí, yo veo que todos bajaron muchísimo y lateralizaron prácticamente, el al30d está dando el 12%, y en pesos menos que un plazo fijo",Much_Pie_6458,merval,2,2025-06-26 09:36:54,t1_mzsr9aa,t3_1lkjiww,comment
mzu5vbr,"los que manejan la cartera del banco no ven un prestamo como un producto, lo ven como una inversion. consideran que, dado el perfil de riesgo de un prestamo personal, requieren ese retorno para que valga la pena ""jugarsela"". si nadie agarra viaje probablemente le presten a alguien menos riesgoso a una menor tasa. todo negocio necesita flujos. un kiosko que no vende tiene que bajar su margen para conseguir esos flujos bajando el precio. un banco baja su margen bajando su precio- si- pero lo hace yendo a otro cliente.",R1v,merval,7,2025-06-26 03:08:31,t1_mzt4w3c,t3_1lkjiww,comment
mzxco5d,Pero esa comparativa no tiene mucho sentido. Si vos cobras por ejemplo 2% arriba de la inflación ganas lo mismo sea 1 o 50% la inflación. Se me hace más lo segundo que lo primero.,TheJix,merval,1,2025-06-26 15:14:47,t1_mzsfkbd,t3_1lkjiww,comment
mzvx8wv,"Y si... sabes que a 70% tenes posibilidades de no recuperar nada.
Ademas que no podes liquidar cuando quieras y con un dolar a punto de explotar ese 70% te lo come una devaluacion.",nosesidecirte,merval,7,2025-06-26 11:15:06,t1_mzvmwnp,t3_1lkjiww,comment
n01lwg9,"Creo que se refiere a BONCAPs o LECAPs (estas últimas son letras, no bonos) pero ambos instrumentos se usan para el carry",ShotBeautiful2464,merval,2,2025-06-27 08:04:12,t1_mzvfbxf,t3_1lkjiww,comment
mzu6dth,"es lo mismo. Para un kiosko el producto antes de venderse también es una inversion. Es todo lo que decis igual de aplicable para un lado que para el otro, con diferentes rubros y aplicaciones pero en definitiva simplificado es igual",pelado06,merval,1,2025-06-26 03:13:03,t1_mzu5vbr,t3_1lkjiww,comment
mzta8x1,los del dolar si kjj,darkman066,merval,-1,2025-06-25 23:21:30,t1_mzt5q26,t3_1lkjiww,comment
mzxeiuz,">Pero esa comparativa no tiene mucho sentido. Si vos cobras por ejemplo 2% arriba de la inflación ganas lo mismo sea 1 o 50% la inflación.

Claro, pero no podés estimar la inflación igual de bien.

Ponele que aceptes un error del 100% en tu estimación, estás en europa, estimas que va a ser 2%, en el peor de los casos le entraste por el 100% y es el doble, da 4% y con el 8% de interés seguís ganando.

Ahora estás en argentina. Estimaste 50% de inflación, prestaste a 52, le erraste por el 100%, dio 100% de inflación, perdiste una banda de plata.

El margen de error es el problema, porcentualmente es más o menos igual en todos lados, por lo que mientras mayor sea, más altas te fuerza que sean las tasas",Greedy_Confection491,merval,1,2025-06-26 15:23:28,t1_mzxco5d,t3_1lkjiww,comment
mzt8mkx,"Pero el préstamo es un contrato. Si yo cierro uno hoy de 64 cuotas, y en octubre la inflación se dispara al 80%, la tasa queda hiper baja en cuestión de meses. 

No creo que pase. Se que ellos tampoco. 

También si bajan las tasas de repente. La gente va a pedir préstamos para pagar los prestamos anteriores. Pero con tasa mas baja.",unicorniodorado,merval,7,2025-06-25 23:12:01,t1_mzt6iq0,t3_1lkjiww,comment
mztbgkt,"Seeee, el banco Central no deja de vender dolares a diario!

/s",spender-2001,merval,1,2025-06-25 23:28:43,t1_mzta8x1,t3_1lkjiww,comment
mzt8d4f,"La tasa de ahora es igual o peor. Esas tasas que decís usureras son precisamente las que tiraron la convertibilidad. 

El banco central mete o saca liquidez y juega con estas tasas, en la convertibilidad jodieron con eso y había préstamos por doquier por exceso de liquidez, luego al entrar en recepción del 98 al 02 las tasas se fueron como arriba como decis, lo que impulsó la insolvencia y profundizó la crisis. 

Si no se hubieran dado esos créditos no hubiese habido nunca insolvencia ni corralito, pero el sistema estaba mal hecho y permitía que haya muchísimos préstamos sin fundsmentos,que financiaban fuga o malas inversiones y cuando se hizo todo impagable pidieron rescate con pesificacion y devaluación así devolvían 1/3 de lo pedido (muchas empresas y gente que sabía de esto aprovechó y le licuaron la deuda a costa de todos los arhentinos)",mysticfuko,merval,15,2025-06-25 23:10:28,t1_mzspp9t,t3_1lkjiww,comment
mzvjyc5,"Siento que lo estas viendo muy cuadrado. Es el mismo producto. Un producto disfrazado de servicio es mas flexible, y uno que tiene la posibilidad de ofrecerse b2c como b2b todavía mas. Pero no de ser el mismo producto. En este caso lo que vos me decis es: la cantidad de ventas o ganancia del producto puede compensar la falta de un lugar con la venta en otro. Sí, en las empresas se juega a eso con, por ejemplo, tecnicas de venta cruzada o incluso tapar perdidas de una region con otra. En la literalidad es diferente pero en la simplicidad es exactamente igual.

En el caso del banco como el producto y como bien decis vos, tiene mucha flexibilidad, para tener que bajar el precio (o las tasas) tiene que no poder vender el producto en varias aristas o en las aristas que tenga proyectada de antemano. Incluso si reaparecieranblas leliqs no tiene por que vender el producto si al final puede ganar mas $ sin la necesidad de tener que salir a vender.",pelado06,merval,1,2025-06-26 10:03:49,t1_mzueyqn,t3_1lkjiww,comment
mztogtp,Los FX tambien cuentan... [Articulo BCRA](https://www.infobae.com/economia/2025/06/23/oficial-el-bcra-aumento-usd-1500-millones-su-intervencion-en-futuros-para-frenar-al-dolar-en-el-primer-mes-sin-cepo/),darkman066,merval,0,2025-06-26 00:52:23,t1_mztbgkt,t3_1lkjiww,comment
mvysxzk,"ojalá encuentres cómo sobrellevar la situación, fijate de postear en el sub de abogacía o derecho. En cuanto a 'Rodrigo Alejandro Ledesma' lo más probable es que sea un fisura a quien le pagaron 5 mil pe para abrir las cuentas de MP y dolarapp a su nombre.",Friendly-Win-9375,merval,83,2025-06-04 12:24:59,t3_1l38an2,t3_1l38an2,comment
mvyzl1t,"A mi en 2022 me robaron el celu y se sacaron 10 lucas de MP como crédito y lo transfirieron a otras cuentas. Mercado pago me dijo: ""Nunca hacemos esto, pero esta vez excepcionalmente te devolveremos el dinero"".

Vos metele con toda, andá a Derecho genial como te dijeron, hacé la denuncia, todo.

Y sino resulta, a asumir la pérdida de la mejor manera y capacitar a la abue.

Te juro q si pudiera matar a hachazos a estos tipos lo haría.",SolidRaider,merval,9,2025-06-04 12:56:15,t3_1l38an2,t3_1l38an2,comment
mw05xde,"a mi abuela le paso lo mismo, con las mismas aplicaciones excepto que le dijeron que eran de un supermercado o algo por el estilo.  
Fue al banco, de ahi la mandaron a la fiscalia. En la fiscalia hizo la denuncia como delito informatico, le pidieron algunos datos extras que tuvo que ir a buscar al banco, y una semana despues ya estaba todo listo.  
Lo bueno es que como hizo la denuncia rapido, se llegó a cancelar el prestamo y no tuvo que pagar nada.  
La plata que tenia en la cuenta SI la perdió, pero por lo menos no tuvo que pagar el prestamo de 6 palos (que el BNA le dió a una jubilada con la minima, mamita) que le habian sacado",eltiolukee,merval,10,2025-06-04 16:14:37,t3_1l38an2,t3_1l38an2,comment
mw1lfx7,"La plata no la van a recuperar y de encontrar a los culpables que se encargue la justicia, no pierdas tiempo buscando quien es. 

Lo que vos necesitas es pelearle al banco para que no tengan que pagar las cuotas del prestamo, concentrate en eso, hace la denuncia y todo lo que te pidan para iniciar el reclamo en el banco. 

En paralelo pegale una mirada a esto

[https://mpfciudad.gob.ar/tematicas/2020-03-09-18-42-38-delitos-informaticos](https://mpfciudad.gob.ar/tematicas/2020-03-09-18-42-38-delitos-informaticos)

No se si te van a dar bola, pero proba llamar, capaz te pueden orientar. 

**Recordá que además del 0800 33 FISCAL que atiende las 24hs, se puede denunciar:**

* Desde la APP “DENUNCIAS MPF”.
* Enviando un mail a [denuncias@fiscalias.gob.ar](mailto:denuncias@fiscalias.gob.ar)
* Denuncia presencial de lunes a viernes de 9 a 20hs.
* Denuncias Online en [www.mpfciudad.gob.ar](http://www.mpfciudad.gob.ar)",MinionAgent,merval,3,2025-06-04 20:34:13,t3_1l38an2,t3_1l38an2,comment
mw1ot10,"Según las normas deben validar la voluntad de tomar el prestamos con biometria. Además por edad asumo que entra en la categoría de hipervulnerable por lo que a la larga puede tener éxito en el reclamo. Reclamar en bcra, denuncia en comisaría y a pelear un poco",rollo122,merval,3,2025-06-04 20:53:19,t3_1l38an2,t3_1l38an2,comment
mwn807x,"Hace el reclamo en mercadopago.
De seguro el dueño de la cuenta de la transferencia responda que presto la cuenta y se la dan de baja.
Después que te devuelvan el dinero depende de donde seas por políticas",modonihablo,merval,1,2025-06-08 09:15:41,t3_1l38an2,t3_1l38an2,comment
mw19d00,"es asi como decis, a mi madre la estafaron haciendose pasar por naranja le sacaron prestamos y se transfierieron todo. mi madre fue a defensa del consumidor en apenas una semana ya estaba todo resuelto. no tuvo que pagar ni 1 peso",Charming-Monitor-149,merval,2,2025-06-04 19:28:05,t1_mw17xq8,t3_1l38an2,comment
my6e4x5,"Me parece interesante el tema para compartir experiencias porque en mí caso fui consciente del proceso en cierta forma

En mí caso es un proceso en conjunto con la maduración

Etapa de inconciencia/inmadurez
Ese momento de la vida en qué no te preocupas por nada, o más bien haces lo que podes con lo que te dan. Me mantuvieron mientras estudiaba y eso hizo que se extendiera mas de lo normas esta etapa. Gastaba lo que tenía, no ahorraba ni pensaba en poder hacerlo.

Primer contacto con la libertad económica
Con algunas changas tenía algunos ingresos, todavía eran pocos ingresos y para nada estables, seguía gastando y prácticamente no había ahorro, los gastos se sentían más libre de culpa porque por primera vez estaba usando mí propia plata.

Etapa de conciencia de la responsabilidad económica
Luego de una crisis fuerte tuve la suerte de quedar en un trabajo con mejor sueldo y estabilidad, empecé a aportar más en mí casa y fui buscando control, en este momento sentí muy fuerte la necesidad de llevar registros de todo, gastos, movimientos, ahorro, etc y me concentre en eso. 

Etapa de maduración de la responsabilidad financiera
Creo estar acá actualmente, tengo conciencia de la importancia de mantener registros, controlar los gastos, me siento independiente económicamente y me hago cargo de mí familia, siento que puedo proyectar sabiendo cuánto puedo ahorrar, tengo diversificado mí dinero y de a poco fui aprendiendo sobre tipos de inversión, instrumentos, etc. No soy ni pretendo ser un experto pero por el momento me alcanza y me da tranquilidad para proyectar


Conclusión, me pareció súper interesante reflexionar el proceso, es súper necesario esta maduración pero a veces se pone difícil porque son muchas cosas y es fácil sentir la presión de las responsabilidades",NoSoyCharmer,merval,23,2025-06-16 21:12:41,t3_1ld7p9z,t3_1ld7p9z,comment
my6kadj,"En mi opinión, mientras más capital se tiene para invertir, más difícil se vuelve encontrar buenas oportunidades que brinden tranquilidad. Al comienzo, probablemente uno busca activos con alto potencial de ganancia, asumiendo más riesgo. Pero con el tiempo, uno empieza a priorizar inversiones más estables, que impliquen menos esfuerzo y ofrezcan mayor paz mental. Al menos, eso es lo que me sucede a mí. En definitiva, lo importante es establecer un objetivo claro y definir qué porcentaje de ganancia esperás alcanzar. A partir de eso, podés tomar decisiones más acertadas sobre dónde invertir.",Special-Serve2347,merval,16,2025-06-16 21:48:29,t3_1ld7p9z,t3_1ld7p9z,comment
mybnt44,"Pase por lo mismo.  
Mis primeras inversiones eran de aquellas cosas baratas, algo que se pudiera comprar. Lo que me permitiera acumular capital en base a lo que ponia.   
Primero que nada, cuando comenzas a poner, mi regla es siempre poner pequeñas cantidades, en el sentido que las acciones valgan poco y ademas la suma total sea poca. Estas aprendiendo. No comprendes mucho.

Si recien comenzas, seguro que sabes que hay acciones mejores. Pero es un riesgo, es mucha plata. Hay acciones excelentes con excelentes fundamentales, pero poner todo tu capital en eso es poco atractivo y arriesgado.  
Entonces, primero compras las acciones chicas, que no suben mucho, y no son tan buenas, y es posible tener una buena ganancia.

A medida que tenes mas capital, compras mejores opciones. Ademas estas mas canchero. Y ni que hablar de los porcentajes. He tenido en mi cartera (y si que no gusta en este foro hablar de aumentos en pesos) de quizas el 200%, entre devaluaciones y subidas de la misma accion. Pero claro, aumento un 200% de haber puesto quizas 70 mil pesos, y es poco atractivo. Pero es lo que uno tiene. Es potencia desaprovechado. Es mejor al principio repartir en muchas cosas, reducir riesgos, promediar y tratar de progresar.

Tarde o temprano, llega el momento de vender. Cuando tenes mucho capital y queres irte a otras inversiones. Y quizas tenes mucha plata. Entonces, para el tipo que pone 100 mil pesos por mes, y vendio de golpe 6 millones en plata y tiene otro restito, comenzas con las acciones ""medias"". Podes comprar Apple, Google, Vista. Acciones copadas y no tan caras. Las acciones ""chicas"" estan buenas, pero podes pasar a esas. Aun estas verde para comprar Berkshire Hathaway, es mucha plata. Y finalmente, te animas, y compras esas empresas que siempre quisiste, lo cual yo lo vivi.

Porque tuve carteras de 50 acciones, todas subian, pero el riesgo era poco. Habia subidas del 50% en dolares que no se aprovechaban. Y un dia, pode todas las acciones del arbol, y pase a tener 30, y luego 25, y luego 15.  
Las que mas me gustaban y al subir daban buenas ganancias.

Podes entrar ej JP Morgan, Amazon, Berkshire Hathaway, Microsoft, IBM, Visa y Walmart sin miedo. Podes comprar 2 o 3 acciones completas, y las subidas al poner mas capital, ganas mas. Y finalmente podas mas, y dejas solo 10 acciones, las mas importantes, reservas capital y tenes 3 acciones de ""oportunidad"" esas que pones puchos porque pensas que un dia van a explotar y te vas a hacer rico. En mi caso, pongo siempre en NIO y Nu Holdings, porque pienso que algun dia van a vale 1200 dolares, voy a tener 400 acciones puras y voy a ser millonario.",TeComproCafecitos,merval,3,2025-06-17 16:59:32,t3_1ld7p9z,t3_1ld7p9z,comment
my6891d,"No te puedo aconsejar, recién empiezo a invertir, pero si, noto eso que decís, creo que uno cambia la perspectiva respecto al dinero, el ahorro y la inversión a medida que prioriza el futuro, en mí caso mío y de mí familia.",[deleted],merval,3,2025-06-16 20:39:44,t3_1ld7p9z,t3_1ld7p9z,comment
my6vl04,"Y, cuando llegas a un nivel en el que una baja normal en unos dias del 10% te representa un monoambiente en caba, es momento de meter algo de plata en treasuries, y quiza un 5 o  10% en oro incluso, obviamente manteniendote en acciones con la mayoria, pero ya mas relajado, el juego medio que ya lo ganaste...",Ready-Cherry-2638,merval,3,2025-06-16 22:52:22,t3_1ld7p9z,t3_1ld7p9z,comment
my8m6sx,"Me paso lo mismo. Estoy tratando de reducir al mínimo las acciones individuales. Cualquier empresa te puede bajar u  50% de la noche a la mañana. Mira lo que paso con UNH, es muy difícil evaluar todos los riesgos que tiene una empresa, imagínate hacerlo con 20.

Ahora meto todo al SPY y tengo unas 8 empresas en las que tengo un 5% como máximo en cada una. Me ayuda a dormir tranquilo y estar más relajado.",Efficient_Pomelo_583,merval,3,2025-06-17 07:23:34,t3_1ld7p9z,t3_1ld7p9z,comment
my6ec1v,"hace ya algunos años estoy invirtiendo únicamente en vwra o similares por la razón que comentas. Imagino que cuando tu portfolio crece (me refiero no solo a capital sino a activos que tengas) se vuelve todo más difícil de gestionar (y caro)



Yo vengo invirtiendo únicamente en índices, me olvido de rebalancear y toda la pelota. En unos años comento como me fue (?",Kooky_Quiet3247,merval,5,2025-06-16 21:13:48,t3_1ld7p9z,t3_1ld7p9z,comment
my6omxo,"Y tenes que seguir una estrategia, no deberías ver montos si no %. Así como dijo otro si perdiste 1M pero eso es solo el 1% de tu portafolio no significa nada, si es un 10% o más entonces hubo un problema ahí.

Y bueno tener estrategias para cosas que queras riesgo y cosas que queras mucha seguridad como los fondos de emergencia.

También depende de tu perfil, si te gusta el riesgo y sufres ver subir y bajar pues te toca menos rentabilidad pero más segura y dejar de ver todos los días las inversiones que son para largo plazo.",AngelG21,merval,2,2025-06-16 22:13:11,t3_1ld7p9z,t3_1ld7p9z,comment
my7luxp,"La pérdida porcentual lógicamente me afecta más, no es lo mismo el 10% de 100  que de 1000.
Eso va en cada uno, en la herramienta y el riesgo, en las expectativas y necesidades particulares.
Cada quien evalúa objetivos, inversión , riesgo, ganancia, pérdidas que puede afrontar.
Diversificar no siempre quiere decir tener 100 ""cosas"" de una misma herramienta o con el mismos propósito, o de las mismas variables, o que estén atadas a las mismas circunstancias.
No soy ningún experto, ni mucho menos,  pero prefiero simplificar,  por ejemplo, si quiero soberanos hard dólar,  evalúo en el momento de invertir, en el que tengo el dinero, y voy por uno o dos, por ejemplo, un AL y un GD, ponele, lo mismo las ONs,  si querés tener varías por el cashflow,  ponele, pero si no se me hace una locura, porqué no me interesa estar ni 2 horas por día mirando variables o si un a sube un 1 la vendo y compro la que bajó un 0.5 para sacar nada, porque no tengo millones de dólares tampoco.
Miro de vez en cuándo, sigo algunas notícias de vez en cuando y las dejo ser...
En mi caso son ahorros, pero no me dedico a esto, ni tampoco me apasiona.",jafbelo22,merval,2,2025-06-17 01:41:56,t3_1ld7p9z,t3_1ld7p9z,comment
myi1evv,"simio ve número que se agranda y se pone feliz, entonces le pone más piedras a la bolsa y se pone feliz, ad infinitum 




Después le cae un rayo un día y lo hereda otro simio que se pone feliz. 🤣",No_Guarantee_4287,merval,0,2025-06-18 16:09:26,t3_1ld7p9z,t3_1ld7p9z,comment
mzep9j3,"Venía a comentar esto! Sin ser un experto, puedo afirmar que manejarse en %, en lugar de montos, es la manera de frenar la barrera psicológica. Cuando invertiste $1000, perder 5% eran $50. Cuando tenes $10.000, son $500. Los porcentajes son los mismos, pero el número te afecta. Porque sabés cuanto tiempo o laburo te lleva ganar esa plata. Quizás son 1, 2, 3, 4 meses de ahorro, pero hay que tener el chip de que es una inversión, no un sueldo. A mi me costó mucho cambiar el chip pero de a poco pude y las decisiones son mucho más frías.",alpacareloaded,merval,4,2025-06-23 19:02:36,t1_my67vfs,t3_1ld7p9z,comment
my6hnjr,"Sii, lo de mantener un porcentaje de cash lo estoy haciendo ahora. En estos momentos que creo que esta todo muy caro, prefiero ser cauto. Ahora estoy queriendo, armar una cartera afuera por las dudas.",Spiritual_Bottle_926,merval,3,2025-06-16 21:33:12,t1_my67vfs,t3_1ld7p9z,comment
my85qck,"yo empece hace 2 años como el op, viendo que podía estar barato, analizando porcentajes del porfolio, rastreando rentabilidades, etc.

hoy en día te digo que me pudrí de todo eso. En cualquier lado que veas es demasiado complicado ganarle al mercado y te consume tiempo y energía poder hacerlo. La realidad es que soy muy joven (20 años) entonces ni siquiera necesito ganarle al mercado para llegar bien a los 50.

Si bien me apasiona todo lo relacionado a finanzas, prefiero gastar ese tiempo y energia en cosas que realmente pesen en cuánta guita vaya a poder tener para retirarme, como por ejemplo conseguir un mejor laburo o recibirme de mi carrera. cualquier cosa que pueda hacer para maximizar las rentabilidades de los puchitos que vengo invirtiendo va a ser chirola comparado a conseguir un laburo bien pago a los 22, por ejemplo.

Todo spy todos los meses y mantengo un cacho largo en argentina porque ya estoy comprado y a mimir",Ok-Tart4802,merval,16,2025-06-17 04:41:02,t1_my6cm2w,t3_1ld7p9z,comment
my9atju,"Yo voy a tratar de reducir acciones, pero tratar de no tener muchos ETFs, creo que las ponderaciones a veces son demasiado exageradas.",Spiritual_Bottle_926,merval,1,2025-06-17 10:14:10,t1_my8m6sx,t3_1ld7p9z,comment
my6fy8j,"Si lo de re balanceo, si es que no podes estar super pendiente es complicado, por eso estoy diversificando un poco a renta fija. Ademas creo que todo esta muy caro, mi idea es que dentro de unos años poder dedicarme a adminitrar mi capital un 100% del tiempo y no estar dependiendo de un trabajo. Obvio, trabajando en proyectos personales pero tener la libertad de dedicarle varias horas a la semana a analizar empresas.",Spiritual_Bottle_926,merval,2,2025-06-16 21:23:13,t1_my6ec1v,t3_1ld7p9z,comment
myklo6p,"Me podrías contar A que te referís que está todo caro? 
Muchas acciones de muchísimas compañías están súper baratas en este año localmente e internacionalmente",Critical_Muffin6340,merval,1,2025-06-19 00:37:39,t1_my6ec1v,t3_1ld7p9z,comment
myg9fuo,"Comenzar, con letras, money market, dolares. Tener primero tu fondo de emergencia de gastos mensuales de como minimo 6 meses. Y a partir de ahi, comenzar a invertir, depende de vos y tus objetivos como inversor, si vas a estar al pendiente, si te gusta el tema o no. Si es para tener inversiones para largo, y no preocuparte  Obligaciones negociables AAA y ETFs, miras de ves en cuando tranqui. Si es que te sentis seguro y vas aprendiendo y te gusta el tema, queres dedicarle un poco mas entraría en acciones, cedears, bonos, ONs mas riesgozas. Toma riesgos, pero riesgos medidos. Pero lo pricipal, mas en este contexto es tener tu fondo de  emergencia, porque tomar deuda por emergencias con CFT alto es una tumba financiera. Por ahí no lo tenes en cuenta pero afecta un monton, y pagues mas de intereses de lo que ganas.",Spiritual_Bottle_926,merval,1,2025-06-18 11:09:19,t1_myf1o9k,t3_1ld7p9z,comment
my8cn5a,Btc ha caído 30 mil dólares es un día … las cosas que hay q leer. Ningún activo está exento de poder caer fuerte y dejar tu cartera en crisis,gusdry,merval,4,2025-06-17 05:51:16,t1_my7egtr,t3_1ld7p9z,comment
my8oa5w,"Lo más eficiente es dejar la plata en un ETF que sabés que va a crecer y gastar tu tiempo/energía en aprender nuevas skills o especializarte y laburar bien y buen pago. Con cultura general de ahorro + inversión (es decir, no patinarte todo lo que te sobra) vas a estar espectacular de acá a unos años",Frandaero,merval,9,2025-06-17 07:41:47,t1_my85qck,t3_1ld7p9z,comment
myg9qwo,"Bien pienso medianamente igual, aunque yo si le dedicaría tiempo a finanzas porque me gusta jeje",Spiritual_Bottle_926,merval,1,2025-06-18 11:10:51,t1_my85qck,t3_1ld7p9z,comment
my6hdgh,"La idea que comentas suena bien como hobby.

Tené en cuenta que el % de personas que le gana al mercado a largo plazo de manera sostenida es íiiiiinfima. Con esto quiero decir que eso de ""poder dedicar 100% del tiempo a las inversiones"" suena a que estás armando una estructura demasiado compleja (y de nuevo, cara, que va a demandar incluso tú tiempo para sostener rendimientos). Simplificalo desde ya y ahorrate dolores de cabeza en un futuro",Kooky_Quiet3247,merval,3,2025-06-16 21:31:33,t1_my6fy8j,t3_1ld7p9z,comment
mykc89h,"Recomiendo mucho algo que me choree de este mismo sub, banker on wheels:

 https://www.bankeronwheels.com/why-you-need-international-diversification/



Vwra ya tiene más de un 60% de USA, por que agregaría más y no diversificaria? Ese % de diferencia realmente justifica el no tener una cartera más diversificada? En mi caso la respuesta es no, pero entiendo quienes vayan derecho al SP500",Kooky_Quiet3247,merval,2,2025-06-18 23:35:41,t1_myk9hsb,t3_1ld7p9z,comment
mym0ocj,"Yo no dije que algo este caro, quizá fue OP?

lo que si dije es que se vuelve caro gestionar una cartera con muchos activos",Kooky_Quiet3247,merval,1,2025-06-19 08:03:31,t1_myklo6p,t3_1ld7p9z,comment
myb37vb,Etf que sigue el mercado mundial,AutomaticDragonfly27,merval,2,2025-06-17 15:22:04,t1_my76v8u,t3_1ld7p9z,comment
myfb87l,No importa que BTC caiga 30k dólares en un día si sabes en que estás invirtiendo. Sino inverti en bonos del Tesoro de USA y vas a dormir más tranquilo.,galileo634,merval,1,2025-06-18 07:36:12,t1_my8cn5a,t3_1ld7p9z,comment
myga5ti,"Excelente, pienso igual. lo mas importante es ser un destacado y el mejor en lo que te guste con un respaldo de ahorro e inversiones para tener la libertad de hacer lo que realmente te guste y aporte valor.",Spiritual_Bottle_926,merval,2,2025-06-18 11:12:53,t1_my8oa5w,t3_1ld7p9z,comment
mygaonk,es que ya lo que estudio tiene una gran parte de finanzas asi que entre eso y los videos que veo por hobby/estar informado ya tengo mas que suficiente jajaja.,Ok-Tart4802,merval,2,2025-06-18 11:15:28,t1_myg9qwo,t3_1ld7p9z,comment
my6jeu2,"Si claro, no es que voy a vivir de hacer trading con mis ahorros. A lo que me refiero, es a dedicarle buen tiempo en el momento que pueda ser independiente con los proyectos que tengo y no depender del trabajo y poder tener varias carteras en ls que pueda hacer re balanceos y analisis mas profundos. 
Y lo de “ganar al mercado” depende mucho qué instrumentos utilices, creo que cuando llegas a cierto capital es imposible y a la vez demasido riesgo.  Pero cuando tenes menor capital es bastante comun y para nada imposible pero si complejo. El obejtivo es siempre minimizar, perdidas no maximizar ganancias.",Spiritual_Bottle_926,merval,0,2025-06-16 21:43:27,t1_my6hdgh,t3_1ld7p9z,comment
mym2ln7,"De nada! Es un poco largo pero realmente creo que vale la pena. Ahora sí, respondiendo a tu pregunta de por qué solo vwra:

Creo que lo que me lleva a seguir invirtiendo únicamente en all world, es el hecho de que comprar/vender activos es caro, tenés comisiones en el medio y  la acción dispara eventos tributarios. Si se pincha USA en 25 años (o performa menos y querés salirte) vender activos de una cartera importante va a tener un costo altísimo.

En ese mismo escenario, si se pincha USA el fondo del etf hace ese rebalanceo por vos, no tenés que salir a comprar y vender nada. 

Teniendo eso en cuenta y que mi plazo de inversión es a +30 años yyyyy sumado a todo eso que la diferencia en rendimientos es no muy significativa dado el riesgo (que yo estoy dispuesto a tolerar), invierto solo en all world",Kooky_Quiet3247,merval,2,2025-06-19 08:18:22,t1_mykm541,t3_1ld7p9z,comment
mw8dpme,"Un día deberían permitir que tu cuenta de MercadoLibre funcione en todos los sitios de MercadoLibre. Y que con MercadoPago se pueda cobrar a clientes de todo el mundo, como Paypal",nosoymilhouse,merval,41,2025-06-05 21:20:54,t3_1l4c0hc,t3_1l4c0hc,comment
mw8fp49,"En breve Mercado Broker seguramente. Para operar acciones locales y exterior, bonos, ETF. Y algún que otro FCI seguramente.

Tener la guita a dos toques y poder invertirla en distintos instrumentos les da una gran ventaja.",Junior_Juggernaut878,merval,30,2025-06-05 21:33:13,t3_1l4c0hc,t3_1l4c0hc,comment
mwan1cm,Le falta una prepaga tipo mercadosano,WillyTablet,merval,21,2025-06-06 07:56:36,t3_1l4c0hc,t3_1l4c0hc,comment
mw8ryq1,"Una cosa que no me gusta es una empresa cubriendo todo. Primero un ""Amazon"", ahora un ""PedidosYa"", le sigue convertirse en banco, no me parecería raro como dijo u/Junior_Juggernaut878 que siendo banco después se haga broker para operar acciones y demás.

A mi por ejemplo me forzó a tener cuenta de mercadopago para poder usar mercadolibre. No uso mercadopago, no lo necesito, no lo quiero, pero lo tuve que hacer igual. Incluso para loguearme a mercadolibre en la PC necesito la APP de mercadopago para escanear el QR.",The-Casanova,merval,20,2025-06-05 22:47:24,t3_1l4c0hc,t3_1l4c0hc,comment
mwayc2x,"Yo creo que esta bien, es decir... Democratizar o poner a disponibilidad de usuarios la oportunidad de invertir en FCI, o cedears de manera facil sin tener que pasar por un broker o banco. Hay mucho desconocimiento y desconfianza con la bolsa, las inversiones y eso. Hoy es muy facil invertir y si sos de riesgo bajo y metes tus ahorros sean pesos o dolares en algo que te da 3-4% ya estas haciendo muchisimo.",niko3100,merval,2,2025-06-06 09:17:28,t3_1l4c0hc,t3_1l4c0hc,comment
mweq1ko,Perdón es medio nada que ver pero ustedes le tienen confianza a mercado pago? Yo tuve una mala experiencia hace un tiempo y otras personas me dijeron que tampoco lo usan por algunos problemas que tuvieron,Littlefishdd,merval,1,2025-06-06 21:03:26,t3_1l4c0hc,t3_1l4c0hc,comment
mwhh3wx,"Dumping,  pero el yanki es un mercado un poco mejor regulado que el nuestro y saben que si se pasan de vivos les cae el doj hasta Microsoft tuvo que aflojar con el explorer por ejemplo pero en el fondo es así donde las empresas ven una posibilidad de monopolizar algo lo hacen depende el país o el mercado se lo permitan",WillyTablet,merval,1,2025-06-07 10:15:47,t3_1l4c0hc,t3_1l4c0hc,comment
mwccj4u,"Esto no lo había pensado, pero puede ser. Igual es otro mercado completamente distinto",Tungsteny,merval,4,2025-06-06 13:36:36,t1_mw8fp49,t3_1l4c0hc,comment
mwepsmv,le falta pagar mas impuestos y sacarle los 100 millones de dolares de subsidios al año que le dan,FlamingoOdd3671,merval,2,2025-06-06 21:01:53,t1_mwan1cm,t3_1l4c0hc,comment
mw7ro2u,Lo único que significa es que ahora Mercado Libre no le tiene que dar la comisión a la administradora que lo manejaba. Más platita para Galperin.,Pearl_Jam_,merval,58,2025-06-05 19:12:47,t1_mw7r22g,t3_1l4c0hc,comment
mwb34aa,"> A mi por ejemplo me forzó a tener cuenta de mercadopago para poder usar mercadolibre.

No son cuentas separadas, es la misma cuenta.",Outlander357,merval,8,2025-06-06 09:47:02,t1_mw8ryq1,t3_1l4c0hc,comment
mw9buqu,"Yo te explico lo que pasa. Hay un par de ejecutivos que dicen “tenemos que hacer más plata”, a lo que un pobre pelotudo les responde “pero señor ya tenemos todo el mercado de compras online de Latinoamérica, ya estamos en la cima” y estos no contentos responden “bueno entonces vamos a convertirnos en una billetera virtual y tomar ese mercado para que la gente nos use para comprar en nuestra misma página y seguir creciendo”. 

Así para todo, no hay un fin, no hay “bueno ganamos ya está”. Por eso el chiste de las megacorpo que hay en WALL·E, es a lo que aspiran eventualmente.",TheJix,merval,9,2025-06-06 00:52:37,t1_mw8ryq1,t3_1l4c0hc,comment
mw82vvu,"Si, ya pidieron autorización al banco central hace 2 semanas.

https://www.ambito.com/negocios/mercado-libre-va-todo-pide-licencia-lanzar-el-mayor-banco-digital-del-pais-n6150449/amp",AzulDeBoca,merval,48,2025-06-05 20:15:52,t1_mw810dj,t3_1l4c0hc,comment
mwephon,"A lo que hace mención Ronin, es que además de Mercado Pago como wallet (a lo que le decis neo-bank), van a sacar su propio banco (el tradicional como Galicia)

Esto principalmente por todo lo que agarrarían y moverian con el payroll",shaggybgood,merval,6,2025-06-06 21:00:00,t1_mw8jd1a,t3_1l4c0hc,comment
mwgxfy7,"No confundir subsidio con reducir la carga fiscal.

Subsidio es cuando, desde fondos públicos, te financian algo, ya sea costos, servicios, etc.

Beneficios impositivos es simplemente que te cojan menos en impuestos.

Veo a muchos criticando a Meli como si desde el estado le enviaran directamente dinero cuando no es así, solo participa en un regimen con menor carga impositiva.

Y honestamente, en un país donde tenes tanta carga fiscal y abrir una empresa o mantenerla a flote es una odisea... yo también me mudaria a UY si eso me significa menor gasto tributario.",GabsARG,merval,8,2025-06-07 07:47:13,t1_mwepsmv,t3_1l4c0hc,comment
mw81rvc,Es prácticamente lo único que le falta a MercadoLibre para tener la misma funcionalidad que Amazon/Ebay: tener la logística internacional para poder comprar por ej. un repuesto de auto de MeLi Brasil estando en Argentina.,pripyaat,merval,43,2025-06-05 20:09:20,t1_mw7v4rx,t3_1l4c0hc,comment
mwfpdwy,"No le conviene, Mercado libre invierte y crece en Brasil y México, tiene hasta flota de aviones. Para que crecer acá si cada 4 vuelve el peronismo y te pone todos los palos que tiene a su alcance en tus ruedas?",GordonGekko437,merval,3,2025-06-07 00:53:28,t1_mw7v4rx,t3_1l4c0hc,comment
mw9b8mt,"Que lindo sería poder comprar los teles oled de Samsung en mercado libre Chile y que me lleguen a mi casa sin tener que hacer trámites, hasta pagando 100% de impuestos me saldría la mitad que acá",hummail,merval,19,2025-06-06 00:48:23,t1_mw81rvc,t3_1l4c0hc,comment
mwh555v,"Sí claro no es directamente con la nuestra, es un cliche pero en tributarismo el beneficio de unos es perjuicio de otros o sea lo que no ser recauda de  un lado sale de otro (siempre la base de la pirámide) otro tema es la protección en el mercado arg que tuvo Meli frente a la competencia como amz o eBay en su momento pero esto es otro debate.",WillyTablet,merval,3,2025-06-07 08:52:20,t1_mwgxpqb,t3_1l4c0hc,comment
mwh5n88,"Obvio, yo prefiero que todos jueguen con las mismas reglas del mercado y que todas las empresas (ya sea nacionales, pymes, incluso las que son del exterior que vienen al país) tengan POCA carga tributaria. 

Y sueño con que venga Amazon aca, un poco más de competencia no vendría mal (Meli tiene mucha comisión).

El motivo de mi comentario es que veo mucha gente tirandole mierda a Meli, siendo una gran empresa que nacio aca, y no entiendo por que esa misma gente no tiene ese nacionalismo con Meli como si lo tienen con otros exitos nacionales como El Eternauta...",GabsARG,merval,3,2025-06-07 08:56:16,t1_mwh555v,t3_1l4c0hc,comment
mwb3fpt,"Pero si yo puedo comprar en Amazon y que me llegue a argentina, pagando impuestos obvio. Solo digo que mercado libre podría implementar esa logística y cobrarme carísimo y seguiría conviniendo porque un tele que quiero allá está 2m y acá 7m.
Y estoy seguro que con muchos productos pasa eso, no sé como sería legalmente pero bueno seguro se puede implementar",hummail,merval,5,2025-06-06 09:48:54,t1_mwb2fik,t3_1l4c0hc,comment
mw92arv,No peleen. Históricamente mercado pago pago 2 puntos menos que el resto por las comisiones que le cobran.,psicodelico6,merval,17,2025-06-05 23:51:31,t1_mw9213v,t3_1l4c0hc,comment
mwhcz2t,"Igualmente de eso pecan todas las empresas cuando tienen posibilidad, por ejemplo, Amazon también a crecido utilizando prácticas como vender a pérdida para ganar a otras más pequeñas (tiene un nombre pero no me acuerdo).

Pero que Argentina tenga un ""mercado"" tan cerrado y proteccionista no es culpa de la gestión de MeLi, más bien es por políticas de gobiernos de los últimos 30 años, tanto MeLi como otros monopolios aprovechan y aprenden a utilizar al estado a su favor.

Pero no es culpa del cerdo, si no QUIEN le da de comer (o sea, ese proteccionismo que impidió ingresar a más competidores externos)",GabsARG,merval,2,2025-06-07 09:48:59,t1_mwh82fv,t3_1l4c0hc,comment
mwb7rgi,"Si apelas al reduccionismo podés terminar justificando cualquier cosa. A menos que quieras parecerte a los K, cuyo nivel argumentativo esta por el suelo, deberías mejorar tus planteos.

""Imaginate estar en contra de un tipo que le da trabajo a cientos de personas y boosteaba la economía de su país""

Y quien era esa persona? Thomas Thistlewood, un esclavista tan nefasto que hasta los otros esclavistas se espantaban de el. Lo que decís no significa nada, hay gente nefasta que ""dio más trabajo"" y ayudo más al comercio.",DarkPucara,merval,4,2025-06-06 10:13:49,t1_mwb3roa,t3_1l4c0hc,comment
mvhoiis,Antes era negocio la compra venta de dolar mep,psicodelico6,merval,11,2025-06-01 19:15:23,t3_1l11h2s,t3_1l11h2s,comment
mvl8byi,"Ya no tiene sentido usarla, es la plataforma de peor calidad del mercado, y encima ahora te cobra. Pagar por tener problemas? No, gracias.",sheikov,merval,5,2025-06-02 10:59:48,t3_1l11h2s,t3_1l11h2s,comment
mvip0gb,"0.45% por operar CEDEAR es dentro de todo normal. 

Pero no tiene mucho sentido cuando podes operar directamente afuera. En LB Finanzas podes operar directo en NYSE sin CEDEAR con un costo de 0.3%.",AnOkBassPlayer,merval,3,2025-06-01 22:55:50,t3_1l11h2s,t3_1l11h2s,comment
mviizi2,El precio promedio de un broker siempre rondó los 0.6%.,Mongoaurelius,merval,2,2025-06-01 22:17:49,t3_1l11h2s,t3_1l11h2s,comment
mviva04,"Yo uso Cocos solo por el fondo COCORMA, eso sigue siendo igual?",Unlikely_Bag8462,merval,3,2025-06-01 23:35:59,t3_1l11h2s,t3_1l11h2s,comment
mvi9cim,Sabes si va a aplicar para los fondos de cocos tipo el COCORMA?,Boring-Treacle5930,merval,1,2025-06-01 21:17:28,t3_1l11h2s,t3_1l11h2s,comment
mvii3a2,"No habia comision pero habia capital. Es una estrategia de mercado, tener precios descremadamente bajos para ganar clientes, la comision sigue siendo baja pero ya no es gratis",Salt-Expression6901,merval,1,2025-06-01 22:12:08,t3_1l11h2s,t3_1l11h2s,comment
mvqx6dy,"Y como toda startup, es gratuita para los usuarios hasta que los inversores dejan de poner guita o aprietan para recibir un retorno...

No los culpo, asi es todo, siempre",No_Wealth8633,merval,1,2025-06-03 07:47:27,t3_1l11h2s,t3_1l11h2s,comment
mvhuc44,Donde metían la comisión? Yo recuerdo haber comprado y vendido y pagado 0 de comisión. Solo derechos de mercado cobraban creo pero eso es algo de la BCBA que te cobran todos.,Terodius,merval,3,2025-06-01 19:49:22,t1_mvhsw9g,t3_1l11h2s,comment
mvirrei,"Depende lo que priorices.

Yo nunca entendi porque te irias a un lugar con atencion al cliente nula, donde la gente se queja de movimientos dudosos que no hicieron, te estafan con el spread y la plataforma no es la gran cosa.

Puede que te ahorres unos pesos, pero ojala nunca tengas una consulta o un problema. Quien dice igual que con las comis mejoren la plat y la atencion.

Yo uso Balanz y esta ok. Quejarse de 0.5% no tiene sentido, si moves mucha plata siempre podes pedir menor cometa ademas.",UniversityWorldly199,merval,12,2025-06-01 23:13:14,t1_mvifcdu,t3_1l11h2s,comment
mvid6yz,No. Tengo entendido que los FCI ya tienen las comisiones y todo los gastos dentro del precio de la cuota parte.,CampaignOk7483,merval,2,2025-06-01 21:41:27,t1_mvi9cim,t3_1l11h2s,comment
mvpsj9f,"matriz esta llena de errores, nada grave por suerte, tambien estoy en veta y el nivel de detalle que tiene el homebroker te deja tranquilo cuando la matriz hace de las suyas xD y la atencion por whasap un espectaculo, cada boludez q alguna vez me surgio con balance o poder caucionar, en 10min ya estaba arreglado, comisiones bajas, si tradeas mucho y moves mucha guita, pagas un flat 100k al mes y vendes todo el dia",M4tut310,merval,1,2025-06-03 01:32:23,t1_mvmubzw,t3_1l11h2s,comment
mvojvry,"Yo lo usaba y veía pasar las quejas, hasta que me pasó a mí y lo viví en carne propia, me quedaron debiendo unos pesos que nunca lo ví acreditados en mi cuenta.",Life_Championship444,merval,2,2025-06-02 20:49:20,t1_mvixp0h,t3_1l11h2s,comment
mvt3unu,"Parte de la comisión son los activos que operan por atrás cuando apretas el botoncito de operar dolares. Vos lo haces con al30, pero ellos?",circulaporladerecha,merval,1,2025-06-03 14:43:35,t1_mvhylrn,t3_1l11h2s,comment
mvi82ed,pero el spread aplica para los que ponen orden mercado. Yo veo el AL30 que tiene puntas de 88350 y 88380 por ej. y si quiero comprar meto orden límite en 88350.,Terodius,merval,0,2025-06-01 21:09:35,t1_mvi55by,t3_1l11h2s,comment
mvin41m,"mira las review en google opiniones pone por una estrella y vas a ver todos los bug y operaciones que inventaban a la gente y los q no ponian ordenes de compra  y usaban el boton de compra mep automatico les garcaba con los precios a mas no poder con diferencias de 50 o 100 pesos de cotizacion, transfrencias que no llegan etc",mysticfuko,merval,12,2025-06-01 22:43:55,t1_mvi82ed,t3_1l11h2s,comment
mypj3ga,"Si hay algun problema con la transfer, COELSA la revierte pasada las 24 horas, no te preocupes mucho.

Todas las transferencias electronicas en el pais son procesadas por COELSA, no importa si usas personal pay, mercadopago, banco santander o banco poronga. Salvo que haya algun problema puntual con el sistema de -en este caso- personalpay, todos los problemas de transferencias los tiene que resolver COELSA y los usuarios finales no tenemos acceso a ellos. Me ha pasado con transfers en banco que lo mas que logras es que cargen un reclamo a COELSA, y el reclamo en general tardan mas en responderlo que la reversion automatica de 24hs, asi que estas en la misma jaja",0ToTheLeft,merval,40,2025-06-19 19:10:55,t3_1lfmsqr,t3_1lfmsqr,comment
mypwsmx,"Eso te puede pasar con cualquier billetera, y la respuesta va a ser la misma. Me paso con mercado pago también.",MattBrey,merval,5,2025-06-19 20:27:00,t3_1lfmsqr,t3_1lfmsqr,comment
mytsqqu,"Hace dos días me hicieron una transferencia a  cuenta dni, desde mercado pago, y se demoró 24hrs en acreditar. Entre al home  del pcia y me lo ponía como pendiente. Se acreditó  dentro d las 24hrs sin problema.",motolander,merval,1,2025-06-20 12:30:31,t3_1lfmsqr,t3_1lfmsqr,comment
myu6996,Nunca me pasó con Mercadopago ,libre06,merval,1,2025-06-20 13:35:51,t3_1lfmsqr,t3_1lfmsqr,comment
myuc9k6,"A mí me suspendieron la cuenta sin previo aviso, y sin motivo aparente, en Enero. Había 50 mil pesos y todavía no me los devuelven. Me cansé de mandarles mails, llamar, whatsapp, etc. se te cagan de risa. Les importa un huevo. Les llené todos los lugares donde se pueden hacer reviews (Google Play, domicilios en Google Maps, etc.) de reviews malas. Estoy viendo de mandarles telegrama de intimación tipo carta documento.",tincho5,merval,1,2025-06-20 14:04:31,t3_1lfmsqr,t3_1lfmsqr,comment
mz0x2qa,"Mostraste la parte del chat, pero no la parte de ""desaparezcan sus fondos"", probablemente, porque eso es exageración tuya. El plazo aproximado para las transferencias, cuando no fue inmediato, es de 24 a 48 horas hábiles, plazo máximo establecido por el BCRA dentro de sus regulaciones. 

Por otro lado, todas las entidades bancarias y/o billeteras virtuales, operan con transferencias inmediatas, pero el plazo máximo establecido es de 24 a 48 horas hábiles también.

Probablemente, ya se te soluciono, pero no viniste a poner el update.",No_Engineering3483,merval,1,2025-06-21 15:22:25,t3_1lfmsqr,t3_1lfmsqr,comment
mzdz9f0,"Esto te puede pasar con cualquier app, incluso bancaria.

Hace unos meses me pasó con Mercado Pago. Transferí en la calle porque había comprado algo.... No llegaba. Era poca plata así que lo pagué en efectivo. A las horas veo que recien se concretó. Nunca más lo usé para sumas grandes en la calle.

Hace días paso con Galicia. Dejó a sus clientes sin posibilidades de acceso a sus cuentas porque estaban mudando de app.

A lo que voy es que son todos unas ratas. Y como hay una estructura mayor que les permite hacer todo esto impunemente, lo hacen.",CeciWinchester,merval,1,2025-06-23 16:55:39,t3_1lfmsqr,t3_1lfmsqr,comment
mz1ej07,"Si vivís cerca de los supermercados seleccionados, usas nafta y cargás la sube, te ahorras unos buenos mangos.",Diarrea_Cerebral,merval,1,2025-06-21 16:58:32,t1_myvruyd,t3_1lfmsqr,comment
myulwc9,Pase pal fondo que lo atendemos,lord-badmington,merval,5,2025-06-20 14:49:31,t1_myq9775,t3_1lfmsqr,comment
mz3jnok,Excepto que vivas una provincia que no haya esos supermercados ajjsjss,Muted_Chef4481,merval,1,2025-06-22 00:50:45,t1_mz1ej07,t3_1lfmsqr,comment
mwtmcyh,"Adhiero a eso que dijeron mis compás sobre los colores y reclasifica YPF y Crypto como Riesgo Altísimo y remírate lo que significa largo plazo, “vacaciones: largo plazo” te vas a tomar vacaciones de acá a 6 años?",Inevitable_Quail_449,merval,48,2025-06-09 09:48:55,t3_1l73mpo,t3_1l73mpo,comment
mwto2u1,"inversión ""por el resto de mi vida"" no creo q exista... siempre tenes q monitorear y corregir... y menos si vas con empresas individuales y/o crypto... quien te dijo que NVDA va a estar toda la vida??? YPF llegó a costar menos de 5 dolares la acción... 

en fin, si queres tener inversiones q te dejen dormir tranqui por 10 años (nunca apuntaría a mas de eso), fijate como se hace correctamente DCA con SPY, o sino entrale a empresas defensivas que tienen muy poca probabilidad de quebrar en los próximos 10 años (las q fabrican articulos de primera necesidad, o negocios de flujo super establecidos) pero vas a tener q revisar, al menos 3 o 4 veces por año para ver en que andan...",InevitableBit2367,merval,8,2025-06-09 09:59:08,t3_1l73mpo,t3_1l73mpo,comment
mwu998m,"Primero los colores, o no llegás a fin de año posta.

Supongo que tu perfil es moderado, asi que creo que deberías revisar un poco el tema de la diversificación y el riesgo.

DIVERSIFICACION  
Lo veo poco diversificado. Entre el S&P y el VTI, lo tenes todo apuntado al mercado de EEUU y poco al resto del mundo. Con lo cual se te estan solapando cosas.  
Yo le agregaría algo de mercados emergentes (EEM) o por ejemplo tenes el ETF llamado VWRA que son acciones globales de mercados desarrollados y emergentes combinados.

RIESGO  
\- Todo lo que es renta variable de empresas (MELI, YPF, NVIDIA) lo consideraría riesgo medio/alto.  
\- Criptomonedas, si son stablecoins (USDT, USDC, DAI) podes considerarlo riesgo bajo si confias en la plataforma donde las tenes. Si son BTC, ETH etc, son de riesgo alto.

No se que tipo horizonte tenes, ni la rentabilidad que buscas, pero por como esta el mercado hoy, yo agregaria instrumentos de renta fija mas seguros como los bonos del tesoro de EEUU, que te dejan un 4,5% anual aprox pero no tienen riesgo.

LIQUIDEZ  
Todo lo que dice DOLAR supongo que es la liquidez que queres tener. Yo particularmente no lo tendría en IOL.  
Lo pondría en algún FCI de rescate inmediato como el Cocos Ahorro Dolares o alguno similar que dejan 4% anual aprox.

Tengo perfil conservador/moderado, quizás te sirva mi portfolio, te lo dejo:

* FCIs	25.33% (varios FCIs con diferentes riesgos: ONs, bonos sobernos, etc)
* Cripto stablecoins 28.18%
* Cripto BTC 24%
* Cuentas remuneradas (Uala, NaranjaX) ARS 5.52%
* ETFs:
   * VWRA - Acciones globales 4.95%
   * CSBGU7 - Bonos del Tesoro US mediano plazo 2.52%
   * IBTA	- Bonos del Tesoro US corto plazo 3.22%
   * IB01	- TBills Bonos del Tesoro US ultracorto plazo 1.69%
   * CSNDX - Sigue al Nasdaq100 4.59%",kriss_arg,merval,8,2025-06-09 11:52:31,t3_1l73mpo,t3_1l73mpo,comment
mwts2ad,"VTI es el mundo no? que en su mayoria pesa el sp500, el cual a su vez tiene nvidia adentro. Creo que estas comprando 3 veces lo mismo y pensas que es diferente. Yo no solaparia inversiones, diversificaria. A menos que me digas que VTI es (ex - USA).",cesarvillano,merval,3,2025-06-09 10:22:26,t3_1l73mpo,t3_1l73mpo,comment
mwtmzoj,“Criptomonedas”??? Bitcoin mejor.,galileo634,merval,2,2025-06-09 09:52:42,t3_1l73mpo,t3_1l73mpo,comment
mwtoum3,"Quizás es subjetivo, pero en que te basas para decir que YPF es riesgo bajo, NVIDIA medio, Criptos Medios, SP Bajo? Digo quizás solo son palabras y no le das mucha bola pero si crees realmente que una acción (y más una como YPF) es de riesgo bajo, guarda con ponertela de lleno contra una pared.",markydemarc,merval,2,2025-06-09 10:03:43,t3_1l73mpo,t3_1l73mpo,comment
mwxvexg,"La inversión en dolares tambien la podes tener en algun fondo money market, el riesgo es bajo y no perdes con la inflación.   
Por ejemplo, si compras dolares en mercado pago incluso te deja tenerlos invertidos ahí.

(Esto no es recomendación)",totobuffet,merval,2,2025-06-09 22:37:37,t3_1l73mpo,t3_1l73mpo,comment
mx90yhr,"Cosejo mio , si tenes ya comprado  CDARS estate atento a las bajas , ya que el trump  esta moviendo bastante el avispero y estan variando mucho las acciones estadounidences, como te digo si tenes mantenelas y si ves que empieza a bajar mucho ,vendes y a medida que valla bajando vas comprando , aunque no lo estan recomendado por lo volatil que esta hoy en dia. Ypf en cambio ayer metieron preso a cristina y subio 7% jaja increible, te diria que esperes a las elecciones que se vienen en argentina, creo que en octubre ya que si el partido de milei gana , van a subir las acciones argentinas. Yo que vos miraria los bonos que estan lindos y hay una Letra que esta pagando casi %40 de rentabilidad en pesos creo (buscalo)  pero si hoy en dia los bonos estan muy buenos, pero de vos 👍",Comfortable_Sugar36,merval,2,2025-06-11 16:04:42,t3_1l73mpo,t3_1l73mpo,comment
mwtwni5,"Fa cada ves me siento peor por no entender nada de este tema, y se que estoy perdiendo plata teniendo simplemente dolares ahi durmiendo jaja",SilverWerewolf1024,merval,1,2025-06-09 10:48:23,t3_1l73mpo,t3_1l73mpo,comment
mwvulhf,"No se lee con claridad, pero en momentos como este solo tenés que comprar el verdolaga, y después invertirlos en algún fci, todo lo demás en argentina está caro, y el dólar en super oferta",Livid-Bluebird-7235,merval,1,2025-06-09 16:19:51,t3_1l73mpo,t3_1l73mpo,comment
mxiuc2q,Lo único que puedo decirte es que con las criptos te convendría mejor cambiar el objetivo por algo así como ahorro a futuro comprando algo estable como bitcoins. Si vas a meterte en criptos para ganancias fáciles vas a caer en una trampa porque es muy volátil.,dalemostro,merval,1,2025-06-13 04:05:54,t3_1l73mpo,t3_1l73mpo,comment
mxn6f4s,"Las acciones de globant estan por los suelos, quiza es buena para holdear",tucumanoSinCovid,merval,1,2025-06-13 19:21:34,t3_1l73mpo,t3_1l73mpo,comment
mxow5bg,"El dólar no es una inversión, es una manera de cuidarse ante la revalorización de la moneda",Plane_Ingenuity8714,merval,1,2025-06-14 01:44:50,t3_1l73mpo,t3_1l73mpo,comment
mwtp0n4,"pasa que ya tengo cubierto las vacas de este año y de fin de año, seria para el año q viene, lo interpreté como largo plazo pero tenes razón, seria mas correcto en mediano.

YPF pensé que era seguro, se que estuvieron bajos pero como veia que se estaba valorizando bastante estos 2 años, creí que podria ser buena inversión a futuro,",franco6652,merval,6,2025-06-09 10:04:43,t1_mwtmcyh,t3_1l73mpo,comment
mwtrwta,"Gracias, algun EEM q recomiendes? seria invertir en ETF de EEM o en acciones de empresas de paises emergentes?",franco6652,merval,2,2025-06-09 10:21:34,t1_mwtmjxn,t3_1l73mpo,comment
mwtprjk,"Claro, quizás mi expresion fue bastante fantasiosa jaja, pero la idea era expresar un plan que armé con la intencion de que dure hasta que no esté más aca, obvio teniendo en cuenta que van a haber retoques a la larga

actualmente hago DCA con SPY pero en montos mas bajos ya que tengo que dividir mi 40% del sueldo entre todos estos, quizás tenga que priorizar msa unos que otros cada mes, ahí tengo un punto para tener en cuenta

Gracias por el consejo de lo de primera necesidad, lo tuve en cuenta x tema inflacion y recesión pero no lo sumé, hay alguna bolsa que sume empresas de primera necesidad?",franco6652,merval,1,2025-06-09 10:09:07,t1_mwto2u1,t3_1l73mpo,comment
mwuk0aq,"Gracias por compartir, te puedo preguntar en donde tenés ésta inversión? En diferentes brokers? O en una sola plataforma?",von-pavlor,merval,3,2025-06-09 12:43:42,t1_mwu998m,t3_1l73mpo,comment
mwum49m,"gracias por tomarte el tiempo de escribir tu opinion y compartir tu cartera, es muy util la data.

ya fixée los colores jaja.

Decidí XLP (bienes de consumo basico) para el ahorro de terreno, IEF (bono del tesoro yankee a 10 años) y EEM (mercados emergentes que no solo incluye USA) para variar un poco de lo que tengo, supongo que con esto arreglo lo de centralizar mucho en bolsa yankee y de optimizar la cuestión de repetir una inversion, como lo que tenga con el ETF de tecnologias + spy500 + nvidia cedear, que tecnicamente seria repetir la misma cosa. Con esto vario un poco y además sumo algo de rentafija.

Respecto a la liquidez, sí, por un lado ahorro de emergencia lo tengo en la cartera para liquidez inmediata, y después para vacaciones tengo en iol dolar ahorro plus que me da un 8% anual segun tengo entendido, me faltaria el dolar que es para una moto, auto o lo que sea, pensé en agregarlo al de Ualá, no sé si viste pero ualá lanzo su fci ahorro dolares, pensaba mover eso ahí y con eso tendria 2 opciones de dolar en ahorro dolar y la otra opcion en dolar liquido de mi cartera de IOL.

Mi horizonte es a largo plazo todo, no busco nada a mediano plazo salvo sacar ganancias de cosas como bitcoin o algunos cedears como meli o YPF, podria incluir a mediano plazo las vacaciones o el ahorro para un auto/moto o lo que sea.

Edit: No apunto a ninguna rentabilidad especifica ya que vario mucho y la rentabilidad no sabria como deducirla, lo que mas me interesa es invertir bien y asegurarme a largo plazo mis fondos acompañados del interés compuesto.

Ya que estoy te consulto, al ser muchos ETF y Cedears, me recoemndas apuntar a un capital alto para cada uno y despues empezar a inyectar a otros? O da igual y deberia ir repartiendo puchito a puchito a modo DCA como estaba haciendo con spy (basicamente le cargaba de a 10k o 20kars como mucho cada mes)",franco6652,merval,3,2025-06-09 12:53:36,t1_mwu998m,t3_1l73mpo,comment
mwttmyi,"tenés mucha razón, muchas empresas techno entran en el s&p500 y ya tengo acciones nvidia, no lo habia pensado, gracias. 

Por otro lado, podria reemplazar VTI por cedears de XLP que seria la etf de empresas de bienes de necesidades basicas, mas que nada pq ahí ahorraria para el terreno, así que en caso de estar en crisis economica, mi fondo para un terreno se mantendria resguardado. Que opinas?",franco6652,merval,2,2025-06-09 10:31:32,t1_mwts2ad,t3_1l73mpo,comment
mww8t0o,"VTI no es el mundo, es todo el mercado norteamericano. VT es el mundo.",elrond_lariel,merval,1,2025-06-09 17:27:03,t1_mwts2ad,t3_1l73mpo,comment
mwu8278,"banco, le tengo mucha fe a meli e YPF así que de momento es lo unico que mantengo, pero sí, opino igual que vos jaja",franco6652,merval,2,2025-06-09 11:46:41,t1_mwu08s5,t3_1l73mpo,comment
mwu53uk,DOLAR RIESGO NINGUNO? solo pierde un 8% de su valor por año.,lockduck1,merval,3,2025-06-09 11:32:11,t1_mwu26ss,t3_1l73mpo,comment
mwtofei,"seria bitcoin y eth, pero me voy a decidir por bitcoin directamente, medio al pedo eth no?",franco6652,merval,1,2025-06-09 10:01:10,t1_mwtmzoj,t3_1l73mpo,comment
mwtrq6e,"yo considero bitcoin (q seria la cripto) en riesgo medio pq es una moneda que tarde o temprano va a valer una banda, no importa que pase, cuanto suba o baje,  está muy consolidado A MI PARECER y mi analisis en base a todo lo que se, puedo estar errado eh, solo te comparto mi opinion.

respecto a sp bajo pq obvio en contexto de crisis puede bajar pero a la larga siempre es win.

y con lo de YPF sí, tendria que subirlo a riesgo medio o alto, la verdad lo puse en bajo pq tengo mucha fe de que va a ser una empresa muy consolidada en el futuro proximo, está a la vanguardia en el petroleo argentino y uno cuando piensa en petroleo argentino lo asocia directamente con YPF, también esto es subjetivo y es una conclusión a la que yo llegué en base a mis conocimientos, puedo estar pifiando grande porque como dije, soy nuevo.

Gracias x tu comentario, si crees que en esto que te comenté hay algo flojo me gustaria leer tu opinion también, todo sirve",franco6652,merval,1,2025-06-09 10:20:30,t1_mwtoum3,t3_1l73mpo,comment
mx92j2s,"como vas? gracias por tu consejo. Sí estoy siguiendo bien este tema del trumpi porque vino a hacer cagadas y pelotudeces parece no más jaja, estoy pensando en la del stop loss sinceramente pq con un minimo anuncio que haga y sea bastante choto como lo de los impuestos, puede bajar todo de una...

respecto a YPF si jaja, un golazo, tenia poca cash pero voy bien en ganancia y tengo bastante esperanza de momento que las elecciones de oct van a ir para el lado de milei y por ende significaria la derrota total del kirchnerismo en el tercer cordon, hecho que mas que seguro si llega a pasar suba todo, así funciona y se demostró ayer con la excarcelación

Le voy a meter foco a invertir en empresas argentinas por este mismo tema, si sigue así se viene un buen futuro en terminos de rendimientos. 

Respecto al bono me llama la atención, son bonos de ONs o o bonos estatales decís? Si son estatales me da un toque de desconfianza, a cuantos años serian?

  
Confio en el gobierno pero si son bonos de acá a 5-10 años me da un toque de cagazo",franco6652,merval,1,2025-06-11 16:12:21,t1_mx90yhr,t3_1l73mpo,comment
mwvapmp,"me llamó mucho la atencion el HSI, no lo conocia. 

Consulta, recomendas algun broker para comprar estos tipos de etfs? Yo uso iol unicamente, por lo que averigué hay etf de estos, pero no sé si sea lo ideal IOL",franco6652,merval,1,2025-06-09 14:47:21,t1_mwv0jlx,t3_1l73mpo,comment
mwtyqsk,"amigo realmente es dedicarle tiempo con ganas de aprender, yo mientras cocino escucho videos, mientras viajo escucho podcast/videos, mientras laburo de fondo escucho analisis  de herramientas financieras, explicaciones de X cosa y MUCHO chatGPT para despejar dudas o debatir con la IA sobre lo que tengo en mente, es mi camino y me resultó bastante, empecé hace aprox 6 meses con esto y la verdad que haciendo retrospectiva a cuando arranqué, avancé una banda, no sabia ni comprar MEP con al30 y vender el al30d, una pavada. 

Lo que pasa es que al ser tantas cosas que desconocemos da paja, pero la unica que queda es arrancar, mandar mano y goooglear/usar chatgpt un montón, también clave escuchar y leer cosas de este mundo... de a poco vas a ir pudiendo conectar todos los cables, pero lleva tiempo, animos y arrancá, el 1% que empieces va a tener un impacto en el futuro sobre tus conocimientos mucho mas grande de lo que pensas, mandale y no cuelgues con la plata durmiendo, pero anda tranqui y con paciencia",franco6652,merval,1,2025-06-09 10:59:33,t1_mwtwni5,t3_1l73mpo,comment
mwugky9,"Mi humilde aporte es que directamente tenes mal la clasificacion de los riesgos. Ningun riesgo no existe para los FCI, es bajo. Accion/cedear/cripto es alto. SPY es medio/alto si queres. Abrazo",Extra_Service_9880,merval,16,2025-06-09 12:27:32,t1_mwtp0n4,t3_1l73mpo,comment
mwuvt4w,Un año en inversiones es cortísimo plazo,silentplus,merval,6,2025-06-09 13:39:24,t1_mwtp0n4,t3_1l73mpo,comment
mwulpu2,"Por nada. 

Para ETFs en IBKR.  
FCIs en diferentes brokers y bancos (PPI, Balanz, Cocos)  
Cripto stablecoins en diferentes plataformas segun el rendimiento .   
BTC en cold wallet.",kriss_arg,merval,5,2025-06-09 12:51:43,t1_mwuk0aq,t3_1l73mpo,comment
mwu10zu,"no conozco XLP. Yo en lo personal no pongo guita en cedears, me parecen arriesgados y medio raros porque depende de la cotizacion del dolar y todo eso... Lo que YO hago, es buscar activos indexados diversificados etf no correlacionados, o al menos lo intento. Porque si compras 3 veces lo mismo, cae 1 y caen todos. X ej. si el XLP está inversamente correlacionado con sp500 sería una opción, o por ej, mercados emergentes. Además yo compro solo cosas que estan baratas, por ejemplo sp500 no estoy comprando hace meses, ahora compro en china x ejemplo, y lo que no pongo en sp500 lo pongo en bonos yankees, o bonos de empresas, hasta incluso en ONs de arg (cuestionable ya sé). Aca te dejo una página asi ves los p/e forwad y actuales de las regiones del mundo [https://worldperatio.com/area/](https://worldperatio.com/area/)  por si te sirve.",cesarvillano,merval,3,2025-06-09 11:11:31,t1_mwttmyi,t3_1l73mpo,comment
mwu883b,"no entendí esto, porque el 8%? Que deberia hacer con la opcion dolar? por cual podria reemplazar?",franco6652,merval,2,2025-06-09 11:47:28,t1_mwu53uk,t3_1l73mpo,comment
mwtt40g,"A ver caso Bitcoin.. De Enero a Abril de 2025 pasó de 105 mil dólares a 75mil (casi un -29%). Y después volvió a subir. Yo no consideraría eso riesgo ""medio"" por más que vos digas que en un futuro va a valer una banda (que tampoco lo sabes). A lo que voy, son solo palabras.. pero hay que ver que haría una persona cuando tiene los ahorros de su vida metidos en algo que acaba de caer un 29% pensando de que era de riesgo ""bajo"" o ""medio"". Lo digo nada más para que lo tengas en cuenta ehh... Saludos!",markydemarc,merval,2,2025-06-09 10:28:29,t1_mwtrq6e,t3_1l73mpo,comment
mx93w2c,"Son bonos soberanos , no me acuerdo bien cuales , el bono no si el  AL30 , o el AL35 Tiene una paridad del 68% creo lo que significa que puede subir y mas si gana milei ,dicen que puede llegar a una paridad del 85% maso por lo que si lo compras ahora, y todo sale bien le sacarias un 20% casi , y una ves que ya suba hasta ahi lo podes vender a no ser que te lo quieras quedar hasta el 2035 jaja y la letra ni idea, Hay un chsbon que yo sigo es un tipazo que sabe una banda de inversiones y es confiable se llama Maxi Leguizamo o taller de inversiones , buscalo el you tube, ayer justamente saco un video informando de todo esto , anda a verlo ahi te recomienda las mejores inverciones. Que se podria hacer al dia de hoy",Comfortable_Sugar36,merval,1,2025-06-11 16:19:01,t1_mx92j2s,t3_1l73mpo,comment
mx05e6u,"Si queres acceder a la bolsa de HK podes via interactive brokers. Tambien podes comprar algun ETF occidental que trackee ese index.

Yo uso un brokeren HK que se llama uSMART. Si no tenes una cuenta bancaria fuera de Argentina donde puedas acceder a transferencias baratas no te lo recomiendo.",diyexageh,merval,2,2025-06-10 09:17:30,t1_mwvapmp,t3_1l73mpo,comment
mwuiy8w,"spy medio alto? por qué esta consideración?

Si, ahi reclasifiqué los riesgos, mas que nada con bitcoin y cedears, gracias!!",franco6652,merval,2,2025-06-09 12:38:44,t1_mwugky9,t3_1l73mpo,comment
mxk6wd9,"Creo que la clasificación depende muchísimo de tu opinión personal y tu tolerancia a riesgo. SPY a 10/20 años como riesgo moderado/alto me parece una locura a mí. Riesgo alto son futuros, cryptos, acciones que podrían dispararse o desplomarse de acá a una semana... SPY al largo plazo me parece apenas más riesgoso que un bono, menos riesgoso que un FCI en pesos (hablamos claro de renta variable, manzanas con manzanas). Cuales son las chances de que, de acá a 30 años, toda la bolsa de estados unidos se haya desplomado y no se haya podido recuperar? Si llega a pasar eso lo que menos me calienta es mi portafolio, se prendió fuego el mundo a esa altura.

Cuestión de perspectiva, supongo.",Lety-,merval,3,2025-06-13 10:33:35,t1_mwugky9,t3_1l73mpo,comment
mx20p14,"Te consulto, 
* Con respecto a los ETFs en IBKR, al ser internacionales tenés algún costo extra en impuestos o algo por el estilo? 
* Con respecto a los FCIs, te puedo preguntar cuáles estarías usando? No hace falta que mandes todos si son muchos, pero algunos de ejemplo me vendrían bien

Gracias!",New-Refrigerator-758,merval,2,2025-06-10 14:51:22,t1_mwulpu2,t3_1l73mpo,comment
mx7p1q4,Cambiaria Dolares por GLD (Oro),Ok_Future_4370,merval,2,2025-06-11 12:18:14,t1_mwu883b,t3_1l73mpo,comment
mwtukcy,"Gracias che, y despreocupate que para nada me lo tomo a mal tu comentario, de hecho agradezco que me des tu opinión. 

Respecto a bitcoin, no es ahorro de vida, mas bien planeo usarlo a medio-corto plazo para ir vendiendo caro y comprando caro, un poco de lo que gano lo reinvierto y el resto va para alguna otra opción que piense que le venga bien inyectarle cash

a lo que voy es que lo que invierto en bitcoin no es tanto, apenas tengo 200usd y seria solo con el objetivo de sacar ganancias, al resto de cosas si les doy duro y les inyecto lo mas que puedo, opinas que de igual manera seguiria estando errado acá?",franco6652,merval,2,2025-06-09 10:36:49,t1_mwtt40g,t3_1l73mpo,comment
mwukqw9,"Porque es un etf compuesto de acciones, que son de riesgo alto. Al ser un etf tiene muchos % que hace que no sea tan volátil, pero no deja de estar compuesto por componentes de alto riesgo. Depende de tu perfil, pero en la práctica se considerarían al menos de riesgo medio. De nada! Éxitos!",Extra_Service_9880,merval,10,2025-06-09 12:47:10,t1_mwuiy8w,t3_1l73mpo,comment
mx235iw,"Todo lo q es ETFs (en general) en brokers del exterior, te van a retener el 30% de las ganancias directamente en EEUU. Por eso tenes que elegir los ETFs q estén radicados en Irlanda (si es que existe esa version para lo que buscas) y ahi solo te retienen el 15% en EEUU.  
Por otro lado, algunos ETFs pagan dividendos y no me interesa cobralos, entonces elijo los ETFs radicados en Irlanda pero que sean acumulativos, o sea, q reinviertan automáticamente los dividendos y no me los paguen.

FCIs tengo varios y voy rotando. Me costo mucho de investigar y probar para llegar mas o menos a los que me siento comodo segun mi perfil. Lo mismo tendrias que hacer vos.  
Tenes que ver en que invierte cada uno, si es lo que queres, y ver q no se solapen con los otros FCIs. Yo me arme una cartera con FCIs q tienen ONs, otros con bonos soberanos, otros con algo de Latam, otros con parte en USA, etc etc.",kriss_arg,merval,3,2025-06-10 15:02:34,t1_mx20p14,t3_1l73mpo,comment
mxxucxu,Vendé todo para meterlo en Bitcoin y dejalo ahí 5 años.,couplecraze,merval,67,2025-06-15 14:24:52,t3_1lc33ww,t3_1lc33ww,comment
mxycolz,"A mí criterio: 
- En vez de PAX compraría GLD de toda la vida si te interesa
- SOL ya pasò por varias polémicas y problemas de escalabilidad, etc. No lo tomaría como algo a largo plazo
- BNB es medio anticrypto, porque es centralizada por Binance
- BTC y ETH van",UnaFainaEnPatas,merval,10,2025-06-15 15:58:21,t3_1lc33ww,t3_1lc33ww,comment
mxxdrsv,"Bitcoin debería ser el activo principal, diria un 70%. Nexo a menos que lo tengas porque estes en la plataforma para el lvl de la cuenta lo sacaría. El resto lo veo bien como para tener un poco de variedad.",nervohm,merval,19,2025-06-15 12:59:59,t3_1lc33ww,t3_1lc33ww,comment
mxxdlwf,"En Twitter, es la plataforma por excelencia en cripto, wahtcher guru, the kobeissi letter, etc.. Son cuentas que informan de fundamentales las 24 hs, 7 dias a la semana.
Luego tiene Arkham crypto donde ves los movimiento del blockchain y puedes configurarlo con telegram para que te llegue las notificaciones de las principales wallets como blackrock y otros institucionales que compran y venden. Si ves que envian a exchange ""venderan"" , si retiran ""compraran""....

Con respeto a tu portafolio. Yo solamente tendria btc y ethereum. Las otras altcoins no te van hacer ganar guita, si queres ganar guita, compra memes pero memes con narrativas.

La semana pasada una meme llamada Aura hizo un x100 y subio un 32000% o mas. 

Es decir, trata de meter 50 usdt a cada meme con narrativa. Por ejemplo, yo tengo la meme rizzmas, jesus, based. Son memes que pueden hacer un x100 y tienen una narrativa. Por ejemplo, rizzmas suben en navidad, jesus tambien y based es mas arriesgado pero asi....

Asi se mueve el dinero inteligente, queres ganar guita, hace eso.",Firm_Translator_8623,merval,12,2025-06-15 12:59:07,t3_1lc33ww,t3_1lc33ww,comment
mxxbin0,Tenes toda tu guita en crypto o solo una parte,HVolker_,merval,2,2025-06-15 12:48:07,t3_1lc33ww,t3_1lc33ww,comment
my02xbb,"Si sos novato, es porque comenzaste hace poco… no?
Bitcoin esta en maximos, asumiendo que no vas a necesitar esa guita nunca mas, esta perfecta. Porque en el caso en el que haya un retroceso del 50% quiero creer que no la vas a necesitar.
Ademas de eso tenes ahorros? Tenes un fondo de emergencia? Tenes inversiones a largo plazo en acciones? Renta fija?
Si no tenes lo anterior estas asumiendo mucho riesgo, completamente innecesario. Porque podes sacar misma rentabilidad en activos con un valor real.",Spiritual_Bottle_926,merval,1,2025-06-15 21:45:47,t3_1lc33ww,t3_1lc33ww,comment
my199c9,Falta algo de cryptostocks,Chalaman_rosso,merval,1,2025-06-16 02:42:08,t3_1lc33ww,t3_1lc33ww,comment
myiiqf6,"Eso de ""diversificar"" en criptomonedas lo veo bastante inutil, BTC controla el mercado y allí debes poner el foco. Además, con la cantidad de dinero que tienes invertido, no conviene diversificar tanto, mejor mantenerlo en un activo que te pueda generar buena ganancia a largo plazo (BTC).

ETH seguirá cayendo, no tiene cómo competir contra BTC que es su mayor contrincante.

BNB igual es buena, pero no es una montaña rusa, depende mucho de la popularidad de Binance y su gestión cómo empresa.

Solana le perdí el hilo, me decepcionó.

PAX, Nexo y Ray no las conozco.",LordBelzebuth,merval,1,2025-06-18 17:33:03,t3_1lc33ww,t3_1lc33ww,comment
mypx6pd,Muchas monedas para poco capital . Solo bitcoin sería,Individual_Ask8371,merval,1,2025-06-19 20:29:10,t3_1lc33ww,t3_1lc33ww,comment
mxz9g8f,"Todos comentarios sin conocimiento.
Btc actualmente no te conviene y estamos en etapa final de mercado alcista. Más info mp",AxelCrypto420,merval,1,2025-06-15 18:50:20,t3_1lc33ww,t3_1lc33ww,comment
mxxbovc,"Subiría el % de btc a por lo menos 70% ideal 75% y aumentaria el % de bnb tambien y añadaria alguna crypto mas del sector de IA, tao y/o render. Sacaria totalmente ethereum, nexo y paxgold. 

Paxgold no me gusta, para invertir en oro digital, considero mejor regulado etf gld (tiene cedear inclusive)",Prestigious_Soup8549,merval,0,2025-06-15 12:49:02,t3_1lc33ww,t3_1lc33ww,comment
my69jvp,Que otra cosa podes hacer con criptomonedas?,Jwanito,merval,3,2025-06-16 20:46:51,t1_mxxmwcs,t3_1lc33ww,comment
mxxcfp6,"una parte, pero lo que es “inversión” todo ahi",Inside_Grand_3854,merval,1,2025-06-15 12:53:00,t1_mxxbin0,t3_1lc33ww,comment
mxyaxr3,"No son pesos argentinos, yo tengo 0,06 ETR y son casi 200 mil arg, el loco tiene 0,04 ETR equivalentes a 100 en su moneda así que su capital que no es de mil sino 750 mangos en su moneda, deben estar cercanos al millón arg, y si levantan las criptos, incluso más",[deleted],merval,2,2025-06-15 15:49:21,t1_mxy2qqc,t3_1lc33ww,comment
myihbpu,"El eterum es un meme , nunca va crecer de nuevo , creció por pandemia como alternativa al bitcoin después nunca más nadie le dió bola",marcosmanu,merval,2,2025-06-18 17:26:20,t1_myd47k2,t3_1lc33ww,comment
my6l6nh,El problema es tener criptomonedas,kdolmiu,merval,2,2025-06-16 21:53:38,t1_my69jvp,t3_1lc33ww,comment
mxyz9fo,"Si. A ver, entra a dexscreener, pone Aura y mira su grafica. Esas memes muertas en grafica con narrativas se compran porque siempre se mueven por el famoso ""Sell the news"". Comprar en la narrativa, vender cuando se concrete.

Es importante lo que te digo porque la gente se pone a comprar cualquier mierda y asi nunca ganan.

Generalmente se compran memes con muy baja capitalizacion con narrativa y comunidad activa y que tiene meses como minimo la meme.

Para finalizar, no es un metodo. Asi funcionan los mercados, en el bursatil tienes las penny stocks y acciones de baja capitalizacion que son similar a las memes en cripto. Digo esto por si viene algun bobardo a decir que cripto es timba jajaja.

Por eso mi cartera la divido 70, 30. 70% van activos de alta capitalizacion y 30 en memes digamos... Por eso, si no crees, simula que compras , regresa antes del evento y fijate cuanto subio. Es simple.",Firm_Translator_8623,merval,3,2025-06-15 17:54:58,t1_mxyrnw0,t3_1lc33ww,comment
mxxdp1e,"Mira, mi opinion personal es que todo el mundo crypto es muy timba. Tener toda la guita de inversion ahi y pensar que es a largo plazo es medio jugado",HVolker_,merval,6,2025-06-15 12:59:35,t1_mxxcfp6,t3_1lc33ww,comment
my31xns,"Es probable que si. El otro dia cuando estaba en 8 y subio hasta 16, fue porque Trump sorteo una cena para los holders de su moneda. Despues obviamente se drrrumbo el precio porque las memes se mueven siempre por el ""compra rumor, vende noticia"".

Igualmente la meme de Trump tiene un marketcap de 2 billones de dolares, es muchisimo. No vas a ganar dinero alli al menos que pongas mucho y tu riesgo/beneficio se incrementa. Alli la gente que compro la meme cuando salio en dexscreener se hicieron millonarios. Lamentablemente se fue el tren.

Yo las memes que tengo tienen muy bajo marketcap y fuerte narrativa. Tengo rizzmas que tiene 2 millones marketcap y suele subir antes de diciembre, alli minimo hare un x10 con potencial x100. El año pasado subio a mas de 100 millones marketcap. Luego tengo la de jesus 60 mil dolares marketcap y based que tiene cara desformada 1 millon marketcap ...

En esas memes que te menciono todas de la res solana, el riesgo/beneficio es bajo porque vos compras, esperas digamos el evento y lo peor que pueda pasar es que no suban, te salis y listo. En cambio las memes como trump y otras que ya estan en exchange como binance, se mueven por bitcoin. Cae bitcoin, esas memes caen el triple y asi, ademas que sus primeros usuarios son millonarios.

Te voy a dar otro ejemplo de como funciona el mundo meme, Elon esta por sacar x studio para Twitter, salieron 2 memes de x studio, la gente compra, espera a que salga y una de las 2 memes explotara. Ahora estas memes son nuevas y el riesgo es muy alto y asi...",Firm_Translator_8623,merval,7,2025-06-16 11:20:21,t1_my2hy50,t3_1lc33ww,comment
mxyeq7d,"trabajé con solidity, pero claro, no estoy preparado. Ya mismo voy a cambiar todas mis estables a btc, ahi tendrán mejor uso para mis transacciones del día a día",Little-Omar,merval,3,2025-06-15 16:08:58,t1_mxyc3l7,t3_1lc33ww,comment
mxylc5r,"Valor real tiene. Bajo tu criterio entonces una acción, un etf o commodity tampoco tiene un valor real solo por ser renta variable. La volatilidad del activo no le quita legitimidad, si no se mueve como ganas plata?",Trick_Occasion8574,merval,6,2025-06-15 16:42:58,t1_mxyjxwf,t3_1lc33ww,comment
mxyqh83,"Lo que tiene es un precio no un valor.

Las acciones son parte de una empresa que generan ganancias y flujo de fondos. Detras hay recursos materiales, humanos, propiedad intelectual, etc. Los etf son conjuntos de acciónes asique detras de ellas esta lo mismo.

Nunca hable que la volatilidad sea un problema hablo del valor del activo y para mi BTC no lo tiene.",HVolker_,merval,1,2025-06-15 17:09:42,t1_mxylc5r,t3_1lc33ww,comment
mxyras6,"Estás totalmente en lo cierto, te cambio el ejemplo entonces: el dinero fiat tampoco tiene valor, no está respaldado en nada más que en la creencia de la gente sobre el gobierno que lo emite. El dólar perdió el respaldo que tenía sobre el oro hace 40 años.",Trick_Occasion8574,merval,4,2025-06-15 17:13:58,t1_mxyqh83,t3_1lc33ww,comment
mx0ji1a,"Sip llevo un registro mensual de todos mis gastos

G = Crecimiento mensual compuesto (mi ""inflación"" mensual en los últimos tres meses)

    G = (Mf/Mi)^(1/3) - 1
    
    Mf: Mes final
    Mi: Mes inicial

* Sueldo: G 4.27%
* Alquiler: G 3.57%
* Expensas: G -1.83%
* Luz: G 20.24%
* Agua: G 0.77%
* Gas: G 7.03%
* Internet: G -2.61%
* Prepaga: G 0%
   * No pago nada porque como ahora los aportes a la obra social van 100% a la prepaga, sin intermediarios, no me cobran nada adicional
* Consumibles necesarios (comida, higiene, etc...): G 9.11%
* Ocio: G 8.37%
* Movimientos totales de dinero: G 0.33%

Los últimos tres, al ser dinámicos, tomo de Marzo a Mayo, todos los demás, van de Abril a Junio.

De más está decir que estos tres varían muchísimo de mes a mes, en base a mis consumos, entonces es medio sus para tomar como parámetro inflacionario jajaj",AestheticNoAzteca,merval,81,2025-06-10 10:38:53,t3_1l7keh5,t3_1l7keh5,comment
mx46fap,https://www.indec.gob.ar/indec/web/Institucional-Indec-mi_propio_IPC,Disastrous-Listen432,merval,12,2025-06-10 21:21:29,t3_1l7keh5,t3_1l7keh5,comment
mx16ug6,"Si llevo un registro de todos los gastos mensuales, en lo que pueda actualizo con los datos bien ando en el cel. 


La comida aumentó creo que un 50% los últimos meses y sigo comprando lo mismo de siempre no es que compro más cosas.


También me parece una locura la situación de los alquileres actualmente aumenta un 8-10% compuesto cada tres meses según el IPC (cada tres meses 50k de aumento) que a la largar no tiene fin el alquiler va a llegar a 1 millón y yo con el mismo sueldo no podré pagarlo sin gastar ahorros. Les pasa esto también? cuánto gastan de alquiler?",Jolly_Sky_8728,merval,22,2025-06-10 12:33:04,t3_1l7keh5,t3_1l7keh5,comment
mx1xcy4,"Gastos corrientes (expensas, tarifas, nafta, supermercado, estudios) entre +4% y +6% en los últimos 4-5 meses (cada mes).",pumaflex_,merval,3,2025-06-10 14:36:16,t3_1l7keh5,t3_1l7keh5,comment
mx1b8et,"Yo llevo un registro muy sencillo, todos los meses aparto 300 mil pesos para gastos en efectivo y el resto lo gasto por completo en tarjeta. 

Ese gasto paso a ser del 55% de mi sueldo al 80%.

No sé si sirve para el objetivo específico del op.

Haciendo unas comparación en dólares exactamente a hacer un año, mi gasto tarjeta de el segundo trimestre en 2024 fue 2100 dólares, mientras esté trimestre ya está por 2600 y falta contabilizar un mes.",Kaji157,merval,2,2025-06-10 12:53:35,t3_1l7keh5,t3_1l7keh5,comment
mx5jtz3,"Es complicado porque dejaron de aumentar mes a mes y ahora aumentan trimestralmente 

pero haciendo medio en el aire:

\- comida estable, pero un 24% mas que a fines del año pasado

\- servicios aumenta religiosamente, un 5% si medio entre luz, gas, telecomunicaciones, prepaga, etc.

\- ropa, articulos y demas esta mas barato por importacion.

\- alquiler 10% por trimestre,

  
Cabe destacar que la inflacion es una media ponderada, por eso resulta contraintuitiva y hasta engañosa, pero es util incluso asi. 

Todo parece indicar que se termina la inflacion a mediados del año que viene como sugirio milei, el tema es si despues la economia de cada uno no colapsa.",SilverNo9718,merval,2,2025-06-11 02:51:42,t3_1l7keh5,t3_1l7keh5,comment
mx6zzhg,"Cambios desde principios del 2024 (primer trimestre) hasta 2025 (ahora) 

Internet y abono: 18K > 41K 
Seguro del auto: 54K > 81K 
Compras del mes: 140K > 220K 
Obra social: 58K > 115K
Luz (Precio del kwh): 89 > 155 
Patente: +-100K > +-360K 
Agua: 15K > 38K 
Precio del dólar: 1145 > 1180

Salir a comer afuera subió una barbaridad también... Soy muy bendecido y por suerte no me falta nada y espero que sea así independientemente de quien gobierne, dicho esto, que caro que está vivir en la Argentina.",Arepatan,merval,2,2025-06-11 10:09:42,t3_1l7keh5,t3_1l7keh5,comment
mx1sb3c,Soy contractor para afuera. Antes de diciembre de 2023 gastaba 1000 dólares para todo y ahora gasto 3500. Mismos gastos. Nos hicieron pelota.,LicuadoDeBanana_,merval,11,2025-06-10 14:13:18,t3_1l7keh5,t3_1l7keh5,comment
mx2754s,"Lo que compraba con 250 dólares en Diciembre 2023 hoy me cuesta 650/700. Mi poder adquisitivo se fue al tacho este año y medio. Un desastre.

Tuve que dejar de pedir delivery todos los días y los juegos de Steam compro si o si en descuento para conservar mis ahorros.",Frandaero,merval,3,2025-06-10 15:21:06,t3_1l7keh5,t3_1l7keh5,comment
mx0f0d0,"En los últimos 3 meses

Consumos alimenticios es todo básicamente lo mismo, incluso con las ofertas de este mes de jumbo (pesos check) voy a terminar gastando aprox un 30% menos que el mes pasado.

Seguro del auto sigue valiendo lo mismo hace casi 1 año

Expensas pasaron de 120 en diciembre del año pasado a 80 en este año (cambio de administración)

Electricidad hubo un periodo en enero y febrero que nos vino 80k y ahora con el mismo consumo nos esta viniendo 40k

Facultad paso de 325k en marzo a 340k en junio

La coquita qué es lo que más consumía hace casi 6 meses que la vengo pagando 3900p y no aumento

Internet estaba pagando 40 por 1000 megas, llame y ahora pago 15 (aprox lo mismo que pagaba en 2023)",NearHyperinflation,merval,5,2025-06-10 10:14:20,t3_1l7keh5,t3_1l7keh5,comment
mx0hz56,"En el super, fue en aumento de 50k por semana (para 2) a 100k en el transcurso de 1 año aprox. De semana a semana está bastante estable.

Seguro, lo mismo desde principio de año. Servicios estable. 

Para electrodomésticos chicos vi una baja. No tengo estadísticas, pero sí siento que reemplazar algo no es un pijazo en mi economía. 

Con la obra social es interesante. Aumentan todos los meses. Antes pasaba desapercibido, pero ahora con el resto de los gastos estables, es lo único que no se cuanto voy a pagar mes a mes y me rompe las pelotas.",dino_c91,merval,1,2025-06-10 10:30:37,t3_1l7keh5,t3_1l7keh5,comment
mximo5y,"Uso Wallos, este es el aumento, esta medido en dolares al blue

[https://imgur.com/a/nXS4QTi](https://imgur.com/a/nXS4QTi)",Possible_Phrase8727,merval,1,2025-06-13 02:55:21,t3_1l7keh5,t3_1l7keh5,comment
mxnqo0r,Yo gano en dólares y mido mis gastos en dólares así que te puedo decir que para mi los últimos 4 meses mi variación en gastos a sido poca en realidad hay meses  que ni noté inflación en las cosas que consumimos con mi esposa y en otras muy parecido a la inflación mensual sin embargo antes de estos últimos 4 meses podría decir que termine pagando casi un 50% de lo que pagaba por las mismas cosas peeeero como gano más también pues no se noto,LifeArtichoke6531,merval,1,2025-06-13 21:19:22,t3_1l7keh5,t3_1l7keh5,comment
mx1r4z6,"Para mí este análisis es mas o menos parecido para todos, salvo que tengas una condición normal como gasto en un rubro o necesidad muy particular. Pero voy a hacer 2 comentarios que refieren a tomar a la inflación actual con pinzas:

1. Creo que se puede segmentar según soltero, en pareja, hijos, etc porque eso modifica el % del presupuesto que se va en cada categoría, determina cual es ""tu inflación"" mensual. Esto es importante. Y además, entre categorías puede haber mucha variabilidad.
2. Estamos en una transición de reacomodamiento de la micro y macro. Esto para mí es SUPER importante porque ayuda a entender hacia donde vamos y no hacernos la cabeza. Hoy muchos empresarios están viendo como vivir sin inflación. Porque los márgenes se están achicando. Antes era normal en Argentina ganar 100% sobre costos. Hoy esos márgenes se achican, pero es lo lógico porque la inflación se achica. Entonces para ganar más, ahora hay que modernizar las empresas. Eso conlleva a inversión, modernizar, etc. Eso ya está pasando, porr ejemplo lo se por un contacto en una multi alimenticia, y los efectos en unos meses se van a ver en los precios de góndola. Imaginen, tenían los sistemas logísticos que ya no se usan en un país normal hace 20 años, pero no les importaba invertir porque con un margen alto preferían hacer otras cosas. Ahora tienen que ser mas competitivos, porque sin inflación, los problemas del empresario pasan a ser otros, y si los resuleve beneficia al consumidor.

Mi mensaje es: a no desesperar. Los costos de vida son asfixiantes, pero la solución confió en que va a funcionar con el tiempo para ser un país normal.",alpacareloaded,merval,0,2025-06-10 14:07:59,t3_1l7keh5,t3_1l7keh5,comment
mx4p06l,"Que bueno leer que la gente vuelve a hablar de la inflación y verla como lo negativo que es, incluso ahora que es cada vez menor, es bueno escuchar como se habla más de la situación y se hace hincapié en lo mal que está la inflación, aunque por primera vez mis 33 años de vida se vea que la inflación baja, por fin, la gente reconoce lo malo que es tener inflación. Espero que jamas lo olviden.",GG-999999,merval,0,2025-06-10 23:09:55,t3_1l7keh5,t3_1l7keh5,comment
mx3c0va,Belleza. Nunca se me ocurrió calcular la inflación de mis consumos. Datazo tiraste ahí. Gracias. ,mx-pwr,merval,9,2025-06-10 18:35:27,t1_mx0ji1a,t3_1l7keh5,comment
mx3ipuq,"Está buenísimo eso, yo tengo todo en plantillas Excel pero mes faltan pulir cosas. No se me había ocurrido calcular mi inflación.

Yo hago un presupuesto por porcentajes teniendo en cuenta el gasto del mes pasado.

Estaría muy bueno si pudieras compartir cómo está confeccionada tú planilla.",Malcobich88,merval,3,2025-06-10 19:09:56,t1_mx0ji1a,t3_1l7keh5,comment
mx84ite,"Sí, Marzo y Abril pegó un salto la inflación pero ya volvió a plancharse",libre06,merval,1,2025-06-11 13:32:10,t1_mx1by2r,t3_1l7keh5,comment
mx1meq9,"270 mil pesos de alquiler. Casa de 110m² con 2 dormitorios, garage y patio. Ciudad del interior de Santa Fe.

Hace 8 años que estoy acá. El alquiler siempre fue bajo.

Ahora, de electricidad pago 120k/mes. Eso es lo normal. Consumo de 450kwh/mes.

Tengo amigos en otras ciudades cercanas que pagan, uno 500k por un depto en pleno centro. Y otro 900k por una casa más grande que la mía en un lindo barrio.

Todos los servicios (agua, cloacas, gas natural, internet, luz).

Hace como 6 meses que noto todo muy estable. Los únicos aumentos grandes fueron de la prepaga, que pasamos de pagar 120k por 2 personas, a 220k. El resto de cosas: seguro del auto 115k, compras en el súper, combustible, arreglos de cosas, etc, lo vengo notando todo igual casi en los últimos meses. 

Lo que sí me pareció que aumentó un montón fue salir a comer afuera.",abolista,merval,4,2025-06-10 13:46:22,t1_mx16ug6,t3_1l7keh5,comment
mx3aore,"EDIT: Antes de que alguien me lo diga, entiendo que la inflación funciona así, que la comida aumenta en base al mes anterior por ej, pero no quita que sea un afano

El problema de los alquileres es que el que sea compuesto es una locura. Si vos arrancas pagando un alquiler a $400.000 y tenes 4 trimestres con 3% de infla x mes terminas pagando $564.632, entiendo la idea pero tenes una diferencia de 41% extra cuando sumada hubo 36% de inflación en esos 4 trimestres.

Y como es compuesto al otro año si tenes el mismo caso de golpe tenes un alquiler $797.024, es decir tuviste una inflación técnicamente de 9\*8 (9% por trimestre) = 72% pero tu alquiler aumentó un 99%

No es muy sostenible a largo plazo, más si consideramos que un aumento de sueldo te lo hacen basado en un porcentaje fijo y no de manera compuesta (capaz en 6 meses te aumentan 3\*6 = 18% o menos, mientras que el alquiler lo hizo compuesto y te saca ventaja), capaz si aumentaran en base al precio inicial al inquilino se le haría más fácil pagar, en el mismo periodo tendrías un aumento de $36.000 x trimestre (basado en 9% por trimestre) = $288.000 (más manejable un alquiler de $688.000, un 72% de aumento fijo respecto al primer precio)

Lo que si es que aunque por lo menos donde vivo hay más alquileres, noto que si alquilas 2 años de golpe empiezan a no dar las cuentas y termina siendo más rentable mudarse porque la diferencia de precio es cualquier cosa, entiendo el concepto, pero con inflación a la baja deberían ser cada más los aumentos por ipc, cada 3 meses es usurero",Miztr,merval,2,2025-06-10 18:28:43,t1_mx16ug6,t3_1l7keh5,comment
mx4fa5t,Por que en ese caso aceptaste un contrato por ipc? Hubieras agarrado uno por icl que te sale mas barato,nicktorresb,merval,1,2025-06-10 22:13:06,t1_mx16ug6,t3_1l7keh5,comment
mx8hqam,"Estoy en camino a sacar mi propio IPC, puliendo mi Excel que inicialmente era para controlar en qué uso la plata. Me llamó la atención el otro día fui a un kiosco y los alfajores subieron un 50% en menos de 6 meses y dije voy a calcular mi propio índice.",EconomicsDirect7490,merval,1,2025-06-11 14:33:45,t1_mx16ug6,t3_1l7keh5,comment
mx1xcqo,"Esa es otra discusión.


Cobró en dólares y tengo amigos en Europa y nuestro costo de vida es más alto.


Si tenés en cuenta que se está desfinanciando la salud, educación e infraestructura te queda un país hermoso.",RequirementSavings23,merval,6,2025-06-10 14:36:14,t1_mx1sb3c,t3_1l7keh5,comment
mx8588g,"Obvio que subió el gasto en dolares este último tiempo, en Noviembre de 2023 esto era Zambia y con 1000 dólares eras Elon Musk, ahora el que cobraba en pesos era casi cubano, y bueno se dio vuelta la cosa...",libre06,merval,1,2025-06-11 13:35:36,t1_mx1sb3c,t3_1l7keh5,comment
mx4g5hp,"Milei diria que acabo con la pobreza, y que tu sueldo el dolares subio como pedo debuzo",nicktorresb,merval,0,2025-06-10 22:18:14,t1_mx1sb3c,t3_1l7keh5,comment
mx868ov,"A finales de 2023 con 250 dólares eras rey de Zambia, ahora con ese dinero te cagás de hambre, y nos parecemos más a los paises vecinos como Chile y Uruguay, vamos bien.",libre06,merval,1,2025-06-11 13:40:29,t1_mx2754s,t3_1l7keh5,comment
mxdvve7,"Tengo 40 y prefiero inflación y pleno empleo que la inflación planchada, dos dígitos de desempleo y la gente muerta de hambre del menemismo. Tener una sola variable como objetivo no es viable si tirás a tus ciudadanos por un puente, menos si con año y medio seguís teniendo 2-3 puntos de inflación MENSUAL. El turco de mierda metió convertibilidad y la infla duro 8 meses maso. Lo difícil era bajar la inflación con la gente adentro, pero bueno, se ve que nos gusta tropezar con la misma piedra.",soundofsatellites,merval,3,2025-06-12 11:20:18,t1_mx4p06l,t3_1l7keh5,comment
mxiz2jx,"La tienen adentro los que me dieron negativo, la inflación de Mayo dio 1,5% las más baja desde 2017 LTA ",libre06,merval,1,2025-06-13 04:52:53,t1_mx84ite,t3_1l7keh5,comment
mx4fnv4,Lo estas re cagando al dueño si por 270 mil pesos  alquilas una casa de 100 metros cuadrados,nicktorresb,merval,0,2025-06-10 22:15:22,t1_mx1meq9,t3_1l7keh5,comment
mx6gxws,"No, la inflación de 3% mensual no da 36% anual. También se calcula compuesta. Es básico eso...",ferow2k,merval,0,2025-06-11 08:04:14,t1_mx3aore,t3_1l7keh5,comment
mx9ssoi,"Gran parte de los que cobran en pesos siguen siendo cubanos, quedate tranquilo. Los precios en diciembre 2023/enero 2024 pegaron un salto descomunal y ahí se quedaron.",nickomaiden,merval,4,2025-06-11 18:20:08,t1_mx8588g,t3_1l7keh5,comment
mx8i3gx,Hace unas semanas salieron a decir que el sueldo de los estatales subió 3.3% en términos reales este año. No recuerdo un mes donde la paritaria haya superado la inflación jajajaja.,EconomicsDirect7490,merval,4,2025-06-11 14:35:26,t1_mx4g5hp,t3_1l7keh5,comment
mx3wybp,"El dólar subió un 20% desde que asumió Milei y la inflación fue de cuánto? 200%?


Los primeros meses fueron entendibles porque estábamos ""baratos"" pero ya hace más de un año de que la cosa es indefendible.


Yo tengo un buen sueldo en dólares y todos los meses dejo de darme gustos. Cada dólar gastado en Argentina se siente como un dólar mal gastado ",RequirementSavings23,merval,8,2025-06-10 20:27:49,t1_mx2ix2v,t3_1l7keh5,comment
mxe31pb,"Querido, entiendo que estén molestos, pero una buena gran parte de la sociedad, una muy grande, entendemos el proceso y reconocemos el camino de la mejora. Que tú oración arranque con ""prefiero inflación"", me dice que no entendiste lo malo que es. Lo bueno que veo es que independientemente de la oposición, este gobierno decide hacer lo que sea positivo para el país a LARGO PLAZO, pero no están listos para la conversación. Lo bueno es que la mejora se notará, en el plazo que sea necesario, independientemente de la opinión que tenga la oposición. Les guste o no, las cosas van mejorando, lento, si, pero seguro... Y yo tengo 33 querido, que no entiendo a qué iba tu edad, pero bueno.",GG-999999,merval,0,2025-06-12 11:55:10,t1_mxdvve7,t3_1l7keh5,comment
mx4o5kf,"Y... Las casas similares acá en la zona andan por los 450k. Más en el centro están a 700k.

Ojo, esta casa no tiene cloacas sino pozo negro (pero jamás se tapó ni tuvo problemas) y tampoco tiene gas natural y la calle es de ripio. Pero meh. Balato balato.

Las veces que tocó renovar el contrato, el dueño jamás aumento por encima de la inflación. Siempre igual o menos. 

Siempre que hubo un problema en la casa (que no sea humedad o algo del techo) me hice cargo de arreglarlo yo y como mucho le avisé al dueño que lo hice.

Él no me caga. Yo no lo cago. Le mantengo absolutamente todo funcionando (hasta le puse una puerta de rejas + tela mosquitera que se la pienso dejar cuando termine la casa propia) y ya. 

Es su jubilación. Una casa hecha sin aislación térmica casi. Prefiere que estemos nosotros acá a arriesgarse que lo caguen por un poco más de plata.",abolista,merval,1,2025-06-10 23:04:58,t1_mx4fnv4,t3_1l7keh5,comment
mx81nh6,"Por eso mismo lo puse en el edit, ya sé que se calcula compuesta, pero cuando te van a dar un aumento generalmente toman de punto y te sacan con la inflación calculada en una suma, por eso mismo lo digo 3 veces, obviamente se calcula compuesta la inflación",Miztr,merval,1,2025-06-11 13:18:26,t1_mx6gxws,t3_1l7keh5,comment
mx4vuwq,Viviste como rey con esos dolares. Ahora nos toca a nosotros. Es así.,TeComproCafecitos,merval,-4,2025-06-10 23:51:53,t1_mx3wybp,t3_1l7keh5,comment
mx85tfk,"> ""No quita que sea un afano""

Pareciera que te enojas con la forma de calcular la inflación. Es un fenómeno, existe y se calcula así, no hay mucha vuelta.

Con los aumentos de sueldo es con lo que te están cagando, al no hacerlos acumulativos.",ferow2k,merval,1,2025-06-11 13:38:26,t1_mx81nh6,t3_1l7keh5,comment
mx6xd9e,"""Ahora nos toca a nosotros""
A quien? Los que cobran en pesos están en la cagada igual.",Arepatan,merval,3,2025-06-11 09:54:27,t1_mx4vuwq,t3_1l7keh5,comment
mx7h144,"Yo no estoy queriendo vivir como un rey con pocos dólares. Quiero que mis dólares rindan acorde a las prestaciones al país donde estoy.

Si Argentina fuese un país decente, no me molestaría gastar lo que gasto.",RequirementSavings23,merval,2,2025-06-11 11:39:41,t1_mx4vuwq,t3_1l7keh5,comment
mx7ipy4,"A parte el comentario es bastante populista jaja.

Ahora nos toca a nosotros vivir de los dólares que generan 3 sectores del país mientras ellos tienen márgenes cada día más chicos por el incremento de costos.",RequirementSavings23,merval,2,2025-06-11 11:47:53,t1_mx6xd9e,t3_1l7keh5,comment
mx7lnb3,"Ahora no. Pero viviste como rey.  
3000 dolares en billete en la epoca de Massa era mucho, ahora no.  
Si viviste esa epoca, eras un emperador. Ahora secorto.",TeComproCafecitos,merval,1,2025-06-11 12:01:55,t1_mx7h144,t3_1l7keh5,comment
mx7iex7,"Yo creo que depende mucho del entorno en el que te muevas.

A la gran mayoría el dólar barato no le va ni le viene, no tienen la suerte de tener un sobrante todos los meses como para aprovecharlo.

La clase alta si se beneficia bastante porque su ahorro se revalorizo en dólares.

También se benefician los jóvenes que viven con los padres o todavía no tienen grandes gastos como mantener un hogar. Cuando arranqué a laburar me fijaba en cada cuánto podía cambiar el celu, la compu o comprarme juegos. Si tuviese esa edad de nuevo supongo que estaría contento con la situación actual",RequirementSavings23,merval,1,2025-06-11 11:46:23,t1_mx733pe,t3_1l7keh5,comment
myo1f2x,"¿Cómo que no te los reciben?

Deben aceptarlos.

[https://www.bcra.gob.ar/BCRAyVos/Preg-Frec-Donde-puedo-cambiar-billetes-deteriorados.asp](https://www.bcra.gob.ar/BCRAyVos/Preg-Frec-Donde-puedo-cambiar-billetes-deteriorados.asp)

[https://www.bcra.gob.ar/BCRAyVos/Preg\_Frec\_Como\_obtengo\_cambio\_de\_billetes\_y\_monedas.asp](https://www.bcra.gob.ar/BCRAyVos/Preg_Frec_Como_obtengo_cambio_de_billetes_y_monedas.asp)

En todo caso, hacé un depósito con esos billetes

  
Si no, en todo caso, podés averiguar en r/DerechoGenial a ver si saben algo sobre normativas de este tipo",AestheticNoAzteca,merval,78,2025-06-19 14:38:24,t3_1lfgs3i,t3_1lfgs3i,comment
myoayot,"Encontramos una caja en el trabajo que se habia usado como caja interna y hacia 2 años aproximadamente que teniamos casi 6 mil pesos en billetes de 10, 20, 50 y 100... fui a un local que siempre compro y le digo ""tengo cambio en...."" y no me dejó terminar y me dijo ""sisi, dame, acepto, siempre acepto cambio""

En teoria los bancos deberian de aceptarlos, pero si, anda al provincia o nacion para mas seguridad si es mucha plata.",m701052,merval,19,2025-06-19 15:27:48,t3_1lfgs3i,t3_1lfgs3i,comment
myqe29m,"Todos los bancos están obligados a recibir moneda nacional. No vayas a decirles que los queres cambiar, deciles que vas a depositar y llevá más guita. Si es preciso andá el día anterior y retirá 1millon. Al otro día caes con el millón mas la bolsa. Porque para operaciones de caja tienen un monto mínimo. Y también déjales claro que están obligados a recibir moneda nacional en todas sus denominaciones.",mr_cosme_fulanito,merval,8,2025-06-19 22:08:16,t3_1lfgs3i,t3_1lfgs3i,comment
mypwjoq,"Buenasss, de donde sos pa? Si sos de CABA o zona oeste de Buenos Aires en una de esas si tenés muchos de 20 y 50 te puedo comprar? (o cambiar por billetes de 1000, 2000 o 10.000 si va al caso). Trabajo en un negocio y las señoras de la zona no te aceptan ni por si acaso perdonarte el vuelto de 20-30 pesos, a si que siempre andamos necesitando cambio 💀",pinguinitox_nomnom,merval,3,2025-06-19 20:25:36,t3_1lfgs3i,t3_1lfgs3i,comment
mzfo4rb,"Pregunta en los supermercados, yo tengo cantina en una escuela primaria y me traían parva de esos y se los cambiaba al súper de en frente, ahora no agarro más!!!",elflacopal,merval,2,2025-06-23 22:18:45,t3_1lfgs3i,t3_1lfgs3i,comment
myp91eo,"pará... los de 50 y de 100 tampoco??? eso es raro... 100 pesos son 10 centavos de dolar... desde cuando se anularon los centavos en la Argentina??? entendería los de 20 y de 10 que son 2 y 1 centavo, ponele q nunca fueron de gran uso, pero 10 y 5 siiiii!!!",InevitableBit2367,merval,1,2025-06-19 18:18:38,t3_1lfgs3i,t3_1lfgs3i,comment
myq9mmx,Guárdalos amigo. Milei apuesta al peso y además está bajando la inflación (?,LogicalSeesaw227,merval,1,2025-06-19 21:42:02,t3_1lfgs3i,t3_1lfgs3i,comment
mysk4vg,Anda a cambiarlos a algun supermercado,Internauta97,merval,1,2025-06-20 08:19:52,t3_1lfgs3i,t3_1lfgs3i,comment
myspwhv,Andá al supermercado y pagá con efectivo o hablá con algún taxista.,MasterSieben,merval,1,2025-06-20 09:00:40,t3_1lfgs3i,t3_1lfgs3i,comment
myt2ryd,"No sé cuánto tendrás, pero suponiendo que no necesitás la plata en forma urgente, yo la iría segmentando y colando en compras de todos los días, por ejemplo, cunado voy al mercado: ""son 25300"" le das 25200 y le decís ""che, tengo 100 en billetes de 20, te sirve?"". Cuando vas a un kiosco lo mismo. en montos chicos es mucho más fácil sacárselo de encima.",Zestyclose-Bottle-52,merval,1,2025-06-20 10:19:13,t3_1lfgs3i,t3_1lfgs3i,comment
myvpb3r,"Yo creo que si, banco nacion. Acercate a hablar te los tienen que recibir si o si pero bueno.. siempre hay un forro que te la complica. En el peor de los casos hace un reclamo en def al consumidor o algun otro organismo que regule bancos para que se muevan. Es una paja pero lamentablemente es la unica maneraz. Hace poquito me paso con un broker que me comieron una guita, se me hicieron los forros les meti reclamo en def al consumidor y denuncia en la cnv, a la semana me devolvieron la plata. Hay que hacer valer los entes reguladores cuando te dejan en pelotas",Kakripr,merval,1,2025-06-20 18:04:21,t3_1lfgs3i,t3_1lfgs3i,comment
myx3xr7,"Anda a algún chino, ellos te los cambian de una! Hace unos meses me pasó lo mismo que a vos, fui a 3 bancos y ninguno me lo quería recibir....me acordé de los chinos y me dijeron que si. Me cambiaron 15 mil pesos entre billetes de 10$ 20$ y 50$ pesos",Ronin__84,merval,1,2025-06-20 22:59:48,t3_1lfgs3i,t3_1lfgs3i,comment
mzdpa49,Bolsas de billetes? Y no se te ocurrió cambiarlos antes de juntar tanto papel?,Lefthanded-f477,merval,1,2025-06-23 16:07:16,t3_1lfgs3i,t3_1lfgs3i,comment
myol2rw,Bueno igual si perdes 80 pesos no es el fin del mundo xd,maicii,merval,11,2025-06-19 16:22:09,t1_myoczqt,t3_1lfgs3i,comment
myo3q9b,"Esto no es del todo cierto, si estan en circulación si, si ya no lo están (ejemplo el de 5 pesos de san martin) te lo aceptan durante un tiempo hasta q el bcra diga q ya no mediante una circular, igual son como 2 o 3 años dependiendo q tantos hayan captado en relacion a la cantidad emitida.",Inaksa,merval,13,2025-06-19 14:50:01,t1_myo29uf,t3_1lfgs3i,comment
myohrvn,"Si soy yo: caramelo o trasferencia; incluso como cliente, prefiero que me des caramelos antes que un billete de $20, igual ese problema con la trasferencia medio que ya no existe. 

 Si es mi mama: te da los 10 pesos.",pixidio,merval,1,2025-06-19 16:04:57,t1_myo92ya,t3_1lfgs3i,comment
mzedwog,"No, mis viejos no depositan ni un billete de dos pesos (los fundió el corralito), recién hace meses se dieron cuenta que están llenandose de papeles de colores.",pixidio,merval,1,2025-06-23 18:04:57,t1_mzdpa49,t3_1lfgs3i,comment
myp0wkf,"A mi me tomaron cuando fui a la sucursal en la que tengo cuenta.... no fueron bolsas pero ponele 10k, me puso cara de ogt la cajera pero no dijo ni ""a""",nosesidecirte,merval,19,2025-06-19 17:38:55,t1_myo1rf3,t3_1lfgs3i,comment
myolgo9,"Me hace acordar a los patacones y los lecop. Tuvieron como 3 años, nunca falta el boludo qué tenia 2 mil pesos de la época y se los metió en el culo.",TeComproCafecitos,merval,3,2025-06-19 16:24:03,t1_myo3q9b,t3_1lfgs3i,comment
myxpgo8,[https://www.bcra.gob.ar/BCRAyVos/Preg-Frec-tengo-limites-para-hacer-operaciones-por-ventanilla.asp](https://www.bcra.gob.ar/BCRAyVos/Preg-Frec-tengo-limites-para-hacer-operaciones-por-ventanilla.asp),tujavientagan,merval,1,2025-06-21 01:28:02,t1_myqf2r8,t3_1lfgs3i,comment
myzg2oy,Pero no dice que sean gratuitas. En el prospecto de cada banco dice cuanto cobran. Si vas a cambiar 6mil pesos en billetes de 20 por ahí no es negocio pagar 2mil pesos.,mr_cosme_fulanito,merval,1,2025-06-21 10:37:13,t1_myxpgo8,t3_1lfgs3i,comment
myqotlk,Podria ir con 190k en billetes de 10k y despues tirarle las bolsas para lo demas,nuthead6,merval,11,2025-06-19 23:11:09,t1_myphhxm,t3_1lfgs3i,comment
myxpb04,[https://www.bcra.gob.ar/BCRAyVos/Preg-Frec-tengo-limites-para-hacer-operaciones-por-ventanilla.asp](https://www.bcra.gob.ar/BCRAyVos/Preg-Frec-tengo-limites-para-hacer-operaciones-por-ventanilla.asp),tujavientagan,merval,0,2025-06-21 01:26:49,t1_myphhxm,t3_1lfgs3i,comment
mzdig4s,"Ya fue contestada en los otros comments; hay un monton de parametros para evaluar que tan fuerte es una moneda. Inflacion estable/predecible durante decadas, seriedad y trayectoria de su banco central y respaldo de la politica asociada de su pais, volumen de uso en internacional ya sea para ahorro, como moneda directamente o para transacciones, etc. Cierro.",HwanZike,merval,1,2025-06-23 15:34:33,t3_1linxle,t3_1linxle,comment
mzdfu05,"Por que el peso está fuerte? Es por una razón estructural, por una política en particular de este gobierno, por algun movimiento particular del mercado? Qué tan grande es el riesgo de que cambios en el gobierno o en el mercado afecten las razones encontradas?

Hacer las mismas preguntas por lo de EEUU imprimiendo billetes. Comparar y llegar a una conclusión

Spoiler: El gobierno y los mercados en Argentina no son tan estables como en EEUU",Old-Expression9075,merval,26,2025-06-23 15:22:08,t3_1linxle,t3_1linxle,comment
mzdhf9l,"Estás mirando una imagen muy chiquita de la historia. Lo que preguntás es el equivalente a tener una cita donde la pasaste muy bien y confundirla con el amor de tu vida.

El peso está fuerte, pero mirá dólar vs peso histórico y te contestás.",SolidRaider,merval,41,2025-06-23 15:29:42,t3_1linxle,t3_1linxle,comment
mzdg1v0,Y proba un tiempo cambiar a medir tu rentabilidad en pesos no se 1 año y después nos contas como viene la cosa,notya1000,merval,12,2025-06-23 15:23:10,t3_1linxle,t3_1linxle,comment
mzdfmcg,"Es una pregunta en serio posta? Te respondo en serio por si acaso. 
Mira la historia del peso argentino, se usa para sacar rentabilidad alta con riesgo alto hace como 80 años.

Si lo haces, lo más probable es que quedes empernado porque no creo que tengas inside info, y todo el mundo en la calle y en la city sabe que en algún momento hay que devaluar, no se puede tener una inflación arriba del movimiento internacional de otras monedas de forma artificial por siempre.",Crypto-S,merval,17,2025-06-23 15:21:06,t3_1linxle,t3_1linxle,comment
mzdgdp9,"La respuesta corta al titulo y a la pregunta del final es la misma... NO.

El peso va a ser considerada moneda (ni siquiera te digo fuerte, con que solo sea moneda en el sentido de lo que eso significa me conformo), el dia que no haya tanta polarizacion politica en cuestiones economicas basicas, como que por ejemplo no se puede financiar deficit fiscal indefinidamente emitiendo billetes. 

Como ejemplo de esto se podria considerar los casos de Lula en Brasil o de Boric en Chile, que si bien son gobiernos considerados de izquierda, tienen bien en claro que los aumentos en gastos sociales tienen que tener financiamiento genuino (ya sea aumentando impuestos o tomando deuda), y no emitiendo billetes.",TomasLuther,merval,7,2025-06-23 15:24:44,t3_1linxle,t3_1linxle,comment
mzdfryd,"No, la moneda de un país depende de la política de dicho país, a menos que su valor esté blindado por ley. La política argentina es un circo y los políticos todos psiquiatricos mal medicados así que no, confiar en el peso es confiar en ellos.",pixidio,merval,5,2025-06-23 15:21:51,t3_1linxle,t3_1linxle,comment
mzdhv2m,"es solo un veranito. y los veranitos no son más que eso, y duran lo que duran un veranito. en este caso sostenido por dolares provenientes de una deuda y del blanqueo. frente al relato del superavit, averiguá bien la cantidad de dólares que está generando el país vs la cantidad de dólares que está gastando, y vas a ver que solo es cuestión de tiempo para que ocurra el 'cambio de estacion'.",Friendly-Win-9375,merval,3,2025-06-23 15:31:47,t3_1linxle,t3_1linxle,comment
mzdfh9f,"Entiendo lo que decís, a mí también me hace dudar y pensar lo mismo, pero a la vez también pienso lo siguiente:

Por un lado, Argentina es un país extremadamente inestable. Que hoy al peso le vaya bien no significa que en 4 años va a seguir siendo así.

Por otro lado, el dólar sigue teniendo muchísimo valor en el mundo, y casi que sigue siendo la moneda de referencia. Eso no creo que vaya a cambiar repentinamente.

Conclusión: yo hago parte y parte para minimizar riesgo, creo que es muy difícil saber qué va a pasar a futuro. Si tuviera que apostar, a la larga seguiría apostando al dólar solo por su historial y reputación.",ESTOFADO123,merval,1,2025-06-23 15:20:25,t3_1linxle,t3_1linxle,comment
mzdi3p0,"No. Si el peso fuera fuerte, el gobierno de Milei no hubiera pedido el prestamo de ""DOLARES"" al FMI. El peso se sostiene por el famoso carry trade, no hay que ser ningun genio para saber esto, es un ponzi.

Ejemplo de una moneda fuerte seria Bitcoin. Antes 1 bitcoin= 1 casita de juguete. Ahora 1 bitcoin= 1 casa real hot.

Para que el peso sea fuerte, debe ser deflacionario

Para finalizar, el gobierno sigue imprimiendo y la rentabilidad se mide en %, no en pesos ni dolares",Firm_Translator_8623,merval,0,2025-06-23 15:32:54,t3_1linxle,t3_1linxle,comment
my5zt1e,"Para mi el problema no es que los clientes tengan problema en acceder a buenos asesores, si no que falta mucha educación y cultura financiera. Ahora hay muchos instrumentos y plataformas que te permiten invertir desde el celu en un instante pero mucha gente sigue comprando dólares o plazo fijo. Tampoco hay muchos asesores, si cada broker tuviera asesores que te guíen en profundidad, tendrían que tener más de 1000 fácil pero no deben pasar de 50. Fíjate en el panel de asesores de la CNV hay menos de 2500 matriculados. ",PomberitoFan,merval,4,2025-06-16 19:53:53,t3_1ld6u87,t3_1ld6u87,comment
my60v86,"Buen dato, lo de la cantidad de asesores me lo comento uno que entreviste. Muchos no son asesores y trabajan en consultoras como backoffice colaborando con los que se encargan de adm. Las carteras.",Spiritual_Bottle_926,merval,3,2025-06-16 19:59:37,t1_my5zt1e,t3_1ld6u87,comment
my6gsek,"Estoy haciendo exactamente eso, yo a los que les hable son asesores asignados que tengo de mis brokers y algunos que sigo hace varios años en youtube… recien voy con 2. Pero justamente el post fue con el objetivo de conseguir leads, tambien me paso lo de no poder publicar aca, este es mi primer post (oficial). Espero conseguir mas, creo que hay mucho por hacer y es súper necesario.",Spiritual_Bottle_926,merval,2,2025-06-16 21:28:07,t1_my6f9n6,t3_1ld6u87,comment
my662ng,"Vamos a ver que onda espero se prendan muchos a las entrevistas asi se pueden agilizar algunas cuestiones, para mi eso que vos comentaste de que la gente sigue metiendo guita en plazo fijo y dolar es porque asesores no pueden cobrar aparte para hacer un acompañamiento profundo y poder llegar a las personas de manera adecuada.",Spiritual_Bottle_926,merval,3,2025-06-16 20:27:49,t1_my63x6e,t3_1ld6u87,comment
my719oq,"Buscar ""asesor X"" en Linkedin y te salen miles, lo mismo si entras al perfil de un broker/empresa y buscas en la sección de empleados, es un sector que se mueve bastante por Linkedin y suelen tener actualizado el perfil",Ambitious_Try1987,merval,4,2025-06-16 23:24:42,t1_my5ykaa,t3_1ld6u87,comment
my6051e,"Este que consulto si le gusta lo que estoy haciendo es mi broker, más le vale que responda a una/s screenshot/s.
Después hay varios en yt como vos decís pero de los 10-20 programas que veo no me parecen muy profesionales o quizas el que creo que está afilado pone demasiadas reglas para poder contactarlo (designarlo como asesor y basado en tu patrimonio responde tal o cual cosa).
Hay uno que me gusta como explica pero ese ya está en otro continente y no me molesto en escribirle.",characterLiteral,merval,2,2025-06-16 19:55:42,t1_my5ykaa,t3_1ld6u87,comment
my6096k,"Este que consulto si le gusta lo que estoy haciendo es mi broker, más le vale que responda a una/s screenshot/s.
Después hay varios en yt como vos decís pero de los 10-20 programas que veo no me parecen muy profesionales o quizas el que creo que está afilado pone demasiadas reglas para poder contactarlo (designarlo como asesor y basado en tu patrimonio responde tal o cual cosa).
Hay uno que me gusta como explica pero ese ya está en otro continente y no me molesto en escribirle.",characterLiteral,merval,1,2025-06-16 19:56:20,t1_my5ykaa,t3_1ld6u87,comment
my60dc1,"Este que consulto si le gusta lo que estoy haciendo es mi broker, más le vale que responda a una/s screenshot/s.
Después hay varios en yt como vos decís pero de los 10-20 programas que veo no me parecen muy profesionales o quizas el que creo que está afilado pone demasiadas reglas para poder contactarlo (designarlo como asesor y basado en tu patrimonio responde tal o cual cosa).
Hay uno que me gusta como explica pero ese ya está en otro continente y no me molesto en escribirle.",characterLiteral,merval,1,2025-06-16 19:56:57,t1_my5ykaa,t3_1ld6u87,comment
n0d0q2s,"Deel no tenía para mandar a crypto directo? Y por otro lado, creo que había cuevas que aceptaban deel directo, sino pasa a wise y estás. O manda todo a la crypto wallet y de ahi le pasa a la cueva",EngineeR1ng,merval,2,2025-06-29 02:11:25,t3_1ln2nd2,t3_1ln2nd2,comment
n0ck5xe,"Yo cobro en Deel. Uso DolarApp. Supuestamente debería estar todo reportado. Hace 2 años que lo uso y no aparece nada de nada en AFIP (Chequeado por mi mismo, así como por el estudio contable que se ocupa de mis cosas y mi negocio, incluído cuando hicimos las DDJJs).",PiscisKnight,merval,2,2025-06-29 00:05:38,t3_1ln2nd2,t3_1ln2nd2,comment
n0fkyug,Ahora estoy mandando a dolarapp y todo viento en popa. Con los nuevos límites no te persigue nadie,Johnma1,merval,1,2025-06-29 13:46:47,t3_1ln2nd2,t3_1ln2nd2,comment
n0ea1of,q cosa no aparece? las transacciones que te hacés o directo la guita q hay ahi en tu cuenta? porq en teoria si no te vas muy al choto y usas la guita directo de ahi no deberia haber drama,darkman066,merval,1,2025-06-29 09:16:43,t1_n0ck5xe,t3_1ln2nd2,comment
mxf7lcu,"Definitivamente dado que por más que no presentes las DDJJs de ganancias la deuda está. El día que lo quieras hacer vas a deber el capital con más los intereses corridos (y sin reducción). Además si seguís sin presentar las DDJJs te van a bloquear la constancia de inscripción (si no lo hicieron ya).

Si queres contáctame y vemos tu caso. Abrazo",ContadorCarbone,merval,2,2025-06-12 15:06:57,t1_mxe82pe,t3_1l9o4mp,comment
mxeq425,"I will be messaging you in 8 hours on [**2025-06-13 00:44:30 UTC**](http://www.wolframalpha.com/input/?i=2025-06-13%2000:44:30%20UTC%20To%20Local%20Time) to remind you of [**this link**](https://www.reddit.com/r/merval/comments/1l9o4mp/nuevo_plan_de_facilidades_de_pago_arca/mxepz87/?context=3)

[**CLICK THIS LINK**](https://www.reddit.com/message/compose/?to=RemindMeBot&subject=Reminder&message=%5Bhttps%3A%2F%2Fwww.reddit.com%2Fr%2Fmerval%2Fcomments%2F1l9o4mp%2Fnuevo_plan_de_facilidades_de_pago_arca%2Fmxepz87%2F%5D%0A%0ARemindMe%21%202025-06-13%2000%3A44%3A30%20UTC) to send a PM to also be reminded and to reduce spam.

^(Parent commenter can ) [^(delete this message to hide from others.)](https://www.reddit.com/message/compose/?to=RemindMeBot&subject=Delete%20Comment&message=Delete%21%201l9o4mp)

*****

|[^(Info)](https://www.reddit.com/r/RemindMeBot/comments/e1bko7/remindmebot_info_v21/)|[^(Custom)](https://www.reddit.com/message/compose/?to=RemindMeBot&subject=Reminder&message=%5BLink%20or%20message%20inside%20square%20brackets%5D%0A%0ARemindMe%21%20Time%20period%20here)|[^(Your Reminders)](https://www.reddit.com/message/compose/?to=RemindMeBot&subject=List%20Of%20Reminders&message=MyReminders%21)|[^(Feedback)](https://www.reddit.com/message/compose/?to=Watchful1&subject=RemindMeBot%20Feedback)|
|-|-|-|-|",RemindMeBot,merval,1,2025-06-12 13:45:10,t1_mxepz87,t3_1l9o4mp,comment
mx10fel,Te iba a decir que arriesgan tratando de predecir una cotización pero leyendo que después te cargan la diferencia como saldo negativo veo que lo único que deben hacer es darte dólares virtuales y el próximo día hábil hacen la operación real. Cualquiera jaja,unadecalyunadearena,merval,14,2025-06-10 12:02:35,t3_1l80vli,t3_1l80vli,comment
mx2265x,Libre mercado.,Mongoaurelius,merval,1,2025-06-10 14:58:03,t3_1l80vli,t3_1l80vli,comment
mx13yvi,"Brubank vende dolares 24/7, no me cobraron diferencia y realmente me importa muy poco como funciona mientras me den los dolares",LeBroneta,merval,0,2025-06-10 12:19:23,t3_1l80vli,t3_1l80vli,comment
mx10t25,"Yo también pensé que tomaban riesgo especulando, pero me cargaron tanto los derechos de mercado como el delta de la cotización “prometida” con la operada, el valor operado lo saqué del boleto que me hicieron y la prometida de la orden que figuraba en el fin de semana",ktnsimio,merval,2,2025-06-10 12:04:26,t1_mx10fel,t3_1l80vli,comment
mx1nd39,"Y qué te creés que hace cualquier app o banco cuando comprás dólares? Creés que van al BCRA y sacan tus 200 USD en efectivo y te los ponen en una caja de seguridad? Es virtual, esto es literalmente lo mismo.",Yip37,merval,1,2025-06-10 13:50:48,t1_mx10fel,t3_1l80vli,comment
mxc0ptp,No es lo mismo porque cuando compras dólares en home banking la operación se cierra en ese momento al precio que viste en pantalla. Lo que está haciendo cocos es una promesa de pago (que aparentemente no cumple si no le conviene) que se ejecuta al otro día cuando abre el mercado,Trick_Occasion8574,merval,2,2025-06-12 02:34:59,t1_mx1nd39,t3_1l80vli,comment
mxjuc1z,Tenes que hacer una hoja de cálculo para llevar las cuentas permanentemente. Con cada broker es particular y tiene que ver con información para fines fiscales. Es recomendable tener las cuentas bien llevadas para que no sea un caos a fin de año (como siempre sucede),ContadorCarbone,merval,1,2025-06-13 09:19:45,t1_mxjsvj9,t3_1l80vli,comment
mxdiylv,"Vos creés que cuando comprás por home banking, el banco agarra tus pesos y va y compra más dólares para dártelos? No, también es una promesa, te cambian el numerito en la pantalla nada más. Cocos hace exactamente lo mismo.",Yip37,merval,1,2025-06-12 10:11:45,t1_mxc0ptp,t3_1l80vli,comment
mx1wxvt,"Move 1kk a Uala, 800k a NaranjaX, 750k Brubank y resto MercadoPago.

[https://comparatasas.ar/](https://comparatasas.ar/)",imdix,merval,29,2025-06-10 14:34:21,t3_1l83ods,t3_1l83ods,comment
mx4gsyz,"Cuenta DNI es gratuita y podés hacer plazos fijos tradicionales, UVA e invertir en fondos y acciones.",WillLife,merval,4,2025-06-10 22:22:04,t3_1l83ods,t3_1l83ods,comment
mx3fgy7,Y también deja una pesos en efectivo por si las dudas je,Vivid_Childhood_8675,merval,3,2025-06-10 18:52:56,t3_1l83ods,t3_1l83ods,comment
mx3fr1p,"A la larga concéntrate en encontrar laburo urgente.  Todas pagan casi igual anda a MercadoPago si te sentís cómodo ahí... En lo que es FCI x ej FIMA pagan del 2,4 a 4% mensual  Pero la base de bajo riesgo es +2% en cualquier sistema de inversión de fondos",adry4242,merval,3,2025-06-10 18:54:22,t3_1l83ods,t3_1l83ods,comment
mx3h3hr,"En Santander te bonifican 6 meses al menos (así me pasó a mí) igual habla con el banco y que te digan la posta…

Si la sacas y no la vas a mover te recomiendo: 1/4 en inversión inmobiliaria en estas apps que podés comprar de a poco. 1/4 en Naranja X. 1/4 en MP y el resto tenela en liquidez o métela en inversiones que puedas salir rápido tipo cocos o IOL",santitorresdi,merval,3,2025-06-10 19:01:19,t3_1l83ods,t3_1l83ods,comment
mx400o1,Llevo años usando brubank y muy bien. Y ademas te dan caja de ahorro en dolares,SoggyActive3966,merval,3,2025-06-10 20:44:47,t3_1l83ods,t3_1l83ods,comment
mx6wr59,"yo me quede sin trabajo tambien, pero deje la plata igual en el banco y no me cobra nada :S. Lo q si, creo q estoy haciendo mal, es q tengo 14 millones en la bolsa (en banco provincia) y segun veo todos compran en broker...de q me estoy perdiendo?",Constant_Memory_2078,merval,3,2025-06-11 09:50:52,t3_1l83ods,t3_1l83ods,comment
mx3ahos,"Esta vez IOL la esta jodiendo mal... Desde el 2022 que opero con esta firma, y desde ahí que por lo único que me quejo es por las comisiones, ya que te la aplican cuando compras títulos como cuando vendes, o sea que para ellos el negocio es redondo, gana si te va bien y gana si te va mal... eso me parece que es su negocio asi que no lo discuto, pero ayer me paso algo singularmente malo, y es que luego de tanto tiempo de hacer análisis y de perder para ganar, me doy cuenta que uno de los títulos HAPV3 comienza a subir, cuando detecto esto, pongo a la venta 139 títulos que había comprado en Febrero de 2025, si, en Febrero... claro que estaba esperando la oportunidad para poder vender a buen precio. El hecho es que ayer la aplicación me acepta la venta a $ 7150 cada uno, me pareció un buen negocio, ya que cuando lo compre rondaban los $ 599 y los iba comprando de a 10 o los que podía, porque había hecho el análisis y tenían que subir. Pero hoy IOL de manera inconsulta compra desde mi cuenta 130 títulos a $ 8500 cada uno, generando un saldo negativo abismal en mi cuenta y porfiándole a la cantidad, que como bien dije, eran 139 los que vendí. Claro que cuando me di cuenta era tarde, pensé que quizás me habían anulado la operación, pero en mi correo estaban los mail enviados con la confirmación de las transacciones. Por otro lado, me comunico con el BOT de IOL, que debo decir que es un espanto, que a duras penas y después de mucha concentración  logro que me atienda un tal Juan, quien comienza amablemente a decirme que la culpa era mía por haber vendido los títulos cuando no debía hacerlo (cosa extraña, para no poder vender los títulos los deberían bloquear y evitarían los problemas), que el precio que pago IOL desde mi cuenta de $ 8500 son cosas que ellos no pueden manejar (pero si entrar a mi cuenta y operar a mi nombre sin mi autorización). Obviamente le digo lo que cualquier persona afectada en su privacidad y ultrajada de sus pertenencia hubiera hecho, pero eso no le afecto a el, en principio intento disuadirme, respondiendo evasivamente y culpándome por los problemas. En fin, le exigí que vuelvan cada moneda a su lugar, cada título donde correspondía, y regularice la cuenta que luego seguramente querrán cobrar mora por no cubrir el saldo negativo. Siguió contestando con evasivas y termino pasando un numero de reclamo. En fin. Seguramente me birlaron 139 Títulos de HAPV3, pero considero necesario alertar a la comunidad que recien esta empezando en esto de comprar en bolsa, después de toda la propaganda vertida por todos lados, para que no sea estafada como lo hace IOL que se mete a tu cuenta y gasta tu dinero sin tu autorización, afectando tu patrimonio y no permitiendo que cuentes con ese dinero para ninguna transacción. Si alguien conoce la forma de hacer que estos tipos de empresas no actué de esta manera, restituya y respete como usuario consumidor que por favor me lo haga saber. Si alguien sabe que derechos se estan vulnerando que por favor lo indique. Gracias por leer y espero te sirva este testimonio para el análisis a la hora de elegir una plataforma de confianza para realizar tus inversiones.

... No inviertas en IOL espero te sirva mi mala experiencia.",Sebas3391,merval,2,2025-06-10 18:27:43,t3_1l83ods,t3_1l83ods,comment
mx42qhf,"Aclaración (Nunca vayas a poner la plata en Cocos), yo tengo Naranja x, hasta 800.000 te remunera todos los días con una TNA del 31 %, aparte de tener frascos que podés poner plata ahí si no la pensás tocar por 28 días a 33 %, - Ualá, hasta 1 millón, en mi caso porque gasté más de 500.000 en el mes, por el momento tengo una tasa del 35 %, (Sino sería 30 %) y otro monto lo tengo en Mercado Pago, Brubank hace poquito me mandaron un email para saber de dónde provenían mis fondos, aclaro que compré muchos dólares cuando levantaron el cepo, habrán sospechado que estaba lavando dinero, por el momento no me dijeron más nada, y tampoco esa te remunera, al menos una cuenta común.",Life_Championship444,merval,2,2025-06-10 20:59:53,t3_1l83ods,t3_1l83ods,comment
mxobsc4,Tarjeta naranja...hacete los frascos de plazo fijo,Poroto_TeVe,merval,2,2025-06-13 23:26:12,t3_1l83ods,t3_1l83ods,comment
mxt5jb4,Mercadopaho te paga intereses.,Snoo65393,merval,2,2025-06-14 18:46:24,t3_1l83ods,t3_1l83ods,comment
mx37er4,Ponlo todo en mercado pago.,moybraun,merval,3,2025-06-10 18:12:27,t3_1l83ods,t3_1l83ods,comment
mx7d96u,"Si no la necesitas. Abriste una cuenta en un broker / forex .. Balanz. Invertir online etc 
Mete la plata.
Compra Microsoft apple y nvidia. Por ejemplo. 
 Repartido un porcentual a cada uno.
y déjala ahí a dormir .a largo plazo.",OrchidOld,merval,1,2025-06-11 11:21:08,t3_1l83ods,t3_1l83ods,comment
mxnsaio,Publica esto en r/merval,Greedy_Bid5855,merval,1,2025-06-13 21:29:28,t3_1l83ods,t3_1l83ods,comment
mxoasxa,"Ninguna billetera paga por más de 600k, es decir, lo que supere ese monto no te lo pagan así que tenes que fraccionar en varias. Personal pay, uala, Mercado pago, naranja x, pone 600 en c/u y el resto en lemon cash que ese te paga hasta el palo. Sería la mejor opción en billeteras, aunque yo compraría btc, paxg, spy, qqq, antes de poner casi 3 lucas verdes en las billes qué te dan alrededor del 3% mensual",Hairy-Photograph-727,merval,1,2025-06-13 23:20:05,t3_1l83ods,t3_1l83ods,comment
mx27b66,"Sin duda pasalo a AstroPay, pones los pesos ahi y los pasas a dolares a un cambio muy favorable.   
Una vez tenes los dolares en la cuenta, activas los astrorendimientos y te paga 6% anual. Los pagos te llegan todos los dias y podes usar el dinero cuando quieras sin trancas",Electrical_Lie_8523,merval,1,2025-06-10 15:21:53,t3_1l83ods,t3_1l83ods,comment
mx1ne6l,"Busca un broker, no una app o cosas del tipo.
Creo que el Fci que tengo esta un pelin arriba de 40% de tna a 65 días.",characterLiteral,merval,0,2025-06-10 13:50:56,t3_1l83ods,t3_1l83ods,comment
mx21gh5,"Hola, me interesa aprender sobre el tema de los broker, obviamente lo voy a googlear pero tenes alguna recomendación para darme?",Gasti_cba9508,merval,2,2025-06-10 14:54:48,t1_mx1ne6l,t3_1l83ods,comment
mx323x7,un FCI no es lo mismo que un monek market,Organic_Pumpkin_6836,merval,1,2025-06-10 17:47:16,t1_mx1ne6l,t3_1l83ods,comment
mx27wiy,"Sí, pero como duda de dejar todo en mercadopago asumí que quiere distribuir su plata en otras plataformas y no en sólo una.",imdix,merval,6,2025-06-10 15:24:40,t1_mx27n1p,t3_1l83ods,comment
mx6xeon,"No tengo idea del mundo finanzas, pero en old videojuegos era muy normal usar k (1.000) o kk (1.000.000)",Schr00dinger,merval,8,2025-06-11 09:54:41,t1_mx6aoic,t3_1l83ods,comment
mxrnfy9,"Te da 34%tna los frascos, uala te da solo 30% o 35% si usas la tarjeta de crédito de ellos, pero con tope de hasta 1 millón. Si pones más solo te da rendimientos por 1 millón.  Naranja te da 31% con tope 800k. Y los frascos el tope creo que es 12 millones, pero no los podes tocar por 28 días, por eso te conviene fragmentarlos de a 1millon, 500k, 100k por si tenés que sacar y usar. 

Yo actualmente tengo 800k en naranja durante el mes que los voy usando, el resto en frascos. Por ej si se que el mes que viene tengo que pagar 900 lucas de tarjeta pongo un frasco por 900 lucas a 28 días. 

Igualmente entiendo que hay inversiones mejores en pesos como letras, bonos, pero tenés q invertir tiempo en conocerlas.",superbeas7,merval,2,2025-06-14 13:57:43,t1_mxrilwh,t3_1l83ods,comment
mx8v0gu,"En la cuenta sueldo me dieron débito y crédito, en un momento para patear el mantenimiento la pase a gold plus. Aparte cta cte en pesos y dólares te dan.",sodadolbysurround,merval,3,2025-06-11 15:36:05,t1_mx8bwbp,t3_1l83ods,comment
mw020r0,"Primero debes establecer tu perfil de inversora, tus objetivos y el tiempo.

De acuerdo a esto,  puedes dividir tu capital y que un % vaya a renta variable ""acciones, indices, cripto, materias primas, etc etc...
Renta fija puedes hacer lecaps, plazo fijo, fci, etc... Con las ganancias de renta fija, vas comprando dolares ""acumulando"" haciendo el famoso carry trade donde tienes las bandas, comprar en 1000, 11xx, vende en 1300 14xx. Cuando llegue a la parte superior de la banda, vendes dolar y ganas el doble, un x2.

Con respeto a renta variable, no es comprar a lo ciego, se debe aplicar una estrategia donde tu capital obtenga el mayor rendimiento.

Si tu objetivo es invertir como muchos principiantes hacen, el famoso Sp500. Primero lo estudias, cuando el sp500 tenga un retroceso superior al 5% , compras, si vuelve a retroceder otro 5%, vuelves a inyectar capital y asi. En el transcurso del año, el rendimiento sera superior al promedio actual.

Cada instrumento que vayas a invertir en renta variable, debea estudiarlo.
Nvidia por ejemplo, cada 20% de caida, se compra.
Bitcoin cada retroceso superior al 20%, se compra y asi....",Firm_Translator_8623,merval,10,2025-06-04 15:55:59,t3_1l3crkt,t3_1l3crkt,comment
mw2uvnv,"Plazo fijo uba o canciones es lo más seguro, después el resto representa riesgos más bien altos",Longjumping-Week-281,merval,1,2025-06-05 01:11:39,t3_1l3crkt,t3_1l3crkt,comment
mw3gn24,"Antes que nada, tener una parte en pesos y una parte en dólares. Después decidís qué activos. La parte en pesos puede ser, plazo fijo, cuenta remunerada, o letras, entre otras. La parte en dólares, cedears o bonos (puede ser bonos de acá o de otros países). De todos modos lo más importante a la hora de invertir es no entrar en pánico cuando quedes en negativo (que te va a pasar) ni estar eufórico cuando estés muy arriba (también te va a pasar).",Yip37,merval,1,2025-06-05 04:17:56,t3_1l3crkt,t3_1l3crkt,comment
mzgsfb7,"Banco mucho que el post no sea el screen solo acompañado de ""opiniones?""...

En general lo veo bien. Algunos comentarios:

* Mientras más largo te vas, más volatilidad tiene sentido asumir y viceversa, no tiene mucho sentido ser conservador. Hablando particularmente de XLP, a lo mejor sería preferible unirlo con el SPY y determinar una división imaginaria para los dos objetivos.
* Esto es una preferencia personal, pero para mí tiene más sentido emparejar objetivos con plazos en vez de con activos individuales, lo que después te permite emparejar objetivos con portfolios enteros. Por ej, podés tener un portfolio dedicado al ""largo plazo"", del cual sepas que vas a sacar para el terreno y la jubilación. Esto te permite reducir el riesgo para los objetivos y te da mayor versatilidad, ya que quedarían atados a una cartera diversificada y balanceada.
   * Esto además te fuerza a tener una visión holística del portfolio en lugar de concentrarte en activos individuales. Te deja estar menos pendiente de los números y te tienta menos al trading al vicio.
* No termino de entender la columna ""% de división"".
* Guarda porque esos FCIs de ""Riesgo: NINGUNO"" tienen en realidad riesgo medio/bajo, porque están atados a ONs como mínimo, por lo que vas a tener períodos donde los rendimientos estén en negativo.",elrond_lariel,merval,5,2025-06-24 02:52:32,t3_1lijeiv,t3_1lijeiv,comment
mzcq2ob,"A ver, primero ante todo debes establecer tu perfil de inversor, eso te ayudara a dividir tu capital inicial en % para renta variable vs renta fija.

Despues debes elegir el tipo de cartera o porfolio que llevaras y existen 2 tipos: pasiva y activa.

La pasiva es aquella donde todos mesea inyecta un tanto % de tu salario en x intrumento.

La activa son las famosas carteras momentum, que se mueven segun la estacionalidad. Por ejemplo, en mayo vendi sp500 o bitcoin, etc etc,
para hacer tasa ""renta fija"" y esperar un retroceso tipo agosto o srptiembre para recomprar e reincorporarme para el rally navideño ""octubre a diciembre"". 
Tambien estaa carteras compran solo en retrocesos y el dinero esta constantemente trabajandose 24 hs, 7 dias de la semana en renta fija hasta que se de la oportunidad

Para finalizar, si tienes poco capital, no te recomiendo estar muy diversificado porque pierdes rentabilidad

Luego tus objetivos, jubilacion, ganancias y etc es practicamente lo mismo. Tu objetivo principal debe ser llevar tu cartera a x monto y despues alli decides que hacer con el dinero. Como te digo, tu perfil te ayudara",Firm_Translator_8623,merval,2,2025-06-23 13:24:14,t3_1lijeiv,t3_1lijeiv,comment
mzdsgup,"Agrégale el impacto fiscal de cada inversión ya sea (a) por tenencia; (b) por liquidación o movimiento entre activos (compra-venta) y (c) por renta periódica que genera. Si vas a pensar a futuro deberías considerar que anualmente es posible tengas que presentar determinaciones tributarias o, por lo menos, tener la cuenta bien medida para el día en que tengas que hacerlo.

No hay que olvidar que para impuesto a las ganancia ese mide todo en moneda histórica y muchas veces cuando viene un contribuyente con ahorros de años termina por no poder reconstruir su historia (valor de adquisición). 

Eso también es pensar a futuro. Si deseas puedes descargar en mi web un documento en el cual analizo las particularidades de la renta financiera en Argentina y la importancia de llevar las cuentas en orden para poder presentar determinaciones tributarias cuando sea necesario.

Saludos!",ContadorCarbone,merval,1,2025-06-23 16:22:35,t3_1lijeiv,t3_1lijeiv,comment
mzes22x,Diversificar no es comprar más acciones o tener muchas. Hay que calcularlo también,Rampante11,merval,1,2025-06-23 19:17:27,t3_1lijeiv,t3_1lijeiv,comment
mzd1btb,"jaja gracias, algo tan tan importante merece toda la atención la verdad

Entiendo, no tuve el ratio de poca inversión vs la diversificación. Vos decis que achique o que deje así y cuando vea una oportunidad de vender algo que está caro, aproveche ahí a reorganizar?",franco6652,merval,2,2025-06-23 14:16:20,t1_mzcxozo,t3_1lijeiv,comment
mzkkkv9,"Hola, gracias x tu tiempo che! 

\- Recorte XLP y lo sume a SPY pq me hizo mucho sentido lo que decis, como lo tenia para ahorro de terreno y no para jubilación al XLP, lo que hice fue usar el etf de mercados emergentes como ahorro para el terreno.

\-Vos decís que separe por objetivos de tiempo en vez de objetivos concretos como un terreno o algo así? es decir, que organize por largo plazo, mediano y corto?

\-el % es cuando deduzco de mi sueldo para cada objetivo, x ej 40% del total que separo para invertir de mi sueldo, iria para objetivo jubilacion, el otro % para objetivos de ganancia y así. Entonces, cuando deduzca el 40% para jubilación, de ese porcentaje veo cual me parece mejor opcion de los activos para jubilación y lo priorizo, por ej si puedo leer que va a subir mas el SPY, le mando el 70% de ese 40% que saqué del total que es para invertir. Un re lio jajaja, espero haberme explicado bien.

\-no sabia que eran en base a ONs los moneymarket, pero bueno igual nada, no estan riesgoso igual",franco6652,merval,2,2025-06-24 16:50:49,t1_mzgsfb7,t3_1lijeiv,comment
mzcvvps,"hola como vas? gracias por tu comentario che. 

Soy de perfil medio, ni muy tibio ni muy jugado jaja. 

Respecto a lo de pasivo y activo, busqué un equilibrio entre ambos, a eso se debe que tenga diferentes tipos de activos! Era por ahí el comentario?

Lo que no entendí es esto que comentas de reincorporarse y salirse, así deberia funcionar? Tipo ir moviendo los activos depende lo que pase y que no sean estaticos, es decir, cada tanto ir rotando las inversiones q tenemos? 

Y lo otro si, tengo poco capital jaja, voy ahorrando 200-400usd x mes aprox. decis que achique al estar tan diversificado? O con que me mantenga con esta diversificación ya estoy?

Respecto a lo de objetivo principal, me recomendaron llegar a 3000usd para dividir nuevamente, que activos no deberia mover independientemente de llegar a esos 3000usd? los cedears de SPY500 y todo lo que sea ETF?",franco6652,merval,1,2025-06-23 13:51:31,t1_mzcq2ob,t3_1lijeiv,comment
mzhca3m,"yo no desarmaria nada porque implica pagar comisiones con el unico objetivo de tener la cartera mas ordenada.

yo tendria 2, maximo 3 titulos por grupo: LARGO, MEDIO, LIQUIDO Y TIMBA.",adrius,merval,3,2025-06-24 06:04:06,t1_mzd1btb,t3_1lijeiv,comment
mzl538o,">Vos decís que separe por objetivos de tiempo en vez de objetivos concretos como un terreno o algo así? es decir, que organize por largo plazo, mediano y corto?

Claro. Porque lo determinante para decidir la estrategia de inversión en definitiva es el plazo, no en qué vas a usar la plata cuando la saques, eso es más bien ajeno. Yo por ej hago algo similar y para organizarme uso cuentas en diferentes brokers, donde en cada una tengo un portfolio diferente para diferentes fines, mayormente basado en el plazo. Aunque también lo podés hacer en un mismo broker sin problema.

>no sabia que eran en base a ONs los moneymarket

No, es que justamente por lo menos un par de esos fondos que listaste *no son money markets*, son FCIs ""comunes"" digamos.",elrond_lariel,merval,1,2025-06-24 18:30:46,t1_mzkkkv9,t3_1lijeiv,comment
mzdr078,"Si tu portfolio es activo, debes mover tu capital de acuerdo las estacionalidades. Generalmente las estacionalidades del SP500 que es casi lo mismo con la mayoria de los instrumentos es: 

Reincorporarse en los primeros meses del año tipo febrero o marzo, sacar rentabilidad entre abril a mayo, hacer renta fija apuntando a agosto/septiembre y alli volver a reincorporarse al mercado entre agosto y septiembre para el rally navideño que comienza en octubre y finaliza antes de diciembre, las ventas generalmente se dan a mediados de noviembre, principio de diciembre y haces renta fija.

Es decir, si tu perfil es moderado tipo 60, 40 de tu capital total. Mientras tu 40% hace renta fija, tus otros 60% debe ir rotando entre renta fija a variable dependiendo la estacionalidad de los instrumentos. Cada instrumento tiene un % de caida al que le debes inyectar capital e ir rotando. En otras publicaciones explique como inyectar bien el capital y sacar mayor rentabilidad

Esta bien que vayas ahorrando entre 200 a 400 por mes, yo no estaria muy diversificado como vos. Los inversores que saben, generalmente diversifican segun capitalizacion de mercado. Es decir, en tu portfolio si o si debes tener un instrumento large cap tipo sp500 porque aseguras rentabilidad pero tambien deberias tener una small cap asi tu portfolio crece mas rapido en caso de exito. Algunos le meten a las penny stocks pero es mas riesgoso

Es decir, la rentabilidad de un instrumento large cap te sirve para mantener el equilibrio de tu cartera y te permite buscar grandes oportunidades en small cap.

Respeto a lo ultimo, tener nvidia es lo mismo que tener bitcoin. Estan correlacionados en % de caida.

ypf es una mid-cap, esta bien esa. sp500 tambien, eem lo sacaria y asi.",Firm_Translator_8623,merval,6,2025-06-23 16:15:30,t1_mzcvvps,t3_1lijeiv,comment
mzko19w,"y... si el instrumento con el que estas operando no está expresamente exento, y si tus rentas superan los mínimos no imponibles, efectivamente vas a tener que pagar impuesto a las ganancias. Hay diferentes tipos de renta que se generan (gravadas o exentas) y dentro de las gravadas hay diferencias según la fuente (argentina o extranjera). Asimismo hay rentas que son de capital (por compra-venta) y rentas periódicas (intereses o dividendos)

Es todo un mundo... en mi web hay un informe sobre ""renta financiera"" para que vayas conociendo de que se trata la cuestión. No es un tema menor y muchos se ""anotician"" de esto luego de bastante tiempo operando lo que genera bastantes complicaciones.",ContadorCarbone,merval,2,2025-06-24 17:09:06,t1_mzkkw6o,t3_1lijeiv,comment
mzktmke,"No. El tema es complejo. Si queres aprender sobre el tema búscame en internet y en mi web pone en el buscador ""renta financiera"" pero va a ser más fácil me contactes por privado y te asesoro en materia de mi competencia",ContadorCarbone,merval,1,2025-06-24 17:36:07,t1_mzkpgyg,t3_1lijeiv,comment
mx2zmzd,"En lo personal me sigue gustando la T13F6 boncap con vencimiento febrero 2026. Y ahora con el tema de las Lefis, es cuestión de tiempo que las tasas bajen fuertemente, así que si buscas un poquito de riesgo y que el dolar no se vaya al superior de la banda estaría de 10 entrar",dubanno,merval,8,2025-06-10 17:35:43,t3_1l87s5p,t3_1l87s5p,comment
mx2puev,"Si queres seguir en renta fija en pesos, TTD26 tiene una TIR del 40%. Muy lindo bono y tiene bastante volúmen.",dank-monkl,merval,6,2025-06-10 16:50:01,t3_1l87s5p,t3_1l87s5p,comment
mx57nst,">y estoy buscando activos estables para volver a invertir esa plata,

\*Procede a nombrar un ETF de renta variable, otro de oro, acciones argentinas y tecnologicas del NASDAQ",Living_Silver_1742,merval,6,2025-06-11 01:12:42,t3_1l87s5p,t3_1l87s5p,comment
mx7xqh2,"Estimado, está bueno que busques activos para no tener el dinero inmovilizado. Lo que siempre digo, al momento de “meterse” con inversiones financieras es que se tenga en cuenta el tratamiento fiscal y, con ello, el tipo de nformación que se requiere acumular. Esto es para que al cierre del ejercicio fiscal no sea una locura salir a hacer la contabilidad fiscal (para efectos del impuesto a las ganancias).

 

En estas fechas estoy cerrando varias DDJJs y no es poca la cantidad de gente que ha invertido en instrumentos financieros, incluso en diferentes brokers (cada uno con su sistema y forma de rendir info) donde hacer los cálculos anuales se vuelve una locura (y muy costoso para el contribuyente).

 

Lo mejor es ir armando esto a medida que se desarrollan las transacciones (cualquiera que esté en esto ya lo sabe o lo comienza a percibir).

 

En mi web hay un informe de descarga gratuita sobre el tema de las inversiones financieras. Recomiendo lo tengan en cuenta dado que a fin de año los dolores de cabeza son grandes si no se consideró este punto.

 

Espero haber aportado. Saludos

 ",ContadorCarbone,merval,2,2025-06-11 12:59:42,t3_1l87s5p,t3_1l87s5p,comment
mx4x4rp,"si no sabes, segui nomas con renta fija hasta que entiendas algo  
otra lecap, o el fondo lecap en balanz",fager666,merval,1,2025-06-11 00:00:07,t3_1l87s5p,t3_1l87s5p,comment
mx4ynmx,"Yo la letra en cuestión, que es un bono del tesoro nacional con renta fija lo compré en septiembre del año pasado, compré casi 1millon, así que lo deje desde esa fecha hasta ahora, en total me dio aprox 41%  de ganancia en menos de 1 año(ponele que aprox 4/5% mensual). Pero enganche la letra bastante temprano, no es lo mismo que si la compras un mes antes de que termine",Mr_B4n4nO,merval,2,2025-06-11 00:10:07,t1_mx416fv,t3_1l87s5p,comment
mx7zggb,"Dependiendo de la inversión que hagas, el riesgo que asumas, el capital que dispongas (eso sí lo has mencionado).",ContadorCarbone,merval,2,2025-06-11 13:07:58,t1_mx416fv,t3_1l87s5p,comment
mx4yzcw,"Algo se, pero quería enterarme de nuevas herramientas o algunos consejos o ideas que me puedan dar. Igualmente lo más probable es que ponga la mayor parte en renta fija.",Mr_B4n4nO,merval,1,2025-06-11 00:12:15,t1_mx4x4rp,t3_1l87s5p,comment
mx7k1oe,"Pasa que nombraste cosas como SPY, YPF, Mercado Libre, Google. La renta variable no es de riesgo mínimo ni es segura. Y son típicamente de largo plazo, pero los pusiste en la misma bolsa que las letras, que son de corto plazo.

También mencionás ""muy largo plazo"" pero referencias un período de un año, creo que la mayoría acá diría que un año es corto/mediano plazo.

Me parece que deberías indagar un poco más sobre tus objetivos, perfil de riesgo, tiempos y cómo funciona cada tipo de activo antes de que te podamos dar recomendaciones que tengan sentido.",elrond_lariel,merval,6,2025-06-11 11:54:13,t1_mx4xyjz,t3_1l87s5p,comment
mx50c16,"hasta que no se calme trump yo no compraria cedear de eeuu.  
no se si se puede poner links aqui, podes googlear  
etoro francisco ortiz  
es su cartera pública, tiene canal de youtube. muchos de esos activos no tienen cedear, pero desde argentina los podes operar en hapi",fager666,merval,2,2025-06-11 00:21:18,t1_mx4yzcw,t3_1l87s5p,comment
mx7y1jh,"Instrumentos foráneos. Tengan en cuenta que (a) dividendos están sometidos a renta general en el IIGG; (b) dividendos son informados en el 1042S (ante IRS) y, obviamente, FATCA y (c) resultados por compra-venta tributan alícuota del 15% sobre moneda dura (diferencias de cambio no pagan impuestos).

Hay que llevar un excel con todas las cuentas al día... sino a fin de año es una locura.

Saludos",ContadorCarbone,merval,2,2025-06-11 13:01:11,t1_mx7k1oe,t3_1l87s5p,comment
mwymkek,mira tu cartera en dolares!,Flyx87,merval,5,2025-06-10 01:27:03,t3_1l7joxj,t3_1l7joxj,comment
mx1acwa,"Buenas muchachos, aprovecho este post para hacer unas consultas muy básicas pero concisas.  
Tengo 15 millones de pesos para invertir de un auto que vendí. Estoy con un proyecto de abrir una cafetería en 2026 y tengo un plazo de aprox (6/8 meses) para invertir esa plata y generar un rendimiento extra para el momento en el que toque empezar a gastarla en todo lo necesario para el proyecto.  
A que voy con esto? Me gustaría escuchar su sabiduría para ver cual es la manera o forma más lógica de invertir ese dinero teniendo en cuenta que estamos en un año particular por las elecciones que se vienen y por las cuestiones políticas entre EEUU y China y como eso nos afecta por nuestro alineamiento.

En fin, cualquier recomendación es de ayuda y estaré muy agradecido.

Un fuerta abrazo y buen martes para todos!",Decent-Extreme8999,merval,2,2025-06-10 12:49:32,t3_1l7joxj,t3_1l7joxj,comment
mx0wmsq,"Hasta lo que se, IOL no tiene una manera de mostrar tu cartera en dólares",QuantumFox224,merval,4,2025-06-10 11:44:26,t1_mwymkek,t3_1l7joxj,comment
my96391,Entonces explícame por qué mis acciones tienen pérdidas si están en ciclo alcista?,Zealousideal-Army641,merval,1,2025-06-17 09:46:40,t1_mx0kgfa,t3_1l7joxj,comment
mygtq5s,jajja no me acordaba de esto... es triste porque tiene 7mil en al30 y 160mil en fci.,MilaConPure_404,merval,1,2025-06-18 12:45:48,t1_myf3s19,t3_1l7joxj,comment
myasi8y,"qué mercado estas operando o a cual te referís  ? Desde Enero hubo caídas fuertes y la mayoría viene en racha positiva x  la recuperación,  la podés ver en el Nasdaq o similares .
Si te referis a acciones argentinas pegaron un impulso ( Pero fue súper nulo comparado a otras acciones ) aún así no rompieron el precio más bajo cotizado en Enero 2025 aún ( siguen en carrera ) .
Ponen de excusa La gu3rra Pero la verdad no sé que pasa ahí, cuando en teoría tenía correlación con el mercado Argentino y petróleo que el precio se fue por las nubes ( así que los analistas se contradicen continuamente) .

Desde mi perspectiva debería subir , cuando ? No sé Pero si vienen casi 7 meses de puro aguante. 


Cuando me refiero a que subirán es a nivel general como bien se vio en NASDAQ y las acciones que lo componen , Pero en Arg no se que está pasando la verdad también tengo posiciones  corriendo allí y no quiere avanzar. X ahora me queda MOLI PAMPA GALICIA  corriendo veremos qué pasa xq si toca el mínimo de Enero cierro",adry4242,merval,1,2025-06-17 14:33:14,t1_my96391,t3_1l7joxj,comment
mx1gbhj,"YPF, pero voy por el largo plazo, sigo creyendo que tiene para subir mucho",Gandalior,merval,5,2025-06-10 13:17:29,t3_1l7hw1c,t3_1l7hw1c,comment
mxk7zu6,"INTC. Intel. Vengo teniendo un par de cedears sueltos dando vueltas por ahí hace un par de años, y los locos no dejan de mandarse cagada tras cagada. Debo andar un 60% abajo. Es poca guita, pero cayó tanto que es suficiente como para plancharme todas las ganancias del resto de mis cedears y hacerme hervir la sangre cada vez que lo veo. Es más psicológico que otra cosa, lo que perdí ahí debe ser equivalente a una cena para dos en un lugar medianamente lindo, pero ver ese -60% en rojo me hace mierda. Más de una vez pensé vender esos cedears solo para sacar el cartelito ese rojo, pero parece que están relativamente estabilizados ahora. Sabe Dios, no tengo la bola de cristal.",Lety-,merval,3,2025-06-13 10:39:42,t3_1l7hw1c,t3_1l7hw1c,comment
mx1fxo9,"UFFFFF... por donde empezar... jajajajaj

mis queridas momias ALUAR Y TXAR hace meses, luego BIOX y CELULOSA por amor a la timba y galpones con alto beta, luego ETFS sectoriales de USA en cedears justo antes que sacaron el CEPO me rompieron todo jajaja...

Entre otras... ahora estoy re clavadisimo con MIRGOR  (virgor para los amigos), aunque yo compro y vendo muchisisisisisismo todo el tiempo ya no holdeo nada por q vendi todo y recompre todo mas arriba asi q no pienso quedarme pegado o acepto mis stoploss, asi q compro cosas castigadas a la baja, al primer mechon verde +2...+3...+5% te lo tiro en por la cabeza y busco otra cosa",EndzeiT420,merval,3,2025-06-10 13:15:39,t3_1l7hw1c,t3_1l7hw1c,comment
mx267gw,"NIO, clavaso mal. Hace 2/3 meses la tengo y sigue -35%. Y otra es PBR que es brazuca. Me quise hacer el pistola y variar de paises y me salio como el upite. deci que no es mucha plata pero hubiese metido todo en una ON de ypf y a la mierda",FrancoTuVieja,merval,3,2025-06-10 15:16:44,t3_1l7hw1c,t3_1l7hw1c,comment
mx3ghjn,"BG (Bungee), una de las empresas de agronegocios más grande del mundo. Compre acciones justo antes de la guerra en Ucrania. Después se recuperó pero en ese momento bajó un montón.
F (Ford) la tuve como dos años que no se movía.",SimilarBeautiful2207,merval,2,2025-06-10 18:58:11,t3_1l7hw1c,t3_1l7hw1c,comment
mx3isxe,"Lo hice muchísimas veces en muchísimos días bro, celu compré desde 400 a la baja hasta 280 lo q fue el fondo, fui reventando a medida q me daba ganancias y recompraba, biox igual desde 6mil a la baja , aluar txar hace meses compré y vendí en la subida 


Si queres te regalo mi planilla la actualizo todos los días religiosamente con cada operación precio fecha etc",EndzeiT420,merval,2,2025-06-10 19:10:24,t3_1l7hw1c,t3_1l7hw1c,comment
mx0j20n,"Compre un poco de FERR junto con otras argentinas cuando todo subia en 2024. Ahora ves el grafico historico y parece un chiste, es una burbuja literalmente. Por suerte fue muy poco a comparacion de las bancarias/energia.

Lo compre sin pensar mucho cuando buscaba diversificar, y lo mantengo porque realmente son 2 pesos y me sirve de recordatorio de no escuchar al proximo ""analista"" fantasma hablando al pedo que me aparezca en youtube.",RRUser,merval,1,2025-06-10 10:36:30,t3_1l7hw1c,t3_1l7hw1c,comment
mx2bxxp,"Jajaj me paso también con BABA y con acciones Argentinas pero por no hacer mi análisis y solo comprar por recomendación de YouTube cuando estaba arrancando, me sirvió para aprender a no hacer caso a lo que digan y buscar un método que a mí me funcione. En definitiva es parte del proceso de aprendizaje 😂.",Ok_Grocery_771,merval,1,2025-06-10 15:43:48,t3_1l7hw1c,t3_1l7hw1c,comment
mx3hh4o,"Me clavé muchas veces cuando compraba simplemente porque una acción estaba ""barata"". Si un papel baja mucho es porque está teniendo problemas y si vos compras solo por su precio atractivo te podes clavar por mucho tiempo porque vaya a saber uno cuando resuelva esos problemas entonces perdes costo de oportunidad. Clavos: hsy, pfe, nke, tgt. Solo conservo hsy, el resto me los saque de encima",Aztrii,merval,1,2025-06-10 19:03:20,t3_1l7hw1c,t3_1l7hw1c,comment
mx4wkwj,"Me clave con PayPal (pase de 300 dolares a 114), con Globant también. Fueron las dos peores.


También me comí una pija negra y lechoza con Intel. Me re vacuno.",TeComproCafecitos,merval,1,2025-06-10 23:56:33,t3_1l7hw1c,t3_1l7hw1c,comment
mx6ey34,"Me pregunto a cuanto compraste BABA en el 140 USD range? Mis warrants de baba estan a punto caramelo, compraste en la cuspide, pasa. Que sea china no tiene nada que ver.

Pero para que no te sientas mal aca va mi lista de Asian poor performers...

* **Evergrande** [03333.HK](http://03333.HK) \-43.79% *(Hice guita con Evergrande services. Compre Evergrandecuando estaba en sus ultimos dias agonizando, esperando un bailout magico mega especulativo y sin sustento de ningun tipo YOLO... Como estaba por el piso le meti menos de 200 USD. Un crack.)*
* **Cheerwin GP** [06601.HK](http://06601.HK) \-65.81% *(Entre en el IPO. Venia haciendo guita, no le puse stop loss. Sigue ahi mirandome desde la banquina)*
* **Haidilao** [06862.HK](http://06862.HK) \-71.75% *(Similar a Cheerwin, pero hasta hubo un split en el medio. Me adosaron shares de SuperHi* [*09658.HK*](http://09658.HK) *que obviamente no cubren mis fantasticas perdidas. le tengo fe a Haidilao, pero dudo que recupere alguna vez. El chart es chistoso a esta altura.)*

Tengo un par mas asi bizarras asiaticas pero las banco a morir y voy a seguir voy a seguir comprando. No tengo acciones occidentales en condiciones similares porque holdeo poco y equity directo y las posiciones estan todas en verde, el groso es ETFs UCITS y Asiaticos que este anho estan excelentes. Son las unicas que tengo asi perno y en tanto y en cuanto otras posiciones cubran las perdidas las mantengo.",diyexageh,merval,1,2025-06-11 07:48:31,t3_1l7hw1c,t3_1l7hw1c,comment
mx72py9,"La verdad es que me clavé con AMD y AAL , estaban bajando y dije está es la mía. Por suerte o desgracia vendí todo a la mierda para cómprame un terreno. Pero lo más clavó que me pasó es comprar acciones de televisa porque estaban muy baratas jajajajajajaja. Las cuales tengo y con suerte llegan a 4000 pesos.",Possible-Remote-3072,merval,1,2025-06-11 10:25:07,t3_1l7hw1c,t3_1l7hw1c,comment
mxde5j5,"Por suerte no me clave con ninguna accion, empece a invertir en 2020/21 y agarre el crecimiento de los cedears y el merval.  
Lo que si me clave fue con cryptomonedas, a eso le vengo metiendo desde 2018 y por hacerme el experimental termine perdiendo bastante guita, como 500 dolares en shitcoins. No sera mucho pero piensen que era un pibe de 19-20 años en esa epoca que ganaba 2 pesos con 5, pero bueno de todo se aprende...a pensar y no a timbear. Ojo tambien algunas me salieron bien pero fueron mas las perdidas.",ondinhas2,merval,1,2025-06-12 09:43:47,t3_1l7hw1c,t3_1l7hw1c,comment
mxeoc3n,"IOTA (crypto), la tuve que tener 3 o 4 años para salir sin perdidas.",Commercial_Ruin1063,merval,1,2025-06-12 13:36:33,t3_1l7hw1c,t3_1l7hw1c,comment
mxgej1r,"UNH me equivoqué y el scroll del mouse giró y en vez de comprar 5 papelito compré 15000 todos los de la caja de puntas, como tenía activado el apalancamiento la orden se disparó, el día siguiente la acción cayó -4% y perdí más de 7palos. Ojo si usan bull market y hacen cauciones por que necesitas estar apalancado en mi caso 117.000.000 de pesos una locura. Alohaa 🤙🏻",el_JrB,merval,1,2025-06-12 18:35:52,t3_1l7hw1c,t3_1l7hw1c,comment
mymqixv,"Estoy empezando, por lo que no me afecto pero en porcentaje perdi 20% por un fondo, se que es poco la perdida pero hasta ahora no vuelvo a confiar en un fondo.",enanomistico,merval,1,2025-06-19 10:48:07,t3_1l7hw1c,t3_1l7hw1c,comment
mx0mfq6,No compro acciones (solo ETFs) y no es una acción así que no se si cuenta pero Arbitrium. Compré mal. Bajo mas de 50% desde que compré. No tengo apuro igual pero es un clavo considerando que le había metido como 2 lucas.,TheJix,merval,1,2025-06-10 10:54:13,t3_1l7hw1c,t3_1l7hw1c,comment
mx1g237,"Año 2020, el canal de YouTube de Marra estaba empezando a tener fama, recomendó CEPU, justo cobre el aguinaldo y le metí dos mil pesos (era bastante guita en esos años)... Corrigió zarpado a la baja y perdí la mitad ja, recién me estaba metiendo en el mundo de las acciones, por suerte en esa época compre cedear de KO y SONY y me fue muy bien. ",PomberitoFan,merval,1,2025-06-10 13:16:14,t3_1l7hw1c,t3_1l7hw1c,comment
mx3uf3y,"Hiciste análisis fundamental?


Leíste los últimos 5 años de balance?


Leíste todas las noticias que implicaron caídas? Hubo acciones por parte GLOB para revertir esa situación?


Analiza todo eso y podés sacar conclusiones objetivas",Bigotoide,merval,3,2025-06-10 20:13:59,t1_mx0eof7,t3_1l7hw1c,comment
mx9dw0s,"Felicidades, te has convertido en el ""inversor de largo plazo"" nro 48234782397498327932835293856329856328946823742398748329

Si algo sale mal, cerra titan. No caigas en la paradoja del trader de aguantar cuando sale mal y cerrar cuando sale bien por la euforia de no perder la victoria.

Rompiendo la banca....................",[deleted],merval,1,2025-06-11 17:07:55,t1_mx0eof7,t3_1l7hw1c,comment
mxeeq3d,"Pasa que entraste muy tarde, igual llego a subir más que nvidia en usd, fue la mejor inversión de mi 2024",agufa,merval,2,2025-06-12 12:50:29,t1_mx0j7w4,t3_1l7hw1c,comment
mx3xieu,"Mercado chino cochino, es peligroso el capital tiene miedo y huye rápido de ahí no vuelve a sus máximos hace muchos años pero.... Si.. comprar y holdear hoy en día pareceria tener sentido, si",EndzeiT420,merval,0,2025-06-10 20:30:53,t1_mx1yzo8,t3_1l7hw1c,comment
mx4x04c,Yo la tengo en -35 pero cada 1 semana compro 12 cedears y los mantengo. Tengo la esperanza de verla en 500 dólares algún día de mi vida y hacerme rico. Quizás se me de. Cuando tengo algunos pesos meto ahí. Quedará ahí por 10 años.,TeComproCafecitos,merval,2,2025-06-10 23:59:17,t1_mx267gw,t3_1l7hw1c,comment
mx9dfwb,"Ojota con el balance. ENRON dio el mejor balance de la historia antes de tocar CERO.

Rompiendo la Banca deberia ser el primer post que se vea en el subreddit /merval

De ser asi no habria post de gente empomada",[deleted],merval,4,2025-06-11 17:05:45,t1_mx3uf3y,t3_1l7hw1c,comment
mx3wvlb,"Tenés q vender antes amigo, arriba de 5% es ambicioso, más de eso es un cerdo que merece ser carneado, cuánto pensas ganar rey, si compras hoy y mañana sube 1..2% te vendo todo, no hay mejor rentabilidad en 24 hs si pensas mensual o anual acumulando ganancias % de pocos dias",EndzeiT420,merval,1,2025-06-10 20:27:25,t1_mx2it5l,t3_1l7hw1c,comment
mx9es1u,"ENRON dibujaba buenos balances porque sumaba sus inversiones de derivados (futuros) muy riesgosos con precios de mercado altísimos.


Muy parecido a lo que hizo FTX con su otra empresa de inversión ALAMEDA



Habría que ver la cartera de activos que tiene la empresa en cuestión para complementar lo que puse en mi comentario 


Yo no hago nunca análisis fundamental porque no me interesan las acciones individuales ",Bigotoide,merval,1,2025-06-11 17:12:09,t1_mx9dfwb,t3_1l7hw1c,comment
mx9ys20,"Bien dicho. Es una estrategia institucional vieja como el tiempo.

Ademas, hay que partir de que el balance no es analisis fundamental, sino contable dado que esta compuesto de nros y los nros son graficabless, por ende lo que se llama analisis fundamental es en realidad el AT que tanta gente desprecia y en contraposicion el fundamental es como bien decis en tu ultima oracion, analisis sectorial, entre otros.

Por ejemplo, OP compro una automotriz, siendo un sector agotadisssimo (manijeado x el efecto multiplicador que tiene en la economia) ya que el auto es un invento de larga, larguisima data. Esta viejito ese sector. Y no se como sera en su lugar de residencia, pero aca esta hecho el calculo y hay 2 o mas autos por habitante. 

Thats fundamental. Fundamental en terminos de los fundamentos que rigen el activo que se quiere operar.

Y no se ve nada bien.",[deleted],merval,2,2025-06-11 18:50:52,t1_mx9es1u,t3_1l7hw1c,comment
mvhd0g0,"Si comprás mediante broker, estás comprando Bitcoin de papel. Si lo comprás en Binance, también. Con la diferencia de que en el último podés retirar Bitcoin de verdad en cualquier momento.",Obvious-Definition47,merval,10,2025-06-01 18:12:00,t3_1l0zqxo,t3_1l0zqxo,comment
mvhfn28,"Crea una cuenta en binance, es muy sencillo y compra Bitcoin. IBIT es un ETF, por lo tanto no tienes Bitcoin. Puedes comprar Bitcoin, retira a tu wallet.

Los beneficios de tener Bitcoin y no el ETF:

1: Estas protegido ante eventual corrida

2: Puedes hacer staking y sacarle rendimiento

3: Puedes prestar tus Bitcoin a cambio de un %

4: Puedes intercambiar Bitcoin sin limites sin fronteras.",Firm_Translator_8623,merval,5,2025-06-01 18:26:11,t3_1l0zqxo,t3_1l0zqxo,comment
mvhdxt9,"IBIT es un elemento financiero que sigue el precio de Bitcoin, no tenés Bitcoin. Tiene más regulaciones.  
Tenés en Binance, es tener Bitcoin, pero realmente tampoco es tuyo, porque lo tiene Binance y tiene menos regulaciones que las ETF, ¿pueden bardearla? FTX la bardeó y fue altísimo quilombo.  
Lo mejor, sería que te crees una lightning wallet, te compres bitcoin (podés usar binance), y te lo vayas pasando a tu wallet custodial, con tus palabras clave para recuperarlas, ahí REALMENTE estarías VOS teniendo TUS Bitcoin.",Crypto-S,merval,2,2025-06-01 18:16:57,t3_1l0zqxo,t3_1l0zqxo,comment
mvkwatb,"Si compra IBIT, es lo ideal, estas dentro de un broker, asi que tenes mucha mas seguridad que al estar en un exchangue, hubo mucho casos de hackeo, cosa imposible que hagan con IBIT.

Es cierto no tenes bitcoin, pero esto sigue el precio de bitcoin, asi que tecnicamente es lo mismo, es como comprar un ETF de oro, claro que no tenes oro, pero tenes algo que sigue el precio de oro, asi que tecnicamente es oro.",Top-Appointment-9310,merval,2,2025-06-02 09:51:04,t3_1l0zqxo,t3_1l0zqxo,comment
mvle3q9,"Depende de vos, si no queres tener confusiones con claves, aprender como enviar y conservar correctamente btc. Es mejor el broker, te ahorra todo eso.

Yo prefiero comprar btc en binance.",Creative-Win-3447,merval,2,2025-06-02 11:29:34,t3_1l0zqxo,t3_1l0zqxo,comment
mvhdkcz,"Che, y comprar bitcoin en vez de papelitos de colores?",Chero312,merval,0,2025-06-01 18:14:57,t3_1l0zqxo,t3_1l0zqxo,comment
mvhg5se,"Ibit tiene btc en sus holdings, por eso es un etf, porque invierte en su activo subyacente. Compren btc si creen, pero no empresas que pierden guita, aparte con 1500 dolares minas btc con luz barata en argy. Es mas negocio t diria",Juanma_Blatter,merval,1,2025-06-01 18:29:03,t1_mvhdxt9,t3_1l0zqxo,comment
mvhja71,"Si compras btc lo que te conviene es create una wallet propia y tenerlo ahi. Es como te dijeron arriba. En IBIT no tenes Bitcoin en si, en Binance si y no, por que vos no tenes tus propias keys; ahi es donde entra la wallet.

  
\*\*Not Your Keys, Not Your Coins\*\*",Blossom_Kisses,merval,3,2025-06-01 18:46:02,t1_mvhe70a,t3_1l0zqxo,comment
myuel5u,"USDT en bingx creo que te da 10-11%. Deje de usar buenbit hace rato, comisiones altas, spread altisimos, consumos con tarjetas en el exterior te asaltan.. Para tu caso usaria algun instrumento de renta fija del mercado financiero tradicional, por ejemplo ON, me parecen menos riesgosas y con rendimientos similares.",PuzzleheadedEbb5003,merval,11,2025-06-20 14:15:23,t3_1lg8w62,t3_1lg8w62,comment
myuws0i,"USDL es de Paxos. Lo que no sé es cómo gestionan los intereses. Antes venía de los bonos del tesoro, pero eso excede esa tasa, por lo que deben estar poniendo guita adicional de marketing.",Obvious-Definition47,merval,1,2025-06-20 15:42:21,t3_1lg8w62,t3_1lg8w62,comment
myvvdev,en que platsforms te drjan comprar bonos del trsoro de eeuu?,usergghs,merval,1,2025-06-20 18:36:23,t3_1lg8w62,t3_1lg8w62,comment
mywjeea,"Ya que estamos hablando de BuenBit, alguien lo usa para comprar acciones y ETF?",Dapper_Tiger_2328,merval,1,2025-06-20 20:52:16,t3_1lg8w62,t3_1lg8w62,comment
mzfgfp1,"Okx tiene bonos en usdt y usdc de 10% por 180 días hasta 1000 usd cada uno, por si sirve el dato",Pinto_Portugal,merval,1,2025-06-23 21:33:29,t3_1lg8w62,t3_1lg8w62,comment
mzfk6gg,Cual estas usando vos?? Tengo un money market en santander que da eso 2.2-2.4 anual en dolares,niko3100,merval,1,2025-06-23 21:55:31,t1_mzfgm3c,t3_1lg8w62,comment
myx72l9,En buenbit tienen una inversion que es buendolar y te da 4.8% creo que es como un money market de bonos del tesoro algo asi,niko3100,merval,1,2025-06-20 23:19:29,t1_myvvdev,t3_1lg8w62,comment
mz0ls36,"Te soy honesto? No lo incluyo porque desde que hicieron la jodita con USDS, sumado a que tienen la mayor parte reinvertido en eThena, me dejó de gustar, para mi ya no es una stable completamente segura sino una stable que ya tiene riesgos de inversion implícitos,",Crypto-S,merval,3,2025-06-21 14:23:34,t1_myxqdge,t3_1lg8w62,comment
mzghcmc,"Tengo buenbit pero no puse un mango más. A lo sumo paso de monedas ahí adentro si el spread es bajo.

El mundo cripto no me aporta hoy nada porque las estables están más caras que el USD por bastante, así que voy directo al USD y lo dejas en mercado pago o el banco. Es poco pero mejor que esas plataformas que se comen tu guita.
Estuve probando fiwind estos días y encontré buenas tasas pero no dejé nada.
Si querés ganar plata tenes que ir a otros instrumentos, esto es para estar de paso si tenés que inmóvilizar guita un tiempito.",Stock-Acanthaceae-51,merval,1,2025-06-24 01:22:39,t1_mzfk6gg,t3_1lg8w62,comment
mz72ami,"Creo que te confundiste de moneda, Dai no tiene respaldo físico sino en depósito de otras crypto",agufa,merval,1,2025-06-22 15:38:12,t1_mz05q09,t3_1lg8w62,comment
mzaq79b,"Te va a dar 11% con suerte el al30 el gd te paga lo mismo que un bono, para mi es una huevada tener ahorros en remuneradas cripto. O invertis o ahorras. Las dos cosas no son compatibles. Y comprar un bono del bcra antes de las elecciones me parece incluso con mirada optimista una completa locura.",Juanma_Blatter,merval,1,2025-06-23 05:49:19,t1_myzmcvr,t3_1lg8w62,comment
mzj7k4v,">Creo que te confundiste de moneda, Dai no tiene respaldo físico sino en depósito de otras crypto

DAI antes era backed by USD fisico. Despues hicieron el split pedorro ese y cambiaron la nomenclatura de manera bizarra y confusa. Hicieron un multi commodity basket de crypto assets y lo llamaron DAI (tal como el anterior que era USD Backed) en el split generaron otro coin llamado SAI que era equivalente al anterior USD backed.

Si vos tenias DAI inicialmente derrepente despues del split tenias SAI. El nuevo DAI es otra cosa pero se llama igual que el antiguo single asset backed. Me resulto poco serio el accionar y la unica gente que conozco que lo usaba esta en Argentina. El resto solo USDY o USDC.",diyexageh,merval,2,2025-06-24 13:00:11,t1_mz72ami,t3_1lg8w62,comment
mza0a8x,"Y esas a su vez, en otras. Mmm cdo de crypto 🤤",Varsoviadog,merval,1,2025-06-23 01:49:04,t1_mz72ami,t3_1lg8w62,comment
myofary,"1, si dividi por 1000 la cantidad de cuotas partes, no se porque nunca arreglan eso, queda distinto a lo que presentas en ganancias (bah no me acuerdo si era 1000 o 100, con los bonos pasa lo mismo)
2, si el cbu de la caja de ahorro
3.De baja no se puede dar si presenta informativa, que presente la 2023 y listo. Que se fije en sistema registral si no estara dado de alta en el impuesto, si alguna vez pagó ya queda dado de alta, igual la multa por falta de presentación son 200 pesos.",SnooMachines3992,merval,2,2025-06-19 15:51:16,t3_1lffjde,t3_1lffjde,comment
mwxob8a,"Me recomendaron el mismo, sinceramente yo creo que lo quiere son los 2 pagos de comisiones que nunca recuerdan poner en la cuenta...

Hace vos la cuenta tomando en cuenta la doble comisión y vas a ver qué la rentabilidad es bastante más baja de lo que te dicen",agufa,merval,10,2025-06-09 21:57:27,t3_1l7la0j,t3_1l7la0j,comment
mwxmnco,"Varias cosas:

Eso no es un swap financiero, es una reconstrucción o rotación del portafolio. 

Lo de mismo riesgo mayor retorno por cambiar de activo gubernamental requiere una explicación más profunda y precisa por parte del analista, porque implicitamente hace referencia a que un activo esta sobrevalorado y el otro subvaluado. 

En realidad el motivo principal de una mayor TIR es asumir un mayor riesgo, pero es interesante la opción del put que te podría permitir aprovechar el momentum del mercado para hacer una diferencia, en ese sentido lo veo bien. 

Fijate la TIR del bono que te ofrecen y averiguá las condiciones para ejercer el put así como también en que se diferencia un bono del otro.",KlemmL20,merval,2,2025-06-09 21:48:01,t3_1l7la0j,t3_1l7la0j,comment
mzicbnh,"Mira por las dudas en la central de deudores del BCRA si no tenes algo capaz tu viejo sacó esos 2.5k usd con un préstamo a tu nombre 🤣

Al mail ignoralo",Exotic-Singer6826,merval,80,2025-06-24 10:28:10,t3_1ljb09o,t3_1ljb09o,comment
mzihpiq,"A mi me mandaban exactamente los mismos mails (menor monto) y llegaron a llamarme también por una cuenta de Brubank. Me comuniqué con Brubank y efectivamente tenía la deuda, pasa que te cobran cargos en pesos por consumos en dolares, por más que los pagues con dolares, y en ningún lado te dicen.

Una vez que confirmé que efectivamente existía la deuda con Brubank, deposité pesos en la cuenta y se me debitó la deuda. La próxima vez que me llamaron desde ese Proaction dije que ya la había cancelado y que no me llamen más, e increíblemente no me llamaron más.

Mi consejo es que hables con el soporte de Brubank y lo confirmes, porque yo también pensé que era una estafa y resultó que no.

EDIT: Lo que me cobraron de Brubank fue mucho menos que lo que decían estos tipos igual, así que chill.",Zealousideal-Will-75,merval,78,2025-06-24 10:57:04,t3_1ljb09o,t3_1ljb09o,comment
mzihrqg,"Ojo que puede ser real, a mi me estuvieron llegando hace un tiempo por solo 2 mil pesos, también pensé que era un scam porque los del brubank jamás me pusieron en ningún lado que tenia una deuda, jamás se comunicaron ellos de una. Como la empresa parecía existir, quise denunciar el scam con el propio soporte de brubank, donde me atendió una IA (qué no te dice que es IA), diciendo que ellos jamas mandarían un mail así, ni mucho menos de otra empresa, que lo desestime. Finalmente pedí hablar con un operador y me dijo que efectivamente la deuda existía, era por comprar en steam directamente en dólares y correspondía al IVA.
Simplemente cargue pesos a brubank y al segundo me descontaron exactamente el monto del mail, directo desde mi cuenta de brubank.
La verdad que son unos hdp, porque no te avisan de absolutamente ninguna forma que tenes esa deuda si no tenes pesos en la cuenta, realmente cualquiera los de Brubank, me llegaban a mandar al veraz por eso y los mataba.
Lo del veraz si es mentira entiendo, pedí informe y no figura nada, y ni siquiera figura como deuda en la central de deudores del BCRA, así que lo tomo como un mail informativo de que debes pagar eso nada más, pero en fin.",kjus14,merval,11,2025-06-24 10:57:23,t3_1ljb09o,t3_1ljb09o,comment
mzkbx4f,"Trabajo en un banco y es común que las deudas se vendan a estudios jurídicos, que puede ser el caso.

Te recomendaría primero comunicarte con Brubank y que te digan qué estudio tiene asignado tu deuda. Después de eso comunicarte con el estudio y pedir los datos para poder saldarlo. Tene en cuenta los datos que te dan del estudio para saldarlo, comúnmente son cuentas corrientes de empresas con el nombre de MOPC, Pena y asociados y demás estudios que se especializan en cobranzas y te piden depósitos en sus cuentas.

Después de eso, te comunicas con Brubank pasado los 30 días y solicitas el Libre Deuda. Los antecedentes en veraz, bcra van a quedar por más que tengas el libre deuda, es un antecedente en tu historial crediticio.

Obviamente el importe de la deuda va diferir ya que se cobran honorarios ellos.",Comfortable-Seat-865,merval,5,2025-06-24 16:07:55,t3_1ljb09o,t3_1ljb09o,comment
mzkkcga,A mi me paso que compre con dolares y brubank me cobró después cuando recibí plata 8% de la compra en impuestos de iva digital jsjsjs,Least-Lime9474,merval,3,2025-06-24 16:49:33,t3_1ljb09o,t3_1ljb09o,comment
mzowc2a,"Hola! Proaction es un call center que cobra deudas, legalmente no vas a tener problemas pero si es verdad que tu firma está afectada en BCRA por lo que no podrás solicitar créditos o tarjetas en entidades financieras o bancarias, igual si vivís en USA que ni te joda, lo único es que van a llamar a toda tu familia amenazando con palabras como “extrajudicial” “legales” o “prelegales”, son pobres pibes laburando en una oficina de Microcentro llamando deudores, incluso te pueden llegar a mandar nota por correo a la dirección que tenías acá en Argentina y no tiene efecto alguno de forma legal.",[deleted],merval,2,2025-06-25 10:09:25,t3_1ljb09o,t3_1ljb09o,comment
mzp430o,"Tengo que dar de baja la tarjeta de crédito,el otro día me llamaron y me dijeron que me iba al veraz,les pregunté el monto de la deuda y me dijeron 130 pesos
Deposite de menos y le dije a la mina por 130 pesos me llamas?",Away-Law-2718,merval,2,2025-06-25 10:51:45,t3_1ljb09o,t3_1ljb09o,comment
mzvou8n,Porque no usa dólar app o lemon cash?  Soy estado unidense viviendo en AR y así me manejo con mi dinero de allá.  Estos dos te dan una cuenta en dólares radicado en eeuu y una cuenta en pesos radicada en AR con la libertad de poder cambiar dentro de la app y hacer compras usando una tarjeta universal.,Importance_Fuzzy,merval,1,2025-06-26 10:31:08,t3_1ljb09o,t3_1ljb09o,comment
mzwexfu,"Es real, si queres sacarte la duda habla y pregunta directo a brubank. Me paso lo mismo. Es deuda que se acumula en pesos si pagas cosas en dolar (que supuestamente no cobraban). Me llegaban mail todos los dias creyendo que era spam y scam. En una me canse, pregunte a brubank y sip, era deuda real. Habla y paga porque te meten en el veraz. Los que dicen que es scam y ""quien puede caer en eso"" terribles boluditos.",milogamer_,merval,0,2025-06-26 12:38:48,t3_1ljb09o,t3_1ljb09o,comment
mzigdgj,"pa aclarar, mi viejo mando dolares desde su cuenta de brubank a mi cuenta y yo use esa tarjeta para pagar. Me cobran impuestos sobre que ?",Esto2050,merval,1,2025-06-24 10:50:07,t1_mzid4oc,t3_1ljb09o,comment
mziibfk,entonces te cobran impuestos sobre gastos en dolares de la tarjeta? Que impuestos????,Esto2050,merval,2,2025-06-24 11:00:08,t1_mzii6ef,t3_1ljb09o,comment
mzow22j,"Yo uso prex, compre en amazon pagando en usd y no me cobraron nada adicional

Digitalmente pago en twitch y tampoco me cobran nada adicional.

Probe en youtube y como esta en pesos si me cobraron iva y esas cosas.",Desmo4,merval,2,2025-06-25 10:07:51,t1_mzkcvti,t3_1ljb09o,comment
n079hnf,Prex naranja x y astropay las mejores opciones para comprar en dólares sin ningún impuesto astropay te convierte automáticamente tus pesos en tu cuenta a dólares con su tarjeta en dólar y se te cobra lo que es ni más ni menos,Prior_Bodybuilder580,merval,1,2025-06-28 03:39:50,t1_mzkcvti,t3_1ljb09o,comment
mzpmsp8,"Si, posiblemente suceda eso. Vas a presentar el libre deuda y esperar a que te lo acepten desde el sector de Riesgos del Banco para poder proceder con el hipotecario en caso de que te quieras comprar algo acá en Argentina. Por más que en dos años ya no figure en BCRA, en los antecedentes de veraz estarían presentes, muchas veces esto cuando realicen una consulta desde el banco salte, pero presentando el libre deuda no habría inconveniente, siempre y cuando el sector de admisiones lo apruebe. Págala cuando puedas así dejan de informarte, posiblemente tengas que hacer una transferencia desde una cuenta a tu nombre o un depósito en ventanilla/ATS a la cuenta que te dan y mandar los comprobantes de pago, a los 30 días pedís el libre deuda a Brubank (Consulta al estudio si corresponde a ellos la emisión del libre deuda o a BruBank, algunas veces los estudios no emiten estos)",Comfortable-Seat-865,merval,2,2025-06-25 12:21:48,t1_mzoyn8l,t3_1ljb09o,comment
mzij1bo,"Depende que compras, con el régimen que había hasta hace un tiempo (no se si cambio algo), a algunas compras les correspondía 30% de impuesto país, que no te lo cobraban al pagar en dólares directo, pero a otras les correspondía 21% de iva + 8% de país, con lo que te daba 29%. En la teoría era medio lo mismo, pero en la practica si pagas directo con dólares el iva te lo cobran igual. Compras como steam y Amazon entraban en el régimen que pagaba IVA, no se que compraste en particular, pero depende el lugar que régimen era.",kjus14,merval,9,2025-06-24 11:03:47,t1_mziibfk,t3_1ljb09o,comment
mxelo16,"Buenas, el Fondo Dólar Linked Renta Fija (BCRFA) está linkeado al dólar por lo que tenés cobertura en dólares. Más que un aumento en el dólar por las elecciones yo esperaría un aumento del dólar en noviembre / diciembre por las vacaciones. Las comisiones Balanz las cobra por gestionar el fondo (y son ponderados por el tiempo de gestión, si al año es 1,5% y vos lo dejas 2 meses, es 1/6 \* 1.5% ), si tenés beneficio en el fondo no te lo va a comer la comisión porque te lo presentan neto de costos.",Sonicaldesire,merval,8,2025-06-12 13:23:37,t3_1l9p4sp,t3_1l9p4sp,comment
mx9mqwk,"Contexto:

* Desde el valor del dólar de hoy hasta el techo de la banda de acá a un año hay 34%.
* Todas las proyecciones de inflación son bastante inferiores a eso (proyección que de paso también significa una expectativa menor para el tipo de cambio).
* La tasa fija de bonos a un año está en 27.1% de TNA / 30.8% de TIR y bajando.
* Renta variable prácticamente en máximos históricos.
* Oro en máximos históricos.
* BTC en máximos históricos.
* Tasa libre de riesgo en dólares de 4,5%.
* Plazos fijos en dólares a 5%.
* ONs rindiendo 6\~9%.
* Soberanos rindiendo 11\~13% y comprimiendo.

Entonces, plazo fijo a 45% TNA precancelable sin costo? Es excelente. Yo empezaría a buscar a ver si no tengo cosas en mi casa para vender y poner más ahí.",elrond_lariel,merval,9,2025-06-11 17:50:21,t3_1l8s952,t3_1l8s952,comment
mx95tlf,"A ver, entiendo que sería algo muy similar a comprar una letra con vencimiento de 1 año. Mala opción no es, considerando la gran tasa que es y viendo que es precancelable. Lo que te puede jugar en contra es una suba fuerte del dolar o de nuevo una gran suba de las tasas (que seguro estarían acompañadas de inflación en ese caso). De todas maneras no me parecen cosas TAN malas para esto que estás planteando, yo lo haría, queda en vos saber que porcentaje de tu potafolio usar para esto. Fijate y contanos como te va!",Oscipuccio,merval,3,2025-06-11 16:28:33,t3_1l8s952,t3_1l8s952,comment
mwvf9l3,los pasas a un broker y elegis el activo en el que queres invertir. eso si...pequeno consejo por una macana que cometi yo...no pases muchos USD de una o te congelan la cuenta y te piden justificativo.,[deleted],merval,4,2025-06-09 15:08:03,t3_1l7br1n,t3_1l7br1n,comment
mwxuoid,"Te referís a como poder invertirlos o a en que invertirlos?  
Como invertirlos: te podes abrir una cuenta en cualquier broker y transferis los dolares, incluso galicia tiene su propio broker creo, de todas formas, es mejor usar un broker de los que se dedican a eso, no de los bancos.

En que invertirlos, depende mucho, el S&P500 (o cualquier CEDEAR) puede ser una buena opción a largo plazo, tenes que tener en cuenta los riesgos, hoy hay varias opciones de renta fija que ofrecen buenos rendimientos.   
Con el S&P500, tene cuidado al invertir, hace poco salió un CEDEAR nuevo que replica el S&P por 3, es decir, si sube el indice, este CEDEAR sube x3, pero si baja, tambien baja x3, tenes que tener en cuenta ese riesgo.

(ESTO NO ES NINGUNA RECOMENDACIÓN, SOLO EJEMPLO)",totobuffet,merval,3,2025-06-09 22:33:26,t3_1l7br1n,t3_1l7br1n,comment
mwve7xk,"Que abra cuenta en un Broker (PPI/Balanz), transfiera los dólares y compre SPYD.",szkasin,merval,2,2025-06-09 15:03:12,t3_1l7br1n,t3_1l7br1n,comment
mx523bv,"Que se fije en los FCI, no se el galicia pero el Santander tiene fci en dólares.",SimilarBeautiful2207,merval,1,2025-06-11 00:33:19,t3_1l7br1n,t3_1l7br1n,comment
mwvfqdc,los dolares se pueden pasar de una desde galicia a ppi por ejemplo? o hay que pasar por un intermediario?,Trickstertrick,merval,1,2025-06-09 15:10:12,t1_mwve7xk,t3_1l7br1n,comment
mwvuxje,"No se si te sirve pero yo abri cuenta en galicia por el % que da con plazo fijo, pase 34 y ni pelota. No tendria sentido que te rompan las bolas, creo que incluso ya se pueden depositar 50 palos pesos sin que jodan.",espermatoforo,merval,1,2025-06-09 16:21:26,t1_mwvfj0s,t3_1l7br1n,comment
mwvgt26,"o sea, esos dólares los tiene hace mucho tiempo en el banco. originalmente eran una indemnización de un trabajo que ponía en plazos fijos y en un momento dolarizó (mismo desde el banco)",Trickstertrick,merval,1,2025-06-09 15:15:13,t1_mwvg43p,t3_1l7br1n,comment
mwvryh1,"o sea, para volver a poner los dolares desde por ejemplo ppi al banco, es directo tambien?",Trickstertrick,merval,1,2025-06-09 16:07:24,t1_mwvps9u,t3_1l7br1n,comment
mwk58oo,Una transferencia entre cuentas espejo no necesita factura. En todo caso te podrían llegar a preguntar el origen d los fondos pero con 50 usd nomás.,[deleted],merval,2,2025-06-07 18:59:08,t3_1l53kml,t3_1l53kml,comment
mwdvqvs,"Habian actualizado los limites de reporte a arca, creo que ahora es de 50000000 aca tenes la info [https://www.cronista.com/economia-politica/cambian-las-transferencias-el-nuevo-monto-limite-para-no-tener-problemas-con-el-gobierno/](https://www.cronista.com/economia-politica/cambian-las-transferencias-el-nuevo-monto-limite-para-no-tener-problemas-con-el-gobierno/)",Accomplished_Rip_627,merval,9,2025-06-06 18:10:05,t3_1l537xa,t3_1l537xa,comment
mwlc1e7,"Hasta 50 palos no te deberian joder ahora, si lo hacen podes denunciarlos al bcra o defensa al consumidor igual si tenes todo blanco no pasa nada, yo hace poco menos que saliera la normativa nueva meti unos 5k y pico usd , nadie pregunto nada igual los tenia comprado legal pero los habia sacado cuando gano alberso, tambien pase unos usd desde buenbit sin problemas, si me piden algo que lo dudo los denuncio y listo.",milennium2,merval,1,2025-06-07 23:27:51,t3_1l537xa,t3_1l537xa,comment
mx7r4d0,"Estimado

 

Si tenes el dinero justificado (según tu relato es así) no deberías preocuparte. Las compras de criptoactivos por P2P son un negocio jurídico completamente legal. Seguramente con cada transacción tienes detalle de la misma, un operador contrario documentado, el pago que hiciste y las cripto que se te han acreditado.

 

Si vas a querer tener USD tendrás que vender las cripto por P2P y listo.

 

Naturalmente, si te piden origen de fondos, deberás acreditar (a) que compraste la cripto con fondos blancos y (2) que vendiste las cripto a cambio de los USD.

 

 ",ContadorCarbone,merval,1,2025-06-11 12:28:07,t3_1l537xa,t3_1l537xa,comment
mwe1wsj,"Si te preguntan, como dijiste, podes justificarlo

Ahora....y con toda delicadeza te pregunto...sos boludo? Como se te ocurre meter dólares en el sistema bancario argentino en este contexto? Estas pidiendo que se los fumen",teteban79,merval,-15,2025-06-06 18:43:42,t3_1l537xa,t3_1l537xa,comment
mx7risi,"Esto que señalas no incide en la cuestión que se está consultando. El consultante afirma disponer de fondos lícitos, es decir, que puede acreditar que ha ganado los fondos originales para las compras de cripto de manera documentada (relación de dependencia – trabajo en blanco).

 

Lo que debe acreditar es (a) la compra de cripto y (b) la venta de cripto.

 

Esto, señala, fue realizado vía P2P. Habría que analizar la plataforma en la que se ha realizado la operación y si se puede demostrar el tracking de fondos y activos. No más que eso (y no menos).

 

 ",ContadorCarbone,merval,1,2025-06-11 12:30:04,t1_mwdvqvs,t3_1l537xa,comment
mwv8pmu,saben si a traves de Binance se puede hacer tambien esta operatoria de pasar de USDT a U$S y luego a la caja de ahorro en dolares?,Conscious-Clue9083,merval,1,2025-06-09 14:38:25,t1_mwk6qtw,t3_1l537xa,comment
mwh25zy,"La ley de inocencia fiscal...1) todavía no paso. 2) el gobierno que viene la deroga y anda a llorarle a Gardel

Pero lo que dije no tiene nada que ver con eso. Ustedes quieren meterle dólares al sistema argentino, donde esos dólares les cuenta como reservas al gobierno, ese gobierno que no sabe de dónde sacar dólares para pagar las altas tasas que está dando?

Bueno chicos, metan los dólares nomás. Cuando los quieran sacar y ups, no estén porque se los gastaron en pagar deuda, no me pongan cara de sorpresita

Como se nota los que ni nacieron para el 2001",teteban79,merval,-1,2025-06-07 08:28:19,t1_mwh1q56,t3_1l537xa,comment
mwinnly,"Hay dolar libre con franja y vos flashas 2001 todavia, no son ni parecidas las condiciones.",Treesud,merval,2,2025-06-07 14:08:58,t1_mwh25zy,t3_1l537xa,comment
mwioxyg,"Y ese dólar libre lo ven las empresas?

Y el dólar libre no importa si el gobierno no acumula reservas para pagar lo que tiene que pagar. No sólo no está comprando sino que está vendiendo a futuros.

Después van a venir a poner carita de sorpresa. Igual que la gente puso cara de sorpresa en el 2001, pero en ese entonces no había antecedentes",teteban79,merval,0,2025-06-07 14:15:43,t1_mwinnly,t3_1l537xa,comment
mw6jcjr,"Asumiendo que es una TC emitida en Argentina: Le van a llegar consumos en dólares. 

A ella le conviene pagar esos dólares con los dólares que tiene en su CA USD. Si paga todo con pesos se le va a cobrar a dólar turista (valor del USD precio venta de su banco + impuestos). Si lo paga con USD, puede descontar los impuestos del monto en pesos (ya vienen sumados en el resumen) y le viene el reintegro en el resumen del próximo mes. 

Salvo que ella tenga algún impedimento para pagar los dólares con dólares de su CA USD, vos deberías devolverle suficientes pesos para que reponga los dólares que dice en el resumen que salieron las cosas que te trajo, al tipo de cambio que le de su banco al día de pagar el resumen, o bien transferirle dólares directamente.",herzkolt,merval,1,2025-06-05 15:38:18,t3_1l46oxg,t3_1l46oxg,comment
mw6kzpm,"Debitar? Tarjeta de debito argentina en pesos? Los euros pasan a dolar ( 1.1425 dolares esta el euro) y asumo que toma el dolar oficial + 30%. Segun tengo entendido el impuesto sigue con las compras con tarjeta. Queda en 1560 el dolar tarjeta hoy.   
No les conviene a niguno de los 2.  
Serian 68 dolares  
106.938 pesos.

Tarjeta de credito seria otra cosa: le vienen los dolares en el resumen, compras dolares oficiales a 1200 y le pagas en dolares.  
  
Serian 81600 pesos comprando dolares oficiales a 1200.

Creo que es asi. no se.",phrancisc,merval,1,2025-06-05 15:46:05,t3_1l46oxg,t3_1l46oxg,comment
mw6pp4p,"Dile a tu amiga que compre dolares y pague con su tarjeta en dolares, para eso debe activar en em home banking. sino le tomaran dolar tarjeta que esta mas caro que el oficial.

1 euro= 1.14 usd. Por lo tanto, cuando ella pague con su tarjeta, el procesador de pago hace la conversion automatica de usd a eur.

60 euros son 68.67 usd que deberias darle. Compra dolar y hacele la transferencia a su cuenta en usd",Firm_Translator_8623,merval,1,2025-06-05 16:08:32,t3_1l46oxg,t3_1l46oxg,comment
mw6nb7b,"para pero cuanto le va a venir a la tarjeta, cual es el valor de ese dólar? yo tengo pesos para darle ",Saintpant,merval,1,2025-06-05 15:57:05,t1_mw6jcjr,t3_1l46oxg,comment
mw6r2em,"En la tarjeta cualquier consumo en moneda extranjera aparece en dólares al cambio del momento (por ejemplo, si ayer el euro estaba 1,15 USD y compró algo de 2 euros, le va a llegar un consumo de 2,30 USD.

Ella va a tener dos opciones para pagar la tarjeta:

1. Todo con pesos. Esta es la peor opción porque le cobran a valor USD ""turista"", $1560 aprox.

2. consumos en pesos con pesos y consumos en dólares con dólares. Esta es la mejor opción, pero tiene que tener los dólares en su caja de ahorro USD al momento de hacer el pago. 

Vos lo que podés hacer es pedirle que pague como una persona inteligente (o sea la segunda opción) y transferirle suficientes pesos para cubrir el monto en dólares que le aparece en los consumos de su tarjeta (ella tendría que comprar USD con los pesos que le das para reponer los que gasta con tu compra). Esa sería la mejor opción. O que vos compres USD y transferirle, pero ya con transferencias en USD no la tengo tan clara, entre bancos no debería haber problemas pero si usas alguna cuenta virtual ya no sé.

Si estuvo de viaje imagino que gastó USD no solo para vos sino para cosas propias, va a ser un montón de guita en impuestos si paga todo con sus pesos a cambio ""turista"".",herzkolt,merval,2,2025-06-05 16:15:05,t1_mw6nb7b,t3_1l46oxg,comment
mw6wj9z,"pero entonces haber si entendí, me conviene comprar dolares, masomenos 65 y dárselos y listo? o transferírselos ",Saintpant,merval,0,2025-06-05 16:41:12,t1_mw6r2em,t3_1l46oxg,comment
mw6yx5r,"Sí, o transferirle suficientes pesos para que compre 65 USD (o el monto que le llegue a la tarjeta) al tipo de cambio que le ofrezca su banco el día del pago.",herzkolt,merval,1,2025-06-05 16:52:16,t1_mw6wj9z,t3_1l46oxg,comment
mw76x2r,gracias pero entonxes para resumir le digo que pague consumos èn dolares con dolares para q el valor q le tome sea 1100? y no 1500,Saintpant,merval,2,2025-06-05 17:29:04,t1_mw6yx5r,t3_1l46oxg,comment
mw7hj1g,"1200*, pero sí, debería pagar los consumos en USD con USD y no todo con pesos.",herzkolt,merval,3,2025-06-05 18:20:00,t1_mw76x2r,t3_1l46oxg,comment
mw5tb47,"This, y también se le suma que a muchas personas fuera que no habitúan pagos digitales noté que otras opciones (crypto o demás) se les hacía difícil, en cambio todos tienen alguien que accede a paypal, esa facilidad hace que sea ""preferible"" al momento de cobrar, pero un dolor de cabeza al mover ese dinero",Shrakatog,merval,2,2025-06-05 13:36:23,t1_mw5rkb1,t3_1l41sw0,comment
mwkhn82,Creeria que no porque el dinero queda en Crypto.,Mousedu,merval,2,2025-06-07 20:13:15,t1_mwka4g7,t3_1l41sw0,comment
mvylshp,"Che amigo, mira, desconozco como es el negocio eh! Pero cuidado que hay una eleccion de por medio. El dolar se puede ir a la pija despues de octubre. Si me preguntas, yo no dejaria las cosas en pesos mucho tiempo. Creo que me tengo que ir a 10 años atras para que el dolar no se haya disparado despues de una eleccion.

Cuidado y cautela. Capaz no pasa nada y me alarmo al pedo eh, pero si es plata que tenes pensado usar en el corto plazo Cuidala.",FirmApricot8428,merval,5,2025-06-04 11:51:03,t3_1l363tb,t3_1l363tb,comment
mvyatbn,"Siendo que es hasta los primeros meses del año que viene, y hay elecciones de por medio, yo iria a renta fija. PF no tienen una mala tasa la verdad, mas si la haces efectiva y reinvertis mes a mes con los intereses. 

Otra opción es alguna letra, habria que ver bien si hay alguna cerca de la fecha que necesitas el dinero.

O sino staking de stablecoins, un promedio de un 8% anual en dolares depende la plataforma que uses.

En general iria por renta fija y no variable.",dank-monkl,merval,2,2025-06-04 10:57:22,t3_1l363tb,t3_1l363tb,comment
mvymsiy,"Ese es el miedo que tengo. Por eso por ahi comprar dolares, total si no se dispara tampoco creo que baje",quiste_sacrocoxigeo,merval,1,2025-06-04 11:55:45,t1_mvylshp,t3_1l363tb,comment
mvydt22,"Si claro, renta fija parece lo mejor. Creo que voy a ir por plazo fijo, nunca me meti en el tema de letras y en las stablecoins.",quiste_sacrocoxigeo,merval,2,2025-06-04 11:12:26,t1_mvyatbn,t3_1l363tb,comment
mwc4iyt,Podes buscar algun FCI dolar linked,Rare-Register8573,merval,1,2025-06-06 12:57:42,t1_mvymsiy,t3_1l363tb,comment
mvztgoz,"No vayas por plazo fijo. Hay instrumentos que te pagan rendimientos mejores y sin tener que congelar el dinero. Tambien en dolares. Soy asesor por si queres escribirme, pero sino igualmente no la congeles en plazo fijo!!!",ethstrada,merval,1,2025-06-04 15:15:26,t1_mvydt22,t3_1l363tb,comment
mzj7ngm,"Dolarapp tiene comisiones que no siempre aparecen: por ejemplo te cobran USD 3 cada vez que recibís plata de afuera usando datos de cuenta de EEUU, o para pagos desde EEUU también cobran USD 3. Además el tipo de cambio no siempre es el mejor

Yo uso belo. Abrís una cuenta en dólares gratis desde la app que recibe en USDC (dólar cripto que rinde más que el oficial). Podes cobrar por transferencia ach directo a esa cuenta o vincularla con Payoneer, Wise, Deel, PayPal también. Lo que recibís lo usás directo desde la app para pagar con QR, o lo cambias a pesos y mandás a Mercadopago o a tu banco sin comision.",jess_shilton,merval,3,2025-06-24 13:00:38,t3_1l34z1a,t3_1l34z1a,comment
mvybxly,"Hablo de experiencia propia... Pase pesos a dolarapp, hice conversion a usdc y cuando la use en Steam me tomo los usdc que tenia, ni más ni menos. Tener en cuenta que use la tarjeta global, no local.",Izaike,merval,2,2025-06-04 11:03:02,t3_1l34z1a,t3_1l34z1a,comment
mzjdg7q,"Hola! Cómo estás? Gracias por tú respuesta, mí interés en dólar app es pura y exclusivamente para gastos digitales (jueguitos) y alguna que otra sub de streaming y eso.

Pero mí idea no es traer dólares del exterior sino cambiar pesos a USD en la misma app y pagar con la tarjeta internacional.

La verdad aún no lo probé (pues no surgió nada de mí interés jaja) pero en cuanto lo pruebe editaré el post y comentaré qué pasó.",YoguiB_,merval,2,2025-06-24 13:28:23,t1_mzj7ngm,t3_1l34z1a,comment
mvlurtp,"Esta intresante, pero no tiene lo que yo digo. Por ejemplo, Costo mensual, no sale, cuanto cuesta recibir crypto tampo, etc.",UnArgentoPorElMundo,merval,2,2025-06-02 12:50:22,t1_mvlrqrh,t3_1l1kxbz,comment
mvm76wj,"Si bro se lo que es una google sheet. 

Ahora si quiero buscar una, verga que me voy a acordar la URL. 

Si la haces web podes ponerle publicidad y ganar algo por tu laburo. 

Estamos en merval hace plata ;)",No_Researcher_7875,merval,3,2025-06-02 13:50:00,t1_mvm6juz,t3_1l1kxbz,comment
mvmdauz,"Personalmente creo que Google Sheet, o Airtable es mejor que notion, pero es lo de menos, en el fondo lo importante es saber que datos son interesantes saber. Yo estoy recien llegado a Peronia, asi que no entiendo mucho aun.",UnArgentoPorElMundo,merval,2,2025-06-02 14:18:30,t1_mvmct88,t3_1l1kxbz,comment
mvltqkk,Porque así hacen dinero y es un exceso. Algo razonable es más cercano al 1%. El blue opera  cercano a ese cambio. Las acciones con buenos volúmenes operan con menos del 1%,al_pachini,merval,7,2025-06-02 12:45:27,t3_1l1jppa,t3_1l1jppa,comment
mvlhydb,"Precisan ganar con algo los bancos, ganan con el spread, se aprovechan de que lo más cómodo dónde compras tus dólares los vendes y la incapacidad de abrirte cuenta en dólares en todos los bancos",LiteraturePhysical92,merval,5,2025-06-02 11:48:43,t3_1l1jppa,t3_1l1jppa,comment
mvo0c6n,Uf 50 pesos .. imagínate la cantidad de alfajores que podría comprarme .. en 1995!!,Sacoa,merval,2,2025-06-02 19:02:10,t3_1l1jppa,t3_1l1jppa,comment
mvls86f,4% aprox suele ser mismo en acciones si compras de banco suelen tener esa media.,adry4242,merval,1,2025-06-02 12:38:19,t3_1l1jppa,t3_1l1jppa,comment
mvm7j7q,"Entiendo la logica de “porque pueden”, pero no es una locura que tengan el oligopolio de las liquidaciones de exportaciones por el MULC y los exportadores todavia tengan una brecha del ~4% vs mep todavia en base a eso? 

Porque el [tipo de cambio minorista de referencia](https://www.bcra.gob.ar/PublicacionesEstadisticas/Tipo_de_cambio_minorista_2.asp) del bcra tiene esos 50 pesos de spread de base?",political_username77,merval,1,2025-06-02 13:51:35,t3_1l1jppa,t3_1l1jppa,comment
mvlrxlp,Porque el mercado oficial no se unen todos los agentes y hacer que se puedan comprar y vender entre las personas,pademango,merval,1,2025-06-02 12:36:56,t1_mvlqm8v,t3_1l1jppa,comment
mvgisfo,"Si tenés los dólares, usa prex. Cargas los dólares y listo. Cuando Amazon te cobre te los descuenta.",jonyp5145,merval,2,2025-06-01 15:37:37,t3_1l0o5sr,t3_1l0o5sr,comment
mveoyq5,"No podes, a mi me pasó igual y no hubo caso. Si adelantas el pago no cambia nada tu margen máximo, simplemente vas a tener la totalidad de los 500k disponibles.
Yo hasta probé depositar los dólares totales para pagar ese consumo, pero así tampoco funciona.

Me contacté con Uala para pedirles aumento del margen (eran solo 100k más que necesitaba), y ni bola, te dicen que sube solo automáticamente por uso.

Calcula que ya pasaron 3 meses de eso y sigo con el mismo máximo jaja ",Zenndler,merval,1,2025-06-01 09:59:11,t3_1l0o5sr,t3_1l0o5sr,comment
mvifgnd,En pesos creería que si. Pero dólares solo de cuentas personales.,jonyp5145,merval,1,2025-06-01 21:55:38,t3_1l0o5sr,t3_1l0o5sr,comment
mvie1pj,che y se puede recibir dolares de cuentas que no son personales?,Oxidonitroso88,merval,1,2025-06-01 21:46:50,t1_mvgisfo,t3_1l0o5sr,comment
mvh0sgb,"Sí, como un Mercado Pago, le cargás el dinero y así podés usarlo como tarjeta.",reybrujo,merval,1,2025-06-01 17:09:02,t1_mvgwoos,t3_1l0o5sr,comment
mvp8k3c,"al final pude pagar al mediodía usando PREX.    
Al principio quise pasarme 500mil pesos para comprar parte de los dolares ahi pero el macro no me dejaba (aunque era cuenta a mi nombre no me dejo). Me embolo la atencion telefonica del macro,  asi que me pase los pesos a la uala, compre dolares ahi y de ahi los pase a PREX.    
Del hipotecario me pase unos cuantos dolares a prex sin problemas. Cargue la tarjeta a amazon y al toque me cobraron el importe en dolares. 

No entiendo como la uala no ofrece el servicio de cobrarme en dolares directamente, o de aumentarme el margen de la tc aunque sea para una compra.... eso me parecio malisimo.",Oxidonitroso88,merval,2,2025-06-02 23:16:34,t1_mvp14wk,t3_1l0o5sr,comment
mvuzi6i,"La composición está aca para el que le interese [https://www.invertironline.com/productos/iol-portafolio-potenciado](https://www.invertironline.com/productos/iol-portafolio-potenciado)

Personalmente no me gusta. Es mitad bonos (que esta bien) mitad compañias random mezcla local y extranjera (por que? )

Me parece más coherente comprar un FCI de bonos, un cedear del SPY, y las compañias locales... o no tocarlas, o agarrarlas con algun FCI realmente diversificado en compañias. Yo personalmente para pesos solo tengo FCI de bonos.

Encima las comisiones de este FCI particular parecen un choreo, ojo, 3% por operar dice el FAQ. Salvo que se confundieran y son del administrador y no de suscripción/rescate.",BNeutral,merval,5,2025-06-03 20:31:58,t3_1l2ot2s,t3_1l2ot2s,comment
mvyut54,No confío en las recomendaciones de IOL. Me mandaron un mail con un análisis técnico diciendo que muy seguramente la acción de sociedad del plata iba a llegar a 190 y algo hace como una semana. Ahora está a menos de 150 pesos...,Environmental-Ad1346,merval,3,2025-06-04 12:33:46,t3_1l2ot2s,t3_1l2ot2s,comment
mvvaw3h,"Los fondos de un mismo tipo son todos virtualmente iguales, la pregunta debería ser sobre los fondos de renta variable en general, no sobre este de IOL en particular. La respuesta va a depender de cómo se adecúa tu caso a invertir en acciones locales.

EDIT: no es de renta variable, es de renta mixta. Lo mismo. Aunque si no entendés el tipo de fondo, diría que no entendés el activo, entonces no inviertas (nunca inviertas en activos que no entendés completamente, es la receta para perder plata).",elrond_lariel,merval,2,2025-06-03 21:37:54,t3_1l2ot2s,t3_1l2ot2s,comment
mvvceio,"IOL es pesimo... hace un par de semanas atrás manijeaban a COME.... si manijean esa basura, ya te podes dar una idea del nivel que tienen.

Ademas, la plataforma se clava; se pasan la pelota entre ellos y Byma... son muy malos, definitivamente. Además, manijear renta variable en un contexto global de alta volatilidad... me parece demasiado.",Creepy_Spread_2074,merval,2,2025-06-03 21:46:50,t3_1l2ot2s,t3_1l2ot2s,comment
mw4o451,"Le voy a meter un poco, así dejo los pesos y no pienso mucho, ja.",Bruchentko,merval,2,2025-06-05 10:12:10,t3_1l2ot2s,t3_1l2ot2s,comment
mvuzt66,"Con dolar barato, ni en pedo hagan eso.",armonicoenfuga,merval,2,2025-06-03 20:33:39,t3_1l2ot2s,t3_1l2ot2s,comment
mw4y24d,"""Es mitad bonos (que esta bien) mitad compañias random mezcla local y extranjera (por que? )""

Lo que noto de ellos es que buscan simplificar todo. Así que te arman una cartera general para todo uso. Es como para que pusieras todo en este fondo y en nada más. Apuntan a 'invertir en un solo click'. De su misma web.

""Son paquetes de inversión, armados por nuestro equipo experto y en los que podés invertir en pesos con un solo click.""

""Dólar MEP al instante, sin parking. Es la nueva manera de invertir en IOL invertironline. ¡Sí, un click!""",Real_Barracuda_6851,merval,3,2025-06-05 11:06:03,t1_mvuzi6i,t3_1l2ot2s,comment
mw7j89g,"Si, es el negocio del impuesto al boludo para mi. No soy muy partidario, pero entiendo que es bastante rentable.",BNeutral,merval,2,2025-06-05 18:28:34,t1_mw4y24d,t3_1l2ot2s,comment
mvvygnt,"Me gusta más Portfolio Personal Inversiones, los veo mucho más serios y son resolutores. Por ejemplo, cuando hay alta demanda de activos, la plataforma colapsa; llamas y preguntas por qué no tienen un sistema escalable, y ellos te dicen que el problema es de Byma, pero no es así, porque otras plataformas funcionan y dan los precios correctamente y con normalidad. Ellos son el problema.

Mi experiencia con ellos es de malos, para abajo; pero averigua con otras personas tambien porque capaz q sólo me pasa a mi. Por oposicion, en PPI son todo lo opuesto.",Creepy_Spread_2074,merval,1,2025-06-03 23:59:18,t1_mvvx1xg,t3_1l2ot2s,comment
