id,title,text,author,subreddit,score,upvote_ratio,num_comments,created_utc,url,permalink,is_self,type
1niz58j,"Gana Boca, gana... el Merval(?)",,H3rnst,merval,282,0.98,33,2025-09-16 21:52:29,https://i.redd.it/cwf70f6nhmpf1.jpeg,/r/merval/comments/1niz58j/gana_boca_gana_el_merval/,False,post
1nkilwz,Hoy el BCRA vendio 379 millones de dolares,[https://x.com/BancoCentral\_AR/status/1968764942611353907/photo/1](https://x.com/BancoCentral_AR/status/1968764942611353907/photo/1),Familiar9709,merval,256,0.94,73,2025-09-18 16:58:24,https://i.redd.it/6e0n0g93bzpf1.png,/r/merval/comments/1nkilwz/hoy_el_bcra_vendio_379_millones_de_dolares/,False,post
1ndnevd,"IPC Agosto: 1,9% (2025)",,arithmetic_mean,merval,211,0.97,143,2025-09-10 16:11:01,https://i.redd.it/m18ehajdzdof1.jpeg,/r/merval/comments/1ndnevd/ipc_agosto_19_2025/,False,post
1nldeq2,Informe monetario diario BCRA: hoy vendio 678 millones de dolares,[https://x.com/BancoCentral\_AR/status/1969124419898425805](https://x.com/BancoCentral_AR/status/1969124419898425805),Familiar9709,merval,206,0.94,36,2025-09-19 16:43:40,https://i.redd.it/o7xsmexdd6qf1.png,/r/merval/comments/1nldeq2/informe_monetario_diario_bcra_hoy_vendio_678/,False,post
1nkgaxi,Update: RIP Acciones Argentinas,"Hola,

No vivo en Argentina pero hace como un mes publique que estaba viendo las siguientes acciones de companias Argentinas:

Pampa, Vista, YPF, GeoPark, Banco Galicia, Banco Macro

Espero que nadie me haya seguido, y mi posición esta abajo approx 15 millones de pesos. 

Ahora entendí a la gente que me aclaraba el riesgo politico

Saludos!

",Dazzling_Finance_759,merval,196,0.92,202,2025-09-18 15:30:43,https://www.reddit.com/r/merval/comments/1nkgaxi/update_rip_acciones_argentinas/,/r/merval/comments/1nkgaxi/update_rip_acciones_argentinas/,True,post
1no8zk9,BCRA 22S Sin Intervención,,baigorria,merval,183,0.92,135,2025-09-23 02:22:53,https://i.redd.it/cypcqe7hnuqf1.jpeg,/r/merval/comments/1no8zk9/bcra_22s_sin_intervención/,False,post
1nbcce7,Adrs argentinos en el pre market,,minderbinder,merval,164,0.99,167,2025-09-07 23:45:47,https://i.redd.it/3bj5vg1gtunf1.jpeg,/r/merval/comments/1nbcce7/adrs_argentinos_en_el_pre_market/,False,post
1nkmhod,Exportadores de servicios: se levanta el límite de 36k USD anuales y bancos no pueden cobrar comisiones por acreditar pagos por expos,"[COMUNICACIÓN “A” 8330](https://www.bcra.gob.ar/Pdfs/comytexord/A8330.pdf)

Para los gordos compu que exportamos servicios, ya no hay límite de cuánto podemos ingresar sin liquidar en pesos y los bancos no pueden cobrar comisiones por acreditar esos pagos, pero sí pueden trasladar costos de entidades intervinientes (supongo que bancos intermediarios).

Están desesperados por dólares.",No-Bodybuilder-4380,merval,139,0.98,182,2025-09-18 19:31:16,https://www.reddit.com/r/merval/comments/1nkmhod/exportadores_de_servicios_se_levanta_el_límite_de/,/r/merval/comments/1nkmhod/exportadores_de_servicios_se_levanta_el_límite_de/,True,post
1n5qs93,Cuál es el riesgo detrás esto?,"¿Cuál es el riesgo detrás de usar esas cuentas?
 
Pienso, dan un gran porcentaje de remuneración en relación a otras inversiones, y en este caso no veo un riesgo posible o inminente, me interesa saber sus opiniones ",NiCercadeCompleto,merval,131,0.95,120,2025-09-01 11:51:23,https://i.redd.it/vb2fgrnugkmf1.jpeg,/r/merval/comments/1n5qs93/cuál_es_el_riesgo_detrás_esto/,False,post
1nk8ahv,Balanz: ¿En problemas?,"Por ser una de los brokers preferidos del sub, y uno de los que uso... Pregunto: ¿Esto es para preocuparse? ¿Hay que verlo en contexto por ejemplo con las pérdidas de los bancos en el primer semestre? O lo que sea que puedan interpretar, o aportar, se agradece. Si es hora de poner los huevos en otra canasta, me sería útil también saber.

edit: la fuente https://aif2.cnv.gov.ar/Presentations/publicview/E5548F54-41A6-4E77-BAB4-794CA247990B",tyu_el22,merval,124,0.94,204,2025-09-18 10:27:53,https://i.redd.it/chugqn8gdxpf1.png,/r/merval/comments/1nk8ahv/balanz_en_problemas/,False,post
1nrd0i3,Principales variables BCRA 26/09,"FUENTE: https://x.com/BancoCentral_AR/status/1971662679329984876

Aumentan las reservas brutas del BCRA en +1889 millones de dolares.

El Tesoro habría comprado entre ayer y hoy 2200 millones de dolares.

Mejoran mucho los perfiles de pago, el lunes seguramente el riesgo pais baje mas todavia.",DrakoXMusic1,merval,120,0.94,57,2025-09-26 18:05:57,https://i.redd.it/9iksvxxhpkrf1.jpeg,/r/merval/comments/1nrd0i3/principales_variables_bcra_2609/,False,post
1nq8k2c,"Tengo un ahorro de $1.000.000 por mes, que harías?","Tengo 30 años trabajo en logistica, vivo con mi novia que tambien trabaja y después de gastos fijos (alquiler, comida, servicios) nos esta quedando un excedente de $1.000.000 aprox por mes, estábamos comprando dolares pensando en construir nuestra casa propia el año que viene pero tengo la sensación de que quizá puedo hacer rendir más ese ahorro, ustedes que haria? Comprar btc? Plazo fijo? Seguir en usd? Gracias! ",Metethiell,merval,85,0.86,37,2025-09-25 11:39:28,https://www.reddit.com/r/merval/comments/1nq8k2c/tengo_un_ahorro_de_1000000_por_mes_que_harías/,/r/merval/comments/1nq8k2c/tengo_un_ahorro_de_1000000_por_mes_que_harías/,True,post
1nqiitv,Principales Variables BCRA,,DrakoXMusic1,merval,86,0.92,26,2025-09-25 18:01:15,https://i.redd.it/bzzsiw8okdrf1.jpeg,/r/merval/comments/1nqiitv/principales_variables_bcra/,False,post
1nn4lcn,Riesgo de inflación que nadie ve?,"estoy viendo que mucha gente habla de que estamos apuntando a la dolarización endógena, y honestamente tengo mis dudas... Voy por partes, dijo Jack:

1. si el oficialismo fomenta la compra de dólares y empieza a potenciar el discurso de la dolarización, va a provocar directa e indirectamente que nadie quiera pesos... se acentúa la depreciación del Peso.

2. Por otro lado, el mismo proceso de huida del Peso puede originar una escalada de inflación, que es lo que este gobierno tanto teme: lo digo por las elecciones y porque también es su indicador de bandera. Básicamente, la escalada de desconfianza aumenta la velocidad de circulación y directamente el valor del los productos en pesos.

3. Ahora, por otro lado, está el tema de que no hay ningún registro a nivel mundial de dolarización endógena... los países que han dolarizado su economía lo han hecho por ley y de forma ordenada y relativamente planificada. En un país como el nuestro donde +80% de transacciones son en pesos, necesitás marcos legales y también dólares físicos/digitales suficientes... no tenerlos, genera un cuello de bnotella. A lo que voy es que sin un marco regulatorio, esto lleva si o si a caos y posiblemente a hiperinflación (punto 2)

4. Por último: pasivos remunerados... no se cual es el número exacto actual, pero tomando de referencia esta nota en Infobae (https://www.infobae.com/economia/2025/09/11/tasas-en-baja-como-quedo-el-esquema-monetario-del-gobierno-tras-la-derrota-electoral-en-buenos-aires) tenemos aprox 4-5 billones de pesos en pasivos del BCRA. Para dolarizar, el central tiene que canjear esos pesos... a un tipo de cambio de 1500, da aprox (números burdos) 3000 millones de dolares. ¿Pero dan las reservas netas para eso? Si no da, eso apuntaría a una devaluación importante...  
¿Y si vamos por la dolarización endógena y el central no paga los pasivos? Vamos a licuación de ahorristas por inflación, que destruye los ahorros.

——

Escucho opiniones!! Y, **POR FAVOR,** no me vengan con los K, los kukas y que se yo.... este post no es crítica política; es tratar de entender la situación actual.",AccountantPuzzled844,merval,79,0.77,202,2025-09-21 18:43:21,https://www.reddit.com/r/merval/comments/1nn4lcn/riesgo_de_inflación_que_nadie_ve/,/r/merval/comments/1nn4lcn/riesgo_de_inflación_que_nadie_ve/,True,post
1nkzzv4,En que invertir o como ahorrar para comprar una casa en Argentina?,"Tengo 20 años y trabajo por 800.000 pesos al mes (+horas extras pero es variable) sé que no es mucho pero es mi primer trabajo estable. 

Quisiera saber que ir haciendo para juntar para una casa, la zona que me gustaria seria Ciudadela en Bs. As.

He visto por ahi que algunas casa (asi por encima lo vi asi que quiza me equivoco o no es tan asi) que estan entre 30k usd a 50k usd. Yo quiero algo normalito la verdad, no soy nada ostentoso y sé lo limitado que estoy por mi sueldo.

En cuanto el tiempo, si tengo que esperar mucho espero mucho. Sé que nunca conseguire algo en 5 o incluso 7 años quiza.",That-Huckleberry2339,merval,80,0.97,24,2025-09-19 07:33:34,https://www.reddit.com/r/merval/comments/1nkzzv4/en_que_invertir_o_como_ahorrar_para_comprar_una/,/r/merval/comments/1nkzzv4/en_que_invertir_o_como_ahorrar_para_comprar_una/,True,post
1nnyhg3,"Cierre: S&P Merval: +7,55%en pesos, en USD +16,79%. Bonos en Dólares +17,05. ADRs +14,75%. CCL -7,91%. Dólar MEP -7,96%. Dólar Futuro -6,21%",,Still_Lemon_5598,merval,77,0.92,47,2025-09-22 18:01:22,https://i.redd.it/v7ml21yo5sqf1.jpeg,/r/merval/comments/1nnyhg3/cierre_sp_merval_755en_pesos_en_usd_1679_bonos_en/,False,post
1nr662i,"Ref.: Circular CAMEX 1-1056 Exterior y Cambios. Adecuaciones.
Emitida el 26/09/2025 y publicada en Boletín Oficial Nro: 0 de fecha",[https://www.bcra.gob.ar/Pdfs/comytexord/A8336.pdf](https://www.bcra.gob.ar/Pdfs/comytexord/A8336.pdf),Mindless_Tomorrow_45,merval,70,0.93,270,2025-09-26 13:37:39,https://i.redd.it/1dnztr4iejrf1.jpeg,/r/merval/comments/1nr662i/ref_circular_camex_11056_exterior_y_cambios/,False,post
1nknep3,Balanz no es el único broker con caída de patrimonio neto importante: EcoValores perdió 30.19% y Nápoli Inversiones perdió 53%,"Estos datos son resultados al 30/6, es decir que no incluyen la caída desde las elecciones de PBA hasta hoy. Balanz tampoco informó **cuánto** perdió, sólo comunicó que perdió más del 15% que es lo que debe hacer por ley",WesternCivHasGotToGo,merval,62,0.98,51,2025-09-18 20:11:19,https://www.reddit.com/gallery/1nknep3,/r/merval/comments/1nknep3/balanz_no_es_el_único_broker_con_caída_de/,False,post
1nif7h5,Tengo un mal score? Tiene alguna utilidad considerable?,"***EDIT: La pagina para ver el score se llama Tirr (que increible la cantidad de comentarios y gente escribiendome al privado. Literalmente dije el nombre de la pag en la 3era linea de este post)*** 

  
Buenas tardes, espero esten bien.

Tengo un poco de tiempo lurkeando este sub, por supuesto con el interes de aprender y tomar buenas decisiones economicas, y hace poco vi un post donde mencionaban esta pagina Tirr donde se ve tu score crediticio (encima al mismo tiempo me entere por la pagina del BCRA que supuestamente le debo a mi banco 170k, que son esos 170k de saldo vigente que aparecen en la captura cosa que no tiene sentido, siempre pago todo al max, ya llamare mas tarde a ver que onda)

**Fui contento a revisar creyendo que iban a ser re buenos numeros, porque siempre escuche que lo unico que habia que hacer era tener tarjeta de credito, y pagar todo. Pero, no me gusto mucho lo que vi. Pero la verdad es que no se. Queria consultar con gente experimentada**  
**-Que tan malo es?**

**-Que tan facil es remontar? Vale la pena remontar o me estoy ahogando en un vaso de agua?**

Un poco de contexto es que soy venezolano, tengo 29 años, vivo en Arg desde finales de 2017.

Estuve en 2 trabajos largos en relacion de dependencia hasta finales de 2022, luego estuve 1año y medio y en negro, y ahora estoy en monotributo desde hace año y medio .

Tuve tarjeta de credito desde 2018 y siempre las use bocha, siempre pagando monto completo. Solo una vez me paso que se me juntaron 2 resumenes, e igual los pague completos.  Lo que si es que muchas veces no pagaba antes del vencimiento. (por ej. si vencia el 20, normalmente las pagaba durante la semana, antes deque finalizara el mes)

Nunca saque prestamos de nada, ni de mercadopago. A mi nombre tengo solo una moto que pague al contado.

Gracias de antemano por leerme.",FluteMontenegro,merval,64,0.81,130,2025-09-16 08:48:11,https://i.redd.it/eju1ghhnjipf1.png,/r/merval/comments/1nif7h5/tengo_un_mal_score_tiene_alguna_utilidad/,False,post
1nbqmct,Que hago con mis ahorros de toda la vida en CEDEARS de Galicia?,"Hola,

Hace unos años empecé a invertir comprando CEDEARS via Galicia que es donde cobro el sueldo. Mi horizonte de inversión es a muy largo plazo (Jubilación, casa en varios años, etc.). Tengo 62% SPY, 24% QQQ, 7% VEA y 7% BRKB.

El tema es que Galicia no me venía cobrando ninguna comisión por la tenencia y ahora me empezaron a cobrar 0,045% + IVA (0,5% anualizado me da) lo que son como 20mil por mes. Además de esto entiendo que la comisión en la compra en Galicia tampoco es la más baja con 1,1% + IVA.

Del banco me comunicaron que el cobro por tenencia no es bonificable y que puedo hacer la transferencia de todos mis títulos desde el homebanking y no tiene costo alguno.

Ahora la pregunta, porque estuve buscando y leyendo es si me conviene pasar todo a algún broker o que hacer. Aún no tengo cuenta con ninguno ni nunca usé un broker. Que me recomiendan que haga? Cuanto más bajas van a ser las comisiones y gastos con un broker? Que broker me recomiendan?",grdj,merval,59,0.98,52,2025-09-08 12:21:06,https://www.reddit.com/r/merval/comments/1nbqmct/que_hago_con_mis_ahorros_de_toda_la_vida_en/,/r/merval/comments/1nbqmct/que_hago_con_mis_ahorros_de_toda_la_vida_en/,True,post
1nbpj45,Baja de acciones argentinas,"Nadie tiene bola de cristal, pero acá estamos para intercambiar opiniones y estimaciones a nivel personal.

Debido a la baja de la acciones argentinas, lo consideran como una opción comprar estas acciones? Si fueran del exterior tener una baja considerable es signo de compra. Pero al ser Argentina, bien puede ser que no se recuperen más, 🤷",natiAV,merval,54,0.96,140,2025-09-08 11:40:19,https://www.reddit.com/r/merval/comments/1nbpj45/baja_de_acciones_argentinas/,/r/merval/comments/1nbpj45/baja_de_acciones_argentinas/,True,post
1nohivv,"Novedad en IOL, ver valores","https://preview.redd.it/t1lxd1yu2xqf1.png?width=757&format=png&auto=webp&s=926f357d0f995161113e2811c9c1493f20ba211a

Por fin se puede ver los valores de los cedears y demas en distintos valores, mep, ccl, pesos",SanguchitoDeMiga1,merval,52,1.0,26,2025-09-23 10:33:22,https://www.reddit.com/r/merval/comments/1nohivv/novedad_en_iol_ver_valores/,/r/merval/comments/1nohivv/novedad_en_iol_ver_valores/,True,post
1n9hq15,Indice MervaI - Usted está aquí previo a Ias eIecciones,"[Indice MervaI previo a eIecciones](https://preview.redd.it/7hw633hutenf1.jpg?width=814&format=pjpg&auto=webp&s=e6e811102d1946913b5e41e86ebd17ebc232a0ae)

Dicho eI títuIo, quiero IeerIos cuaI es eI sentimiento que cada uno tiene, si Ia cotización vueIve a Ia media o creen que retomamos sentido aIcista. Les escribe aIguien que en este contexto está 0% invertido acá.

Repaso de situación actuaI: Baja de depósitos en dóIares, baja de actividad económica (sí, saIvo patentamientos de vehícuIos y de inmuebIes, Ia gente dejó de comer para comprar bienes registrabIes), toma de deuda nueva que ahora ya bIanquearon que Ia usan en contra de Io que exige eI FMI para bajar eI precio deI dóIar. Reservas netas deI BCRA negativas, tasas aItisimas para contener eI dóIar, eI estado se vendió hasta Ias peIotas en contratos de futuros. Si esto saIe maI y no contienen aI dóIar Ia espiraIización puede ser enorme: Más pesos para pagar más tasas, más pesos para comprar USD para pagar deuda, más pesos pagar Ios contratos de futuros porque Ies saIió maI Ia apuesta, en un contexto en eI que vienen pagando más intereses de deuda que jubiIaciones. Si aparecen más pesos para pagar Ia apuesta y ya no podes controIar eI tipo de cambio interviniendo eI mercado Ies va a correr eI arco de nuevo.

https://preview.redd.it/ekoww2hrzenf1.png?width=513&format=png&auto=webp&s=df8c14e9b069ab6a6b9467628b9d07a3f80a444f

EI tipo de cambio muItiIateraI está en niveIes peores que Ios que recibió eI gobierno actuaI (y Ies recuerdo que acto seguido a recibir este tc devaIuaron más de 100% en un día). Con un día después a un experimento faIIido (no ganar o no perder por mucho este domingo Ias eIecciones) no sería raro una suba de tipo de cambio (por dejar de intervenir nomas) después de octubre o por ahí (y echarIe Ia cuIpa a Ia oposición con eI argumento ""riesgo kuka"" como vienen usando), con una posterior suba de infIación, y si tienen que emitir para cumpIir con Ias obIigaciones de Ia apuesta de Caputo adivinen que va a pasar con eI dóIar? Mas emisión para redobIar Ia apuesta?

[EI mercado ya Ia vio...](https://preview.redd.it/83fi7etvzenf1.png?width=503&format=png&auto=webp&s=37251e4774df75fd922ebd1ad8437acb387c85d0)

Hay que recordar que cuando tocó eI piso de Ia banda en 1100 pesos no compraron dóIares, ahora eI dóIar IIegando a 1400 y no tienen dóIares para vender para bajar Ia cotización ¿De qué se van a disfrazar?

En eI medio, eI caso deI 3% de coima para Karina afecta también a quien creía que eran honestos y Io de Ia cripto había sido mentira, van a pensar que ambas situaciones son corrupción y estafa. Pensar que si Karina va presa sea en Argentina o EEUU (no tiene fueros), hay que ver como sigue todo.

Repasito técnico de números: De un IMV de USD 1430 aI promedio (Iinea azuI aproximadamente debajo de USD 1.000) es una baja de 30%, sóIo para voIver a ese promedio. Recuerden que en pandemia IIegamos a USD 250, es decir, deI promedio aI que Ie faIta un 30% de baja bajar a una cuarta parte de eso. EI indice mervaI es un Iugar que sabe tener euforia (USD 2430), pero también sabe IIegar a Ios subsueIos más inesperados.

Ustedes ¿Cómo Ia ven? 

https://preview.redd.it/m58tm9gg1fnf1.png?width=653&format=png&auto=webp&s=ace01e5fae777592e8ce6bc445e9f2d3bd8e4e72

",armonicoenfuga,merval,1,0.5,127,2025-09-05 18:33:27,https://www.reddit.com/r/merval/comments/1n9hq15/indice_mervai_usted_está_aquí_previo_a_ias/,/r/merval/comments/1n9hq15/indice_mervai_usted_está_aquí_previo_a_ias/,True,post
1nmz7ep,Problemas de una economía dolarizada y te explico el modelo IS-LM-PC con dibujitos,"!ACLARACION! 
El modelo IS-LM-PC es un modelo viejo, que no cumple con las cosas que un modelo para formar política monetaria deberia tener en la actualidad (estar microfundado, es decir que las ecuaciones nazcan de una optimizacion de utilidad, por ejemplo).

No desarollo algo mas complicado porque los DSGE son exponencialmente mas dificiles y tengo que explicar todo el fundamento detras... no tengo ganas y esto sirve para dar una vision general (muy limitada)

* IMAGEN 1

Hay dos graficos, el primero (que es interes vs produccion, r vs Y) contiene la curva IS (naranja) y la LM (azul).

La curva IS es el equilibrio en el mercado de bienes.

IS tiene la forma Y = C + G + I
Donde Y es la produccion, C el consumo, G el gasto publico e I la inversion

La curva LM es el equilibrio en el mercado de dinero, para hacerla facil vamos a suponer que depende solo de la tasa de interes.

LM tiene la forma r = r* solo se determina por la tasa de interes, en nuestro ejemplo facil.

en el segundo grafico (que es cambio en inflacion vs produccion, Δπ vs Y) esta la curva PC que es la relación entre el desempleo y la inflacion.

La curva PC tiene la forma π = πe - k(u-un)
Donde π es la inflacion, πe la inflacion esperada, u el desempleo y un el desempleo natural.

edit: Me olvide aclarar que la curva PC termina escrita en términos de Y por la ley de Okum

* IMAGEN 2

Un shock de oferta puede ser el aumento de un commoditie (como el crudo) o una sequía fuerte.

La produccion potencial es el punto donde la inflación no varia y el desempleo es natural.

Y'n es el nuevo potencial que resulta del shock, puede volver al original si pasa el tiempo.

* IMAGEN 4

Si la economia no esta dolarizada el banco central puede dictar politica monetaria, moviendo la curva LM (cambiando la tasa de interes) para amortiguar la perdida en la produccion.

* IMAGEN 5

Si la economía esta dolarizada el banco central no puede dictar política monetaria, solamente le queda la fiscal (que no es muy efectiva) y termina comiéndose de lleno el shock.",DrakoXMusic1,merval,0,0.45,93,2025-09-21 15:13:47,https://www.reddit.com/gallery/1nmz7ep,/r/merval/comments/1nmz7ep/problemas_de_una_economía_dolarizada_y_te_explico/,False,post
1nn0ob2,El BCRA está quemando reservas a morir. Algún riesgo para los depósitos en dólares?,"Eso. Tengo dólares en el banco y con las últimas noticias se me empieza a despertar en el inconsciente el fantasma del corralito. 

Hay algún riesgo real para los depósitos en dólares? O me estoy persiguiendo al pedo?",lucasf26,merval,0,0.45,110,2025-09-21 16:09:18,https://www.reddit.com/r/merval/comments/1nn0ob2/el_bcra_está_quemando_reservas_a_morir_algún/,/r/merval/comments/1nn0ob2/el_bcra_está_quemando_reservas_a_morir_algún/,True,post
1nc5fe1,¿Esta sobrevalorado el sueño de la casa propia?,"Como estan mervaleros?

Viendo los resultados de ayer, la suba del riesgo país, las tasas, y la ""vuelta"" del PLP en redes sociales, me surgió la duda de si es una buena inversión comprar la casa propia en Argentina o es mejor seguir alquilando. Por eso intente pasar ese pensamiento a un Excel.

Me encontre con [esta ](https://www.estadisticaciudad.gob.ar/eyc/?p=157955)página de estadísticas de CABA donde encontramos el precio del metro cuadrado trimestre a trimestre. Y desde ahí compare, que hubiera pasado si en 2017 tenía $100.000 dólares para comprar una propiedad, cuanto tendría hoy de capital y cual fue el costo de oportunidad comparado con activos financieros y la inflación de EEUU. Aca estan los datos

https://preview.redd.it/vhc40pi7g1of1.png?width=685&format=png&auto=webp&s=c4e7ad20bd715094e6b91c96941fa9176f90a6cd

Básicamente, la compra de una propiedad en CABA de $100.000 dólares en 2017, hipotéticamente, haría que pierda capital por $1.200 dólares nominalmente en 8 años. Fue una mala inversión incluso comparada con el efectivo, ni hablar comparado con otros activos (lo de BTC una locura jaja). Si tenemos en cuenta el ahorro de alquiler (3% anual calcule yo, es decir $3000 dólares x 8 años = $24.000 dólares. Le sumo esos 24 a los 98 que vale a hoy) la cosa cambia un poco, pero sigue siendo una mala inversión comparada con los bonos estadounidenses que se considera el activo más seguro del planeta (algo que un inmueble en la volátil Argentina esta lejor de ser seguro).

A esto se le suma la enorme desventaja de la falta de liquidez. En caso que te echen del laburo, y tus ahorros sea la propiedad donde vivis, toca endeudarte, en cambio, si tus ahorros son bonos americanos, vendes un porcentaje hasta encontrar un nuevo trabajo.

Tampoco veo que el metro cuadrado suba de aca a unos años, la clase media alta que es la que tiene poder de compra para un inmueble, esta emigrando en buena medida (2 millones de argentinos se fueron desde 2013), el crédito hipotecario duró unos pocos meses del año pasado y ya esta desapareciendo de vuelta, y la crisis demográfrica hará que quede muchos inmuebles vacíos en algunos años.

¿Que opinan ustedes?

Abrazo!",MartinSLArg,merval,45,0.63,341,2025-09-08 22:03:05,https://www.reddit.com/r/merval/comments/1nc5fe1/esta_sobrevalorado_el_sueño_de_la_casa_propia/,/r/merval/comments/1nc5fe1/esta_sobrevalorado_el_sueño_de_la_casa_propia/,True,post
1nqfxcl,Porque las propiedades como casas o departamentos antes eran bienes de consumo pero ahora son bienes de valor?,"Antes (ponele que decada de los 50 o 60), una casa era considerada principalmente un bien de consumo. Un lugar para vivir, un producto mas como un auto para familias. Su valor estaba asociado al uso.

Hoy dia tenes especulacion por que la gente lo ve como bien de valor o de inversión. Y entramos en un ciclo vicioso.

Eso causa que dejen dedesarrollarse y renovarse las propiedades y crea crisis de todo tipo. No por nada existe el meme ""mi abuelo compro la casa con dos mangos, yo con los dos huevos""

Que mierda paso? 


Edit: Dejen de tratarme de zurdo. Manga de timberos...",gustavo337,merval,9,0.59,45,2025-09-25 16:20:19,https://www.reddit.com/r/merval/comments/1nqfxcl/porque_las_propiedades_como_casas_o_departamentos/,/r/merval/comments/1nqfxcl/porque_las_propiedades_como_casas_o_departamentos/,True,post
1npkitb,Hay un problema de puntas en el mercado del dolar?,"Basicamente lo que noto es que por ejemplo tenes el mayorista que compra a digamos 1330 y vende a 1370, bancos que venden a 1380-1400, mep en otro valor…

Porque no existe un mercado unico super liquido donde haya puntas super acotadas para conseguir el mejor precio para ambas partes?",pademango,merval,0,0.47,51,2025-09-24 15:49:21,https://www.reddit.com/r/merval/comments/1npkitb/hay_un_problema_de_puntas_en_el_mercado_del_dolar/,/r/merval/comments/1npkitb/hay_un_problema_de_puntas_en_el_mercado_del_dolar/,True,post
1nlb5rc,¿Qué opinan de hacer carry trade hasta después de las elecciones de octubre?,"Estoy evaluando hacer un carry trade hasta que pasen las elecciones de octubre. La idea sería aprovechar mientras tanto, con la expectativa de que gane LLA y que el dólar no solo no se dispare, sino que incluso pueda volver a la zona de 1250–1400. En ese escenario, tendría margen para comprar más abajo.

¿Qué opinan? ¿Lo ven demasiado riesgoso por la incertidumbre política o creen que puede ser una jugada válida en este contexto?",NachoGaribaldi,merval,13,0.63,245,2025-09-19 15:17:23,https://www.reddit.com/r/merval/comments/1nlb5rc/qué_opinan_de_hacer_carry_trade_hasta_después_de/,/r/merval/comments/1nlb5rc/qué_opinan_de_hacer_carry_trade_hasta_después_de/,True,post
1npp0sh,Demasiados threads de Dólares,Yo sé que el comercio internacional es en esta moneda pero este sub no es acerca de inversiones? Todo el tiempo es precio compro vendo etc es muy repetitivo.,Eatzebugs,merval,14,0.64,14,2025-09-24 18:45:17,https://www.reddit.com/r/merval/comments/1npp0sh/demasiados_threads_de_dólares/,/r/merval/comments/1npp0sh/demasiados_threads_de_dólares/,True,post
1nmu0nm,¿Cuántos pesos hay para comprar dólares?,"No sé si hablaron de esto. Escuché una teoría de que en algún momento no habrá suficiente pesos para comprar dólares, y por ende el precio del dolar llegará a un límite. 

Es más, vi algunos muy atrevidos vendiendo dolares a $1.500 o más, para luego con esos pesos comprar dólares cuando baje. Arriesgado, sí. 
¿Tiene lógica? ",Deeper5,merval,16,0.65,111,2025-09-21 11:52:28,https://www.reddit.com/r/merval/comments/1nmu0nm/cuántos_pesos_hay_para_comprar_dólares/,/r/merval/comments/1nmu0nm/cuántos_pesos_hay_para_comprar_dólares/,True,post
1nl9sy3,Que opinan del dolar?,"https://preview.redd.it/j9t3o8ono5qf1.png?width=1282&format=png&auto=webp&s=f730091c2f61d67ad2f6204c11dc2a40e77f3220

Hola gente como estan? Quería consultarles como ven el tema del dolar actualmente, consideran que es por la devaluación real, sobreprecio por especulación para protegerse en las elecciones, ambas?  
Compro? espero? que recomiendan o que medidas estan tomando?  
No es nuevo que dolar este por 1500, pero quería buscar opiones de gente que sepa más que yo  
",noodle-engineer,merval,0,0.4,33,2025-09-19 14:26:28,https://www.reddit.com/r/merval/comments/1nl9sy3/que_opinan_del_dolar/,/r/merval/comments/1nl9sy3/que_opinan_del_dolar/,True,post
1nljqlf,Ustedes creen que se viene una dolarizacion enodgena?,"Y si el plan es dejar subir el tipo de cambio para después con un par de operaciones absorber todos los pesos (mientras más alto el tipo de cambio más fácil lograrlo)
Y forzar una dolarizacion enodgena?.
El comunicado reciente de que los Freelancer pueden traer libremente USD de sus cobros sin estar obligados a liquidar será un mensaje oculto de lo que viene ?
O creen que no tiene sentido y es imposible?",No-Asparagus-592,merval,0,0.39,69,2025-09-19 21:11:05,https://www.reddit.com/r/merval/comments/1nljqlf/ustedes_creen_que_se_viene_una_dolarizacion/,/r/merval/comments/1nljqlf/ustedes_creen_que_se_viene_una_dolarizacion/,True,post
1nlhbm7,Comprar criptomonedas,"Me interesa mucho este mundo de las criptomonedas, sobre todo monero ya que a diferencia de las mas grandes como bitcoin o Ethereum, que se usan mas de forma especulativa, monero parece ser unas de las pocas que tiene un uso real, ya que las transacciones son completamente anonimas, por lo que hace que dentro de todo sea las mas usable en terminos reales.

Pienso invertir a largo plazo unos 200 usd, ¿Es mejor hacerlo mediante metodos p2p, o mediante un exchange? ¿Los exchange estan sujetos al pago de impuestos a las ganancias o por las compras de las mismas criptomonedas aun en montos tan bajos? ",tururururur134,merval,0,0.4,22,2025-09-19 19:24:17,https://www.reddit.com/r/merval/comments/1nlhbm7/comprar_criptomonedas/,/r/merval/comments/1nlhbm7/comprar_criptomonedas/,True,post
1nkfbxe,Una Oportunidad Estratégica para la Regularización Fiscal en la Ciudad de Buenos Aires,"

Estimados, en esta oportunidad quisiera dejarles un breve resumen del plan de pagos que ha lanzado la CABA. Me parece importante darlo a conocer para todos aquellos que tengan deudas en ingresos brutos CABA, ya sea que estén en gestión judicial o no. 

La Administración Gubernamental de Ingresos Públicos (AGIP) ha puesto en marcha una nueva moratoria que representa un hito para la gestión de deudas fiscales en la Ciudad de Buenos Aires. Esta iniciativa, que estará en vigor por 90 días a partir del 3 de noviembre, no es solo una medida de recaudación, sino una herramienta estratégica diseñada para ofrecer un alivio tangible a contribuyentes, tanto individuos como empresas, que enfrentan dificultades para ponerse al día con sus obligaciones.

I.- Características Clave y Beneficios Tangibles

El plan de regularización abarca un espectro fiscal amplio, incluyendo la totalidad de los impuestos gestionados por AGIP, y se centra en deudas vencidas hasta el 31 de agosto. Su principal atractivo radica en las significativas facilidades de pago y, sobre todo, en la condonación de intereses y multas. Dependiendo del momento de adhesión, esta reducción puede alcanzar hasta el 100%, lo que convierte a este plan en una oportunidad sin precedentes para eliminar la carga financiera adicional que suponen los recargos.

Además de la condonación, la moratoria ofrece un esquema de financiación excepcionalmente flexible. Los contribuyentes pueden optar por un plan de hasta 48 cuotas, lo que permite distribuir la carga de la deuda en un período de tiempo considerablemente largo. Esta facilidad es particularmente beneficiosa para pequeñas y medianas empresas que necesitan mantener su flujo de caja, y para los ciudadanos que buscan sanear sus finanzas personales sin sacrificar su estabilidad económica.

 

II.- Impacto en Deudas Judicializadas y Consideraciones Legales

Un aspecto crucial y a menudo subestimado de esta moratoria es su alcance sobre las deudas que ya se encuentran en instancias judiciales. La adhesión al plan no solo suspende los procesos legales y la prescripción penal relacionados con la deuda, sino que la cancelación total de la misma extingue cualquier acción legal o criminal derivada de la misma. Esto representa una puerta de salida para aquellos contribuyentes que se encuentran inmersos en litigios costosos y prolongados con la administración fiscal. Para ellos, esta moratoria es una vía eficiente para resolver definitivamente su situación legal y financiera.

III.- Análisis del Contexto y Recomendaciones de Adhesión

Desde un punto de vista de análisis fiscal, el lanzamiento de este tipo de planes responde a una necesidad doble: por un lado, la administración busca recuperar recursos de forma eficiente y sin la necesidad de prolongar costosos procesos de cobro; por otro, reconoce las dificultades económicas que enfrentan los contribuyentes. Al ofrecer condiciones tan favorables, se incentiva la regularización voluntaria, promoviendo una cultura de cumplimiento sin la necesidad de recurrir a medidas coercitivas.

Para quienes estén considerando sumarse, la recomendación es actuar con rapidez. La estructura de la moratoria privilegia a los contribuyentes que se adhieren en las primeras etapas, ofreciéndoles los mejores términos en cuanto a reducciones de interés y condiciones de financiación.

 

IV.- Exclusiones – No Pueden Acceder al Plan

Aunque la moratoria es amplia, existen criterios de exclusión que son importantes de mencionar para evitar malentendidos. El plan no está disponible para personas que hayan sido declaradas en quiebra, ni para quienes tengan condenas por delitos fiscales o contra la administración pública de Buenos Aires. Asimismo, aquellos que ya estén cubiertos por un plan de pagos activo con beneficios similares, formalizado antes del 31 de agosto, tampoco podrán adherirse. Estas exclusiones garantizan que el beneficio se dirija a quienes realmente necesitan una oportunidad para regularizar su situación, manteniendo la integridad del sistema fiscal.

En conclusión, esta moratoria es una herramienta poderosa y bien pensada que ofrece una solución real a la compleja situación de la deuda fiscal. Representa una oportunidad estratégica para los contribuyentes de sanear su situación financiera y para la administración de consolidar su base de ingresos de manera eficiente. La clave del éxito para los contribuyentes será aprovechar esta ventana de oportunidad y actuar con diligencia para asegurar los máximos beneficios disponibles.

 

Espero sea de vuestra utilidad. Si tienen dudas pueden consultarme por privado

 

 ",ContadorCarbone,merval,1,0.54,0,2025-09-18 14:54:29,https://www.reddit.com/r/merval/comments/1nkfbxe/una_oportunidad_estratégica_para_la/,/r/merval/comments/1nkfbxe/una_oportunidad_estratégica_para_la/,True,post
1nojxsp,Alguien sabe cómo invertir en la bolsa de Telaviv? (TASE.TA),"Me gustaría invertir aunque sea en un indice
Por ejemplo los retornos son:

YTD 78.91%
1Y 138.62%
5Y 404.47%

Me gustaría más invertir a largo plazo, ya que creo firmemente que por más guerra que haya, los judíos saben hacer negocios y levantar empresas.

",[deleted],merval,0,0.35,19,2025-09-23 12:08:13,https://www.reddit.com/r/merval/comments/1nojxsp/alguien_sabe_cómo_invertir_en_la_bolsa_de_telaviv/,/r/merval/comments/1nojxsp/alguien_sabe_cómo_invertir_en_la_bolsa_de_telaviv/,True,post
1nol2al,Reservas BCRA Explicación Fácil,"Hola gente. Veo muchos comentarios que evidencian mucho desconocimiento respecto al funcionamiento del mercado de cambios, diferencias con experiencias pasadas, y *overall knowledge* de como funcionan los sistemas monetarios modernos de banca centralizada.

A continuación intentaré aclarar algunas cosas:

Primero recalcar la abismal diferencia que existe entre A. emitir moneda sin respaldo y procurar mantener la paridad cambiaria (TC) vendiendo reservas, y B. una situación de Base Monetaria Amplia fija y la venta de reservas en dicho contexto.

RE: Situación A.

Una situación evidentemente insostenible. Si se emite moneda a destajo no hay cantidad de dólares que alcancen para mantener la paridad cambiaria. Esta era la situación de gobiernos anteriores donde el TC explotaba y así mismo la inflación.

RE: Situación B.

Una realidad completamente distinta que responde al funcionamiento del sistema monetario moderno donde las reservas son justamente eso: reservas que respaldan los pasivos emitidos por el banco central. En el pasado los BB.CC. emitían moneda y eran convertibles a oro. Se da fin a esta convertibilidad en 1971 por orden de Nixon en EE.UU. y desde entonces los bancos centrales del mundo tampoco entregan oro sino moneda extranjera, y en Argentina, dólares estadounidenses.

Side Note: EE.UU. hoy por hoy atesora Bonos del Tesoro y MBS, y precisamente por cosas como esta entre muchas otras la Escuela Austríaca cuestiona tanto el sistema monetario moderno de banca centralizada.

Este Gobierno hereda un banco central con reservas negativas (LL.II. en lugar de reservas en dólares) por lo este dispone un urgente saneamiento del BCRA para respaldar la base monetaria. Dado el sobrante monetario preexistente deciden implementar el sistema de bandas para retirar pesos de la economía a un precio por dólar determinado y dinámico.

Este saneamiento de las reservas que respaldan al peso argentino están precisamente para convertir los pesos a dólares (a un precio determinado según el programa), retirando así pesos de la economía.

Por ende, el caso actual no es comparable a situaciones anteriores donde Argentina se situaba en el tipo de Situación A., sino que este es el comportamiento que debiera tener un BCRA sano que no emite moneda para afrontar el gasto público desmedido como han hecho las administraciones anteriores.

Entender esto puede ayudar a algunos a tomar mejores decisiones en términos de finanzas personales a corto plazo.

En el largo plazo, personalmente, considero un error ahorrar en monedas fiduciarias (estimo la mayoría aquí considera lo mismo).

Dejando de lado la coyuntura actual, ¿toman decisiones de inversión específicas que respondan a la coyuntura monetaria moderna o no contemplan riesgos en tal sentido? Personalmente tomo algunas, pero quiero escucharlos a Ustedes.

Saludos.",baigorria,merval,29,0.7,61,2025-09-23 12:50:26,https://www.reddit.com/r/merval/comments/1nol2al/reservas_bcra_explicación_fácil/,/r/merval/comments/1nol2al/reservas_bcra_explicación_fácil/,True,post
1nepth1,Cómo hacen compras en dólares esquivando el precio terrible del dolar tarjeta?,"Si tienen plata acá, cómo hacen compras en dólares para evitar pagar con esos impuestos y retenciones?",HallHot6640,merval,20,0.69,96,2025-09-11 22:00:37,https://www.reddit.com/r/merval/comments/1nepth1/cómo_hacen_compras_en_dólares_esquivando_el/,/r/merval/comments/1nepth1/cómo_hacen_compras_en_dólares_esquivando_el/,True,post
1nl6if2,Balanz comunicado a la CNV sobre la pérdida del patrimonio,"**Qué nivel de riesgo tiene esto para los que usan el broker?**

Los otros brokers están igual? Riesgo para los inversores que tienen activos en Balanz?

# La empresa financiera comunicó a la CNV que, por la caída de bonos y acciones, tuvo una pérdida que supera el 15% de su patrimonio neto al cierre de junio.

jueves 18 de septiembre de 2025

*“Me dirijo a Uds. en caracter de Responsable de Relaciones con e* [*Mercado* ](https://noticiasargentinas.com/economia/--luis-caputo--dolar-hoy-en-vivo--minuto-a-minuto-de-las-noticias-de-economia-del-18-de-septiembre-de-2025_a68cbe3f554e0d9bef3455e9c)*de Balanz Capital Valores S.A.U. (la ""Sociedad"") con el obictivo de informar que, conforme lo establecido en el art. 3, inc. 5, Sección l1, Capítulo I, Titulo XI1, de las Normas de la CNV (T.O. 2013 y mod.), de acuerdo a los estados financieros de la Sociedad al 30/6/2025, los resultados han arrojado una pérdida que supera el quince por ciento del* [*patrimonio* ](https://noticiasargentinas.com/sociedad/uno-por-uno--todos-los-patrimonios-mundiales-de-argentina-reconocidos-por-unesco_a6737ac845189a46266466170)*neto de la Sociedad”*

",yiyotopo,merval,6,0.65,17,2025-09-19 12:22:53,https://www.reddit.com/r/merval/comments/1nl6if2/balanz_comunicado_a_la_cnv_sobre_la_pérdida_del/,/r/merval/comments/1nl6if2/balanz_comunicado_a_la_cnv_sobre_la_pérdida_del/,True,post
1nbrfb2,Uruguay y posibles reformas tributarias - Lo que vendrá,"Estimados, me encuentro trabajando sobre las propuestas de reformas tributarias en Uruguay. para muchos de este foro que pueden ""tener un pie en dicha jurisdicción"" estas cuestiones son trascendentes. Les comparto la introducción a la temática. PDF completo en mi web  
  
El Proyecto de Ley de Presupuesto Nacional 2025-2029 de la República Oriental del Uruguay marca un punto de inflexión en el sistema tributario de dicho país. Las disposiciones incluidas no se limitan a ajustes técnicos en cuanto a técnica legislativa, sino que configuran un rediseño sustancial con implicancias directas para contribuyentes locales y, en particular, para los grupos multinacionales y personas físicas que han estructurado su planificación fiscal en torno a las ventajas históricamente ofrecidas por esta jurisdicción.

En este contexto, la propuesta de establecimiento del Impuesto Mínimo Complementario Doméstico (IMCD), alineado con el Pilar 2 de la OCDE, constituye la pieza central de la reforma. Con esta medida Uruguay se suma a la tendencia internacional de garantizar un nivel mínimo de tributación del 15% para grupos multinacionales según montos de ingresos destacados, lo cual, como hemos visto, implica revisar el alcance de regímenes promocionales tradicionales, como las zonas francas, el régimen de promoción de la industria del software (Dec. 150-007)[\[1\]](applewebdata://078BB144-CC86-40F8-949A-BEB99AE7D7EA#_ftn1) o la Ley de Promoción de Inversiones, que han sido pilares de su política de atracción de capital extranjero

Junto a ello, la ampliación de la tributación sobre las rentas de fuente extranjera para residentes fiscales y la creación de un nuevo régimen de “tax holiday” para quienes adquieran la residencia a partir de 2026, configuran un escenario novedoso en el que la movilidad internacional de individuos de alto patrimonio deberá repensar sus estructuras de localización de rentas, activos e inversiones. Este rediseño tiene el doble propósito de fortalecer la recaudación doméstica y al mismo tiempo mantener la competitividad del país en la captación de nuevos residentes fiscales manteniendo la tendencia iniciada desde hace unos años donde, de manera sostenida, se acerca a adecuar su régimen tributario a un sistema de “renta mundial”.

No menos relevantes son los ajustes al régimen de envíos postales internacionales y la incorporación de nuevas reglas sobre facilidades de pago, prescripción de deudas, acceso a información financiera y compensación de créditos fiscales, que modernizan la relación entre el contribuyente y la administración tributaria uruguaya. Estos cambios, aunque de carácter operativo, inciden en la seguridad jurídica y en la previsibilidad de las operaciones, factores centrales en cualquier estrategia de planificación fiscal transnacional.

En suma, el paquete de medidas proyectadas refleja la voluntad del Estado uruguayo de posicionarse como una jurisdicción fiscalmente cooperante, alineada con estándares internacionales de transparencia y equidad, sin renunciar a su histórica vocación de atraer capitales e inversiones. Para los contribuyentes y asesores fiscales, este escenario impone la necesidad de revisar cuidadosamente las estructuras vigentes y de anticipar los impactos que estas reformas (de innegable trascendencia) tendrán en el diseño y ejecución de sus estrategias tributarias en la región.

Espero esta info sea de vuestro interés",ContadorCarbone,merval,8,0.67,6,2025-09-08 12:51:34,https://www.reddit.com/r/merval/comments/1nbrfb2/uruguay_y_posibles_reformas_tributarias_lo_que/,/r/merval/comments/1nbrfb2/uruguay_y_posibles_reformas_tributarias_lo_que/,True,post
1n9eiv4,¿Por que subio tanto el oro este año?,"A principio de año estaba $2.600 USD la onza, ahora esta $3.600 USD, es decir casi 40% de aumento.

En mi caso, cobro 15k USD por mes (en negro) y encontre a alguien de confianza para comprar. Siento que los dolares se derriten y cada vez valen menos. Que opinan?",marcelorojas56,merval,0,0.3,34,2025-09-05 16:26:01,https://www.reddit.com/r/merval/comments/1n9eiv4/por_que_subio_tanto_el_oro_este_año/,/r/merval/comments/1n9eiv4/por_que_subio_tanto_el_oro_este_año/,True,post
1njrzs3,¿La compra de pesos puede ser suficiente para achicar la base monetaria y frenar la suba del dólar,"Hoy el Banco Central volvió a intervenir en el techo de la banda cambiaria con ventas por **USD 53 millones a $1.489**, retirando del mercado casi **$79.000 millones**. Esa operación equivale al **0,2% de la base monetaria**, una magnitud que muestra cómo la política cambiaria también actúa como instrumento monetario.

Si este ritmo se mantuviera durante un mes (21 ruedas), la contracción superaría el **4% de la base monetaria actual**, un ajuste significativo en términos de liquidez.

Teniendo en cuenta que sigue habiendo emisión indirecta, sobre todo a través de letras, ¿creen que esta compra de pesos puede servir para anular ese crecimiento y achicar la base monetaria de forma que se pueda controlar el dólar?",PancuterM,merval,24,0.73,98,2025-09-17 19:57:13,https://www.reddit.com/r/merval/comments/1njrzs3/la_compra_de_pesos_puede_ser_suficiente_para/,/r/merval/comments/1njrzs3/la_compra_de_pesos_puede_ser_suficiente_para/,True,post
1nsm4t1,Nueva restriccion dolar,"La nueva restriccion dice:

>En todos los casos, la entidad deberá contar con una declaración jurada del cliente en la que deje constancia que se compromete a no concertar, de manera directa o indirecta o por cuenta y orden de terceros, compras de títulos valores con liquidación en moneda extranjera a partir del momento en que requiere el acceso y por los 90 (noventa) días corridos subsiguientes

Es decir que si compras dolar al oficial no podes comprar bonos ni CEDEAR ni ningún activo liquidable en dólares. Va mucho más allá de vender mep.",chocolate_dealer,merval,0,0.31,14,2025-09-28 08:38:18,https://www.reddit.com/r/merval/comments/1nsm4t1/nueva_restriccion_dolar/,/r/merval/comments/1nsm4t1/nueva_restriccion_dolar/,True,post
1n9eost,Responsables Sustitutos y su posibilidad de pagar deudas tributarias con saldos a favor," En esta ocasión corresponde abordar una problemática que, desde hace largo tiempo, ha sido objeto de reiteradas consultas técnicas por parte de los contribuyentes, así como también de controversias judiciales y debates doctrinarios. Se trata de una cuestión que, en términos generales, ha enfrentado dos perspectivas claramente diferenciadas: por un lado, la negativa de la autoridad fiscal nacional, con un marcado sesgo recaudatorio, y por el otro, la legítima pretensión de los contribuyentes en resguardo de los principios de justicia tributaria.

El punto en debate se centra en la posibilidad de que la deuda tributaria, originada en el marco de una relación jurídico-tributaria en la cual la ley impone la obligación de pago a un sujeto distinto del verdadero destinatario económico del tributo, pueda ser compensada mediante la utilización de saldos a favor que dicho responsable posee frente al fisco. En otras palabras, se analiza si corresponde habilitar la compensación en aquellos supuestos en los cuales una persona humana o jurídica, en calidad de responsable sustituto, resulta obligada a ingresar un tributo cuyo impacto económico está previsto para un tercero.

Este fenómeno adquiere particular relevancia al comentar la RG 5753, que recepta un reclamo histórico tanto de sociedades (en su carácter de responsables sustitutos por participaciones societarias, conforme al Art. 25, inc. 1) Ley 23.966) como de personas humanas, quienes deben asumir obligaciones como responsables sustitutos respecto de bienes pertenecientes a beneficiarios del exterior, en los términos del Art. 26 del mismo cuerpo. En numerosos casos, estos contribuyentes poseen saldos a favor frente a ARCA, situación que hasta la reciente modificación normativa no podía ser utilizada para extinguir sus deudas derivadas de la sustitución tributaria.

Este supuesto, que resulta sumamente frecuente en la práctica, y que en muchas ocasiones involucra montos de escasa significación económica, rara vez encontraba cauce judicial por carecer de entidad suficiente para justificar un proceso contencioso. Sin embargo, su incidencia práctica era mayor de lo que comúnmente se reconocía. Puede mencionarse, a modo de ejemplo, el caso de una persona humana que, en carácter de responsable sustituto respecto de bienes de un familiar no residente, debe tributar en el país, y que al mismo tiempo registra saldos a favor en el impuesto a las ganancias generados por percepciones sobre consumos digitales (conforme Resolución General 4240). Gracias a la RG 5753, estos créditos pueden ahora ser aplicados a la cancelación de la obligación sustitutiva, en estricta observancia de los principios de justicia tributaria.

En este marco, y antes de adentrarnos en el examen pormenorizado de la norma, corresponde destacar el acierto del legislador y de la administración tributaria al receptar los reclamos sostenidos por la doctrina especializada y por la jurisprudencia de la Corte Suprema de Justicia de la Nación. Asimismo, resulta oportuno reconocer el rol desempeñado por la Dirección Nacional de Impuestos, cuyo dictamen favorable constituyó el antecedente técnico necesario para que la Agencia de Recaudación y Control Aduanero se alineara con una interpretación más fiel a los principios rectores del derecho tributario en esta materia  


Hay muchos responsables sustitutos en este foro y esto que antes no se podía hacer, hoy está habilitado. Espero les sea de utilidad el comentario. En mi web hay un informe completo sobre este tema para que sea más fácil conocer en detalle el beneficio fiscal.

Saludos

",ContadorCarbone,merval,5,0.69,3,2025-09-05 16:32:36,https://www.reddit.com/r/merval/comments/1n9eost/responsables_sustitutos_y_su_posibilidad_de_pagar/,/r/merval/comments/1n9eost/responsables_sustitutos_y_su_posibilidad_de_pagar/,True,post
1n7hykv,Que tan mala idea es comprar 4000 usdt?,"Básicamente lo del titulo.

Tengo que comprar 4 mil dolares y no conozco ninguna cueva como para ir. Siento que me van a marcar y me van a robar todo a la vuelta. 

¿Es buena idea comprarlo en binance por p2p? 

Es mas que nada plata para dejar guardada y ahorrar. 

O directamente meto toda la plata al SYP500 y listo.",theinoperant01,merval,34,0.77,134,2025-09-03 12:30:44,https://www.reddit.com/r/merval/comments/1n7hykv/que_tan_mala_idea_es_comprar_4000_usdt/,/r/merval/comments/1n7hykv/que_tan_mala_idea_es_comprar_4000_usdt/,True,post
1nkeqz7,Corralito del Banco Galicia,"Durante todo el día de hoy no se pudo ingresar al Banco Galicia ya sea a través de la aplicación o de la página web. Atención al cliente no sabe qué respuesta dar más allá de  que "" están trabajando para resolverlo a la brevedad""

Quién paga lucro cesante de las operaciones que no se pudieron realizar el día de hoy ni siquiera estamos hablando de operaciones de compraventa de dólares sino de transferencias retiros u otras operaciones tan sencillas que se realizan diariamente a través de los medios digitales??

Estoy seguro que debe haber una forma de denunciarlo al Banco central de la República Argentina.

Fuiste damnificado por el Galicia el día de hoy??
",Alex_Pay,merval,0,0.23,26,2025-09-18 14:32:57,https://i.redd.it/7fx3ip46lypf1.jpeg,/r/merval/comments/1nkeqz7/corralito_del_banco_galicia/,False,post
1nl60u9,Spred Dólar mayorista minorista,"Vengo a rantear por el spread que están cobrando los bancos sobre el dólar mayorista. Los últimos meses era aprox. 10 pesos, ahora están en 50 pesos. Son una basura la verdad. Ojalá hubiera forma de poder acceder al mercado mayorista o algún intermediario que no te rompa la cabeza con lo que cobra. ",Terodius,merval,8,0.72,5,2025-09-19 12:04:20,https://www.reddit.com/r/merval/comments/1nl60u9/spred_dólar_mayorista_minorista/,/r/merval/comments/1nl60u9/spred_dólar_mayorista_minorista/,True,post
1nk631l,Vender dolares en techo de banda y hacer tasa hasta las elecciones?,"Que opiniones tienen? Digamos, el techo de la banda esta cubierto con un gran colchon del Bcra, porque no vender en el tope de banda y hacer tasa? Ya que paga mas que el crawling del 1%

Edit: post elecciones si pierde por mucho el gobierno quiza la presion sobre la banda sea demasiada y ahi quiza recalcule el gobierno, pero no creo que rompa la banda pre-elecciones",pademango,merval,28,0.75,151,2025-09-18 08:48:55,https://www.reddit.com/r/merval/comments/1nk631l/vender_dolares_en_techo_de_banda_y_hacer_tasa/,/r/merval/comments/1nk631l/vender_dolares_en_techo_de_banda_y_hacer_tasa/,True,post
1ntqqpo,"Ayuda a entender , termino preso?","Buenas, hoy compré oficial en el banco y mep en mercado pago y los vendí en PPI. Salió rulo. Termino preso? Me congelan cuentas? Como es que no se podía comprar mep y el oficial a la vez? Voy a tener que pagar algo? 
Desde ya muchas gracias. 
Atte un argentino a pie ",MiperroFunky,merval,30,0.79,60,2025-09-29 16:00:06,https://www.reddit.com/r/merval/comments/1ntqqpo/ayuda_a_entender_termino_preso/,/r/merval/comments/1ntqqpo/ayuda_a_entender_termino_preso/,True,post
1nifmef,Mi contador me pide estos datos. Está bien?,"Hola, cómo están? Estoy delegando la inscripción del monotributo (entiendo que es darse de alta desde cero) y otras tareas básicas como recategorizaciones, generación de VEPs, etc.

Para esto, mi contador necesita fotos del DNI y foto del rostro. Así que le pregunto a los contadores, es normal que te pidan esos datos?

Mi preocupación creo que es entendible ya que se pueden hacer creo que bastantes cosas con esos datos pero tal vez sea mi paranoia",RuloReissue58,merval,4,0.7,22,2025-09-16 09:07:40,https://www.reddit.com/r/merval/comments/1nifmef/mi_contador_me_pide_estos_datos_está_bien/,/r/merval/comments/1nifmef/mi_contador_me_pide_estos_datos_está_bien/,True,post
1nru4in,"Arbitraje. Igual no convenía comprar MEP, cierto?","Buenas!

Leyendo la Circular CAMEX 1-1056 que salió ayer entendí que no se puede comprar MEP/CCL por 90 días si compraste dólar oficial. 

Para hacer el rulo, por lo menos hasta ayer lo conveniente era comprar oficial y VENDER MEP y de ahí salía la ganancia. 

Pero me ha quedado la duda que la circular menciona comprar MEP, no vender. Entonces el rulo se podría seguir haciendo, no?

Porque quien compraría MEP si no es conveniente como para hacer rulo. 

Perdonen la ignorancia pero me gustaría entender está parte porque no se si estoy en el horno. 

Yo nunca había hecho rulo y justo ayer hice uno por curiosidad a ver cómo era: compré oficial con unos pesos que tenía y luego vendí a MEP.

La circular me afectaria en algo? Más allá de no poder comprar MEP, cosa que realmente no hago porque no lo necesito. 

Los leo ",IllMagazine8799,merval,12,0.75,16,2025-09-27 09:35:17,https://www.reddit.com/r/merval/comments/1nru4in/arbitraje_igual_no_convenía_comprar_mep_cierto/,/r/merval/comments/1nru4in/arbitraje_igual_no_convenía_comprar_mep_cierto/,True,post
1nl8fas,Reservas del BCRA para intervenir en el tipo de cambio,"Aca hay un informe de las reservas que tiene el BCRA para intervenir en el tipo de cambio. Reservas netas 6148 mil millones USD, pero si tenes en cuenta el vencimiento de BOPREAL a 1 año, son 2827 mil millones de USD.

[https://x.com/fede\_machado\_b/status/1968405485943431389](https://x.com/fede_machado_b/status/1968405485943431389) ",Odd-Heron5704,merval,44,0.81,108,2025-09-19 13:34:08,https://i.redd.it/egstkvvaf5qf1.png,/r/merval/comments/1nl8fas/reservas_del_bcra_para_intervenir_en_el_tipo_de/,False,post
1nogx60,Todo SPY500 o ahorro en dolares tambien?,"Hola! Vengo a contar mi situacion a ver si mi idea es algo correcta.

Soy H23, viviendo con mis viejos. Actualmente estudiando y haciendo una pasantia paga ($500.000). Mis gastos fijos entre social, auto, y personal esta rondando los $300.000. En diciembre si todo sale bien, ya pasaria a ser empleado full time, por lo que averigue en la empresa el sueldo mas bajo actual es de $1.200.000, asi que espero a empezar a cobrar algo asi, minimo el doble de lo actual.

Mi pregunta es la siguiente, no pienso aumentar mi gasto fijo, obvio que alguna pavada mas me comprare o saldre mas con mi novia, pero supongamos que como una exageracion se estira a $500.000, eso me deja un margen de otros $500.000 minimo para empezar a invertir en mi futuro mes a mes. Conviene meter el 100% a SPY500? Me armo un ahorro en dolares tambien? Por lo que entiendo ahorro =/= inversion.

Mas que nada lo veo como una oportunidad a meterle en grandes cantidades ahora ya que no tengo otros gastos que el dia de mañana seguramente tenga, siendo alquiler el mas inminente y grande.

Muchas gracias de antemano!",HSKYBlessed,merval,19,0.79,70,2025-09-23 10:07:50,https://www.reddit.com/r/merval/comments/1nogx60/todo_spy500_o_ahorro_en_dolares_tambien/,/r/merval/comments/1nogx60/todo_spy500_o_ahorro_en_dolares_tambien/,True,post
1nr74g7,"Stablecoins en Argentina: ¿para qué las usa la gente y cómo encajan vs. pesos, dólar blue, Merval, CEDEARs?","Hola a todos — inversor estadounidense por acá 👋

Estoy investigando el crecimiento de las stablecoins en LatAm. Veo que USDT (y en menor medida USDC) crecieron mucho en exchanges en los últimos años. Me interesa saber para *qué* se usan en Argentina más allá del trading.

Algunas preguntas puntuales (no es consejo financiero, solo experiencias):

* ¿Las stablecoins cambiaron dónde “estacionan” la liquidez del día a día?
* Entre la gente que conocen, ¿dónde suelen ahorrar hoy: pesos, dólar blue, MEP/CCL, USDT, BTC, acciones locales (Merval), CEDEARs (S&P 500, etc.), plazo fijo/UVA, bonos u otra cosa?
* ¿Suelen rotar según las condiciones (inflación/IPC, brecha, tasas) o mantienen una estrategia fija?
* Si usan stablecoins: ¿principalmente para estacionar corto plazo entre ARS y USD, remesas/pagos, salida P2P, cobertura, o ahorro más largo?
* ¿Algún tip práctico (spreads, comisiones, vías preferidas como P2P vs. brókers/exchanges, timing/liquidez, consideraciones generales con AFIP/BCRA)?

Uso mucho la función de “traducir” de Reddit para entender mejor cómo operan acá. ¡Gracias por cualquier dato!

*Perdón si esto suena raro — usé ChatGPT para traducir mi mensaje original.*",JohnnyTheBoneless,merval,8,0.75,17,2025-09-26 14:14:22,https://www.reddit.com/r/merval/comments/1nr74g7/stablecoins_en_argentina_para_qué_las_usa_la/,/r/merval/comments/1nr74g7/stablecoins_en_argentina_para_qué_las_usa_la/,True,post
1nnptj7,¿Compro dólares a muy corto plazo?,"Hola, perdón de nuevo porque no sé nada de finanzas pero estoy muy mal porque me necesito mudar apenas consiga la propiedad que me sirva y pueda pagar y tengo los ahorros del mes de depósito y adelantado en pesos.

Me desespera mucho esto, estoy pensando en comprar ahora urgente dólares (porque veo que bajo) y venderlos cuando tenga que pagar el depósito y mes adelantado, ¿ustedes creen que es buena idea?

No sé si será entre fines de octubre o durante el mes de noviembre, dependiendo de cuánto tarde en conseguir vivienda con mi presupuesto.

Perdón de nuevo, tengo mucho estrés porque se desestabilizó la economía a la mierda y tengo bastante dinero en pesos.

O sea, no bastante pero, bueno, es el dinero que necesito para mudarme y necesito que no se devalúe.

Tengo mucho estrés, ¿me podrían aconsejar?

Muchas gracias.",neon-x-glam,merval,12,0.75,67,2025-09-22 12:36:41,https://www.reddit.com/r/merval/comments/1nnptj7/compro_dólares_a_muy_corto_plazo/,/r/merval/comments/1nnptj7/compro_dólares_a_muy_corto_plazo/,True,post
1nqjwob,Jubilación vs inversión: cuál es la mejor apuesta?,"Buenas,

Les paso a comentar una disyuntiva que tengo que quizá sirva para armar un debate. Primero un poco de contexto:

-Estoy registrado en relación de dependencia en un negocio familiar, aunque en la práctica lo uso más que nada como fachada para justificar movimientos.

-Mi ingreso real viene de laburar como contractor en negro para el exterior. Por la competitividad/estabilidad del dólar frente al peso y la experiencia que ya tengo, también me imagino siguiendo en esa modalidad a futuro.

En este “trabajo” de relación de dependencia empecé a acumular deuda de autónomos que ya ronda los 5 millones de pesos (aprox 150k al mes + intereses). Esa deuda corresponde solo a aportes jubilatorios y no tiene riesgo de ejecución, así que la única consecuencia de no pagar es quedarme sin jubilación más adelante.

Ahí me agarró la duda: conviene pagar esa deuda y seguir al día de acá en adelante, o usar esa plata para invertirla por mi cuenta? Sé que es imposible hacer un cálculo fino porque hay mil variables que entran en juego (rendimiento que le saque a mi inversión, años que viva, inflación, etc.), pero viendo lo que paga hoy una jubilación y considerando que mucha gente se jubiló sin aportes, me cuesta creer que el sistema siga en pie dentro de 35 años.

En mi situación, ¿ustedes qué harían? Estoy loco por considerar  renunciar a una jubilación y negarme a cancelar esa deuda? los escucho",Aspry19,merval,6,0.75,33,2025-09-25 18:58:24,https://www.reddit.com/r/merval/comments/1nqjwob/jubilación_vs_inversión_cuál_es_la_mejor_apuesta/,/r/merval/comments/1nqjwob/jubilación_vs_inversión_cuál_es_la_mejor_apuesta/,True,post
1ndr8nz,Hay alguna forma de de entrar crypto legal?,"Buenas, hace un tiempo empece a trabajar para afuera y mi empleador me paga por dolarApp. Hay alguna forma de declarar eso?

La verdad es que estoy bastante perdido. Tengo entendido que el tema crypto es un gris entonces no hay una forma real de convertir eso a dolares/pesos. 

Desde dolarApp me vengo pasando montos chicos a mercadoPago pero no se si tendria que hacerme monotributista para declararlos. Hay gente que dice que emitiendo factura E es la forma correcta, otros dicen que eso tecnicamente es iegal porque no entras por MULC.

Cualquier info es bienvenida, muchas gracias",Lucas0310,merval,6,0.75,15,2025-09-10 18:45:29,https://www.reddit.com/r/merval/comments/1ndr8nz/hay_alguna_forma_de_de_entrar_crypto_legal/,/r/merval/comments/1ndr8nz/hay_alguna_forma_de_de_entrar_crypto_legal/,True,post
1nqaala,Cepo - Liquidacion en MULC,"Ahora que sacaron el limite de liquidacion para freelancers, ¿sigue estando la obligación de liquidar en el MULC? Si no me equivoco, ahora en teoria se deberia poder cobrar incluso a través de Mercado Pago, porque son parte de PayPal World.

Alguien sabe?",CanaryRight1908,merval,1,0.57,22,2025-09-25 12:46:07,https://www.reddit.com/r/merval/comments/1nqaala/cepo_liquidacion_en_mulc/,/r/merval/comments/1nqaala/cepo_liquidacion_en_mulc/,True,post
1navevd,alguna criptomoneda prometedora?,Tengo ganas de meter 2 lucas en alguna cripto que valga muy poco a ver si de acá a un tiempo sube algo y puedo ganar unos pesos. Es una idea viable? Y si lo es hay alguna recomendada o es pura timba?,Ok_Motor_2609,merval,0,0.25,42,2025-09-07 11:59:54,https://www.reddit.com/r/merval/comments/1navevd/alguna_criptomoneda_prometedora/,/r/merval/comments/1navevd/alguna_criptomoneda_prometedora/,True,post
1nr1sgg,Tengo 20 años y a fin de año tengo que tomar una decisión financiera y personal muy importante.,"Buenas, cómo andan?  Recién estaba medio al pedo en el laburo y me puse a reflexionar y de paso a redactar este post sobre mi futuro. Para ponerlos en contexto, soy de un pueblo del interior de Santa Fe, pero estudio en la capital provincial (Santa Fe ciudad). Como dije en el título, tengo 20, estoy por terminar un estudio técnico a fin de año, y además estoy haciendo pasantías. Si bien no me pagan mucho, me sirve la XP.  
El punto es que tengo 2 escenarios:

Escenario 1:  
Quedarme viviendo en Santa Fe, donde ya estoy alquilando con un compañero. Mantener una distribución 50-50 de gastos. Si consigo un trabajo fijo decente, poder crecer profesionalmente y empezar a ahorrar. Ahora mismo mis gastos fijos están en unos $350-$400k por mes, y, segúm mis estimaciones, año que viene irían en torno a los $450-500k por mes (alquiler, expensas, comida, gimnasio, etc.). El problema: con lo que me pagan hoy por la pasantía, no llego a cubrir eso, ni tampoco me sobraría nada para ahorrar. Ahora mi vieja me ayuda con esos gastos fijos, pero ya se que eso no puede ser algo permanente.

Escenario 2:  
Volver a mi pueblo (de aprox. 6k habitantes), y volver a vivir con mis viejos. En caso de conseguir trabajo ya recibido, podría ahorrar entre el 80-90 % del sueldo, porque casi no tendría costos fijos grandes. Como mucho aportaría para comida o algunas cosas, pero no cargar con alquiler, expensas ni gastos enormes.

Por eso estoy replanteándome qué hacer, si los sacrificios de volver al pueblo (digo sacrisficios porque ya me acostumbré a vivir cómodamente en esta ciudad, y el pueblo es medio pelo) pueden valer la pena si la plata que “no gasto” en alquiler y otros costos la puedo volcar en invertir (SPY, acciones, Cedears, whatever). Y poder enfocarme más en crecimiento que en sobrevivir mes a mes.  
Para mí, el hecho de vivir solo lo pensaría más adelante (cuando tenga <25 años quizás, con un respaldo financiero más grande). Por eso concluyo que para entonces con 5 años de ahorros ya armé un buen portafolio viviendo con mis viejos, o incluso me anime a un crédito hipotecario si la situación lo permite. Ustedes qué harían en mi lugar? Alguien pasó-está pasando por algo parecido?  
Desde ya muchas gracias por leer y por cualquier consejo que puedan compartir :)",messiteamo2,merval,14,0.79,41,2025-09-26 10:46:23,https://www.reddit.com/r/merval/comments/1nr1sgg/tengo_20_años_y_a_fin_de_año_tengo_que_tomar_una/,/r/merval/comments/1nr1sgg/tengo_20_años_y_a_fin_de_año_tengo_que_tomar_una/,True,post
1ntkzds,Que acciones argentinas ven con potencial o subvaloradas ?,"Buenos días linces.

Eso del titulo. Que acciones ven con potencial para comprar ?

No estoy pidiendo una recomdación. Es más que nada una opinión, segun lo que ustedes han analizado del mercado.

Me refiero a acciones del merval.",Argentinotriste,merval,17,0.84,43,2025-09-29 12:24:59,https://www.reddit.com/r/merval/comments/1ntkzds/que_acciones_argentinas_ven_con_potencial_o/,/r/merval/comments/1ntkzds/que_acciones_argentinas_ven_con_potencial_o/,True,post
1nqd80a,Real Estate / Rubro inmobiliario,"Buenas, estuve usando el buscador para ver sobre el tema pero creo que no vi nada puntual en mi caso, aunque si varios cositas que me llevo. Pero puntualmente estoy en la siguiente situación:

No soy un inversor, no me gusta meterme en acciones, bonos, etc, etc. Me parece un mundo que no me sienta bien a mi.

Me va bien en mi laburo, trabajo para el exterior y tengo la posibilidad de ahorrar bastante por mes (unos 4000usd aprox). Laburando de esto ya me compré mi casa propia, así que estoy tranquilo por ese lado.

Sin embargo quiero ver de mis ahorros meterlos en otra cosa, y lo que me parece más fácil y práctico es invertir en propiedades.

Yo no busco un ""retorno de la inversión"", si yo pago 100k usd una propiedad no busco a ver cuándo recupero los 100k, más bien lo que quiero generarme son rentas en el tiempo. No digo para vivir exclusivamente de eso, pero para tener algo ""seguro"" ahí.

Hay cosas que considero, tener una propiedad no es alquilar y listo. Hay gastos, de contratos, comisiones, de mantenimiento, etc. Pero en mi experiencia como inquilino, nunca fueron tantos. Supongo pq por donde anduvo no eran pocilgas que se caían a pedazos.

Donde vivo no hay mucho turismo, salvo empresarial, pero lo que el alquiler temporal es una opción pero no se si es lo más fuerte.

No la quiero hacer más larga, pero les parece viable? No busco salvarme, no busco hacer un x100. Es aceptable esto o debería perder el ""miedo"" (no se si es miedo lo que tengo o que) a ir por otro tipo de inversiones?",muxcortoi,merval,5,0.86,28,2025-09-25 14:37:26,https://www.reddit.com/r/merval/comments/1nqd80a/real_estate_rubro_inmobiliario/,/r/merval/comments/1nqd80a/real_estate_rubro_inmobiliario/,True,post
1noqnv1,Que les parece esta cartera?,"Con mis conocimientos elementales le estoy queriendo dar una mano a un familiar muy cercano, al que le gestionaba las inversiones una persona con la que no trabaja mas.

Me comentó que tenia una cartera armada con un perfil conservador, en activos seguros o con una tendencia estable y valuados en dólares. Con esto en mente esperaba encontrarme con cosas tipo SP500, SPY, acciones de empresas extranjeras o cosas así.

Me encontré con esta cartera:

* Bonos Rep. Arg. USD Step Up 2030
* Bopreal Serie 1 C - USD 5% - Vto 31/10/2027
* Bopreal Serie 1 D - USD 5% - Vto 31/10/2027
* Bonos Rep. Arg. U$S Step Up V090735
* Bonos Rep. Arg. U$S Step Up V090741
* LECAP - Vto 30/09/2025
* BONCAP - Vto 13/02/2026
* Bono Tesoro Naci Cap V30/01/26
* Bono Tesoro Naci Cap V.30/06/26
* Bono Dual - Vto 15/12/26
* ON IRSA - USD 8% - Vto 31/03/2035
* ON MSU - USD 6,5% - Vto 17/07/26
* ON Mastellone - USD 10,95% - Vto 30/06/2026
* ON Telecom - USD 9,5% - Vto 18/07/2031
* ON YPF Luz - USD 7,87% - Vto 16/10/2032
* USD ON Edenor 9,75% Vto. 24/10/2030

A mi entender, parecen ser todos activos relacionados a la argentina (ya sean bonos soberanos o a empresas argentinas), lo cual no me suena muy estable, muy por el contrario me suena a muy volatil. Y tampoco veo que sean todos activos valuados en dolares.

Estoy en lo correcto? Me interesa entender el verdadero perfil de esta cartera por un lado para entender si tenemos que hacer cambios, y por otro para entender si nos dieron reportes honestos sobre lo que se está haciendo.

Muchas gracias desde ya a los que me puedan dar una mano. Tambien si me pueden recomendar cursos o canales de aprendizaje me sirve, ya estoy revisando los tutoriales de este sub.

  
",Sharp-Doubt-6171,merval,10,0.86,26,2025-09-23 16:20:27,https://www.reddit.com/r/merval/comments/1noqnv1/que_les_parece_esta_cartera/,/r/merval/comments/1noqnv1/que_les_parece_esta_cartera/,True,post
1nn1zbz,"20 años, pocas inversiones pero muchas ganas: ¿Cómo armar finanzas que no me hagan desaprovechar el momento?","Buenas a todos! Hoy domingo por la tarde me replanteé un poco mi vida financiera y me puse a pensar en lo siguiente: tengo 20 años, estoy por terminar una Tecnicatura en Administración. Estoy haciendo pasantías (no me van a pagar mucho, pero estoy aprendiendo), tengo algunos ahorros e inversiones (Cedears, acciones acá, algo de especulación), y también gastos fijos, caprichos, etc.

Mis objetivos son realistas pero ambiciosos:

* Comprar una moto dentro de 6-9 meses
* Más adelante: viajar al extranjero, algún autito, meterme en un crédito hipotecario (si la cosa mejora)
* Que mis inversiones no sean sólo para “no quedarme atrás mes a mes”, sino para crecer, cuidarme de la inflación y la devaluación, y sentirme seguro con lo que tengo

Lo que quiero evitar:

* Que los “gustitos” o las compras impulsivas me desvíen de lo que realmente importa
* Arriesgar dinero que después necesite para la moto o los viajes, justo cuando lo necesito
* Que la inflación o devaluación me coman lo que guardé si no lo protejo bien

# Lo que tengo / lo que me está jugando

* Portafolio actual de aprox 1000 usd en inversiones varias, con pérdidas en papeles locales, algunas ganancias en Cedears
* Ligera parte de capital disponible para invertir, ya tengo algo en instrumentos líquidos / billeteras que rindan, otra parte la uso para especulación
* Gastos fijos hoy rondan los ARS 300k/mes (alquiler, servicios, comida, gimnasio), pudiendo subir a \~400k-500k el año que viene
* En enero voy a dejar de depender de que mi mamá me pague el alquiler, lo que implica asumir ese gasto o mudarme con mis padres para eliminarlo y destinar ese dinero a mis metas

# Algunas preguntas para quienes ya tienen más cancha en todo esto:

1. ¿Cómo repartirías una cartera siendo joven, ingresos bajos con metas cortas como la moto pero también mediano-largo plazo? ¿Qué porcentaje pongo en lo seguro/líquido vs lo arriesgado?
2. ¿Qué estrategias usanrías para controlar los deseos de gastar en cosas que después no aportan a lo que realmente importa?
3. Para metas que necesito en <1 año, ¿en qué instrumentos locales invertirías hoy para proteger el dinero + sacarle algo de rendimiento (cuentas remuneradas, cauciones, FCIs, Cedears, etc.)?
4. ¿Cómo se protegen ante inflación/devaluación local? ¿Vale la pena tener parte de la cartera en dólares o activos internacionalizados?

A pesar de las dificultades que enfrentamos, sigo creyendo que, con esfuerzo y aprendizaje, puedo mejorar mi situación financiera. No espero que todo sea fácil ni rápido, pero tengo la firme intención de avanzar paso a paso. Por eso mismo si alguno de ustedes ya vivió sus 20s y tiene experiencia en cuanto a todo esto, sería un gusto leer su feedback. Gracias! ",messiteamo2,merval,27,0.91,15,2025-09-21 16:59:40,https://www.reddit.com/r/merval/comments/1nn1zbz/20_años_pocas_inversiones_pero_muchas_ganas_cómo/,/r/merval/comments/1nn1zbz/20_años_pocas_inversiones_pero_muchas_ganas_cómo/,True,post
1nkle90,Pasar de Lecaps a Cedears/usd,"Buenas,  con todo el lío que se está armando, tengo pensado mañana a primera hora vender las Lecaps que tengo y pasarme al S&P, las letras que tengo con los rendimientos hasta el momento son:

D16E6 +19,7%

S16E6 -7%

S27F6 -1,8%

S28N5 +5,8%

S30S5 +15,7%

S31O5 +4,9%

Entiendo que el dólar no va a bajar xq post elecciones el gobierno tiene que empezar a acumular reservas si o si, le vaya bien o mal, y si ya está en el techo lo único que le queda es seguir subiendo


Con las acciones ya me emperne y bueno no voy a vender quedarán ahí hasta que recuperen algún día.

PD: el D16E6 entiendo que es en usd, pero no entiendo bien quien la emite, si alguien me puede desasnar le agradezco. 
",New_Distribution_278,merval,5,0.78,5,2025-09-18 18:46:18,https://www.reddit.com/r/merval/comments/1nkle90/pasar_de_lecaps_a_cedearsusd/,/r/merval/comments/1nkle90/pasar_de_lecaps_a_cedearsusd/,True,post
1njx66m,Alguno más apostando al merval?,Después de la derrota del oficialismo en las últimas elecciones vimos el Merval caer un -13% y acciones argentinas hasta un -23% en el mismo día.  Algunos me dirán loco pero vi oportunidad de precio y metí ALL-IN y compré todo lo que pude. Entiendo los riesgos y más en este contexto de volatilidad hasta las elecciones de Octubre pero estimo que habrá un mini rebote técnico antes de eso.  Alguno más se mandó de cabeza como yo? jaja,justhereforcuriosity,merval,48,0.89,104,2025-09-17 23:59:30,https://www.reddit.com/r/merval/comments/1njx66m/alguno_más_apostando_al_merval/,/r/merval/comments/1njx66m/alguno_más_apostando_al_merval/,True,post
1ne6f89,¿Existe alguna forma sencilla de comprar acciones con un broker extranjero?,"[Revisando el sub,](https://www.reddit.com/r/merval/comments/priq83/fondeo_de_broker_extranjero_desde_argentina/) vi que hay que hacer muchas triangulaciones para poder comprar acciones, pasando de mercado pago, a bitso, y de ahi a bitcoin luego a little coin, y luego a Tradestation para recien poder comprar las acciones, y eso que no se toco el tema impositivo   


¿No existe una forma mas simple sin tener que hacer demasiadas triangulaciones? 



",tururururur134,merval,20,1.0,40,2025-09-11 08:36:03,https://www.reddit.com/r/merval/comments/1ne6f89/existe_alguna_forma_sencilla_de_comprar_acciones/,/r/merval/comments/1ne6f89/existe_alguna_forma_sencilla_de_comprar_acciones/,True,post
1ndtwbi,"Dividir inversiones, para invertir en mi,nesecito un consejo.","Buenas noche gente, les comento, tengo una buena plata invertida directamente en acciones de usa y que no pienso tocar, pero el proximo año quiero empezar a estudiar una tecnicatura para poder tener otro trabajo y otra fuente de ingreso, básicamente invertir en mi.

Mi idea es dejar por un tiempo de meterle guita a USA y armar un plazo fijo (o algun instrumento mensual similar), para costear un poco las cuotas que me van a cobrar en la carrera, que dentro de todo son solo 3 años.

Mi pregunta es la siguiente, yo pudiendo costear con mi salario la cuota, es buena la idea de armar un plazo fijo (o el instrumento que sea) para que ayude mes a mes o es preferible seguir metiendole a USA aunque sea de a puchitos?.

Desde ya, gracias 🫂",Facu5230,merval,14,0.89,17,2025-09-10 20:42:34,https://www.reddit.com/r/merval/comments/1ndtwbi/dividir_inversiones_para_invertir_en_minesecito/,/r/merval/comments/1ndtwbi/dividir_inversiones_para_invertir_en_minesecito/,True,post
1nbt5cm,Mejor CEDEAR de ETFs para apostar por las tech yanquis?,"Busco CEDEARs de ETFs, no acciones simples, que apuesten por el sector tecnológico estadounidense, específicamente eso. Qué me recomiendan?

Por ahora mis amigos me han dicho:

* QQQ
* VGT
* XLK

Pero no veo CEDEARs de VGT por ningún lado, tampoco de XLK.

Lo que busco es un fondo al cual meter lo que ahorro todos los meses sin pensar mucho y dormir lo más tranqui posible, aceptando el riesgo que tiene no diversificarse en otros sectores ni países a cambio de una mayor potencial ganancia (además de un posible AI bubble, lo acepto como un riesgo). Mi plan es bien a largo plazo, no toco esta plata hasta que me jubile en 30 años.

Los leo, saludos <3",Frandaero,merval,10,1.0,7,2025-09-08 13:55:25,https://www.reddit.com/r/merval/comments/1nbt5cm/mejor_cedear_de_etfs_para_apostar_por_las_tech/,/r/merval/comments/1nbt5cm/mejor_cedear_de_etfs_para_apostar_por_las_tech/,True,post
1nbqex8,Como opero opciones de usa en argentina?,"Estoy interesado en comprar opciones en acciones de usa desde argentina, alguno sabria como hacerlo? Cualquier aporte se aprecia, gracias",bohemianhomeless,merval,4,1.0,12,2025-09-08 12:13:17,https://www.reddit.com/r/merval/comments/1nbqex8/como_opero_opciones_de_usa_en_argentina/,/r/merval/comments/1nbqex8/como_opero_opciones_de_usa_en_argentina/,True,post
1n9hiaf,que pasa con las acciones del Banco Hipotecario (BHIP) que vienen bajando tanto?,"Bueno, no se mucho de este mundo y me pongo cada tanto a mirar los precios de acciones y hago mis especulaciones. De momento no estoy comprando nada porque no me sobra plata, pero me gusta ir prestando atencion y aprender.

  
Me llama la atencion esta accion, y veo que en lo que va del año perdio como la mitad de su valor... se supone que con las medidas actuales los creditos hipotecarios van a recuperar preponderancia, e incluso algunos dicen que ya esta en maximos historicos los creditos hipotecarios y la construccion en general. 

A su vez, no se nada del banco hipotecario especificamente, mas alla del nombre. 

  
Que anda pasando?",CrotodeTraje,merval,14,0.85,22,2025-09-05 18:24:35,https://www.reddit.com/r/merval/comments/1n9hiaf/que_pasa_con_las_acciones_del_banco_hipotecario/,/r/merval/comments/1n9hiaf/que_pasa_con_las_acciones_del_banco_hipotecario/,True,post
1n60wsh,"Meter 2 palos en acciones, que recomiendan queridos","Como estan queridos mervaleros, recurro a su sabiduría.

Esta es la situación: pude juntar algo de plata y quiero diversificar porque me siento en bolas. En este momento tengo 12 millones en renta fija (frascos de NX) y quiero empezar a meter en otras cosas. Lo tengo así porque necesito tener un respaldo líquido de algunos sueldos por si llega a pasar algo conmigo o con mis viejos, no sé si es lo mejor pero bueno.

Ahora tengo 2 millones separados que me gustaría invertir en acciones (o alguna otra herramienta que vaya creciendo). Yo pensaba meterlos en Cocos y ver de comprar de a 300k en distintas cosas (SPY y eso), pero bueno, dije mejor veo que otra cosa interesante hay por ahí. La verdad no la tengo muy clara con el tema de los bonos y eso, si me tiran recomendaciones que usen ustedes los investigo y capaz le mando ahí. Habia pensado en comprar oro o algo así también pero la realidad es que tengo que investigar un poquito de todo lo que me interesaría.

Otra cosa, sé que es importante el tema del perfil. La verdad preferiría no perder guita jaja pero bueno, metería algo en empresas tipo nvidia o tesla a ver que onda. Y el ahorro sería a plazo medio-largo.

  
Bueno nada, no es de pretencioso o vago de ir a algún lugar serio tipo algún consultor de verdad. Pero bueno, siempre viene bien también la sabiduría redditera, así que se agradece cualquier recomendación para chusmear <3 ",Present-Mind-8345,merval,28,0.92,43,2025-09-01 18:11:53,https://www.reddit.com/r/merval/comments/1n60wsh/meter_2_palos_en_acciones_que_recomiendan_queridos/,/r/merval/comments/1n60wsh/meter_2_palos_en_acciones_que_recomiendan_queridos/,True,post
1nhou2d,Fondo de Inversión en USD,"Invertí en en el FCI de IOL hace mucho tiempo (premier dólares), cuando recién empezaba, nunca le di mucha bola ya que no era de comprar dólares, más bien CEDEARS, pero al ver una caída tan brusca me puse a ver en qué invertía y lo hacía en bonos argentinos. La baja más fuerte fue post elecciones, ustedes que opinan? Si salgo ahora solo tengo una ganancia del 5% en 2 años, si me quedo y el oficialismos gane es probable que suban y en consecuencia lo haga el fondo. Ustedes que harían? Ignoren mí estupidez, la verdad que veía que subis y subía y estaba conforme, aprendí para la próxima.",luzbelito95,merval,24,0.92,29,2025-09-15 12:23:00,https://i.redd.it/t2wtbu59jcpf1.png,/r/merval/comments/1nhou2d/fondo_de_inversión_en_usd/,False,post
1n9odoi,"¿Opiniones en invertir en ETFs, Bonos del tesoro,etc. en BuenBit?","El título. Estoy pensando en empezar a invertir en BuenBit antes que IBKR o Balanz. Ahora mismo tengo unos 1500USD invertidos en IBKR, pero mandar la plata hasta EE.UU te saca plata en cada transacción.

Solo compro etfs domiciliados en Irlanda: 

CSPX

IWDA

EIMI

  
PD: me paso usds a wallbit y de ahí a IBKR.

  
¿Alguna sugerencia o opinión?",Automatic-Pickle-303,merval,11,0.92,10,2025-09-05 23:42:12,https://www.reddit.com/r/merval/comments/1n9odoi/opiniones_en_invertir_en_etfs_bonos_del_tesoroetc/,/r/merval/comments/1n9odoi/opiniones_en_invertir_en_etfs_bonos_del_tesoroetc/,True,post
1n5hp2t,Sobre dolarización y tipos de dólar,"He estado leyendo algunos post sobre dolarizar o comprar dólares. Estaba viendo los sitios habituales como dolarito y otros y me doy cuenta que, por ejemplo, la cotización del mep que ponen es mep bruto sin comisiones de compra y venta del bono. Lo cual es medio falopa, porque en un monto grande el 1% que te cobran hace una diferencia. Después veo que el dólar banco de estos sitios no coincide en nada con el dólar al que finalmente te termina cobrando la entidad. 

En dolarito, por ejemplo, Brubank tiene una cotización de 1359, pero me meto a la app y veo que es dólar MEP no una cotización de ellos. Ni idea por qué. ¿En algún lado avisan que no es una cotización fija a la antigua usanza de casas de cambio sino la resultante de compra venta de bonos cuyo timming deciden ellos? O sí existe un dólar de cotización fija que ofrezcan los bancos? En síntesis: sacando el blue, dónde y cómo conviene comprar dolar hoy. Perdón por la consulta medio zonza pero he estado con cedears y otras cosas y quise comprar y ha cambiado bastante todo. 

Edit 1: estoy hablando de instrumentos que tengan liquidez y que no tengan volatilidad. Operación cambiaria clásica. Por ejemplo, el MEP está 1357,34 en bruto; pero con comisiones en IOL lo terminás pagando 1370,98 (+$13,64). Lo que es bastante más que el blue que está a $1.345,00. La idea no es groncharlos, pero es mucha la diferencia. Las letras son una opción? Alguna vez hice operación con letras pero no tienen mucha liquidez en especie D. Por lo demás, no estaría entendiendo lo que se ve en la imagen. Los bancos y agencias de cambio ponen el mep que se les antoja y después vemos? Es así?

Edit 2: gracias por las respuestas. Estuve averiguando más en detalle y, efectivamente, existe el 'dólar oficial o casa de cambio' que no es necesariamente el Mep del día o de un mep que se hace en el momento si no de una mejor cotización que ofrecen esos sitios debido a las reservas que tienen y del enorme spread con que trabajan. Algunas están bien porque es mucho más rápido que el Mep y con mejor cotización. Pero ojo: es muy dinámico e incluso en estos mismos sitios se toman el trabajo de poner otros tipos de cambio bajo nombres ridículos como 'dólar infinito' o dólar ahorro (mal llamado así porque el ahorro es con monto 200 e impuestos y es mucho más caro). Finalmente: sabes que el dólar es de una operación mep o no por la disponibilidad. En IOL te acreditan en el acto un mep pero a veces no te lo dejan mover a otras cuentas hasta por 72hs por una resolución falopa de más de una transferencia x día que yo creía estaba derogada. 

https://preview.redd.it/ncud2cm1iimf1.png?width=684&format=png&auto=webp&s=4d6830fe97399901df2ac4069dec54942ad4a434",rally2000,merval,10,0.86,14,2025-09-01 03:51:41,https://www.reddit.com/r/merval/comments/1n5hp2t/sobre_dolarización_y_tipos_de_dólar/,/r/merval/comments/1n5hp2t/sobre_dolarización_y_tipos_de_dólar/,True,post
1ntkjmp,Como me cuido hasta las elecciones?,"Tengo unos ahorros, que pensaba gastarlos antes de las elecciones pero quiero cuidar esa plata hasta que llegue el día. Que me conviene más? ponerlo en un FCI en pesos de corto plazo o comprar dolar oficial? (no vendi mep asi que podria)",Easy-Huckleberry7091,merval,15,0.77,57,2025-09-29 12:08:26,https://www.reddit.com/r/merval/comments/1ntkjmp/como_me_cuido_hasta_las_elecciones/,/r/merval/comments/1ntkjmp/como_me_cuido_hasta_las_elecciones/,True,post
1ntkdoc,Depositar Dolares en Caja de Ahorro,"Buenas, les comento una situación que me ocurrio hoy.

La semana pasada hice una compra con credito hipotecario de una casa. Como el dia la operacion del banco solo podia retirar la cantidad de dolares que me prestaban tenia que llevar el resto en efectivo, por lo que lo tuve que sacar antes (encima de diferentes bancos porque no me entragabn esa cantidad de una). Ademas de esto por las dudas lleve 5000 dolares de mas (un 4% del total) porque la fluctuacion del dolar era mucha y queria ir seguro (mejor que sobre que falte).

La cuestion es que ahora fui de vuelta al Banco Nacion a depositar estos dolares porque no los quiero tener en el colchón y no lo quisieron aceptar. Me dijeron que era plata de afuera y la tenia que justificar. Les dije que lo puedo justificar con las ordenes de extraccion de la semana anterior y con las operacion de compra-venta de divisa (siempre compre oficial). Pero me dicen que no, que solo lo puedo justificar si vendi algo.

De por si ya esta situación me parece fuera de toda logica. ¿Porque no podria depositar dolares que saque hace menos de una semana?  Pero ls pregunta es ¿Es correcto lo que me dicen o me estan chamuyando? Como puedo meter al banco nuevamente esta guita?",HVolker_,merval,22,0.9,9,2025-09-29 12:02:16,https://www.reddit.com/r/merval/comments/1ntkdoc/depositar_dolares_en_caja_de_ahorro/,/r/merval/comments/1ntkdoc/depositar_dolares_en_caja_de_ahorro/,True,post
1nrwn01,Brokers del exterior donde se puedan transferir dolares,"Estoy buscando una forma de aprovechar un dolar barato ( oficial ) sin ser penalizado en la compra de titulos en dolares

En los años que llevo en esto solo me animé a usar brokers locales principalmente Balanz


Alguien tiene experiencia en esto? algun broker donde se puedan transferir dolares con una baja comisión y a la vez que sean seguros?


A mi forma de ver las cosas la ""brecha"" entre el MEP y el oficial no va a hacer mas que ampliarse en estos dias previos a las elecciones en cuyo caso preveo que se pueden dar dos casos:

-Mal resultado electoral: Se mantiene el control cruzado o ""sinceran"" el valor del dolar oficial hacia el valor del MEP

-Buen resultado electoral: Se quita el control cruzado y el MEP vuelve a tener un valor cercano al oficial

En cuyo caso quedaria en cada uno a que exponerse y en que restringirse:

-Comprar dolar ""barato"" y perderse el hacer trading por x cantidad de tiempo pero cubrirse ante una posible suba del dolar

-Comprar MEP y seguir haciendo trading pero correr el riesgo de que luego el valor del dolar corrija hacia abajo y haberse quedado empomado con ""dolares caros""",EternityBringer,merval,5,0.78,4,2025-09-27 11:28:11,https://www.reddit.com/r/merval/comments/1nrwn01/brokers_del_exterior_donde_se_puedan_transferir/,/r/merval/comments/1nrwn01/brokers_del_exterior_donde_se_puedan_transferir/,True,post
1nrc9kw,Anuncio del resultado de licitacion 26/09,"FUENTE: https://x.com/pabloquirno/status/1971660783047102690

Hubo un rollover de 130.2%, es decir, rollearon todos los vencimientos del dia de la fecha y ademas tomaron 30.2% de mas.

Las tasas en LECAP (S28N5 y S30A6 que es nueva) y BONCAP (T30E6) siguen siendo altas.

Tambien hay que destacar que se tomaron Dolar Linked que en las ultimas licitaciones habian salido desiertas. (muy posiblemente fueron las cerealeras)",DrakoXMusic1,merval,25,0.86,27,2025-09-26 17:35:39,https://i.redd.it/losqdkbskkrf1.jpeg,/r/merval/comments/1nrc9kw/anuncio_del_resultado_de_licitacion_2609/,False,post
1nqjfot,Conviene mas vender dolares o cedears?,"Buenas! Consulta un poco basica quizas…

Necesito hacerme con pesos para el mes que viene porque ando floja de laburo. 
Ustedes que hacen cuando necesitan pesos en este momento? 

Conviene mas vender ganancias de cedears o vender dolares?",Motonamix,merval,11,1.0,31,2025-09-25 18:38:55,https://www.reddit.com/r/merval/comments/1nqjfot/conviene_mas_vender_dolares_o_cedears/,/r/merval/comments/1nqjfot/conviene_mas_vender_dolares_o_cedears/,True,post
1nqa962,"Cobro en dolares, opinion inversiones","Buenas! Como dice el titulo, cobro en dolares que me depositan directamente en mi cuenta en dolares Santander. Estoy pudiendo ahorrar unos 1000usd al mes. Tengo la mitad de mis ahorros en Bitcoin y USDT, en plazos fijos en Nexo. La otra mitad la tengo en mi banco de arg parada sin hacer nada. Que me recomiendan hacer? Porque veo que todo el mundo recomienda comprar SPY, pero no puedo comprarlo en usd desde la app de Santander. El plazo fijo en USD que te ofrece Santander es irrisorio (0,05% anual) asi que tampoco. No quisiera cambiar a pesos para comprar SPY. Gracias",Nid45h,merval,9,0.91,4,2025-09-25 12:44:37,https://www.reddit.com/r/merval/comments/1nqa962/cobro_en_dolares_opinion_inversiones/,/r/merval/comments/1nqa962/cobro_en_dolares_opinion_inversiones/,True,post
1npcgvn,Consulta ingresos brutos s/cred,"Buenas!
Hace un rato hice una transferencia de dolares de mi tarjeta uala a mercado pago y de ahí a brubank.

En la primer transferencia no se me cobro nada, pero en la segunda me entero que me cobraron mas de 50usd bajo la leyenda de “ingresos brutos s/cred” a que se debe esto? No se si es relevante, pero soy monotributista y tengo todos mis pagos de IIBB al dia.

Muchas gracias ",irinaz165,merval,7,1.0,14,2025-09-24 10:41:45,https://i.redd.it/hdwnm15e94rf1.jpeg,/r/merval/comments/1npcgvn/consulta_ingresos_brutos_scred/,False,post
1nmuwby,Comprar CEDEARs de ETFs: conviene en ARS o USD?,"Estoy empezando a querer armarme un colchón de ETFs como SPY o similares ahora que tengo algo de sobrante en el mes (aunque ojalá me hubiera avivado antes...)

Tengo algunos dolares en el banco y el resto pesos, antes mas que nada metia muchos pesos en FCIs con mucha liquidez y metía casi todos los gastos en la tarjeta de crédito

Ahora voy a empezar a pasarme a ETFs de poco riesgo que no tengan empresas del país con IoL (o alternativamente con Galicia, aunque tengo entendido que no conviene). Me conviene comprar su versión en pesos? Comprar dólar oficial en el banco, y despues comprar ETF en dólares?",nDimensionalUSB,merval,11,0.83,20,2025-09-21 12:26:53,https://www.reddit.com/r/merval/comments/1nmuwby/comprar_cedears_de_etfs_conviene_en_ars_o_usd/,/r/merval/comments/1nmuwby/comprar_cedears_de_etfs_conviene_en_ars_o_usd/,True,post
1nmuu3k,Como comprar por amazon a dolar blue/oficial sin cuenta en dolares?,"Quiero hacer una compra de 400dolares total, para pedir por amazon, pero la verdad que tengo un quilombo con el tema del dolar tarjeta, o impuestos o lo que sea, que forma facil de segura hay de entrar aprox 500.000 pesos, y pagar mi compra en amazon sin que los convierta en dolar tarjeta que obvio es mas de 500.000",zetalala,merval,7,0.89,27,2025-09-21 12:24:19,https://www.reddit.com/r/merval/comments/1nmuu3k/como_comprar_por_amazon_a_dolar_blueoficial_sin/,/r/merval/comments/1nmuu3k/como_comprar_por_amazon_a_dolar_blueoficial_sin/,True,post
1njqln9,"Dólar futuro: BYMA amplía los márgenes que tiene el BCRA para intervenir en ese mercado (6 millones de contratos, ampliable a 12 millones)",,matecitogalactico,merval,46,0.97,45,2025-09-17 18:59:32,https://i.redd.it/9du6c1mgrspf1.png,/r/merval/comments/1njqln9/dólar_futuro_byma_amplía_los_márgenes_que_tiene/,False,post
1nim5uu,Ayuda: Este monto está en PESOS o DOLARES?,"Estoy viendo el sistema de cuentas tributarias.

Impuesto 2091 - Derecho de exportación de servicios y me confunde mucho el $. 

Esos montos están expresados en dólares o en pesos? Alguien que sepa del tema me puede orientar por favor? gracias!",IllMagazine8799,merval,9,0.8,4,2025-09-16 13:24:28,https://i.redd.it/yuj76oqpyjpf1.jpeg,/r/merval/comments/1nim5uu/ayuda_este_monto_está_en_pesos_o_dolares/,False,post
1nhvcxy,Como usar Paypal para pagos,"Buenas, directo al grano: ya sé con amplia experiencia que PayPal es una terrible y atómica v\*\*\*\* en Argentina. Comisiónes, imposible retirar sin páginas P2P externas.. etc.

ahora, lo que no sabía es que tampoco puedo usarlo para pagar lo que sea en internet con DINERO EN CUENTA (sin registrar ni vincular ninguna tarjeta extra para el pago).

Tengo dolares en Paypal con los que quise hacer compras con mi cuenta de paypal en muchos sitios, y en todos sale error de pago, o lo cancelan.

Esto es normal, tengo la cuenta limitada, es algo de la región o del país, o simplemente Paypal es una cagada? gracias de antemano",yo_ako,merval,2,1.0,11,2025-09-15 16:21:53,https://www.reddit.com/r/merval/comments/1nhvcxy/como_usar_paypal_para_pagos/,/r/merval/comments/1nhvcxy/como_usar_paypal_para_pagos/,True,post
1ngunrj,Recibi unas donaciones por paypal en usd y no se como sacarlas,"Hola! Como dice el titulo, me llego una plata a paypal por unas donaciones y tengo dos dudas importantes:

1) estan en dolares, como los saco y cambio a pesos al mejor valor posible? 

2) puedo llegar a tener problemas con arca? El monto son alrededor de 700 dolares, algo que en mi caso representa casi un sueldo mio.

Desde ya gracias!",SebaWDK,merval,11,0.87,13,2025-09-14 12:46:40,https://www.reddit.com/r/merval/comments/1ngunrj/recibi_unas_donaciones_por_paypal_en_usd_y_no_se/,/r/merval/comments/1ngunrj/recibi_unas_donaciones_por_paypal_en_usd_y_no_se/,True,post
1nfghnq,"invirtiendo en cedears, no me van a destruir los impuestos cuando venda si es que hay inflación y cae el negocio en el que estoy comprando?","imaginemos que pongo 10 lucas en GOOG, si el dolar hace un x10 y GOOG en dolares se va a la mitad, terminaría pagando impuestos como si hubiera hecho un x5?

es razonable invertir en cedears? o en cualquier instrumento que sea en pesos y los impuestos se calculen con una base en pesos?

edit: soy muy de boca, el planteo que propuse no es así para nada, vean comments.",HallHot6640,merval,39,0.93,65,2025-09-12 19:10:34,https://www.reddit.com/r/merval/comments/1nfghnq/invirtiendo_en_cedears_no_me_van_a_destruir_los/,/r/merval/comments/1nfghnq/invirtiendo_en_cedears_no_me_van_a_destruir_los/,True,post
1nfa2bt,Que bancos cobran menos para mandar dolares afuera via SWIFT?,"Tengo una cuenta de banco afuera a mi nombre y la plata aca esta en blanco, hay algun banco que solo cobre la tasa plana SWIFT o todos te secan un porcentaje? incluso el BNA?",tylercoder,merval,6,0.88,36,2025-09-12 14:56:26,https://www.reddit.com/r/merval/comments/1nfa2bt/que_bancos_cobran_menos_para_mandar_dolares/,/r/merval/comments/1nfa2bt/que_bancos_cobran_menos_para_mandar_dolares/,True,post
1ndfkyr,Galicia Classic ¿Sin mantenimiento?,"Buenas, hace unos días me comunicaron que en el banco Galicia me van a empezar a cobrar mantenimiento por una tarjeta de crédito que tengo. Días después me mandan el siguiente correo:

https://preview.redd.it/yjpcoahoicof1.png?width=607&format=png&auto=webp&s=94806ed97ef41d3fa4f41e6b3a4881fb9a3861d4

Mi pregunta es, realmente es sin mantenimiento? O depende de condiciones como cobrar sueldo, invertir, etc. Cosa que suelen hacer. Yo hasta ahora tenía la tarjeta totalmente bonificada sin ninguna condición. Quería saber experiencias ya que los términos y condiciones no son muy claros, y el que digan abiertamente que es sin costo me hace tener la duda.

  
Igualmente si es así iré a la sucursal a solicitarlo, porque por página o no me ofrecen nada, o me ofrecen Plus Gold, que la verdad que no tengo tantas ganas de hacer malabares con transferencias o inversiones. ",0uros,merval,5,0.86,27,2025-09-10 11:22:16,https://www.reddit.com/r/merval/comments/1ndfkyr/galicia_classic_sin_mantenimiento/,/r/merval/comments/1ndfkyr/galicia_classic_sin_mantenimiento/,True,post
1n8emun,"Hay algo que no entiendo… si el dolar baja, sirven los cedears?","Digamos que el dolar se va de 1400 a 1000. Y yo compro cedears a 1400, salgo perdiendo como en la guerra no? O hay algo que no estoy entendiendo?

Hipotetico caso de que baje…",pademango,merval,32,0.85,63,2025-09-04 13:17:25,https://www.reddit.com/r/merval/comments/1n8emun/hay_algo_que_no_entiendo_si_el_dolar_baja_sirven/,/r/merval/comments/1n8emun/hay_algo_que_no_entiendo_si_el_dolar_baja_sirven/,True,post
1n7ptay,Ahorrar para una moto,"Hola. Queria preguntarles acerca de que tipo de ahorro o inversión podria hacer para ir juntando para comprarme una moto.

La verdad soy principiante en esto y hasta ahora tuve los pesitos parados juntando polvo. No es lo ideal ni ahi y por eso pido consejos con este objetivo en particular.

Yo por mes ganaria 720.000 (Más días extras pero es variable asi que no los contemos) y mi objetivo es una Yamaha YBR 125 Z, que ronda entre 2 a 3,5 millones (de segunda mano).

Habia oido acerca de la renta fija, comprar dolar mep, usdt, spy500, etc pero no logro decidirme realmente y capaz alguno la tenga más clara. Gracias 🫂 

",That-Huckleberry2339,merval,8,0.9,21,2025-09-03 17:21:24,https://www.reddit.com/r/merval/comments/1n7ptay/ahorrar_para_una_moto/,/r/merval/comments/1n7ptay/ahorrar_para_una_moto/,True,post
1n7niv5,Cuál es hoy la mejor forma de retirar USD de PayPal a pesos desde Argentina?,"Hola a todos,

Estoy buscando la mejor manera de pasar unos 3k dolares de PayPal a pesos argentinos. Probé usando DolarApp, ya que te da una cuenta bancaria en EE.UU. para vincular, pero al intentar transferir desde PayPal me da error genérico y nunca llegan los microdepósitos de verificación.

Alguien sabe cuál es hoy la forma más eficiente (y con menos comisiones) para retirar fondos de PayPal y pasarlos a pesos?
Vi que existen opciones como Airtm, Wallbit, Takenos, Buenbit, etc., pero no tengo claro cuál conviene más en este momento.

Se agradece cualquier experiencia o recomendación 🙌",No_Decision3559,merval,9,0.92,47,2025-09-03 15:55:12,https://www.reddit.com/r/merval/comments/1n7niv5/cuál_es_hoy_la_mejor_forma_de_retirar_usd_de/,/r/merval/comments/1n7niv5/cuál_es_hoy_la_mejor_forma_de_retirar_usd_de/,True,post
1n7lb5u,Broker para tomar caución en dolares?,"Buen día gente, aprovecho para hacer una pregunta, que broker permite tomar una caución en dólares? Tengo IOL, y no puedo tomar una caución en dólares (solo en pesos), gracias!",Ayaponzu,merval,5,1.0,7,2025-09-03 14:33:10,https://www.reddit.com/r/merval/comments/1n7lb5u/broker_para_tomar_caución_en_dolares/,/r/merval/comments/1n7lb5u/broker_para_tomar_caución_en_dolares/,True,post
1n7g4ml,Comprar una propiedad de bajo costo pero sin ingresos declarados,"Primero, perdón porque esto ya se preguntó, pero fue hace 3 años y las cosas cambiaron.

Con mi esposa estamos por comprar una propiedad, a muy bajo precio, 38 mil dolares.

Va a ir a nombre de mi esposa, porque yo ya tengo otra propiedad a mi nombre, el tema es que ninguno de los dos tiene un trabajo en blanco con grandes  ingresos declarados.

Yo soy monotributista categoría C y ella estudia y hace un emprendimiento pero no factura.

El origen de los fondos es un poco que yo ahorré cuando trabajaba en blanco (pero no tengo los recibos de sueldo), un poco ganado en negro y préstamo de mi suegra.

Si entendí bien, por menos de 200 mil dolares el escribano no informa a la Unidad de Información Financiera, pero entiendo que igual nos va a preguntar el origen de los fondos.

La pregunta sería cual sería la respuesta que no requiera documentación de respaldo, o que podemos hacer como plan B?

  
Update: Hable con un escribano amigo (que no labura en CABA) y me dijo que poner ahorros es lo que menos documentación adicional requiere. Alguien opina distinto?  
  
Gracias!",fedaykin21,merval,23,0.96,49,2025-09-03 11:20:38,https://www.reddit.com/r/merval/comments/1n7g4ml/comprar_una_propiedad_de_bajo_costo_pero_sin/,/r/merval/comments/1n7g4ml/comprar_una_propiedad_de_bajo_costo_pero_sin/,True,post
1n74g2n,Compras en Amazon por brubank mal cobrado,"Hola gente, hice una compra en Amazon con dolares en Brubank, cosa que me sacaron el dinero ni bien hice la compra y eso que amazon te descuenta una vez que empiezan hacer el shipping.

Había comprado tres cosas en el carrito, solo me llegó uno y me llega un email diciendo que me falta dinero, eso que se me descontaron del total de los tres + envio + impuestos. (248,82 dolares)

Tuve que cancelar los otros dos productos en Amazon y estaba viendo si podia hacer el refund, pero supuestamente Amazon nunca me cobró, y ahora no me aparecen en ningún lado. Tampoco estoy pudiendo contactar Amazon de ninguna forma.. 

Tendría que reclamar a Brubank? Como ven en la ultima foto en Amazon solo me aparece que se cobraron 135.91 dolares.

Si alguien sabe del tema agredeceria un monton por la ayuda..




",ranbibi,merval,9,0.85,22,2025-09-03 00:38:53,https://www.reddit.com/gallery/1n74g2n,/r/merval/comments/1n74g2n/compras_en_amazon_por_brubank_mal_cobrado/,False,post
1n6kmu2,Banco con menores comisiones para transferencias internacionales,"Opero con IBKR y quiero fondear la cuenta. Antes tenia HSBC (que cerro y me pasaron al galicia) y hacia transferencias a una cuenta propia al HSBC de EEUU. Me cobraban algo menos de 10 mil pesos para transferir 1000 dolares.

\- El problema arranca cuando quiero hacer la misma transferencia con el galicia. Pum, 200 lucas de comision.

\- Como tambien tengo santander, me fije y tiene una calculadora de comisiones, 130USD. 

\- Me abri una cuenta en el frances, hice un lio para averiguar, hablamos de mas de 100 USD para transferir 1000.

Mi pregunta es si conocen algun banco que no sea TAN delincuente con las comisiones. Ya se que si se envia mas, se diluyen (por que pegan con el minimo de comision), pero necesito transferir montos como 2, 3k .

La transferencia es de una caja de ahorros en USD a una cuenta comun en EEUU.

  
Te extraño mucho HSBC

",juanmas07,merval,11,1.0,35,2025-09-02 11:14:10,https://www.reddit.com/r/merval/comments/1n6kmu2/banco_con_menores_comisiones_para_transferencias/,/r/merval/comments/1n6kmu2/banco_con_menores_comisiones_para_transferencias/,True,post
1npx3nw,¿cómo invertir 1K USD mensuales con objetivo casa propia?,"Buenas, soy nuevo en el mundo de la inversion, recientemente soy estable economicamente, asi que no tengo mucha idea de nada. Proyectar a futuro nunca había sido una opción.  
Cuestión,  
Estoy pudiendo ahorrar 1K USD mensuales.  
Mi pregunta es: Teniendo en cuenta ese monto que dispongo mensualmente, cual seria la mejor forma de inversion que puedo hacer hoy en dia?  
Mi objetivo es poder construir mi casa, idealmente de aca a 1 año, pero soy flexible con los tiempos.",Zudmatic,merval,46,0.94,61,2025-09-25 01:07:12,https://www.reddit.com/r/merval/comments/1npx3nw/cómo_invertir_1k_usd_mensuales_con_objetivo_casa/,/r/merval/comments/1npx3nw/cómo_invertir_1k_usd_mensuales_con_objetivo_casa/,True,post
1nn48dv,Es buena inversión ? IOL (bañados en oro),Hola ! Como están? Estoy viendo de comprar acá en IOL. Que opinan de las empresas que recomienda? ,envgp120,merval,24,0.97,37,2025-09-21 18:28:26,https://i.redd.it/8z9uvl7x5lqf1.jpeg,/r/merval/comments/1nn48dv/es_buena_inversión_iol_bañados_en_oro/,False,post
1nhwibm,"BCRA, intervenciones en techo de la banda y carry trade","Supongo que muchos estarán especulando con que en cualquier momento interviene el BCRA, y eso podría bajar el dólar aunque sea momentáneamente. Algunos están esperando a que eso suceda para seguir con el carry trade. 

¿Y ustedes qué opinan? Los escucho",PancuterM,merval,32,0.91,87,2025-09-15 17:04:05,https://www.reddit.com/r/merval/comments/1nhwibm/bcra_intervenciones_en_techo_de_la_banda_y_carry/,/r/merval/comments/1nhwibm/bcra_intervenciones_en_techo_de_la_banda_y_carry/,True,post
