id,text,author,subreddit,score,created_utc,parent_id,link_id,type
m2fvfab,"Por boludear compre casi 50k en opciones del Galicia hacen casi dos meses, cuando estaban por el piso. Las vendí esta mañana por 1M, a riesgo de que baje en los próximos días. Es la primera (y seguramente la última) vez que tengo tanto ogt para este tipo de operaciones.

Edit 48hs después: La opción call a $6600 está a $1600 por acción, casi el doble de lo que la vendí el lunes (vendí a $850). Si hubiese vendido hoy tendría 2M aprox, y el título de este post bien podría ser ""Ponías $500.000 en opciones de Galicia el viernes y hoy tenes $400.000.000.""",SgtPepperinoPomoro,merval,287,2024-12-17 00:31:18,t3_1hg0uae,t3_1hg0uae,comment
m2fseh0,"Instrucciones no claras, puse 500 lucas en opciones de Molinos Juan Semino el viernes y hoy me hipotecaron la casa.",BNeutral,merval,223,2024-12-17 00:11:39,t3_1hg0uae,t3_1hg0uae,comment
m2fq96x,"Yo solo compro cuando sube algo en tendencia y sale en las noticias. Así hice con el Bitcoin y me fue re bien.

Como fideos todos los días y a veces no ceno.",RewardsGamingS,merval,264,2024-12-16 23:58:13,t3_1hg0uae,t3_1hg0uae,comment
m2fsbz3,Podrías haber jugado a los números  del Quini y ganarte 1.000 millones también,CanaryRight1908,merval,135,2024-12-17 00:11:12,t3_1hg0uae,t3_1hg0uae,comment
m2fpw9i,El no inversor no inteligente,Choriciento,merval,51,2024-12-16 23:56:00,t3_1hg0uae,t3_1hg0uae,comment
m2fuii5,"si flaco y si compraba 500 bitcoins tambien, con el diario del lunes cualquiera, timbero",eimattz,merval,105,2024-12-17 00:25:22,t3_1hg0uae,t3_1hg0uae,comment
m2fzzbl,Yo vendí ypf antes de toda la subida q tuvo,Happy-Hovercraft9442,merval,34,2024-12-17 01:01:33,t3_1hg0uae,t3_1hg0uae,comment
m2gc7ly,"Si anoche jugabas al 7 y después al 15 en el casino de mardel ganabas más...

Imposible pegarle sistemáticamente a las opciones",guillote1986,merval,33,2024-12-17 02:35:22,t3_1hg0uae,t3_1hg0uae,comment
m2g1ofg,[deleted],[deleted],merval,19,2024-12-17 01:13:18,t3_1hg0uae,t3_1hg0uae,comment
m2hg1i1,"Meh, con la capacidad ver el futuro todos seriamos millonarios. Y cuando todos seamos millonarios...nadie va a serlo...",NNTokyo3,merval,17,2024-12-17 09:25:08,t3_1hg0uae,t3_1hg0uae,comment
m2g2ujn,Yo puse 150k y tengo 205k.,psicodelico6,merval,10,2024-12-17 01:21:38,t3_1hg0uae,t3_1hg0uae,comment
m2fs1ux,Alguien me explique como si fuera de Boca,NoOneWalksInAtlanta,merval,26,2024-12-17 00:09:26,t3_1hg0uae,t3_1hg0uae,comment
m2fpu9u,loteria,Swimming_Teaching_75,merval,21,2024-12-16 23:55:39,t3_1hg0uae,t3_1hg0uae,comment
m2g08d1,Ari sos vos?,Hot-Finance5354,merval,8,2024-12-17 01:03:15,t3_1hg0uae,t3_1hg0uae,comment
m2frakb,Op:timba timba timba timba,LadrilloDeMadera,merval,12,2024-12-17 00:04:37,t3_1hg0uae,t3_1hg0uae,comment
m2g0474,A qué te referis con opciones?,Matkossj,merval,4,2024-12-17 01:02:28,t3_1hg0uae,t3_1hg0uae,comment
m2hufwm,"Mientras tanto, a todos los liquidados los veo en el estacionamiento de ~~Wendy's~~ Mostaza",elrond_lariel,merval,5,2024-12-17 11:08:16,t3_1hg0uae,t3_1hg0uae,comment
m2iw138,señales de que esta por explotar todo al carajo,DrawLopsided9315,merval,3,2024-12-17 14:38:22,t3_1hg0uae,t3_1hg0uae,comment
m2g1aj2,Donde compran opciones?,HolderEva0,merval,3,2024-12-17 01:10:38,t3_1hg0uae,t3_1hg0uae,comment
m2ft43c,Jajaja algo más random no tenías?,caption-this-,merval,2,2024-12-17 00:16:17,t3_1hg0uae,t3_1hg0uae,comment
m2g4mpj,Que serian las opciones? No esta solo la accion pedorra de galicia?,Traditional-Art-1025,merval,2,2024-12-17 01:34:34,t3_1hg0uae,t3_1hg0uae,comment
m2gcr3o,Ariel?,nestordg,merval,2,2024-12-17 02:40:07,t3_1hg0uae,t3_1hg0uae,comment
m2gu1k8,"Tenía un fci de acciones y saqué todo antes del boom, F",juanchi74,merval,2,2024-12-17 05:33:19,t3_1hg0uae,t3_1hg0uae,comment
m2gvu7o,"Ariel, el rediturro",mcesarg,merval,2,2024-12-17 05:54:00,t3_1hg0uae,t3_1hg0uae,comment
m2h45rb,Claro y al otro día hacés otra call y perdés el doble de lo que ganaste. Para no ser tan boludo te escribió el libro Graham jaja,LocksmithEven4085,merval,2,2024-12-17 07:28:56,t3_1hg0uae,t3_1hg0uae,comment
m2h8lvb,"Ignorante total acá, pero hoy vi que un FCI del Santander rindió 7.87% y la cartera tiene bastante puesto en GGAL-AR, esto habrá influido o no tiene nada que ver?    
La verdad que yo no le doy mucha pelota porque no me quiero comer la cabeza, pero desde puse plata en el FCI ese, me han aparecido rendimientos que son medio irreales, aunque este creo que es el aumento diario mas grande que he notado.",RMPAR,merval,2,2024-12-17 08:16:38,t3_1hg0uae,t3_1hg0uae,comment
m2hbtnv,que planteo idiota es este?????,Top-Appointment-9310,merval,2,2024-12-17 08:48:00,t3_1hg0uae,t3_1hg0uae,comment
m2holzy,como vas a usar esos mocasines quien te hizo tanto daño,Electrical_Cup_1654,merval,2,2024-12-17 10:29:35,t3_1hg0uae,t3_1hg0uae,comment
m2i5hmt,ahi voy al pasado y vuelvo,infiernito,merval,2,2024-12-17 12:15:06,t3_1hg0uae,t3_1hg0uae,comment
m2i5uig,"Que Central Córdoba ganaba la Copa Argentina pagaba 6, imaginate.

Con el diario del lunes cualquiera se hace millonario 😅",TaPele__,merval,2,2024-12-17 12:17:09,t3_1hg0uae,t3_1hg0uae,comment
m2i7pyp,si mi abuela tuviera ruedas sería optimus prime post,gabbrielzeven,merval,2,2024-12-17 12:27:49,t3_1hg0uae,t3_1hg0uae,comment
m2oxaoi,"Yo compré opciones Galicia x 2 millones y vendí un dia antes del 10% de Galicia por 3,5. Si vendía hoy-ayer tenía 15 palos xd",Alert-Refrigerator22,merval,2,2024-12-18 15:01:26,t3_1hg0uae,t3_1hg0uae,comment
m2gxjso,Te manda saludos Ari. Dice que hay que estudiar más y no hacer tanto copy/paste.,Professional_Place8,merval,1,2024-12-17 06:13:48,t3_1hg0uae,t3_1hg0uae,comment
m2h2f2h,Nada tan distinto como jugar a la quiniela,Lisi95,merval,1,2024-12-17 07:09:32,t3_1hg0uae,t3_1hg0uae,comment
m2h3vhe,Yo habia puesto unos 20k en Nvidia antes del subidon... de saberlo como todo se pondria todo en eso. Pero no es posible saberlo a no ser que estes en la empresa y saber lo que pasaria.,Creative-Win-3447,merval,1,2024-12-17 07:25:45,t3_1hg0uae,t3_1hg0uae,comment
m2h8gxh,Claro si le pegabas a los nros del quini 6 hoy tenias 1000palos,nosesidecirte,merval,1,2024-12-17 08:15:13,t3_1hg0uae,t3_1hg0uae,comment
m2hatoi,Timba timba tumba,Key_Examination_9397,merval,1,2024-12-17 08:38:38,t3_1hg0uae,t3_1hg0uae,comment
m2he93i,"La pregunta es, porque paso esto de que subio tanto ?",boquita9,merval,1,2024-12-17 09:09:54,t3_1hg0uae,t3_1hg0uae,comment
m2heep9,post de ariel sabdar,Celtoso23,merval,1,2024-12-17 09:11:16,t3_1hg0uae,t3_1hg0uae,comment
m2i1fpv,"La ptm. Compré opciones a feb contemplando que con la mejoría económica iban a despegar los bancos. El 8/11 compré 3 lotes a $615. Llegó a estar $160 hace una semana y ahora >$900. No es 1 palo, pero gané 30%. Me metí demasiado temprano",rtnotb,merval,1,2024-12-17 11:51:27,t3_1hg0uae,t3_1hg0uae,comment
m2i73o3,"Les doy un ejemplo más cercano a la realidad de un ser humano común y corriente como yo. Hace un año compré 50 acciones de GGAL a unos 1700 pesos cada una, fueron unos 90k en ese momento. 

Hoy cada acción de esas vale 7900, casi 400k jajajaja",LucasRTI,merval,1,2024-12-17 12:24:18,t3_1hg0uae,t3_1hg0uae,comment
m2ibcbw,Hola ... Me pueden explicar como para los de boke que fue lo que pasó con Galicia... No entiendo si subió o bajo o que onda o.o,ElectronicSkin2470,merval,1,2024-12-17 12:47:58,t3_1hg0uae,t3_1hg0uae,comment
m2ieizo,Como me gustaria que alguien haga un videito en youtub (si existe mejor) para haceer inversiones siendo argentino :(,crying_lemon,merval,1,2024-12-17 13:05:10,t3_1hg0uae,t3_1hg0uae,comment
m2iz5we,Opciones...dónde/cómo se aprende a operar este tipo de activos?,Subject_Operation_88,merval,1,2024-12-17 14:54:44,t3_1hg0uae,t3_1hg0uae,comment
m2j5guz,Ese calzado de la foto 🙆🏻‍♂️😂,icemodding,merval,1,2024-12-17 15:27:49,t3_1hg0uae,t3_1hg0uae,comment
m2jae6d,"Si claro. Ahora son todos Chicago Boys, emprendedores agentes de bolsa y traders. Seguro si",JanuariusBifronte,merval,1,2024-12-17 15:53:27,t3_1hg0uae,t3_1hg0uae,comment
m2ji01b,si compraba un bitcoin en 2008 hoy era millonario,Icy-Fun4639,merval,1,2024-12-17 16:33:26,t3_1hg0uae,t3_1hg0uae,comment
m2jl8dv,Gastalo todo em PUTas ahora.,Severe_Insurance_861,merval,1,2024-12-17 16:50:19,t3_1hg0uae,t3_1hg0uae,comment
m2jvgp3,¿Pero hay liquidez para tomar esas posiciones?,s2r_,merval,1,2024-12-17 17:44:57,t3_1hg0uae,t3_1hg0uae,comment
m2kll4j,ariel? [https://x.com/arielsbdar/status/1868848650480152984](https://x.com/arielsbdar/status/1868848650480152984),LeaTex_ok,merval,1,2024-12-17 20:07:13,t3_1hg0uae,t3_1hg0uae,comment
m2l1h06,Yo hice con agrometal 780% antes del splits . Hice varios millones,carlosazuaje,merval,1,2024-12-17 21:43:20,t3_1hg0uae,t3_1hg0uae,comment
m2oon2z,Cómo compras las opciones? yo uso balanz,Fantastic-Paint4970,merval,1,2024-12-18 14:16:14,t3_1hg0uae,t3_1hg0uae,comment
m2r9wm8,donde aprendo mas de esto exactamente?,Funny-Internet5238,merval,1,2024-12-18 22:48:57,t3_1hg0uae,t3_1hg0uae,comment
m323fby,No existe liquidez para colocar eso manija,Key_Street1034,merval,1,2024-12-20 20:28:13,t3_1hg0uae,t3_1hg0uae,comment
m32ixlr,"Compré eth cuando no valía nada y lo vendí cuando valía nada, fuck.",AdministrativeMail60,merval,1,2024-12-20 22:11:59,t3_1hg0uae,t3_1hg0uae,comment
m33jwyx,Con esos zapatos seguro que es ponzibro,khanmaytok,merval,1,2024-12-21 02:50:40,t3_1hg0uae,t3_1hg0uae,comment
m2hhdfz,yo puse el culo y ahora tengo sida,Hot_Event_3622,merval,1,2024-12-17 09:36:01,t3_1hg0uae,t3_1hg0uae,comment
m2kzz15,Borren este post de mierda ,mikKiske,merval,-1,2024-12-17 21:34:14,t3_1hg0uae,t3_1hg0uae,comment
m2h9okw,como compras opciones desde argentina?,Esto2050,merval,23,2024-12-17 08:27:29,t1_m2fvfab,t3_1hg0uae,comment
m2hs1ml,"ring sophisticated scary violet sparkle snow scale society piquant consist

 *This post was mass deleted and anonymized with [Redact](https://redact.dev/home)*",rogue-fox-m,merval,9,2024-12-17 10:52:34,t1_m2fvfab,t3_1hg0uae,comment
m2hurzk,Que carajo paso que subio 20 veces?,antiparras,merval,8,2024-12-17 11:10:25,t1_m2fvfab,t3_1hg0uae,comment
m2iuouv,"Hola, ¿cómo estás? ¿Qué aplicación o web usaste para comprar las acciones? Porque estoy buscando alguna que pueda comprar distintas acciones y no me convence ninguna. Desde ya, muchas gracias.",JuacoNekerr,merval,2,2024-12-17 14:31:15,t1_m2fvfab,t3_1hg0uae,comment
m2inrhs,"Yo hice exactamente lo contrario, por pelotudo me perdí esa fiesta.",Mcdick90,merval,1,2024-12-17 13:54:27,t1_m2fvfab,t3_1hg0uae,comment
m2rc9u5,Como funciona eso? Cuanto riesgo corriste en poner esos 50k si te salia mal? Realmente no entiendo como pasas de 500k a 200 M con esos sintéticos,SouthCharles,merval,1,2024-12-18 23:03:22,t1_m2fvfab,t3_1hg0uae,comment
m3ay3km,ahora todo al rojo,KaretuK,merval,1,2024-12-22 13:52:31,t1_m2fvfab,t3_1hg0uae,comment
m2ji2ma,"Alta data master, te puedo preguntar como hiciste? Que plataforma? Me interesa aprender como es el habito de andar viendo acciones.",Dry_Law_8868,merval,1,2024-12-17 16:33:49,t1_m2fvfab,t3_1hg0uae,comment
m2hkhpi,Invertiste 50k y ahora tenes 1 millón? En 2 meses? Mm,Lefthanded-f477,merval,-10,2024-12-17 09:59:52,t1_m2fvfab,t3_1hg0uae,comment
m2fslkg,Puede pasar.,Frangs1,merval,38,2024-12-17 00:12:56,t1_m2fseh0,t3_1hg0uae,comment
m2h2b5n,Es directo a puerto madero o abajo del puente.,WSSquab,merval,21,2024-12-17 07:08:20,t1_m2fseh0,t3_1hg0uae,comment
m2fxdsb,Yo solo digo que podés ahorrarte 1 comida mas al dia.,rsanchan,merval,69,2024-12-17 00:44:12,t1_m2fq96x,t3_1hg0uae,comment
m2fqepa,😂😂😂,GonzoElDuke,merval,11,2024-12-16 23:59:10,t1_m2fq96x,t3_1hg0uae,comment
m2i4s2j,Máximo histórico? Deme mil.,Jauretche,merval,11,2024-12-17 12:11:00,t1_m2fq96x,t3_1hg0uae,comment
m2k0sw2,A vos también haces ayuno intermitente.,Fondito,merval,1,2024-12-17 18:13:13,t1_m2fq96x,t3_1hg0uae,comment
m2li8mv,Tenés más chances con esto. Literal,armonicoenfuga,merval,8,2024-12-17 23:27:07,t1_m2fsbz3,t3_1hg0uae,comment
m2h5tgo,bueno pero por lo menos afortunado en el amor... verdad?,grifter_cash,merval,32,2024-12-17 07:47:17,t1_m2fzzbl,t3_1hg0uae,comment
m2jjetn,Yo vendí NVDA el día antes de que saltara como 20% en un día,Yearlaren,merval,4,2024-12-17 16:40:49,t1_m2fzzbl,t3_1hg0uae,comment
m2hx530,Jajajajaj estamos en la misma la veo desde afuera y eso que me salí teniendo mi Target objetivo de 60 usd.,Spiritual_Bottle_926,merval,2,2024-12-17 11:25:24,t1_m2fzzbl,t3_1hg0uae,comment
m2lh0wk,Pero si era claro que iba a subir. Por vaca muerta etc. Inversor no inteligente,MinimumDurian7584,merval,2,2024-12-17 23:19:22,t1_m2fzzbl,t3_1hg0uae,comment
m2hjg7t,Y por qué lo hiciste?,Andrescoo,merval,1,2024-12-17 09:52:06,t1_m2fzzbl,t3_1hg0uae,comment
m2gcgrh,Explícame como si tuviera 5 años,Deep-Volume-9144,merval,4,2024-12-17 02:37:36,t1_m2g1ofg,t3_1hg0uae,comment
m2g6sl5,"Las opciones son una versión amplificada de las acciones

Para simplificar, significa ""apuesto a que SUBE/BAJA a 200$ la acción GGAL ANTES DE (fecha)"". Si HOY, antes de febrero ponele, GGAL supera los 200$, obtenes un beneficio mucho mayor a que si hubieras comprado acciones.

Si la acción se mueve de manera lateral o baja, perdés.",Outrageous_Cap_1367,merval,33,2024-12-17 01:51:00,t1_m2fs1ux,t3_1hg0uae,comment
m2i7een,"Mirate la película ""the big short""",LucasRTI,merval,3,2024-12-17 12:26:01,t1_m2fs1ux,t3_1hg0uae,comment
m2ft71j,La gente invierte su guita o ahorros en sistemas como PF o en acciones que supuestamente creen que subirán y se harán millonarios pero la realidad que como fluctúa todo se les vino abajo las ganancias y muchos han perdido todo...,maxibarto,merval,9,2024-12-17 00:16:49,t1_m2fs1ux,t3_1hg0uae,comment
m2idcqq,"Amigo, ahí explique en un comentario, de tu mismo comentario, si te sirve.",Puchox_x,merval,2,2024-12-17 12:58:48,t1_m2fs1ux,t3_1hg0uae,comment
m2fqhqr,"¿Y si en este verano te toca a vos? Telekino, telekino, telekino.",Frangs1,merval,65,2024-12-16 23:59:41,t1_m2fpu9u,t3_1hg0uae,comment
m2hyoef,Cocos verdad??,Perk87,merval,4,2024-12-17 11:34:57,t1_m2g08d1,t3_1hg0uae,comment
m2g4h9r,"paja timba paja timba paja timba, tiktok. el que entendio entendio",Amegaryder,merval,6,2024-12-17 01:33:27,t1_m2frakb,t3_1hg0uae,comment
m2g7g1q,"Opciones de compra y opciones de venta.

Basicamente te podes comprar el derecho a comprar esas acciones o vender esas acciones hasta determinada fecha a determinado precio.

Ej:

Ahora GGAL esta a 8k. Y se venden opciones de compra con vencimiento a 1-Feb a 10k (para tirar un numero). Y esa opcion se vende a 1k.

Eso significa que si pagas el 1k, en cualquier momento hasta 1-Feb podes ejecutar esa opcion y comprar GGAL a 10k cada una.

¿De que te sirve? Si pensas que va a subir mas de 11k antes de Febrero es una forma de atarse al riesgo de la accion minimizando tu inversion.

Ej. Si a mediados de Enero subio a 15k, podes ejecutar la opcion, comprar a 11k y acto seguido venderlas a 15k, sacando un bruto de 4k.

Si la opcion te salio 1k tripicaste tuviste un 300% de rendimiento. Y fijate que no tuviste que apostar con el precio de accion, simplemente con el precio del derivado.",bannedinlegacy,merval,26,2024-12-17 01:56:05,t1_m2g0474,t3_1hg0uae,comment
m2g4yn0,"Así como están los gordos compu, los gordos mervaleros se meten en opciones y futuros (tampoco sé que son)",Angry_argie,merval,5,2024-12-17 01:37:03,t1_m2g0474,t3_1hg0uae,comment
m2g7jqo,"En IOL podes acceder via esta pagina y deberian estar disponibles en cualquier broker.

https://iol.invertironline.com/mercado/cotizaciones/argentina/opciones/todas

Lo unico que si, no son instrumentos para novatos.",bannedinlegacy,merval,6,2024-12-17 01:56:52,t1_m2g1aj2,t3_1hg0uae,comment
m2g7os2,"Aca le respondi a otro usuario.

https://www.reddit.com/r/merval/comments/1hg0uae/pon%C3%ADas_500000_en_opciones_de_galicia_el_viernes_y/m2g7g1q/

No, estan para la mayoria de las acciones del Merval.

Aca podes ver la disponibilidad de IOL.
https://iol.invertironline.com/mercado/cotizaciones/argentina/opciones/todas",bannedinlegacy,merval,4,2024-12-17 01:57:58,t1_m2g4mpj,t3_1hg0uae,comment
m2ip778,"seed bike include fuel reach ghost pocket plant bake lush

 *This post was mass deleted and anonymized with [Redact](https://redact.dev/home)*",rogue-fox-m,merval,1,2024-12-17 14:02:02,t1_m2g4mpj,t3_1hg0uae,comment
m2i7r83,Todas las acciones argentinas están subiendo como espuma. El año pasado en septiembre yo invertí alrededor de 200k y hoy en día mi portfolio vale más de 600k,LucasRTI,merval,1,2024-12-17 12:28:01,t1_m2h8lvb,t3_1hg0uae,comment
m2hqzxg,"Un banco yanqui les subió la calificación a los bancos argentinos, volaron todos ayer",luislezcair,merval,2,2024-12-17 10:45:45,t1_m2he93i,t3_1hg0uae,comment
m2m3yg0,Capo ,AntiqueConflict5295,merval,1,2024-12-18 01:54:48,t1_m2i73o3,t3_1hg0uae,comment
m2m44d6,La versión supersaiyan de las acciones de Galicia volaron porque morgan stanley dijo 'compren galicia'. Fin.,AntiqueConflict5295,merval,1,2024-12-18 01:56:04,t1_m2ibcbw,t3_1hg0uae,comment
m2i0aad,"tenés que ponerlo de nuevo para ver si te curas, ""vacunas de carne"" de dicen",un_matecito-porFavor,merval,0,2024-12-17 11:44:39,t1_m2hhdfz,t3_1hg0uae,comment
m2hp166,"Desde PPI, aunque solo se pueden comprar opciones cuyo subyacente son acciones argentina. El tema es que prácticamente todo lo que no sea GGAL o YPF, el volumen es cero para casi cualquier opción.",SgtPepperinoPomoro,merval,16,2024-12-17 10:32:30,t1_m2h9okw,t3_1hg0uae,comment
m2hgael,"pregunto lo mismo, supongo que desde alguna plataforma tipo iol o cocos",ghrusso,merval,9,2024-12-17 09:27:11,t1_m2h9okw,t3_1hg0uae,comment
m2xy3lr,Es recomendable comprar hoy en día o ya no?,Independent_Policy37,merval,1,2024-12-20 02:29:42,t1_m2hs1ml,t3_1hg0uae,comment
m2ifuwz,"El riesgo país bajo y J.P. Morgan le subió la clasificación a los bancos de Argentina, eso hizo que se disparara el precio de la opción.",AdSpecial1120,merval,14,2024-12-17 13:12:18,t1_m2hurzk,t3_1hg0uae,comment
m2i7w7i,"opciones, no acciones.",gabbrielzeven,merval,7,2024-12-17 12:28:49,t1_m2hurzk,t3_1hg0uae,comment
m2j8jb7,"Se está hablando de OPCIONES, no de acciones.",peperinna,merval,4,2024-12-17 15:43:50,t1_m2iuouv,t3_1hg0uae,comment
m2hln44,Evidentemente no sabes cómo funcionan las opciones jajajaj,ahantedoro,merval,26,2024-12-17 10:08:24,t1_m2hkhpi,t3_1hg0uae,comment
m2ftwwp,Puede fallar,InevitableBit2367,merval,17,2024-12-17 00:21:29,t1_m2fslkg,t3_1hg0uae,comment
m2hk5uf,Pero sigue siendo puerto madero,Sincueeeh,merval,14,2024-12-17 09:57:26,t1_m2h2b5n,t3_1hg0uae,comment
m2hhhzm,... Verdad?,yumesanlas,merval,28,2024-12-17 09:37:02,t1_m2h5tgo,t3_1hg0uae,comment
m2hkj7m,En estos momentos mi Michi está haciendo las maletas porque sabe q voy a comprar la entrada para SOAD… tiren data de dónde conseguir arroz barato,Happy-Hovercraft9442,merval,13,2024-12-17 10:00:10,t1_m2h5tgo,t3_1hg0uae,comment
m2jjq17,Pero por lo menos t dieron caja navideña y aguinaldo?,Happy-Hovercraft9442,merval,3,2024-12-17 16:42:27,t1_m2jjetn,t3_1hg0uae,comment
m2kfqc9,"yo dije ""mañana compro tsla"" y bue, ""mañana"" me desperté y me quería cortar las bolas",lilaxs,merval,1,2024-12-17 19:33:38,t1_m2jjetn,t3_1hg0uae,comment
m2hjw36,"Me dejé llevar por soporte y resistencia, tocó resistencia y vendí y luego todo se fue a la bija",Happy-Hovercraft9442,merval,2,2024-12-17 09:55:24,t1_m2hjg7t,t3_1hg0uae,comment
m2gw7ye,"Medio: Es un mercado muy chiquito, tan chiquito que si querés comprar 500.000 pesos vos moved el precio de las opciones (no tenes una contraparte que te compre a ese precio)

Basico: es un mercado de autos de lujo que solo hay 4. El primero lo quiere vender a 1 los otros a 8/10/12.

Si compras el primer auto a 1 y lo vendes a 6 decis uh podria haber sextuplicado mí plata si compraba más. Pero cuando querías ir a comprar el siguiente te lo vendían tan caro que en realidad dejaba de valer la pena y perdías plata. Todo esto porque el mercado es tan chiquito que vos comprando moves el precio.",un_pibe_randon,merval,19,2024-12-17 05:58:26,t1_m2gcgrh,t3_1hg0uae,comment
m2hjj9a,Eso es más timba que la timba per sé,Andrescoo,merval,35,2024-12-17 09:52:43,t1_m2g6sl5,t3_1hg0uae,comment
m2hxw8v,"Eeee no diría apuesto, es una forma de cubrirte de las posiciones. Entrar en un precio, asegurar una pérdida o una ganancia… obvio usándolo bien. Ahora con las acciones, Podrías timbear también, y tener suerte.",Spiritual_Bottle_926,merval,1,2024-12-17 11:30:04,t1_m2g6sl5,t3_1hg0uae,comment
m2m292m,"La versión amplificada es el call.
También podes ganar si baja (comprando un put).
Después hay estrategias más avanzadas. Hay un lotero legendario llamado Francisco Mancuso que la tiene clarísima.",AntiqueConflict5295,merval,1,2024-12-18 01:41:40,t1_m2g6sl5,t3_1hg0uae,comment
m2gbwrw,"Para u/NoOneWalksInAtlanta : las OPCIONES podés ""apostar"" a que sube o baja un activo, y también podés ""jugártela"" que gana y pierde al mismo tiempo, entonces haces ""cobertura"". Es algo extremadamente más complejo que un PF o FCI, pero es extremadamente mucho más redituable ""si sale bien"".",peperinna,merval,11,2024-12-17 02:32:48,t1_m2ft71j,t3_1hg0uae,comment
m2h6lwk,"En el mercado argentino el 50% de los papeles subió 100% o más. Solo el 5% no subió más de 40% en 2024 .
El que hizo pf ganó como 50% en dólares.
El que invierte sabe que es un proceso, eso de tirar a una opción descubierto puede salir muy mal y no es un inversor es un timbero.no mezclamos inversores con timbero que se quieren volver millonarios como la pelotudez que acabas de decir",Subject_Ad6183,merval,3,2024-12-17 07:55:42,t1_m2ft71j,t3_1hg0uae,comment
m2m2q6h,"No cazás una, está todo bien, estudiá un poco sobre el tema antes de meterte, eso sí. un abrazo.",AntiqueConflict5295,merval,1,2024-12-18 01:45:18,t1_m2ft71j,t3_1hg0uae,comment
m2fu65e,Lo leyeron con la voz de Riverito jajajaja,Nestornauta,merval,22,2024-12-17 00:23:09,t1_m2fqhqr,t3_1hg0uae,comment
m2hz9ds,sisi cocos,Hot-Finance5354,merval,4,2024-12-17 11:38:30,t1_m2hyoef,t3_1hg0uae,comment
m2hci79,Estas explicando solo el camino feliz. Avisale la contracara,cachitodepepe,merval,9,2024-12-17 08:54:17,t1_m2g7g1q,t3_1hg0uae,comment
m2g8f9w,"Aprendí mi lección con opciones de crypto jaja pero lo voy a echar un vistazo, gracias",HolderEva0,merval,3,2024-12-17 02:03:53,t1_m2g7jqo,t3_1hg0uae,comment
m4egu0x,por qué no son para novatos? dónde puedo aprender mäs? tengo la certeza de que el riesgo país va a volver a bajar en los próximos 6 meses y quizá no tiene la rentabilidad que dice el titulo del post pero se puede ganar buena guita,leaansp,merval,1,2024-12-29 16:39:29,t1_m2g7jqo,t3_1hg0uae,comment
m2i0yvy,"pasa que lo tengo a la miseria, me la aguanto ?  
dicen que tambien puedo tener gay. una especie de enfemedad nueva",Hot_Event_3622,merval,0,2024-12-17 11:48:42,t1_m2i0aad,t3_1hg0uae,comment
m2hs75y,[removed],[deleted],merval,9,2024-12-17 10:53:34,t1_m2hp166,t3_1hg0uae,comment
m2zmskl,"important lavish bag stupendous follow safe sip brave vegetable aromatic

 *This post was mass deleted and anonymized with [Redact](https://redact.dev/home)*",rogue-fox-m,merval,1,2024-12-20 11:59:12,t1_m2xy3lr,t3_1hg0uae,comment
m2ipk4n,"Mas abajo lei lo del apalancamiento, ahi entendi",antiparras,merval,4,2024-12-17 14:03:56,t1_m2i7w7i,t3_1hg0uae,comment
m2rpbm7,Cuál es la diferencia?,letiori,merval,1,2024-12-19 00:27:28,t1_m2j8jb7,t3_1hg0uae,comment
m2hlx8a,Claramente,Lefthanded-f477,merval,3,2024-12-17 10:10:29,t1_m2hln44,t3_1hg0uae,comment
m2gbh2h,"Le podía fallar a Tu-Sam, qué queda para nosotros",ziron321,merval,15,2024-12-17 02:29:07,t1_m2ftwwp,t3_1hg0uae,comment
m2kh1y5,El Puente de la Mujer,Boring-Durian7220,merval,4,2024-12-17 19:41:04,t1_m2hk5uf,t3_1hg0uae,comment
m2hm1bu,...,grifter_cash,merval,25,2024-12-17 10:11:18,t1_m2hhhzm,t3_1hg0uae,comment
m2jso4c,No porque soy exportador de servicios. Este año me mató el atraso cambiario.,Yearlaren,merval,6,2024-12-17 17:30:03,t1_m2jjq17,t3_1hg0uae,comment
m2hknq0,Lee siempre las noticias,Inevitable_Quail_449,merval,5,2024-12-17 10:01:07,t1_m2hjw36,t3_1hg0uae,comment
m2hk4zx,"Cualquier energética no tiene techo hoy en arg, hasta cuándo va a durar? No sabría decirte pero yo estoy full energéticas y loma ahora que se va a construir a lo loco. Bancos también, todo pum para arriba.",Andrescoo,merval,3,2024-12-17 09:57:16,t1_m2hjw36,t3_1hg0uae,comment
m2id7dm,"Depende como lo hagas, te explico más.

Las opciones no tiene que ver solo con las acciones. Una opción, es un ""derecho"" más no una ""obligación"", esto te permite a vos como inversor, comprar algo a un determinado precio. Y si en el futuro esto que vos compraste sube de precio, vos tenés el derecho de comprar esto al precio al cual vos compraste la opción, esto puede ser cualquier activo, como por ejemplo Bitcoin, o petróleo.

En el caso de Bitcoin, si es mucha timba, si no estás muy metido y muy bien informado, nunca vas a saber a dónde va a ir el precio, por lo tanto es timba, porque estás ""apostando"" a que el precio subira. 

En el caso del petróleo, no es timba, es una inversión donde o podes sacar rentabilidad buena o proteger tu capital ante la inflación. Dado que el precio del petróleo si es más predecible si sabes cómo hacerlo y no necesitas ser Einstein para lograrlo.

En el caso del petróleo el mundo en general está dejándolo de lado para las energías renovables, por temas de política. Esto te da una visión general de porque el precio del petróleo va a bajar.

Hay que tener cuidado igual con los activos normales, como el petróleo, el gas, el oro, etc. Estos activos tienen como contraparte, que su precio puede ser manipulado, no por vos como puede ser el ejemplo de Galicia que solo sirve en Argentina. Si no por las grandes empresas, los magnates, o los mismos fondos de inversión con millones de dólares, que también hacen lo mismo que vos, pero a escalas inimaginables. Esto altera de forma muy repentina el precio del los activos subyacentes.",Puchox_x,merval,9,2024-12-17 12:58:00,t1_m2hjj9a,t3_1hg0uae,comment
m2i1bax,Es una simplificación. No mencione ni el decay,Outrageous_Cap_1367,merval,1,2024-12-17 11:50:45,t1_m2hxw8v,t3_1hg0uae,comment
m2h0vnu,No parece haber mucha diferencia con ir a jugar al casino,Downtown_Weakness_21,merval,8,2024-12-17 06:52:20,t1_m2gbwrw,t3_1hg0uae,comment
m2j6xs1,"O sea que tenés potencial para ganar, pero si llegás a perder, quedarías casi ""cubierto""? En dónde puedo leer más sobre esa estrategia específica?",Solved_sudoku,merval,3,2024-12-17 15:35:32,t1_m2gbwrw,t3_1hg0uae,comment
m2fxsah,"Se me van a ver las canas, pero no era Riverito, era Silvio Soldán. Riverito era del Quini 6.",rsanchan,merval,33,2024-12-17 00:46:50,t1_m2fu65e,t3_1hg0uae,comment
m2jym9h,De Silvio soldan 🤣,super_ameba,merval,1,2024-12-17 18:01:32,t1_m2fu65e,t3_1hg0uae,comment
m2hn08r,"fragile middle simplistic piquant imminent practice smell grandiose deliver quickest

 *This post was mass deleted and anonymized with [Redact](https://redact.dev/home)*",rogue-fox-m,merval,3,2024-12-17 10:18:17,t1_m2hci79,t3_1hg0uae,comment
m2hjslj,"Quise hacer una version explicativa y resumida de que es una opción y porque alguien usaria una opción.

Explicar opciones de venta, depreciación del activo, tiempo de ejecución y otras variables siento que me llevaria tiempo y seria mas adecuado en un post mas que un comentario.

Sos bienvenido a explicar la contracara.",bannedinlegacy,merval,5,2024-12-17 09:54:41,t1_m2hci79,t3_1hg0uae,comment
m2hyqw8,cambias de vaca pero la leche es la misma,Perk87,merval,4,2024-12-17 11:35:23,t1_m2g8f9w,t3_1hg0uae,comment
m4f49qw,"Como metodo de inversión, para planear una estrategia consistente y/o para hacer un hedge necesitas tener conocimiento de como funcionan (entender los deltas, saber que tipo de instrumento, que fecha de expiración conviene, armar una estructura de opciones consistente a tu cartera,etc).

Para hacer apuestas cualquier los puede usar, pero sos apuestas al fin y al cabo. De mayor riesgo que apostar a una acción, y por eso no se la recomendaria a un novato.

Ya valuar una acción es dificil, valuar una opción es el doble de dificil porque tiene mas partes en movimiento.",bannedinlegacy,merval,2,2024-12-29 18:39:27,t1_m4egu0x,t3_1hg0uae,comment
m2i4759,Alto dashboard tiene BYMADATA! No lo conocía. Gracias por la data!,SgtPepperinoPomoro,merval,11,2024-12-17 12:07:38,t1_m2hs75y,t3_1hg0uae,comment
m2rq7rq,Ahí expliqué resumidamente: [https://www.reddit.com/r/merval/comments/1hg0uae/comment/m2gbwrw/](https://www.reddit.com/r/merval/comments/1hg0uae/comment/m2gbwrw/),peperinna,merval,2,2024-12-19 00:33:35,t1_m2rpbm7,t3_1hg0uae,comment
m2hmyyk,Las opciones son un instrumento apalancado. Básicamente pedís plata para invertirla. Por ejemplo si te apalancas x20 y la acción sube 100% hace un 2000% no 100. Pero si baja un 5% perdes todo tu capital invertido,Joochourd,merval,12,2024-12-17 10:18:01,t1_m2hlx8a,t3_1hg0uae,comment
m2hn9ej,Jajajajajajaj!!!,[deleted],merval,9,2024-12-17 10:20:05,t1_m2hm1bu,t3_1hg0uae,comment
m2jv3l5,Yo soy monotributista pero por suerte no compré usd a 1400 si no doble corchazo,Happy-Hovercraft9442,merval,1,2024-12-17 17:43:02,t1_m2jso4c,t3_1hg0uae,comment
m2hkz3x,Vieja me da miedo q esté todo tan verde jaja no para de subir y no quiero q me empomen jaja volví a las crypto por un tiempo pero haciendo launchpool ja,Happy-Hovercraft9442,merval,5,2024-12-17 10:03:28,t1_m2hk4zx,t3_1hg0uae,comment
m2m2y3x,"Es el instrumento mas volátil, no me pasó, pero cuando la pegas debe ser hermoso.",AntiqueConflict5295,merval,2,2024-12-18 01:46:59,t1_m2h0vnu,t3_1hg0uae,comment
m2h6xxz,"El casino es puro azar y encima con sesgo en tu contra. Esto no, puede haber fundamentos que te sirvan para prever lo que va a pasar. El problema es que hay muchos otros compitiendo con vos.",ferow2k,merval,4,2024-12-17 07:59:14,t1_m2h0vnu,t3_1hg0uae,comment
m2rrhy2,"hay mucho en internet, pero más que las opciones ""financieras"" sobre acciones, te recomiendo buscar las que explican opciones como ""put & call"" en cereales. Suelen ser ejemplos más simples y menos rebuscados al inicio.

Ej: vos sos un molino que necesita en ABRIL 2025 una cantidad 100 TN de trigo y así garantizar su producción de galletitas, harina, panes, etc. Y como contraparte tenés a Juan, un tipo que tiene campos de trigo, estima que va a cosechar 100 TN de trigo en abril. Uno va a comprar un PUT y otro un CALL, por 100 TN de trigo, para abril 2025, por un precio de 30.000 dólares.

¿qué pasa si llega abril y Juan no llegó a las 100 TN, sino que cosechó 80? ¿qué pasa si el molino necesita la mitad? ¿qué pasa si el precio del trigo es muy diferente a lo que estimaron y se comprometieron? Bueno, estudia eso, las opciones son una herramienta magnífica y que en el agro y otras industrias se usan mucho, pero en mercados de acciones son un poco ""más timba"" y menos cobertura. Por eso, son todavía aún más complejos.",peperinna,merval,3,2024-12-19 00:42:28,t1_m2j6xs1,t3_1hg0uae,comment
m2g344w,El oooooooooooooooochoooo,RainEnvironmental881,merval,12,2024-12-17 01:23:32,t1_m2fxsah,t3_1hg0uae,comment
m2hbns1,Sos Old jaja,Nestornauta,merval,3,2024-12-17 08:46:30,t1_m2fxsah,t3_1hg0uae,comment
m2if9ys,Y si baja?,cachitodepepe,merval,2,2024-12-17 13:09:13,t1_m2hn08r,t3_1hg0uae,comment
m2ipgr2,Y los gordos rediturros nunca le decimos que no a un lechazo,Valnir123,merval,3,2024-12-17 14:03:27,t1_m2hyqw8,t3_1hg0uae,comment
m4fieq2,"y hay algún libro o algun canal en youtube donde pueda aprender más por mi cuenta?

yo hace un tiempo largo que vengo mirando las acciones, obvio que me falta aprender un montón y aparte no tengo tanta guita, pero viendo la situación actual del país y el cumplimiento del pago de la deuda puede ser una oportunidad

  
existen por ejemplo, opciones para BYMA? o no todo lo que cotiza en el merval tiene opciones?",leaansp,merval,1,2024-12-29 19:54:33,t1_m4f49qw,t3_1hg0uae,comment
m2ur5pr,Gracias!,letiori,merval,1,2024-12-19 14:52:40,t1_m2rq7rq,t3_1hg0uae,comment
m2ib40e,No necesariamente apalancado.,MaleficentTrip4970,merval,2,2024-12-17 12:46:42,t1_m2hmyyk,t3_1hg0uae,comment
m2ib6eh,"Claro, pero lo que perder es infimo con la posiblidad de crecimiento. Yo estaba por hacerlo con Bitcoin que está por subir a su pico histórico.",Puchox_x,merval,4,2024-12-17 12:47:04,t1_m2hmyyk,t3_1hg0uae,comment
m2jwj7d,Aprovechá el dólar subsidiado con mi poder adquisitivo.,Yearlaren,merval,2,2024-12-17 17:50:32,t1_m2jv3l5,t3_1hg0uae,comment
m2qhdai,Es como el casino pero sin lo divertido.,Vegetable_Addition86,merval,4,2024-12-18 19:55:39,t1_m2h6xxz,t3_1hg0uae,comment
m2h5voh,A cruzar los dedos!,grifter_cash,merval,6,2024-12-17 07:47:56,t1_m2g344w,t3_1hg0uae,comment
m2hiohc,tomeselo con soda!,LaTengoGordita,merval,3,2024-12-17 09:46:17,t1_m2g344w,t3_1hg0uae,comment
m2ifj3j,"full fact pie tap piquant squash safe steep amusing attraction

 *This post was mass deleted and anonymized with [Redact](https://redact.dev/home)*",rogue-fox-m,merval,3,2024-12-17 13:10:34,t1_m2if9ys,t3_1hg0uae,comment
m2kwmr1,Capaz me expresé mal. No soy experto en el tema. Por qué decís que no es necesariamente apalancado ?,Joochourd,merval,2,2024-12-17 21:14:05,t1_m2ib40e,t3_1hg0uae,comment
m3hrz06,"Tranqui, no es examen, jaja... Me refería a que una opción no necesariamente tiene que operarse de forma apalancada. Podés lanzar un put/call sin apalancamiento.",MaleficentTrip4970,merval,1,2024-12-23 17:56:39,t1_m2kwmr1,t3_1hg0uae,comment
m3gjo9k,"Aliexpress, bla bla, ya se actualizo en todos lados",TarzanBoy_financial6,merval,37,2024-12-23 13:51:12,t3_1hkrohk,t3_1hkrohk,comment
m3gjdeb,"O sea, dolar tarjeta a 1360",Firm_Translator_8623,merval,41,2024-12-23 13:49:35,t3_1hkrohk,t3_1hkrohk,comment
m3ipovz,Buen momento para aumentar los precios entre 8% y 30%,juand_pr90,merval,16,2024-12-23 21:20:40,t3_1hkrohk,t3_1hkrohk,comment
m3ik7px,"A los mortales dolar mepaleros no nos cambia nada, swinggggg",possiblecefonicid,merval,14,2024-12-23 20:45:45,t3_1hkrohk,t3_1hkrohk,comment
m3l7sn0,Se vencio no?,jewelsuwu,merval,3,2024-12-24 10:16:29,t3_1hkrohk,t3_1hkrohk,comment
m3yt75q,"que grande el peluca, cumplió con lo prometido.

Sé que muchos dirán que el impuesto vencía en esa fecha, pero por otro lado, hasta donde yo sé, es la primera vez que un impuesto transitorio es transitorio. No habrá muchos memoriosos, pero el IVA de 21% que pagamos antes era 13% cuando lo puso Perón en el 75. Alfonsín lo subió a 18 transitoriamente en 1986,  en el 90 bajó a 13,6 y en el 95 subió al 21%. Otros impuestos, como el impuesto al cheque lo puso Cavallo en 2001 y debió terminar en diciembre de 2002, y 22 años después todavía sigue vigente. El gobierno actual dice que lo finalizará en diciembre del 2027 (hasta ahora nunca se había mencionado sacarlo). Argentina está llena de impuestos distorsivos para juntar y juntar plata que se gasta a lo loco y sin frenos por parte de gobiernos que les importa un pomo la gente y mucho mantenerse en el poder. Es sano ver que van acomodándose las cosas, auque tampoco pidamos milagros, reducir los impuestos, simplificarlos, significa mucho laburo y control. Nuestro pensamiento argento es ""todo en negro"" porque te sacan tanta guita por boludeces para recaudar que de alguna manera querés compensar para no fundirte o para llegar a fin de mes. Supongo que tarde o temprano si la tendencia sigue, terminaremos como los yankees, haciendo la declaración de impuestos correspondiente, presentando tickets y justificando gastos según las entradas que se tengan. Nadie puede gastar dos millones por mes si tiene un laburo de 300 lucas. Si los impuestos van a donde deben ir realmente, volver al pueblo en forma de obras (mejores servicios, mas trabajo por mano de obra para construirlas) se crea un círculo virtuoso. Ahora estamos en un círculo vicioso, poniendo y poniendo y poniendo guita para seguir con servicios desastrosos. Tiempo al tiempo y pongámonos contentos que no se extiende el impuesto país como se hace siempre con todos los ""impuestos transitorios""",MiserableComputer165,merval,3,2024-12-26 22:41:12,t3_1hkrohk,t3_1hkrohk,comment
m3i6iwy,AVE MILLER,MR-P0R0NGA,merval,14,2024-12-23 19:20:36,t3_1hkrohk,t3_1hkrohk,comment
m3gq6zw,Mentira cochina hoy compre jueguitos en steam y me siguen cobrando lo mismo que antes.,Mastererick21,merval,3,2024-12-23 14:27:06,t3_1hkrohk,t3_1hkrohk,comment
m3ixm3k,Se quejan cuando le bajan los costos...,sergio-gzlz89,merval,3,2024-12-23 22:10:47,t3_1hkrohk,t3_1hkrohk,comment
m3j2vul,Alguien sabe si baja airbnb?,AssociateNo4650,merval,1,2024-12-23 22:44:42,t3_1hkrohk,t3_1hkrohk,comment
m3gkvcv,8% menos para los jueguitos jajaja. El dólar sigue subiendo así que en pesos es lo mismo. O más.,AgeRadiant3622,merval,-17,2024-12-23 13:57:40,t3_1hkrohk,t3_1hkrohk,comment
m3gtcl6,"en amazon no lo vi actualizado, es posible?",pelado06,merval,3,2024-12-23 14:44:14,t1_m3gjo9k,t3_1hkrohk,comment
m3gy9t4,[deleted],[deleted],merval,-91,2024-12-23 15:11:15,t1_m3gjdeb,t3_1hkrohk,comment
m3q8nbx,"Correcto, pero como los votantes de cualquier partido son fanáticos que no usan la razón, vas a ver a la gente gritando ""MIGO"" como si el impuesto asqueroso este desapareciera porque alguien movió un dedo para ello~.",JuanMdP,merval,2,2024-12-25 09:46:45,t1_m3l7sn0,t3_1hkrohk,comment
m3q8bii,"Entendés que no hicieron nada, verdad? Solo respetaron la fecha de caducidad del mismo cuando se instauró tan nefasto impuesto. No es que el gobierno de turno tomó la decisión de quitarlo~.",JuanMdP,merval,2,2024-12-25 09:43:21,t1_m3i6iwy,t3_1hkrohk,comment
m3gsth7,Re manija igual. Espera 24hs al menos,Tonny_Gaugh,merval,65,2024-12-23 14:41:22,t1_m3gq6zw,t3_1hkrohk,comment
m3gwskv,[removed],[deleted],merval,26,2024-12-23 15:03:05,t1_m3gq6zw,t3_1hkrohk,comment
m3gv6o0,"la mayoria de los lugares no llegan a adaptar los sistemas, vos recién podes pasarlo a producción  una vez que esta vigente desde el bcra.",roberp81,merval,10,2024-12-23 14:54:15,t1_m3gq6zw,t3_1hkrohk,comment
m3guhor,Solo tenes una reduccion del 7% tanto en steam.como.netflix y otros,sebyelcapo,merval,5,2024-12-23 14:50:29,t1_m3gq6zw,t3_1hkrohk,comment
m3gr4cn,"esto aplica para el dolar oficial, los que suben/bajan son el mep/ccl.",Swimming_Teaching_75,merval,13,2024-12-23 14:32:09,t1_m3gkvcv,t3_1hkrohk,comment
m3hnllu,"En amazon no vas a ver un cambio porque ellos no muestran el precio con impuesto pais, la diferencia la vas a ver cuando pagues",LeBroneta,merval,23,2024-12-23 17:31:44,t1_m3gtcl6,t3_1hkrohk,comment
m3gux5r,siempre tarda bocha,roberp81,merval,1,2024-12-23 14:52:48,t1_m3gtcl6,t3_1hkrohk,comment
m3h867p,"Para man, confirmo el valor nuevo nada más.
Tenes que descansar un poco de Internet me parece",St0lzi,merval,95,2024-12-23 16:05:19,t1_m3gy9t4,t3_1hkrohk,comment
m3hmdkg,El impuesto siempre molesto,Neither-Parfait7795,merval,13,2024-12-23 17:24:48,t1_m3gy9t4,t3_1hkrohk,comment
m3n8ppf,A vos no te molestaba?,Supergato77,merval,2,2024-12-24 17:38:32,t1_m3gy9t4,t3_1hkrohk,comment
m3qscr5,Juan se está celebrando que no lo renovaron JUAN PARÁ JUAN SOS APOLÍTICO YA SÉ PERO JUAN PARÁAAAA,MeatDazzling4777,merval,1,2024-12-25 12:29:40,t1_m3q8nbx,t3_1hkrohk,comment
m3qshm7,Juan mar del plata,MeatDazzling4777,merval,2,2024-12-25 12:30:36,t1_m3q8bii,t3_1hkrohk,comment
m3qkp51,"Así como los anteriores gobiernos también respetaron impuestos ""temporales"" y obviamente no los prorrogaron? AVE MILLER. Abrazo.",MR-P0R0NGA,merval,-1,2024-12-25 11:33:04,t1_m3q8bii,t3_1hkrohk,comment
m3haxwf,It is known,nairazak,merval,4,2024-12-23 16:20:49,t1_m3gwskv,t3_1hkrohk,comment
m3hrt4e,"This, la diferencia en digitales intangibles es esa (no era 8%?, ni me acuerdo), por lo que no vas a notar un gran cambio, el grueso se va en percepción de ganancias (aún 30%) que podés solicitar devolución a principio de cada año fiscal (a mi me depositaron 300 luquitas este año). Escuché por ahí que no llega a enero ese adelanto de percepción, ya veremos... sería medio raro sacarlo a mitad de año por el tema de como funciona el sistema para solicitar las devoluciones.",ThatAmazingHorse,merval,9,2024-12-23 17:55:43,t1_m3guhor,t3_1hkrohk,comment
m3gs5fp,Crawling al 2 es subir igual,pesopluma,merval,-1,2024-12-23 14:37:46,t1_m3gr4cn,t3_1hkrohk,comment
m3im43r,Es porque es otaku,FastTransportation33,merval,17,2024-12-23 20:57:51,t1_m3h867p,t3_1hkrohk,comment
m3hef9n,[removed],[deleted],merval,4,2024-12-23 16:40:07,t1_m3haxwf,t3_1hkrohk,comment
m3hvv9d,"Como es eso de solicitar la devolucion? O sea, no me cierra que el estado te chorea 30% de impuesto y luego te los devuelve? Como tiene sentido eso?",[deleted],merval,3,2024-12-23 18:18:54,t1_m3hrt4e,t3_1hkrohk,comment
m3gsbqu,eso es 2% mensual,Swimming_Teaching_75,merval,8,2024-12-23 14:38:42,t1_m3gs5fp,t3_1hkrohk,comment
m3gt9ck,no lo podes bajar antes de marzo porque te sube naturalmente de forma estacional.,pelado06,merval,1,2024-12-23 14:43:46,t1_m3gs5fp,t3_1hkrohk,comment
m3hmeo7,Known it is,Harrotito,merval,2,2024-12-23 17:24:58,t1_m3hef9n,t3_1hkrohk,comment
m3hwgil,"Heh, literalmente. Idea genial del gobierno anterior parar evitar descapitalizarse en divisas con alta inflación y balanza comercial negativa.

Tampoco tiene sentido el 30% + 30% xq legalmente el límite es 35% o se consideraría 'confiscatorio'. Pero como uno no es un impuesto, si no una percepción... loopholes vió, todo un tema.",ThatAmazingHorse,merval,7,2024-12-23 18:22:17,t1_m3hvv9d,t3_1hkrohk,comment
m3i5bfq,"Parte de tu frase resume el vivir en Argentina: ""el Estado te chorea"".",Byte_Xplorer,merval,2,2024-12-23 19:13:25,t1_m3hvv9d,t3_1hkrohk,comment
m3idqd4,"Eso se aplica en todo el mundo pero en argentina era particularmente malo. 

Felizmente esto los nuevos aires no se huelen hediondos como con gobiernos de izquierda",[deleted],merval,1,2024-12-23 20:04:18,t1_m3i5bfq,t3_1hkrohk,comment
m3q8hdf,El gobierno de Macri era de izquierda~?,JuanMdP,merval,2,2024-12-25 09:45:01,t1_m3idqd4,t3_1hkrohk,comment
m2tjtb4,"Si lo pensás teniendo en cuenta la inflación, aún falta.",imdix,merval,182,2024-12-19 10:38:20,t3_1hht0kv,t3_1hht0kv,comment
m2twjvo,Si alguien se metió en el 2018 y se quedó todo este tiempo es porque estuvo en coma o se olvidó la clave del broker,CruzandoElRubicon,merval,64,2024-12-19 11:57:27,t3_1hht0kv,t3_1hht0kv,comment
m2tqhuv,[removed],[deleted],merval,52,2024-12-19 11:21:17,t3_1hht0kv,t3_1hht0kv,comment
m2tuu1a,"FYI, eso es bastante rápido para el tipo de mercado que es Argentina. Por ejemplo el promedio de Mercados Emergentes y Desarrollados (excluyendo EEUU) recupero su precio de 2007 en 2021. Brasil esta 75% abajo de precio vs su pico de 2007, incluso antes de la pandemia estaba 50% abajo. Chile esta 50% abajo en el mismo periodo que el gráfico.",GAV17,merval,19,2024-12-19 11:47:30,t3_1hht0kv,t3_1hht0kv,comment
m2u1f2h,6 años? la saco barata xD,PowerfulScallion_,merval,12,2024-12-19 12:24:54,t3_1hht0kv,t3_1hht0kv,comment
m2tovag,"De ~400 en 2022 a casi 1500 hoy… creció la weá. No se pueden adjuntar imágenes. Fuck…

*meme del demonio gigante(merval) y el tipito (nasdaq) arrodillado ofreciéndole la espada*",Varsoviadog,merval,8,2024-12-19 11:11:10,t3_1hht0kv,t3_1hht0kv,comment
m2wip31,Y te va a pasar a ti,soyjurio,merval,7,2024-12-19 20:41:46,t3_1hht0kv,t3_1hht0kv,comment
m2u8pvb,En general el Merval nunca da rendimientos positivos de punta a punta de un mandato presidencial,Kaji157,merval,6,2024-12-19 13:04:24,t3_1hht0kv,t3_1hht0kv,comment
m2u2azl,Reality Check para los gordos Full Bullish Merval,TwinsenDinoFly,merval,3,2024-12-19 12:29:42,t3_1hht0kv,t3_1hht0kv,comment
m2vkrvo,"Y no mires al que invirtió en 1995 porque no te va a gustar.

El merval es para entrar y salir, no es USA esto.",BNeutral,merval,4,2024-12-19 17:31:56,t3_1hht0kv,t3_1hht0kv,comment
m2tkim4,Eso significa que alberto hizo crecer 3x el merval?,Unique-Anywhere6717,merval,14,2024-12-19 10:43:03,t3_1hht0kv,t3_1hht0kv,comment
m2tko9j,"pregunto para saber, si alguien me explica la mejor, pero cuando se invierte en paises asi como medios caoticos con sus medidas. No se tarda en recuperar eso invertido en años o perder tambien?

desde ya muchas gracias",Low_Paleontologist83,merval,2,2024-12-19 10:44:05,t3_1hht0kv,t3_1hht0kv,comment
m2uiocr,"No, el que compro bonos a la par (100 usd) en 2018, que pagaban 4% de tasa, nunca los va a recuperar.

Esos bonos se canjearon 1 a 1 por los GD30, que todavía valen 73 dólares y encima desde 2018 hasta aca no pagaron casi nada de interés.",MountainAd4381,merval,2,2024-12-19 13:57:19,t3_1hht0kv,t3_1hht0kv,comment
m2uu9vi,"Y si,invertir es eso,dejas plata por mucho mucho tiempo. Para jubilación básicamente.",5ofDecember,merval,2,2024-12-19 15:10:15,t3_1hht0kv,t3_1hht0kv,comment
m2vclds,No porque tenes que ajustar por inflación JAJAJAJA,OkicardeT,merval,2,2024-12-19 16:47:55,t3_1hht0kv,t3_1hht0kv,comment
m2vocz4,El que entro en 2020 la hizo bien...,gamba47,merval,2,2024-12-19 17:50:54,t3_1hht0kv,t3_1hht0kv,comment
m2xegya,"fue liquidez, la zona de acumulacion era entre 300 y 400",Accomplished-Fox2275,merval,2,2024-12-20 00:03:06,t3_1hht0kv,t3_1hht0kv,comment
m2y01qp,"Y que tiene de malo? Las inversiones no siempre salen bien, ese es el riesgo",[deleted],merval,2,2024-12-20 02:47:17,t3_1hht0kv,t3_1hht0kv,comment
m35jb5m,No entiendo que queres recuperar tu capital en 1 año? Bicho grande fuego lento amigo,otondonicolas,merval,2,2024-12-21 13:20:58,t3_1hht0kv,t3_1hht0kv,comment
m36vumn,Me paso. Compré en el peor momento y recién ahora recupero. Por eso hay q tener mucho cuidado con el mercado argentino,carmelitaperdida,merval,2,2024-12-21 18:03:34,t3_1hht0kv,t3_1hht0kv,comment
m388u5j,"Y el que entró en USD 200 se debe estar riendo de todos los que piensan que esto va a la luna.

PD. Entre en merval de USD 400 y ya baje exposición un montón.",armonicoenfuga,merval,2,2024-12-21 23:26:24,t3_1hht0kv,t3_1hht0kv,comment
m38p59m,"Irrelevante esta discusión.
El que viene invirtiendo desde 2018 y compro regularmente desde entonces se llenó de guita.
El que compró en 2018 y nunca más, es un pelotudo",daniweth,merval,2,2024-12-22 01:31:37,t3_1hht0kv,t3_1hht0kv,comment
m2trmxk,El que invirtió en Argentina lo hizo apostando capital que podía perder. Nadie en su sano juicio hubiera invertido en serio en un país con las tasas de inflación que veníamos teniendo y gobernando los peronistas.,Megatecno,merval,5,2024-12-19 11:28:16,t3_1hht0kv,t3_1hht0kv,comment
m2vlsp4,"Sí, y todo fue culpa del Macrismo, que regaló al Korchnerismo una oportunidad que parecía única en la historia.",-escu,merval,2,2024-12-19 17:37:23,t3_1hht0kv,t3_1hht0kv,comment
m2tk3ii,El que invirtió en 2018 la fugó con las tasas altas en pesos y cambio libre.,Andrescoo,merval,-2,2024-12-19 10:40:13,t3_1hht0kv,t3_1hht0kv,comment
m2tva7n,Cómo la inversión en el ibex35 aún falta recuperar Pero según varios es una gran inversión.,wilismorales04,merval,1,2024-12-19 11:50:09,t3_1hht0kv,t3_1hht0kv,comment
m2ty1oz,Ahora en dólares 2.154 ,Additional_Bonus1422,merval,1,2024-12-19 12:06:05,t3_1hht0kv,t3_1hht0kv,comment
m2u1byk,"Falta incluir dividendos. Y considerando que muchos dividendos se pagaron en especie de deuda soberana, no sé si te da *tan* mal",MeCagoEnPeronconga,merval,1,2024-12-19 12:24:25,t3_1hht0kv,t3_1hht0kv,comment
m2uiawq,Tiene que seguir esperando,[deleted],merval,1,2024-12-19 13:55:21,t3_1hht0kv,t3_1hht0kv,comment
m2um2e6,"en estos casos donde todo se va al joraca, full rojo, que instrumentos son convenientes?",juanchi74,merval,1,2024-12-19 14:16:41,t3_1hht0kv,t3_1hht0kv,comment
m2uq5zm,Yo migré a Arg en el 2017 así que confirmo.,No-Frame-5115,merval,1,2024-12-19 14:45:52,t3_1hht0kv,t3_1hht0kv,comment
m2xjj0c,"Yo, todavía no y me duele el orto",Pampeano-,merval,1,2024-12-20 00:37:22,t3_1hht0kv,t3_1hht0kv,comment
m2y4kan,Si,hieppiefusaro,merval,1,2024-12-20 03:31:18,t3_1hht0kv,t3_1hht0kv,comment
m31lc52,¡Correcto!,Sagacidad,merval,1,2024-12-20 18:36:44,t3_1hht0kv,t3_1hht0kv,comment
m340r17,Te recomiendo mirar los balaces de las empresas que operan en el merval y se pone aun peor nose cuanto va a durar el alza de estas empresas en el mercado bursatil entiendo que la clase media que no suele operar en el mercado se apalanco en acciones por temor a los banco,Magicblue2222,merval,1,2024-12-21 05:44:43,t3_1hht0kv,t3_1hht0kv,comment
m34r1oh,"La técnica más efectiva de “holdear” Argentina, es que en los momentos de volada del dólar, donde se dan los “techos” liquides dólares en precio máximo y con eso compres acciones en pesos argentinas.

Si durante los últimos 6 años hiciste eso en Argentina, roleando de dólares en techo a compra merval, seguramente hayas hecho muchísima guita.",Ok-Investment944,merval,1,2024-12-21 10:14:17,t3_1hht0kv,t3_1hht0kv,comment
m39r69n,Y la comparación mas justa debería ser versus el valor hoy de esa plata invertida en 2018 en el S&P. 10.000 usd invertidos en marzo de 2018 serian aproximadamente 24.000 hoy.,Dry_Departure2524,merval,1,2024-12-22 08:32:40,t3_1hht0kv,t3_1hht0kv,comment
m3a9nel,"Me da risa como en todo gráfico que pongas de argentina, todo ya se va a la mierda en las PASO donde gana Alberto.",Suspicious_Sherbet24,merval,1,2024-12-22 11:20:26,t3_1hht0kv,t3_1hht0kv,comment
m2y38gk,[removed],[deleted],merval,1,2024-12-20 03:17:59,t3_1hht0kv,t3_1hht0kv,comment
m32choy,"Muchos de estos apostaron a un dolar caro y se stoquearon.  Ahora lloran pero no recuerdan lo que paso.

Supuestos empresarios argento que no tienen ni saben hacer una planilla de excel.

SABES QUE CAPO?, CHUPALA!!!",nikcero,merval,-1,2024-12-20 21:28:20,t3_1hht0kv,t3_1hht0kv,comment
m2ttuvg,Y ni hablar del costo de oportunidad,Efficient_Pomelo_583,merval,45,2024-12-19 11:41:42,t1_m2tjtb4,t3_1hht0kv,comment
m2ttsh9,"el pico de Macri fue 1800 que ajustado por inflación da 2250, ese número ya lo toco.",GAV17,merval,24,2024-12-19 11:41:18,t1_m2tjtb4,t3_1hht0kv,comment
m2xmet5,Es tarde aun?,Pretend-Living-2620,merval,3,2024-12-20 00:57:23,t1_m2tjtb4,t3_1hht0kv,comment
m2x6w80,"Esto no es el principio del final. 

Ni siquiera es el final del principio. 

Parafraseando a Churchill. 

Le queda bastante recorrido.",33p857,merval,3,2024-12-19 23:13:33,t1_m2tjtb4,t3_1hht0kv,comment
m2tku8l,Ojo que esta en dolares,Unique-Anywhere6717,merval,8,2024-12-19 10:45:12,t1_m2tjtb4,t3_1hht0kv,comment
m2u3qyn,"Ni llega a análisis, sería perdonable si lo posteara tipo ""curiosidad"", pero es cherry-picking al palo.   

Falta que venga otro ahora a postear las ganancias si alguien invirtió en Argentina en el fondo de la pandemia hasta hoy, otra ""curiosidad"" pero igualmente inútil como ""análisis"".",--Quartz--,merval,30,2024-12-19 12:37:35,t1_m2tqhuv,t3_1hht0kv,comment
m2ug2i6,"Nunca agarre la onda de operar en el merval, cual seria la forma correcta?, parece un mundo aparte el merval al lado de cualquier bolsa seria",Appropriate_Sort1591,merval,8,2024-12-19 13:43:41,t1_m2tqhuv,t3_1hht0kv,comment
m3890nt,"Me imagino que dejaron el culo roto y no volvieron más, sino no hay mercado",armonicoenfuga,merval,2,2024-12-21 23:27:45,t1_m2u1f2h,t3_1hht0kv,comment
m3891m7,Jajajajajaakakakaka groso,armonicoenfuga,merval,2,2024-12-21 23:27:57,t1_m2wip31,t3_1hht0kv,comment
m2tmax6,"Y lo hizo caer x4, todo la caida heavy fue a partir de las elecciones, me acuerdo que en las paso fue una locura como arranco el panico a full",LoPlomo,merval,21,2024-12-19 10:54:45,t1_m2tkim4,t3_1hht0kv,comment
m2ttayi,"no te comas el verso, absolutamente todos los graficos tienen esa caida en pandemia, pero acá les gusta meter politica por todo. No fué sólo el MERVAL, todos los putos mercados se fueron al tacho.",elperrofunk,merval,5,2024-12-19 11:38:22,t1_m2tko9j,t3_1hht0kv,comment
m2tq9bn,"Se supone que si, por eso se tiene en cuenta el riesgo. A mayor riesgo más ganancia deberías tener para que valga la pena porque te puede salir mal (como este caso de tardar 6 años para recuperarlo invertido, ni siquiera hablamos de ganancias)",BlckEagle89,merval,1,2024-12-19 11:19:49,t1_m2tko9j,t3_1hht0kv,comment
m3894cq,Nada como ir juntos a la par,armonicoenfuga,merval,1,2024-12-21 23:28:30,t1_m2uiocr,t3_1hht0kv,comment
m3896kb,"Si , como que no, y ahora? Kajajjajajajaja",armonicoenfuga,merval,1,2024-12-21 23:28:57,t1_m2trmxk,t3_1hht0kv,comment
m2tw7bo,El post habla puntualmente de los que invirtieron en 2018. En 2018 no había peronistas. Pero había inflación,levy4380,merval,0,2024-12-19 11:55:27,t1_m2trmxk,t3_1hht0kv,comment
m2tp6f1,"Como en este subreddit se permite decir el termino ""la fugó""? 

Osea en un subreddit de finanzas es aceptado hablar de fugar guita, cuando enrealidad simplemente vendieron porque no les sigo pareciendo atractivo. Tan sencillo como eso. 

Imaginate a NVIDIA diciendo ""Perdimos mucho dinero porque los malditos especuladores la fugaron toda""",[deleted],merval,18,2024-12-19 11:13:07,t1_m2tk3ii,t3_1hht0kv,comment
m2tkerh,"El que entro en 2018 justo despues de que se la fugaron toda se la merece por boludo

Pero si miras los flujos de capitales podes ver que no entró prácticamente nadie en ese tiempo. No son tan boludos",teteban79,merval,5,2024-12-19 10:42:19,t1_m2tk3ii,t3_1hht0kv,comment
m389t8m,Dividendos de YPF jajaajajaajajajaajajaajaja o de GGAL jajajajajajajajaja,armonicoenfuga,merval,1,2024-12-21 23:33:33,t1_m2u1byk,t3_1hht0kv,comment
m38a48p,"Pero después te bardean acá cuando decimos esto, porque los bancos subieron 50% en dólares en un mes, pero los que la hicimos bien ganamos 500% comprando con margen de seguridad y ya nos fuimos encima avisando de que no se engolosinen a estos precios.

No la ven",armonicoenfuga,merval,1,2024-12-21 23:35:48,t1_m34r1oh,t3_1hht0kv,comment
m389ph7,"En 2018 gobernaba Alberto con Cristina desde las sombras.


Ah no, Caputo ""toma deuda y sol"" con Macri, el mismo Caputito que hoy es ministro de economía",armonicoenfuga,merval,1,2024-12-21 23:32:48,t1_m2y38gk,t3_1hht0kv,comment
m2w9fop,Y bueno quien los manda tambien,Perrubi14,merval,19,2024-12-19 19:45:41,t1_m2ttuvg,t3_1hht0kv,comment
m388vai,Y coso,armonicoenfuga,merval,2,2024-12-21 23:26:38,t1_m2ttuvg,t3_1hht0kv,comment
m35hu2h,"Como todo en el mercado, puede que sí, puede que no.

Hay margen todavía para un cambio de categoría de Argentina y que entren grandes fondos extranjeros. A la vez puede que eso YA esté en los precios de hoy.",FoxtrotAlfa0,merval,5,2024-12-21 13:12:27,t1_m2xmet5,t3_1hht0kv,comment
m35huc9,"Como todo en el mercado, puede que sí, puede que no.

Hay margen todavía para un cambio de categoría de Argentina y que entren grandes fondos extranjeros. A la vez puede que eso YA esté en los precios de hoy.",FoxtrotAlfa0,merval,2,2024-12-21 13:12:27,t1_m2xmet5,t3_1hht0kv,comment
m35huni,"Como todo en el mercado, puede que sí, puede que no.

Hay margen todavía para un cambio de categoría de Argentina y que entren grandes fondos extranjeros. A la vez puede que eso YA esté en los precios de hoy.",FoxtrotAlfa0,merval,2,2024-12-21 13:12:33,t1_m2xmet5,t3_1hht0kv,comment
m2tkz8i,"Sí, pero tampoco está ajustado por inflación que encima en pandemia fue mayor.",imdix,merval,25,2024-12-19 10:46:07,t1_m2tku8l,t3_1hht0kv,comment
m2tl1fr,"Si lo pensás teniendo en cuenta la inflación, aún falta.",Enginikts,merval,2,2024-12-19 10:46:31,t1_m2tku8l,t3_1hht0kv,comment
m2uazo3,El dólar tiene inflación.,Jauretche,merval,1,2024-12-19 13:16:41,t1_m2tku8l,t3_1hht0kv,comment
m2v09bn,[removed],[deleted],merval,2,2024-12-19 15:42:21,t1_m2ug2i6,t3_1hht0kv,comment
m2tp8nc,"Pero era mas por los dichos de macri que la idea de que gobierne alberto. Macri pide perdon, la cosa se calma y pum pandemia. Se ve la linea temporal en el grafico casi jajja",Unique-Anywhere6717,merval,-12,2024-12-19 11:13:30,t1_m2tmax6,t3_1hht0kv,comment
m2tuc5p,No sabia que la pandemia arranco a finales de 2018...,[deleted],merval,6,2024-12-19 11:44:34,t1_m2ttayi,t3_1hht0kv,comment
m2u6wkg,gracias por la respuesta,Low_Paleontologist83,merval,1,2024-12-19 12:54:39,t1_m2ttayi,t3_1hht0kv,comment
m2twk2q,Si pero desconocer que esa inflacion era acarreada por decadas de gobiernos peronistas es descontextualizar todo,Megatecno,merval,1,2024-12-19 11:57:29,t1_m2tw7bo,t3_1hht0kv,comment
m2u44ma,"Es que no hay otra palabra jajaj. Queda mejor decir la vendieron toda y se la llevaron? hicieron toma de ganancia? 

Pudiendo decir la fugaron me ahorro palabras.",Andrescoo,merval,-7,2024-12-19 12:39:38,t1_m2tp6f1,t3_1hht0kv,comment
m2tkrlh,Cuando se agote el carry trade vamos a entrar en 2018 2.0,jcm95,merval,5,2024-12-19 10:44:42,t1_m2tkerh,t3_1hht0kv,comment
m2tkpdq,"Algún rediturro quizás jajaj. 

Ahora el que invirtió apenas asumió milei tuvo ganancias extraordinarias.",Andrescoo,merval,1,2024-12-19 10:44:18,t1_m2tkerh,t3_1hht0kv,comment
m388wim,Los mismos argumentos de hoy,armonicoenfuga,merval,2,2024-12-21 23:26:53,t1_m2w9fop,t3_1hht0kv,comment
m2tl8e2,"Si, pero en el grafico en un momento de 2018 esta +o- $750. Ahora esta casi $1500. En 4 años hubo +de100% de inflacion en dolares?",Unique-Anywhere6717,merval,-3,2024-12-19 10:47:47,t1_m2tkz8i,t3_1hht0kv,comment
m2uc1e5,Si pero ya dijeron que fue +-25% pudiste haber ganado igual depende en que momento comprabas. Solo eso,Unique-Anywhere6717,merval,3,2024-12-19 13:22:20,t1_m2uazo3,t3_1hht0kv,comment
m2v5yl9,"oka pero por ejemplo cuanto tiempo mantenes una posición promedio?, siento que termina siendo en semanas ni con cripto es tan volatil.",Appropriate_Sort1591,merval,2,2024-12-19 16:12:33,t1_m2v09bn,t3_1hht0kv,comment
m2trdno,"Literalmente la tercer caída más grande de un mercado bursátil de la historia mundial fue cuando Alberto ganó las paso, de que hablas",xPity,merval,17,2024-12-19 11:26:42,t1_m2tp8nc,t3_1hht0kv,comment
m2tvdnq,"no bolo claro fue todo un plan del ejercito irani chavista maoista de hacer caer en manera sostenida la bolsa argentina, no lo ves?",elperrofunk,merval,1,2024-12-19 11:50:42,t1_m2tuc5p,t3_1hht0kv,comment
m2u1g3z,"2018 era el final de la presidencia de Macri. Esa inflacion era prácticamente toda de el luego de una sucesión de malas decisiones. Vamos a fingir demencia y decir que la presidencia de Mauricio fue buena? Fue una verga. Igual o peor que la última de Cristina.
Edit antes de que vengan con ""ah pero Alberto"" porque los conozco a ustedes termos: La de Alberto fue peor que la de Macri",levy4380,merval,5,2024-12-19 12:25:04,t1_m2twk2q,t3_1hht0kv,comment
m2u54mp,"Decir ""La fugaron"" no solo tiene una connotación negativa respecto a quien hace negocios invirtiendo en bolsa, sino que ademas los culpa de la situacion del pais. Cuando es todo lo contrario. 

Que los inversores vendan y abandonen el barco, es porque el barco parece inestable. Y no lo contrario. El barco no se hundió porque vendieron, vendieron porque el barco parecía que se iba a hundir...",[deleted],merval,9,2024-12-19 12:45:04,t1_m2u44ma,t3_1hht0kv,comment
m2vnpt7,Era Massa el año pasado /s,Juanchopper,merval,2,2024-12-19 17:47:32,t1_m2tkrlh,t3_1hht0kv,comment
m389j2i,Olvidate,armonicoenfuga,merval,1,2024-12-21 23:31:29,t1_m2tkrlh,t3_1hht0kv,comment
m2tm7yt,"No solo el peso, El dolar tambien tiene inflacion, aprox 25% en ese lapso.",Dm-Tech,merval,14,2024-12-19 10:54:14,t1_m2tl8e2,t3_1hht0kv,comment
m2tlfte,Pero lo que quiere mostrar OP son los que compraron al mismo valor actual. No a los que compraron más bajo.,imdix,merval,2,2024-12-19 10:49:09,t1_m2tl8e2,t3_1hht0kv,comment
m2uttye,"Los precios aca enargentina? Y, no se si todo pero algunas coas puede que si. No se lo que dara el promedio, pero el poder de compra creo que rondaba la mtiad si",simonbleu,merval,2,2024-12-19 15:07:48,t1_m2tl8e2,t3_1hht0kv,comment
m2u7wgd,En los últimos 12 meses hubo 100% de inflación en dólares en Argentina.,ArgMiner,merval,1,2024-12-19 12:59:59,t1_m2tl8e2,t3_1hht0kv,comment
m2trj7s,"Pero mira como subio despues. No lo defiendo, solo hice una observación curiosa",Unique-Anywhere6717,merval,-7,2024-12-19 11:27:39,t1_m2trdno,t3_1hht0kv,comment
m2va2tp,Banco el edit. Cortan los periodos como se les canta el tujes solo para validar una historieta que no tiene pie ni cabeza,fergthh,merval,3,2024-12-19 16:34:30,t1_m2u1g3z,t3_1hht0kv,comment
m2u5enk,"Yo no le pongo connotación alguna, es literal lo que pasó o me equivoco?",Andrescoo,merval,-5,2024-12-19 12:46:34,t1_m2u54mp,t3_1hht0kv,comment
m2tpdq1,Estoy hablando todo en dolares yo ehh,Unique-Anywhere6717,merval,0,2024-12-19 11:14:22,t1_m2tm7yt,t3_1hht0kv,comment
m2u8ruo,Ah ok mezclamos las cosas ahora. Bien ya entendi.,Unique-Anywhere6717,merval,3,2024-12-19 13:04:42,t1_m2u7wgd,t3_1hht0kv,comment
m2tu28o,Cayó un 50% en un día y despues cayó otro 50% más con Alberto. La recuperación del MERVAL se da a partir de que el Kirchnerismo pierde las elecciones de medio termino primero y las presidenciales despues en 2023.,GAV17,merval,13,2024-12-19 11:42:55,t1_m2trj7s,t3_1hht0kv,comment
m2ts1kf,"Subió por que ya habia tocado el inframundo, no habia otra direccion posible casi ...",LoPlomo,merval,5,2024-12-19 11:30:44,t1_m2trj7s,t3_1hht0kv,comment
m2u9yhd,"Si lo que paso fue que el barco si hundía por culpa de los inversores si y si no, no. Si te fijas es bastante simple el planteo del otro user",troesma27,merval,4,2024-12-19 13:11:10,t1_m2u5enk,t3_1hht0kv,comment
m2tq44g,El post habla de recuperar el capital.,Dm-Tech,merval,9,2024-12-19 11:18:55,t1_m2tpdq1,t3_1hht0kv,comment
m2vmqs3,"Cuál sería la mezcla?
Inflación del 100% con el dólar quieto significa que los precios de las cosas medidos en dólares se duplicaron.",ArgMiner,merval,0,2024-12-19 17:42:23,t1_m2u8ruo,t3_1hht0kv,comment
m2tz637,"Ah, asi que si ahora perdes en medio termino te va bien?",Unique-Anywhere6717,merval,-3,2024-12-19 12:12:27,t1_m2tu28o,t3_1hht0kv,comment
m2uaeus,El barco se hundía de cualquier forma.,Andrescoo,merval,2,2024-12-19 13:13:35,t1_m2u9yhd,t3_1hht0kv,comment
m2tqe82,Y si lo puse en dolares? No entiendo tu punto,Unique-Anywhere6717,merval,0,2024-12-19 11:20:39,t1_m2tq44g,t3_1hht0kv,comment
m2tz9dx,"No entendí. 

edit: Si la pregunta es que pasa al gobierno si le va mal en medio termino, la respuesta es que las acciones van a caer.",GAV17,merval,8,2024-12-19 12:12:57,t1_m2tz637,t3_1hht0kv,comment
m2uawom,Ta pero fíjate que tú pregunta fue otra y mi comentario la respuesta,troesma27,merval,5,2024-12-19 13:16:15,t1_m2uaeus,t3_1hht0kv,comment
m2tysbr,100 dólares de 2018 compran mas bienes que 100 dólares de 2024. A eso se refiere.,coin-god,merval,13,2024-12-19 12:10:17,t1_m2tqe82,t3_1hht0kv,comment
m2u1wg2,[deleted],[deleted],merval,3,2024-12-19 12:27:33,t1_m2tqe82,t3_1hht0kv,comment
m33th0n,"No es muy dificil. El USD también tiene inflación y pérdida de poder adquisitivo a nivel USA y mundial 

1 USD de 2018 equivale a 1.25 USD aprox actual de 2024. 

Por lo cual si invertiste $1000 USD en 2018, necesitas tener $1250 hoy para decir que ""no perdiste"".",PiscisKnight,merval,2,2024-12-21 04:25:32,t1_m2tqe82,t3_1hht0kv,comment
m2ucrjq,"Obvio, sea cual sea el gobierno. Por eso no entiendo porque lo traes para decir que a partir de eso se empezó a recuperar el merval. Punto de vista raro",Unique-Anywhere6717,merval,0,2024-12-19 13:26:13,t1_m2tz9dx,t3_1hht0kv,comment
m2udkeb,Uuh mala mía. Suerte maestro,Andrescoo,merval,-1,2024-12-19 13:30:28,t1_m2uawom,t3_1hht0kv,comment
m2tyxqk,Y si compraste a 750 y vendiste a 1400 me decis que no ganas igual?,Unique-Anywhere6717,merval,-2,2024-12-19 12:11:09,t1_m2tysbr,t3_1hht0kv,comment
m2u579c,A la persona promedio le intentas explicar que el dolar esta bajando y no te lo quieren creer por que en pesos sube y no conocen otra forma de valor que las momedas de los paises 🤦🏻‍♂️.,Dm-Tech,merval,8,2024-12-19 12:45:28,t1_m2u1wg2,t3_1hht0kv,comment
m2u92x1,Y pudiste haber ganado entonces. Esta en dolares el grafico,Unique-Anywhere6717,merval,3,2024-12-19 13:06:24,t1_m2u1wg2,t3_1hht0kv,comment
m35a6sh,"Exacto, totalemente posible si compraste en 2018 y vendiste en 2024 ;)",Unique-Anywhere6717,merval,1,2024-12-21 12:26:21,t1_m33th0n,t3_1hht0kv,comment
m2udeu3,"No, no es sea cual sea el gobierno. Por eso estoy diciendo que al gobierno le fue mal en 2021 y subieron las acciones, y si a este le va mal en 2025 bajarían las acciones. El MERVAL en la última década se movió en gran parte en base a la espectativa y resultados electorales del Kirchnerismo.

Es una relación inversa. Si le va bien al Kirchnerismo o se espera que le vaya bien, caen las acciones.",GAV17,merval,6,2024-12-19 13:29:40,t1_m2ucrjq,t3_1hht0kv,comment
m1l0l7d,"0,9% alimentos y bebidas, la parte del índice con mayor ponderación, se vendrá finalmente en enero la baja del crawling peg al 1%?",luislezcair,merval,36,2024-12-11 17:40:02,t3_1hc148c,t3_1hc148c,comment
m1kk8zs,[removed],[deleted],merval,96,2024-12-11 16:19:22,t3_1hc148c,t3_1hc148c,comment
m1kuzha,"\- La división con mayor alza mensual en noviembre de 2024 fue Educación (5,1%), escoltada por Vivienda, agua, electricidad, gas y otros combustibles (4,5%)

\- En noviembre 2024, Vivienda, agua, electricidad, gas y otros combustibles aportó la mayor incidencia en las regiones Pampeana, Cuyo y Patagonia; Transporte, en GBA; Prendas de vestir y calzado, en NEA; y Restaurantes y hoteles, en NOA.

\- En noviembre de 2024, Patagonia fue la región de mayor suba mensual (3,3%), escoltada por el Gran Buenos Aires (2,6%)",arithmetic_mean,merval,14,2024-12-11 17:12:18,t3_1hc148c,t3_1hc148c,comment
m1kt6re,[removed],[deleted],merval,40,2024-12-11 17:03:16,t3_1hc148c,t3_1hc148c,comment
m1kvy4l,"1,8 para alimentos. Es muy bueno para los sectores más bajos.",ElMatasiete7,merval,31,2024-12-11 17:17:07,t3_1hc148c,t3_1hc148c,comment
m1kqm3d,Pero si hay una guerra en el mundo como puede ser posible que nos vaya bien?,Perrubi14,merval,55,2024-12-11 16:50:34,t3_1hc148c,t3_1hc148c,comment
m1l5m9r,"Y CABA dio 3,2%. Está empezando a ser mucha diferencia, se nota la distinta preponderancia de servicios entre los índices.",Jauretche,merval,11,2024-12-11 18:04:40,t3_1hc148c,t3_1hc148c,comment
m1lsuhv,Y la prepaga con aumentos mensuales del 5% en dólares...,possiblecefonicid,merval,15,2024-12-11 20:06:10,t3_1hc148c,t3_1hc148c,comment
m1l6v6q,Igual me re cabió porque el alquiler se les ocurrió ajustar por ICL 🤪,sreimsin,merval,8,2024-12-11 18:10:52,t3_1hc148c,t3_1hc148c,comment
m1od4yv,"Estoy loco, pero vi que los estacionales dieron negativo, como es posible?",Agile_Veterinarian60,merval,2,2024-12-12 08:17:26,t3_1hc148c,t3_1hc148c,comment
m1lguc3,"Está muy bueno el dato, pero honestamente no estoy seguro si se nota en los precios de los servicio publicos ni de los alimentos en el supermercado.",toolion,merval,-3,2024-12-11 19:01:02,t3_1hc148c,t3_1hc148c,comment
m1m574k,Porque no miden servicios? Ahí le da 200% hdp,danileiva,merval,-9,2024-12-11 21:19:09,t3_1hc148c,t3_1hc148c,comment
m1kz20h,"Rotación de LECAP a bono CER en el cierre de la rueda de mañana para capturar el overshooting que se viene dando en estos casos y que siempre termina corrigiendo?

Ahhhhhh no! No a la timba.",elrond_lariel,merval,-5,2024-12-11 17:32:28,t3_1hc148c,t3_1hc148c,comment
m1kkj1y,[removed],[deleted],merval,-60,2024-12-11 16:20:46,t3_1hc148c,t3_1hc148c,comment
m1m1a3j,qué es crawling?,Alfa312,merval,3,2024-12-11 20:55:52,t1_m1l0l7d,t3_1hc148c,comment
m1kp1r1,[removed],[deleted],merval,57,2024-12-11 16:42:51,t1_m1kk8zs,t3_1hc148c,comment
m1kqnuy,[removed],[deleted],merval,4,2024-12-11 16:50:48,t1_m1kk8zs,t3_1hc148c,comment
m1lf7i8,">\- En noviembre de 2024, Patagonia fue la región de mayor suba mensual (3,3%), escoltada por el Gran Buenos Aires (2,6%)

La de CABA no fue 3,2%?",ObiFlanKenobi,merval,2,2024-12-11 18:52:36,t1_m1kuzha,t3_1hc148c,comment
m1l3gnj,[removed],[deleted],merval,15,2024-12-11 17:54:02,t1_m1kt6re,t3_1hc148c,comment
m1l43xd,[removed],[deleted],merval,12,2024-12-11 17:57:14,t1_m1kt6re,t3_1hc148c,comment
m1kx2qh,yo vi 0.9% alimentos y bebidas,fer662,merval,33,2024-12-11 17:22:43,t1_m1kvy4l,t3_1hc148c,comment
m1l8cn0,[removed],[deleted],merval,-29,2024-12-11 18:18:16,t1_m1kvy4l,t3_1hc148c,comment
m1mrpo1,Comforme los sueldos en negro suban por encima verdad? Verdad?,AnfowleaAnima,merval,-10,2024-12-11 23:35:49,t1_m1kvy4l,t3_1hc148c,comment
m1l671q,"La guerra es excelente para los negocios. 

Especialmente cuando los beligerantes venden lo mismo que vos.",arlistan,merval,13,2024-12-11 18:07:33,t1_m1kqm3d,t3_1hc148c,comment
m1med5b,"Nothing drives down real estate prices like a good old fashioned gangwar, apart from an outbreak of plague. But that may be going too far in this case. 

(juegazo GTA 3)",Same-Vacation-3027,merval,2,2024-12-11 22:14:20,t1_m1kqm3d,t3_1hc148c,comment
m1miphh,Es impresionante,Novalith_Raven,merval,4,2024-12-11 22:40:43,t1_m1l5m9r,t3_1hc148c,comment
m1n99y9,Y que haces usando prepagas jajajajajjaja,peteresasi,merval,-18,2024-12-12 01:35:04,t1_m1lsuhv,t3_1hc148c,comment
m1lcnl1,Tratá de negociarlo o te van a hacer mierda más adelante también,arithmetic_mean,merval,12,2024-12-11 18:39:46,t1_m1l6v6q,t3_1hc148c,comment
m1m786w,"Lamentablemente siento lo mismo, todo lo que compro se actualiza con otro índice me parece",Content-Maybe9136,merval,1,2024-12-11 21:31:12,t1_m1lguc3,t3_1hc148c,comment
m1npre9,es un indice general algunas cosas suben mas que otras...,I_LOVE_HEADPATS,merval,7,2024-12-12 03:58:39,t1_m1m574k,t3_1hc148c,comment
m1lux8o,"Soy de Boca, me explicas?",lucn323,merval,2,2024-12-11 20:18:06,t1_m1kz20h,t3_1hc148c,comment
m1kp0xp,"Podes ir a la página del INDEC, descargar el informe y mirar la lista de precios de los productos junto con la metodología que usan para obtener el resultado. En mi caso algunas cosas las consigo más baratas, otras más caras. En promedio me termina cerrando el 2.4%.",[deleted],merval,25,2024-12-11 16:42:44,t1_m1kkj1y,t3_1hc148c,comment
m1m4n2u,[removed],[deleted],merval,41,2024-12-11 21:15:50,t1_m1m1a3j,t3_1hc148c,comment
m1masyr,"> El término crawling peg se refiere a un sistema de ajuste gradual del tipo de cambio, diseñado para suavizar las fluctuaciones de la moneda en países con alta inflación o volatilidad.",angrydeanerino,merval,14,2024-12-11 21:52:48,t1_m1m1a3j,t3_1hc148c,comment
m1kpx5w,[removed],[deleted],merval,24,2024-12-11 16:47:09,t1_m1kp1r1,t3_1hc148c,comment
m1loqtr,"Ya te respondieron, pero lo que vos compres en un super no es indicativo de nada, el índice es un promedio. Si vivis en el sur seguramente sufriste más aumentos que si vivís en el noreste por ejemplo, hasta 1 punto y algo más casi",ElMatasiete7,merval,12,2024-12-11 19:43:18,t1_m1l8cn0,t3_1hc148c,comment
m1n4apv,"Si realmente fuera asi, ya saldrian organismos privados a desmentir, como pasaba con los K",Judo_y_Milanesa,merval,8,2024-12-12 00:58:21,t1_m1l8cn0,t3_1hc148c,comment
m1lcu15,[removed],[deleted],merval,25,2024-12-11 18:40:40,t1_m1l8cn0,t3_1hc148c,comment
m1lgc72,Flaco estamos en diciembre,Lechowski,merval,14,2024-12-11 18:58:24,t1_m1l8cn0,t3_1hc148c,comment
m1lx82g,"la carne la miden de una forma rara, desde el ultimo aumento y lo dividen por las semanas",ZiYu14,merval,1,2024-12-11 20:31:36,t1_m1l8cn0,t3_1hc148c,comment
m1ndqsi,Conforme a que cada mes el aumento de inflacion sea mas bajo y cada mes el aumento de salarios sea un poco mas alto,ElMatasiete7,merval,7,2024-12-12 02:09:41,t1_m1mrpo1,t3_1hc148c,comment
m1l6riu,[removed],[deleted],merval,15,2024-12-11 18:10:22,t1_m1l671q,t3_1hc148c,comment
m1ljosb,"Olvidate, acá en este país el inquilino está regaladísimo. Me tengo que cambiar de derpa cada año. Muy jodido",sreimsin,merval,6,2024-12-11 19:16:04,t1_m1lcnl1,t3_1hc148c,comment
m1mvk1y,qué indice es el que más conviene?,fransjw,merval,2,2024-12-11 23:59:49,t1_m1lcnl1,t3_1hc148c,comment
m1msys8,La inflación es una sensación,luislezcair,merval,2,2024-12-11 23:43:36,t1_m1m786w,t3_1hc148c,comment
m1mbfuq,"^(Ah por qué me mataron a negativos..)

>Soy de Boca, me explicas?

Hasta ahora, cada vez que la inflación dio más baja de la que esperaba el consenso, el mercado salió a vender bonos CER (tasa atada a la inflación) y a comprar LECAP (tasa fija). Esta tendencia fue más pronunciada en casos como el actual, donde el mercado de hecho esperaba que la inflación *suba* y no sólo que no sube sino que baja.

El tema es que siempre se pasaron de rosca, los bonos CER terminan bajando demasiado y las LECAP quedan sobrecompradas mal, a paridades bastante por encima del 100%. El resultado es que al tiempo se vuelve a revertir a la media: los bonos CER vuelven a subir, porque ahora están a buen precio así que la gente sale a comprar y a la vez toman ganancia de unas LECAP muy altas, por lo que vuelven a bajar.

Entonces uno podría apostar a hacer la jugada contraria: si yo pienso que va a pasar lo mismo, entonces mañana al final de la rueda, los bonos CER tendrían que terminar bastante abajo y las LECAP bastante arriba. Si pienso eso, entonces al final de la rueda ya puedo salir a vender LECAP a precio alto y comprar bonos CER a precio bajo, esperando que la tendencia se de vuelta en el corto plazo.

\---

Pero eso es timba. Fue más que nada un automensaje para resistir la tentación.",elrond_lariel,merval,4,2024-12-11 21:56:39,t1_m1lux8o,t3_1hc148c,comment
m1kr1rj,Mucha gente piensa que los datos son falsos porque las 4 cosas que compran en el super aumentaron mas que eso,LeBroneta,merval,28,2024-12-11 16:52:43,t1_m1kp0xp,t3_1hc148c,comment
m1kq1qr,[removed],[deleted],merval,14,2024-12-11 16:47:47,t1_m1kpx5w,t3_1hc148c,comment
m1levsg,[removed],[deleted],merval,5,2024-12-11 18:50:57,t1_m1l6riu,t3_1hc148c,comment
m1ks0si,"Raro que sea ""lo que compran en el super"" porque segun el indec lo que menos subio fue alimentos, un 0,9%",[deleted],merval,4,2024-12-11 16:57:30,t1_m1kr1rj,t3_1hc148c,comment
m1kqi0v,[removed],[deleted],merval,18,2024-12-11 16:50:00,t1_m1kq1qr,t3_1hc148c,comment
m1kstcm,"Es una forma de decir, la gente no tiene ni idea como se calcula, ve que la factura de luz le llego 10% mas cara y dice que el dato es falso",LeBroneta,merval,19,2024-12-11 17:01:24,t1_m1ks0si,t3_1hc148c,comment
m1l37q7,[removed],[deleted],merval,3,2024-12-11 17:52:49,t1_m1kqi0v,t3_1hc148c,comment
m1l9sji,[removed],[deleted],merval,2,2024-12-11 18:25:26,t1_m1l37q7,t3_1hc148c,comment
m1launs,[removed],[deleted],merval,5,2024-12-11 18:30:46,t1_m1l9sji,t3_1hc148c,comment
m012ene,"Comparto chat con soporte de amazon ayer: [https://pbs.twimg.com/media/Gdw87kfW4AAGMO4?format=png&name=small](https://pbs.twimg.com/media/Gdw87kfW4AAGMO4?format=png&name=small)

Basicamente lo que dicen es: Sabemos del cambio pero nos va a llevar entre 2-4 semanas aplicarlo a nuestros sistemas.",muxcortoi,merval,327,2024-12-02 10:02:52,t3_1h4u874,t3_1h4u874,comment
m011t7g,"Amazon todavía no actualizó los valores. Igual tené en cuenta que no es ""sin impuestos"", el IVA lo tenés que seguir pagando. Es decir, ponele que tenés un producto de 180 dólares con 20 dólares de envío, el total que tenés que pagar son 242 mientras que antes tendrías que haber pagado 329,5

Si a Amazon le sobra plata luego de ingresar las cosas al país, supuestamente, te devuelven ese resto por lo que podrías animarte a comprar y ver que pasa. Personalmente voy a esperar.

Agrego algo, estoy calculando 21% de IVA, pero si es electrónica y similar es 10,5%",NoSoyEseQueDicen,merval,73,2024-12-02 09:58:20,t3_1h4u874,t3_1h4u874,comment
m011qii,"Montos por debajo de 400 vas a pagar solo impuesto de IVA hace tu calculo. En teoría si haces la compra ahora amazon te reintegra la diferencia que pagaste de impuestos cuando el paquete llegue a la aduana.  
Ellos van a actualizar el cartelito de fees cuando se le cante, pero hoy ya arrancó esto.",_MrIcecream,merval,19,2024-12-02 09:57:46,t3_1h4u874,t3_1h4u874,comment
m01ceti,"Yo compré igual, total te lo devuelven, y aproveché el último día del black friday, porque Amazon te factura cuando te lo envía, entonces es como que congelas la oferta y encima ya entra con el régimen nuevo, todo ganancia",Giorgio-1991,merval,10,2024-12-02 11:12:24,t3_1h4u874,t3_1h4u874,comment
m0146z8,"Jugátela toda, OP.  
Hacen falta pioneros que se animen para que después nos cuenten la posta.",TwinsenDinoFly,merval,18,2024-12-02 10:16:06,t3_1h4u874,t3_1h4u874,comment
m0119xu,"Amazon probablemente se tome unos dias para estudiar bien las cosas, considerando que recien hoy sale la publicacion en el boletin oficial. O simplemente te lo sigue cobrando y ya para quedarse tranquilos ellos, no es como que vayan a perder gente.",NNTokyo3,merval,9,2024-12-02 09:54:14,t3_1h4u874,t3_1h4u874,comment
m011mjb,Tengo entendido que te los cobran y dps te hacen la devolución.,stratoskater_86,merval,8,2024-12-02 09:56:55,t3_1h4u874,t3_1h4u874,comment
m01t6oo,"Tampoco es que no te vayan a cobrar ningún impuesto, el IVA lo siguen cobrando. Asi que si un producto te sale 1000 vas a terminar pagando mínimamente 1210. Menos locura que pagar 2000",MadMaxiAr,merval,3,2024-12-02 12:51:58,t3_1h4u874,t3_1h4u874,comment
m0dtiy1,"yo me la jugue y ya compre, con import fees altos pero supuestamente devuelven, segun el boletin oficial desde el 3 de diciembre si no me equivoco ya no cobran los impuestos mas que el iba para compras menores a 400 USD",Pale-Level-5877,merval,3,2024-12-04 12:51:56,t3_1h4u874,t3_1h4u874,comment
m01cmkn,Tiendamia ya lo está aplicando pero te matan con los kilos. Pero si comprás algo liviano como unos airbuds están re baratos,SwizItalo,merval,5,2024-12-02 11:13:48,t3_1h4u874,t3_1h4u874,comment
m012294,"Lo único que no tiene impuestos en Amazon son los libros. Hoy entró en vigencia la nueva normativa para paquetes por courier donde solamente se va a aplicar IVA (21% como tope pero varía según categoría, algunas tienen bastante menos) así que lo esperable es que en algunas semanas ya se vea reflejado en los cálculos de Amazon, sin embargo no va a haber tal cosa como sin impuestos. Por otro lado, el cálculo de Amazon es una estimación del impuesto que le van a cobrar al servicio de paquetería al ingresar al país (DHL, UPS, FedEx, etc) y siempre que el monto es inferior al que te cobró Amazon te hacen la devolución por la diferencia. Lo razonable es que esto siga pasando y la mayoría de las compras hechas con exceso de impuestos tengan devolución, sin embargo no es más que una suposición hasta el día que se actualice la plataforma acorde a la nueva normativa.",doteroargentino,merval,2,2024-12-02 10:00:15,t3_1h4u874,t3_1h4u874,comment
m013pu4,Comprá y si pagás de más te lo devuelven a la semana o dos de que te llega el producto,luislezcair,merval,2,2024-12-02 10:12:39,t3_1h4u874,t3_1h4u874,comment
m01ailr,creo que lo único que compras sin impuestos son libros,MrBadTimes,merval,2,2024-12-02 10:59:51,t3_1h4u874,t3_1h4u874,comment
m01gkmd,"No desesperéis, mañana empieza a regir [https://imgur.com/a/DFVeAIr](https://imgur.com/a/DFVeAIr)",SwizItalo,merval,2,2024-12-02 11:38:46,t3_1h4u874,t3_1h4u874,comment
m01rzlq,"Pero el IVA y el envío lo tenés que seguir pagando, incluso tenes que hacer la declaración jurada y todos los trámites re garcha y va a seguir tardando como 1 mes en llegar.",velorofonte,merval,2,2024-12-02 12:45:24,t3_1h4u874,t3_1h4u874,comment
m02mxt7,"Chicos, primero, la captura de OP muestra un total de envío e impuestos. Impuestos va a seguir habiendo.

Envío, puede que enganchen un producto con envío gratuito.

Y lo último, los impuestos: Amazon da un ESTIMADO en su web. Luego, cuando el producto llega al país, es cuando se declaran y definen los impuestos finales, que se reportan luego a Amazon.

Al final, Amazon devuelve la diferencia si el cálculo salió a favor del cliente (doy fe). Así que en este caso, como al ingresar acá ya deberían reportar menos impuestos a pagar, la devolución será mayor.

Recuerden, el valor de impuestos que pone Amazon es siempre un estimado.",Novalith_Raven,merval,2,2024-12-02 15:28:35,t3_1h4u874,t3_1h4u874,comment
m02wwdl,"Estuve hablando con el soporte y es como dijeron más arriba, llevará de 2 a 4 semanas a que lo actualicen en la web. El producto lo puedes comprar, sólo tienes que comprarlo incluyendo los impuestos. Se realiza el cobro en la tarjeta cuando se realiza el envío. Y en ese momento se procede a realizar el reintegro correspondiente por los impuestos. Acabo de comprar y con impuestos, se me fue alrededor de usd 750.",onvicrom,merval,2,2024-12-02 16:19:48,t3_1h4u874,t3_1h4u874,comment
m03rw22,"Es depósito, si cuando llega y no hay monto a pagar por IVA te lo devuelven 👍",Awkward_Expression62,merval,2,2024-12-02 19:02:24,t3_1h4u874,t3_1h4u874,comment
m041jd1,"Hoy salió el boletín oficial, las medidas entran en vigencia después de 24hs, osea a partir de mañana. O al menos es lo que leí",Opposite-Abrocoma692,merval,2,2024-12-02 19:56:09,t3_1h4u874,t3_1h4u874,comment
m04uuce,"Amazon hace una estimación y después devuelve, ya me pasó con dos productos “raros”.

Adjuntaría pero paja",Pampeano-,merval,2,2024-12-02 22:51:46,t3_1h4u874,t3_1h4u874,comment
m04wwrz,"Nunca va a ser 0, porque te cobran el IVA",guillote1986,merval,2,2024-12-02 23:04:13,t3_1h4u874,t3_1h4u874,comment
m0116bg,cuando lo actualice amazon,nato1943,merval,4,2024-12-02 09:53:28,t3_1h4u874,t3_1h4u874,comment
m011nmu,"Eso es un depósito por cargos y tasas. Vos lo pagás, y cuando el ítem entra al país y en realidad termine siendo menos te lo devuelven.

Después de que salga en el boletín oficial leelo bien para asegurarte que efectivamente lo que vos vas a comprar sólo va a pagar el IVA y comprá tranquilo. Amazon después te devuelve lo que corresponde.",abolista,merval,2,2024-12-02 09:57:09,t3_1h4u874,t3_1h4u874,comment
m012r9v,"Amazon va a actualizar cuando pasen varios paquetes y se aseguren que el pais tiene la norma en funcionamiento.

Si piden de menos lo que falta lo tienen que poner ellos asi que no van a arriesgar. Los primeros paquetes que pasen seguramente van directo a reembolso de impuesto.",LoPlomo,merval,1,2024-12-02 10:05:31,t3_1h4u874,t3_1h4u874,comment
m01a7ky,Alguno ha comprado con Payo en Amazon y le devolvieron los impuestos no cobrados? Tengo esa duda para comprar.,RoFerry,merval,1,2024-12-02 10:57:48,t3_1h4u874,t3_1h4u874,comment
m01abn1,"Te lo cobran y después te devuelven la plata. Hace un par de años hice compras en Amazon USA y las envié a mexico donde sucede lo mismo que sucede acá. Me cobraron y al par de semanas me devolvieron lo cobrado de mas. De cualquier manera hay un par de cosas a tomar en cuenta aca.

1. Lo de los 400 dolares es para las primeras 5 impos personales, vos podes hacer cuantas impos quieras a lo largo del año y una vez que te consumas las primeras 5 el courier simplemente te las va a pasar a comerciales en vez de personales. Lo que quiero decir con esto es que no veo forma de que amazon sepa si la impo se va a importar ""PARTICULAR"" o ""COMERCIAL"" y por ende dudo que saquen lo de import fees deposit porque se la estarian jugando a perder plata. Amazon no tiene la data de ARCA sobre tu CUIT.
2. Si vos haces una compra y ponele que amazon te cobra 100 dolares de ""Import Fees Deposit"" cuando vos solamente deberias pagar 20, amazon te va a devolver 80 dolares cuando tenga el ciclo cerrado, osea, cuando Amazon reciba la factura de DHL con el desglose de impuestos y pueda procesar esto. En el mejor caso la devolucion tarda una semana o dos, a veces tarda mas. 
3. **Los dolares que te van a devolver van al resumen de tu tarjeta, si te entran en el resumen siguiente vas a tener un monto a favor en dolares que la emisora de la tarjeta puede llegar a pesificar (a dolar oficial) al mes siguiente si no los consumis. Las tarjeteas de credito no te pueden devolver esos dolares a tu caja de ahorro en dols.**
4. Yo recomiendo hacer estas compras con tarjetas fondeadas con dolares MEP o Crypto tipo la tarjeta de Cocos, DolarApp, Takenos o cualquier otra ya que sabes al TC que estas pagando y cuando te devuelven los dols, sos fehacientemente dueño de esos dols.",9erflr,merval,1,2024-12-02 10:58:33,t3_1h4u874,t3_1h4u874,comment
m01ttn4,"Diría que por más que todavía no esté implementado en el sitio aprovechen porque las 5 compras son por año calendario, así que pueden meter 5 compras ahora y en enero se resetea el contador. Amazon siempre devolvió impuestos porque el cálculo que hacen es estimativo (en base a saber qué, debe haber mil resoluciones y porquerías ahí), no creo que ahora que ya está oficializado esto se pongan en putos y no te devuelvan lo que corresponda para que termines pagando el 21% nomás.",LibritoDeGrasa,merval,1,2024-12-02 12:55:25,t3_1h4u874,t3_1h4u874,comment
m01u91d,"Personalmente voy a esperar que adecuen su sistema, te lo devuelven? si cuando estaba el gato macri devolvian lo que te cobraban demás a la tarjeta, el tema que si ahora pagamos con dolar Mep como sacamos esos ""dolares"" a favor, nadie sabe ni el banco.",milennium2,merval,1,2024-12-02 12:57:42,t3_1h4u874,t3_1h4u874,comment
m01vrez,"Habiendo comprado en amazon en otras veces lo que creo que va pasar es que cuando el producto entre al pais va estar vigente la reduccion de impuestos, entonces despues te lo van a reintegrar",Mammoth-Law-1291,merval,1,2024-12-02 13:06:00,t3_1h4u874,t3_1h4u874,comment
m01yz3v,"Los Fees nunca va a ser 0,00 porque el IVA igual se suma. Lo que no se añade son los cargos por importación.",gonzaled,merval,1,2024-12-02 13:23:13,t3_1h4u874,t3_1h4u874,comment
m021tzp,Mi duda es si ya podemos excedernos de los 1000 usd ¿Esto no esta en el decreto o si?,ITheChosen95,merval,1,2024-12-02 13:38:25,t3_1h4u874,t3_1h4u874,comment
m02k272,"Me metí a comprar algo en Amazon y se ve que todavía no se actualizó nada. Mi pregunta es si igual al estar desactualizado, al comprar un producto te cobran como antes o se implementa la nueva modalidad?",hikaruhichijo,merval,1,2024-12-02 15:13:42,t3_1h4u874,t3_1h4u874,comment
m02tztz,"pregunto al que sepa, como puedo saber cuanto pago de arancel si supero los 400? de que depende? y sobre el IVA, es IVA sobre el arancel, o tambien sobre el precio + envio? uno por ahi comentaba que no tiene sentido cobrar IVA a algo extranjero, supongo que porque no se le agrego ningun valor dentro del pais, pero buscando en google dice que si se paga, 21%, o 10.5% si es tema informatica o algo asi",misdocumeno,merval,1,2024-12-02 16:04:44,t3_1h4u874,t3_1h4u874,comment
m03bsnx,La ley termina el 23 de diciembre,zapa1972,merval,1,2024-12-02 17:38:03,t3_1h4u874,t3_1h4u874,comment
m04076s,"Yo me esperaría hasta Enero o Febrero para cuando ya esté todo actualizado, aunque vengo chusmeando cositas todos los dias a ver que onda.",andy_2098_fml,merval,1,2024-12-02 19:48:25,t3_1h4u874,t3_1h4u874,comment
m04ncj1,Que va a pasar con los couriers que quedaron bloqueados de Amazon antes del cambio? Se van a entregar ahora?,arrowflakes,merval,1,2024-12-02 22:06:44,t3_1h4u874,t3_1h4u874,comment
m06sxpo,"Amazon es re delirante con estas cosas, yo sigo con ebay",FLRArt_1995,merval,1,2024-12-03 09:08:07,t3_1h4u874,t3_1h4u874,comment
m06ukgu,Tiendamia ya tiene los impuestos bajados. Algunas cosas conviene mucho traerlas x ahí. Mi novia anduvo viendo unos Lego de flores que acá piden 220 Lucas y x tiendamia te queda 100 puesto en tu casa en 10 días,EvitaAccidentes,merval,1,2024-12-03 09:22:04,t3_1h4u874,t3_1h4u874,comment
m073x66,"A mi la verdad no me queda claro que pasa si te excedes de los 400 dolares digamos un producto de  600 dolares.

400 solo pagan el iva que corresponda, pero los 200 dolares que pagarian??",Curious_Objective133,merval,1,2024-12-03 10:31:54,t3_1h4u874,t3_1h4u874,comment
m08gkk7,Eso incluye envío además de impuestos.,ImSkeptikoi,merval,1,2024-12-03 15:03:07,t3_1h4u874,t3_1h4u874,comment
m0cntji,"No se que paso ahí... Compre un gabinete hace un mes maso, cuando estaba esto de la tarifa plana de envio a 5 dólares. El gabinete salia 144usd y no estaba dentro de la promoción de los 5usd de envio. Me decia que iba a tener que pagar 67usd de envío e impuestos de importación.

Ayer me fijo que onda el gabinete, si estaba mas barato para volver a comprarlo o que onda y me encuentro que me cobran 235usd de envío+impuestos. Que rompimo?",Nachouiteq,merval,1,2024-12-04 08:06:45,t3_1h4u874,t3_1h4u874,comment
m0fenjc,"Yo tengo una duda, si compras pagando con dolar mep, pagas el total en dolares que dice amazon o te comes el 21% de iva? O ese 21% de iva solo aplica si pagas con pesos",No_Try261,merval,1,2024-12-04 17:39:21,t3_1h4u874,t3_1h4u874,comment
m0vck6d,Cuándo se reinicia lo de las 5 compras al año? El 1° de Enero?,onvicrom,merval,1,2024-12-07 11:12:27,t3_1h4u874,t3_1h4u874,comment
m10yh5r,Che pero a la franquicia de menos de 50 usd que estaban exentos de todo impuesto no está más?? Al final me termina saliendo más caro traer cosas chicas de china hasta 49.99 usd...,NewellsMessi,merval,1,2024-12-08 10:19:19,t3_1h4u874,t3_1h4u874,comment
m10ylbd,Che pero a la franquicia de menos de 50 usd que estaban exentos de todo impuesto no está más?? Al final me termina saliendo más caro traer cosas chicas de china hasta 49.99 usd...,NewellsMessi,merval,1,2024-12-08 10:20:12,t3_1h4u874,t3_1h4u874,comment
m1olufw,"No sé que pasa con los Relojes, te cobran el 90%-100% de tasa de importación por adelantado

En otros items el nro es mas cercano al 25% aprox.",gtaliano,merval,1,2024-12-12 09:35:38,t3_1h4u874,t3_1h4u874,comment
m1rxfjb,Sacaron el envío gratis para varios productos que superan los usd 100.,onvicrom,merval,1,2024-12-12 20:39:17,t3_1h4u874,t3_1h4u874,comment
m013yzs,ARCA (Ah Re Compran Afuera),AbogadoAlejandria,merval,1,2024-12-02 10:14:28,t3_1h4u874,t3_1h4u874,comment
m03um4g,Que es import fees?,userego,merval,0,2024-12-02 19:17:11,t3_1h4u874,t3_1h4u874,comment
m080d2i,"CON CEPO ES INVIABLE IMPORTAR

Verifica en la página llamada Impuestito: ahí te detallan los costos financieros (+50-60% por dólar).",[deleted],merval,0,2024-12-03 13:38:49,t3_1h4u874,t3_1h4u874,comment
m030h5a,aguante miller carajo!,shermanuniverse,merval,-3,2024-12-02 16:38:26,t3_1h4u874,t3_1h4u874,comment
m013t6x,"Igual no hay mucho para comprar en Amazon,  había muchos más artículos cuando estaba el 5 dolares de envío",Best_Government_888,merval,-4,2024-12-02 10:13:18,t3_1h4u874,t3_1h4u874,comment
m019dnb,Ah bueno saberlo!! Gracias por tomarte el laburo,cracken005,merval,59,2024-12-02 10:52:16,t1_m012ene,t3_1h4u874,comment
m01723g,Bue.mp3,ZShock,merval,43,2024-12-02 10:36:24,t1_m012ene,t3_1h4u874,comment
m01aby6,genial el dato,Opinologodelnorte,merval,18,2024-12-02 10:58:37,t1_m012ene,t3_1h4u874,comment
m01ag5r,Chau ofertas de cybermonday entonces 😔,Pearl_Jam_,merval,30,2024-12-02 10:59:24,t1_m012ene,t3_1h4u874,comment
m01acav,"Crack !


Una nota de color a esto es que, probablemente, Amazon tenga un algoritmo corriendo para calcular los envíos, y no es que estén al tanto de las regulaciones si no que lo calculan en base al valor y el % de impuestos que les cobran a ellos al pasarlos por aduana, de ahí seguramente que viene el estimado de 2-4 weeks, sería una vez que tengan más data.",miviejaentanga,merval,12,2024-12-02 10:58:41,t1_m012ene,t3_1h4u874,comment
m02f59v,con suerte caemos en las ofertas de navidad. Este black friday y cyber monday ya están perdidos :P,Inaksa,merval,1,2024-12-02 14:48:18,t1_m012ene,t3_1h4u874,comment
m02o22p,Héroe,Santochi,merval,1,2024-12-02 15:34:21,t1_m012ene,t3_1h4u874,comment
m031q7t,Gracias por compartirlo!,ObiFlanKenobi,merval,1,2024-12-02 16:44:58,t1_m012ene,t3_1h4u874,comment
m03atj8,entonces en Febrero?,ThePolindus,merval,1,2024-12-02 17:32:55,t1_m012ene,t3_1h4u874,comment
m05ehso,Para finales de Enero entonces tranqui,Ealstrom,merval,1,2024-12-03 00:55:32,t1_m012ene,t3_1h4u874,comment
m071g72,"¿Y si uno compra ahora y paga los impuestos a la importación, cuando cambie a 0 se le devuelve la plata que se pagó por los impuestos de esa importación?",FacuX52,merval,1,2024-12-03 10:14:47,t1_m012ene,t3_1h4u874,comment
m08ikw7,Héroe,i0sario,merval,1,2024-12-03 15:13:35,t1_m012ene,t3_1h4u874,comment
m0badpc,"igual no es a partir del 23 de este mes recien?? igual si, va a llevar tiempo a que se adapten, encima siempre es kilombo aca, porque son todos cambios parciales, onda ''*en 400 no te cobro impuestos, pero mas de 400 si, y menos de 3000 dependiendo del ciclo lunar y la intensidad de los rayos cosmicos* '' , es un embole para  los yankis ir siguiendo todo eso",LuckyNumber_29,merval,1,2024-12-04 00:27:23,t1_m012ene,t3_1h4u874,comment
m0fk6ne,Alguien tiene idea si la tarifa para la importación cuenta para el tope de 400USD (O sea el tope CIF)?,hazielyolo,merval,1,2024-12-04 18:06:20,t1_m012ene,t3_1h4u874,comment
m01739b,"Limited-time deal: Coleman WeatherMaster Tent with Screened Porch, Weatherproof 6-Person Tent with Screen Room, Rainfly & Carry Bag Included https://a.co/d/9DL2Z2c

Crees que este producto llegara por su tamaño? Que harias vos?

Otra consulta que tengo es si se puede pagar con dolares en cuenta santander argentina.",pepegomez6969,merval,1,2024-12-02 10:36:37,t1_m012ene,t3_1h4u874,comment
m01lk91,Crack,ElMatasiete7,merval,0,2024-12-02 12:08:49,t1_m012ene,t3_1h4u874,comment
m019maf,"El supuestamente es verdad, pedí varias veces así anteriormente y siempre, sin excepción, me devolvieron guita, así sean 5usd , te los reintegran.",miviejaentanga,merval,15,2024-12-02 10:53:54,t1_m011t7g,t3_1h4u874,comment
m01cxol,"El IVA es sobre el envío también? No creo. Agrego un dato, en Amazon España te descuenta el IVA de ellos, por ende lo podes sacar un toque más barato todavía (según el envío) pero es a tener en cuenta porque USA no te saca sus impuestos o no sé cómo es.",Giorgio-1991,merval,1,2024-12-02 11:15:49,t1_m011t7g,t3_1h4u874,comment
m038vza,"Está aclarado que es lo que cuenta como ""electrónica"" y paga 10,5%? Componentes de PC, periféricos, consolas, accesorios para consolas, batidoras, calulares?",lucasgonzalez6,merval,1,2024-12-02 17:22:46,t1_m011t7g,t3_1h4u874,comment
m03onwp,Para Argentina en Amazon los envíos son gratis tengo entendido,International_Mud141,merval,1,2024-12-02 18:45:24,t1_m011t7g,t3_1h4u874,comment
m03qp4h,un monitor entra en electronica ?,zetalala,merval,1,2024-12-02 18:56:01,t1_m011t7g,t3_1h4u874,comment
m321gl5,"igual el iva no te lo debe cobrar amazon, sino la tarjeta que uses, a ellos no les compete. en su reglamento sí deberian sacar esos impuestos",[deleted],merval,1,2024-12-20 20:15:27,t1_m011t7g,t3_1h4u874,comment
m012tdf,"El producto que quiero comprar vale aca 1.090.000, alla 600 us con impuestos, y publicado en amazon por 250 us. 
Como son 250 us de impuestos logicamente me duele el bolsillo ademas no entiendo bien si al estar soprepasando con los impuestos los 400 us me estaria pasando del limite o no. 

Es la primera vez que compraria en el exterior y wuisiera saber todo, logicamente es dificil. Por otro lado tengo un poco de urgencia porque no tengo el producto.",pepegomez6969,merval,-1,2024-12-02 10:05:58,t1_m011t7g,t3_1h4u874,comment
m01h6aj,"? El IVA es un impuesto nacional, no se paga en compras fuera del pais, ni se puede generar sin factura local. Digamos, si importas 500 dolares y te cobran $50 de impuestos, te pueden cobrar el 21% extra sobre esos 50 que te toca tributar aca, pero no sobre los 500 que le pagaste afuera a Amazon porque es una venta en USA. Sería una cola infinita en el aeropuerto si funcionara como decis vos. USA si te cobrara su impuesto VAT local según el estado al realizar la venta.",BNeutral,merval,-4,2024-12-02 11:42:26,t1_m011t7g,t3_1h4u874,comment
m0134wd,"Claro, yo recuerdo cuando me reintegraron 30 dolares como 1 semana después de haberse entregado el paquete hace 1 mes.",videladidnothinwrong,merval,9,2024-12-02 10:08:21,t1_m011qii,t3_1h4u874,comment
m01vser,"Yo hice lo mismo. Compré el 28 de Noviembre con el black friday, todavía ni lo enviaron ni tampoco entró en el resumen de la tarjeta (que justo cerraba al día siguiente). El que tenga miedo a comprar en Amazon que no nazca (?).",SydneyLosstarot,merval,10,2024-12-02 13:06:08,t1_m01ceti,t3_1h4u874,comment
m01log6,Igualmente cuenta cuando pasa por aduanas así que el que pidió la semana pasada y recién ahora está entrando al país ya paga menos,miviejaentanga,merval,4,2024-12-02 12:09:29,t1_m01ceti,t3_1h4u874,comment
m02p4cc,Ya pionereé! Pregunten,Novalith_Raven,merval,7,2024-12-02 15:39:51,t1_m0146z8,t3_1h4u874,comment
m016ws9,"Si estoy ahi.. igual traten de ser sinceros jaja, soy medio corte borderline...",pepegomez6969,merval,2,2024-12-02 10:35:23,t1_m0146z8,t3_1h4u874,comment
m013s7i,Lo que hacen es cobrartelo y despues te lo devuelven.,grifter_cash,merval,5,2024-12-02 10:13:06,t1_m0119xu,t3_1h4u874,comment
m012g6w,"Disculpa esto esta checkeado? Amigo de un amigo, algo asi? Porque la normativa se oficializo hoy no?",pepegomez6969,merval,5,2024-12-02 10:03:12,t1_m011mjb,t3_1h4u874,comment
m013xkr,Esa devolucion te la hacen a la tarjeta de credito?,grifter_cash,merval,1,2024-12-02 10:14:11,t1_m011mjb,t3_1h4u874,comment
m019oiv,Tenes idea si usas giftcard? Tengo una giftcard de 100 y otra de 50 que me gane del laburo y con envio deberia salir 130 dolares con toda la furia asi que podria pagarlo todo con la giftcard... Pero no se si reintegran a amazon o lo devuelven a mi tarjeta incluso cuando no pague nada con esa tarjeta.,Echodusk,merval,1,2024-12-02 10:54:18,t1_m011mjb,t3_1h4u874,comment
m013dbq,"no especifica sobre el fee del pago, sino mas bien, del fee de envio... , te falta sumarle el impuesto tarjeta,.... no es viable... preferible aliexpress...",AbogadoAlejandria,merval,-2,2024-12-02 10:10:05,t1_m011mjb,t3_1h4u874,comment
m020u3w,"Si eso es obvio. Perdon, reduccion de impuestos.",pepegomez6969,merval,2,2024-12-02 13:33:07,t1_m01t6oo,t3_1h4u874,comment
m0dvdaz,"Yo no avance por la fecha de entrega, averiguaste? Me da para un mes",pepegomez6969,merval,1,2024-12-04 13:01:26,t1_m0dtiy1,t3_1h4u874,comment
m0gj8sk,"Hice lo mismo pero porque tiene el envió gratis y de hoy a la mañana a ahora paso a tener menos de la mitad de impuestos totales (mira si por esperar le sacan el envió gratis seguro terminas pagando lo mismo)

Tengo misma fecha que vos para entrega, si después me devuelven algo es un plus y ni hablar que me salio 900 mil menos que en mercadolibre",NinjaKiitty,merval,1,2024-12-04 21:14:34,t1_m0dtiy1,t3_1h4u874,comment
m03czr3,Ya que hablas de tiendamia te pregunto por si sabes. Hay forma de pagarlo en usd? O te cobran si o si en pesos al dolar turista? Porque me quiero comprar una consola portatil y amazon no la trae hasta aca.,Pseudomonaaeruginosa,merval,1,2024-12-02 17:44:20,t1_m01cmkn,t3_1h4u874,comment
m01yk20,Sabes a partir de cuanto peso aprox hacen quilombo?,Johnny-314,merval,0,2024-12-02 13:21:01,t1_m01cmkn,t3_1h4u874,comment
m012vmv,Te han devuelto en otros casos?,pepegomez6969,merval,1,2024-12-02 10:06:27,t1_m012294,t3_1h4u874,comment
m016swk,Te devuelven a la cuenta en dolares santander por ejemplo? O comoM,pepegomez6969,merval,1,2024-12-02 10:34:38,t1_m013pu4,t3_1h4u874,comment
m020rnb,"Podes chequearlo? Que dia es hoy??
Nah mentira. Gracias viejo por la data.. mañana hago la compra si termino de entender como me devuelven los 300 usd de mas que voy a pagar.",pepegomez6969,merval,1,2024-12-02 13:32:45,t1_m01gkmd,t3_1h4u874,comment
m0bk4c8,"No pichón, eso lo hace el courier.",fhanna92,merval,2,2024-12-04 01:34:16,t1_m01rzlq,t3_1h4u874,comment
m02npnw,"La duda que me queda, ya que tenes experiencia consulto, existe pagar con tj de debito y usar los dolares de la cuenta argentina de santander por ejemplo? Y ellos al devolver, devuelven dolares a esa cuenta? 
Ahora otra duda que me quedo es si es a partir de que se publica el boletin, osea mañana.",pepegomez6969,merval,1,2024-12-02 15:32:32,t1_m02mxt7,t3_1h4u874,comment
m02y0vb,Y consultaste con la de debito si se podia y como te devolverian los impuestos,pepegomez6969,merval,2,2024-12-02 16:25:40,t1_m02wwdl,t3_1h4u874,comment
m013fx5,"Puedo consultarte fino? Aver, es una carpa familiar, un bulto estimo grande, sale 600 con todos los impuestos. 250 final con envio gratis a argentina.

Aca vale 1.150.000

La diferencia es enorme...

Mi apzro es mucho porque llegan las vacaciones en un mes.",pepegomez6969,merval,1,2024-12-02 10:10:37,t1_m011nmu,t3_1h4u874,comment
m013gy5,Lo voy a leer bien tambien.,pepegomez6969,merval,1,2024-12-02 10:10:50,t1_m011nmu,t3_1h4u874,comment
m04q8nr,"yo compré en Amazon en octubre un par de discos ssd con payoneer y me devolvieron al toque la diferencia, en menos de un mes como U$S67",RGZ-ROGOGO,merval,3,2024-12-02 22:24:14,t1_m01a7ky,t3_1h4u874,comment
m0ab66x,Yo si. Pagué con la tarjeta en EUR hace mes y pico. Me hicieron el reembolso a la semana.,conurbangengar,merval,2,2024-12-03 20:55:03,t1_m01a7ky,t3_1h4u874,comment
m01dld1,"Tengo una cuenta de Payoneer, no asi tarjeta. Para resolver esto. Pero cuando les meta guita segun entendi me la van a chupar porque es de la epoca de la pandemia.. debe mantenimiento creo. Clarisimo lo de la tarjeta.",pepegomez6969,merval,1,2024-12-02 11:20:02,t1_m01abn1,t3_1h4u874,comment
m08pbk7,"Tenes idea cuanto puede llegar a tardar en una de debito? Me llego el email el 14 de Noviembre de la devolución y en Brubank todavía no figura nada, me abrieron un ticket con respuesta máxima hasta el 23 de Diciembre pero me parece mucho tiempo y me hace dudar.",Diiego09,merval,1,2024-12-03 15:48:04,t1_m01abn1,t3_1h4u874,comment
m03lqy8,"Yo me mandé y que sea lo que Dios quiera. Total con impuestos y todo era más barato que acá.

Sabés si las 5 compras te las cuentan cuando comprás o cuando recibís? Si compro ahora y llega en enero cuenta para 2025?",Happy_Bad_Lucky,merval,1,2024-12-02 18:30:06,t1_m01ttn4,t3_1h4u874,comment
m03l8eq,"Que afecta que pagues con dólar MEP? En realidad vos no pagas con dólar MEP. Pagás en dólares y punto. El MEP es la vuelta financiera que vos hiciste para comprar los dólares con pesos, por medio del bono AL30, etc.",Happy_Bad_Lucky,merval,1,2024-12-02 18:27:27,t1_m01u91d,t3_1h4u874,comment
m03ko6n,Si. Ahora es hasta 3000.,Happy_Bad_Lucky,merval,2,2024-12-02 18:24:32,t1_m021tzp,t3_1h4u874,comment
m02kcni,Lee todos los comentarios ahi esta la rta.,pepegomez6969,merval,1,2024-12-02 15:15:13,t1_m02k272,t3_1h4u874,comment
m03jxh5,Parece que estás hablando del impuesto PAIS. Esto es otra cosa.,Happy_Bad_Lucky,merval,2,2024-12-02 18:20:38,t1_m03bsnx,t3_1h4u874,comment
m06t2yn,Ok pero llegan las cosas el dia del arquero. Un paquete de 15~18 kg cuanto tarda?,pepegomez6969,merval,2,2024-12-03 09:09:23,t1_m06sxpo,t3_1h4u874,comment
m0a2k16,"Pero es más caro que Amazon, por lo que pude ver en varios productos, además la garantía es por una semana si hay algún desperfecto.",onvicrom,merval,3,2024-12-03 20:04:29,t1_m06ukgu,t3_1h4u874,comment
m0a3cpx,"El iva se paga en el total del producto. En tu caso de los usd 600:

Iva del 21% sobre los usd 600.

Usd 400 no pagan impuestos.

Usd 200 paga impuesto país del 30%, a este valor lo divides luego por 2 porque ten en cuenta que los excedentes pagan el 50% en el impuesto y no el total.

Usd 200 paga impuesto ganancia del 30%, a este valor lo divides luego por 2 porque ten en cuenta que los excedentes pagan el 50% en el impuesto y no el total.",onvicrom,merval,1,2024-12-03 20:09:07,t1_m073x66,t3_1h4u874,comment
m0lvqiz,El iva lo pagas en pesos argentinos. No sé si los impuestos se pagan en dólares o pesos argentinos.,onvicrom,merval,1,2024-12-05 18:48:49,t1_m0fenjc,t3_1h4u874,comment
m0n895r,"El IVA está en el precio final. Yo compré en Amazon con Gift Card (comprándola en la página misma, no en páginas de terceros) y con débito directo. No me cobraron IVA aparte en ninguno de los dos casos. No como en Steam por ejemplo, que comprás y a las 48hs te llega otro cobro en concepto de IVA.",Happy_Bad_Lucky,merval,1,2024-12-05 23:32:19,t1_m0fenjc,t3_1h4u874,comment
m1omfpo,"Fijate los mensajes del resto, creo que lo devuelven yo no compre aun",pepegomez6969,merval,1,2024-12-12 09:40:22,t1_m1olufw,t3_1h4u874,comment
m0a41a1,"La página de impuestito está mal, hay varios factores que no toma en cuenta.",onvicrom,merval,1,2024-12-03 20:13:05,t1_m080d2i,t3_1h4u874,comment
m015kmf,Eso ya no esta mas? No sabia que era por un tiempo tan corto,lealsk,merval,1,2024-12-02 10:26:01,t1_m013t6x,t3_1h4u874,comment
m01nstb,"Podes comprar igual en teoría, te deberían devolver las fees.",Naign,merval,27,2024-12-02 12:21:41,t1_m01ag5r,t3_1h4u874,comment
m01o5v5,"No, podes comprar y si cuando llega, la aduana no cobra, te devuelven.",braudoner,merval,22,2024-12-02 12:23:45,t1_m01ag5r,t3_1h4u874,comment
m03bcx6,"Deberían devolver lo que sobra. Igual es un riesgo. Yo me mandé a comprar un par de cosas igual porque con impuestos y todo (y el envío gratis) sigue siendo más barato que los precios de acá. Si vuelve algo, mejor.",Happy_Bad_Lucky,merval,8,2024-12-02 17:35:45,t1_m01ag5r,t3_1h4u874,comment
m07t0j6,"Si podes comprar igual, te van a cobrar de mas pero la plata q sobre al pagar impuestos mas bajos de lo esperado te la devuelven",DoughnutFar9195,merval,1,2024-12-03 13:00:03,t1_m01ag5r,t3_1h4u874,comment
m01szrt,"Es probable, porque el monto de fees que te cobran varía salvajemente dependiendo de lo que estés comprando, andá a saber cuántos cientos de variables hay involucradas en ese cálculo. Siempre es una lotería, ayer estaba viendo una placa de video, 50% de impuestos. Relojes pulsera? 105% de impuestos. Una balanza smart? 73% de impuestos aprox.

Lo único que tiene que hacer Amazon ahora es ponerle 21% a todo menos a lo que tenía 10,5% y estamos, pero obviamente mandar cualquier tipo de código a producción de semejante sitio no se puede hacer en 1 día y listo.",LibritoDeGrasa,merval,7,2024-12-02 12:50:56,t1_m01acav,t3_1h4u874,comment
m033q8t,"Lo más probable es que, viniendo del black friday y con navidad a la vuelta de la esquina, no tengan ni ganas ni tiempo para meterse a tocar mucho los sistemas de facturación.",ObiFlanKenobi,merval,2,2024-12-02 16:55:24,t1_m01acav,t3_1h4u874,comment
m02pmoh,El único problema es que te llega para reyes 😅,muxcortoi,merval,1,2024-12-02 15:42:27,t1_m02f59v,t3_1h4u874,comment
m03blat,"Lo importante a entender es: más allá del anuncio del gobierno, la posta es ver qué hacen las empresas para adaptarse a eso",muxcortoi,merval,1,2024-12-02 17:36:58,t1_m03atj8,t3_1h4u874,comment
m071q40,"Amazon tiene la política de: retener el impuesto, es menos lo que tiene que pagar te lo devuelve, si es más absorbe el gasto.

En teoría si, pero quien sabe. Yo esperaría a ver que haya algo de parte de Amazon que indique que están al tanto del cambio.",muxcortoi,merval,2,2024-12-03 10:16:44,t1_m071g72,t3_1h4u874,comment
m054w03,">Otra consulta que tengo es si se puede pagar con dolares en cuenta santander argentina.

Si. Lo que podes hacer si tenés dudas es comprar una pequeña gift card con la tarjeta de débito a ver si te la toma, ponele de 5 USD. Después le agregas el saldo a lo que quieras comprar.

  
Digo esto porque me pasó que dejé un pedido hecho, te dan fecha de entrega a 3 o 4 semanas, y recién te cobran cuando hacen el envío. Entonces si hay algún problema con el pago, o los documentos o lo que sea, se te puede cancelar automáticamente y si querés volver a cargar el pedido tenés que volver a esperar el tiempo de envío desde cero.

  
Me pasó esto y se me canceló la compra. Por suerte justo anunciaron lo de la baja de impuestos así que me salió bien, pero alta paja tener que esperar otra vez.",Happy_Bad_Lucky,merval,2,2024-12-02 23:53:16,t1_m01739b,t3_1h4u874,comment
m01a2wx,"Excelente saberlo, yo compré cosas afuera pero nunca en Amazon así que como no tengo experiencia directa no quería aseverarlo solo porque es lo que dicen ellos pero es bueno leer gente que ya lo haya experimentado.",NoSoyEseQueDicen,merval,6,2024-12-02 10:56:57,t1_m019maf,t3_1h4u874,comment
m01mu8s,"Es así, yo compré algo y me devolvieron a los tres meses una plata y al verificar fue por una compra de Amazon.",elsuanfanzon,merval,2,2024-12-02 12:16:12,t1_m019maf,t3_1h4u874,comment
m03yi66,Te lo devolvieron en dólares o pesos? Cuánto tardaron una vez que llegó?,Chinchupizza,merval,1,2024-12-02 19:38:49,t1_m019maf,t3_1h4u874,comment
m0afwbc,La gran pregunta es ¿En cuánto tiempo te lo devolvieron?,LDBill98,merval,1,2024-12-03 21:23:01,t1_m019maf,t3_1h4u874,comment
m01fj3e,"Siempre existe la posibilidad de equivocarme, pero los impuestos siempre se han cobrado sobre el producto más el envío, al menos así fue en mi caso todas las veces que compré en el exterior.

Con respecto a lo de España, ellos te pueden cobrar su IVA, pero en aduana te van a cobrar el IVA de acá sobre el subtotal, no les importa que otro país ya te haya cobrado impuestos.

Con respecto a lo que decís de Estados Unidos, es tal cual, Estados Unidos te pone el precio sin impuestos porque es muy variable de estado a estado, después vos pagás los impuestos que correspondan en relación a tu dirección de facturación y de envío que selecciones.",NoSoyEseQueDicen,merval,3,2024-12-02 11:32:12,t1_m01cxol,t3_1h4u874,comment
m03sec9,Solo para ciertos productos seleccionados.,NoSoyEseQueDicen,merval,1,2024-12-02 19:05:08,t1_m03onwp,t3_1h4u874,comment
m3n31dd,"Tengo entendido (todavía sin confirmar) que te lo cobra aduana por lo que Amazon te lo incluye en el depósito de impuestos.

Personalmente pagué con una tarjeta de afuera así que ahí no me cobraron nada más que los dólares exáctos que me costó, después veré cuanto me devuelven del depósito (si es que me devuelven algo) y sacaré cuentas.",NoSoyEseQueDicen,merval,1,2024-12-24 17:03:20,t1_m321gl5,t3_1h4u874,comment
m0168md,"El límite de los 400 es producto más envío sin impuestos. Por ejemplo, digamos que ese producto de 250 tiene un envío de 35 dólares, el subtotal es de 285 por lo que no pagás aranceles, solo pagás IVA.

Suponiendo que es algo con IVA al 10,5% entonces el total absoluto que deberías pagar sería de 327,75

Después obviamente depende de si entra por courrier o Correo Argentino y otros detalles mínimos que pueden hacer variar el precio levemente pero a groso modo ese sería el cálculo.",NoSoyEseQueDicen,merval,6,2024-12-02 10:30:40,t1_m012tdf,t3_1h4u874,comment
m0139qy,"El limite debería ser solo en el precio base del producto. No tendría nada de sentido cobrarlo por separado. Además, así era antes con el limite en dolares de lo que podías traer",videladidnothinwrong,merval,2,2024-12-02 10:09:21,t1_m012tdf,t3_1h4u874,comment
m01l9fy,Es lo que dice el Boletín Oficial hoy y lo que dijo el vocero presidencial días atrás cuando anunció la medida. El IVA se cobra cuando el producto ingresa al país.,NoSoyEseQueDicen,merval,4,2024-12-02 12:07:03,t1_m01h6aj,t3_1h4u874,comment
m013oqf,Tardan pero devuelven,grifter_cash,merval,6,2024-12-02 10:12:25,t1_m0134wd,t3_1h4u874,comment
m020cod,donde te lo reintegran a tu cuenta bancaria o a tu cuenta de amazon para usarlo a futuro?,Andy_max11,merval,1,2024-12-02 13:30:31,t1_m0134wd,t3_1h4u874,comment
m04437x,"Estan seguros que es cuando entra a aduana? No se factura enseguida con fecha de factura? Recien se factura cuando te lo envía?

Presenten pruebas si puedan por favor, yo quiero comprar pero eso me da cagaso.",sebacard,merval,1,2024-12-02 20:11:03,t1_m01log6,t3_1h4u874,comment
m02ujv8,Como pagaste?,pepegomez6969,merval,1,2024-12-02 16:07:37,t1_m02p4cc,t3_1h4u874,comment
m0cvcfj,[deleted],[deleted],merval,1,2024-12-04 09:16:21,t1_m02p4cc,t3_1h4u874,comment
m01592e,"Cuando decis devuelven te referis a credito en la tienda imagino, no?",NNTokyo3,merval,1,2024-12-02 10:23:42,t1_m013s7i,t3_1h4u874,comment
m015jkr,"A mi hace ya varios años me pasó y si me devolvieron la diferencia (acá está el texto del email):

    Good day,
    
    Amazon.de provides information about your refund.
    
    We confirm today a refund of 71.45 EUR for your order 105-3827236-12.
    
    The refund applies to the following item(s):
    
        Item: LG 27UD58-B 27 inch LED monitor (Ultra HD 4K IPS, 250 cd/m²)
        Quantity: 1
        ASIN: B01LBQ3QCA
        Reason for refund: Export fee reduced
    
    The refund will be seen in the payment method used when ordering:
    
        -  your Visa credit card with final numbers 1234.",toolion,merval,11,2024-12-02 10:25:49,t1_m012g6w,t3_1h4u874,comment
m0138b9,"Creo que la semana pasada un funcionario habló del tema y dijo que una vez publicado en el BO ya entra en vigencia (lo que pasó anoche) pero que Amazon puede que te lo cobre preventivamente aún mientras actualizan sus sistemas, pero que luego eso va a la declaracion de impuestos que hacen y normalmente devuelven cuando se cobra de más.",ElMarkuz,merval,3,2024-12-02 10:09:04,t1_m012g6w,t3_1h4u874,comment
m0144dt,"siempre fue asi hace años.

  
Un producto que me llego con la promo de 5 usd, pague 50 usd y me devolvieron 10",MelaniaSexLife,merval,3,2024-12-02 10:15:34,t1_m012g6w,t3_1h4u874,comment
m012rv8,Si,TeConCriollitas,merval,1,2024-12-02 10:05:38,t1_m012g6w,t3_1h4u874,comment
m017dtx,"A mí siempre me reembolsaron cuando compré por Amazon y no tuvo que pasar por aduana. Un golazo. El tema que tenía yo particularmente, cuando no había acceso al MEP, es que se quedaban con el porcentaje de impuesto PAIS. Hoy si pagás con dolar directo (MEP al que todos tenemos acceso), no deberían retener nada. ENTIENDO que golazo, y si estoy diciendo alguna gansada aguardo a ser corregido.",ZShock,merval,1,2024-12-02 10:38:38,t1_m012g6w,t3_1h4u874,comment
m01c2ie,"A ver, está chequeado hace años atrás, a veces tenías suerte y te terminaban devolviendo todos los impuestos, a mi me pasó 2 veces y uno era una compu que la pagué casi a lo mismo que decía amazon.

Ahora tenemos otro gobierno, otras reglas, otras normativas, es otro panorama. No está chequeado y alguien se va a arriesgar primero jajajaj",Crypto-S,merval,1,2024-12-02 11:10:09,t1_m012g6w,t3_1h4u874,comment
m01j70b,"Yo pagué con MP, me debitaron todo junto. Tuve que enviarles una declaración jurada (imprimí un documento que me dan ellos y la firmé a mano, así lo requieren) diciendo que $X eran impuestos que no me correspondían (en ese caso fue porque fueron libros)

Me los devolvieron al día siguiente más o menos.",AestheticNoAzteca,merval,1,2024-12-02 11:54:42,t1_m012g6w,t3_1h4u874,comment
m02ccpx,[https://www.amazon.com/gp/help/customer/display.html?nodeId=G8VRJ7Y8Z3T5WPV3](https://www.amazon.com/gp/help/customer/display.html?nodeId=G8VRJ7Y8Z3T5WPV3),MinionAgent,merval,1,2024-12-02 14:33:46,t1_m012g6w,t3_1h4u874,comment
m01342x,"La normativa se publicó hoy, pero es desde el 1 de diciembre. Debería ser asi. perobueno.... deseenme suerte ja!",stratoskater_86,merval,0,2024-12-02 10:08:11,t1_m012g6w,t3_1h4u874,comment
m0141l6,"Tenes experiencia con aliexpress? Tengo entendido que al no ser curier tipo dhl usan correo argentino y aduana y muchas veces o hay mas probabilidad que se traben los paquetes y cobren excedente. 

Es viable en este caso, 250 costo, envio gratis, sale 600 en total con impuestos.

Pero aca vale 1.150.000

Es una carpa muy buena.",pepegomez6969,merval,1,2024-12-02 10:14:59,t1_m013dbq,t3_1h4u874,comment
m0171qb,"Si pagas con dólares no tenes que sumar nada, que es basicamente lo que tenes que hacer para que sea rentable comprar en el exterior y en todo caso en aliexpress tenes los mismos impuestos",LeBroneta,merval,1,2024-12-02 10:36:20,t1_m013dbq,t3_1h4u874,comment
m0e4y3s,del 23 de dic al 7 de enero me llega,Pale-Level-5877,merval,2,2024-12-04 13:50:30,t1_m0dvdaz,t3_1h4u874,comment
m0n8j7b,Te fijaste si lo que necesitás está en Amazon España? Andan con entregas más rápidas.,Happy_Bad_Lucky,merval,1,2024-12-05 23:34:03,t1_m0dvdaz,t3_1h4u874,comment
m03uro1,busca undertec store o bringitimport - usé los dos (con menos alternativas que ahora),PowPowLovesViolet,merval,1,2024-12-02 19:18:02,t1_m03czr3,t3_1h4u874,comment
m01zb59,Es tan fácil como ir a la página y verlo. Ve pequeño saltamontes,SwizItalo,merval,1,2024-12-02 13:25:01,t1_m01yk20,t3_1h4u874,comment
m01ahzq,"Sí, me devolvieron un 26% del impuesto que pagué por un juego de mesa",doteroargentino,merval,1,2024-12-02 10:59:44,t1_m012vmv,t3_1h4u874,comment
m01dig5,Pero tenés productos con envío gratis [https://www.amazon.com/-/es/b/?\_encoding=UTF8&node=203453278011&pd\_rd\_w=X5JY6&content-id=amzn1.sym.9c243b97-4d74-46f6-a98b-5038f0f83be2&pf\_rd\_p=9c243b97-4d74-46f6-a98b-5038f0f83be2&pf\_rd\_r=6Q52FTQYM8BZE857EBN5&pd\_rd\_wg=UoKol&pd\_rd\_r=39bc7d5a-6053-4649-bef7-34a41498c2ce&ref\_=pd\_hp\_d\_atf\_unk&discounts-widget=%2522%257B%255C%2522state%255C%2522%253A%257B%255C%2522refinementFilters%255C%2522%253A%257B%257D%257D%252C%255C%2522version%255C%2522%253A1%257D%2522](https://www.amazon.com/-/es/b/?_encoding=UTF8&node=203453278011&pd_rd_w=X5JY6&content-id=amzn1.sym.9c243b97-4d74-46f6-a98b-5038f0f83be2&pf_rd_p=9c243b97-4d74-46f6-a98b-5038f0f83be2&pf_rd_r=6Q52FTQYM8BZE857EBN5&pd_rd_wg=UoKol&pd_rd_r=39bc7d5a-6053-4649-bef7-34a41498c2ce&ref_=pd_hp_d_atf_unk&discounts-widget=%2522%257B%255C%2522state%255C%2522%253A%257B%255C%2522refinementFilters%255C%2522%253A%257B%257D%257D%252C%255C%2522version%255C%2522%253A1%257D%2522),SwizItalo,merval,2,2024-12-02 11:19:31,t1_m016swk,t3_1h4u874,comment
m024oaj,"A la tarjeta de crédito, no creo que te deje pagar con débito.",luislezcair,merval,2,2024-12-02 13:53:24,t1_m016swk,t3_1h4u874,comment
m02odaq,"Existe, y es la mejor forma, usar los dólares que ya tenés en cuenta. Yo lo hice con mi tarjeta Santander.

Y si, al devolver, ponen **saldo a favor en tu tarjeta de crédito** (no en la cuenta, eso no pueden hacerlo).

Yo entiendo que todo lo que comprado que ingrese al país luego de la publicación del boletín, debería pagar menos impuesto. Yo tengo un pedido ya en camino que llegará en 1-2 semanas, cuando llegue les cuento.",Novalith_Raven,merval,2,2024-12-02 15:35:59,t1_m02npnw,t3_1h4u874,comment
m02zshr,Yendo al soporte de nuevo jajaja. Consulto y cuento.,onvicrom,merval,2,2024-12-02 16:34:52,t1_m02y0vb,t3_1h4u874,comment
m031ryj,"No hay problema, me dijeron.",onvicrom,merval,2,2024-12-02 16:45:13,t1_m02y0vb,t3_1h4u874,comment
m014j3c,"Tas seguro que es envío gratis algo de ese tamaño? Dudo que hagan promo de envío gratis en algo grande/pesado.

Mientras estuvo la promo de envío a 5 USD yo aproveché a comprar un [carro de herramientas](https://www.amazon.com/Goplus-5-Drawer-Organizer-Detachable-Adjustable/dp/B0DLB8D16F) y un [bidet japonés](https://www.amazon.com/dp/B08RRYZ1M9?ref=ppx_yo2ov_dt_b_fed_asin_title), cosas muy grandes y pesadas. A los pocos días sacaron toda esa categoría de cosas del envío a 5 USD porque claro... Ni a gancho les conviene mandar algo así de grande por tan poca plata. Fijate lo que vale el envío de esas cosas ahora.

Ahí en la foto que pusiste el envío sale casi 90 USD. Así que en teoría por eso de 115 USD vos vas a pagar: (115 + 90) * 1,25 = ~255.

Todo lo que te cobren de más en teoría te lo devuelven.",abolista,merval,2,2024-12-02 10:18:32,t1_m013fx5,t3_1h4u874,comment
m0141dm,Y ahi ya entra tambien el tema del peso del bulto. Cuanto pesa y cuan grande es una de esas carpas?,grifter_cash,merval,1,2024-12-02 10:14:57,t1_m013fx5,t3_1h4u874,comment
m021f56,"Te consulto. Se podria pagar con debito Santander usd, y que devuelvan los usd de mas ahi tambien? Conoces algun caso asi? 
Porque con credito me van a asesinar... Ademas para que quiero dolares a credito? Definitivamente no me sirven.",pepegomez6969,merval,1,2024-12-02 13:36:14,t1_m01dld1,t3_1h4u874,comment
m03nk7m,"Acabás de tirar una excelente pregunta que nunca se me había ocurrido y googleando rápido no encontré nada, porque obviamente nada nunca es claro en este país.

Uno pensaría que es apenas Amazon despacha y ya se hace el envío, ponen tus datos ahí, tienen tu CUIL, toda la bola. Pero por otro lado me da la sensación de que puede que ""cuente"" cuando llega al país, en ese caso nos cagó el cupo ya.",LibritoDeGrasa,merval,2,2024-12-02 18:39:37,t1_m03lqy8,t3_1h4u874,comment
m0ewblm,que pago con dolares de mi caja de ahorro y ellos te devuelven dolares a tu tarjeta de credito y no se pueden sacar / retirar nuevamente a la caja de ahorro. Si no quiero hacer otro gasto en dolares quedan boyando por la nebulosa de visa y banelco..,milennium2,merval,2,2024-12-04 16:07:35,t1_m03l8eq,t3_1h4u874,comment
m06t57e,"Ahora amazon paso de 20 dias a mes y medio, hermoso ( cara de franchella)",pepegomez6969,merval,2,2024-12-03 09:09:55,t1_m06t2yn,t3_1h4u874,comment
m0a8zpb,"Pasa que Amazon todavía no tiene los nuevos impuestos y es medio una lotería comprar asi, no todo conviene x tiendamia pero mucho si",EvitaAccidentes,merval,1,2024-12-03 20:42:14,t1_m0a2k16,t3_1h4u874,comment
m0c3dir,"Lo del iva esta bien, los restantes 200 ademas de iva, pagan como siempre, dependiendo de la posición arancelaria del producto, varia el porcentaje que puede ser casi nada en hardware, o cerca del 35% en otras cosas y pagas el iva de eso tbn y tasa estadistica creo que es un 3% si no me equivoco, a veces hay productos que son dificiles de catalogar con el nomenclador y depende de la suerte a veces.

No estoy seguro si esta el impuesto pais pero bueno lo habian bajado a un 7% para importar, hace tienpo no compro asi y no existia ese impuesto.

Si vas a tiendamia ves productos que dicen impuesto bajo, suelen ser compus, hard (esos ademas la mayoria el iva es 10,5%) y ya en tiendamia actualizaron lo de los 400 dolares, pero siempre cobran mas caro los precios de amazon, pero lo que pagas es lo que es, y obvio cobran el envio internacional por peso.",alelubart,merval,1,2024-12-04 04:21:48,t1_m0a3cpx,t3_1h4u874,comment
m0n8elv,Estás seguro? A mi por comprar en Steam con usd me debitaron el iva desde la cuenta usd.,Happy_Bad_Lucky,merval,1,2024-12-05 23:33:15,t1_m0lvqiz,t3_1h4u874,comment
m0vc5ww,Cómo que el iva está en el precio final? Y compraste gif card con tarjeta de débito teniendo la cuenta en dólares?,onvicrom,merval,1,2024-12-07 11:09:50,t1_m0n895r,t3_1h4u874,comment
m1on1cn,"Si, los vi, pero ni mamado les regalo 170 dolares para que los laburen 3 meses o cuando se les cante devolvémelos...

Claramente hay ítems que no conviene comprar por el momento.",gtaliano,merval,1,2024-12-12 09:45:03,t1_m1omfpo,t3_1h4u874,comment
m0aminu,Jajajajajjajajajjajajajjajajajjajajaj.. se te quemaron los papeles.. Impuestito actualiza según ley,[deleted],merval,1,2024-12-03 22:01:44,t1_m0a41a1,t3_1h4u874,comment
m018x9b,"Si, hace rato cortaron con eso. Ahora creo que te bonifican el envio de algunos productos que superen los 99usd",mati_as15,merval,4,2024-12-02 10:49:12,t1_m015kmf,t3_1h4u874,comment
m04fvq8,Fuente: wee creeme,IamnotAnonnymous,merval,-13,2024-12-02 21:21:57,t1_m01o5v5,t3_1h4u874,comment
m04qo0n,"Perdón la ignorancia, pero cual seria la mejor forma de comprar?",Pbo1,merval,3,2024-12-02 22:26:44,t1_m03bcx6,t3_1h4u874,comment
m06qjzq,"Me gustaria creer que la parte de impuestos es una configuracion modular por region/pais, seria cuestion de updatear la de aregentina, pero quizas la parte inicial que mas demore es validar exactamente que va a cobrar aduanas argentinas, no es tan facil como decir miren el anuncio del vocero y lean la resolucion y listo ponganle solo IVA a lo que sea menos a 400 jaja, estamos hablando de mucha guita. 

Mas alla de eso, segun lo que lei en sus politicas de fees en el link que esta cuando ves el detalle de los mismos, es que te deberian devolver al metodo usado para la compra el excedente de ese monto pre calculado de impuestos si lo hubiese, con lo cual en teoria ya podriamos comprar tranquilos... ponele.",Better_Training_6994,merval,1,2024-12-03 08:46:41,t1_m01szrt,t3_1h4u874,comment
m02pqw9,siendo optimista XD,Inaksa,merval,1,2024-12-02 15:43:03,t1_m02pmoh,t3_1h4u874,comment
m06ypfw,yo compre en amazon el mes pasado y llego en 10 dias (de corrido),mati_as15,merval,1,2024-12-03 09:54:41,t1_m02pmoh,t3_1h4u874,comment
m03hyl3,"Locales? no van a cambiar mucho

Importadores? solo si uno se atreve a bajar un poco el resto A LO MEJOR bajan un poco

Lo unico que nos beneficia es importar por Amazon/otros, a diferencia de los 90 no necesitamos de una gigainfraestructura para importar desde USA, está a unos (cuantos) clicks de distancia y otros cuantos de espera",ThePolindus,merval,0,2024-12-02 18:10:18,t1_m03blat,t3_1h4u874,comment
m0723ea,"Al parecer sí están al tanto, ya que el cambio va a ser de 2 a 4 semanas. Habrá que ver cuando cambie, no hay que jugarsela",FacuX52,merval,1,2024-12-03 10:19:19,t1_m071q40,t3_1h4u874,comment
m01cwt1,"En su momento, cuando compré mi redmi note 8, me salió 180usd y a los 3 meses Amazon me devolvió lo que cobro de más, fueron 5 Lucas extras, la mitad de lo que había salido el envío, fue bastante bueno, habrá que ver si ahora Amazon es más fino con las cosas que cobra, pero si, si se pasa de la raya lo devuelven. Si fuera ML seguro me cobra más por si las moscas y después el correo me hace ir a la sucursal porque ""no me encontraron"" a pesar de ser envío a domicilio jaja",mozartxs,merval,6,2024-12-02 11:15:40,t1_m01a2wx,t3_1h4u874,comment
m02260e,"Como pagaste y como te devolvieron, debito usd ?",pepegomez6969,merval,1,2024-12-02 13:40:11,t1_m01mu8s,t3_1h4u874,comment
m03yxsp,"Yo pago siempre con tarjetas en USD de afuera, así que me devolvieron en USD obviamente.. y los tiempos no te podría decir con exactitud pero al cálculo que dos semanas


Todavía no se de alguien que haya pedido con tarjeta en pesos a ver que le devuelven!",miviejaentanga,merval,1,2024-12-02 19:41:15,t1_m03yi66,t3_1h4u874,comment
m0agrfm,En dos semanas,miviejaentanga,merval,2,2024-12-03 21:27:59,t1_m0afwbc,t3_1h4u874,comment
m01gtqw,"Yo he comprado en España por el tema del teclado con Ñ y ellos te descuentan lo que sería el IVA de ellos ya directamente del precio, es decir si la publi decía 89 EU en carrito a ingresaba como 68 EU (tiro un ejemplo, no recuerdo cuánto era), muy loco, el tema es el envío y la divisa que es un toque más cara, pero si te querés poner obse con conseguir el mejor precio posible, es una opción.",Giorgio-1991,merval,1,2024-12-02 11:40:19,t1_m01fj3e,t3_1h4u874,comment
m0cpkxx,Señor dato el que tiraste. Gracias,[deleted],merval,2,2024-12-04 08:24:27,t1_m0168md,t3_1h4u874,comment
m01766o,"Limited-time deal: Coleman WeatherMaster Tent with Screened Porch, Weatherproof 6-Person Tent with Screen Room, Rainfly & Carry Bag Included https://a.co/d/9DL2Z2c

Aca te dejo el link de la carpita.",pepegomez6969,merval,3,2024-12-02 10:37:11,t1_m0139qy,t3_1h4u874,comment
m01t9hb,"El boletin oficial no dice nada de IVA [https://www.boletinoficial.gob.ar/detalleAviso/primera/317546/20241202](https://www.boletinoficial.gob.ar/detalleAviso/primera/317546/20241202) . Y reitero, no se cobra IVA cuando la compra se hace en el exterior, se cobra solo sobre facturas locales el IVA.",BNeutral,merval,-1,2024-12-02 12:52:23,t1_m01l9fy,t3_1h4u874,comment
m023fhg,"Al mismo medio de pago que usaste. En amazon el precio que ponen de ""impuestos"" es una estimacion, una vez el courier (En mi caso había sido DHL, paga lo que haya tenido que pagar, si sobró algo te lo reintegran, si falta dinero no si si es legal que te cobren mas, no escuché de nadie que haya tenido el problema así que deben cobrarte ""el máximo"" para guardarse y luego te devuelven si queda",videladidnothinwrong,merval,1,2024-12-02 13:46:51,t1_m020cod,t3_1h4u874,comment
m02p0mu,"Como te mencionaron, al mismo medio de pago que utilizaste. Si pagaste con tarjeta de crédito, te lo devuelven como saldo a favor en esa misma tarjeta de crédito.",Novalith_Raven,merval,1,2024-12-02 15:39:19,t1_m020cod,t3_1h4u874,comment
m02wt0n,Tarjeta de crédito Visa.,Novalith_Raven,merval,1,2024-12-02 16:19:20,t1_m02ujv8,t3_1h4u874,comment
m0d4sdq,"Se encarga Amazon, pero en Amazon tenés que poner bien tu dirección, con frente y dorso del DNI, declarando el CUIL (para que ellos hagan todos los trámites).

En el caso puntual de Amazon, ellos hacen la declaración y te llega a tu puerta por DHL.",Novalith_Raven,merval,1,2024-12-04 10:26:25,t1_m0cvcfj,t3_1h4u874,comment
m015ly0,"No, excedente de impuestos te lo devuelven al metodo de pago original",Yamatino,merval,7,2024-12-02 10:26:17,t1_m01592e,t3_1h4u874,comment
m015q4o,"no, te reintegran a la tarjeta que usaste",Prae-Dyth,merval,5,2024-12-02 10:27:06,t1_m01592e,t3_1h4u874,comment
m019c7z,"consulta eso dice EUR, asumo compraste en europa entonces, cuando miro [amazon.es](http://amazon.es) no me muestra los impuestos de importacion como usa, como funciona?",Dartister,merval,1,2024-12-02 10:52:00,t1_m015jkr,t3_1h4u874,comment
m01ary5,Hola. Y cuato demoraron en hacerte la devolución?,Solved_sudoku,merval,1,2024-12-02 11:01:35,t1_m015jkr,t3_1h4u874,comment
m0162ew,Excelente. Se puede comprar con los dolares en cuenta dolares santander por ejemplo? O solo dolar de tarjeta?,pepegomez6969,merval,1,2024-12-02 10:29:29,t1_m015jkr,t3_1h4u874,comment
m02qfwo,Es así.,Novalith_Raven,merval,1,2024-12-02 15:46:36,t1_m0138b9,t3_1h4u874,comment
m01zpum,"Podrias explicar como pagas y como te devuelve? Porque tenes que comprar con tj de credito, o debito en usd, y te tienen que devolver los impuestos. Como te devuelven eso? Como credito a la tarjeta, como dolares en cuenta debito? Como pesos al dolar oficial ( te cagan)

ALGUIEN SABE ESTO?",pepegomez6969,merval,1,2024-12-02 13:27:12,t1_m017dtx,t3_1h4u874,comment
m01jpoy,Cuenta mp dolares? Te devolvieron dolares o algo?,pepegomez6969,merval,1,2024-12-02 11:57:47,t1_m01j70b,t3_1h4u874,comment
m02czgg,"Claro claro, mas detalle no hay.",pepegomez6969,merval,1,2024-12-02 14:37:05,t1_m02ccpx,t3_1h4u874,comment
m014o50,"el ""downvote"" vaya a saber porque jajaja, en fin, yo use a full aliexpress estando en mexico en 2022 y andaba de 10. Lo menciono ahora, ya que el mes pasado le consegui a mi viejo un repuesto muy especifico y me la jugue para ver q onda aca en Argentina... Me llego a las 3 semanas a mi puerta en Capital Federal.",AbogadoAlejandria,merval,3,2024-12-02 10:19:33,t1_m0141l6,t3_1h4u874,comment
m01c6lu,"yo compre varias veces por ali express, pero boludeces. Tipo accesorios boludos para telefono, correas para mi smartwatch etc etc.

Tarda BOCHA de tiempo, comunmente 3 meses, un pedido me tardo incluso mas, asi que tenes que ser paciente. Es mas, tardo tanto que cancele la compra, me devolvieron la plata, y a la semana el paquete llego jaja.

Lo que si, tenes que tener mucho cuidado que compras. No recomiendo compres tecnologia porque hay MUCHOS productos truchos o reacondicionados. Pero todo lo demas, joya, salvo el tiempo hasta que llega.

Te mandan por correo argentino, te tenes que hacer una cuenta y una vez que hiciste la compra por Aliexpress, tenes que notificar en la pagina de correo argentino la compra con el numero de seguimiento que te da Ali. Cuando llega a la aduana te mandan un mail con el monto a pagar del envio de la aduana a tu casa (creo la ultima vez era como 5k), pagas en la pagina y te lo mandan",FedericoMercuy,merval,1,2024-12-02 11:10:54,t1_m0141l6,t3_1h4u874,comment
m01qj3x,que seria pagar en dolares? a que medio de pago te referis?,AbogadoAlejandria,merval,1,2024-12-02 12:37:15,t1_m0171qb,t3_1h4u874,comment
m0w96b3,Estas seguro que esos plazos son reales? Dice 4 dias.,pepegomez6969,merval,1,2024-12-07 14:16:10,t1_m0n8j7b,t3_1h4u874,comment
m02agse,Todo a la mano quieren,Andrescoo,merval,1,2024-12-02 14:23:54,t1_m01zb59,t3_1h4u874,comment
m02oqjr,"Tengo poca experiencia con el uso de dolares, disculpa. 
Una vez que tengo ese saldo a favor, como puedo volver a tener dolares? Nada.. queda para otra compra, algo asi?",pepegomez6969,merval,1,2024-12-02 15:37:53,t1_m02odaq,t3_1h4u874,comment
m016o44,"Limited-time deal: Coleman WeatherMaster Tent with Screened Porch, Weatherproof 6-Person Tent with Screen Room, Rainfly & Carry Bag Included https://a.co/d/9DL2Z2c

Chequealo por fa.",pepegomez6969,merval,1,2024-12-02 10:33:44,t1_m014j3c,t3_1h4u874,comment
m018an7,"que onda ese bidet japones? jajaja, me interesa, se puede instalar facil en argentina?",Few_Juice_9146,merval,1,2024-12-02 10:44:56,t1_m014j3c,t3_1h4u874,comment
m0f0onq,"Está bien, entiendo. Yo compré con débito directamente así que voy a ver de qué manera me devuelven, si es que devuelven algo.",Happy_Bad_Lucky,merval,2,2024-12-04 16:29:22,t1_m0ewblm,t3_1h4u874,comment
m06tj73,"Perdon 500 lucas de envio, cobran por kg.. nose que viaje se comen, sale 900 dolares la carpa pero el costo del producto es 350. Algo mal hay.",pepegomez6969,merval,1,2024-12-03 09:13:18,t1_m06t57e,t3_1h4u874,comment
m0n8mkb,Yo compré en playstore y el iva me lo cobraron en pesos argentinos y el precio del juego en dólares.,onvicrom,merval,1,2024-12-05 23:34:38,t1_m0n8elv,t3_1h4u874,comment
m0wopji,Si. No me cobraron el IVA de la Gift Card de Amazon.,Happy_Bad_Lucky,merval,1,2024-12-07 15:38:11,t1_m0vc5ww,t3_1h4u874,comment
m1onpyb,Si yo opte por cruzar a chile...,pepegomez6969,merval,1,2024-12-12 09:50:16,t1_m1on1cn,t3_1h4u874,comment
m0anayv,"No tiene impuesto país y el impuesto por ganancias, en su lugar tiene aranceles 35%. Impuesto país es 30% y ganancia es 30%. Además del cobro del 50% sobre los impuestos excedentes que tampoco tiene. No sé por qué te ríes.",onvicrom,merval,1,2024-12-03 22:06:26,t1_m0aminu,t3_1h4u874,comment
m04zaoj,"?? Funciona así, no solo xq así lo explica amazon al comprar, si no por que ya me ha pasado. Nunca le pegan exacto a los impuestos asi que siempre terminan devolviend algo o cobrandote algo.",braudoner,merval,11,2024-12-02 23:18:45,t1_m04fvq8,t3_1h4u874,comment
m05dbb2,El que nunca compro por amazon :,MechanicFun6068,merval,6,2024-12-03 00:47:34,t1_m04fvq8,t3_1h4u874,comment
m2nwx8o,Decime que nunca compraste nada en Amazon sin decirme que nunca compraste nada en Amazon,kztyler,merval,1,2024-12-18 11:44:44,t1_m04fvq8,t3_1h4u874,comment
m04rgv0,"Amazon está tomando tarjeta de débito y de crédito. Si tenés pesos conviene comprar dólares con el MEP y pagar con débito desde dólares, o comprar con tarjeta de crédito y pagar con los dólares al cierre. Esto último muy claro no lo tengo porque no lo uso pero hay posts al respecto.",Happy_Bad_Lucky,merval,11,2024-12-02 22:31:36,t1_m04qo0n,t3_1h4u874,comment
m1omfwz,"El problema es que si pagás el doble un articulo, no te conviene.

Tampoco te conviene que te devuelvan el 80% de más que te cobraron después de pasar por aduana ... un mes con suerte...

Mientras vos perdés cupo de tarjeta y ellos laburan tu plata...",gtaliano,merval,1,2024-12-12 09:40:25,t1_m06qjzq,t3_1h4u874,comment
m06zl6f,"Se, yo compré y tardó 3 semanas. Un amigo compró y en 1 semana le llegó.

No se si dps terminaron ajustando un poco su proceso o fue que yo pedí en el boom del envío por 5usd y estaban hasta las manos.",muxcortoi,merval,2,2024-12-03 10:01:12,t1_m06ypfw,t3_1h4u874,comment
m01h2rz,"Relacionado....

Me compré un monitor en NewEgg y un gabinete para Raspberry Pi en MercadoLibre el mismo día.

Lo de NewEgg venía desde 7.800km, lo de MercadoLibre desde 450km

....

Llegó primero lo de NewEgg JAJAJAJAJA",NoSoyEseQueDicen,merval,8,2024-12-02 11:41:50,t1_m01cwt1,t3_1h4u874,comment
m023gml,"Débito internacional, me lo depositaron en mi cuenta en el exterior, en este caso si compras con alguna de acá debe ser lo mismo.",elsuanfanzon,merval,2,2024-12-02 13:47:01,t1_m02260e,t3_1h4u874,comment
m03zfh9,Ah yo pedí con tarjeta argentina pero pagando con dólares desde caja de ahorros en dolares,Chinchupizza,merval,1,2024-12-02 19:44:02,t1_m03yxsp,t3_1h4u874,comment
m0akz4v,Ooooooohhhhhhhhh,LDBill98,merval,1,2024-12-03 21:52:32,t1_m0agrfm,t3_1h4u874,comment
m01io6p,"Ah, te entendí mal. Está bien, el precio figura CON el IVA y como comprás de afuera te lo descuentan pero vos después pagás el IVA de Argentina.

La verdad que dudo que puedas encontrar un mejor precio en España que en Estados Unidos pero todo puede ser.",NoSoyEseQueDicen,merval,1,2024-12-02 11:51:34,t1_m01gtqw,t3_1h4u874,comment
m01zwky,Ya se aclaro que se va a abonar 21 de iva sobre cualquier compra de afuera,not_un_fair,merval,-1,2024-12-02 13:28:10,t1_m01t9hb,t3_1h4u874,comment
m01xyvx,ok,NoSoyEseQueDicen,merval,0,2024-12-02 13:17:55,t1_m01t9hb,t3_1h4u874,comment
m03q6lf,Vas a cancelar la deuda con dólar cash en el banco o compraste mep?,Octimusocti,merval,1,2024-12-02 18:53:20,t1_m02wt0n,t3_1h4u874,comment
m0jes03,[deleted],[deleted],merval,1,2024-12-05 11:00:31,t1_m0d4sdq,t3_1h4u874,comment
m01ajov,Ah buenisimo entonces,NNTokyo3,merval,2,2024-12-02 11:00:04,t1_m015ly0,t3_1h4u874,comment
m020ats,"Si pagas con tj debito en dolares ( argentina la tarjeta no de ee uu) te devuelvendolares a la tarjeta de debito argentina asi decis?

Lo comprobaste o lo supones? 
Te pido ayuda con esto porque pareces ser el unico que lo sabe a fondo",pepegomez6969,merval,1,2024-12-02 13:30:15,t1_m015ly0,t3_1h4u874,comment
m0162cq,Ojo que si pagaste rel resumen de la tarjeta con MEP tenes una suerte de rulito ahi,grifter_cash,merval,3,2024-12-02 10:29:28,t1_m015q4o,t3_1h4u874,comment
m01bet5,"si, compré en [amazon.de](http://amazon.de) hace bastante... no sabría decirte si hoy en día los amazon de europa estan enviando a Argentina.",toolion,merval,1,2024-12-02 11:05:47,t1_m019c7z,t3_1h4u874,comment
m01bw3z,Hace un tiempo los únicos que mostraban así impuestos de importación eran [Amazon.es](http://Amazon.es) y [amazon.de](http://amazon.de),Crypto-S,merval,1,2024-12-02 11:08:58,t1_m019c7z,t3_1h4u874,comment
m01bpxw,1 mes aprox,toolion,merval,2,2024-12-02 11:07:50,t1_m01ary5,t3_1h4u874,comment
m016vrv,"Podes. Tenes que setear la tarjeta para que los pagos al exterior los haga desde la cuenta en dólares. Si te reintegran te reintegran los usd ahi mismo. Bah, asi fue para mi cuando compré hara 2 meses.",mateo2287,merval,1,2024-12-02 10:35:11,t1_m0162ew,t3_1h4u874,comment
m02sdc7,"por si te sirve, compré con la de débito y me debitaron directo los usd que tenía en la cuenta usd del santander. no tuve que setear nada con la tarjeta. calculo que automaticamente se prioriza usar los usd que ya tenés

el refund por los impuestos me apareció directo en el balance en usd unos 4 dias después de que me llegó el mail",genesyssss,merval,1,2024-12-02 15:56:24,t1_m0162ew,t3_1h4u874,comment
m024m8d,"Otro user lo explicó. Vos hacés la compra y pagás la totalidad.

Si lo hacés con TC y te devuelven la plata antes, pagás la diferencia. Ahora, si la tarjeta te cierra antes de que te hagan la devolución, pagás absolutamente todo y después la TC te devuelve la plata cuando te hacen la devolución. Por eso, si te devuelven la plata antes de que cierre la tarjeta, corrés menos riesgo de que te retengan algo (aunque no sé bien qué se llevan de retenciones en este preciso momento. Era más que nada del impuesto país).

Ahora, en cuánto tiempo te lo devuelven, depende. A veces a los 15 días, a veces a los 30. Con suerte ahora está más rápido eso.",ZShock,merval,1,2024-12-02 13:53:06,t1_m01zpum,t3_1h4u874,comment
m01n3ih,"\> Cuenta mp dolares?

No, pesos

\> Te devolvieron dolares o algo?

No, pesos

jaja",AestheticNoAzteca,merval,1,2024-12-02 12:17:39,t1_m01jpoy,t3_1h4u874,comment
m0c2g6v,"El envio a casa me cobraron la semana pasada 7600 y encima el cartero ni paso, ni dejo el papel de donde estaba y tuve que llamar, hay que estar atento con correoargentino, es caro y de terror, ademas son solo 50 dolares de franquicia, el excedente pagas el 50%, sirve para comprar cosas de menos de 50 dolares y no sirve mas para comprar cosas muy chicas ya que sale mas correoargentino casi, y en mercadolibre por ahi conseguis al mismo precio si le sumas eso, mas si hay algun envio de aliexpress, que ironicamente seguro es menos ese valor que el de choreoargentino.",alelubart,merval,1,2024-12-04 04:12:13,t1_m01c6lu,t3_1h4u874,comment
m01rilt,"Pagar el resumen de la tarjeta de credito con dolares o pagar con una debito que te debite directamente de la cuenta en dolares, así no pagas impuesto país ni ganancias",LeBroneta,merval,1,2024-12-02 12:42:45,t1_m01qj3x,t3_1h4u874,comment
m0w98o2,O mas bien conoces alguna experiencia asi.. me parece medio imposible en este pais logisticamente.,pepegomez6969,merval,1,2024-12-07 14:16:32,t1_m0w96b3,t3_1h4u874,comment
m02pel1,"Nada que disculpar.

Claro, la mejor forma es que sea saldo para otra compra, como efectivamente asumís.

Podés pedir que ese dinero se reintegre en tu cuenta, pero tenés que hablar directamente con el banco. Yo trabajo en el banco emisor de mi tarjeta.",Novalith_Raven,merval,2,2024-12-02 15:41:19,t1_m02oqjr,t3_1h4u874,comment
m01aqzl,"Si calculé bien, a vos te van a cobrar 676 USD en la tarjeta, y después de que te llegue, unas semanas después, te van a devolver \~300 USD en la tarjeta.

Porque sólo vas a pagar el IVA de los 300 que sale la carpa.

Además pesa solamente 16Kg. Si pesa más de 50Kg es que no entra en el régimen courier, así que dale tranquilo.",abolista,merval,1,2024-12-02 11:01:25,t1_m016o44,t3_1h4u874,comment
m01a9ar,"Se puede instalar fácil. Necesitás un transformador de 220V a 110V de 1000W, y hacer una derivación de agua al bidet (desde la mochila del inodoro u otro lado del baño). Yo ya hice el baño previendo esto y dejé un tomacorriente atrás del inodoro. RE valen la pena estos bidets. Las veces que los usé en Japón fueron la gloria y siempre quise uno, jeje.",abolista,merval,1,2024-12-02 10:58:07,t1_m018an7,t3_1h4u874,comment
m0ngo16,Claro se ve que cada empresa lo factura o maneja distinto.,Happy_Bad_Lucky,merval,1,2024-12-06 00:24:20,t1_m0n8mkb,t3_1h4u874,comment
m0bi9n9,Me rio porque te comiste el sapo. Entra a Amazon y fíjate cuánto cobran por enviarlo acá. La diferencia es que te lo cobran ellos a la tasa de Impuestito. Averigua antes de defender algo.,[deleted],merval,0,2024-12-04 01:20:50,t1_m0anayv,t3_1h4u874,comment
m06yznp,Compre un ssd hace exactamente 1mes y no vi que me hicieron una devolución o me hayan cobrado mas de lo pactado 🤷🏻‍♂️,IamnotAnonnymous,merval,1,2024-12-03 09:56:49,t1_m04zaoj,t3_1h4u874,comment
m04s9ld,Gracias crack!,Pbo1,merval,3,2024-12-02 22:36:21,t1_m04rgv0,t3_1h4u874,comment
m0b82az,"Es posible que no esten cobrando impuestos con el uso del dolar mep? Hoy compre unas boludeces en Aliexpress y cuando me cobraron vi que pague el monto que salia en la pagina web, osea me salio 15,60 y cuando veo cuanto me descontaron por los impuestos figuraba que solo me cobraron los 15 con 60, no salia ningun aviso sobre los impuestos ni nada, me van a poner los impuestos desde la aduana? Osea pago el VEP con los impuestos? O solo me van a cobrar el VEP y nada más?",BenefactorSurano,merval,1,2024-12-04 00:12:34,t1_m04rgv0,t3_1h4u874,comment
m1ns2rw,Si pago en pesos desde mi cuenta con débito me cambia mucho? No entiendo lo de los dolares mep jajaja,disculpametenesfuego,merval,1,2024-12-12 04:22:21,t1_m04rgv0,t3_1h4u874,comment
m095iea,"En 2017 compre una silla akracing de amazon uk a 35usd de envío (estaba bugeado). Pasó por 6 países y en 72hs estaba en mi casa.

En simultáneo un aire acondicionado que venía del partido de la costa me tardó 3 semanas y media por Andreani

Edit: no sólo tardo eso, sino que tardó eso costando 35usd cuando por volumen y peso eran 250 fácil sólo de envío",absrndm,merval,3,2024-12-03 17:11:05,t1_m01h2rz,t3_1h4u874,comment
m023orc,Estoy esperando confirmarlo la verdad para avanzar con la compra.,pepegomez6969,merval,1,2024-12-02 13:48:13,t1_m023gml,t3_1h4u874,comment
m02g0dz,con cafeteras es mas conveniente! justo hoy hice mi compra,Hot_Replacement_8992,merval,2,2024-12-02 14:52:45,t1_m01io6p,t3_1h4u874,comment
m0226jl,"Por tercera vez, no tiene sentido esa aclaración sin nueva normativa que le ponga impuestos adueneros de IVA a cosas que no pagaban impuestos aduaneros. Hasta terminaría siendo más caro para muchas cosas que la normativa anterior.",BNeutral,merval,-2,2024-12-02 13:40:16,t1_m01zwky,t3_1h4u874,comment
m04nxe4,"Es lo mismo, mientras sean dólares en tu cuenta, no estamos debatiendo cómo uno consigue los dólares en este caso. 
Pero si pagas el resúmen entre el vencimiento y cierre, como corresponde para estos casos, funciona así.",Novalith_Raven,merval,1,2024-12-02 22:10:14,t1_m03q6lf,t3_1h4u874,comment
m0js0ce,"Yo no tuve que hacer nada, pero entiendo que tenés que tener el CUIL y todo en regla, y yo ya tengo Clave Fiscal 3 hace años. No está demás tenerla tampoco por trámites, pero el de Amazon fue simple: puse mi CUIL/CUIT en el campo que ellos pedían, foto de frente y dorso del DNI en donde ellos pedían, y luego de pagarlo llegó en 2 semanas a la puerta de mi casa, inclusive antes de lo que ellos estimaban, por DHL.

Una vez en el país, te manejás con DHL que te va mandando notificaciones del estado del envío, y entiendo te dirán si necesitan información adicional.

Donde si necesitás poner algún dato en la AFIP es si, por ejemplo, mandás por Tiendamía.",Novalith_Raven,merval,1,2024-12-05 12:18:04,t1_m0jes03,t3_1h4u874,comment
m024krk,"Para darte el ejemplo compre con prex , como 4 items, al tiempo de que llegaran (unos dias) me llego los pesos a esa misma prex por el refund de algunos impuestos, te mandan mail tambien por esto, me llegaron 2 mails, uno por producto y con la cantidad exacta, avisando que se devuelven a esa misma tarjeta por   ""Reason for refund: Export fee reduced""",Yamatino,merval,1,2024-12-02 13:52:53,t1_m020ats,t3_1h4u874,comment
m02s779,"Si pagás con crédito, te devuelven todo como saldo a favor en la tarjeta de crédito.",Novalith_Raven,merval,1,2024-12-02 15:55:33,t1_m020ats,t3_1h4u874,comment
m01f9sb,"Eso de setear la tarjeta, me ampliarias un poco mas? Que banco lo hace? Asi armo todo el rancho para que me salga bien.",pepegomez6969,merval,1,2024-12-02 11:30:36,t1_m016vrv,t3_1h4u874,comment
m02svf8,"Osea en la cuenta en dolares te aparecio, y cuanto era el monto aprox, si se puede saber obvio.",pepegomez6969,merval,1,2024-12-02 15:58:59,t1_m02sdc7,t3_1h4u874,comment
m02tcu4,Cuando fue esto?,pepegomez6969,merval,1,2024-12-02 16:01:27,t1_m02sdc7,t3_1h4u874,comment
m01zueg,"Pesos al dolar oficial? Te cagaron, puede ser?",pepegomez6969,merval,1,2024-12-02 13:27:52,t1_m01n3ih,t3_1h4u874,comment
m0wanyj,"4 días si, parece muy poco. Lo único que estoy seguro es mi experiencia. 

La página decía para el 10 de diciembre. Hice el pedido y la página me daba para el 20 de diciembre (Amazon USA me daba para el 2 de enero). Pero cuando llegó la notificación del courier me daba fecha para el 10 de diciembre.",Happy_Bad_Lucky,merval,1,2024-12-07 14:24:10,t1_m0w98o2,t3_1h4u874,comment
m02qiai,No hay problema si se usa Brubank? Tengo la cuenta en dólares ahí.,onvicrom,merval,1,2024-12-02 15:46:57,t1_m02pel1,t3_1h4u874,comment
m01k70y,"El pago iba a usar cuenta santander usd, una vez que me quieran devolver esos dolares, llegan en dolares a esa cuenta? Dandole los datos a amazon? Hay alguna manera de hablar chatear con ellos mientras tanto? Para decirles a donde depositar si no funciona. Estimo que es como mercadolibre",pepegomez6969,merval,1,2024-12-02 12:00:37,t1_m01aqzl,t3_1h4u874,comment
m01al2j,"mal!!!!! son lo mejor del mundo, viaje varias veces a japon y confirmo, siempre tuve ganas de traerme 1 de estos pero imaginaba que instalarlos por tema voltaje y demas podria ser para quilombo.",Few_Juice_9146,merval,1,2024-12-02 11:00:19,t1_m01a9ar,t3_1h4u874,comment
m073ell,"Si no te devolvieron nada es porque los impuestos que te cobraron eran exactamente los que correspondían dado la normativa vigente de el país. Ahora los sistemas de Amazon no están actualizados con la nueva normativa sobre las importaciones, entonces en ese caso te devolverían los impuestos que pagaste de más. Igual, por las dudas yo esperaría a que actualicen el sistema, pero funciona exactamente como dice braudoner, Amazon lo aclara cuando vas a comprar.

Edit: Escribí AWS en lugar de amazon, estoy quemado.",ginoskyy,merval,5,2024-12-03 10:28:26,t1_m06yznp,t3_1h4u874,comment
m09qlcr,y cuanto te tenian que devolver? hiciste la cuenta? Te mandan la factura desde el courier donde se reflejan los gastos que erogaron por vos.,braudoner,merval,1,2024-12-03 18:59:29,t1_m06yznp,t3_1h4u874,comment
m02or6o,"Confirmo, si pagás con tarjeta de crédito acá, Amazon te devuelve el dinero como saldo a favor (en dólares) en tu tarjeta de crédito.",Novalith_Raven,merval,2,2024-12-02 15:37:58,t1_m023orc,t3_1h4u874,comment
m023x1p,"Che mi consejo es, haz una compra chica, ve como funciona el sistema, te sumerges cómo funciona todo, si pierdes, no perdes tanta plata.

Escucha consejo.",elsuanfanzon,merval,1,2024-12-02 13:49:25,t1_m023orc,t3_1h4u874,comment
m02s610,"Bueno saberlo, tengo ganas de una con molinillo incorporado.",NoSoyEseQueDicen,merval,1,2024-12-02 15:55:23,t1_m02g0dz,t3_1h4u874,comment
m024xmd,"Está bien, espera que actualicen en Amazon, compra y avísame si no te cobraron el IVA",fran2074,merval,2,2024-12-02 13:54:45,t1_m0226jl,t3_1h4u874,comment
m0ffvvg,"Duda, si pagas con dolar mep, pagas lo que dice amazon por ejemplo 120 dolares con envio y todo, de ahi cuando pagas se te aplica automáticamente el 21% de iva a esa compra? o como es, no me queda claro lo del iva",No_Try261,merval,1,2024-12-04 17:45:23,t1_m04nxe4,t3_1h4u874,comment
m0s77d1,[deleted],[deleted],merval,1,2024-12-06 19:52:59,t1_m0js0ce,t3_1h4u874,comment
m01fikr,Te respondía porque preguntabas de Santander. Asi que ahí. No me acuerdo donde está la opción pero debe estar en cuentas o tarjeta. En brubank también se puede.,mateo2287,merval,1,2024-12-02 11:32:07,t1_m01f9sb,t3_1h4u874,comment
m02yx2t,"me aparecio en la cuenta en usd, fueron 7usd que me cobraron de mas (era un teclado de 20usd y me cobraron \~20 de impuestos). fue hace 1 o 2 meses, cuando estaba todo el mambo de los envios a 5usd",genesyssss,merval,1,2024-12-02 16:30:18,t1_m02tcu4,t3_1h4u874,comment
m027r5e,"¿?

¿Por qué me cagarían?

Pagué lo que dice acá: [https://www.impuestito.org](https://www.impuestito.org) en ""sin impuestos"" porque los libros no lo pagan",AestheticNoAzteca,merval,1,2024-12-02 14:09:35,t1_m01zueg,t3_1h4u874,comment
m0wc112,Que peso y tamaño el paquete?,pepegomez6969,merval,1,2024-12-07 14:31:25,t1_m0wanyj,t3_1h4u874,comment
m02s5kb,"Entiendo que no debería haber inconvenientes, pero no es mi caso.
Asumo que si devuelven a favor, sería en esa cuenta o la tarjeta de Brubank que uses para el pago.",Novalith_Raven,merval,3,2024-12-02 15:55:19,t1_m02qiai,t3_1h4u874,comment
m01nv7q,"> El pago iba a usar cuenta santander usd

Exactamente cómo pensas usar eso? [Amazon sólo admite como medios de pago](https://www.amazon.com/gp/help/customer/display.html?nodeId=GFBWMNXEPYVJAY9A): Tarjetas FSA, HSA y EBT (algo específico de EEUU), tarjetas de crédito y débito, tarjetas prepagas de Amazon tipo Giftcard, y ""Personal Checking Account"" **de un banco de EEUU**.

Vos tenés caja de ahorro en dólares en el Santander de EEUU? Si no tenés, y estás hablando de el Santander de acá de Argentina no te queda otra que usar tarjeta de crédito o débito internacional.

Yo a la tarjeta de *débito* del Santander la usé hace muchos años para pagar Netflix EEUU en dólares directamente y andaba en ese entonces. Pero nunca probé recibir por ahí una devolución de un pago en dólares. No se cómo será.

Lo mejor y más seguro es tarjeta de crédito internacional de un banco donde tengas caja de ahorro en dólares. Así podés hacer el pago del resumen manualmente con dólares que tengas en la caja de ahorro y te evitás pagar el impuesto PAIS, etc. Después cuando te hagan la devolución a la tarjeta te lo van a dar como *crédito a favor en el resumen* (no a tu caja de ahorro).

Si lo hacés con la de débito y funciona, cuando te hagan la devolución se me ocurre que pueden pasar dos cosas: El banco procesa la devolución y te deposita dólares en tu caja de ahorro en dólares... O el banco te caga y deposita esos dólares como pesos a cotización oficial en tu caja de ahorro en pesos.

Ni idea cómo será posta :P",abolista,merval,1,2024-12-02 12:22:04,t1_m01k70y,t3_1h4u874,comment
m01dmxj,"Yo también, las veces que viajé estuve RE tentado de traerme pero viajé con lo justo y sin mucho espacio de sobra. Tengo unas ganas de volver ahora :/ Pero estoy con otros gastos...

  
Cuestión... Compré el bidet sabiendo que era 110V, pero cuando llegó la etiqueta decía que sólo funcionaba con 110V a 60Hz. La mayoría de electrodomésticos acepta 50 a 60Hz. Así que fue toda una odisea intentar averiguar cómo hacerlo andar sin quemarlo (conseguir un trafo + variador de frecuencia)... Pero al final terminé desarmándolo para ver exactamente qué electrónica tenía adentro. Resulta que la fuente que tiene adentro usa un circuito integrado que conozco y según la hoja de detalles técnico se banca un rango de entre 100 y 800V entre 50 y 60Hz... Sólo que los cara de vergas que le pusieron la etiqueta sólo pusieron 110V @ 60Hz porque como es para el mercado yanki ni se gastaron en chequear nada... Así que sólo con un trafo común anda acá.",abolista,merval,1,2024-12-02 11:20:18,t1_m01al2j,t3_1h4u874,comment
m02ca6i,"Toma capo, de algo que compre en Septiembre que no tenía impuestos [https://imgur.com/XxUBPnY](https://imgur.com/XxUBPnY) , según vos me tendrían que haber cobrado IVA.",BNeutral,merval,1,2024-12-02 14:33:24,t1_m024xmd,t3_1h4u874,comment
m0gjtr2,"Lo del IVA ya está en lo que te cobra Amazon. Si cobran demás, te lo devuelven en 2-3 semanas.",Novalith_Raven,merval,1,2024-12-04 21:18:05,t1_m0ffvvg,t3_1h4u874,comment
m0v8atu,"Genial! Fijate bien en las direcciones de Amazon, que tengas todos los datos completos. Y mucha suerte!",Novalith_Raven,merval,1,2024-12-07 10:43:46,t1_m0s77d1,t3_1h4u874,comment
m01h7tq,"Ok, estoy chequeando en HB. DE STDER",pepegomez6969,merval,1,2024-12-02 11:42:41,t1_m01fikr,t3_1h4u874,comment
m028ho5,"No no, tal cual, para nada.",pepegomez6969,merval,1,2024-12-02 14:13:32,t1_m027r5e,t3_1h4u874,comment
m0wd3ng,"Pequeño, ni 2 kg",Happy_Bad_Lucky,merval,1,2024-12-07 14:37:03,t1_m0wc112,t3_1h4u874,comment
m0213wq,"No, cuenta pesos usd santander. Pagaria con debito ( hasta el ultimo paso puede) 

Ahora, como devuelven los 300 usd??

Esa es la incognita.
En la cuenta tengo 0 pesos.. deberia chupar los dolares, esa es mi estraategia jaja, fuerza bruta.",pepegomez6969,merval,1,2024-12-02 13:34:34,t1_m01nv7q,t3_1h4u874,comment
m02phje,"Q te compraste rey? 
Capaz eso esta exento del iva",Opening_Conclusion57,merval,1,2024-12-02 15:41:44,t1_m02ca6i,t3_1h4u874,comment
m04p5ps,"Buenas, que dia apretaste en comprar? Como entra en vigencia mañana la ley, si compro ahora ya veo que me empoman por la fecha factura.",sebacard,merval,1,2024-12-02 22:17:39,t1_m02ca6i,t3_1h4u874,comment
m0km36k,"Te hago una consulta, no se si viste estos dias, para mi SUBIERON las tasas de importacion al infinito y con eso se cobran los ""iva"" que estan inventado (dicen iva, porque es lo que le suena a la gente, pero es realidad lo sacan de otro lado de manera ""legal"")",Puzzled_Perspective6,merval,1,2024-12-05 14:53:30,t1_m02ca6i,t3_1h4u874,comment
m01iik8,"Me dieron instrucciones que le tengo que pasar a Amazon( o quien hace la transferencia)

Cuando a vos te devolvieron, te solicitaron a donde devolverlos, datos o algo?",pepegomez6969,merval,1,2024-12-02 11:50:38,t1_m01h7tq,t3_1h4u874,comment
m02yswo,"He comprado y traido de todas cosas durante muchos años, no es cosa de un producto solo, nunca vi que no cobren impuestos de importación por estar dentro de la franquicia, pero si IVA. Ropa, hardware, peluches, juegos de mesa, libros, repuestos, cuadros, joyeria, un bidet portatil marca toto (gran compra para ir de viaje), etc. Ya sea por courier, o por correo normal donde haces vos la declaración. Aunque los del correo Argentino siempre te cobraban el envio extra, y a veces igual te lo hacían ir a buscar a un deposito random los chantas. Como olvidarse de cuando la declaración la hacias por el ""sistema informático malvina"".

Te puedo ir a buscar más facturas y declaraciones pero vamos a estar hasta mañana.",BNeutral,merval,1,2024-12-02 16:29:43,t1_m02phje,t3_1h4u874,comment
m05g0xx,Es de septiembre lo que puse,BNeutral,merval,1,2024-12-03 01:06:03,t1_m04p5ps,t3_1h4u874,comment
m1dlab3,Tenemos que hacer una banda que se llame ''Los Bullish de Pampa'',335JML,merval,71,2024-12-10 13:17:18,t3_1hb3row,t3_1hb3row,comment
m1dg15d,"las coleccionaba el chabon

te falta exodia.",Agile_Veterinarian60,merval,168,2024-12-10 12:48:51,t3_1hb3row,t3_1hb3row,comment
m1dkmsy,80% en acciones argentinas me parece un montón.,Living_View_9046,merval,45,2024-12-10 13:13:49,t3_1hb3row,t3_1hb3row,comment
m1da9fq,Metrogas,Orange01car,merval,29,2024-12-10 12:16:47,t3_1hb3row,t3_1hb3row,comment
m1e02wj,"Sacate Aluar, es un ancla eso",Adventurous-Oven-562,merval,19,2024-12-10 14:34:47,t3_1hb3row,t3_1hb3row,comment
m1dfzwj,Havana y morixe asi estas chill,MilaConPure_404,merval,18,2024-12-10 12:48:39,t3_1hb3row,t3_1hb3row,comment
m1dnsc5,Llegaste tarde pero la música sigue sonando.,armonicoenfuga,merval,12,2024-12-10 13:30:37,t3_1hb3row,t3_1hb3row,comment
m1dfuk7,Byma que está regalada,otondonicolas,merval,10,2024-12-10 12:47:51,t3_1hb3row,t3_1hb3row,comment
m1drmwx,"Yo te iba a agregar IRSA y BYMA pero ya te las dijeron. Pero escribo igual porque quería decirte que lo mas importante en el MERVAL (a mi criterio) no es tanto ""qué comprar?"" sino ""cuando vender?"". Porque así como hoy está todo de oferta y para arriba, en 2 horas se desploma todo y te fuiste al demonio!

Yo te diría que compres lo que sabes y podes analizar a diario para ver ""cuando se terminó una tendencia"" y vender... las ganancias no son reales hasta que no vendés!",InevitableBit2367,merval,11,2024-12-10 13:50:40,t3_1hb3row,t3_1hb3row,comment
m1dvzku,Voy a seguir este hilo para cuando tenga algo de plata que invertir 😅,sreimsin,merval,15,2024-12-10 14:13:26,t3_1hb3row,t3_1hb3row,comment
m1ee747,Le falta algun escape del riesgo argentino,Rodry2808,merval,6,2024-12-10 15:47:40,t3_1hb3row,t3_1hb3row,comment
m1eff21,"MELI!!!!!!!!!!  
Todas las demas son como comprar BTC a 100k hoy",pilukycba,merval,6,2024-12-10 15:53:57,t3_1hb3row,t3_1hb3row,comment
m1dgid8,BYMA e IRSA,NoOneWalksInAtlanta,merval,4,2024-12-10 12:51:26,t3_1hb3row,t3_1hb3row,comment
m1di5gt,"Yo compraría algo de afuera también. Full nacional, igual como está la cosa cualquier cosa que compres de acá te va a dar más ganancia que cualquiera.",Andrescoo,merval,5,2024-12-10 13:00:20,t3_1hb3row,t3_1hb3row,comment
m1dtihs,Morixe y agromeral fueron las que mejor me rindieron este último año,Far_Nectarine_5001,merval,4,2024-12-10 14:00:22,t3_1hb3row,t3_1hb3row,comment
m1dv5ns,"CEPU va pegar el salto, en cualquier momento. Se van anunciar inversiones y se viene el rally navideño, es un combo explosivo",EndBackground9783,merval,4,2024-12-10 14:09:03,t3_1hb3row,t3_1hb3row,comment
m1eb7cf,"Meta echar gente los putos de Mirgor, esa afuera.",LoboMarinoCosmico,merval,3,2024-12-10 15:32:16,t3_1hb3row,t3_1hb3row,comment
m1eqcwg,Tu portfolio rinde más que mis criptos. Así que bien.,uberwachin,merval,4,2024-12-10 16:50:30,t3_1hb3row,t3_1hb3row,comment
m1dapcy,"Que app es, iol?",curcktouch,merval,3,2024-12-10 12:19:17,t3_1hb3row,t3_1hb3row,comment
m1dn717,Que es fipasto?,psicodelico6,merval,3,2024-12-10 13:27:28,t3_1hb3row,t3_1hb3row,comment
m1dvgr1,En cuanto tiempo te está rindiendo eso?,mcesarg,merval,3,2024-12-10 14:10:41,t3_1hb3row,t3_1hb3row,comment
m1e8h69,Falta syp 500 para largo plazo,Accomplished_Rip_627,merval,3,2024-12-10 15:18:18,t3_1hb3row,t3_1hb3row,comment
m1eb1up,GPKR,oficinistarandom,merval,3,2024-12-10 15:31:28,t3_1hb3row,t3_1hb3row,comment
m1epo3p,Más galpones,CaliforniumCl5,merval,3,2024-12-10 16:46:58,t3_1hb3row,t3_1hb3row,comment
m1fcxok,Te faltaría MELI a menos que creas que Galperin es un personaje nefasto que no merece tu dinero. ,Pearl_Jam_,merval,3,2024-12-10 18:46:41,t3_1hb3row,t3_1hb3row,comment
m1hybhg,"Se hombre, pon todo en AMD, pierde como un campeon",Tiri_,merval,3,2024-12-11 05:51:18,t3_1hb3row,t3_1hb3row,comment
m1dnwg0,Yo iría saliendo de las acciones argentinas.,Suspicious-Cucumber9,merval,5,2024-12-10 13:31:12,t3_1hb3row,t3_1hb3row,comment
m1i6p3n,Hola buen día.. Que aplicación usas? Gracias,elfran3000,merval,2,2024-12-11 07:28:04,t3_1hb3row,t3_1hb3row,comment
m1iwc6f,Alguno me da su alias de asesor que me estoy creando la cuenta,Rodribzn,merval,2,2024-12-11 11:01:56,t3_1hb3row,t3_1hb3row,comment
m1kttix,Recomendaciones para comenzar una cartera de acciones.,Radiant_Bus_5784,merval,2,2024-12-11 17:06:26,t3_1hb3row,t3_1hb3row,comment
m1dgcwx,"Vende. El mercado argento tiene mas divergencia que una montaña rusa, todo esta muy sobrecomprado, tremendo valles verdes en grafico semanal, un adx color rojo hara parir enanos a los supuestos warren buffett",Firm_Translator_8623,merval,3,2024-12-10 12:50:38,t3_1hb3row,t3_1hb3row,comment
m1dcxos,"Como podes pedir consejos sin siquiera mencionar tus objetivos, plazos, riesgo a asumir? La inversión que para uno es útil para otro puede ser contraproducente. Los mods deberían prohibir este tipo de posts.",UNDERNERF,merval,4,2024-12-10 12:31:47,t3_1hb3row,t3_1hb3row,comment
m1dcnwd,Perdón pero que app es esa? No sabia que se podían comprar acciones desde apps O:,Traitor--Dev,merval,2,2024-12-10 12:30:15,t3_1hb3row,t3_1hb3row,comment
m1e0gvj,"No me dedico a esto pero tengo un compañero de trabajo que tiene iol en la pc y se la pasa entrando y saliendonde estas acciones, comprando y vendiendo. hace un mango pero tambien pierde, no se bien como lo hace pero tiene muchas, creo que cuando las ve planas las mueve y algunas que estan baratas las analiza si estan en baja o a punto de subir y las compra. Se entretiene pero el me dice que es como la timba. No se hace millonario pero si saca mas de lo que metio...",pepegomez6969,merval,1,2024-12-10 14:36:48,t3_1hb3row,t3_1hb3row,comment
m1dmkkr,Ármate a manopla un índice roflex,VdetuViejaa,merval,1,2024-12-10 13:24:09,t3_1hb3row,t3_1hb3row,comment
m1dopey,Cuando sale el ETF merval?,WSSquab,merval,1,2024-12-10 13:35:28,t3_1hb3row,t3_1hb3row,comment
m1ek2qn,"https://www.matbarofex.com.ar/carterarfx20/#vigente


Compro acciones de esta lista. Cada uno por un millón, luego aumentaré el tamaño de la acción. Mis acciones de YPF crecieron un 125%, por ejemplo.",Additional_Bonus1422,merval,1,2024-12-10 16:18:03,t3_1hb3row,t3_1hb3row,comment
m1ez1hn,Que app es?,Radiant_Bus_5784,merval,1,2024-12-10 17:35:44,t3_1hb3row,t3_1hb3row,comment
m1f17a9,Qué app es esa?,Zeegots,merval,1,2024-12-10 17:46:51,t3_1hb3row,t3_1hb3row,comment
m1fayfu,"Te recomiendo las 20 del índice rofex 20 y sacar las que no están en el índice  
[https://www.matbarofex.com.ar/IndiceROFEX20](https://www.matbarofex.com.ar/IndiceROFEX20)",luislezcair,merval,1,2024-12-10 18:36:30,t3_1hb3row,t3_1hb3row,comment
m1fda1s,"Yo entre el año pasado y principios de este a acciones argentinas y ya da vertigo como esta el mercado. Recien tome ganancias de Galicia y BYMA y de eso sali un poco para energeticas que creo que aun tienen potencial (YPF, Pampa, Central puerto, Edenor), otro tanto para algunas que aun pueden tener recorrido como Loma Negra, IRSA, y Cresud (el campo aun sigue algo castigado) y otra parte mas saliendo del riesgo argentino al cedear de SPY. 

Pero la verdad que los miro de cerca porque en este momento esta todo muy arriba y hay muchos fondos de afuera que ya hicieron como un 70% en dolares que es una barbaridad y nada quita que los grandes quieran tomar ganancias y te tumbe el merval.

Desde hace unos meses que ya no meto mucho mas en renta variable argentina, la que ya hice me deja bien.

Tambien evalua si consideras que la revalorizacion esta del peso va a continuar o no, para mi no, y volver a invertir en moneda dura (USD) es lo mas logico.

Para el 2025 mirare de cerca el mercado brasilero a ver cuando conviene meterse, Argentina ya esta caro.",korcholov,merval,1,2024-12-10 18:48:29,t3_1hb3row,t3_1hb3row,comment
m1fr6c5,Havanna,pascualperez1960,merval,1,2024-12-10 20:03:51,t3_1hb3row,t3_1hb3row,comment
m1fxmw1,DGCE/DGCU2,arithmetic_mean,merval,1,2024-12-10 20:41:41,t3_1hb3row,t3_1hb3row,comment
m1g5iju,Algun cedear,No-Bar-8973,merval,1,2024-12-10 21:29:01,t3_1hb3row,t3_1hb3row,comment
m1g5li1,"hermosos numeros verdes :) yo no diversificaria tanto en industrias del mismo sector y mercado, que vienen subiendo y subiendo mas que nada por el AF, un cambio en el mercado alguna politica restriccion o lo que fuere te podria tirar abajo todas juntas. Si el merval sigue asi es casi lo mismo invertir en 1 banco que en 3, le tiraria unas fichas a alguna criptostock sino las tenes",M4tut310,merval,1,2024-12-10 21:29:31,t3_1hb3row,t3_1hb3row,comment
m1gafrn,Demasiadas acciones para tan poca plata,Magodeoz-87,merval,1,2024-12-10 21:58:36,t3_1hb3row,t3_1hb3row,comment
m1gh2gs,Sacaria un par y no te puede faltar Morixe !!,UniversityWorldly199,merval,1,2024-12-10 22:39:24,t3_1hb3row,t3_1hb3row,comment
m1gx03p,Demasiadas para mí gusto.,Imaginary_Will_7869,merval,1,2024-12-11 00:21:19,t3_1hb3row,t3_1hb3row,comment
m1h9q1k,[removed],[deleted],merval,1,2024-12-11 01:51:57,t3_1hb3row,t3_1hb3row,comment
m1hfd6k,El tema es comprarlas hoy en dia.. es una lotería la mayoria,SebaFilg,merval,1,2024-12-11 02:37:54,t3_1hb3row,t3_1hb3row,comment
m1i4t2r,Falta byma,LicenciadoBuenaOnda,merval,1,2024-12-11 07:06:57,t3_1hb3row,t3_1hb3row,comment
m1ia3yp,Falta Transener,hikaruhichijo,merval,1,2024-12-11 08:04:58,t3_1hb3row,t3_1hb3row,comment
m1iaxvv,DGCU y DGCE van a sacar un IPO en el futuro cercano y son buenas empresas,Futre_,merval,1,2024-12-11 08:12:54,t3_1hb3row,t3_1hb3row,comment
m1ifg5a,Que aplicación estás usando?,[deleted],merval,1,2024-12-11 08:56:33,t3_1hb3row,t3_1hb3row,comment
m1ji01p,Falta ponerla en dolare jaja,OldParamedic6762,merval,1,2024-12-11 13:06:36,t3_1hb3row,t3_1hb3row,comment
m1jnmps,"Esta bien, pero a futuro recomiendo diversificar, tal vez en cryptos hoy tendrías el triple de ganancia, con XRP, ETH, o $PEPE",jacko__official,merval,1,2024-12-11 13:36:10,t3_1hb3row,t3_1hb3row,comment
m1khyzp,che qe aplicacion es?,TeachMain,merval,1,2024-12-11 16:08:10,t3_1hb3row,t3_1hb3row,comment
m1kq4g0,Que aplicacion usas para comprar??,555to666dev,merval,1,2024-12-11 16:48:10,t3_1hb3row,t3_1hb3row,comment
m1krzep,rockstar games.,rockssttar,merval,1,2024-12-11 16:57:19,t3_1hb3row,t3_1hb3row,comment
m1lahur,Nvidia,Palorrian,merval,1,2024-12-11 18:28:58,t3_1hb3row,t3_1hb3row,comment
m1lheqb,"Banco Patagonia hasta hace un par de dias estaba atrasado

  
Ternium y Aluar atrasadisimas yo creo que ahi hay potencial",PancuterM,merval,1,2024-12-11 19:04:01,t3_1hb3row,t3_1hb3row,comment
m1lqfp9,"Cuántas memecoins, toma ganancia.",Kaji157,merval,1,2024-12-11 19:52:33,t3_1hb3row,t3_1hb3row,comment
m1madmc,"
por donde compran la acciones?",SufficientDegree9919,merval,1,2024-12-11 21:50:14,t3_1hb3row,t3_1hb3row,comment
m1njr7o,Pedazo de cartera. Banco a morir 🫡,lokomou19,merval,1,2024-12-12 03:00:57,t3_1hb3row,t3_1hb3row,comment
m1nv2o8,Agregaría MIRG,Thick-Phone6074,merval,1,2024-12-12 04:54:30,t3_1hb3row,t3_1hb3row,comment
m1pf2x9,alergia a los fundamentals. La mitad de tu cartera son pozos negros de transas y ONs con intención de default desde antes de emitirlas.,libertardos,merval,1,2024-12-12 12:41:40,t3_1hb3row,t3_1hb3row,comment
m1qop1n,Que app es?,Formal-Secretary7807,merval,1,2024-12-12 16:37:34,t3_1hb3row,t3_1hb3row,comment
m1swuk7,Morixe toda la vida,Imnotosmi,merval,1,2024-12-13 00:16:10,t3_1hb3row,t3_1hb3row,comment
m1ur827,Que cartera usas para las inversiones?,Queasy_Landscape774,merval,1,2024-12-13 10:16:03,t3_1hb3row,t3_1hb3row,comment
m1v7n4q,"TSLA, Nvidia, Meta",mariov,merval,1,2024-12-13 11:59:43,t3_1hb3row,t3_1hb3row,comment
m1wsbe2,q onda esto alguien me puede pasar data?:(,celestiauwu0,merval,1,2024-12-13 17:02:23,t3_1hb3row,t3_1hb3row,comment
m1zyo7o,"Creo que no tendría huevos en Aluar.
Apenas se abra el mercado entra acero y aluminio chino.
El hierro chino puesto en obra en argentina vale un 20% de lo que vale en argentina.
Tengo clientes que son constructoras/desarrolladoras y están esperando la apertura de importaciones  para traer de afuera materiales de construcción como el hierro, con eso bajaría considerablemente el valor de metro cuadrado construido.
Mi selección sobre las empresas argentinas sería toda aquella que cuando se abra el mercado no esté sobrevalorada o sus productos queden fuera de mercado mundial.",Akelamkt,merval,1,2024-12-14 07:30:19,t3_1hb3row,t3_1hb3row,comment
m20crs7,"Acindar en crisis 

[https://segundoenfoque.com/acindar-crisis-despidos-precios-competencia-libre-mercado-milei](https://segundoenfoque.com/acindar-crisis-despidos-precios-competencia-libre-mercado-milei)",Akelamkt,merval,1,2024-12-14 09:57:41,t3_1hb3row,t3_1hb3row,comment
m20gjxn,"Que el que muestra la billetera, muestra el culo",[deleted],merval,1,2024-12-14 10:27:58,t3_1hb3row,t3_1hb3row,comment
m21taqy,Vista,[deleted],merval,1,2024-12-14 15:26:15,t3_1hb3row,t3_1hb3row,comment
m1ddp96,Que app es esta?,Moorepizza,merval,1,2024-12-10 12:36:03,t3_1hb3row,t3_1hb3row,comment
m1ezjfv,Yo por ahora voy full energéticas y GGAL. Después Cedears a largo plazo y FCI de Cocos Daruma para el corto plazo que está rindiendo 41%.,sbstnchrmnt,merval,1,2024-12-10 17:38:17,t3_1hb3row,t3_1hb3row,comment
m1fh5q8,Te falta empezar a usar Cocos,Savings_Sundae_9397,merval,0,2024-12-10 19:08:51,t3_1hb3row,t3_1hb3row,comment
m1e35t1,Seeeeeeeeeeee mods!!! Pongan flairs!!!,Negric96,merval,9,2024-12-10 14:50:44,t1_m1dlab3,t3_1hb3row,comment
m1di801,[Gotta Catch ’Em All]()!,UNDERNERF,merval,32,2024-12-10 13:00:42,t1_m1dg15d,t3_1hb3row,comment
m1ft9vv,El que tenga miedo de vivir que no nazca,InevitableOne2231,merval,52,2024-12-10 20:15:54,t1_m1dkmsy,t3_1hb3row,comment
m1gs0bh,"Nadie puede predecir el futuro pero el que apostó a las empresas Argentinas en 2024 ganó EN GRANDE. Veremos si se mantiene la tendencia en los próximos años, así parece",drunkmers,merval,11,2024-12-10 23:48:47,t1_m1dkmsy,t3_1hb3row,comment
m1lhpsp,un montón? un montón de guita ganó el que puso 80% en acciones argy,PancuterM,merval,3,2024-12-11 19:05:39,t1_m1dkmsy,t3_1hb3row,comment
m1dadmm,Anotado ! Gracias !,Argentinotriste,merval,2,2024-12-10 12:17:28,t1_m1da9fq,t3_1hb3row,comment
m1dkd8v,Anotado,Argentinotriste,merval,1,2024-12-10 13:12:23,t1_m1dfzwj,t3_1hb3row,comment
m1digmh,Por qué tan bajo? Teniendo en cuenta que todo está pa arriba,Andrescoo,merval,2,2024-12-10 13:02:02,t1_m1dfuk7,t3_1hb3row,comment
m1fpeqc,Byma no está pudiendo romper los máximos me cansé de esperarla y la vendí con un 18% de ganancia.,HistoricalBlacksmith,merval,2,2024-12-10 19:53:56,t1_m1dfuk7,t3_1hb3row,comment
m2mdykv,"Leí esto, miré y compré. Hace una semana. 
Voló lindo ahora",Traditional-Bank-544,merval,2,2024-12-18 03:21:32,t1_m1dfuk7,t3_1hb3row,comment
m1gl70d,Ponele 1000 pesos a un FCI de acciones que todas tienen pampa YPF y tgn,Eatzebugs,merval,9,2024-12-10 23:05:21,t1_m1dvzku,t3_1hb3row,comment
m1fsb82,yo tambien jajajaj,Still_Ad3705,merval,2,2024-12-10 20:10:21,t1_m1dvzku,t3_1hb3row,comment
m1g1tzz,🍀,[deleted],merval,1,2024-12-10 21:06:42,t1_m1dvzku,t3_1hb3row,comment
m1gstpg,This. Ahora que ganó Trump voy long TSLA (no es recomendación de compra),NakedShamrock,merval,3,2024-12-10 23:53:59,t1_m1ee747,t3_1hb3row,comment
m1i8lgh,"Mercado Libre ($MELI) va a tener seguramente un crecimiento enorme dentro de poco cuando Galperin anuncie que MercadoPago comienza a funcionar como un banco, es probable que tenga unos cuantos dias de crecimiento exponencial sostenido sobre todo por que seguramente vamos a estar llenos de publicidades incentivando el uso de la plataforma ya no como billetera virtual solamente, sino también como banco tradicional, la duda seria saber interpretar el pico de rendimiento para vender",Moon_Sun_Flash,merval,4,2024-12-11 07:48:55,t1_m1eff21,t3_1hb3row,comment
m1ias3k,No creen que tienen competencia contra Amazon?,Zealousideal-Army641,merval,0,2024-12-11 08:11:28,t1_m1eff21,t3_1hb3row,comment
m1ias96,No creen que tienen competencia contra Amazon?,Zealousideal-Army641,merval,0,2024-12-11 08:11:28,t1_m1eff21,t3_1hb3row,comment
m1iat43,No creen que tienen competencia contra Amazon?,Zealousideal-Army641,merval,0,2024-12-11 08:11:39,t1_m1eff21,t3_1hb3row,comment
m1dkec3,Anotado,Argentinotriste,merval,1,2024-12-10 13:12:33,t1_m1dgid8,t3_1hb3row,comment
m1k47x4,"Pero pego un salto fiero ya hace 1 semana, no es tarde ya?",chabon22,merval,1,2024-12-11 15:00:59,t1_m1dv5ns,t3_1hb3row,comment
m1db0s9,Inviu,Argentinotriste,merval,5,2024-12-10 12:21:02,t1_m1dapcy,t3_1hb3row,comment
m1fbo1h,Why?,TerrellAlbe,merval,0,2024-12-10 18:40:09,t1_m1dnwg0,t3_1hb3row,comment
m1duht0,Plazo / riesgo: Si,simonbleu,merval,4,2024-12-10 14:05:34,t1_m1dcxos,t3_1hb3row,comment
m1deg1s,Prohibir ? La pregunta la hice para mi... no le recomiendo a otros que hagan lo que yo hago.,Argentinotriste,merval,4,2024-12-10 12:40:11,t1_m1dcxos,t3_1hb3row,comment
m1dfupp,Aguantaaaa,[deleted],merval,1,2024-12-10 12:47:52,t1_m1dcxos,t3_1hb3row,comment
m1descl,"Si se puede, hay apps de brokers",Argentinotriste,merval,4,2024-12-10 12:42:03,t1_m1dcnwd,t3_1hb3row,comment
m1f0wki,Inviu,Argentinotriste,merval,2,2024-12-10 17:45:19,t1_m1ez1hn,t3_1hb3row,comment
m1f1ddh,Inviu,Argentinotriste,merval,2,2024-12-10 17:47:43,t1_m1f17a9,t3_1hb3row,comment
m1hadth,Largo,Argentinotriste,merval,1,2024-12-11 01:57:05,t1_m1h9q1k,t3_1hb3row,comment
m1ki0or,Inviu,Argentinotriste,merval,1,2024-12-11 16:08:23,t1_m1khyzp,t3_1hb3row,comment
m1kqfk5,Inviu,Argentinotriste,merval,1,2024-12-11 16:49:40,t1_m1kq4g0,t3_1hb3row,comment
m1qoxaf,Inviu,Argentinotriste,merval,1,2024-12-12 16:38:43,t1_m1qop1n,t3_1hb3row,comment
m20wfkc,?,Argentinotriste,merval,2,2024-12-14 12:17:51,t1_m20gjxn,t3_1hb3row,comment
m1dep1z,Inviu,Argentinotriste,merval,2,2024-12-10 12:41:33,t1_m1ddp96,t3_1hb3row,comment
m1ifa83,Miedo de morir es.,airixxxx,merval,8,2024-12-11 08:55:03,t1_m1ft9vv,t3_1hb3row,comment
m1hc33r,Suicidio es pecado,WiselyChoosen23,merval,0,2024-12-11 02:10:34,t1_m1ft9vv,t3_1hb3row,comment
m1iurge,"Así como nadie puede predecir el futuro, rendimientos pasados no garantizan rendimientos futuros. Tener el 80% de tus inversiones en un país históricamente complicado, me parece tomar una banda de riesgo. La diversificación no le hace mal a nadie.",Living_View_9046,merval,1,2024-12-11 10:51:48,t1_m1gs0bh,t3_1hb3row,comment
m1rphl0,"tampoco en grande, le ganaron a la inflación un poco más. O me equivoco? Yo tenia y vi q gané eso",apiner_inc,merval,1,2024-12-12 19:51:59,t1_m1gs0bh,t3_1hb3row,comment
m1xynfb,"Cuando haya elecciones en 2025, ganen los kirchos, volvemos a la subida del dolar, al riesgo pais por los cielos y la inflacion creciendo sin parar. Para mi antes de las elecciones el que tiene plata que shortee esas acciones. La gente no es racional en su mayoria, se fijan en su bolsillo a corto plazo y votan lo que haya en la oposicion, da igual si es alberto, milei, fidel castro o chavez.",AdhesivenessLeft141,merval,1,2024-12-13 21:07:13,t1_m1gs0bh,t3_1hb3row,comment
m1mjzjs,"Y un montón de guita gano Warren Buffet, pero con eso no hacemos nada.",Living_View_9046,merval,0,2024-12-11 22:48:28,t1_m1lhpsp,t3_1hb3row,comment
m1eliz3,"nah, moli",ConnectionSecret3880,merval,2,2024-12-10 16:25:33,t1_m1dkd8v,t3_1hb3row,comment
m1efvl1,"Honestamente no sé. Pero no tenemos mucho mas (de lo que yo se, que es poco) nacional para invertir. A CEPU ya le queda poco y ya se pone cara, pampa carísima, YPF carísima, Galicia podría ser pero está en máximos si mal no recuerdo, CRES podría ser. Nada en fin hay varias pero muchas ya si las agarras de 0 es jugado porque está todo muy para arriba",otondonicolas,merval,3,2024-12-10 15:56:19,t1_m1digmh,t3_1hb3row,comment
m1wjkjo,Byma,otondonicolas,merval,1,2024-12-13 16:15:48,t1_m1fpeqc,t3_1hb3row,comment
m22ar9w,"Ya le ganaste, pero creo deberias haberla esperado hasta la presentacion del proximo balance.",-G3R-,merval,1,2024-12-14 17:06:31,t1_m1fpeqc,t3_1hb3row,comment
m2ot4jj,😎,otondonicolas,merval,1,2024-12-18 14:39:48,t1_m2mdykv,t3_1hb3row,comment
m1v4cms,Te molesto con una pregunta? Cómo joraca compro acciones??,xnanor,merval,1,2024-12-13 11:40:32,t1_m1gl70d,t3_1hb3row,comment
m1gxh08,"Perdón por mi ignorancia, pero como no es la primera vez que lo leo quería preguntarte si me podrías explicar. Por qué aclarás que no es recomendación de compra?",[deleted],merval,1,2024-12-11 00:24:27,t1_m1gstpg,t3_1hb3row,comment
m1k3raj,"Tesla vos decís q no está muy arriba ya para entrar? 
No compre y cada día siento q está a una mala noticia de Trump y Elon de irse al tacho",chabon22,merval,1,2024-12-11 14:58:43,t1_m1gstpg,t3_1hb3row,comment
m1k5zjh,Ya es tarde amigo!,EndBackground9783,merval,1,2024-12-11 15:09:45,t1_m1k47x4,t3_1hb3row,comment
m1fcr8z,Ya subieron mucho.,Suspicious-Cucumber9,merval,3,2024-12-10 18:45:45,t1_m1fbo1h,t3_1hb3row,comment
m1dg0db,"Deberias incluir al menos tu perfil de riesgo, no es lo mismo si te la queres jugar o si tenes aversion al riesgo",niconline,merval,2,2024-12-10 12:48:44,t1_m1deg1s,t3_1hb3row,comment
m1dfv5v,"Exactamente, la pregunta la hiciste para vos y para vos te la respondo. No podes aceptar consejos sobre tu dinero a extraños de internet sin siquiera primero hacer un análisis personal de que es lo que buscas con tus inversiones. Compras esas empresas porque te interesan lo que hacen? Porque crees que van a seguir recaudando más en el futuro? Porque van a presentar buenos balances? O porque están de moda? El problema es que cualquiera que lee esto se va a mal informar, cada persona es un mundo y tiene horizontes de inversión y riesgos a asumir distintos. 

PD: estamos en máximos históricos del MERVAL, lee un poco sobre que se recomienda hacer cuando alguien le interesa entrar en un papel que se encuentra en máximos.",UNDERNERF,merval,4,2024-12-10 12:47:56,t1_m1deg1s,t3_1hb3row,comment
m1dm6v0,"Pero necesito un asesor financiero para operar en inviu, como consigo uno??",Sea-Carpenter542,merval,5,2024-12-10 13:22:08,t1_m1dep1z,t3_1hb3row,comment
m1oqyy3,Quien para un buen sanguche de milanesa?,yumesanlas,merval,3,2024-12-12 10:14:10,t1_m1hc33r,t3_1hb3row,comment
m1izjof,"Coincido que mi perfil de inversor es de riesgos elevados, pero estoy dispuesto a asumir el riesgo. Y coincido también que lo mejor es diversificar",drunkmers,merval,4,2024-12-11 11:22:21,t1_m1iurge,t3_1hb3row,comment
m25sqvx,Es la versión merval de TODO AL ROJO,Downtown_Weakness_21,merval,1,2024-12-15 09:46:31,t1_m1iurge,t3_1hb3row,comment
m1y91l5,"El rumbo del país lo fija el Presidente y su política monetaria junto con el ministro de economía, las legislativas del año que viene sí impactarán pero no tanto como crees en mi opinión, y en 2027 si no gana la reelección Milei normal, sacamos la plata de las inversiones en Argentina y nos refugiamos en el dólar como históricamente hemos hecho los argentinos",drunkmers,merval,1,2024-12-13 22:14:03,t1_m1xynfb,t3_1hb3row,comment
m23h6si,Buen intento chouza.,Code_iTz,merval,1,2024-12-14 21:26:41,t1_m1xynfb,t3_1hb3row,comment
m1emdsu,Porque decís que Pampa e YPF están carísimas?,mati560,merval,1,2024-12-10 16:29:58,t1_m1efvl1,t3_1hb3row,comment
m20gnyu,Cocos y Brubank son amigables. Básicamente tenés que enviarle pesos mediante un CBU. Después con esos pesos compras CEDEARS o acciones en pesos. La manera más fácil es comprar fondos comunes de inversión y te olvidas.,Eatzebugs,merval,1,2024-12-14 10:28:50,t1_m1v4cms,t3_1hb3row,comment
m1lwf79,"La Ley de Mercado de Capitales 26.831 indica explícitamente que ninguna persona física o jurídica (directores, emisores, agentes registrados o, en nuestro caso, inversores) puede  ""efectuar prácticas o conductas que pretendan o permitan la manipulación de precios o volúmenes de los valores negociables, alterando el normal desenvolvimiento de la oferta y la demanda. Asimismo, dichas personas deberán abstenerse de incurrir en prácticas o conductas engañosas que puedan inducir a error a cualquier participante en dichos mercados, en relación con la compra o venta de cualquier valor negociable en la oferta pública, ya sea mediante la utilización de artificios, declaraciones falsas o inexactas o en las que se omitan hechos esenciales o bien a través de cualquier acto, práctica o curso de acción que pueda tener efectos engañosos y perjudiciales sobre cualquier persona en el mercado"".


En resumen: yo te aviso que no me hago responsable si vos comprás porque yo dije que _pienso_ que va a subir y terminás perdiendo porque me equivoqué. La consecuencia de no tener una legislación como esta puede verse en los pump and dump de todas las semanas en el mercado crypto.",NakedShamrock,merval,4,2024-12-11 20:26:53,t1_m1gxh08,t3_1hb3row,comment
m1lt7nz,La pienso tener al menos año y medio así que no sabría decirte si es tarde para entrar (para mí no). Lo de la volatilidad respecto a lo que digan/hagan Trump o Musk creo (CREO) que afecta más a X y no tanto a Tesla,NakedShamrock,merval,1,2024-12-11 20:08:16,t1_m1k3raj,t3_1hb3row,comment
m1djwu9,Si eso es verdad,Argentinotriste,merval,1,2024-12-10 13:09:55,t1_m1dg0db,t3_1hb3row,comment
m1dgs2g,Cálmate María,Ok-Tooth-8557,merval,17,2024-12-10 12:52:53,t1_m1dfv5v,t3_1hb3row,comment
m1ebjrw,Calmate un poco simplemente quería compartir su portfolio,LoboMarinoCosmico,merval,3,2024-12-10 15:34:03,t1_m1dfv5v,t3_1hb3row,comment
m1dn71x,"Puede y lo esta haciendo, no debería en todo caso. Es pura timba esto hermano, no te lo tomes tan a pecho",Feducu,merval,2,2024-12-10 13:27:29,t1_m1dfv5v,t3_1hb3row,comment
m1dxe48,"Por lo q veo agarro y compro acciones de 70 empresas, mejor es po es más en dos o tres qué te generen confianza y te interesen, ahí hay varias cosas super random y parece un historial de movimientos bancarios esa lista

A mi juicio, esta UN POQUITO mal este pibe, no se hacen así las cosas, más empresas compres,acciones, más rango de riesgos tenes, 2+2",Dazzling_Royal1116,merval,2,2024-12-10 14:20:49,t1_m1dfv5v,t3_1hb3row,comment
m1djiwd,"A ver, una persona me puede hacer una recomendación y en base a esa recomendación hago un análisis e investigación. Uno me dijo metrogas, no significa que voy a ir a invertir así de una en esa acción. Pero si la voy a tener en cuenta.",Argentinotriste,merval,1,2024-12-10 13:07:49,t1_m1dfv5v,t3_1hb3row,comment
m1dmk5s,Los asesores son opcionales. Lo podes pedir por la app o no...,Argentinotriste,merval,3,2024-12-10 13:24:05,t1_m1dm6v0,t3_1hb3row,comment
m1j0fly,"Claro, pero no por ""tener perfil de riesgo elevado"" ""y asumir riesgos"", le vas a meter todo al rojo",Living_View_9046,merval,0,2024-12-11 11:27:48,t1_m1izjof,t3_1hb3row,comment
m23lnfe,Yo vote a milei y lo voy a seguir votando.,AdhesivenessLeft141,merval,1,2024-12-14 21:55:47,t1_m23h6si,t3_1hb3row,comment
m1fccug,Porque están caras. Comparadas con hace dos semanas. No es momento de entrar en mi opinión a YPF. Hay que mantenerla y si queres entrar esperar a que corrija que ya lo va a hacer. Pero bueno siempre bajo mi análisis. Hoy pondría el ojo en otros lugares,otondonicolas,merval,3,2024-12-10 18:43:41,t1_m1emdsu,t3_1hb3row,comment
m1m5bkx,Gracias me acabas de dar el aporte más valioso que pude encontrar en todo Reddit. (No es sarcasmo es 100% literal),[deleted],merval,1,2024-12-11 21:19:53,t1_m1lwf79,t3_1hb3row,comment
m1fbdgp,Yo diría que tu perfil es kamikaze,quasarjjjjjjjjj,merval,3,2024-12-10 18:38:38,t1_m1djwu9,t3_1hb3row,comment
m1dqo5n,No es timba si sabes leer fundamentales y hacer análisis técnico. Si no te convence entonces si apostá todo al rojo.,UNDERNERF,merval,1,2024-12-10 13:45:40,t1_m1dn71x,t3_1hb3row,comment
m1e2808,"Un claro ejemplo de sobrediversificación. Tiene 5 empresas del sector energético, 5 industriales y 3 financieras mas unos CEDEARS por lo que se ve. No podes estar al pendiente de todo y menos como dije comprar el máximos históricos. Por un lado es positivo que la gente aprenda y se interese en invertir pero otra distitna es poner plata en algo sin siquiera saber identificar soportes y resistencias en el precio.",UNDERNERF,merval,2,2024-12-10 14:45:53,t1_m1dxe48,t3_1hb3row,comment
m1dmm6k,"Pero para eso leete el listado de todas las empresas que cotizan en bolsa. Es como pedir recomendación de modelos de autos sin dar contexto y luego ver si se adaptan a tu presupuesto y necesidad. Son errores muy comunes de quienes se inician en el mundo de las inversiones y que, siendo prolijo y haciendo las cosas bien, vas a evitar dolores de cabeza cuando veas la comitente en rojo.",UNDERNERF,merval,1,2024-12-10 13:24:23,t1_m1djiwd,t3_1hb3row,comment
m1g56s5,"La app para crearme una cuenta me pide que introduzca un alias de un asesor, y me dice que para crearme una cuenta tengo que tener un asesor financiero independiente si o si",Sea-Carpenter542,merval,5,2024-12-10 21:27:02,t1_m1dmk5s,t3_1hb3row,comment
m1fipst,"Coincido plenamente con vos... Pampa cotiza muy por encima de su valor intrínseco, lo que significa que está carísima, lo mismo ocurre con YPF que está a mas del doble.  El problema radica en que la gran mayoría entra en empresas por tendencia, es decir... Como ven que todos están comprando, no se quieren quedar por fuera y pagan carísimo, y cuando viene una corrección se asustan y venden a pérdida. No se preocupan por hacer el análisis técnico que les permita determinar si están a buen precio o ya están muy caras.",AggravatingCheck7980,merval,2,2024-12-10 19:17:13,t1_m1fccug,t3_1hb3row,comment
m1gsyyg,Perfil de riesgo: miembro de r/wallstreetbets,NakedShamrock,merval,2,2024-12-10 23:54:54,t1_m1fbdgp,t3_1hb3row,comment
m1e6sp5,"Es que para mi agarro e hizo tuki tuki tuki tuki a todo lo q veía, hay varias acciones de cosas muy random, no tiene un rumbo, si recién empieza, como va a comprar de absolutamente todo lo que vea? Este pibe queda en la calle en dos años",Dazzling_Royal1116,merval,3,2024-12-10 15:09:36,t1_m1e2808,t3_1hb3row,comment
m1g42cj,"A que te referis con comprar en maximos historicos? comprar una accion que esta en verde toda una semana, con indicadores saturados y en maximos si es un grave error, pero subirte a la hola en una semana de descompresion de una accion disparada que bajo 8-10% no lo veo mal, pienso que el AF viene antes de estudiar un grafiquito y lineas de tendencias, sobre todo si las intenciones son a largo plazo. Sino porque nadie compra Intel o AMD grandisimas empresas, por dar dos ejemplos, baratas pero con problemas importantes desde lo fundamental. Este año decenas de empresas han roto mes a mes maximos historicos, pero con grandes proyecciones desde lo fundamental",M4tut310,merval,1,2024-12-10 21:20:14,t1_m1e2808,t3_1hb3row,comment
m1dmw5e,"Si obvio, tambien es importante un análisis técnico y fundamental de la empresa.",Argentinotriste,merval,1,2024-12-10 13:25:52,t1_m1dmm6k,t3_1hb3row,comment
m1i163a,"Te paso el alias de mi amigo: INSIDER3.INVIU
Es crack! Se re copa asesorando.
Le podes escribir por whatsap +54 9 11 2403-7196 - Julián Gómez",Fragrant-Space-4581,merval,2,2024-12-11 06:24:25,t1_m1g56s5,t3_1hb3row,comment
m1gimbs,"Pero vale eso por expectativas del crecimiento en el sector , al menos tu respuesta es un poco más desarrollada pero que valga más que hace dos semanas no me parece algo válido o que ya subió mucho. Vista paso de 2  a 56 Usd..Yo creo que sube más porque está entrando capital de afuera y la expectativas para los próximos años son muy buenos y va a seguir subiendo ni siquiera marco su Ath. ( obvio pensando a largo plazo) .",mati560,merval,2,2024-12-10 22:49:06,t1_m1fipst,t3_1hb3row,comment
m1gmj6o,"Estamos de acuerdo en que a largo plazo podría seguir subiendo, pero no te olvides que es un tema con tinte geopolítico donde el factor riesgo es más alto y nada está escrito sobre piedra, de manera que lo ideal es comprar en correcciones, para que tu margen de seguridad y rentabilidad sea alto.  SIEMPRE debes fijarte en el valor intrínseco que tiene la empresa que te interesa comprar, además del PER, ROE entre otros ratios de valoración.  
Lo que comúnmente suele suceder es que la gran mayoría de personas entran en máximos históricos y en la primera corrección venden asustados a pérdida, de manera que si uno carece de inteligencia emocional y experiencia en estos temas, lo más sano es entrar en caídas y nunca en euforia",AggravatingCheck7980,merval,3,2024-12-10 23:13:53,t1_m1gimbs,t3_1hb3row,comment
m1ibsch,"Si. Que se yo. Ahora está llegando a precios de Macri, bombeando el doble de petróleo. Espera que el año que viene estemos sacando el doble de lo de ahora, y te quiero ver.",ionettov,merval,2,2024-12-11 08:21:31,t1_m1gmj6o,t3_1hb3row,comment
m1ma3lj,"https://x.com/Tomaslm_/status/1866989081407701296?t=d66Ck3qFXWbYVD1kyIzD6Q&s=19 
En este hilo habla sobre las tres empresas más importantes del sector, por estás razones no me parecen caras. Obviamente la compra es decisión personal .",mati560,merval,1,2024-12-11 21:48:32,t1_m1ibsch,t3_1hb3row,comment
m2ry989,REBAJAS NAVIDEÑAS,eimattz,merval,233,2024-12-19 01:31:50,t3_1hhjrop,t3_1hhjrop,comment
m2rrk7s,"El que tiene miedo a morir que no nazca, no fud my bags.",Altruistic_Ad_8304,merval,134,2024-12-19 00:42:55,t3_1hhjrop,t3_1hhjrop,comment
m2s0zy0,No te vas a venir a cagar por un 2/3% abajo,ahantedoro,merval,112,2024-12-19 01:53:04,t3_1hhjrop,t3_1hhjrop,comment
m2rrgci,Yo creo q es buen momento para comprar. Después va ser tarde,EndBackground9783,merval,67,2024-12-19 00:42:10,t3_1hhjrop,t3_1hhjrop,comment
m2rqgqp,"Vender? Que tenes, 60 años?",kdolmiu,merval,116,2024-12-19 00:35:18,t3_1hhjrop,t3_1hhjrop,comment
m2rq669,Lo mejor que podés hacer es,Argentino_Feliz,merval,80,2024-12-19 00:33:18,t3_1hhjrop,t3_1hhjrop,comment
m2rquoi,"Si tenes miedo rota a defensivas que no tuvieron tanta subida. Si no lo tenes se agresivo. O sea, depende de lo que vos instuyas. Yo compre antes de las caidas, siempre que compre cae.",Gullible-Pay4973,merval,41,2024-12-19 00:38:00,t3_1hhjrop,t3_1hhjrop,comment
m2rwxed,Que paso ? Me fui de vacaciones con todo verde y el dólar a 1020. Que rompieron?,AstronomerDiligent53,merval,35,2024-12-19 01:21:51,t3_1hhjrop,t3_1hhjrop,comment
m2rsfwf,"Todavia seguimos en mercado alcista, simplemente fueron tomas de ganancias del rally navideño. El rally navideño siempre comienza en octubre pero se compra en agosto-septiembre y se vende en diciembre cerca de navidad.
Ahora ojo con....",Firm_Translator_8623,merval,30,2024-12-19 00:49:07,t3_1hhjrop,t3_1hhjrop,comment
m2tbvwn,"Por un momento pense que era un programa tipo windirstat o algo de eso jaja

Pero comprar",simonbleu,merval,6,2024-12-19 09:41:27,t3_1hhjrop,t3_1hhjrop,comment
m2to2nn,Time in the market beats timing the market,[deleted],merval,6,2024-12-19 11:06:08,t3_1hhjrop,t3_1hhjrop,comment
m2rsxor,UNH es casi la única verde y cayó 100 dolares en la última semana jajajaja,Longjumping_Ad_2922,merval,6,2024-12-19 00:52:40,t3_1hhjrop,t3_1hhjrop,comment
m2rw7kx,"Y la respuesta es, la de siempre, depende.",ap0r,merval,12,2024-12-19 01:16:29,t3_1hhjrop,t3_1hhjrop,comment
m2u3vi8,Yo compré hoy a la mañana varios cedears... un visionario...,BoyStout,merval,6,2024-12-19 12:38:16,t3_1hhjrop,t3_1hhjrop,comment
m2supjl,"Y yo liquidé todo en una GPU.   
GGWP, No pueden matar lo que ya está muerto.",tumama1388,merval,4,2024-12-19 06:53:07,t3_1hhjrop,t3_1hhjrop,comment
m2syj8t,Google va a seguir cayendo. Trump se la tiene jurada y se tiene que comer varios juicios todavia.,[deleted],merval,4,2024-12-19 07:35:58,t3_1hhjrop,t3_1hhjrop,comment
m2t06q2,Que programa usas para generat ese grafico?,Diovatelli,merval,5,2024-12-19 07:53:41,t3_1hhjrop,t3_1hhjrop,comment
m2tn63r,"Lo cierto que muchas de esas companias estan aun cerca de maximos historicos, si tenias ganas de entrar y estabas esperando, mejor entrarle ahora... si tenes unos pesos/dolares que pensabas gastar en otra cosa y ahora pensas en ponerlos, por ahi si la otra cosa te hace feliz o te da calidad de vida, iria por la otra cosa.

Por lo menos asi haria yo.",GsusSchreiber,merval,4,2024-12-19 11:00:17,t3_1hhjrop,t3_1hhjrop,comment
m2rsnmi,[Yo diria que...](https://pbs.twimg.com/media/EF95--MWwAkI1Fe?format=jpg&name=900x900),[deleted],merval,3,2024-12-19 00:50:39,t3_1hhjrop,t3_1hhjrop,comment
m2rye1y,Es un momento y ya!,fedeger,merval,2,2024-12-19 01:32:50,t3_1hhjrop,t3_1hhjrop,comment
m2s0j7a,Lo que tu corazón dicte,netz3r,merval,2,2024-12-19 01:49:24,t3_1hhjrop,t3_1hhjrop,comment
m2s2lee,Siempre me alegran los retrocesos llegando a fin de mes.,Choriciento,merval,2,2024-12-19 02:05:42,t3_1hhjrop,t3_1hhjrop,comment
m2skjjw,El que no gana no apuesta por eso es que no gano..,maxibarto,merval,2,2024-12-19 04:56:38,t3_1hhjrop,t3_1hhjrop,comment
m2svvr1,Empezó la timba señores!,marianchino81,merval,2,2024-12-19 07:06:28,t3_1hhjrop,t3_1hhjrop,comment
m2t4z9h,Tengan en cuenta que la gente suele liquidar sus posiciones en cedears para evitar pagar Bienes Personales.,Agile_Veterinarian60,merval,2,2024-12-19 08:41:57,t3_1hhjrop,t3_1hhjrop,comment
m2te2qb,El que no compra es gay.,ZShock,merval,2,2024-12-19 09:58:11,t3_1hhjrop,t3_1hhjrop,comment
m2tzzh5,es una señal para ir al casino y apostar todo al rojo,ElTopazio,merval,2,2024-12-19 12:16:58,t3_1hhjrop,t3_1hhjrop,comment
m2v332a,"Lo único que entiendo es que se compra en rojo, se vende en verde. Fin

Agrego, también está la posibilidad de como se hace el DCA con las compras, también se puede hacer con ventas. Ósea ventas escalonadas. 😌☝🏻",icemodding,merval,2,2024-12-19 15:57:19,t3_1hhjrop,t3_1hhjrop,comment
m2t9dmr,"HOLD FOREVER, yo compro para largo plazo a modo de ahorro.",sacamedeaca,merval,2,2024-12-19 09:20:57,t3_1hhjrop,t3_1hhjrop,comment
m2rz821,Si,sekcaJ,merval,1,2024-12-19 01:39:14,t3_1hhjrop,t3_1hhjrop,comment
m2rzsy1,kjj,[deleted],merval,1,2024-12-19 01:43:41,t3_1hhjrop,t3_1hhjrop,comment
m2ssur5,Que app o web es que te deja ver todo así??,Miura5,merval,1,2024-12-19 06:31:30,t3_1hhjrop,t3_1hhjrop,comment
m2sy2lz,Loco no tengo tiempo lo mejor que podes hacer en este caso es,[deleted],merval,1,2024-12-19 07:30:46,t3_1hhjrop,t3_1hhjrop,comment
m2t2yta,comprar,jcm95,merval,1,2024-12-19 08:22:20,t3_1hhjrop,t3_1hhjrop,comment
m2t3qfj,"Es una buena corrección por la baja de tasa en EEUU. Momento de comprar a full, siempre van a subir a largo plazo.",sbstnchrmnt,merval,1,2024-12-19 08:30:00,t3_1hhjrop,t3_1hhjrop,comment
m2t42mp,"En qué compra acciones compra para una década, lo que pasa en el medio te tiene que chupar un huevo.",GAV17,merval,1,2024-12-19 08:33:19,t3_1hhjrop,t3_1hhjrop,comment
m2t4lpu,"Hablando de niveles mensuales, está sobre comprado el mercado, los grandes inversores vendieron y pusieron su dinero en bonos de la fed, para comprar más barato dentro de unos meses.",chacoresar,merval,1,2024-12-19 08:38:24,t3_1hhjrop,t3_1hhjrop,comment
m2t7s3r,"carisimo todo, maximos historicos",ZiYu14,merval,1,2024-12-19 09:07:16,t3_1hhjrop,t3_1hhjrop,comment
m2taskt,"La respuesta es Si, igual me sorprende que es casi todos decretaron que ya toco el piso y no va a bajar.",niconline,merval,1,2024-12-19 09:32:40,t3_1hhjrop,t3_1hhjrop,comment
m2tdzdq,venia de fiesta durante losnultimos 4 meses y ayer salieron todos a cobrar,Luscypher,merval,1,2024-12-19 09:57:30,t3_1hhjrop,t3_1hhjrop,comment
m2tf48x,vende!!!!!,Ok-Acante4524,merval,1,2024-12-19 10:05:50,t3_1hhjrop,t3_1hhjrop,comment
m2tgtk0,"Buy, buy, buy, and buy some more!",[deleted],merval,1,2024-12-19 10:17:56,t3_1hhjrop,t3_1hhjrop,comment
m2tkxmy,"Si preguntas estas cosas en Reddit, mejor no inviertas.",MidnightInAdrogue,merval,1,2024-12-19 10:45:49,t3_1hhjrop,t3_1hhjrop,comment
m2u0usp,"Los retrocesos que viene teniendo el SP son muy cortos y muy rápidos, lo lógico sería comprar con un stop",Kaji157,merval,1,2024-12-19 12:21:50,t3_1hhjrop,t3_1hhjrop,comment
m2u0w44,"Para comprar, obviamente.",Vegetable_Wolf6194,merval,1,2024-12-19 12:22:01,t3_1hhjrop,t3_1hhjrop,comment
m2umh4e,Siempre es buen tiempo para comprar. También siempre es buen tiempo para vender. Yo voy viendo por cada cosa comprada. Siempre hay algo que baja y algo que sube.,Real_Barracuda_6851,merval,1,2024-12-19 14:19:30,t3_1hhjrop,t3_1hhjrop,comment
m2w92z5,Todo son papelitos de colores,PleuraZoom,merval,1,2024-12-19 19:43:39,t3_1hhjrop,t3_1hhjrop,comment
m2wo4kc,"Compra barato, vende caro.",KamusdeAcuario,merval,1,2024-12-19 21:15:31,t3_1hhjrop,t3_1hhjrop,comment
m2x3mps,Es un buen momento y ya,Evening_Positive9001,merval,1,2024-12-19 22:52:46,t3_1hhjrop,t3_1hhjrop,comment
m2x8mde,Buy the dip,TLH11,merval,1,2024-12-19 23:24:42,t3_1hhjrop,t3_1hhjrop,comment
m2y8bjs,"Pregunta, (soy de argentina) como puedo empesar a invertir en acciones? Hay alguna aplicacion o como funciona?",DanG_719,merval,1,2024-12-20 04:10:19,t3_1hhjrop,t3_1hhjrop,comment
m2z273k,"En la guardia estan atendiendo a los que longeaban en modo automatico, cruzado x50 hace dias jaja",No_Wealth8633,merval,1,2024-12-20 09:37:07,t3_1hhjrop,t3_1hhjrop,comment
m2z7i2p,"Regalada tesla, el año que viene con el trumpo explota.",froxs,merval,1,2024-12-20 10:17:49,t3_1hhjrop,t3_1hhjrop,comment
m2znyg5,Depende tu horizonte de inversión,Living_View_9046,merval,1,2024-12-20 12:06:15,t3_1hhjrop,t3_1hhjrop,comment
m2zvt35,Acabo de comprar. Abz.,Mcdick90,merval,1,2024-12-20 12:51:51,t3_1hhjrop,t3_1hhjrop,comment
m30b9h7,"Como diría Marge Simpson, es un momento y basta.",msnshame,merval,1,2024-12-20 14:17:53,t3_1hhjrop,t3_1hhjrop,comment
m30q0zr,"La respuesta es, nunca es un buen momento para vender, pero si no sos daltónico es fácil, en verde se vende en rojo se compra y nunca jamás se debe de invertir",el_JrB,merval,1,2024-12-20 15:39:19,t3_1hhjrop,t3_1hhjrop,comment
m313ll5,Soy nuevo. En que página se ve ese dashboard ?,Ok-Fuel6438,merval,1,2024-12-20 16:55:27,t3_1hhjrop,t3_1hhjrop,comment
m31dvl5,Lo ideal siempre es comprar bien arriba y vender cuando baja.,sandwormtamer,merval,1,2024-12-20 17:54:01,t3_1hhjrop,t3_1hhjrop,comment
m31m46c,"Si compras hay uno que está vendiendo

Saludos",King_of_Peronia,merval,1,2024-12-20 18:41:14,t3_1hhjrop,t3_1hhjrop,comment
m31ruoe,Y al final que fué? Jaja,Sea-Ad9223,merval,1,2024-12-20 19:15:16,t3_1hhjrop,t3_1hhjrop,comment
m37ovt6,si vos comprás yo vendo,celero-n,merval,1,2024-12-21 21:08:33,t3_1hhjrop,t3_1hhjrop,comment
m3a7gfz,plaTA O MIERDA,jpreddituser1,merval,1,2024-12-22 11:04:09,t3_1hhjrop,t3_1hhjrop,comment
m3ab55f,Comprar papá,Sprayer_arg,merval,1,2024-12-22 11:31:11,t3_1hhjrop,t3_1hhjrop,comment
m3aj3q6,"Para mi 2025 va ser recesivo, solo de retraso lo que iba ser en 2024 porque la economia aguanto pero miren los ciclos... 

Encima la FED amenazando en no bajar las tasas o incluso abrir el panorama a subirlas si Trump la caga.",Intrepid_Dance_9303,merval,1,2024-12-22 12:24:17,t3_1hhjrop,t3_1hhjrop,comment
m3bus94,nombre de la página?,laL096,merval,1,2024-12-22 16:52:12,t3_1hhjrop,t3_1hhjrop,comment
m3f123y,"ETF JEPQ de JPM. Tenes todo eso mas un lindo dividendo si necesitas guita todos los meses.  
VGT (o XLK, IUIT.L) e ITB hasta el fondo!   
En el laaaargo plazo la bolsa siempre sube.",lic_ek,merval,1,2024-12-23 07:01:27,t3_1hhjrop,t3_1hhjrop,comment
m40qa3t,"Escucha rompiendo la banca en spotify, respecto de dinero, no vas a conseguir nada igual en toda la web.",[deleted],merval,1,2024-12-27 08:48:22,t3_1hhjrop,t3_1hhjrop,comment
m2t9g6k,"A mi me dijeron que no se vende cuando están a la baja, se aguanta o se compra más (?",starlightextinct,merval,1,2024-12-19 09:21:33,t3_1hhjrop,t3_1hhjrop,comment
m2wttt2,"O sea que vos por lo menos, comprás, correcto?",AntiqueConflict5295,merval,1,2024-12-19 21:50:52,t1_m2rrk7s,t3_1hhjrop,comment
m2tq7c5,[deleted],[deleted],merval,71,2024-12-19 11:19:29,t1_m2s0zy0,t3_1hhjrop,comment
m2wtwox,Están todos toros!,AntiqueConflict5295,merval,1,2024-12-19 21:51:22,t1_m2s0zy0,t3_1hhjrop,comment
m2rqzuv,estos son de los que se dejan para toda la vida?,LaTengoGordita,merval,30,2024-12-19 00:38:59,t1_m2rqgqp,t3_1hhjrop,comment
m2sxr9v,Warren tiene 94 y sigue comprando jajaja,[deleted],merval,33,2024-12-19 07:27:15,t1_m2rqgqp,t3_1hhjrop,comment
m2u1c8o,??? Cuántos tiene Michael Saylor?,Vegetable_Wolf6194,merval,2,2024-12-19 12:24:28,t1_m2rqgqp,t3_1hhjrop,comment
m2wu0rx,Another bull...,AntiqueConflict5295,merval,1,2024-12-19 21:52:04,t1_m2rqgqp,t3_1hhjrop,comment
m2swgc3,Me haces acordar a Shrek con la escena del sapo que se muere sin decirles jajajajaja,yumesanlas,merval,42,2024-12-19 07:12:52,t1_m2rq669,t3_1hhjrop,comment
m2tp4bg,"Si, pero en realidad conviene que haga",s4intg3rmain,merval,5,2024-12-19 11:12:45,t1_m2rq669,t3_1hhjrop,comment
m2ucf7l,y no te olvides de,BullishCandle,merval,6,2024-12-19 13:24:22,t1_m2rq669,t3_1hhjrop,comment
m2yzbfu,Con estos consejos que te dijeron no puede irte mal.,Radaman7is,merval,3,2024-12-20 09:12:13,t1_m2rq669,t3_1hhjrop,comment
m2w1zpm,Esto. Aparte deberías ,Bigotoide,merval,2,2024-12-19 19:03:04,t1_m2rq669,t3_1hhjrop,comment
m2x77pl,Y siempre teniendo en cuenta el,Supernova_134,merval,2,2024-12-19 23:15:34,t1_m2rq669,t3_1hhjrop,comment
m2rv0to,Sir this is a casino,Revolutionary_Ad3463,merval,48,2024-12-19 01:07:42,t1_m2rquoi,t3_1hhjrop,comment
m2rsx53,"Me pasa lo mismo, ahora cada vez que voy a comprar le aviso a mis amigos para que vendan antes jaja",Inflacoh,merval,21,2024-12-19 00:52:33,t1_m2rquoi,t3_1hhjrop,comment
m2th6co,Avisa la próxima!,don_maidana,merval,6,2024-12-19 10:20:27,t1_m2rquoi,t3_1hhjrop,comment
m2t3u29,Yo te diría que empieces a comprar después de las caídas jajaj,Same-Confidence-4817,merval,3,2024-12-19 08:30:58,t1_m2rquoi,t3_1hhjrop,comment
m2t3elh,"Habré escrito esto en un universo paralelo? Jaja cada vez que compré, cayo",Rough_Worldliness_70,merval,1,2024-12-19 08:26:45,t1_m2rquoi,t3_1hhjrop,comment
m2zw4bn,Avisa la próximas qué compres así tenemos la alerta.,Mcdick90,merval,1,2024-12-20 12:53:35,t1_m2rquoi,t3_1hhjrop,comment
m2t3bo3,Perdona compre dolar mep con el aguinaldo y dispare el dolar y vendi un par de acciones y se rompio todo,tomytoka,merval,39,2024-12-19 08:25:55,t1_m2rwxed,t3_1hhjrop,comment
m2rzyz9,"lío en USA con Biden queriendo aprobar su último presupuesto zurdo hipotecador de futuro, vs. Trump y Elon Musk diciendo que hay que prender la motosierra.",peperinna,merval,12,2024-12-19 01:45:00,t1_m2rwxed,t3_1hhjrop,comment
m2u1zqa,"Nada, el mercado necesita corregir para tomar liquidez de los miedosos (que compran por FOMO y venden por FUD ) y así seguir creciendo. 
Es la forma saludable del mercado 🤷🏻‍♂️",Vegetable_Wolf6194,merval,1,2024-12-19 12:28:02,t1_m2rwxed,t3_1hhjrop,comment
m2rv6mo,Que hago hermano ? Entre el lunes y hoy me comí un pijazo de lindo lptm jajajajajaja,Lauty_0611,merval,11,2024-12-19 01:08:55,t1_m2rsfwf,t3_1hhjrop,comment
m2xbg4e,Upvote por windirstat,minderbinder,merval,2,2024-12-19 23:43:04,t1_m2tbvwn,t3_1hhjrop,comment
m2s2p94,Y... es todo un tema ruidito de mate xd,perro_salado,merval,8,2024-12-19 02:06:34,t1_m2rw7kx,t3_1hhjrop,comment
m2t60ru,[https://finviz.com/map.ashx](https://finviz.com/map.ashx),Kaskote,merval,3,2024-12-19 08:51:36,t1_m2t06q2,t3_1hhjrop,comment
m3h9esk,"Una pagina, coin360.com",PalpitationConnect44,merval,2,2024-12-23 16:12:15,t1_m2t06q2,t3_1hhjrop,comment
m2sxjw8,Trading view o Finviz,[deleted],merval,3,2024-12-19 07:25:00,t1_m2ssur5,t3_1hhjrop,comment
m2sv9fu,Justo iba a preguntar lo mismo. Está buenísimo verlo así,caphanx3,merval,2,2024-12-19 06:59:25,t1_m2ssur5,t3_1hhjrop,comment
m2uezv3,No todo. Hay varias interesantes y lejos de su fair value. Hay que saber buscar.,PiscisKnight,merval,1,2024-12-19 13:38:02,t1_m2t7s3r,t3_1hhjrop,comment
m3h8xu7,Coin360,PalpitationConnect44,merval,1,2024-12-23 16:09:36,t1_m313ll5,t3_1hhjrop,comment
m3h8vyj,Coin360,PalpitationConnect44,merval,1,2024-12-23 16:09:19,t1_m3bus94,t3_1hhjrop,comment
m2wduar,Conozco gente en esa.,FuckYouAfip,merval,2,2024-12-19 20:11:50,t1_m2tq7c5,t3_1hhjrop,comment
m2u3btr,"paso 1 para ser millonario:

1. ser millonario",william_323,merval,27,2024-12-19 12:35:16,t1_m2sxr9v,t3_1hhjrop,comment
m2tkvc3,"vase chase sulky swim scale mighty straight dolls cover sleep

 *This post was mass deleted and anonymized with [Redact](https://redact.dev/home)*",rogue-fox-m,merval,3,2024-12-19 10:45:24,t1_m2sxr9v,t3_1hhjrop,comment
m2z2at2,"Creo que a Warren tambien le agarro el viejazo, esta mas liquido que nunca",No_Wealth8633,merval,1,2024-12-20 09:37:58,t1_m2sxr9v,t3_1hhjrop,comment
m3aj9pd,"No, Buffet en realidad es de los pocos que vendio casi todo hace poquito y tiene muchisima liquidez porque dice que se viene una recesion grosa.

[https://www.dataroma.com/m/holdings.php?m=BRK](https://www.dataroma.com/m/holdings.php?m=BRK)",Intrepid_Dance_9303,merval,1,2024-12-22 12:25:18,t1_m2sxr9v,t3_1hhjrop,comment
m2wu4dm,Trascender el samsara.,AntiqueConflict5295,merval,2,2024-12-19 21:52:41,t1_m2ucf7l,t3_1hhjrop,comment
m2wu8e3,Such is our fate...,AntiqueConflict5295,merval,1,2024-12-19 21:53:22,t1_m2rv0to,t3_1hhjrop,comment
m2tl5cl,"mysterious silky soft afterthought unpack dolls spark follow jeans quickest

 *This post was mass deleted and anonymized with [Redact](https://redact.dev/home)*",rogue-fox-m,merval,7,2024-12-19 10:47:14,t1_m2rzyz9,t3_1hhjrop,comment
m2s04au,"ah, y brasil regalado. Prendio Lula la maquinita y el banco central de Brasil actualizó la tasa.

cósmico.",peperinna,merval,15,2024-12-19 01:46:10,t1_m2rzyz9,t3_1hhjrop,comment
m2s2kx0,Hmmmmm... pijazo 🤤🤤🤤,perro_salado,merval,16,2024-12-19 02:05:35,t1_m2rv6mo,t3_1hhjrop,comment
m2wcac1,"si bueno, intel",ZiYu14,merval,1,2024-12-19 20:02:28,t1_m2uezv3,t3_1hhjrop,comment
m2uer9a,Igualmente te sacas la lotería y tas. Lo jodido es mantenerse millonario,Signal_Spot_9500,merval,7,2024-12-19 13:36:45,t1_m2u3btr,t3_1hhjrop,comment
m2wbsg0,"A resignarse a conseguir mas dinero entonces, si ya se la respuesta para que me molesto",Juanchopper,merval,2,2024-12-19 19:59:27,t1_m2u3btr,t3_1hhjrop,comment
m2yzf7j,Ganar millones,Radaman7is,merval,1,2024-12-20 09:13:08,t1_m2u3btr,t3_1hhjrop,comment
m2vhezx,esta esperando el dip para comprar,CarusoLombardi,merval,2,2024-12-19 17:13:56,t1_m2tkvc3,t3_1hhjrop,comment
m2w5241,Es su plan para quemarlo y revalorizar el usd /s,Organization_Aware,merval,1,2024-12-19 19:20:29,t1_m2tkvc3,t3_1hhjrop,comment
m2xobwv,"24% de su capital vs su rango normal de 16-21

Nada alarmante",kdolmiu,merval,0,2024-12-20 01:10:58,t1_m2tkvc3,t3_1hhjrop,comment
m2v9bub,"estoy preparando pochoclos para ver a Trum y Musk meterse con la motoguadaña y la motosierra a full, a ver que pinta. De momento, comprar todo lo que se pueda.",peperinna,merval,5,2024-12-19 16:30:28,t1_m2tl5cl,t3_1hhjrop,comment
m2w5f5m,No me entere de nada xd me explicas como si fuera de boca?,Organization_Aware,merval,2,2024-12-19 19:22:33,t1_m2tl5cl,t3_1hhjrop,comment
m2s1iwx,Pero l puta madre. 6 meses re tranquilos y me voy de vacaciones en el más divertido. Bueno... A comprar cosas de Brasil con el aguinaldo entonces,AstronomerDiligent53,merval,4,2024-12-19 01:57:15,t1_m2s04au,t3_1hhjrop,comment
m2ufab9,Y no cualquier pijaso uno financiero,Signal_Spot_9500,merval,2,2024-12-19 13:39:33,t1_m2s2kx0,t3_1hhjrop,comment
m2wqbyt,"No. Intel Aparte es un desastre a nivel financials 

Hablar de ATH solamente es muy simplista y no entiendo como hay personas que invierten exclusivamente si algo está en su LTH o ATH. Si algo está en ATH x3 de su valor más bajo, pero su revenue, net margins/ebitda están x10, solo porque es ATH no lo vas a comprar? SI algo está en su LTH pero los financials dicen que se funde o la empresa se manda cagada tras cagada (Intel) lo vas a comprar?",PiscisKnight,merval,1,2024-12-19 21:29:11,t1_m2wcac1,t3_1hhjrop,comment
m2ukz7q,"para mi si alguien de clase media/baja se gana la loteria, lo mas probable es que solo sea cuestión de tiempo para que vuelva a ser de clase media/baja",william_323,merval,3,2024-12-19 14:09:47,t1_m2uer9a,t3_1hhjrop,comment
m2wsmxf,"fear trees spectacular sheet tan wipe quack steep unique six

 *This post was mass deleted and anonymized with [Redact](https://redact.dev/home)*",rogue-fox-m,merval,6,2024-12-19 21:43:31,t1_m2w5f5m,t3_1hhjrop,comment
m2s2tyf,"Peor era volver con el peronismo y tener saqueos y un dólar 20% más, desabastecimiento, etc. Ah, y cortes de luz: este año igual es un verano fresco, 20°C promedio las últimas semanas",peperinna,merval,-8,2024-12-19 02:07:37,t1_m2s1iwx,t3_1hhjrop,comment
m2wk2xo,La estadística está de tu lado,No_Depth6292,merval,5,2024-12-19 20:50:24,t1_m2ukz7q,t3_1hhjrop,comment
m2xqlyw,"Ty

Sad tenia fe en esta bajada de tasas pero bueno",Organization_Aware,merval,2,2024-12-20 01:27:55,t1_m2wsmxf,t3_1hhjrop,comment
m2s3lx2,"Na, peor era con una invasión alienígena que al captar transmisiones de los 90 y se convirtieron en peronistas dictadores(como el generalísimo). Encima una vez que estás en los centros de concentración te alimentan puramente a tortitas negras y menta granizada y suena 24/7 "" despacito""(o tema similar actual)

Eeeeeee",AstronomerDiligent53,merval,3,2024-12-19 02:14:01,t1_m2s2tyf,t3_1hhjrop,comment
m17gmoy,[deleted],[deleted],merval,55,2024-12-09 12:43:15,t3_1haccbk,t3_1haccbk,comment
m17fp0c,Buenisimo (?,Superaden,merval,19,2024-12-09 12:38:07,t3_1haccbk,t3_1haccbk,comment
m17kyh4,"Yo compré cuando valía menos que un dólar, avise en un grupo de FB cuando lo hice y me quisieron matar, que era un boludo y demás, ahora miran de afuera como metí un +400%",Present_Mail94,merval,47,2024-12-09 13:06:32,t3_1haccbk,t3_1haccbk,comment
m17gd02,"Rally, ya arrancaron?",PowerfulScallion_,merval,9,2024-12-09 12:41:47,t3_1haccbk,t3_1haccbk,comment
m17o2np,Si tuvo una subida tan fuerte yo tomaría mis ganancias.  Quizás no todo pero definitivamente tomaría ganancias. No se que vayas a hacer OP pero tené cuidado de salir a tiempo,SimilarBeautiful2207,merval,11,2024-12-09 13:23:15,t3_1haccbk,t3_1haccbk,comment
m18drsf,Me parece q vendo a la mierda meli y compro esa,Mammoth-Law-1291,merval,3,2024-12-09 15:35:54,t3_1haccbk,t3_1haccbk,comment
m1aed7c,Porque en cocos ese cdear cuesta 5 mil y en tu foto 26 mil?,Traditional-Art-1025,merval,3,2024-12-09 22:12:59,t3_1haccbk,t3_1haccbk,comment
m17fuxb,Bien ahí,don_maidana,merval,6,2024-12-09 12:39:01,t3_1haccbk,t3_1haccbk,comment
m17hdfh,Se viene?,Azhurkral,merval,2,2024-12-09 12:47:17,t3_1haccbk,t3_1haccbk,comment
m17ln5s,"Buenas! Que app es? Va bien? Estoy buscando una así y no sé bien cuál va ""mejor"" hoy en día.",paraisoinfernal,merval,2,2024-12-09 13:10:13,t3_1haccbk,t3_1haccbk,comment
m17tlii,"Me pasó con nvidia el año pasado, vendi a 100 usd x acción y siguió subiendo xd.",Furiusao_xD,merval,2,2024-12-09 13:52:10,t3_1haccbk,t3_1haccbk,comment
m17uogp,"Me dice galperin que la sigas holdeando... tambien me dice que nos avisa cuando venda. Le acabo de decir que no tengo ese papel, pero que avise nomas, que les paso la data.",Creepy_Spread_2074,merval,2,2024-12-09 13:57:46,t3_1haccbk,t3_1haccbk,comment
m19mg96,"Comento como varios de acá, si no saben , yo por un datito que me miraron vendi el auto y compré a 0.5 dólares por acciones. Me estoy mudando a Dubai, creo que dejo Reddit amigos, suerte.",Necessary_Layer-,merval,2,2024-12-09 19:28:19,t3_1haccbk,t3_1haccbk,comment
m17gpoi,Por que compraste ese?,Strange-Variation-23,merval,1,2024-12-09 12:43:42,t3_1haccbk,t3_1haccbk,comment
m17lykg,Hola! Qué app es y cómo compraste? Es todo a través de la misma app?,maximolasso,merval,1,2024-12-09 13:11:55,t3_1haccbk,t3_1haccbk,comment
m17y73f,Que aplicación es esa?,Rodribzn,merval,1,2024-12-09 14:16:10,t3_1haccbk,t3_1haccbk,comment
m17zrdu,"Salí en 3 dolares.  
que lo re pario.",ResponseEastern1458,merval,1,2024-12-09 14:24:15,t3_1haccbk,t3_1haccbk,comment
m186ucb,Que app usas?,notya1000,merval,1,2024-12-09 15:00:16,t3_1haccbk,t3_1haccbk,comment
m1883ns,Que app es?,amesslikethis,merval,1,2024-12-09 15:06:44,t3_1haccbk,t3_1haccbk,comment
m18bwkz,"uy amigo considera vender esa cosa ya que es mas volatil que la mierda, no es una empresa como para quedarse a largo me parece-",Worldly_Ad7268,merval,1,2024-12-09 15:26:21,t3_1haccbk,t3_1haccbk,comment
m18ezu6,donde compras cedears?,lorraineletueur,merval,1,2024-12-09 15:42:11,t3_1haccbk,t3_1haccbk,comment
m18pl4n,por qué lo habias comprado?,Organic_Pumpkin_6836,merval,1,2024-12-09 16:36:39,t3_1haccbk,t3_1haccbk,comment
m18wkbf,q app usas para comprar cedear ?,crying_lemon,merval,1,2024-12-09 17:12:36,t3_1haccbk,t3_1haccbk,comment
m18x42e,Algo para recomendarme?,martua01,merval,1,2024-12-09 17:15:28,t3_1haccbk,t3_1haccbk,comment
m18yqs2,Hace 1 año lo compre a 1700 y recién ahora tomo vuelo.. En el medio bajo subió bajo..,Lefthanded-f477,merval,1,2024-12-09 17:23:59,t3_1haccbk,t3_1haccbk,comment
m19gbcj,Que app es,DescriptionThen1370,merval,1,2024-12-09 18:54:54,t3_1haccbk,t3_1haccbk,comment
m19m69s,Rick siempre habló de SATL,Subject_Operation_88,merval,1,2024-12-09 19:26:48,t3_1haccbk,t3_1haccbk,comment
m1a0oar,"lastima no compraste mas y lastima no me llego el dato :( xD yo no me jugaria tanto a largo, asi como subio terriblemente en un mes puede caer, tomar buen % de ganancias disfrutarla y no ser tan ambicioso",M4tut310,merval,1,2024-12-09 20:51:00,t3_1haccbk,t3_1haccbk,comment
m1chd04,Como haces para comprar? En que plataforma? Me sirve porque quiero probar empezar a invertir al menos un poquito ahí,Fun_Bed925,merval,1,2024-12-10 08:57:09,t3_1haccbk,t3_1haccbk,comment
m1ef827,Para mi vendela ya le hiciste profit y el market cap es malísimo. Fíjate en finviz,otondonicolas,merval,1,2024-12-10 15:52:56,t3_1haccbk,t3_1haccbk,comment
m1itieq,Ahora compro asi baja un 1000%,Nachouiteq,merval,1,2024-12-11 10:43:32,t3_1haccbk,t3_1haccbk,comment
m1iwgu6,Que app es esa?,VonPhoronngo,merval,1,2024-12-11 11:02:47,t3_1haccbk,t3_1haccbk,comment
m1jonnk,"Gracias x avisar!   Ahora mando un mensaje mas rapido que la luz, asi viaja al pasado, y compro eso en lugar de $LUNA.",Bernardo-Gui,merval,1,2024-12-11 13:41:31,t3_1haccbk,t3_1haccbk,comment
m1m4p4i,"Hola amigo cómo estás, pregunto qué app estás ocupando, no me estoy fiando de los que siempre me aparecen, donde puedo empezar para invertir en una app y comprar eso hace bastante estoy ahorrando y comprar e invertir",MaverickBC2246,merval,1,2024-12-11 21:16:10,t3_1haccbk,t3_1haccbk,comment
m1rnzdw,Me pasó igual.  Me arrepiento de no haber comprado más.,lagaby66,merval,1,2024-12-12 19:43:28,t3_1haccbk,t3_1haccbk,comment
m1x9g6w,"Planificación financiera, objetivos claros y activos para rotación. Carry o renta fija para la liquidez",EnvironmentalPool614,merval,1,2024-12-13 18:36:31,t3_1haccbk,t3_1haccbk,comment
m17pcjr,brubank funciona?,Subject_Advice2852,merval,0,2024-12-09 13:29:58,t3_1haccbk,t3_1haccbk,comment
m17hnym,"q onda los cedear, funciona como cualquier accion? porque inverti hace 60 dias en nvidia y un par mas y masomenos gane 10 usd nomas, re poco, hasta por ahi el mercado pago me daba mas",tradicionjav,merval,-7,2024-12-09 12:48:52,t3_1haccbk,t3_1haccbk,comment
m17hzoe,Gracias,Argentinotriste,merval,4,2024-12-09 12:50:37,t1_m17gmoy,t3_1haccbk,comment
m17fsln,"Sí, no se porque subió tanto",Argentinotriste,merval,3,2024-12-09 12:38:40,t1_m17fp0c,t3_1haccbk,comment
m199fzj,"Pero lrpm avisa acá. Que grupo se facebook.
Hace años q vengo buscando alguna Penny stock (o lo más parecido que se pueda en cedear) y siempre llego tarde",chabon22,merval,27,2024-12-09 18:19:03,t1_m17kyh4,t3_1haccbk,comment
m1a5jds,En qué grupo de FB tas metido maestro?? Tengo ganas de comprar cedears pero estoy verde,Odd_Assumption58,merval,5,2024-12-09 21:19:53,t1_m17kyh4,t3_1haccbk,comment
m198xrv,Y cuánto invertiste?,Leezard_Valeth,merval,2,2024-12-09 18:16:27,t1_m17kyh4,t3_1haccbk,comment
m17l5q6,Capo total !,Argentinotriste,merval,2,2024-12-09 13:07:37,t1_m17kyh4,t3_1haccbk,comment
m1aenho,"26.000 es lo que yo tengo, no el valor del cedear",Argentinotriste,merval,2,2024-12-09 22:14:42,t1_m1aed7c,t3_1haccbk,comment
m17ixcf,Gracías pa !,Argentinotriste,merval,1,2024-12-09 12:55:36,t1_m17fuxb,t3_1haccbk,comment
m17lv1q,"Es ""INVIU"", No se si sea buena app. Es la única que he usado.",Argentinotriste,merval,4,2024-12-09 13:11:23,t1_m17ln5s,t3_1haccbk,comment
m1a05lq,de ser verdad la proxima comparti el datito jajajaja,M4tut310,merval,2,2024-12-09 20:47:54,t1_m19mg96,t3_1haccbk,comment
m17hdzs,Porque soy positivo con las empresas argentinas y además la acción estaba barata.,Argentinotriste,merval,2,2024-12-09 12:47:21,t1_m17gpoi,t3_1haccbk,comment
m17ngr1,"INVIU es la app. Sí, se pueden comprar acciones, cedears, bonos, etc...",Argentinotriste,merval,2,2024-12-09 13:20:00,t1_m17lykg,t3_1haccbk,comment
m18ejpu,Inviu,Argentinotriste,merval,1,2024-12-09 15:39:53,t1_m17y73f,t3_1haccbk,comment
m18dlkk,Inviu,Argentinotriste,merval,1,2024-12-09 15:35:01,t1_m186ucb,t3_1haccbk,comment
m18dmf7,Inviu,Argentinotriste,merval,1,2024-12-09 15:35:09,t1_m1883ns,t3_1haccbk,comment
m18wbyg,Con un broker,Argentinotriste,merval,1,2024-12-09 17:11:24,t1_m18ezu6,t3_1haccbk,comment
m18wzwh,Inviu,Argentinotriste,merval,1,2024-12-09 17:14:52,t1_m18wkbf,t3_1haccbk,comment
m18xkhi,No puedo recomendar nada porque no soy experto.,Argentinotriste,merval,1,2024-12-09 17:17:51,t1_m18x42e,t3_1haccbk,comment
m1d5mv3,Inviu uso yo,Argentinotriste,merval,1,2024-12-10 11:49:58,t1_m1chd04,t3_1haccbk,comment
m1j7tyx,Inviu,Argentinotriste,merval,2,2024-12-11 12:11:21,t1_m1iwgu6,t3_1haccbk,comment
m1meu7u,[deleted],[deleted],merval,1,2024-12-11 22:17:13,t1_m1m4p4i,t3_1haccbk,comment
m17kllp,"Estás comprando una acción que ya voló hermano, si querés mejores resultados tenés que ir por empresas que estén en piso (más riesgo más ganancia)",Present_Mail94,merval,12,2024-12-09 13:04:36,t1_m17hnym,t3_1haccbk,comment
m17ztu5,"hobbies beneficial alive chop simplistic march bedroom cause lavish abounding

 *This post was mass deleted and anonymized with [Redact](https://redact.dev/home)*",rogue-fox-m,merval,10,2024-12-09 14:24:36,t1_m17hnym,t3_1haccbk,comment
m17l126,"60 dias dias para una acción, parece mas trading que otra cosa",heliz_10,merval,7,2024-12-09 13:06:55,t1_m17hnym,t3_1haccbk,comment
m18qzby,jajajja la gente que hay acá!,Organic_Pumpkin_6836,merval,2,2024-12-09 16:43:48,t1_m17hnym,t3_1haccbk,comment
m19zusn,"pasa que es una accion que esta volada, peleando con maximos historicos, por ahi los rompe y se vuela de nuevo, pero en caso de nvidia hace unos 50 dias que lateraliza, sube y baja, si pegas 5% capaz te conviene vender esperar q baje y volver a comprar, no te quedes afuera si se vuela no mas jajaja y como te dicen, creo que en dos meses el CCL bajo como 5% eso te come tu ganancia real del cedear que cotiza en dolares",M4tut310,merval,2,2024-12-09 20:46:07,t1_m17hnym,t3_1haccbk,comment
m17iuoj,Tengo entendidon que sí,Argentinotriste,merval,1,2024-12-09 12:55:13,t1_m17hnym,t3_1haccbk,comment
m19igbe,"Sino vendiste, no ganaste.",Last_Cheetah8981,merval,1,2024-12-09 19:06:24,t1_m17hnym,t3_1haccbk,comment
m19ov7a,"Primero compraste tarde.

Segundo que ni siquiera viste el tipo de RATIO que debe tener. Es obvio que vas a a ganar poco",halconnegro_2006,merval,1,2024-12-09 19:41:51,t1_m17hnym,t3_1haccbk,comment
m17nh64,Van a venderla ,Advanced_Path,merval,7,2024-12-09 13:20:04,t1_m17fsln,t3_1haccbk,comment
m19fadi,"Por lo general en FB me dan más bola, acá se toman todo a modo burla o modo profesional desvalorizando cualquier cosa que uno diga. Compra cdears de Brasil que están regalados hermano, PFE y WBA tbmn",Present_Mail94,merval,22,2024-12-09 18:49:29,t1_m199fzj,t3_1haccbk,comment
m1ex350,Espero que hayas comprado WBA xq te avisé y hoy voló un 18%  en usd 🚀,Present_Mail94,merval,2,2024-12-10 17:25:38,t1_m199fzj,t3_1haccbk,comment
m1cin6c,Club argentino de inversores,Present_Mail94,merval,5,2024-12-10 09:08:30,t1_m1a5jds,t3_1haccbk,comment
m1civtk,"La data está en libros y moverse en círculos de gente que sabe. No en yt, los youtubers cobran cometa por recomendar activos de mierd. cómo las ON, busca buenos libros y empezá a moverte en círculos de personas más ambiciosas, quizás yt lo usaría para aprender de conceptos básicos y nada más, en los libros tenés data a montones",Present_Mail94,merval,3,2024-12-10 09:10:36,t1_m1a5jds,t3_1haccbk,comment
m19f3vd,500 doli,Present_Mail94,merval,4,2024-12-09 18:48:31,t1_m198xrv,t3_1haccbk,comment
m17ls5j,"Ahora estoy acumulando acciones de Brasil rotando una porción que tenía en china y vendiendo gran parte de satl, estoy comprando BBD, biox, brfs y farmacéuticas como Pfe y wba. Éxitos hermano",Present_Mail94,merval,16,2024-12-09 13:10:58,t1_m17l5q6,t3_1haccbk,comment
m1aes3o,O sea invertiste mil pesos aprox?,Traditional-Art-1025,merval,2,2024-12-09 22:15:29,t1_m1aenho,t3_1haccbk,comment
m17kgl4,No es argentina jajaja,Present_Mail94,merval,4,2024-12-09 13:03:50,t1_m17hdzs,t3_1haccbk,comment
m18cqjg,Gracias!,maximolasso,merval,1,2024-12-09 15:30:35,t1_m17ngr1,t3_1haccbk,comment
m18gp19,Pero necesitas un asesor no?,otromasquedibuja,merval,1,2024-12-09 15:50:51,t1_m17ngr1,t3_1haccbk,comment
m191588,que broker me recomendas?,lorraineletueur,merval,1,2024-12-09 17:36:26,t1_m18wbyg,t3_1haccbk,comment
m1j9aom,Gracias,VonPhoronngo,merval,1,2024-12-11 12:19:34,t1_m1j7tyx,t3_1haccbk,comment
m1mf99f,Porque no me aparece los comentarios ?,MaverickBC2246,merval,1,2024-12-11 22:19:44,t1_m1meu7u,t3_1haccbk,comment
m1mg0f1,"pude leer ahora, mil gracias lo voy a probar.",MaverickBC2246,merval,1,2024-12-11 22:24:18,t1_m1meu7u,t3_1haccbk,comment
m17lexd,la estoy holdeando hace 60 dias pero no gano mas que el mercado pago,tradicionjav,merval,-10,2024-12-09 13:08:58,t1_m17kllp,t3_1haccbk,comment
m19df80,Info clave a tener en cuenta !!!,DICK_H3AD,merval,1,2024-12-09 18:39:40,t1_m17ztu5,t3_1haccbk,comment
m1adw98,"gracias, uno de los pocos mensajes que no me domo ni me alecciono, ni me bardeo kjj",tradicionjav,merval,1,2024-12-09 22:10:09,t1_m19zusn,t3_1haccbk,comment
m17njw3,Aaaaah por eso,Argentinotriste,merval,2,2024-12-09 13:20:29,t1_m17nh64,t3_1haccbk,comment
m1exbk6,"No llegue ayer, no tenía la liquidez jajajaja.
Pero un amigo si así q Gracias.

Voy a tener en la mira algunas brasileras y Pfizer para rotar ahora cuando libero algo de plata de un fondo.",chabon22,merval,1,2024-12-10 17:26:52,t1_m1ex350,t3_1haccbk,comment
m1ejacv,Seguro? Busque ese grupo y aparecen más ventas de propiedades que tópicos sobre inversiones,Key_Lengthiness1049,merval,1,2024-12-10 16:13:56,t1_m1cin6c,t3_1haccbk,comment
m1cne9b,"Buenas, que libro recomiendas para aprender?",Loose_Coyote4580,merval,1,2024-12-10 09:47:55,t1_m1civtk,t3_1haccbk,comment
m1cwy6h,"Que libros, videos y comunidades aconsejas?",MentalTelevision844,merval,1,2024-12-10 10:55:28,t1_m1civtk,t3_1haccbk,comment
m1ar0j1,Oye y que valor especial tienen las farmaceutas ahora que pueda hacer que se disparen?,PsychologicalMind741,merval,1,2024-12-09 23:30:34,t1_m19f3vd,t3_1haccbk,comment
m1fdfpv,"Interesantes tus recomendaciones, incluso desde el lado del análisis Técnico y veo que WBA parece estar saliendo de un pozo. No me confiaría mucho del 18% de hoy. Creo que va a corregir eso pronto. Ya lo hizo hace unos días. Sin embargo, eso no significa que no vaya de subida en la semana y siga. Me animaría a decir que volverá a 5000 en los próximos meses.  
  
 Me voy a sentar a ver las otras recomendaciones. Gracias por la data y el llamado de atención.",Real_Barracuda_6851,merval,2,2024-12-10 18:49:18,t1_m17ls5j,t3_1haccbk,comment
m17zyju,Que capo,SniKDror,merval,0,2024-12-09 14:25:16,t1_m17ls5j,t3_1haccbk,comment
m1af0oj,"No recuerdo cuanto, pero muy poco.",Argentinotriste,merval,2,2024-12-09 22:16:57,t1_m1aes3o,t3_1haccbk,comment
m17rwsm,"Si es:
https://es.m.wikipedia.org/wiki/Satellogic",r4miro,merval,3,2024-12-09 13:43:24,t1_m17kgl4,t3_1haccbk,comment
m17kjqk,Uhhh enserio ? Pensé que sí,Argentinotriste,merval,0,2024-12-09 13:04:19,t1_m17kgl4,t3_1haccbk,comment
m18gtaw,Es opcional. Yo no uso asesor.,Argentinotriste,merval,1,2024-12-09 15:51:27,t1_m18gp19,t3_1haccbk,comment
m17m6mz,"Ni siquiera te tomaste el tiempo de leer lo que dije hdp jaja,
Yo lo compré antes del boom a Nvidia y en hold lo tengo en +580% se comió varios años de MP, pero lo sostuve mucho más que 60 días.

Si querés mejores resultados no sigas la tendencia, aprende sobre ciclos, y anticipate al mercado. Sino invertí en renta fija y fue, la renta variable no es para todos",Present_Mail94,merval,24,2024-12-09 13:13:07,t1_m17lexd,t3_1haccbk,comment
m1alhb7,"Si lo que buscas es una gran ganancia en corto plazo, hoy en dia ninguna de las big tech te lo dara, maximo un 10% y ya rebotaran los precios, yo compre amzn hace 15 dias, en dolares subio como 12%, en pesos 7% ya esta con los indicadores saturados, creo que mañana la vendo y espero que rebote, no fue consejo de inversion no estoy capacitado para eso, estudiando dia a dia :D",M4tut310,merval,1,2024-12-09 22:56:08,t1_m1adw98,t3_1haccbk,comment
m17p41h,Si. Dicen que es por un nuevo contrato con la NASA pero leí que hay rumores de venta. Subió demasiado. ,Advanced_Path,merval,14,2024-12-09 13:28:43,t1_m17njw3,t3_1haccbk,comment
m1eyajr,"Me alegro hermano, son para mantener a largo plazo, recién cuando estén arriba del 200% de valor actual pensaría en ir vendiendo parcialmente",Present_Mail94,merval,1,2024-12-10 17:31:53,t1_m1exbk6,t3_1haccbk,comment
m1ek1ev,"Acabo de fijarme y no hay ni una propiedad hermano jaja, es todo sobre bolsa 🤣",Present_Mail94,merval,1,2024-12-10 16:17:52,t1_m1ejacv,t3_1haccbk,comment
m1cxaam,"Todos los de Alejandro Romero, en orden, si querés un centro hermano yo te puedo ayudar",Present_Mail94,merval,3,2024-12-10 10:57:39,t1_m1cne9b,t3_1haccbk,comment
m1cxk6t,"Cómo dije antes videos no, comunidades? No. Con entorno me refiero a buscar el círculo social donde se mueven las personas que invierten en bolsa, cambiar ideas con ese tipo de personas siempre trae buena data, suelen tener más experiencia que uno y les encanta hablar de su plata jaja.
Libros depende de tu edad, pareces chico, tírame un DM",Present_Mail94,merval,2,2024-12-10 10:59:27,t1_m1cwy6h,t3_1haccbk,comment
m1ci7qa,"Abrí el gráfico, las que mencioné están en piso y ambas son colosos de la industria, Pfe está creando un nuevo producto y wba presenta siempre buenos balances, literalmente en mís comentarios explico mis fundamentos para cualquier compra (precio barato + análisis fundamental)",Present_Mail94,merval,3,2024-12-10 09:04:47,t1_m1ar0j1,t3_1haccbk,comment
m1ewwro,Viste WBA? Metió 18% hoy en usd 🚀,Present_Mail94,merval,0,2024-12-10 17:24:43,t1_m1ar0j1,t3_1haccbk,comment
m1gc5mv,"Wallgreen boots está en el top 20 empresas que más facturan en USA, la caída no respalda sus fundamentales, factura más que antes, con menos costos, con más ventas, pero la acción vale menos? Está en los 10dlls y tranquilamente debería estár en los 40 si los números no me fallan, será cuestión de tiempo, confiar en los balances, y creer qué no estén metiendo mano negra",Present_Mail94,merval,2,2024-12-10 22:09:01,t1_m1fdfpv,t3_1haccbk,comment
m18prh1,en cualquier comento lo contrata Black Rock,Organic_Pumpkin_6836,merval,6,2024-12-09 16:37:32,t1_m17zyju,t3_1haccbk,comment
m1exazm,🙌 buenas inversiones,Present_Mail94,merval,1,2024-12-10 17:26:47,t1_m17zyju,t3_1haccbk,comment
m17ukie,"Fundada acá, con la producción en Uruguay y base comercial en Europa, cotiza en el NASDAQ y no en el MERVAL. Literalmente desde el 2016 todo lo que han hecho no ha sido nada en argentina. Se llama Juan pero le dicen Pedro jajaja",Present_Mail94,merval,-1,2024-12-09 13:57:12,t1_m17rwsm,t3_1haccbk,comment
m17mhc4,"pero las acciones tienden a subir siempre igual, la voy a seguir holdeando el tema es que es muy poco, no sera que los cedear dan menos %?",tradicionjav,merval,-8,2024-12-09 13:14:42,t1_m17m6mz,t3_1haccbk,comment
m1eyz5p,"Hay alguna idea o estrategia asociada a esto? Onda Pfizer la veo muy baja si pero no sé si hay algo que estén trabajando que soporte crecimiento en los prox. Año.

Brasil tmb estaba viendo que se está devaluando el real pero no encontré mucho sobre peoyeciones a futuro.",chabon22,merval,1,2024-12-10 17:35:24,t1_m1eyajr,t3_1haccbk,comment
m1eknf5,Entonces estoy en el grupo de Facebook equivocado lpm jajaja. Pero se llama igual jajaja. Gracias por revisar,Key_Lengthiness1049,merval,1,2024-12-10 16:21:00,t1_m1ek1ev,t3_1haccbk,comment
m1cxu6u,"Joya, si, me gustaría, si querés hablame por privado o nose como más prefieras hacer",Loose_Coyote4580,merval,1,2024-12-10 11:01:16,t1_m1cxaam,t3_1haccbk,comment
m1cz9uw,Listo,MentalTelevision844,merval,1,2024-12-10 11:10:39,t1_m1cxk6t,t3_1haccbk,comment
m1ex83l,"Ojalá, pero tiré WBA ayer y espero que hayas comprado, hoy subió 18% en usd 🚀",Present_Mail94,merval,0,2024-12-10 17:26:22,t1_m18prh1,t3_1haccbk,comment
m18v8gb,"> desde el 2016 todo lo que han hecho no ha sido nada en argentina.

Salvo todos los ingenieros",Moebiuzz,merval,3,2024-12-09 17:05:40,t1_m17ukie,t3_1haccbk,comment
m17wit9,Bajo ese criterio Mercadolibre tampoco es argentina..,r4miro,merval,5,2024-12-09 14:07:24,t1_m17ukie,t3_1haccbk,comment
m17nhy4,"""las acciones tienden a subir siempre"" claramente sos algo nuevo en esto así que te voy a tener paciencia jaja, yo hace 8 años invierto en bolsa.

Fíjate empresas como ggal o como WBA, no todo sube siempre


""No será que los cdears dan menos %"" por eso te dije que no me lees, tomate el tiempo de leer y no saques tu info de youtubers jaja, el % depende del riesgo que asumas, si compras Coca-Cola, nunca te va a dar el mismo % que ponele banco macro, xq son 2 riesgos completamente diferentes, Nvidia tmbn es cdear y te estoy diciendo que me dio más de 500%, más de lo que me ha dado btc...
Por ejemplo, tengo cdears de china (riesgo alto) y hoy JD, Baba, Nio, Bidu están subiendo entre 8% y 13% en un solo día.

Te falta más texto, más experiencia, pero nunca compares renta fija con Renta variable, es como comparar unos fideos con manteca con un Ferrari, literalmente no tienen nada de similar",Present_Mail94,merval,18,2024-12-09 13:20:11,t1_m17mhc4,t3_1haccbk,comment
m1f2oln,"Pfe es el coloso de las farmacéuticas, balances positivos y están trabajando en un medicamento contra la obesidad, si llega a funcionar va a volar y mantenerse como el coloso que siempre fue
Brasil está súper rezagado y es un país cíclico como todo país emergente, claramente está en un subsuelo, si compras BRA agarra empresas que den buenos balances, como las que te mencioné 
China tmbn me encanta, este año estuvo subiendo bastante, pero EEUU lo mantiene enjaulado",Present_Mail94,merval,1,2024-12-10 17:54:19,t1_m1eyz5p,t3_1haccbk,comment
m1exfu6,"Se llama así y dice ""C.A.I"" en la portada, no hay de que hermano",Present_Mail94,merval,1,2024-12-10 17:27:30,t1_m1eknf5,t3_1haccbk,comment
m1fiawu,"las perdidas no las cuenta nadie,no? picaro",Organic_Pumpkin_6836,merval,1,2024-12-10 19:14:57,t1_m1ex83l,t3_1haccbk,comment
m18pz0p,ni galperín tiene domicilio fiscal en Argentina,Organic_Pumpkin_6836,merval,3,2024-12-09 16:38:37,t1_m17wit9,t3_1haccbk,comment
m17wv82,"Marcos galperin acaba de patentar mercado banco, opera en la argentina, el único motivo que cotiza fuera del MERVAL es xq Meli es más grande que byma, entonces le queda chica.
Opera en argy. Produce e argy, da puestos de trabajo en argy, sigue innovando en argy y apuesta por argy, claramente no es lo mismo mí hermano, lo mismo pasa con Globant",Present_Mail94,merval,3,2024-12-09 14:09:12,t1_m17wit9,t3_1haccbk,comment
m18r7a9,el tipo se mandaba a invertir en renta variable sin tener idea de nada,Organic_Pumpkin_6836,merval,3,2024-12-09 16:44:57,t1_m17nhy4,t3_1haccbk,comment
m18up7q,"Buenas. Existe algo como ""saber invertir en bolsa""? No es todo timba a fin de cuentas? Perdón si estoy insultando algo a lo que te dedicás mucho. Si existe ¿Puedo llegar a saber de eso sin invertir tanto tiempo en aprender? O sea, ¿como concha iba a saber yo que Satellogic iba a pegar este salto? jaja

Me pasa q tengo cdears clásicos como NVIDIA, SPY, tengo Letras, tengo PF UVA y tengo 60% ON. Me siento una pija viendo como el peso sufre esta apreciación y por ende mis ON ya no son tan lucrativas. (festejo lo del peso, significa que mi sueldo vale más)

Soy ""el pibe renta fija"", si te fijas es todo bien conservador lo que hago, pero con esta apreaciación del peso, lo unico que me esta dando reditos hoy x hoy son los UVA y las letras en pesos.",SolidRaider,merval,2,2024-12-09 17:02:53,t1_m17nhy4,t3_1haccbk,comment
m19pkmg,"""Las acciones siempre suben""

Claro como pasó en Yahoo y Tupperware jajaja",halconnegro_2006,merval,1,2024-12-09 19:45:48,t1_m17nhy4,t3_1haccbk,comment
m1gzoa5,"China me da miedo que se vean con chances de hacer alguna boludez en Taiwan porque trump es un nabo q se encierra en usa.

No quiero una situación similar a Gazprom jajajja.",chabon22,merval,1,2024-12-11 00:39:14,t1_m1f2oln,t3_1haccbk,comment
m1ga8ql,"Justamente WBA jaja, mirá como venía, pero vine acumulando y promediando, el resto todas flechita para arriba, china tenía abajo pero voló, bbd venía flojo y repuntó, es parte de la estrategia que sigo, comprar en piso empresas que tengan buenos balances, y sostener hasta que el valor vuelva a lo que siempre debió ser, si baja en el proceso mejor para mí porque me permite acumular más, la única vez que perdí plata fue cuando arranque en esto, compré un bono que recomendó el boludo de marra (yo más boludo que el por hacerle caso) y perdí el 70% del capital que tenía,  gracias por preguntar 🙌",Present_Mail94,merval,1,2024-12-10 21:57:25,t1_m1fiawu,t3_1haccbk,comment
m17xtpe,"Entiendo tu punto, igual Satellogic hace desarrollo en argentina, mucho más que eso no puede hacer. Pero buenoa lo que yo iba es que por definicion es una empresa fundada en argentina, por más que la gran mayoría se haga afuera.",r4miro,merval,4,2024-12-09 14:14:14,t1_m17wv82,t3_1haccbk,comment
m18vqmg,"Obvio que existe ""saber invertir en bolsa"", timba es el casino.
Y no hablo de trading, hablo de mercado bursátil tradicional

NVIDIA no es renta fija, pero entraste cuándo todos hablaban seguramente, y cuándo todos hablan es porque lo emocionante ya pasó, lo importante es entender que el mercado es cíclico, se compra en pisos y se vende en techos, papeles que fundamentalmente tengan potencial de suba obvio

Yo no compro ni bonos ni Ons (bonos muy pocas veces, por ahí para aprovechar los contextos) 

Lo de la apreciación del peso lo resumiría con una frase célebre ""quien no conoce la historia está condenado a repetirla""",Present_Mail94,merval,4,2024-12-09 17:08:17,t1_m18up7q,t3_1haccbk,comment
m1gcpec,con que bono perdiste 70% del capital? con el al30 cuando se vino abajo en 2018?,Organic_Pumpkin_6836,merval,1,2024-12-10 22:12:22,t1_m1ga8ql,t3_1haccbk,comment
m185fiv,"un amigo trabajaba para satte y es argentina y trabajaba aca, mi humilde aporte (?) je",rafuxx,merval,1,2024-12-09 14:53:11,t1_m17xtpe,t3_1haccbk,comment
m18w5zu,"Entré a NVIDIA porque es de las pocas cosas que conozco y porque siempre se venden sus placas de video. Entonces, si bien no es renta fija, no me parece que tenga una super volatilidad. Voy a averiguar más. Saludos, gracias.",SolidRaider,merval,1,2024-12-09 17:10:31,t1_m18vqmg,t3_1haccbk,comment
m1gdx95,"No, también fue 2018 pero no me acuerdo el nombre del bono por la calentura que tenía, se reperfilo y dieron bonos que vencían en 2026, vendí esa pichila y me fui a appl, no tenía mucha idea lo que hacía sinceramente, y a eso lo mantuve hasta 2022, compré a 45 en 2019 y vendí a 170",Present_Mail94,merval,1,2024-12-10 22:19:49,t1_m1gcpec,t3_1haccbk,comment
m2k4s4l,"Donde esta la trampa? Uno simplemente no le gana a los bancos (lo dije con la pose de Boromir).

Edit: sigo sin encontrar la trampa. Igualmente el interés generado no vale la pena arriesgarse.",nombredeusuario1985,merval,102,2024-12-17 18:34:22,t3_1hgl8bm,t3_1hgl8bm,comment
m2k3ut2,500.000 máximo dice? Puede ser cierto.,suprimee,merval,30,2024-12-17 18:29:28,t3_1hgl8bm,t3_1hgl8bm,comment
m2k65j8,"Dice 0% CFT, no parece haber truco, lo sacas y lo pones a hacer tasa y te quedas el interés.",No_Cold5079,merval,115,2024-12-17 18:41:38,t3_1hgl8bm,t3_1hgl8bm,comment
m2kaoal,Por que nunca me salen esas a mi??,Ok_Wait4107,merval,28,2024-12-17 19:05:42,t3_1hgl8bm,t3_1hgl8bm,comment
m2k4521,"Pregúntale, saco 500 devuelvo 500 en cuotas? Si es que si perfecto",WSSquab,merval,20,2024-12-17 18:30:59,t3_1hgl8bm,t3_1hgl8bm,comment
m2kdaid,Si es tasa cero real. Ni lo dudes. Ponelo en caucion o bonos a 30 dias o el plazo de cuotas que tenga y te quedaste con todos los intereses,Formus,merval,22,2024-12-17 19:20:07,t3_1hgl8bm,t3_1hgl8bm,comment
m2kg0pp,"Lo podes sacar 1 vez como beneficio, yo lo hice para pagar la visa me vino de 10. Pensa que quedan bien por poca guita, son 500usd que recuperan y vos quedas chocho",mannamaker,merval,16,2024-12-17 19:35:16,t3_1hgl8bm,t3_1hgl8bm,comment
m2k54c9,"¿En dónde te sale ese préstamo? ¿Es una promo que te mandaron por correo? Se ve re conveniente, pero si simulo préstamo personal (y eso que cobro sueldo con ellos), me sigue tirando la misma tasa de siempre.",Huntware,merval,15,2024-12-17 18:36:11,t3_1hgl8bm,t3_1hgl8bm,comment
m2kcj6i,Que linda liquidez. Sos de simular o joder con los préstamos en general? Me gustaria descifrar de que manera lo asigna Galicia . 🫣🫣,IndependentOne9489,merval,8,2024-12-17 19:15:55,t3_1hgl8bm,t3_1hgl8bm,comment
m2lg3vn,"Creo que están intentando romper el hielo. Algo que se hace mucho en los video juegos con microtransacciones es ofrecerle a los jugadores que nunca compraron algo descuentos muy grandes, del orden del 80%-95%, ya que en general los jugadores son menos reacios a gastar si ya gastaron antes.

Galicia seguramente este intentando algo similar. Tal vez nunca sacaste un crédito con ellos, entonces te ofrecen uno sin costo para que lo saques y en un futuro veas con mejores ojos el sacar un préstamo tradicional.",MrBadTimes,merval,7,2024-12-17 23:13:32,t3_1hgl8bm,t3_1hgl8bm,comment
m2kgjdg,"Es posible si, a mi me salió con el banco ICBC el año pasado por tener la cuenta sueldo con ellos. Pedí el préstamo por el monto máximo ofrecido, lo puse a hacer tasa y no me cobraban nada de interés ni gastos administrativos, ni seguro nada, era la cuota limpia.

No me queda muy claro cual es la estrategia del banco de dar plata sin cobrar intereses. Quizás sea mantener clientes durante el tiempo pactado del préstamo. Aclaro también que el paquete bancario también lo tengo 100% bonificado, así que por ahí tampoco ganan nada.",mxv2007,merval,6,2024-12-17 19:38:10,t3_1hgl8bm,t3_1hgl8bm,comment
m2kaykq,Avisá como sale,sambuchedemortadela,merval,6,2024-12-17 19:07:15,t3_1hgl8bm,t3_1hgl8bm,comment
m2kkwl5,"Por ahí se la juegan a q te atrases con las cuotas y ahi te embocan? Si no, no entiendo...",InevitableBit2367,merval,4,2024-12-17 20:03:11,t3_1hgl8bm,t3_1hgl8bm,comment
m2k9bye,"Me interesa, a ver que onda",castlebanks,merval,3,2024-12-17 18:58:26,t3_1hgl8bm,t3_1hgl8bm,comment
m2kl4lh,No hay truco y es más yo me recordé Y terminé devolviendo el dinero un par de días más tarde cuando me llegó el WhatsApp diciendo de por qué no había apagado Y la verdad es que me recordé porque no te notifica ni te recuerda ni nada y no me cobraron ni un centavo de interés,peperinna,merval,4,2024-12-17 20:04:30,t3_1hgl8bm,t3_1hgl8bm,comment
m2kx58c,"me viene al pelo tu post porque me salio lo mismo pero pense ""alguna vuelta tiene que tener""

De todas formas no lo use porque por suerte no necesitaba urgente la plata y ponerlo a plazo fijo o algo de eso no es muuucha diferencia.

Avisame si lo hiciste y no tuviste ningun drama por fa",FedericoMercuy,merval,2,2024-12-17 21:17:11,t3_1hgl8bm,t3_1hgl8bm,comment
m2l3n7m,"El Galicia anda a full. Hace un mes pedí un préstamo que me ofrecían a 54%, CFTA de 94%",Working-Plantain-708,merval,2,2024-12-17 21:56:29,t3_1hgl8bm,t3_1hgl8bm,comment
m2l79mb,"un golazo si te salio eso, 3 años tengo estos guachos con muchos millones invertidos y no me dan ni la hora",milennium2,merval,2,2024-12-17 22:18:54,t3_1hgl8bm,t3_1hgl8bm,comment
m2lvydd,"En primera, como llegaste a que te ofrezcan ese crédito?",Puzzleheaded_Day_724,merval,2,2024-12-18 00:56:30,t3_1hgl8bm,t3_1hgl8bm,comment
m2rbh6y,"No parece descabellado, son menos de 500 dólares sin interés en 6 cuotas. Es como sacar un lavarropas en 6 cuotas sin interés.",MadMaxiAr,merval,2,2024-12-18 22:58:31,t3_1hgl8bm,t3_1hgl8bm,comment
m2khzyq,"500 mil en 6 cuotas, una garcha.",Walterargie,merval,1,2024-12-17 19:46:27,t3_1hgl8bm,t3_1hgl8bm,comment
m2lds79,"Sí, sin dudas. Metelo en alguna combinación de estas tres y olvidate: YPFD, GGAL o PAMP.",-escu,merval,1,2024-12-17 22:59:04,t3_1hgl8bm,t3_1hgl8bm,comment
m2lr5cc,"Che..pero esa no es la app galicia, yo la tengo y es distinto...de donde salio eso??",PurchaseLatter,merval,1,2024-12-18 00:24:22,t3_1hgl8bm,t3_1hgl8bm,comment
m2lu6nu,Esta en galicia mas ex hsbc?,pepegomez6969,merval,1,2024-12-18 00:44:36,t3_1hgl8bm,t3_1hgl8bm,comment
m2m5j46,"Estaría bueno armar una estrategia de préstamos, eso se puede? Por ejemplo pedir uno acá otro en otro banco etc, planeo invertir la guita en un negocio físico que se maneje solo y de el suficiente caudal para pagarse el préstamo mes a mes",Sassyfoxyy,merval,1,2024-12-18 02:07:17,t3_1hgl8bm,t3_1hgl8bm,comment
m2n94wg,"“Tasa cero” sino me acuerdo mal, significa que te prestan menos pero debes mas capital.  (O algo asi, no me acuerdo bien)
O sea, solamente es un tecnisismo; para saber el interes que pagar, tenes que mirar cuanta plata te dan y cuanta devolves. 

Ejemplo: tasa 0, te prestamos 100k sin interes! Pero te ponen que debes 100k, tenes que devolver 100k, hasta te lo dividen en cuotas todo…pero vas al banco y te depositaron 70k. 

Se entiende?

Bueno, puede ser que me este acordando mal. Pero era algo por el estilo.

Te lo enseñan en la escuela de negocios esto. 
Es la misma clase en la que te explican el sistema frances, aleman y el americano. 

Va bien con el sistema americano este tipo de prestamos, por si me preguntan.",hernanemartinez,merval,1,2024-12-18 08:54:47,t3_1hgl8bm,t3_1hgl8bm,comment
m2ogo9b,Es para que te quedes en el banco. Simple.,Psychological-Job556,merval,1,2024-12-18 13:34:23,t3_1hgl8bm,t3_1hgl8bm,comment
m2phs4c,Igualmente dicen que los impuestos son a tu cargo.... averigua de cuánto son... nadie regala nada,atun1977,merval,1,2024-12-18 16:48:30,t3_1hgl8bm,t3_1hgl8bm,comment
m2qqegx,"si me dieran esa oferta, haria la gran michael saylor.",Lacaffeina,merval,1,2024-12-18 20:49:48,t3_1hgl8bm,t3_1hgl8bm,comment
m2qsckq,"A mí me cagaron, toque en la parte de hipotecario y luego de ahí me vieron cara de boludo y me bloquearon jajaja.


Odio al Galicia, quería aprovechar el TNA a 55 :(",halconnegro_2006,merval,1,2024-12-18 21:01:37,t3_1hgl8bm,t3_1hgl8bm,comment
m2u7839,Ahí lo pedí también. Gracias por avisar. Jaja,Outrageous_Theme9229,merval,1,2024-12-19 12:56:23,t3_1hgl8bm,t3_1hgl8bm,comment
m2ugy98,"A mi me parece normal , la trampa debe swr que te tengan como cliente... se ahorran la plata del marketing, 

Pensalo de esta manera , a mi el nacion me presto 8m a 18 cuotas sin interés ( compre con una promo  algunas cosas en easy ) . Es mas plata de la que te ofrecieron y a mas cuota . Así que no lo veo raro",AlbondigadelSur,merval,1,2024-12-19 13:48:16,t3_1hgl8bm,t3_1hgl8bm,comment
m34jttx,Laburo en el galicia. Esa es una promo para clientes que nunca sacaron prestamos en su mayoría. Es de fidelización. Igual puede que al intentar sacar el préstamo te tire error y no te lo deje activar.,Murky-Ask-3420,merval,1,2024-12-21 09:11:32,t3_1hgl8bm,t3_1hgl8bm,comment
m2kghf5,"bueno, son menos de 500 usd, y si estas pensando en sacarlo para ponerlo en plazo fijo ahi mismo, sigue siendo negocio para el banco.",luxanimae,merval,1,2024-12-17 19:37:52,t3_1hgl8bm,t3_1hgl8bm,comment
m2kxrds,"Sacalo, metelo en bitcoin y pagalo en cuotas",tirateahora,merval,0,2024-12-17 21:20:54,t3_1hgl8bm,t3_1hgl8bm,comment
m2nrsdm,"Yo les digo dónde está la trampa, porque una vez me clavé con lo mismo en otro banco:

Te sacan una póliza de seguro obligatorio a tu nombre por debajo de la mesa. En algún lugar debe estar escrito, pero obfuscado entre los papeles que te hacen firmar te la ponen de dorapa.

Entonces mientras vos disfrutas de tu platita gratis, todos los meses te llega para pagar un cargo mensual por el seguro. Hasta que no devolvés toda la guita, no lo podés dar de baja.

Posta acá hay gente que piensa que le podés ganar a un banco en algo? Muchachos, pensé que r/merval era un lugar serio.",Kiba204,merval,-1,2024-12-18 11:12:48,t3_1hgl8bm,t3_1hgl8bm,comment
m2le1db,"no necesariamente tienen que ganar en todo (al menos no directamente). Te prestan $500 sin interes pero se aseguran de tenerte como cliente fiel. Cuanto podes generar con eso en 6 meses? poneeeeeeele 3% mensual con toda la furia. 90 dolares es lo que les sale el marketing de tenerte a vos como cliente en esos 6 meses como minimo, tranqui que a fin de año lo recuperan con el costo de las tarjetas.",TrollDeCuarta,merval,39,2024-12-17 23:00:39,t1_m2k4s4l,t3_1hgl8bm,comment
m2kytbe,"Sencillo, los bancos no saben que hacer con los pesos y los salen a repartir. Te sirve porque haces un historial crediticio para pedir mas y mayor credito a futuro, se les hace un win-win. Calcula que hoy cualquier banquito te regala 200 lucas en credito por llevar tu cuenta sueldo.

Convengamos que los montos son como para que te compres alguna heladera usada, pero si tenes alguna deudita de un par de cuotas de algo, te la financian.

PD: Si es por el interes ni me molesto. Siempre va a ser mayor el riesgo a estar metido con el banco que la ganancia, el día que te olvidaste de pagar la cuota los intereses del banco te comen los tuyos. Es como si tenes lumbalgia y ves una moneda de 5 pesos en la vereda y pensas si la levantas o no.

EDIT: Endeudarse para saldar otra deuda obviamente no es la mejor opción, pero ahi ya juega el balance de intereses. Elegí lo menos malo.",Zealousideal_Base927,merval,28,2024-12-17 21:27:18,t1_m2k4s4l,t3_1hgl8bm,comment
m2k3ytx,Un cero más. 500.000 si es verdad son 6 cuotas de 80. Regalado. Pero no se si después sube el interés o que.,NxcxRxmz,merval,22,2024-12-17 18:30:04,t1_m2k3ut2,t3_1hgl8bm,comment
m2k9cjr,"TEACH ME THE WAYS, MASTER",shanikz,merval,49,2024-12-17 18:58:32,t1_m2k65j8,t3_1hgl8bm,comment
m2lcxy0,Cómo se hace eso,megamartinicus,merval,3,2024-12-17 22:53:53,t1_m2k65j8,t3_1hgl8bm,comment
m2n9a69,"70 upvotes y contando…y con la burrada que dijiste. 

Increible.",hernanemartinez,merval,-4,2024-12-18 08:56:04,t1_m2k65j8,t3_1hgl8bm,comment
m2kcbtp,"mal boludo
yo re uso el galicia y la mejor tasa que me ofrecieron fue del 43% en normal y 8% en UVA",Zenyatta_2011,merval,31,2024-12-17 19:14:48,t1_m2kaoal,t3_1hgl8bm,comment
m2lst7y,"Tenés que ser un debedor serial, el negocio es que no pagues a tiempo, si cumplís siempre a regla no les sirve",0III,merval,1,2024-12-18 00:35:23,t1_m2kaoal,t3_1hgl8bm,comment
m2k5as7,Una notificación de la app.,NxcxRxmz,merval,10,2024-12-17 18:37:06,t1_m2k54c9,t3_1hgl8bm,comment
m2w68qz,A mi me llego un mail https://www.galicia.ar/personas/activacion-promo-prestamo-personal,santtiavin,merval,1,2024-12-19 19:27:13,t1_m2k54c9,t3_1hgl8bm,comment
m2lpbwi,Generalmente busca boludos que no puedan pagar,ImpossibleHot,merval,3,2024-12-18 00:12:27,t1_m2kcj6i,t3_1hgl8bm,comment
m2n7xts,A mi también pero me parece un montón y en 72 cuotas,Ok_Wait4107,merval,1,2024-12-18 08:43:47,t1_m2l3n7m,t3_1hgl8bm,comment
m2n7mpl,"todas las inversiones las transferí a IOL, nunca le pude sacar provecho a nivel ""financiero"".

Recién ahora mas o menos le estoy sacando provecho con ciertas promos para el Banco",techn0king,merval,2,2024-12-18 08:40:53,t1_m2l79mb,t3_1hgl8bm,comment
m2n9j9y,Literalmente me llego una notificación push al celu de eso y del plazo fijo al 33% jajajajaj,NxcxRxmz,merval,2,2024-12-18 08:58:21,t1_m2lvydd,t3_1hgl8bm,comment
m2n9qk0,"Te dan los 500k, a mí también me ofrecieron este préstamo. No hay ninguna trampa.

 El año pasado Supervielle hacía lo mismo.",szkasin,merval,1,2024-12-18 09:00:07,t1_m2n94wg,t3_1hgl8bm,comment
m2pu9ps,\+1 a esto pero yo iria DogeCoin 50x,SoyChorizoBTC,merval,2,2024-12-18 17:52:50,t1_m2kxrds,t3_1hgl8bm,comment
m2poxko,"Si te sacan poliza obligatoria tiene que estar incluido en el costo financiero total (CFT), que en el caso que muestra OP es cero. Quizas en tu caso te ofrecieron TNA o TEA 0% y despues te agregaron los otros costos.",AddressFair4059,merval,4,2024-12-18 17:25:47,t1_m2nrsdm,t3_1hgl8bm,comment
m2vhbbb,"saco prestamo, todo al rojo, le devuelvo al banco, profit",[deleted],merval,4,2024-12-19 17:13:23,t1_m2kytbe,t3_1hgl8bm,comment
m2lk2bs,no hay trampa yo con cuenta sueldo tuve un año adelantos de sueldo a tasa 0 y lo usé todos los meses,gazzpard,merval,7,2024-12-17 23:38:45,t1_m2k3ytx,t3_1hgl8bm,comment
m2kr52v,Te cobran lo que dicen ahí,ADVallespir,merval,2,2024-12-17 20:40:44,t1_m2k3ytx,t3_1hgl8bm,comment
m2n8ljt,Lo pones en otro banco a plazo fijo,hernanemartinez,merval,5,2024-12-18 08:49:53,t1_m2lcxy0,t3_1hgl8bm,comment
m2o9q9v,"Todos nos podemos equivocar, pero si no explicas el error nadie aprende nada...",No_Cold5079,merval,22,2024-12-18 12:56:57,t1_m2n9a69,t3_1hgl8bm,comment
m2nbxal,explicá para los hinchas de boca,SufficientDegree9919,merval,15,2024-12-18 09:19:00,t1_m2n9a69,t3_1hgl8bm,comment
m2kkrx0,"Que guachos, yo estuve 3 meses entrando a préstamos a ver si cambiaba la tasa.. siempre de 80/90%, ayer me ofrecieron a 74% y dije ya fueeee",bienalsur,merval,12,2024-12-17 20:02:25,t1_m2kcbtp,t3_1hgl8bm,comment
m2lvkf9,[removed],[deleted],merval,4,2024-12-18 00:53:50,t1_m2kcbtp,t3_1hgl8bm,comment
m2w8zs4,"Gracias por el link. Entré por ahí a ver si era tipo ""cupón de descuento"" pero nada, solamente abre el home banking. Fui a la parte de préstamos personales a simular como siempre, y no me sale lo de tasa 0%.

Quizás sea para clientes nuevos o que no hayan pedido un préstamo (no, tampoco tengo ninguno vigente).

Dejo captura con los montos simulados (probé 499.000 en sistema alemán por si acaso):  
[https://i.imgur.com/cHG2WCt.png](https://i.imgur.com/cHG2WCt.png)",Huntware,merval,1,2024-12-19 19:43:08,t1_m2w68qz,t3_1hgl8bm,comment
m2qy9q3,"Me vio boludeando por préstamos y me bloquearon los préstamos jajaja.

(Literalmente entre a las 4 opciones de préstamos, así me fue jajaja)",halconnegro_2006,merval,4,2024-12-18 21:37:36,t1_m2lpbwi,t3_1hgl8bm,comment
m2ndcef,"Es verdad, pero la única previsión de inflación que tenemos es el estimado del año que viene, que capaz que se vaya a la mierda o tal vez no, pero lo seguro es que no van a mantener niveles tan bajos de inflación durante cuatro años, por lo que se te va a licuar lo que vas a devolver",Working-Plantain-708,merval,1,2024-12-18 09:30:40,t1_m2n7xts,t3_1hgl8bm,comment
m2ncpzc,"Hablo de lo que significa “tasa cero” en la bibliografia. 

Despues aca anda a saber que se inventaron. 

Guita no estan regalando, eso te lo aseguro.",hernanemartinez,merval,1,2024-12-18 09:25:36,t1_m2n9qk0,t3_1hgl8bm,comment
m2t4lep,Gustos son gustos,tirateahora,merval,1,2024-12-19 08:38:19,t1_m2pu9ps,t3_1hgl8bm,comment
m2xqvw1,Ponele al rojo y al negro por las dudas,Organization_Aware,merval,1,2024-12-20 01:30:01,t1_m2vhbbb,t3_1hgl8bm,comment
m2oecsj,"Los prestamos tienen iva, iibbb y otros gastos de otorgacion que no hacen al cft",Confident-Yellow8180,merval,-2,2024-12-18 13:22:03,t1_m2n8ljt,t3_1hgl8bm,comment
m2qxzol,"Que puede no tener interés pero tiene impuestos. Y eso no está incluido en el CFT, sino en el CFTIVA.",halconnegro_2006,merval,0,2024-12-18 21:35:53,t1_m2nbxal,t3_1hgl8bm,comment
m2ky3l4,Jaja no hno,Ok_Wait4107,merval,4,2024-12-17 21:22:57,t1_m2kkrx0,t3_1hgl8bm,comment
m2lw8qn,"me ofrecen 12% sin promo

es mucho? gano en euros

me estan resultando mucho mas caros los prestamos tradicionales con la revaluacion del peso",Zenyatta_2011,merval,4,2024-12-18 00:58:27,t1_m2lvkf9,t3_1hgl8bm,comment
m2ndy99,"En la captura tenés todos los datos, CFTEA - TNA - TEA. Si ponés la plata en un plazo fijo vas a quedarte con ese interés. También podés patinártela, cada uno sabrá lo que hace.

Antes de confirmar el préstamo te sale el monto de cada cuota, si lo sumás te da 500k.",szkasin,merval,1,2024-12-18 09:35:33,t1_m2ncpzc,t3_1hgl8bm,comment
m2oiaiy,"El CFT es LITERALMENTE el costo total. 
Tiene que estar incluido sino no es CFT.",hernanemartinez,merval,13,2024-12-18 13:42:55,t1_m2oecsj,t3_1hgl8bm,comment
m2kzvic,"Y bueno pedí 1 palito nomás, devuelvo 1.5.. son 130.000 x mes!",bienalsur,merval,1,2024-12-17 21:33:39,t1_m2ky3l4,t3_1hgl8bm,comment
m2qnpu8,[removed],[deleted],merval,2,2024-12-18 20:33:26,t1_m2lw8qn,t3_1hgl8bm,comment
m2qxtbp,"El CFT es eso sin impuestos.

El CFTIVA es el que incluye todo.",halconnegro_2006,merval,2,2024-12-18 21:34:48,t1_m2oiaiy,t3_1hgl8bm,comment
m2qy3ys,El Finde estuvieron dando a 55% TNA,halconnegro_2006,merval,2,2024-12-18 21:36:37,t1_m2kzvic,t3_1hgl8bm,comment
m2r6blq,"posta? a mi me parecio bien porque en Europa dan prestamos con esa tasa aproximadamente

solo vi que el Euribor anda por 4%, menos

bajo que criterio decis que es mucho 8%-12% para UVA?",Zenyatta_2011,merval,1,2024-12-18 22:27:00,t1_m2qnpu8,t3_1hgl8bm,comment
m36af56,"Con y sin impyestos, en este caso es lo mismo. Tanto IVA como iibb se cobra sobre los intereses. Si es interés cero, cero impuestos",ExpertAardvark732,merval,2,2024-12-21 15:57:04,t1_m2qxtbp,t3_1hgl8bm,comment
m2rufp8,"Costo Financiero Total

Los impuestos sino estan incluidos, DEBERIAN.",hernanemartinez,merval,1,2024-12-19 01:03:24,t1_m2qxtbp,t3_1hgl8bm,comment
m2qysg2,No te puedo creer.. decí que lo usé todo para comprar verdes.. así que bueno no estoy sufriendo tanto jaja,bienalsur,merval,1,2024-12-18 21:40:44,t1_m2qy3ys,t3_1hgl8bm,comment
m2qyyw9,"Yo por boludear perdí de sacar 4 millones, asíque NO JUEGUEN CON LA APP, porque terminan baneado como yo jajaja",halconnegro_2006,merval,1,2024-12-18 21:41:49,t1_m2qysg2,t3_1hgl8bm,comment
m2r07wx,Y a una tasa de 55% hubiera sido un golazo!,bienalsur,merval,0,2024-12-18 21:49:31,t1_m2qyyw9,t3_1hgl8bm,comment
m2p5nff,La pruebo y te aviso. Gracias por mejorar esta comunidad.,Argentino_Feliz,merval,8,2024-12-18 15:45:03,t3_1hh8bco,t3_1hh8bco,comment
m2p899d,Excelente aporte +10,Sea-pagarus,merval,7,2024-12-18 15:58:27,t3_1hh8bco,t3_1hh8bco,comment
m2qbqfx,"Gracias por compartir!

Me parece interesante como encaraste el tema de los splits de cedears, justo el otro dia estuve puteando con eso en mi planilla. Yo simplemente cargue una nueva orden de ""compra"" con los cedears extras que me fueron depositados por mis tenencias, pero no me gustaba mucho.

Otro problema es cuando ocurre un split del stock ""real"", ahi no se bien como funcionaria tu metodo, porque el ratio del cedear no cambia en realidad asi que no vas a poder actualizarlo desde ahi, pero si se te depositan cedears extras en tu cuenta por culpa del split...",PopularPianistPaul,merval,3,2024-12-18 19:23:54,t3_1hh8bco,t3_1hh8bco,comment
m2ut9kb,"Che muy bueno! Tenia algo muy parecido pero bastante mas manual jaja. Le voy a dar una prueba porque especialmente las ventas se me estaba complicando ajustarlas bien, gracias crack!",Luchog96,merval,1,2024-12-19 15:04:40,t3_1hh8bco,t3_1hh8bco,comment
m2wfh7j,"Excelente aporte, maestro! Mil gracias!",Just_Organization598,merval,1,2024-12-19 20:21:48,t3_1hh8bco,t3_1hh8bco,comment
m2zrxjh,"Buen aporte loco, lo voy a probar, gracias!",Anchoa_,merval,1,2024-12-20 12:29:35,t3_1hh8bco,t3_1hh8bco,comment
m36l65n,"Si usas google finance hay un montón de valores que están para el ojete, o tienen mal el ratio, o tienen mal el precio.

Lo mejor es usar la API de portfolio personal o invertir online u otro.",9acca9,merval,1,2024-12-21 16:59:08,t3_1hh8bco,t3_1hh8bco,comment
m2t26pc,"No te voy a mentir, no contemplé eso! Supongo que tendré que agregar algunas columnas para trackear esa data. Gracias!",xour,merval,2,2024-12-19 08:14:27,t1_m2qbqfx,t3_1hh8bco,comment
m1s3hhl,"La brecha es lo de menos... la regulación de mierda que tienen que te prohíben operar Cedears por ejemplo creo que 90 días antes y 90 días después... boludeces que te complican la vida y decis ""dejá sigo en grone y a la merda...""",InevitableBit2367,merval,57,2024-12-12 21:15:47,t3_1hcwzap,t3_1hcwzap,comment
m1rmzny,Ya saquen el puto limite.,LeoPelozo,merval,66,2024-12-12 19:37:55,t3_1hcwzap,t3_1hcwzap,comment
m1ry615,"Si es asi.

La recategorización es cada 6 meses (julio y enero) y tenes que tomar la facturacion de los ultimos 12 meses para ver a cual tenes que recategorizarte.

Al liquidar divisas por exportacion de servicios, la equivalencia en pesos se calcula a valor dolar venta del Banco Nacion (divisa), hoy 12/12  es de $1019.

Recorda que el monotributo es la forma mas barata de blanquear capital, como te dijeron por ahi, es aprox el 10%.",kriss_arg,merval,8,2024-12-12 20:43:44,t3_1hcwzap,t3_1hcwzap,comment
m1rlmb0,"Es correcto. Igual con la brecha cambiaria casi inexistente el mayor beneficio es tener un ""tipo de cambio"" mejor que el que te da el banco, que suele ser bastante choreo porque esta por debajo del oficial.

Sobre impuestos, y si, hay que pagar impuestos salvo que quieras vivir todo en negro y perseguido. Te da masomenos un 10%, bastante poco, aunque también tenes que sumarle lo que te cobre tu banco por recibir las swifts. Pero tene en cuenta que la recategorización es cada 6 o 12 meses no me acuerdo, y van a subir las escalas para cuando toque eso.

Osea, vos si no tenes monotributo alguno ahora te registras como categoría A, y recién en 12 meses te recategorizas y empezas a pagar ""lo que corresponde"" con las escalas nuevas que publiquen ahora en Enero-Marzo (nunca me acuerdo, pero a principio de año las suelen actualizar).",BNeutral,merval,17,2024-12-12 19:30:15,t3_1hcwzap,t3_1hcwzap,comment
m1uv9cb,Solo en un país que nos cagó tanto a palos como argentina podemos dudar si es o no bueno poder quedarte 36 lucas verdes al año todo bien todo legal haciendo dos clicks y pagando aprox un 10% de impuestos. Obvio papá que es una masa. Metele.,CatadorDeBirrita,merval,10,2024-12-13 10:43:27,t3_1hcwzap,t3_1hcwzap,comment
m1rkucr,No entiendo como no valdría la pena. Es plata blanqueada que podes usar para lo que vos quieras. Con el monotributo y las comisiones de traerla solo perdes el 10% creo (y ni siquiera hablaria de perder porque podes usar los aportes de salud para descontar de una prepaga si tenes).,kirbag,merval,17,2024-12-12 19:25:54,t3_1hcwzap,t3_1hcwzap,comment
m1sxmj9,No entiendo por qué está el límite de $36.000 anual. La Libertad necesita Avanzar más me parece,CanaryRight1908,merval,9,2024-12-13 00:21:04,t3_1hcwzap,t3_1hcwzap,comment
m1ud97k,"Creo que esta noticia es bastante positiva.  
La semana próxima ya me agendé reuniones con dos contadores para revisar mi situación y poder encuadrar todo de acuerdo a las regulaciones.  
Si haces el cálculo del % que dejarías sobre la mesa no es nada desmedido. Tiene sentido.  
El único cagazo es que una vez que levantas la cabeza te vengan a romper los huevos por lo no facturado en períodos anteriores por ejemplo.   
Alguno tiene experiencia personal en transición negro a blanco?",Ok_Piglet447,merval,4,2024-12-13 08:19:15,t3_1hcwzap,t3_1hcwzap,comment
m22133b,"Estimado, lo que decís es correcto. Ahora bien. Tiene sentido aprovecharlo porque te permite ahorrar en USD. No olvides que si eres exportador de servicios SIEMPRE debes estar inscripto en impuestos, emitir FC E, ingresar al MULC y, de corresponder, liquidar las divisas.

Por último debes tener en cuenta que hay operaciones que no puedes hacer si te quieres quedar con los USD (90 días antes y después de cada operación). Esto es una limitante que sigue estando.

Ahora bien, habría que ver cual es tu nivel de ingresos porque, como bien estas visualizando (y así he advertido en un reciente post), en las últimas categorías es bastante costoso el pago del monotributo cuando se compara con la posibilidad de diferimiento que ofrece el impuesto a las ganancias (por su propia estructura) lo cual, también, depende mucho de la estructura de costos del prestador exportador de servicios.

Espero haberte orientado",ContadorCarbone,merval,4,2024-12-14 16:10:41,t3_1hcwzap,t3_1hcwzap,comment
m1scw50,"A eso del limite le queda poco, tranqui",mynameismati,merval,8,2024-12-12 22:13:07,t3_1hcwzap,t3_1hcwzap,comment
m1s7utl,Sirve. Pero me gustaría que suban un poco más las escalas de monotributo.,nrctkno,merval,3,2024-12-12 21:42:11,t3_1hcwzap,t3_1hcwzap,comment
m1uunt8,"Es un golazo y me arrepiento de no haberlo hecho desde que salio con los 12 k anuales. Lo hago por el Santander y, por recibir +1000 usd mensuales, estoy pagando 15 k peronios, inexistente.

Que se vaya Payoneer a lavar el 0rt0 con sus comisiones y restricciones de mierda.

Lo unico malo es lo de no poder operar con Cedears y etc por 90 dias. Lo cual seguro lo terminen eliminando ya que ni siquiera los del banco saben bien las normas. Y de ultima si queres invertir, vas a poder encontrar la forma de hacerlo.",Soft-Boysenberry-727,merval,3,2024-12-13 10:39:29,t3_1hcwzap,t3_1hcwzap,comment
m1rqv6f,Tiene todo el sentido del fuckin mundo,armonicoenfuga,merval,6,2024-12-12 19:59:58,t3_1hcwzap,t3_1hcwzap,comment
m1w4xp6,[deleted],[deleted],merval,2,2024-12-13 14:58:25,t3_1hcwzap,t3_1hcwzap,comment
m1wnf9i,[deleted],[deleted],merval,2,2024-12-13 16:36:09,t3_1hcwzap,t3_1hcwzap,comment
m1y0h4h,Al menos hasta 2027 diría que sí,InevitableOne2231,merval,2,2024-12-13 21:18:47,t3_1hcwzap,t3_1hcwzap,comment
m1wrsyr,"A nuestro criterio, es conveniente en cuanto a costos impositivos y financieros, disponibilidad de los dólares en la cuenta bancaria, podes venderlos al Mep, no así comprar mep o cedears. El trámite con el banco es cada vez más sencillo e inmediato si es entre cuentas directas. Si hay alguna billetera intermediaria, no hay inconveniente, solo es un paso más adjuntando comprobantes. 
Tenemos cada vez más clientes que van por este procedimiento.",Alert_Cucumber616,merval,2,2024-12-13 16:59:37,t3_1hcwzap,t3_1hcwzap,comment
m1sm3kr,"A todo esto, y los que cobran en cripto, como es la cosa? Porque hay un gris ahí, porque no termina siendo una divisa... Como sería la movida, alguien que ya lo venga haciendo?",ShakeOwn6146,merval,1,2024-12-12 23:09:15,t3_1hcwzap,t3_1hcwzap,comment
m1wmmzk,"Cómo funciona esto si te pagan por Deel? Tenés que hacer otra factura más para de Deel enviar al banco acá en Argentina? Cualquier link de ayuda viene bien, no busco que me hagan spoonfed, voy a usar el buscador pero mientras si alguno ya sabe dejo el comentario acá.

Leí esto https://www.reddit.com/r/merval/comments/1gm4vpk/comment/lwhu401 pero tengo la duda de qué onda con ya haber tenido facturaciones en Deel y que pueda saltar en algun momento un ""che qué onda estas que no entraste?"" porque por lo que leo hay que facturarle _a_ Deel al traer la plata de ahí.

Qué bardo. Si alguno tiene un contador especializado con estos temas para recomendar lo acepto, el mio dudo que sepa qué es Deel siquiera.",OneCosmicOwl,merval,1,2024-12-13 16:31:56,t3_1hcwzap,t3_1hcwzap,comment
m1woolw,"Consulta: yo hago unos trabajos online para Uruguay, pero cada 3 meses tengo que viajar para allá. ¿Puedo hacer factura E y traer los dólares en efectivo? Y después despositarlos en mi cuenta en U$S en Argentina sin tener que pagar las comisiones por la transferencias vía SWIFT?",castrol21,merval,1,2024-12-13 16:42:53,t3_1hcwzap,t3_1hcwzap,comment
m2o815o,"Alguien me dice que pasa si hice la declaración jurada mal para liquidar a USD la exportación de servicios? Entendí que era que no se podía VENDER CEDEARS, y al final también incluía las compras de CEDEARS la restricción. 

Cuál es la infracción y cuál es la consecuencia? Tengo que liquidar en pesos las siguientes liquidaciones por importación de servicios?",Slyrack_Moon,merval,1,2024-12-18 12:47:46,t3_1hcwzap,t3_1hcwzap,comment
m1ru5vj,"Siempre dolariza todo lo que puedas, aprovecha el 20% haciendo blend, y el resto en pesos.",chescov77,merval,1,2024-12-12 20:19:37,t3_1hcwzap,t3_1hcwzap,comment
m1vdr1c,[deleted],[deleted],merval,0,2024-12-13 12:34:00,t3_1hcwzap,t3_1hcwzap,comment
m1semqs,"Son 90 días antes y despues para la guita que traje en x día, o si traigo más se reinicia el contador?",TheArgentineDude,merval,6,2024-12-12 22:23:50,t1_m1s3hhl,t3_1hcwzap,comment
m1ugitl,Que tan chequeado sigue esa limitación? No encontre nada al respecto,acaderc1,merval,3,2024-12-13 08:50:57,t1_m1s3hhl,t3_1hcwzap,comment
m1rpsq1,"El límite es una chota pero yo siempre estuve sobrado con los 12k.

Lo que quiero que saquen es toda la mierda del tramiterío y, lo mas importante, dejar cobrar en un PSAV. Más bien, por cualquier medio que se te cante. Sacarle el monopolio a los bancos y que podamos aprovechar mejores soluciones y comisiones.

Sino, queda claro que toda esa perorata de cripto, modernización y tecnología es discurso vacío.",Happy_Bad_Lucky,merval,48,2024-12-12 19:53:45,t1_m1rmzny,t3_1hcwzap,comment
m1rzsmx,"totalmente. el cambio es practicamente el mismo, es pura burocracia al pedo",fer662,merval,8,2024-12-12 20:53:34,t1_m1rmzny,t3_1hcwzap,comment
m1rnjiy,Eso sería demasiada libertad. Un poco está bien pero no exageremos,TinchoMerval,merval,5,2024-12-12 19:41:01,t1_m1rmzny,t3_1hcwzap,comment
m223abn,"Es cierto que el monotributo presenta una alícuota de imposición baja, comparada con ganancias. Ahora bien, se debería tener en cuenta (a) estructura de costos (dado que el monotributo presupone una renta); (b) devaluación del peso proyectada y (c) categoría en la que se encuentra inscripto el contribuyente.

 

En categorías altas el monotributo significa pagos mensuales realmente altos (ver última categoría) mientras que el contribuyente inscripto en ganancias determina a fin de año y paga entre 6 u 8 meses después. Si a este hecho le sumas una perspectiva devaluatoria (que hoy por hoy sería mínima pero ya se están viendo señales de requerirse corrección al tipo de cambio), considerando que se descuentan gastos operativos (y aquí ya depende mucho de como se ejecute la actividad), hay casos en que la inscripción en ganancias es recomendable.

 

Por último, si el negocio ha sido planificado en uso de estructuras foráneas (incluso el negocio más sencillo de todos donde se usa una LLC para poder cobrar por stripe) ya la inscripción en el monotributo, según montos que se maneje por interpósita entidad, sería inconsistente con la inscripción en ganancias obligatoria por esta renta.

 

Con todo, cada caso es particular pero no siempre es lo más conveniente el monotributo. En mi opinión la posibilida de seguir siendo monotributista en las últimas categorías confunde mucho al contribuyente.

 

Espero haber colaborado",ContadorCarbone,merval,3,2024-12-14 16:23:11,t1_m1ry615,t3_1hcwzap,comment
m1rtzor,"Cuando la inflación estaba fuera de control era cada 6 meses, pero ahora me imagino que será anual en julio",chescov77,merval,2,2024-12-12 20:18:34,t1_m1rlmb0,t3_1hcwzap,comment
m1sonj1,">Sobre impuestos, y si, hay que pagar impuestos salvo que quieras vivir todo en negro y perseguido. Te da masomenos un 10%, bastante poco, aunque también tenes que sumarle lo que te cobre tu banco por recibir las swifts. Pero tene en cuenta que la recategorización es cada 6 o 12 meses no me acuerdo, y van a subir las escalas para cuando toque eso.

Esto es correcto y servicio a la comunidad. Qué loco tener que explicar lo básico por el desquicio y desorden de los últimos años. Claro, en el 2021 podías pagar 20 dolares de monotributo mensual porque la brecha entre el oficial y el blue era de más del 100%, pero todavía no estaba el cupo anual. Entonces muy piola, te ahorrabas un monto mínimo en monotributo y perdías la mitad de tus ingresos en la brecha. Es a partir de esa lógica que algunos ahora pregunten si esto es conveniente.

Lo que quiero decir es que POR SUPUESTO que es conveniente que aumenten las escalas para facturar y paralelamente te aumente el tributo. Y es así en cualquier país normal",preguntaleacomex,merval,2,2024-12-12 23:25:01,t1_m1rlmb0,t3_1hcwzap,comment
m1we8ka,"Pregunta, por que decis que da 10%? Por el
costo del monotributo? Yo estoy en relacion de dependencia y ademas tengo monotributo por lo que no pago componente de os ni aportes, solo $3000 del monotributo A. Puedo traer antes de fin de año algo de lo que tengo en mi LLC sin sorpresas (aparte de la comision del banco) o me van a rascar un 10% por otro concepto?",marakpa,merval,2,2024-12-13 15:47:43,t1_m1rlmb0,t3_1hcwzap,comment
m1siang,y si te das de baja del monotributo antes de alcanzar los 12 meses? nunca te recategoriazas o pagas lo que debias?,pepito2506,merval,1,2024-12-12 22:45:55,t1_m1rlmb0,t3_1hcwzap,comment
m1uvr1b,Tal cual. Ahora me animo un poco más porque suponemos que durante el mandato de Milei no van a poner más restricciones m. En el peor de los casos mantendrá las mismas.,TheArgentineDude,merval,1,2024-12-13 10:46:40,t1_m1uv9cb,t3_1hcwzap,comment
m1t6z4h,"Ósea que tener un sueldo de 36k laburando para afuera, solo pagas un 10% tax rate ?

Es muy pero muy buen deal 

Hay alguna otra gilada que pagar? Yo tengo una llc afuera y me podría ir mandado guita, “pagos de sueldo”, así en dos años me compro un depto de pozo todo legal

Edit: para para para, vos me estás diciendo que puedo hacer que mi señora también reciba pagos, y en 1 año ya me compro el depto entre los dos?
Vos me estás diciendo que puedo anotar a más familiares y así blanquear guita al 10%?",BondiolaPeluda,merval,7,2024-12-13 01:21:43,t1_m1rkucr,t3_1hcwzap,comment
m1rlahq,"Claro claro. Mi duda es como hago para cambiar los dólares a pesos? Porque tengo entendido que esta regulación te prohibe comprar y vender dolar mep. El dolar que te cambia el banco sigue muy bajo (ejemplo BBVA te da 987 pesos).

Tendria que sacarlos del banco y vender al blue?",TheArgentineDude,merval,2,2024-12-12 19:28:25,t1_m1rkucr,t3_1hcwzap,comment
m22tqpd,"No vale la pena porque perdés la capacidad de ahorro en instrumentos atados al dólar.

Es una escupida en la cara. De entrada te ponen un límite y un solo canal para entrar la guita (Swift), y encima te dicen: si te sobra, jodete, gastalos, o metelos en un plazo fijo.",BigoteIrregular,merval,1,2024-12-14 18:58:47,t1_m1rkucr,t3_1hcwzap,comment
m1uuhiz,"Nunca olvidar que estas cuestiones son un entretejido bárbaro. Seguramente el límite no tiene absolutamente nada que ver con los exportadores de servicios, sino que está por cómo afecta a otras cosas.",elrond_lariel,merval,3,2024-12-13 10:38:18,t1_m1sxmj9,t3_1hcwzap,comment
m1zag7m,"Hay que aflojar la cuerda de a poco para que no se vaya todo a la chota, en criollo.",ZShock,merval,1,2024-12-14 02:58:28,t1_m1sxmj9,t3_1hcwzap,comment
m1yziqa,"Justo estoy en esa. Me estoy dando de alta en el monotributo y en la semana mando mi primera transferencia.
Mi contrato en Deel está fechado de hace un año. Cuando mande mi primera transferencia, el banco me va a pedir el contrato y va a saltar esa discrepancia de fechas. No sé que va a pasar, si voy a estar en un problema.",lstinziano,merval,2,2024-12-14 01:23:33,t1_m1ud97k,t3_1hcwzap,comment
m22ufl7,"Qué hiciste en negro hasta ahora? ¿Por cuánto tiempo? Cómo te moviste?

La realidad es que ARCA va a estar contento con otro contribuyente. Si ya tenés clave fiscal 3, podés fijarte en el servicio ""Nuestra Parte"" que datos impositivos tienen de vos.

La gran mayoría de las personas que entra al sistema estuvo previamente en negro. Ya sea porque en su laburo le pagan en efectivo, porque arranco haciendo changas, etc.

No te estreses.",BigoteIrregular,merval,2,2024-12-14 19:02:56,t1_m1ud97k,t3_1hcwzap,comment
m224gwb,Yo estoy haciendo todo con Tumo que lo manejan perfecto esto y al toque me avisaron del cambio 👌,jpreddituser1,merval,1,2024-12-14 16:29:56,t1_m1ud97k,t3_1hcwzap,comment
m226i5h,"Estimado, tema no facturado en períodos anteriores. Hay que ver si hiciste o no un blanqueo. Si hiciste un blanque estás protegido por todo hasta el 31-12-2023. Si no hiciste blanqueo el único reclamo que podes sufrir será producto de datos que obtenga el fisco nacional y siempre tiene que haber un indicio.

 

Las facultades del fisco nacional están dadas por el Art. 33 Ley 11.683 (te puede pedir datos) y luego Art. 17 Ley 11.683 (puede determinar de oficio el impuesto omitido).

 

Si la actividad que desarrollas esta correctamente inscripta no vas a tener problema. Lo que tenes que evitar son el tipo de “consejos” orientados a (a) manipular las inscripciones tributarias; (b) inventar facturas; (c) facturar cripto y que te digan que no hay que ingresar el equivalente; (d) usar sociedades en abuso de derecho y no delcararlas.. entre otras cosas que se suelen “comentar”.

 

Miedo no.. solo preguntar bien y aprovechar las ventajas que el derecho tributario brinda.

  
Transición del negro al blanco: (a) analizar la actividad; (b) ver las opciones legales (si las hay) y (c) asegurarse que vos comprendas bien las obligaciones según el régimen seleccionado",ContadorCarbone,merval,1,2024-12-14 16:41:39,t1_m1ud97k,t3_1hcwzap,comment
m225fe1,"Impecable. En mi caso, hoy estaría quedando en la categoría H, y el monotributo que se paga es un porcentaje bastante bajo a comparación con lo que pagaba antes cuando estaba en relación de dependencia.",TheArgentineDude,merval,1,2024-12-14 16:35:28,t1_m22133b,t3_1hcwzap,comment
m1se7m2,Ojala,TheArgentineDude,merval,6,2024-12-12 22:21:19,t1_m1scw50,t3_1hcwzap,comment
m1t9fmu,"Aguantá un mes más. La recategorización es en Enero y suben los montos, con suerte al menos sigan la inflación.",Inaksa,merval,5,2024-12-13 01:39:05,t1_m1s7utl,t3_1hcwzap,comment
m1vcsic,"Buenas! Te hago una consulta, cómo pagás 15k si Santander [acá dice que la comisión mínima son 78,65 USD](https://www.santander.com.ar/legales/comisiones-bcra)?

Pregunto porque estoy viendo de hacer el monotributo pero no logro entender cuánto me van a cobrar",HamsterDesigner475,merval,6,2024-12-13 12:28:41,t1_m1uunt8,t3_1hcwzap,comment
m1vw62l,"Misma pregunta que el otro, el minimo en Santander es de 78.65USD, como haces para pagar solo 15k?",damngood-pie,merval,3,2024-12-13 14:12:17,t1_m1uunt8,t3_1hcwzap,comment
m1v9213,"Lo de los CEDEARS es algo que cruzan con los brokers posta o es como los que tenian subsidios no podian comprar MEP y nunca hicieron una chota al respecto?


Digo, porque si el cruce no es automatico hagan lo que quieran muchachos, no los van a ir a perseguir por comprar CEDEARS. Si es mas probable que te persigan si tenes facturas truchas o todo en negro.",daemmonium,merval,1,2024-12-13 12:07:49,t1_m1uunt8,t3_1hcwzap,comment
m1vv6ag,es jodido el trámite que tiene que hacer el empleador desde usa? y es quilombo hacer el trámite acá en arg? capaz que con ese nuevo límite empiece a traer por USD. Ahora lo hago con factura E pero en cryptos,un_matecito-porFavor,merval,1,2024-12-13 14:06:58,t1_m1uunt8,t3_1hcwzap,comment
m224lxy,Igual si no son cedears le podés encontrar la vuelta con otra cosa,jpreddituser1,merval,1,2024-12-14 16:30:45,t1_m1uunt8,t3_1hcwzap,comment
m1w5wxl,"Si se levanta el cepo no tendría sentido hacer p2p porque el tipo de cambio sería igual en todos lados. En ese caso siempre va a convenir traerlo de la forma más legal posible.

El problema de volver a un cepo no es tanto las restricciones sino la diferencia entre el valor del dolar oficial con el paralelo. Porque te pesifican a un dolar mucho menor al valor de mercado.

En ese caso la única salida que veo es dejar de traer la plata por medios “legales”, pero la AFIP/ARCA ya va a tener el dato de que estabas facturando para el exterior.",TheArgentineDude,merval,1,2024-12-13 15:03:35,t1_m1w4xp6,t3_1hcwzap,comment
m227r0c,"Estimado, la operación (tristemente muy comentada) de facturar criptomonedas, vender p2p, y traer por ese medio; o directamente facturar pesos y vender criptomonedas por p2p no se ajusta a derecho. 

Dicho esto: siempre se deben estructurar los negocios de manera tal de no estar metido estas cuestiones. 

Hoy deberías estar estructurado en el exterior (de ser el caso) o bien inscripto localmente, sino siempre vas a estar con el miedo de que pasará mañana.

El derecho cambiario es dinámico (demasiado) y depende mucho de lo que suceda con el país. La historia de nuestro país muestra que hemos vivido casi toda nuestra historia con cepo... no tenerlo es algo raro.

Si te dedicas a prestar servicios para el exterior lo natural sería que analices el caso y ver si es factible estructurarse",ContadorCarbone,merval,1,2024-12-14 16:48:51,t1_m1w4xp6,t3_1hcwzap,comment
m224oxy,Quién es “nuestro criterio” y “tenemos”?,jpreddituser1,merval,3,2024-12-14 16:31:13,t1_m1wrsyr,t3_1hcwzap,comment
m1sqjbl,"Exactamente, hay un gris porque nunca se legisló para aclarar el tema crypto/fiat/especie. La norma establece la obligación de liquidar órdenes de exportación vía MULC (es decir, transferencia bancaria internacional por bancos tradicionales, con las comisiones correspondientes) y todo lo demás está fuera de la norma. Lo que hacen muchos es emitir facturas apócrifas por los mismos montos para que queden facturados y ""blanqueados"" en el sistema, pero en realidad es incumplir la normativa porque no es una factura como corresponde. Busca los comentarios en este sub de Contador Carbone que lo explica con detalle. Igual, repito, muchos emiten facturas de esa manera.",preguntaleacomex,merval,2,2024-12-12 23:36:35,t1_m1sm3kr,t3_1hcwzap,comment
m28i3p4,">tengo la duda de qué onda con ya haber tenido facturaciones en Deel y que pueda saltar en algun momento un ""che qué onda estas que no entraste?"" porque por lo que leo hay que facturarle *a* Deel al traer la plata de ahí.

Estoy en esa misma. Recién revisaba Deel y los invoice aparecen numerados. Entonces cuando mande ese invoice se va a ver que es el número 34 de este año. No sé si eso lo miran o no.",lstinziano,merval,2,2024-12-15 19:12:29,t1_m1wmmzk,t3_1hcwzap,comment
m1wmvue,Tengo entendido que vos tenes que facturarle a la empresa nada más. Pero si tenes que mostrarle al banco el invoice que tenes en Deel para justificar de donde vienen los fondos.,TheArgentineDude,merval,1,2024-12-13 16:33:15,t1_m1wmmzk,t3_1hcwzap,comment
m2046i7,No. Tiene que ser por SWIFT. Lo lamento.,AdorableVegetable972,merval,5,2024-12-14 08:33:35,t1_m1woolw,t3_1hcwzap,comment
m1wr6ms,"Gran pregunta, ni idea.",TheArgentineDude,merval,1,2024-12-13 16:56:17,t1_m1woolw,t3_1hcwzap,comment
m1rxlz7,Lo del blend no es para exportadores de servicios,kirbag,merval,3,2024-12-12 20:40:23,t1_m1ru5vj,t3_1hcwzap,comment
m1vfc1g,En mi experiencia los sueldos de IT bajaron bastante. Antes cualquiera te ofrecia por lo menos 4k. Para mi que se avivaron y empezaron a ofrecer menos porque sabian que estabamos viviendo como reyes.,TheArgentineDude,merval,5,2024-12-13 12:42:39,t1_m1vdr1c,t3_1hcwzap,comment
m1vg8vk,De todas formas lo único que sucede con el excedente es que tenés que pesificarlo obligatoriamente al tipo de cambio oficial. Siendo que la brecha no existe hoy en día eso no es tanto problema. Creo que el principal problema es no poder operar en bolsa tras hacer esos movimientos,CubeJunkie,merval,1,2024-12-13 12:47:36,t1_m1vdr1c,t3_1hcwzap,comment
m224rlf,Igual capaz el año que viene hasta que llegas a los 36k ya no hay cepo y todo liso,jpreddituser1,merval,1,2024-12-14 16:31:39,t1_m1vdr1c,t3_1hcwzap,comment
m1up36i,"Se reinicia. Es general. Si traes desde la fecha que traes, no podes operar, xq la limitación no es sobre la operatoria sino sobre la persona.",Jumpy_Cycle4252,merval,3,2024-12-13 10:00:42,t1_m1semqs,t3_1hcwzap,comment
m1vmrbr,Sigue en pie. Es parte del cepo duro. Me encantaría que lo sacaran por lo menos para personas humanas que exportan servicios.,No-Bodybuilder-4380,merval,3,2024-12-13 13:22:26,t1_m1ugitl,t3_1hcwzap,comment
m2218cv,Sigue vigente. Es parte de la DDJJ que debes realizar al banco para que te habiliten el ingreso de las divisas,ContadorCarbone,merval,2,2024-12-14 16:11:31,t1_m1ugitl,t3_1hcwzap,comment
m22swam,"Es una DDJJ. Que te lo prohíban via sistema no tengo datos porque no lo intenté, pero yo no me arriesgaría a mentir en una DDJJ.",BigoteIrregular,merval,1,2024-12-14 18:53:44,t1_m1ugitl,t3_1hcwzap,comment
m1ry882,"Si, la verdad que es regalarle guita al banco sin motivo la obligación de meter la SWIFT. Se lo mandé como queja a Struze en su sitio web nuevo ese de burocracia con la que uno pierde guita, porque es guita para el banco sin motivo util fiscal, pero no creo que cambie.",BNeutral,merval,27,2024-12-12 20:44:06,t1_m1rpsq1,t3_1hcwzap,comment
m1rxjsi,"Es que lo _es_. Los bancos tienen que cumplir con un marco regulatorio que se viene desarrollando desde la fiebre de los tulipanes. Está ahí por muchas razones. Y aún así son más baratos que las ""comisiones"".",Dolapevich,merval,2,2024-12-12 20:40:00,t1_m1rpsq1,t3_1hcwzap,comment
m2245x4,"Yo por eso termino usando Tumo así se encargan de todo ellos y me olvido del papeleo, facturas, pedir permisos y todo eso",jpreddituser1,merval,0,2024-12-14 16:28:11,t1_m1rzsmx,t3_1hcwzap,comment
m1robpj,"Igual si queres podes ingresar mas que eso y pesificar la diferencia. Ahora no es problema esa parte con la convergencia de los diferentes tipos de cambio.

El plot twist va a ser cuando saquen la obligacion de pesificar y pongan retenciones a las exportaciones de servicios.",rolland_87,merval,8,2024-12-12 19:45:25,t1_m1rnjiy,t3_1hcwzap,comment
m1rp2ds,Supongo que es satirico el comentario,Quick-Teacher-2379,merval,1,2024-12-12 19:49:37,t1_m1rnjiy,t3_1hcwzap,comment
m2248se,No. Aburrido,jpreddituser1,merval,-3,2024-12-14 16:28:38,t1_m223abn,t3_1hcwzap,comment
m1wep8x,"Era solo el cálculo de cuota contra lo que factura la categoria, no hay ningun % extra. Igual si te giras de una LLC si es con sustancia es como dividendo (no por monotributo), si es sin sustancia te van a pedir el tema de que lo cobraras hace no más de 20 dias en tu cuenta afuera.",BNeutral,merval,1,2024-12-13 15:50:10,t1_m1we8ka,t3_1hcwzap,comment
m1t7ixn,"Te podes dar de baja por cese de actividad cuando quieras del monotributo, y volverte a dar de alta después. Pero mientras estas dado de baja no podés facturar, asi que es bastante inconveniente. Creo que en teoría cuando te volves a dar de alta tenes que recategorizarte en el acto según tus ultimos 12 meses de facturación, pero nunca hice esta ""jugada"" que propones así que no sabría decirte. Las cuotas de los meses que estas dado de baja no las pagas, eso es correcto.",BNeutral,merval,1,2024-12-13 01:25:29,t1_m1siang,t3_1hcwzap,comment
m1vdjo0,"Solo espero que lleguemos al final del mandato sin que se les ocurra meter ""derechos de exportación"".",Happy_Bad_Lucky,merval,1,2024-12-13 12:32:53,t1_m1uvr1b,t3_1hcwzap,comment
m1uzwa0,"Le tenes que pedir a tu empleador que transfiera a cuentas de multiples personas y no me pareceria raro que se nieguen.

La otra alternativa es que a la guita la ""repartas"" vos. Lo cual tambien haria saltar alguna alarma porque todas las transferencias van a ir de pepito a pepito pero tambien a pepito's family. Es bastante obvio que estas lavando.",PotusThePlant,merval,2,2024-12-13 11:13:13,t1_m1t6z4h,t3_1hcwzap,comment
m225jmk,"Estimado, si tienes una LLC ya estas obligado a pagar ganancias por dichas rentas (Art. 1 Ley 20.628). Luego podríamos disctuir si es por transparencia fiscal internacional (Art. 130, inc. e) Ley 20.628) o realidad económica (Art. 2 Ley 11683).

 

Si tienes una LLC con un ingreso superior a USD 36.000,00 anuales, sin declarar, pero te armas un monotributo para traer lo que puedes sin liquidar (el monto de USD 36.000,00) entonces, y asumiendo que los ingresos totales te excluyen del monotributo (una situación muy común) estarías en evasión tributaria y lavado de dinero.

 

Lamentablemente este esquema que acabo de comentar fue muy utilizado (y creo que lo siguen usando) pero con tantas veces que mencioné la incorrección del mismo cada vez son menos los que caen en esa trampa.

 

Resumen: ojo con tu encuadre. Tener una LLC y ser monotributista, en la mayoría de los casos, es inconsistente. Incluso podrías quedar fuera del monotributo. Las LLC single member se informan por FATCA.

  
El blanqueo de dinero es un ilícito (penal económico) tipificado en el código penal (naturalmente)

 

Espero haberte ayudado.",ContadorCarbone,merval,2,2024-12-14 16:36:09,t1_m1t6z4h,t3_1hcwzap,comment
m224dc1,No te conviene más la LLC con todos estos cambios. Con esto estás en regla con el monotributo y listo (aunque pagando caras las transferencias SWIFT),jpreddituser1,merval,1,2024-12-14 16:29:22,t1_m1t6z4h,t3_1hcwzap,comment
m1sppic,"Podés vender MEP por cualquier banco, fintech o broker que tenga venta MEP. Es obvio que vendes esos dólares al MEP para hacerte de pesos para vivir tu vida. Olvidate de la tasa del dólar oficial en bancos porque es la peor, vos vende por MEP.

Las otras 800 limitaciones de la regulación son para *compra* por MEP e inversiones.",preguntaleacomex,merval,7,2024-12-12 23:31:30,t1_m1rlahq,t3_1hcwzap,comment
m1rlkcc,"Te prohibe, con pesos, comprar dolar MEP. Con los usd podes hacer lo que se te canta. Vas a querer vender dolar MEP para pagar cuentas y gastos, lo cual a cualquier gobierno le viene de pelo porque agregas oferta de dólares al mercado.",kirbag,merval,9,2024-12-12 19:29:56,t1_m1rlahq,t3_1hcwzap,comment
m1rndwx,"Compras el bono en dolares y lo vendes en pesos. Eso es legal, y con eso te haces de pesos. Lo que no podes hacer es una vez comprado el bono, volverlo a vender por dolares.",BNeutral,merval,3,2024-12-12 19:40:09,t1_m1rlahq,t3_1hcwzap,comment
m1z9bqb,Probé por primera vez y no hizo falta contrato. Es más importante el resumen de movimientos que tenga el pago. Me aprobaron al toque con eso y la factura E,westwo0d,merval,3,2024-12-14 02:47:49,t1_m1yziqa,t3_1hcwzap,comment
m226roh,"Si te piden el contrato vas a estar en una dificultad (y severa). No suelen pedirlo. Cierto es que alguna vez algún cliente me mencionó que le han pedido el contrato pero no es lo común

 

Lo mejor que podes hacer es manejarte conforme la norma (emitir facturas y pasar por el MULC antes de la fecha límite)",ContadorCarbone,merval,1,2024-12-14 16:43:11,t1_m1yziqa,t3_1hcwzap,comment
m28mwys,"Llevo un año metiendo mi sueldo por cripto sin facturar, y si me piden mi contrato de Deel al hacer la primera transferencia, van a ver la diferencia de fechas y no sé que puede pasar.",lstinziano,merval,1,2024-12-15 19:39:08,t1_m22ufl7,t3_1hcwzap,comment
m234onz,Justo les escribí a ellos para asesorarme,Ok_Piglet447,merval,1,2024-12-14 20:06:09,t1_m224gwb,t3_1hcwzap,comment
m1w9ftr,"Estuve durante meses tratando de buscar la info sobre la comision por recibir cobros del exterior y vi algunos posts de gente que decian que no le cobraban los $78,65 fijos.

Al final termine decidiendo avanzar igual para ver que pasaba y efectivamente solo me cobran el 0,25% + IVA de lo recibido y en pesos, sin el monto fijo. Lo unico que puedo decir es que soy Select y no se si sera por eso.

La verdad que es un golazo, porque si cobrararan los $78 fijos no se si lo hiciera.

Respondo otra consulta aca mismo: mi empleador se encarga del costo de la transferencia SWIFT, a mi me llega el monto exacto que necesito cobrar, ni mas ni menos. Y yo solamente le hago la factura E con mi monotributo. La factura se hace en dolares pero para la facturacion del monotributo cuenta en pesos al tipo de cambio de dolar oficial del dia de la factura.",Soft-Boysenberry-727,merval,3,2024-12-13 15:22:20,t1_m1vcsic,t3_1hcwzap,comment
m1vera6,"Hola. Mira, no esta claro el tema de las comisiones. Varian según los montos.

Pero ademas Santander es partner de Payoneer y tienen la comision bonificada. Supuestamente pagas 20 USD + IVA por recibir desde Payoneer. 

[https://blog.payoneer.com/es/afiliados/payoneer-y-santander-argentina/](https://blog.payoneer.com/es/afiliados/payoneer-y-santander-argentina/)

Lo cual ya es relativamene barato comparado a las comisiones comunes que están en el link que vos pusiste.

Pero es que ademas se ve que te bonifican la comisión o algo. Si lo usas seguido, supongo. O no se por que motivo, pero el hecho es que las comisiones están viniendo mucho mas baratas. Las ultimas veces que traje guita de Payoneer, por 1000 USD me cobraron como 6.000 pesos. Nada.

Así que para cobrar por via legal, el camino Payoneer > Santander esta en un punto muy conveniente.",Happy_Bad_Lucky,merval,2,2024-12-13 12:39:31,t1_m1vcsic,t3_1hcwzap,comment
m28664j,"Buenas! Llevo un año cobrando dólares por Santander usando el cupo. No entiendo bien por qué, pero tampoco me cobran las comisiones por transferencia. Lo único que pago es la comisión por canje internacional (0,175% + IVA), o sea, prácticamente nada.

Ahora bien, cuando liquidé con el 80/20, ahí sí me cobraron las comisiones correspondientes. No sé a qué se debe la diferencia.",Ok-Support-972,merval,2,2024-12-15 18:08:25,t1_m1vcsic,t3_1hcwzap,comment
m1wdaud,ward,marakpa,merval,1,2024-12-13 15:42:46,t1_m1vw62l,t3_1hcwzap,comment
m1v9jlp,"Ayer justo subieron un posteo tambien a este sub hablando de este tema.

Yo me inclino por la opcion 2 que nombras, ya que creo que la informacion es tan confusa que ni siquiera los bancos o brokers te pueden decir bien que hacer ante ciertos casos. Asi que ni hablar de cruzar informacion y prohibirtelo posta.",Soft-Boysenberry-727,merval,3,2024-12-13 12:10:35,t1_m1v9213,t3_1hcwzap,comment
m1w78uf,[deleted],[deleted],merval,3,2024-12-13 15:10:39,t1_m1w5wxl,t3_1hcwzap,comment
m1t5nsl,"Hay algún contador cripto-friendly? Le pregunté a algunos contadores y medio que no saben muy bien que responder... Leí varios posts al respecto, y no termina de ser claro como debería uno proceder. Porque si uno lo deja estancado en una wallet está en falta, pero también si lo declarás con una factura de un ""P2P"" también estarías en falta... Otro dato no menor, que impuesto te corresponde? El monotributo? El impuesto cedular? o ambos? Entiendo que el monotributo porque estarías exportando servicios, pero al momento de que te llega la cripto, sería tenencia de cripto.",ShakeOwn6146,merval,1,2024-12-13 01:12:44,t1_m1sqjbl,t3_1hcwzap,comment
m39a4bl,Donde está eso?,Ok-Atmosphere-6664,merval,1,2024-12-22 05:06:11,t1_m2046i7,t3_1hcwzap,comment
m1tqoq9,"Incorrecto, desde que asumió Milei con este decreto [https://www.boletinoficial.gob.ar/detalleAviso/primera/300802/20231213](https://www.boletinoficial.gob.ar/detalleAviso/primera/300802/20231213) se aplica a todos. Va en particular refiere al articulo 10 de una ley que dice

    ""c) Las prestaciones de servicios realizadas en el país, cuya utilización o explotación efectiva se lleve a cabo en el exterior. (Inciso incorporado por art. 78 de la Ley N° 27.467 B.O. 4/12/2018)""

Además liquidé así gran parte del año sin drama.

Suponiendo que por blend estemos hablando de 80% pesos al oficial y 20% pesos al CCL y no alguna otra cosa mal entendida.",BNeutral,merval,2,2024-12-13 04:09:23,t1_m1rxlz7,t3_1hcwzap,comment
m1wegtu,[deleted],[deleted],merval,2,2024-12-13 15:48:56,t1_m1vfc1g,t3_1hcwzap,comment
m1w46uu,"Exactamente. Antes eran dos desventajas, ahora solo queda una (siempre y cuando el blue/mep no se despegue del oficial)",TheArgentineDude,merval,1,2024-12-13 14:54:32,t1_m1vg8vk,t3_1hcwzap,comment
m1upcrv,"Okay, entonces si traigo todos meses basicamente no voy a poder nunca",TheArgentineDude,merval,11,2024-12-13 10:02:39,t1_m1up36i,t3_1hcwzap,comment
m1svnbd,"Exactamente solo en SWIFT y comisiones bancarias pago aproximadamente USD 120 por cada transferencia, preferiría  pagar eso en impuestos a regalárselo a los bancos",nestordg,merval,14,2024-12-13 00:08:31,t1_m1ry882,t3_1hcwzap,comment
m1ruuv8,"Es sumar complejidad al pedo, además de obligarte a ingresar por banco. Que te dejen cobrar las exportaciones por donde y como quieras siempre y cuando factures y pagues los impuestos que correspondan seria lo más lógico. A esta altura y con la brecha baja es más problema la cantidad de trabas e interpretaciones que hay que hacer que el monto a pagar en si, que está bajísimo.",estrafire,merval,18,2024-12-12 20:23:45,t1_m1robpj,t3_1hcwzap,comment
m1rq1oy,Lamentablemente. Hay que estar atentos. Recuerdo que hace no mucho había por acá gente deseperada consultando por deudas de derechos de exportación de hace años.,Happy_Bad_Lucky,merval,2,2024-12-12 19:55:12,t1_m1robpj,t3_1hcwzap,comment
m221ye5,¿Derechos de exportación de servicios?. Ya lo vivimos. Una bestialidad. No veo a este gobierno considerando ese tipo de medidas,ContadorCarbone,merval,2,2024-12-14 16:15:33,t1_m1robpj,t3_1hcwzap,comment
m1sin1i,"el monto de impuestos que la gente está dispuesto a pagar es uno. cambiando los impuestos no cambias la recaudación, cambias cuanto se evade",fer662,merval,1,2024-12-12 22:48:01,t1_m1robpj,t3_1hcwzap,comment
m224wt3,"Estimado, 

Señalas en tu post que (a) eres trabajador en relación de dependencia; (b) contribuyente monotributista cateogría A y (c) tienes una participación en una LLC?.

 

Si así fuera la pregunta que hay que hacerse es si esta LLC tiene sustancia en términos económicos. Si es como la mayoría de las LLC utilizadas por profesionales o técnicos argentinos que no tienen personería fiscal en USA, no pagan impuestos en USA, no sufren retenciones en USA y no tienen asiento o dirección en ningún Estado, donde son utilizadas por el contribuyente argentino solo para cobrar rentas que, en realidad, son exportaciones de servicios, si este es tu caso deberías analizar si realmente podrías ser contribuyente monotributista.

 

He analizado el punto, así como escribí sobre el tema y publiqué videos, donde pueden darse dos situaciones:

 

(a)   Que la rentas que facturaste con el monotributo mas las rentas percibidas por la LLC no superen el máximo para estar dentro del régimen simplificado (en este caso $ 68.000.000,00). Verificado el caso no sufrirías una exclusión del régimen pero sí deberías sufrir una recateogrización (a la categoría que corresponda) por la sumatoria de ambos ingresos y esto es independiente de que hubieras o no incluido las rentas de la LLC en tu DDJJ de ganancias;

(b)   Que la sumatoria de las rentas facturadas con el monotributo, más las rentas percibidas por la LLC, superen el máximo para estar en el régimen simplificado ($ 68.000.000,00) con lo cual deberías sufrir una exclusión del monotributo y se te requerirá IVA + ganancias + autónomo por todo el período de la exclusión. El monto del reclamo ya dependerá de los ingresos facturados por el monotributo.

 

El efecto se genera porque se trata de sociedades sin sustancia y, en este sentido, corresponde aplicar el Art. 2 Ley 11.683 (realidad económica). Hasta ahora no se han visto ajustes en este sentido pero no se debe descartar que pueda suceder dado que como se trata de simplemente correr un velo jurídico, si ARCA lo decide como campaña, lo puede (y debería) hacer.

 

Este punto (tus encuadres impositivos), deberías analizarlo.

 

Por otro lado, cuando traigas el dinero desde la LLC, debes tener cuidado con lo que declaras al banco. Para que no se pesifiquen siempre vas a tener la opción de colocar el código que corresponda a utilidades empresariales (estas no se pesifican) pero el problema es que en realidad no hay empresa en el exterior (solo una forma jurídica en abuso de derecho). Si el BCRA algún día quisiera solicitar información e investigar (ya si sucede o no es un juego de probabilidades y no se olviden que todo esto todavía es “muy nuevo” para Argentina), si detecta que no tiene sustancia (es muy fácil de ver) determinaría (debería determinar) que hay abuso de derecho. Lugo sumario y sanción correspondiente.

 

Espero haberte ayudado",ContadorCarbone,merval,2,2024-12-14 16:32:29,t1_m1wep8x,t3_1hcwzap,comment
m223jj5,Al ingresar al monotributo se debe considerar una razonable presunción de ingresos. Si la actividad es la misma no se puede errar tanto en la presunción,ContadorCarbone,merval,1,2024-12-14 16:24:39,t1_m1t7ixn,t3_1hcwzap,comment
m225pz4,"Este tipo de ""consejos"" no deberían permitirse. Se está aconsejando evasión fiscal, evasión a las normas penales cambiarias y lavado de dinero. Si el consultante no se da cuenta y lo ejecuta se mete en un problema pensando que había ""certeza"" en lo que se le dice. Ojo... no sigan estos consejos",ContadorCarbone,merval,1,2024-12-14 16:37:09,t1_m1uzwa0,t3_1hcwzap,comment
m26liyg,y si tenes una LLC durmiente que no factura?,AbleInvestment2866,merval,1,2024-12-15 13:04:59,t1_m225jmk,t3_1hcwzap,comment
m1rlow4,"Okay. No puedo comprar dolares MEP, pero tampoco puedo vender?",TheArgentineDude,merval,0,2024-12-12 19:30:39,t1_m1rlkcc,t3_1hcwzap,comment
m1rrb30,"Ampliando en este tema, si yo tengo una cuenta de interactive brokers donde compro y vendo acciones (obviamente en dolares) ahi tambien estoy restringido?",TheArgentineDude,merval,2,2024-12-12 20:02:31,t1_m1rndwx,t3_1hcwzap,comment
m20tpby,"Genial. Si solo piden el resumen, vi que en deel podes aplicar varios filtros para emitir el reporte de transacciones así que se puede mantener prolijo.
Con qué banco lo hiciste vos?",Ok_Piglet447,merval,1,2024-12-14 12:00:37,t1_m1z9bqb,t3_1hcwzap,comment
m22arc2,"Que consecuencias puede tener que me lo pidan y se note que mi inicio de actividades en ARCA es de este mes y el contrato de hace 12 meses? Multas? O peor? Estoy hace un año sacando por cripto. 

>Lo mejor que podes hacer es manejarte conforme la norma (emitir facturas y pasar por el MULC antes de la fecha límite)

Eso es lo que voy a hacer ahora, apenas entra a Deel, lo mando a Payo y de ahí al Santander.  
Gracias!",lstinziano,merval,1,2024-12-14 17:06:32,t1_m226roh,t3_1hcwzap,comment
m29h3eu,"Al banco le chupa un huevo. Ellos solo necesitan justificante de ingreso. Ej: factura E. Al menos con el Santander es asi.

El contrato con Deel es una servilleta para ellos.",BigoteIrregular,merval,3,2024-12-15 22:37:01,t1_m28mwys,t3_1hcwzap,comment
m26szgq,"Es el momento ideal para que Payoneer se vaya a lavar el ort0, la bonificacion esta del convenio es un chiste. Mas alla de que a mi no me cobran el monto fijo de $75 usd, preferiria arriesgarme a ver si me lo cobran a seguir regalandole plata a Payoneer. Hay varias personas a las que no les cobran este monto fijo que comento.

Y ni hablar de que para hacer las cosas prolijas, tu cuenta de Payoneer deberia tener un pasado ""limpio"" porque si antes cobraste y nunca lo blanqueaste, la cuenta quedaria expuesta ante af1p.",Soft-Boysenberry-727,merval,0,2024-12-15 13:46:54,t1_m1vera6,t3_1hcwzap,comment
m290p1a,"O sea que las comisiones te las cobran cuando pasas de dólares a pesos? Capaz tiene sentido porque las comisiones son en pesos

Cuando liquidaste te cobraron las comisiones de todas las transferencias digamos?",HamsterDesigner475,merval,1,2024-12-15 20:58:48,t1_m28664j,t3_1hcwzap,comment
m1w7r8t,Es una gran duda. Lo bueno es que hoy vas a tener muchas más herramientas que en el 2019/2020.,TheArgentineDude,merval,1,2024-12-13 15:13:22,t1_m1w78uf,t3_1hcwzap,comment
m1w80l1,"Ojala estos sean los últimos años donde tengamos que preocuparnos por tantas restricciones.

Quien te dice capaz en 10 años vamos a poderlo contar como si fuese una anécdota.",TheArgentineDude,merval,1,2024-12-13 15:14:44,t1_m1w78uf,t3_1hcwzap,comment
m1tqz03,"Es que simplemente no es claro. Podes preguntarle a todos los contadores que quieras pero lo único que te van a poder decir es ""para mi no es claro"" o ""para mi haciendo X estas bien"", hasta que a alguien AFIP le meta un juicio que ratifique que estaba prohibido o no. De momento en 5 años no lo hicieron.

Sobre impuesto, pagas monotributo o ganancias según cuanto ganes al mes, porque simplemente estas recibiendo un pago por un servicio, no es una ganancia financiera ni nada similar.",BNeutral,merval,1,2024-12-13 04:12:20,t1_m1t5nsl,t3_1hcwzap,comment
m1uk1gm,"Pero no entra en este régimen, si vos exportas servicios estas excento de hacer esto. Vengo asi hace 2 años, no te voy a estar diciendo una cosa por otra.",kirbag,merval,1,2024-12-13 09:21:32,t1_m1tqoq9,t3_1hcwzap,comment
m1z7z56,A que te dedicas? Si se puede saber,marcelorojas56,merval,2,2024-12-14 02:35:23,t1_m1wegtu,t3_1hcwzap,comment
m1vmmq7,Satamente,No-Bodybuilder-4380,merval,6,2024-12-13 13:21:46,t1_m1upcrv,t3_1hcwzap,comment
m1vvva5,Me pueden explicar esto con manzanitas? Porque no entiendo,Soft-Supermarket-352,merval,1,2024-12-13 14:10:41,t1_m1upcrv,t3_1hcwzap,comment
m1utm48,"Yo estoy pagando 120 usd por la transferencia y 44 usd de costo de mantenimiento mensualmente… un robo a mano armada. No entiendo como no abren el juego a otros medios de cobro, incitan a que evadas.",No_Account_4807,merval,7,2024-12-13 10:32:25,t1_m1svnbd,t3_1hcwzap,comment
m1smius,">Que te dejen cobrar las exportaciones por donde y como quieras siempre y cuando factures y pagues los impuestos que correspondan seria lo más lógico.

Es exactamente esto. Con solo ver la cantidad de gente que cobra por crypto y facturas los montos reales pero con facturas apócrifas simplemente porque no está contemplado que se cobre por ese canal queda claro que la voluntad de facturar como corresponde está pero lo que lo impide es lo anacrónico e incoherente de la normativa. Es decir, hay mucha gente que realiza actividades de exportación completamente lícitas y tiene que recurrir a un método que usan quienes lavan guita de fuente dudosa porque la normativa genera un gris oscuro donde podría estar todo claro.

Hoy en día hay muchas opciones para cobrar además de transferencia internacional vía SWIFT, pero no, ahi sigue la obligación del MULC y con comisiones caras que, encima, cuánto menos sea el monto, más son en proporción (es decir, peor para el que recién empieza o tiene montos chicos). 

Ya sé que esto es un rant pero considerando que el Ministro de economía le responde a tuiteros, que se yo, tal vez alguno del gobierno esté en Reddit. Dejen facturar por otras vías de una vez. Si el contribuyente realiza una actividad licita y factura y paga impuestos correspondientes a esos ingresos, que tanto problema si se ingresan por una alternativa al MULC via SWIFT?",preguntaleacomex,merval,22,2024-12-12 23:11:52,t1_m1ruuv8,t3_1hcwzap,comment
m1si1kz,totalmente de acuerdo,pepito2506,merval,3,2024-12-12 22:44:21,t1_m1ruuv8,t3_1hcwzap,comment
m1rneaj,Podés vender dolar MEP! Por qué el gobierno no querría que hagas eso?,TinchoMerval,merval,10,2024-12-12 19:40:12,t1_m1rlow4,t3_1hcwzap,comment
m1rlr9o,"Si, podes",kirbag,merval,3,2024-12-12 19:31:01,t1_m1rlow4,t3_1hcwzap,comment
m1sgrz6,"claro que podes vender dolar mep para hacerte de pesos, es tu ""salario"". Como pagarias la verduleria? en dolares? jajaja seria muy estupido que te obliguen a cambiarlos en la cueva para pagar en pesos tus gastos diarios...",M4tut310,merval,1,2024-12-12 22:36:39,t1_m1rlow4,t3_1hcwzap,comment
m1rxvx9,"En teoría no, vagamente recuerdo que el que leyendo la letra chica todo el tema era por adquisisión ""en el país"", las otras que te impedian de cosas fuera del país no tocaban acciones en particular. Podes leer en detalle ante la duda es el texto ""exterior y cambios"" punto 3.16.3.2, estan enumeradas las cosas",BNeutral,merval,1,2024-12-12 20:42:03,t1_m1rrb30,t3_1hcwzap,comment
m211jc7,"Si, filtre como decís, de Payo > Santander, ",westwo0d,merval,2,2024-12-14 12:48:46,t1_m20tpby,t3_1hcwzap,comment
m2197n8,La verdad no exploré mucho Deel. De donde sacás el resumen?,lstinziano,merval,1,2024-12-14 13:33:00,t1_m20tpby,t3_1hcwzap,comment
m22d557,multa de 1 a 10 veces el importe que no liquidaste e impedimentos para acceder al MULC (realmente un problema),ContadorCarbone,merval,2,2024-12-14 17:20:34,t1_m22arc2,t3_1hcwzap,comment
m29h80l,Gracias!!!,lstinziano,merval,1,2024-12-15 22:37:47,t1_m29h3eu,t3_1hcwzap,comment
m2bf90u,"Sí, cuando liquidás con el 80/20 te cobran dos comisiones, una por cada liquidación. En ese caso, lo conveniente es hacer el cálculo fino de cuánto te conviene cobrar por cada lado. Recordemos que 80/20 es el tope, pero podrías cobrar 90/10, 95/5, etc., si quisieras. Es cuestión de ver cómo te queda distribuido, multiplicarlo por el cambio correspondiente y ver qué comisiones te cobrarían para decidir qué te conviene más.",Ok-Support-972,merval,1,2024-12-16 08:59:15,t1_m290p1a,t3_1hcwzap,comment
m203za2,"Es eso, o tal vez añoremos las pocas restricciones que tenemos hoy. Nunca se sabe en este país.",AdorableVegetable972,merval,2,2024-12-14 08:31:23,t1_m1w80l1,t3_1hcwzap,comment
m1v7lmz,"Pero al ser crypto estarías haciendo tipo como un ""trading/arbitraje"" en la compra/venta de usd a pesos, y ahí entrás con el impuesto cedular por lo que entiendo o no?",ShakeOwn6146,merval,1,2024-12-13 11:59:29,t1_m1tqz03,t3_1hcwzap,comment
m1vbz08,"Para vos, como deberian de facturarse las exportaciones pagadas en cripto? Tratando de ir por el camino mas ""blanco"" posible.",Lopsided-Ad-2240,merval,1,2024-12-13 12:24:12,t1_m1tqz03,t3_1hcwzap,comment
m1w6v2e,"Excento de que? Es un beneficio para que te paguen los dolares más caros al pesificartelos. Osea, si no querés no lo hagas, pero el que pierde sos vos (salvo que cobres tan poco que no caes en la obligación de pesificar).",BNeutral,merval,1,2024-12-13 15:08:36,t1_m1uk1gm,t3_1hcwzap,comment
m205yaw,[deleted],[deleted],merval,1,2024-12-14 08:52:43,t1_m1z7z56,t3_1hcwzap,comment
m1w3w01,"Tenes un campo enorme con un solo manzano. Solo podes plantar otro manzano si en los últimos 90 días no te comiste ninguna manzana y además prometes que en los proximos 90 días tampoco te vas a comer una.

Eso te lleva a que solo vas a poder comer manzanas del único manzano que tenes, porque necesitas comer al menos una vez cada 30 días.",TheArgentineDude,merval,17,2024-12-13 14:52:58,t1_m1vvva5,t3_1hcwzap,comment
m1uxcif,"Es así, o al menos a qué no tengas que liquidar vía MULC, por lo menos yo usa Payoneer y podría transferir directamente a mi cuenta de pesos a un tipo de cambio que ahora es casi igual al MEP así que me serviría.",nestordg,merval,3,2024-12-13 10:57:00,t1_m1utm48,t3_1hcwzap,comment
m222j7s,"Lo bueno de este post es que se reconoce lo que hace bastante tiempo vengo publicando en este medio, así como en mi blog personal y canal de YouTube pero, particularmente por aquí, me terminan negando. 

La realidad de cobrar por criptomonedas y no ingresar el equivalente, para luego inventar facturas, es pretender ""burlar"" el sistema incorporando documentos apócrifos y escondiendo la operación real (exportación de servicios) o, en el mejor de los casos, exportaciónes documentadas, claramente cobradas y no ingresadas el equivalente.

Es una bestialidad el sistema hoy?: si. Pero Argentina ha vivido más años con controles de cambio que con una situación de libertad en el frente externo. La realidad argentina es el control de cambios.

Ahora bien, debería estar reservado para otras economías y no para sujetos que tienen rentas de USD 36.000,00 para abajo. Creo que esta cuestión se está acomodando en la actualidad. Sin embargo, no se olviden. La historia local es otra.

Si están trabajando para el exterior conviene planificar solo para lograr estabilidad en sus actividades y certeza a sus clientes.",ContadorCarbone,merval,1,2024-12-14 16:18:54,t1_m1smius,t3_1hcwzap,comment
m1rr3q3,"Qcy, este país es tan raro jaja",TheArgentineDude,merval,14,2024-12-12 20:01:20,t1_m1rneaj,t3_1hcwzap,comment
m1sgwcu,Capaz me obligaban a venderselo al banco,TheArgentineDude,merval,1,2024-12-12 22:37:23,t1_m1sgrz6,t3_1hcwzap,comment
m1sfhzk,Parece que es como vos decis. Voy a investigar un poco más y sino consultare con un contador.,TheArgentineDude,merval,1,2024-12-12 22:29:00,t1_m1rxvx9,t3_1hcwzap,comment
m219c6v,"Gracias!! La factura E la hiciste a nombre de tu empleador, no?",lstinziano,merval,1,2024-12-14 13:33:42,t1_m211jc7,t3_1hcwzap,comment
m22ekt9,"Gracias. Entonces básicamente si me piden el contrato, tengo que abandonar el pago y volver a cripto? Espero que no me lo pidan.  
Podría pedirle a mi empleador que me haga un nuevo contrato fechado a partir del primero de este mes, y presentar ese, si es que me lo pidiesen? o eso saldría a la luz?",lstinziano,merval,1,2024-12-14 17:29:09,t1_m22d557,t3_1hcwzap,comment
m1wa7m3,"Es todo un tema.

Para que sea un arbitraje vos tenes que haber comprado las criptomonedas a un precio en particular y tiene que haber una diferencia. Digamos, si te pagan en USDT, 1 dolar es 1 dolar, vos declaras que tenes dolares y cuando vendes recibis dolares. Y después las diferencias de cambio no son hechos imponibles. Sino toda venta de dolar MEP a medida que se devalua el peso resultarían en tener que pagar impuestos. Ahora, si vos cobras en BTC, tu factura dice 10k USD, si después el BTC sube y vos vendes 20k USD, tenes que pagar cedular sobre los 10k ""sobrantes"" que son ""dolares nuevos"" digamos, no sobre los originales.

Hay jurisprudencia un poco contradictoria y rara igual. Podes ver por ejemplo esta circular donde en 2014 la gente tomaba sus pesos, con esos compraba dolar MEP, y estos estaban valuados a dolar oficial. Entonces ""contablemente"" como todos los dolares se toman al oficial, habías perdido guita y lo descontabas de ganancias. Sacaron este comunicado de que ""no es una perdida de dinero comprar MEP"" por ejemplo [http://servicios.infoleg.gob.ar/infolegInternet/anexos/235000-239999/238420/norma.htm](http://servicios.infoleg.gob.ar/infolegInternet/anexos/235000-239999/238420/norma.htm) pero de todas formas hubo un juez que lo dio por valido contablemente en un juicio, por algún motivo (algo del estilo, no es una práctica para evadir impuestos, las empresas ahorran en dolares y es normal y no es su sulpa si ustedes dibujan el dolar)",BNeutral,merval,1,2024-12-13 15:26:25,t1_m1v7lmz,t3_1hcwzap,comment
m1w86jo,"Lo más blanco posible sería que no te paguen en crypto, sino por SWIFT. Ahora, si querés recibir pagos en crypto, yo haría una factura E, me guardaría alguna información sobre la transferencia para poder presentar si me rompen las bolas, y nada más.

Hay un contador que da vueltas que dice que tenes que liquidar a pesos en un exchange, lo cual para mi es algo que invento porque se le antojó, porque todos los textos relevantes hablan de liquidar en MULC, y no existe MULC para cryptos.",BNeutral,merval,2,2024-12-13 15:15:38,t1_m1vbz08,t3_1hcwzap,comment
m1wbpqu,"Lo que diga yo es una cosa, y lo que haya que hacer es otra (pero no está claro).

En mi opinión, si es una exportación de servicios debería tomarse como tal, pero en la norma al no estar especificada esa parte de cripto (ya que no es propiamente una divisa), no podés mandarla directamente al banco, a menos que hagas toda una pasarela de pago (con lo cual entiendo estarías en falta y perderías un poco de guita por las comisiones entre plataformas hasta que llegue al banco argentino), y lo que era originalmente una exportación de servicios terminá siendo un P2P o similar, y como lo facturas a eso?

Después con respecto a divisas, también hay medio un gris para mi cuando no lo haces directamente a tu cuenta de banco por SWIFT como dice la norma. Porque hay muchas empresas que no mandan via SWIFT por las comisiones que tienen que pagar ellos, o te las cobran a vos y terminas perdiendo guita y no te conviene. Entonces muchos usan payoneer o wise, etc. 

Pero según la norma el empleador te tiene que enviar directamente a tu cuenta de acá de argentina via SWIFT (no debería haber nada en el medio por lo que entiendo). Pero bueno, creo que también no se cumple en totalidad con la norma ahí y la mayoría presenta un documento de la cuenta de payoneer o wise de la recepción del dinero por parte de la empresa. Como para que quede la evidencia, pero al final está mal aplicado, en mi opinión si te basas en la norma. Porque al final te estás haciendo una transferencia a vos mismo de una cuenta propia del exterior que te da payoneer o wise con lo cual creo que está mal aplicado si nos vamos a la literalidad.

Aparte con las comisiones de las plataformas. Como lo facturas? Porque ponele, te pagan 1k, con la comisión de payoneer por recibir que es del 1% te quedan 990, después otra comisión por mandar a tu banco via swift... Ponele que a tu cuenta de argentina te llega 900 (10% menos). En la factura E que hiciste facturas 1k pero te llegó 900 en realidad por todas las comisiones. No te preguntarían por esos 100 que se comieron en el camino, o se sobre entiende que fueron las comisiones? O haces la factura E por lo que te llegó recién al banco argentino. El tema que en la prueba de tu factura E, va a decir que recibiste 1k en payoneer o wise de tal empresa, y los 900, y no se si van a llegar a pensar que no quisiste facturar los 100 restantes ponele para ""ahorro"", cuando en realidad te lo comieron las comisiones.",ShakeOwn6146,merval,1,2024-12-13 15:34:20,t1_m1vbz08,t3_1hcwzap,comment
m1w716y,Si estas dentro de los 36k anuales no pesificas. De eso se trata el thread.,kirbag,merval,1,2024-12-13 15:09:31,t1_m1w6v2e,t3_1hcwzap,comment
m2dk6cl,"1. Adoptame!  
2. Me estoy regalando :cry:",SuspiciousTomorrow55,merval,2,2024-12-16 16:34:22,t1_m205yaw,t3_1hcwzap,comment
m399lds,"Donde está lo de qué es obligatorio ingresar por SWIFT? O sea, la factura E se puede hacer a la empresa del exterior, poner que me pagaron a una cuenta bancaria mía en el exterior, y de ahí yo no puedo usar justamente la exención de la obligación de liquidar para mover la plata como quiero?",Ok-Atmosphere-6664,merval,1,2024-12-22 04:59:59,t1_m1uxcif,t3_1hcwzap,comment
m1ryysi,Podés sacar el billete y venderlo al blue si te pinta,lichoudini,merval,4,2024-12-12 20:48:36,t1_m1rr3q3,t3_1hcwzap,comment
m1sh6vq,"Na, podes venderlos al MEP o retirarlos y venderlos al blue si queres, pero haciendo esto ultimo estas ""negreando"" tus dolares...",M4tut310,merval,3,2024-12-12 22:39:10,t1_m1sgwcu,t3_1hcwzap,comment
m1t93ml,"Si, igual ojo con los contadores que muchos terminan la facultad y no tocan más un papel.",BNeutral,merval,3,2024-12-13 01:36:42,t1_m1sfhzk,t3_1hcwzap,comment
m21ekqu,"Sisi, por el monto que llegó a payoneer. 
Fijate acá en los comentarios que al user ""Holiday_action"" le pregunté todo: https://www.reddit.com/r/merval/comments/1ewii8i/comment/m1ouz5t/?context=3
Hice todo como describió él ",westwo0d,merval,2,2024-12-14 14:02:50,t1_m219c6v,t3_1hcwzap,comment
m1wnvtz,"Gracias.

Que cuckeados que estamos con tanta rigidez en la forma de facturar exportaciones.",Lopsided-Ad-2240,merval,1,2024-12-13 16:38:37,t1_m1w86jo,t3_1hcwzap,comment
m1wb2f3,"Pero este hilo de comentarios es sobre si los exportadores de servicios pueden hacer uso del esquema 80/20, lo cual si pueden.

Obviamente solo lo vas a hacer una vez agotado lo que te dejan entrar en dolare sin pesificar.",BNeutral,merval,2,2024-12-13 15:30:54,t1_m1w716y,t3_1hcwzap,comment
m1wcdsz,en realidad... los conservas en blanco. el gobierno no sabe donde fueron y hasta donde saben los tenes en el colchon.,marakpa,merval,2,2024-12-13 15:37:53,t1_m1sh6vq,t3_1hcwzap,comment
m229ckr,Gracias!,lstinziano,merval,1,2024-12-14 16:58:16,t1_m21ekqu,t3_1hcwzap,comment
m22dfe7,"Perdón que pregunte otra vez. Entonces si mandaste 1000 de Deel a Payo, y llegaron 995. La factura E la hiciste por 995 y les mandaste las capturas como Holiday\_action? Te pidieron algo mas de Deel?",lstinziano,merval,1,2024-12-14 17:22:18,t1_m21ekqu,t3_1hcwzap,comment
m27tclt,"el gobierno no sabe, pero suponete queres comprar una casa un auto o incluso transferir a un broker para invertir, y te piden una justificacion de los pesos y no la tenes, tenias dolares, lo cambiaste en el mercado informal, o sea estan en negro, no te olvides que sigue siendo ilegal hacerlo. Para gastos diarios, sin dudas retira y vendelos en cueva pagan mejor, pero ojo con hacer inversiones grandes y pasar por cueva, podes safar si, pero eso ya es suerte...",M4tut310,merval,1,2024-12-15 17:00:05,t1_m1wcdsz,t3_1hcwzap,comment
m22tphf,"No sabría decirte, a mí me enviaron a Payoneer, y de ahí envié a Santander. No usé Deel. 
Pero entiendo que si cobras por Deel, deberías hacer la factura por el total que te pagaron ahi, antes de que se le descuentenlas comisiones",westwo0d,merval,1,2024-12-14 18:58:35,t1_m22dfe7,t3_1hcwzap,comment
m2311e0,Entiendo. Gracias!!,lstinziano,merval,1,2024-12-14 19:43:14,t1_m22tphf,t3_1hcwzap,comment
m4inj3e,Te diría que apuestes mas a las acciones argentinas pero también te recomiendo no hacerle caso a la gente que te recomienda en que invertir,DefiantEngineer3989,merval,105,2024-12-30 10:12:52,t3_1hpmos2,t3_1hpmos2,comment
m4inzd8,"Para mí 30 en crypto es mucho pero cada perfil es diferente, me gusta igual. Igual no inviertas apenas cobres y tengas los 300, espera a que corrijan y reforzas la posición y así durante todo el año. 👍🏼👍🏼👍🏼",simondice1969,merval,27,2024-12-30 10:16:15,t3_1hpmos2,t3_1hpmos2,comment
m4io2ii,"y es como dice wolverine: ""esa pregunta es muy personal""",[deleted],merval,22,2024-12-30 10:16:54,t3_1hpmos2,t3_1hpmos2,comment
m4jc1y7,"Yendo un poco para el otro lado, sobre todo porque la cartera que pusiste zafa, porque decís que recién empezás, porque tenés un horizonte medio/largo y porque mencionás experimentar, lo segundo más importante (o tal vez lo más importante) si querés hacer plata es NO VENDER.

Mientras no inviertas en falopeadas, evitar vender a toda costa a la larga te va a dar más ganancias que tratar de pegarle a los mejores activos para invertir.",elrond_lariel,merval,9,2024-12-30 12:47:26,t3_1hpmos2,t3_1hpmos2,comment
m4im9sb,"Buffet portfolio: 80/20.

80% SPY/VT
10% Mervaleta
10% BTC",[deleted],merval,29,2024-12-30 10:03:10,t3_1hpmos2,t3_1hpmos2,comment
m4iraus,"Diversificaste, eso es bueno! BTC lo conservaría a largo, largo plazo. ETH lo vendería al final de este bullrun y en el bear compraría XRP y volvería a analizar si comprar ETH o no.
No aconsejo de bolsa porque sé poco.",Vegetable_Wolf6194,merval,3,2024-12-30 10:40:26,t3_1hpmos2,t3_1hpmos2,comment
m4j26wf,Felicitaciones por hacer tu primera inversión! Muchod éxitos,[deleted],merval,5,2024-12-30 11:51:20,t3_1hpmos2,t3_1hpmos2,comment
m4jnc3c,"Depende op, instrumentos para invertir tenés a gusto y eleccion. Ahora es muy diferente el como invertis, a lo que invertis. 

Podes dejar tus inversiones en la renta fija o la variable, pero eso no es a lo que me refiero. Más haya del tipo de renta que elijas, el como invertis tiene que ver en qué compras y vendes o ni siquiera,solo comprar y no vender.

Todo depende de tus necesidades, por ejemplo, dios no quiera que te rompas una pata bajando mal la escalera, o que te agarre algo dando vueltas, eso es imposible de saber, pero si lo que querés es tener liquidez la mejor opción es la renta fija depende cuál tipo de inversión pero suele ser esa.

Si lo querés es tener más rentabilidad a cambio de sacrificar liquidez, los instrumentos de renta fija a largo plazo son mejor.

Si lo que querés es directamente tener rentabilidad, pues renta variable o futuros que son más seguros. 

Si directamente estás chafado del moño y querés la máxima rentabilidad, pues cripto con apalancamiento. 

Opción sobran, depende de tu perfil de riegos y tus conocimientos, además de que no tenes porque invertir solo en Argentina, afuera también hay un montón de activos que son buenos, como los bonos corporativos que son un poco más caros que lo de gobierno pero te dan más rentabilidad.

Supongamos que querés tener liquidez por algún evento futuro que te preocupe. Una buena inversión para eso, sería las letras del tesoro e ir haciendo interés compuesto tanto con tus ahorros de tu sueldo actual, más lo que ya tenés invertido.",Puchox_x,merval,4,2024-12-30 13:47:12,t3_1hpmos2,t3_1hpmos2,comment
m4kt3gc,Compro SPY todos los meses.  Es muy difícil vencer sistemáticamente a S&P500 todos los años,devengado14,merval,5,2024-12-30 17:20:28,t3_1hpmos2,t3_1hpmos2,comment
m4inx8d,"Yo invierto eso mensual en índices

aark, brkb, dia,eem, iwm,qqq,spy,xle,xle voy comprando de a1 cedear por mes ya llevo como 3 de cada uno ...

en iol",Ok-Acante4524,merval,3,2024-12-30 10:15:48,t3_1hpmos2,t3_1hpmos2,comment
m4it0qa,"si tenes negocio stock, si te animas, merval, sino dolares",Diegocesaretti,merval,3,2024-12-30 10:52:19,t3_1hpmos2,t3_1hpmos2,comment
m4krhdu,"o que te faltaría definir es que tan expuesto al riesgo va a estar. ¿Tu idea es mantener el valor, tener algún incremento en el tiempo o incrementarlo lo más posible? Pero como sea, yo, de movida, cambiaría ese 30% de Cripto por un 30% de acciones y ese 5% lo pasaría a Cripto. Demasiados volátiles para darle tanto margen.

Por otro lado, dejaría un poco de lado lo que sea CER. No dan gran cosa con la inflación algo estancada. También evitaría los FCI Money Market. Misma razón. Con la baja de las tasas ya no dan como dieron hace un año. Por el resto, eso lo definirás vos estableciendo cuál es tu objetivo. Como decía, si vas a mantenerlo, incrementarlo de poco o bastante.",Real_Barracuda_6851,merval,3,2024-12-30 17:12:16,t3_1hpmos2,t3_1hpmos2,comment
m4krbli,"Como te comentaron otros, sacaria un 10 o 15 de cripto, y tambien de letras y bonos y compraria SPY o si podes VOO de la bolsa de Usa en dolares. Fijate si podes abrir una cuenta en Etoro que no pide tantos requisitos. Exitos!",EdieFisher,merval,2,2024-12-30 17:11:27,t3_1hpmos2,t3_1hpmos2,comment
m4ip83u,"Tendrías que especificar de tu portafolio cual/es FCIs tenés, porque si tienen exposición a los otros instrumentos que mencionas estarías sobre exponiendote a determinados riesgos 

Si vas a mediano (2 a 5 años) consideraría poner algo en emergentes, Brasil fue muy castigado, y tiene empresas estratégicas que cuando se aclare el panorama de la política comercial de Trump, puede recuperar, y ni hablar si hay perspectiva de cambio de signo político 

Después vería sectores específicos, commodities algunos vienen muy golpeados, incluso los precios te dan margen a combinar con una plan de dividiendos. Quizás el sector salud de USA también está muy castigado, aunque también tiene incertidumbre 

Varias veces escuché la máxima de que si algo sube mucho en un periodo, no suele repetir. La bolsa local subió mucho y lo había hecho el año pasado, pero para 2025 no esperaría voladuras iguales, quizás siendo selectivo aún podría aprovechar papeles atrasados. En Bonos, el panorama aún es competitivo, quizás considerar alternativas de bonos soberanos de mayor riesgo, aún los subsoberanos bajo mí perspectiva, no tienen riesgo de impago dado la política económica actual, en el corto plazo 

No es recomendación de inversión, solo comentarios al respecto del mercado",juanmaAV,merval,4,2024-12-30 10:25:28,t3_1hpmos2,t3_1hpmos2,comment
m4j05x8,QDVE,screenclear,merval,1,2024-12-30 11:38:57,t3_1hpmos2,t3_1hpmos2,comment
m4jtyix,"Mempasa lo mismo que vos, solo que no entiendo de esas cosas y no se cómo o donde invertir, me gustaría saber dónde puedo leer sobre lo que hiciste o estudiar",emmekus,merval,1,2024-12-30 14:21:19,t3_1hpmos2,t3_1hpmos2,comment
m4k2i43,Ypf y Berkshire,LocksmithEven4085,merval,1,2024-12-30 15:04:41,t3_1hpmos2,t3_1hpmos2,comment
m4k37kq,"La historia dice que si invertis 300k mensuales lo que más rindió en los últimos 10 años fue BTC. Si cae no te debería joder porque comprás más barato, no es que estás poniendo todos tus ahorros de una. Si no lo vas a tocar por 4 años, es lo mejor que podes hacer.",FranEGL,merval,1,2024-12-30 15:08:19,t3_1hpmos2,t3_1hpmos2,comment
m4lpa7u,VOO o VTI,marcosstg,merval,1,2024-12-30 20:08:35,t3_1hpmos2,t3_1hpmos2,comment
m4membi,Aprovechá que btc está corrigiendo.,tirateahora,merval,1,2024-12-30 22:33:42,t3_1hpmos2,t3_1hpmos2,comment
m4j847j,FCI con benchmark MERVAL durante 3 o 4 meses hasta justar 1 palo 300 aprox y me compro un portafolio con las acciones del panel lider del MERVAL creado con la Modern Portfolio Theory.,Gnosin_Porta,merval,1,2024-12-30 12:25:42,t3_1hpmos2,t3_1hpmos2,comment
m4lkw9h,Una camisa y unos pantalones,[deleted],merval,1,2024-12-30 19:44:18,t3_1hpmos2,t3_1hpmos2,comment
m4io8i1,Por esa guita en mercadería.,Dizzy_Worldliness743,merval,0,2024-12-30 10:18:08,t3_1hpmos2,t3_1hpmos2,comment
m4j3zrj,frascos naranjax,SnooMacarons2927,merval,0,2024-12-30 12:02:01,t3_1hpmos2,t3_1hpmos2,comment
m4ins3y,"Jajajjaa maldita sea no era tan facil como yo pensaba.   
Gracias igual por la honestidad. Tendre que seguir estudiando e investigando.",Urbani404,merval,18,2024-12-30 10:14:45,t1_m4inj3e,t3_1hpmos2,comment
m4j2xx9,Bucle inviable jajaja,Mcdick90,merval,3,2024-12-30 11:55:47,t1_m4inj3e,t3_1hpmos2,comment
m4iup6w,"Gracias, todavia no entiendo mucho de la correccion que se menciona, entiendo que es una especie de bajada fuerte no? Donde puedo estudiar un poco sobre el tema?",Urbani404,merval,6,2024-12-30 11:03:44,t1_m4inzd8,t3_1hpmos2,comment
m4jrbwm,"tiene 30 en crypto y un 50% en renta variable riesgosa (acciones). Mientras que no venda y espere al largo plazo, ese dinero va a crecer de buena manera.

edit: eso sin ver en que fci esta invirtiendo, que se supone que es pata diversificar",Greekhair,merval,4,2024-12-30 14:07:39,t1_m4inzd8,t3_1hpmos2,comment
m4ipapd,Es por acá. DCA en S&P 500 (o VT si invertis afuera) y ese 20% a lo que gustes para experimentar.,dank-monkl,merval,11,2024-12-30 10:25:58,t1_m4im9sb,t3_1hpmos2,comment
m4inz50,"Hay alguna diferencia entre meterle al cedear de la SPY o a la accion real?   
Por que me queda mucho mas comoda la cedear la verdad",Urbani404,merval,6,2024-12-30 10:16:12,t1_m4im9sb,t3_1hpmos2,comment
m4j33y0,mervaleta serían stocks individuales argentinos?,techn0king,merval,3,2024-12-30 11:56:48,t1_m4im9sb,t3_1hpmos2,comment
m4is0of,"yo estoy en una situacion similar al OP y tengo 50% spy y dsp porcentajems mas chicos de acciones que uso para ir aprendiendo, ej, veo que baja meli compro a ver si hago diff, lo que no tengo es bitcoin, me estoy perdiendo de mucho? tengo un poco de ETH pero fue tanto quilombo en su momento comprar que me da paja la verdad. Y con respecto a subrise a la mervaleta, es para hacer trading? o se puede comrpar a holdear unos meses y ver que onda? que empresas hay que tener en la mira o hay un indice onda SPY del merval y ya? gracias gente",FullmetalEzio,merval,4,2024-12-30 10:45:28,t1_m4im9sb,t3_1hpmos2,comment
m4iuyry,Gracias ! No tengo idea que es bullrun pero ya me lo anoto y me pongo a investigar de eso jajajaj,Urbani404,merval,1,2024-12-30 11:05:33,t1_m4iraus,t3_1hpmos2,comment
m4iumc6,"Nice, si uso IOL tambien yo, buena plataforma",Urbani404,merval,6,2024-12-30 11:03:12,t1_m4inx8d,t3_1hpmos2,comment
m4iuw6q,"Gracias, la verdad que mientras mas me meto en el tema termino con mas dudas, pero bueno jeje a seguir estudiando",Urbani404,merval,3,2024-12-30 11:05:04,t1_m4ip83u,t3_1hpmos2,comment
m4lo74a,Desde que aplicación?,Any_Conclusion_8601,merval,1,2024-12-30 20:02:27,t1_m4k2i43,t3_1hpmos2,comment
m4j9m4o,el diablo que dificil me la pusiste jajajajaja,Accomplished_Rip_627,merval,15,2024-12-30 12:34:01,t1_m4ins3y,t3_1hpmos2,comment
m4ivx7n,"Claro, más que nada xq todo viene de estar en máximos entonces se esperan correcciones más que nada crypto que ya bajo un poco, cedears y acciones argentinas, esperas algunas bajas de precio y ahí invertis, como es a largo plazo no importa si baja un poco más de cuando vos invertiste así que tranqui...",simondice1969,merval,6,2024-12-30 11:11:53,t1_m4iup6w,t3_1hpmos2,comment
m4kh2t5,"Si quiero diversificar y tengo 30% SPY, 20% QQQ
20% Acciones argentinas (YPF, Loma Negra, Pampa Energía, etc.) y 10% en crypto


En que FCI me conviene poner mi último 20%?


Es de acá a 5/6 meses mínimo y le voy sumando plata todos los meses",Mast3r99,merval,2,2024-12-30 16:18:59,t1_m4jrbwm,t3_1hpmos2,comment
m4iyhjx,"god, parece ser la opcion mas segura para un principiante",Urbani404,merval,8,2024-12-30 11:28:25,t1_m4ipapd,t3_1hpmos2,comment
m4j4viu,"ahí minimamente tenes que aclarar que no es lo mismo SPY que VT.. Vt es total world, SPY no",techn0king,merval,2,2024-12-30 12:07:12,t1_m4ipapd,t3_1hpmos2,comment
m4j2zy1,por que nadie habla de lump sum?,techn0king,merval,1,2024-12-30 11:56:08,t1_m4ipapd,t3_1hpmos2,comment
m4iobo4,"dale cedear y te olvidas, sobre todo si es de SPY q tiene grandes volúmenes. 

Cedeares poco populares es otro tema, dificil de vender.",userInvadil,merval,11,2024-12-30 10:18:48,t1_m4inz50,t3_1hpmos2,comment
m4j576g,Diferencias impositivas importantes. Los cedear son locales y están exentos de impuestos que los papeles extranjeros no.,RicardoGaturro,merval,7,2024-12-30 12:09:06,t1_m4inz50,t3_1hpmos2,comment
m4j4gjd,Si,[deleted],merval,3,2024-12-30 12:04:46,t1_m4j33y0,t3_1hpmos2,comment
m4je7el,"Hoy BTC es tarde, tenes que esperar el bear market.

No hay indice del Merval para comprar. Podes comprar un FCI de Merval que hace la diversificación por vos.",[deleted],merval,3,2024-12-30 12:59:02,t1_m4is0of,t3_1hpmos2,comment
m4j3ing,Bitcoin a estos precios no es para tener tensión alta. Mañana se desploma y te querés m4tär. Hubiera sido lindo tener el cedears de Bitcoin hace un año. Hoy serías millonario,peperinna,merval,2,2024-12-30 11:59:13,t1_m4is0of,t3_1hpmos2,comment
m4jsfqy,"Bullrun es la corrida alcista, hasta ahora (no se puede afirmar para adelante)  Bitcoin se mueve por ciclos y como domina el mercado crypto las altcoins ( las otras crypto que no son BTC) lo siguen,  aunque con mayor volatilidad aún ya que tienen menor capitalización de mercado.",Vegetable_Wolf6194,merval,1,2024-12-30 14:13:19,t1_m4iuyry,t3_1hpmos2,comment
m4ixk74,"Genial, muchas gracias por los consejos !",Urbani404,merval,1,2024-12-30 11:22:32,t1_m4ivx7n,t3_1hpmos2,comment
m4kjky5,"Ponlo en algún FCI moderado, pero igual es una pregunta redundante porque depende de tu perfil como inversor.
Yo pondría ese en algún FCI moderado que invierta en acciones argentinas, algún ADR, Cedears, bonos. Crypto descartaría totalmente, a menos que realmente tengas un dinero extra y ese dinero no te haga falta.",Greekhair,merval,2,2024-12-30 16:31:50,t1_m4kh2t5,t3_1hpmos2,comment
m4j5xuu,Estás en lo correcto. De cualquier manera no creí necesario aclararlo ya que los top 10 holdings de VT son casi identicos a los 10 del SP 500. Si trazas una linea a lo largo del tiempo rindieron  practicamente igual.,dank-monkl,merval,6,2024-12-30 12:13:23,t1_m4j4viu,t3_1hpmos2,comment
m4jdtq6,"Es obvio, y siempre DYOR. Pero capaz el no puede acceder a VT, por eso SPY (Cedear).",[deleted],merval,1,2024-12-30 12:56:59,t1_m4j4viu,t3_1hpmos2,comment
m4j4k34,Lamp sum > DCA siempre.,[deleted],merval,3,2024-12-30 12:05:20,t1_m4j2zy1,t3_1hpmos2,comment
m4j7k5z,cuando vendes un cedear te cobran el 15% sobre la ganancia?,juanchi74,merval,3,2024-12-30 12:22:36,t1_m4j576g,t3_1hpmos2,comment
m4j4bzj,que piensan de los ETFs de crypto? Balanz saco uno,juanchi74,merval,1,2024-12-30 12:04:01,t1_m4j3ing,t3_1hpmos2,comment
m4j5g96,Hace un año estaba a la mitad que ahora. Si tenías 10 lucas hoy tendrías 20.,RicardoGaturro,merval,1,2024-12-30 12:10:34,t1_m4j3ing,t3_1hpmos2,comment
m4k4abs,DYOR => Do Your Own Research => hace tus propias investigaciones,type_any_enjoyer,merval,3,2024-12-30 15:13:52,t1_m4jdtq6,t3_1hpmos2,comment
m4l8tun,Que seria lamp sum?,Strong_Arrival_8078,merval,1,2024-12-30 18:40:28,t1_m4j4k34,t3_1hpmos2,comment
m4jdk2q,Nop,[deleted],merval,2,2024-12-30 12:55:32,t1_m4j7k5z,t3_1hpmos2,comment
m4j5s84,"Balanz? Los cedears no los saca un broker individual, están para todos los brokers disponibles, bullmarket, portafolio personal, invertir online, etc.

A mí me gusta. Es simple. Se demoraron mucho en armarlos, ahora en pleno hype y moda ya es ""tarde"", salvo que vayas muy a largo plazo.",peperinna,merval,3,2024-12-30 12:12:30,t1_m4j4bzj,t3_1hpmos2,comment
m4k2p2p,en serio? no paga ganancias??,FranEGL,merval,1,2024-12-30 15:05:40,t1_m4jdk2q,t3_1hpmos2,comment
m4k412f,No pagas sobre la compra/venta.,[deleted],merval,5,2024-12-30 15:12:32,t1_m4k2p2p,t3_1hpmos2,comment
m4kbzx0,sobre que pagas?,juanchi74,merval,1,2024-12-30 15:53:02,t1_m4k412f,t3_1hpmos2,comment
m4kctc2,Por tenencia (bienes personales) y por dividendos.,[deleted],merval,2,2024-12-30 15:57:09,t1_m4kbzx0,t3_1hpmos2,comment
m4khzgc,pero eso es si superas un cierto importe no?,juanchi74,merval,2,2024-12-30 16:23:38,t1_m4kctc2,t3_1hpmos2,comment
m0pgd3q,"Soy de boquita, por qué esto no afecta a las tasas de préstamos?",mauricioezequiel,merval,23,2024-12-06 10:52:49,t3_1h7z3f5,t3_1h7z3f5,comment
m0pw1nq,"Razonable decision, con la cotización tan tranquila y siguiendo su rumbo apreciado... abaratar el costo del crédito en pesos y potenciar que empiece a morigerar su apreciación es un objetivo bastante positivo.

Y lo mas importante es que bajaron la TASA ACTIVA mas que la de referencia, o sea la tasa con la que toman prestado los bancos.",ayymadd,merval,10,2024-12-06 12:26:04,t3_1h7z3f5,t3_1h7z3f5,comment
m0puw5q,El pibe de 12 años que se unió ayer a r/merval: bicicleta financiera 🤑🔥😈👌🏻,Nice_Objective_8604,merval,39,2024-12-06 12:19:45,t3_1h7z3f5,t3_1h7z3f5,comment
m0owq3r,"Una pequeña reduccion al Carry Trade, probablemente en respuesta a la casi unificación de tipos de cambio y la baja de inflación.


Lo llamativo es que la tasa vuelve a quedar por debajo de la inflación anual también tomando la última inflación mensual disponible. Evidentemente se sienten muy confiados con que la van a seguir bajando.


Afectará en el dolar ya que constantemente se escucha de algunos que la bicicleta financiera es lo único que lo mantiene bajo? Lo veremos hoy en las cotizaciones.",Morlaak,merval,19,2024-12-06 08:17:33,t3_1h7z3f5,t3_1h7z3f5,comment
m0pm17w,"El dolar blue ya esta $1040, igual que el oficial. Que carajos paso?",marcelorojas56,merval,2,2024-12-06 11:28:40,t3_1h7z3f5,t3_1h7z3f5,comment
m0paouw,"Los llevan a que paguen renta variable en techos de mercado. Ojaldre q a los del blanqueo los taparon con galpones celu, cepu, ceco, boldt, carc, todas basuras que subieron de forma estrafalaria.

Le tocan hacia abajo la tasa, pagan techo de mercado, el mercado ajusta (porque ajustará) y los pelan a todos.

No falla.

Edit: Aclaro, mi estrategia es seguir holdeando activos argentinos y criptos, y de a poco ir pasando a brasil y china. Regiones muy castigadas.

Queda por ver el desarme de los PF UVAs.",Creepy_Spread_2074,merval,2,2024-12-06 10:14:39,t3_1h7z3f5,t3_1h7z3f5,comment
m0qtu99,Puede ser que tenga que ver esto con que bajaron los valores de cuotapartes de los FCI?,LifeguardFormer1323,merval,1,2024-12-06 15:23:29,t3_1h7z3f5,t3_1h7z3f5,comment
m0pw1px,"Excelente, esto sumando a la unificación del TC actual, la baja en la inflación y la poca demanda de dólar paralelo apunta a una eliminación del cepo en corto plazo, siguiendo la tendencia actual",miviejaentanga,merval,1,2024-12-06 12:26:04,t3_1h7z3f5,t3_1h7z3f5,comment
m0qpj0b,"En un pais normal si, los prestamos andan 2 o 3% arriba de la tasa de referencia. Aca parece que son todos boludos y no hay competencia entonces no hace falta. Todos los dias me llegan mail de ""increibles prestamos"" por el increible monto equivalente a 6000 dolares, con TEA del 80%.

El otro dia yo andaba diciendo que me parecia un absoluto choreo los prestamos hipotecarios UVA + 8% cuando el mejor bono UVA (con riesgo argentino) creo que da UVA+2.25%, y uno me dijo ""los bancos también tienen que ganar plata"". O el otro clasico ""pero hay riesgo"", me parece que se olvidaron que el colateral es la casa, de la cual el banco nisiquiera te dio el 100% del valor con el credito. Creo que a esos los afanan en la via publica y te dicen que estan colaborando a reducir la pobreza.",BNeutral,merval,37,2024-12-06 15:00:51,t1_m0pgd3q,t3_1h7z3f5,comment
m0ppva9,"Estamos iguales, también soy de bokita y quisiera una explicación acorde, por favor.",DeusAsu,merval,12,2024-12-06 11:51:32,t1_m0pgd3q,t3_1h7z3f5,comment
m0q3cb7,"Supuestamente los bancos estan dando prestamos a full sin bajar las tasas, asi que ni se molestan en bajarlas.",[deleted],merval,11,2024-12-06 13:05:10,t1_m0pgd3q,t3_1h7z3f5,comment
m0t9l1i,"De préstamos no, de interés de inversión, (plazos fijos, frascos de Uala, rendimientos de MP). 

(Igual, si debería afectar a los préstamos al largo plazo ya que baja la inflación).",tomycarrillo,merval,1,2024-12-07 00:01:26,t1_m0pgd3q,t3_1h7z3f5,comment
m0qnb5f,JAJAJAJAJAJAJAJAJAJAJSJJJJJJJJJAJJJJJ,fattekatze,merval,3,2024-12-06 14:49:30,t1_m0puw5q,t3_1h7z3f5,comment
m0oxrwa,[deleted],[deleted],merval,23,2024-12-06 08:27:56,t1_m0owq3r,t3_1h7z3f5,comment
m0q3qdb,"Sí, yo creo q de cabeza estan confiados que va a seguir bajando. Es muy dificil pensar inflacion de 2% o más dentro de 12 meses",kdolmiu,merval,1,2024-12-06 13:07:16,t1_m0owq3r,t3_1h7z3f5,comment
m0qq0jk,"> Afectará en el dolar ya que constantemente se escucha de algunos que la bicicleta financiera es lo único que lo mantiene bajo? Lo veremos hoy en las cotizaciones.

Tendría que bajar como 20 % más para eso. Con dolar planchado sigue siendo altisimo el retorno",BNeutral,merval,1,2024-12-06 15:03:23,t1_m0owq3r,t3_1h7z3f5,comment
m0upen1,De donde sale la conclusion de que el capital del blanqueo termino en galpones? Me da mas la sensacion de que o no fue a ningun lado aun o esta yendo todo a real estate,HwanZike,merval,2,2024-12-07 08:05:53,t1_m0paouw,t3_1h7z3f5,comment
m0qob3c,"El mejor comentario hasta ahora, podes explicarlo un poco mas?   hace de cuenta que  soy rubia",LorenIpsuum,merval,1,2024-12-06 14:54:34,t1_m0paouw,t3_1h7z3f5,comment
m0up8bb,"Cada FCI es un mundo, si te referis a los money-market que son pura tasa de bajo riesgo sí.",HwanZike,merval,1,2024-12-07 08:04:08,t1_m0qtu99,t3_1h7z3f5,comment
m0psfmx,"Si, deberia, aunque los bancos son libres de fijar esas tasas. De todas formas no veo ningun banco con tasas logicas ultimamente asi que no estaria surtiendo efecto.",eunuch_unicorn,merval,13,2024-12-06 12:06:07,t1_m0ppva9,t3_1h7z3f5,comment
m0qhq4j,"Cada vez que entro al HB me tiran carteles con ofrecimientos, pero veo las tasa y no son competitivas la verdad, ves la inflación que proyectan en la REM y parece una tomada de pelo",mauricioezequiel,merval,6,2024-12-06 14:20:27,t1_m0q3cb7,t3_1h7z3f5,comment
m0q5t83,"Porque viven de la usura y la ignorancia, por eso tienen tanta plata.",fsocietyARG,merval,4,2024-12-06 13:18:22,t1_m0q3cb7,t3_1h7z3f5,comment
m0r72nr,Creo que debe ser más un tema de como calculan el riesgo que de demanda de crédito,mcel595,merval,1,2024-12-06 16:33:20,t1_m0q3cb7,t3_1h7z3f5,comment
m0oyi9l,"Tal cual, no es un salto enorme aunque si se acompaña a la otra bajada que hubo hace un mes cuando estaba en 40%.


Cuando la bajaron de 60 a 50 puntos en mayo el dolar libre subió más de 30%, como referencia.",Morlaak,merval,1,2024-12-06 08:35:00,t1_m0oxrwa,t3_1h7z3f5,comment
m0uvjmw,"Vos sabes q tengo varios amigos q trabajan en alics y me habian comentado justamente eso. Ya sabían del blanqueo y tenías preparadas carpetas para sus clientes.

Respecto a real state vamos a ver si subio el indice de la construccion en estos ultimos meses, para cotejar lo q dices. Puede ser cierto, no tengo dudas, pero me hace ruido que el sector laboral todavia está parado, y no hay noticias de un boom inmobiliario.",Creepy_Spread_2074,merval,1,2024-12-07 09:04:12,t1_m0upen1,t3_1h7z3f5,comment
m0rs19c,"ah gracias, pero no es pa tanto, es sólo ver el contexto y actuar en consecuencia. 

Supuestos:  
\- Funcionario de Trump en la SEC muy vinculado a las criptos. Hoy hay reglamentaciones especiales para que empresas como Coinbase (COIN) y Riot Platforms (RIOT) presenten balances trimestrales.  
\- Guerra Arancelaria con China en descenso a partir del nombramiento de D. Perdue, funcionario de Trump (papeles chinos a precio de remate, como NIO, BABA, BIDU, etc).  
\- Brasil, con el gobierno de Lula a la deriva, con papeles como BBD a precios pandemia. Tambien tenes otros como NU, PAGS, STNE, NU, etc.  
\- Argentina, con activos locales en techo de mercado, dolar por el piso, y despues del exitoso programa de blanqueo, se extiende el plazo. Diciembre, en Argentina, se demanda dolares por motivos estacionales mas que por otros motivos. 

\_\_\_\_\_\_\_\_\_\_\_\_\_\_\_\_\_\_

Ahora bien, Argentina tiene tres grandes temas no resueltos, por un lado no hay fecha cierta de salida del cepo, y por el otro lado, el nivel de reservas liquidas es bajo en relacion a la oferta monetaria. Esto técnicamente le da un valor dolar sin cepo muy alto. La incertidumbre respecto al cepo puede ocasionar cuellos  de botella en la inversion, luego, la suba del PBI sólo por Consumo puede crear subas de precios por falta de inversion. Este sería el tercer punto.

Desde mi punto de vista, los activos argentinos ya dieron su rendimiento, para salir de mercado ""standalone"" a ""emerging"" deberiamos tener un Embi + menor  a 600 puntos, pero no vamos a salir de eso si no salimos del cepo.   
  
Entonces, lo mejor es seguir holdeando criptos, viendo algo de China y Brasil y salir de Argentina, primero de esos galpones que mencioné, luego de bancos y despues de energeticas.

Si entraste en el blanqueo y te quedaste quieto en activos argentinos, cuando el mercado ajuste, el resto de los mercados ya habrán subido lo suficiente como para pagar techos.

Era eso, sólo mi punto de vista.  
=D",Creepy_Spread_2074,merval,5,2024-12-06 18:26:24,t1_m0qob3c,t3_1h7z3f5,comment
m0v2t25,"No no, hablo del santander que tuvo una caida enorme, lo cual me parece raro porque en la cartera de inversiones tienen al banco galicia y bbva, edenor, ypf, etc",LifeguardFormer1323,merval,1,2024-12-07 10:04:27,t1_m0up8bb,t3_1h7z3f5,comment
m0qb4ji,"Cuando dejen de pedir préstamos al punto que van a tener que bajar o ver cómo conseguir más plata deberían bajar, el tema es que tienen espalda intercontinental para aguantar y aparte tienen tb los intereses de las tarjetas de crédito",[deleted],merval,6,2024-12-06 13:46:18,t1_m0psfmx,t3_1h7z3f5,comment
m0p1k92,"Sí, pero la confianza en Mayo en que iban a poder pagar la deuda, estabilizar todo y bajar la inflación decisivamente era MUCHO menor a la de ahora.  
32% anual en pesos con un tipo de cambio así de pancho es un MONTON todavía, y la inflación me imagino que ahora que van aminorando los ajustes brutales por retrasos que teníamos (en transporte, electricidad, etc...) ya debería bajar definitivamente.  

Igual estoy de acuerdo que parecería faltar un sinceramiento para no ser tan caros en dólares, y el motivo que le veo a eso es el hermoso carry trade que hubo todo este año. No somos de repente una máquina de productividad como para apreciarse el peso 80% contra el dólar.  
No creo que sea con esta baja chiquita el salto, pero a principios del año que viene capaz le pegan un tirón de 10 puntos o algo así, mediran el salto que pegue el dólar y capaz ya se animan a sacar el cepo cuando la tasa sea un número razonable y el dólar no se dispare.",--Quartz--,merval,17,2024-12-06 09:03:02,t1_m0oyi9l,t3_1h7z3f5,comment
m0qqtbl,">Cuando la bajaron de 60 a 50 puntos en mayo el dolar libre subió más de 30%, como referencia.

El tema es que recién en Julio empezo a plancharse la subida de base monetaria. Hasta entonces seguia con la pendiente que venía casi.",BNeutral,merval,4,2024-12-06 15:07:33,t1_m0oyi9l,t3_1h7z3f5,comment
m0qhqa8,"Pasa que en mayo me parece que bajaban 10 puntos cada semana, bajaron a 70 no paso nada, bajaron a 60 nada, listo bajamos 10 mas, se descajetó todo.",SnooMachines3992,merval,2,2024-12-06 14:20:29,t1_m0oyi9l,t3_1h7z3f5,comment
m0pmhfo,"si pero ahí medio que se engolosinaron, porque la bajaron 40% en total en un mes, creo que tocó 40% y ahí se dispararon los dólares. Hace poco la bajaron a 35% y no les hizo ni fresco.",julian_perceval,merval,1,2024-12-06 11:31:24,t1_m0oyi9l,t3_1h7z3f5,comment
m0s9tr0,"Es cierto, China tiene excelentes empresas a precios bajisimos, ademas habria que ver como se van a dar las cartas ahora con Trump, mas de un tortazo se va a comer si no atempera un poco, ya le paró las patas China con las tierras raras, hay mucho insumo chino que ellos necesitan (ademas de fentanilo  jaja).
En cuanto al merval y otros papeles top S&P y demas, esta todo alto, habra que ver hasta cuando.
Gracias por la respuesta extendida, siempre  aprendo algo nuevo acá, saludos",LorenIpsuum,merval,3,2024-12-06 20:08:45,t1_m0rs19c,t3_1h7z3f5,comment
m0uhwss,"Los bancos no pierden, inclusive cuando van a bancarrota, los suele salvar el estado",eunuch_unicorn,merval,2,2024-12-07 06:47:20,t1_m0qb4ji,t3_1h7z3f5,comment
m0pw0ni,"Mi teoria fundamentada en nada es que en diciembre hay una alta demanda de pesos por aguinaldos, fiestas, etc. La brecha tiene un sacudon a la baja en parte por eso. En enero, febrero se demandan mas dolares porque la gente se va de paseo y con estos niveles seguro se vayan al exterior (Brasil?). En marzo hay de nuevo demanda de pesos por las clases.

Asi que hay 3-4 meses donde pueden usar eso a su favor para tocar las tasas con eso en mente",Organization_Aware,merval,4,2024-12-06 12:25:54,t1_m0p1k92,t3_1h7z3f5,comment
m1782ih,"NIO: +13.67%  
BABA: +8,28%  
BIDU:  +7,59%

As of 12/09/2024 11:53 am  
\_\_\_\_\_\_\_\_\_\_\_\_\_

Ojala te hayas podido posicionar para el rush chino.!!!",Creepy_Spread_2074,merval,2,2024-12-09 11:54:43,t1_m0s9tr0,t3_1h7z3f5,comment
m0b7jdb,El hobby de entrar todos los días a tu planilla e ir ajustando variables no tiene precio!,ski_slalom,merval,21,2024-12-04 00:09:11,t3_1h65imj,t3_1h65imj,comment
m0b2r4f,Buen aporte. Te lo manoteo. Muchas gracias.,[deleted],merval,5,2024-12-03 23:39:32,t3_1h65imj,t3_1h65imj,comment
m0d1ufa,"Lo voy a chusmear, se ve copado. Dejá link a este hilo en el Sheet por si te quieren dar feedback",Heliopata,merval,4,2024-12-04 10:05:59,t3_1h65imj,t3_1h65imj,comment
m0ectcr,Tengo una propia pero me viene bien para seguirla nutriendo. Buen aporte op!,musshusu,merval,3,2024-12-04 14:30:18,t3_1h65imj,t3_1h65imj,comment
m0ey6u8,"Gracias, mi planilla ya es un monstruo que cobró vida propia y se apoderó de mi vida, y amo seguir retocandola todo el tiempo para añadirle cosas y ver trabajos de otros me super inspira",Nachovyx,merval,3,2024-12-04 16:16:56,t3_1h65imj,t3_1h65imj,comment
m0bm7xv,Excelente aporte!!,kdolmiu,merval,2,2024-12-04 01:50:07,t3_1h65imj,t3_1h65imj,comment
m0f10ry,"Tome su like, mi estimado.",ParticularVivid1252,merval,2,2024-12-04 16:31:03,t3_1h65imj,t3_1h65imj,comment
m0fv5ip,"Excelente aporte, muchas gracias.",dank-monkl,merval,2,2024-12-04 18:59:52,t3_1h65imj,t3_1h65imj,comment
m0mjxd5,"Buen aporte, me vendría bien algo así pero alta paja armar uno, además soy medio bruto en excel, te lo robo.",Less_Explanation_401,merval,2,2024-12-05 21:05:32,t3_1h65imj,t3_1h65imj,comment
m0n4ey4,"Está excelente, me lo afané completamente xD  
Te hago una consulta, estoy queriendo agregar un FCI en el aux ahorro, sabés si hay manera?  
Intenté importar desde la web de CAFCI pero en vez de salirme los valores me sale la variable de js kj

  
Ejemplo: {{ info.diaria.rendimientos.day.fecha }} | {{ info.diaria.rendimientos.day.rendimiento | printRendimiento }} Directo

Sabés si hay una forma de sortear esto o si hay otra api que te ofrezca la data? Es el superfondo estratégico de Santander, por si ayuda",Masachus,merval,1,2024-12-05 23:08:46,t3_1h65imj,t3_1h65imj,comment
m0qr2t5,"No la voy a usar pq ya tengo una mia q no se si es mejor pero ya la tengo mas clara, esta la veo mas completa pero mucho mas complicada a la vez, pero te voy a robar como loco esa importacion del dolar blue, q de critica te mando q la pongas en cols ocultas, pq si alguien mueve o borra en esas celdas sin querer dps no va a sacar el error jamas.  
Ya q robo, tiro para sumar, no tenes proyecciones...no te digo un cashflow, pero por ejemplo, tengo mi sector de proyeccion para saber mi tope de gasto semanal, q depende de... (mi ingreso del mes neto anterior -alquiler-gastos fijos)/4... si tengo planificado adentro tb el % de ahorro lo pongo, yo lo hago mental eso...si se hace un seguimiento casi diario a gastos, esto ayuda a medirse mucho.",ivanariel99,merval,1,2024-12-06 15:08:57,t3_1h65imj,t3_1h65imj,comment
m0trnnk,"Advertencia: Algunas fórmulas intentan enviar y recibir datos de terceros.

  
???",ElMatasiete7,merval,1,2024-12-07 02:18:03,t3_1h65imj,t3_1h65imj,comment
m0yj0ye,.,manusa99,merval,1,2024-12-07 21:50:44,t3_1h65imj,t3_1h65imj,comment
m0coe2v,también la plantilla?,Ok-Acante4524,merval,17,2024-12-04 08:12:30,t1_m0b2r4f,t3_1h65imj,comment
m0crpn8,Todo. Soy bien goloso.,[deleted],merval,12,2024-12-04 08:44:38,t1_m0coe2v,t3_1h65imj,comment
m08a4j7,"Para saber si algo está en máximos o está caro deberías saber cuál es la valuación ""correcta"" de dicho activo. En el caso de los bonos es más fácil, pero con acciones qué fundamentos tenés para decir que está caro? El SPY está hace años alcanzando máximos históricos, y los años que baja al año siguiente sube con más fuerza. Si tu inversión es a largo plazo comprar ahora o en unos meses no te hace diferencia.

Podés hacer DCA, comprar todos los meses un puchito. Si está caro no metiste toda tu plata, si agarraste una corrección, habrás comprado barato.",luislezcair,merval,55,2024-12-03 14:30:02,t3_1h5sdwx,t3_1h5sdwx,comment
m089h46,"petróleo y soja internacional a precios bastante bajos

igual los máximos se están rompiendo constantemente, hoy hace un máximo histórico, en dos semanas lo hace de nuevo, y así...

lo peor es cuando hay una corrección supongamos del 7%, no sabes si paró ahí y vuelve a subir, o si va a ser el principio de una corrección y entras y te comes un -25%",[deleted],merval,23,2024-12-03 14:26:42,t3_1h5sdwx,t3_1h5sdwx,comment
m08hamg,Brasil está bajo. Puede ser una oportunidad.,elcideca,merval,19,2024-12-03 15:06:54,t3_1h5sdwx,t3_1h5sdwx,comment
m089jdi,"hola entrando en maximos y haciendo guita; la cantidad de gente que la ve de afuera esperando una correcion es impresionante.. a veces es cuestión de subirse a la manijeada y bajarse cuando estes conforme.

Saludos!",oficinistarandom,merval,18,2024-12-03 14:27:01,t3_1h5sdwx,t3_1h5sdwx,comment
m08dlud,Intel no está en máximos. El CeDeAr EMM (Emergentes) no está en máximos.,ivanreddit,merval,12,2024-12-03 14:47:56,t3_1h5sdwx,t3_1h5sdwx,comment
m087avk,"Estoy igual que vos ...

A ver, si es de aca a 20 años la inversion no importa mucho que entres en un maximo, pero si es posible que si entras ahora en 2 o 3 años estes abajo.

Personalmente me quedaria con un poco de cash, pero es dificil timear el mercado, aunque algunos inversores como warren buffet estan liquidos",Superaden,merval,17,2024-12-03 14:15:13,t3_1h5sdwx,t3_1h5sdwx,comment
m08hjro,"Tengo dos cuentas, una a largo plazo y otra de timba. En la de largo plazo, mucha guita que tenía en acciones y bonos locales la pasé a Cedears no-cíclicos, bajo mi idea de que en el próximo año puede venir una corrección o subir el dólar. Elegí empresas que den dividendos, que no suele ser buena idea, pero como consuelo si me equivoco con la lectura. También puse un puchito en proveedores de defensa (militares), porque hay mucha locura en el mundo. No digo cuáles son los papeles porque no hice ningún análisis.

La cuenta de timba está en el mercado yanqui. Es un mercado enorme, todos los días hay oportunidades de timba, léase, acciones en las que podés quedar de culo o hacer buena diferencia. Si tenés un poco de criterio (no hacer day trading, no operar opciones cortas a menos que sepas lo que estás haciendo, diversificar, no meterse por FOMO, etc.) sigue siendo timba pero no tan timba, usted me entiende \**le dá otra pitada al cigarrillo, la mano temblando\**",heretique_et_barbare,merval,7,2024-12-03 15:08:14,t3_1h5sdwx,t3_1h5sdwx,comment
m087hxr,"Me pasa igual. Estoy parado esperando alguna correcion, pero no la veo venir.",Dnkho,merval,5,2024-12-03 14:16:14,t3_1h5sdwx,t3_1h5sdwx,comment
m088ka6,"Estoy igual, decidi ir metiendo de a poco a lo largo de los meses

Caso que haya correccion: ""bueno al menos meti todo, ahora a comprar""

Caso que no haya correccion: ""bueno, al menos algo meti""

El resto va mientras tanto a bonos seguros, aunque dejo una pila en cash para movimientos comunes",kdolmiu,merval,4,2024-12-03 14:21:54,t3_1h5sdwx,t3_1h5sdwx,comment
m08c4d6,Yo estoy considerando meter en Bonos PBA. Cuando se vaya el enano comunista van a subir lindo.,Extension-Stick-9434,merval,4,2024-12-03 14:40:18,t3_1h5sdwx,t3_1h5sdwx,comment
m09hlxm,"PAMPA ENERGIA GORDO


Laburo con varias metalurgicas y de golpe salieron una banda de proyectos de Pampa",One-Philosopher-4981,merval,5,2024-12-03 18:13:24,t3_1h5sdwx,t3_1h5sdwx,comment
m0894a4,"China está todo bajo, si te gusta la timba podes probar por ahí.",Andrescoo,merval,6,2024-12-03 14:24:49,t3_1h5sdwx,t3_1h5sdwx,comment
m087dw8,"Todo depende de tu horizonte de inversión, a un año o menos renta variable no es el instrumento esté en mínimos o máximos, a 5 años o más comprás a cualquier precio.",ap0r,merval,3,2024-12-03 14:15:39,t3_1h5sdwx,t3_1h5sdwx,comment
m08x40g,Shortea,PumpkinNew7238,merval,3,2024-12-03 16:27:53,t3_1h5sdwx,t3_1h5sdwx,comment
m088w26,"Tenes ON que pueden servirte, podes ver brasil y china que estan un poco bajos tb aunque con mas riesgo",Luchog96,merval,2,2024-12-03 14:23:38,t3_1h5sdwx,t3_1h5sdwx,comment
m08f089,"Creo que estas asumiendo erradamente que un máximo significa que va a caer. No necesariamente es así. Agarra GGAL, BMA, VALO por indicar algunos casos. También podés ver PLTR como otro caso. Sus crecimientos fueron continuos en todo los que va del año. Es decir, que estuvieron en máximos casi siempre y no cayeron. Creo que confunden subidas abruptas con máximos. Puedes tomar el caso de LAAC ignorando su poca historia. Tomó un máximo abrupto y volvió a sus valores comunes. Podrías decir que es un máximo histórico per se, pero no fue en ese sentido, sino que su valor más alto está, como te lo muestra, su historia mucho más abajo. Esa subida fue una anomalía.  
Ahora podrías de TVPP tiene subas algo abruptas y, sin embargo, queda allí donde sube. \[Ok Es algo tramposo esto último porque su valuación depende de un cálculo que apenas entiendo, pero que depende del PBI\] 

Mi punto es que haya alcanzado un máximo histórico no significa una caída abrupta. Incluso que haya alcanzado un máximo no significa eso. Tienes que ver más bien como alcanza ese máximo. Por ejemplo,  ¿lo hace con incrementos algo graduales o lo hizo en dos días con un incremento de un 20% por día? Oportunidades todavía hay. Solo hay que mirar bien los indicadores. Yo veo todavía muchas con un crecimiento constante. Y así como suben con ritmo y cierta constancia, suelen bajar con ritmo. Quiero decir que tendrás señales de una posible baja. No es necesario esperar un piso para invertir.",Real_Barracuda_6851,merval,2,2024-12-03 14:55:06,t3_1h5sdwx,t3_1h5sdwx,comment
m08gt0a,"En SPY

Agarra un dia random de SPY y es probable que este en maximos. La idea del mercado es ir para arriba, obvio que va a estar en maximos la mayor parte del tiempo

Crypto es crypto, ni me meto en el tema",teteban79,merval,2,2024-12-03 15:04:22,t3_1h5sdwx,t3_1h5sdwx,comment
m08mjs3,"No está todo en máximos históricos, te dejo un par para que analices:
KO
INTC
MMM
MRK
DIS
ADBE",EntidarkKing,merval,2,2024-12-03 15:33:57,t3_1h5sdwx,t3_1h5sdwx,comment
m08mroy,SPY y metes un poquito todos los meses. Ya esta hecha la cuenta por la gente de Bogleheads.,[deleted],merval,2,2024-12-03 15:35:05,t3_1h5sdwx,t3_1h5sdwx,comment
m08o2os,"El viejo SPY, nada le gana. Lo del máximo es imposible de predecir, solo es problema real si sos de los perdidos que compran en máximos pero despues si baja venden en mínimos. Y mientras este horizontal o bajando, igual cobras los dividendos, que hay que contarlos aunque en el gráfico no figuren.",BNeutral,merval,2,2024-12-03 15:41:44,t3_1h5sdwx,t3_1h5sdwx,comment
m092koc,"Brasil lala lala lala lalaaaa

Igual la parte de riesgo nomás, o tratando que te sirva como segundo objetivo para tener una parte para dividendos",juanmaAV,merval,2,2024-12-03 16:55:55,t3_1h5sdwx,t3_1h5sdwx,comment
m09qc2z,"Estás mirando mal, hay bocha de acciones a valores súper atractivos, Pero hay que mirar en otros lados. Yo vengo comprando empresas a ratios lógicos y de distintos sectores. Las favoritas del mercado pueden valer cualquier cosa y mucho tiempo.",armonicoenfuga,merval,2,2024-12-03 18:58:08,t3_1h5sdwx,t3_1h5sdwx,comment
m0dkhum,Buy Byma. Abrazo,Orphenvg,merval,2,2024-12-04 12:03:11,t3_1h5sdwx,t3_1h5sdwx,comment
m0891ni,"Same, lol. Metí plata hace unos meses pero no creo que siga poniendo en más nada salvo ONs.",Revolutionary_Ad3463,merval,1,2024-12-03 14:24:27,t3_1h5sdwx,t3_1h5sdwx,comment
m08aspm,en nada,PancuterM,merval,1,2024-12-03 14:33:31,t3_1h5sdwx,t3_1h5sdwx,comment
m08bk0j,"No sé algo material. Capaz ladrillos? No creo pero algo por ahí no?


Desde la ignorancia.",illBeBackBetter,merval,1,2024-12-03 14:37:25,t3_1h5sdwx,t3_1h5sdwx,comment
m08fy8d,En materia cripto solo btc y alguna que otra más está en máximos. Yo iría por etheruem que aún está lejos de su máximo pero al ser mundo cripto puede explotar y alcanzarlo en dos días.....,ComfortableAny151,merval,1,2024-12-03 14:59:54,t3_1h5sdwx,t3_1h5sdwx,comment
m08lpt1,...y que dice el VIX ?,Creepy_Spread_2074,merval,1,2024-12-03 15:29:41,t3_1h5sdwx,t3_1h5sdwx,comment
m08wo94,"llevo menos de dos años poniendo plata todos los meses en cedears, armando la famosa ""jubilacion"". pasó un poco de todo pero sigo con la idea de poner algo todos los meses. de momento la unica conclusion que saque es porque no meti todo siempre en el SPY. pero quien sabe puede caer.... puede pasar cualquier cosa. es de aca a muchos años espero que sirva. la inestabilidad global de que pensar.",freechorizo,merval,1,2024-12-03 16:25:37,t3_1h5sdwx,t3_1h5sdwx,comment
m0967xk,"Ya te dijeron Brasil y te agrego una que para muchos es una locura y de alto riesgo, para mi da la vuelta seguro (y si la termina levantando, es 400%...) 

STLA

La verdad es que las marcas estuvieron teniendo problemas de ventas y de calidad en los ultimos años, pero no me parece que sean ""irremontables""... son marcas con muchos fieles y si lo revierten, no van a perder muchos adeptos: RAM, Peugueot, Citroen, Dodge, etc. Son marcas que fueron fuertes...

La empresa GANA DINERO (mucho, en relación a lo que cuesta la acción) y reparte dividendos altos

Y lo mejor: Acaban de cambiar al CEO (que era muy cuestionado por intentar mover todos los coches a electricos) lo cual conlleva un teórico cambio de estrategia...

En fin, es de muy alto riesgo, siiiii... pero para mi hay chances de que la levanten, y si lo hacen creo que el retorno va a ser alto...",InevitableBit2367,merval,1,2024-12-03 17:14:44,t3_1h5sdwx,t3_1h5sdwx,comment
m0a19qk,"Invertí en lo mismo en que hubieras invertido pero no todo tu capital, si hay una corrección volvés a invertir y así promediás. Siempre que pienses a largo plazo.",Vegetable_Wolf6194,merval,1,2024-12-03 19:57:09,t3_1h5sdwx,t3_1h5sdwx,comment
m0an9vp,nada,MelaniaSexLife,merval,1,2024-12-03 22:06:16,t3_1h5sdwx,t3_1h5sdwx,comment
m0aqo80,"Un maximo no implica que  vaya a bajar, y si baja no implica que la tendencia general a corto o largo plazo (dependiendo que queiras hacer) sea esa. Sabes cuantos maximos historicos hubo de todo? Y note olvides que el SPY esta \*constantemente\* siendo actualizado, porque lo que al menos hasta donde entiendo, salvo que la caugne mucho (no creo, es un indice bastante laureado) deberia seguir la economia per se de USA. Y si bien uno podria considerar que haya una caida por el ""tarifazo"" que planea trump, sinceramente dudo que haya un a caida de verdad en su economia (hablo sacandome la opinion del tuje igual)

Igual si te queres cubrir si, siempre podes jugartela con obligaciones, al menos parcialmente porque hasta ahora creo que nadie que le haya jugado en contra l spy a largo plazo le gano",simonbleu,merval,1,2024-12-03 22:26:33,t3_1h5sdwx,t3_1h5sdwx,comment
m0awiuu,El dólar está regalado,Yearlaren,merval,1,2024-12-03 23:01:38,t3_1h5sdwx,t3_1h5sdwx,comment
m0awr8u,"Compra ONs, algo de bonos soberanos, renta fija en pesos y a esperar.

Hay bastantes cosas para hacer aunq las acciones y cedears estan en maximos.


Ademas hay acciones como Morixe o cedears como Amat / Asml que estan buenos para comprar.",UniversityWorldly199,merval,1,2024-12-03 23:03:03,t3_1h5sdwx,t3_1h5sdwx,comment
m0azo35,"Vengo viendo 

$PAM, se fue carisima pero muy sólida financieramente, con negocio bien distribuido y un management de la hostia.

$VIST, un caño, muy ordenada y se relajo bastante. La veo a buen precio.

$GOOG, es de lo más atrasado tech, y es google.

$SPY, no veo tan cargados los indicadores. Para mí le queda suba. Más si es largo plazo.

$JPM, es el banco más grande del mundo y con el liderazgo del kicker Jamie Dimon #1. Si no te convence, $V.

$MELI, super sólida y con buen management, me preocupa un poco brasil. LlevarIa haciendo DCA.

$PLTR, casi que por timba llevaria.

Por precio también me gusta $CEPU.


No sé, te di 9 opciones. Si queres cerrar en 10, $CRESY, que el campo aún no explotó en Argy.",goku_ssj3_,merval,1,2024-12-03 23:20:46,t3_1h5sdwx,t3_1h5sdwx,comment
m0b2u0p,Mirá todos los activos ajustados por inflación. No te quedes sólo con que están en máximos nominales. La gente se olvida pero durante la pandemia se emitió a mansalva en todo el mundo y no parece que todavía se haya compensado con mayor productividad. Yo a Brasil no los tocaría no con un palo todavía. Lula esta haciendo desastres. Creo que falta una buena corrección y que se abra el panorama político con un candidato que sea mejor que Bolsonaro.,rally2000,merval,1,2024-12-03 23:40:02,t3_1h5sdwx,t3_1h5sdwx,comment
m0be1e4,"Compra omi, ahora esta en 0.00032 y eth, ahora esta en 3600",Firm_Translator_8623,merval,1,2024-12-04 00:51:32,t3_1h5sdwx,t3_1h5sdwx,comment
m0d24gi,Como dice el dicho? El mercado está en el máximo el 80% del tiempo. O algo así.,FulanoMeng4no,merval,1,2024-12-04 10:07:58,t3_1h5sdwx,t3_1h5sdwx,comment
m0hdvou,"Quedate liquido haciendo tasa, aunque depende tu plazo. A veces la mejor inversión es quedarse quieto.",Unlikely_Bag8462,merval,1,2024-12-05 00:19:24,t3_1h5sdwx,t3_1h5sdwx,comment
m0uy9ke,"Siempre a lo largo de tu vida, vas a encontrarte en máximos históricos, las inversiones tienden a ir hacia arriba una y otra vez (sino que sentido tendría?) es inevitable que lleguen a máximos históricos.

Lo que tenes que ver no es ""ay donde meto la plata, me quema las manos"", sino más bien cual es tu objetivo de inversión, tu horizonte, tu capacidad de ahorro y por supuesto, que tanto estas dispuesto a arriesgarte.


Yo por ejemplo tengo una capacidad de ahorro de 200 usd por mes.

100 usd lo meto en renta fija mixta, destinado a vacaciones, me voy de vacaciones una vez por año a arafue
100 usd lo meto en renta variable, destinado a jubilarme. Es a muy largo plazo.


Me sobra guita? La quemo, pero porque quiero.


Siento que te complicas demasiado en donde meter la plata y no se si tenes claro para que querés usarla.",Living_View_9046,merval,1,2024-12-07 09:28:04,t3_1h5sdwx,t3_1h5sdwx,comment
m08eskx,Yo estoy entrando con mentalidad Maslaton  'Argentina se va para arriba'. Entre en octubre a algunas acciones energeticas y estoy 25◇30% arriba. Creo que a los servicios públicos les queda mucho margen de suba a pesar de estar en maximos.,perro_salado,merval,1,2024-12-03 14:54:01,t3_1h5sdwx,t3_1h5sdwx,comment
m08f8m2,"This.

No tiene sentido intentar adivinar si una acción (o el merval en general) tiene un precio ""alto"" o ""bajo"" mirando el gráfico histórico, no es ni siquiera un indicio. Salvo excepciones (desarbitrajes, que hay que fundamentar) conviene invertir bajo la [hipotesis del mercado eficiente](https://es.wikipedia.org/wiki/Hip%C3%B3tesis_del_mercado_eficiente): el precio actual es lo que el mercado estima justo, no hay motivos (por ese lado) para considerar más probable a futuro una suba que una baja.",sol_apagado_28,merval,13,2024-12-03 14:56:16,t1_m08a4j7,t3_1h5sdwx,comment
m0a6gir,Price over earnings?,Outrageous-Ad-4819,merval,2,2024-12-03 20:27:16,t1_m08a4j7,t3_1h5sdwx,comment
m08ckui,"De lo pior es eso, el caputazo de Julio fue increíble",JuJitosisOk,merval,6,2024-12-03 14:42:41,t1_m089h46,t3_1h5sdwx,comment
m09qewr,"Eso es genial, porque bajas tu costo adquisitivo y subes la rentabilidad, para que en el siguiente rebote o cambio de tendencia al alza, el margen de ganancia se dispara.  En bolsa no solo se gana cuando suben las cosas, también podemos ganar cuando bajan",AggravatingCheck7980,merval,1,2024-12-03 18:58:32,t1_m089h46,t3_1h5sdwx,comment
m0a1us0,"Si estás comprando un activo que te interesa, cuando hay una corrección así comprás el ofertón! Los mercados siempre corrigen para tomar liquidez.",Vegetable_Wolf6194,merval,0,2024-12-03 20:00:26,t1_m089h46,t3_1h5sdwx,comment
m0952p8,a full... especialmente PBR que tiene buenos fundamentals y está abajo (a mi criterio) arrastrado por la crisis de Brasil...,InevitableBit2367,merval,6,2024-12-03 17:08:48,t1_m08hamg,t3_1h5sdwx,comment
m09qwrs,China también. Reventó la burbuja inmobiliaria. ,Pearl_Jam_,merval,2,2024-12-03 19:01:08,t1_m08hamg,t3_1h5sdwx,comment
m0aezyg,Pero Lula tiene hasta 10/2026.. es decir le quedan casi dos años. ¿Es momento ahora?,bepragmatic,merval,1,2024-12-03 21:17:43,t1_m08hamg,t3_1h5sdwx,comment
m1t9a4u,"Ojo que trump va con la narrativa de fortalecer el dólar, que no sería beneficioso para los Brics… pero a su ves necesita prender la licuadora por la deuda
Hay que ver que gana si narrativa o fundamental",Trvisx,merval,1,2024-12-13 01:38:00,t1_m08hamg,t3_1h5sdwx,comment
m08iovu,Don’t try to time the market… BE the market (comprar ETFs a rolete),0III,merval,9,2024-12-03 15:14:09,t1_m089jdi,t3_1h5sdwx,comment
m08mx3p,Todo al ~~rojo~~ baba,Kooky_Quiet3247,merval,10,2024-12-03 15:35:51,t1_m08dlud,t3_1h5sdwx,comment
m095a3m,Intel aunque se acomode la empresa puede tardar 5 años en estabilizarse a nivel de gestión  y competitividad,Xavi_Myosotis,merval,6,2024-12-03 17:09:53,t1_m08dlud,t3_1h5sdwx,comment
m08gbu1,"yo en acciones estoy medio abajo ahora, obivo que a largo calculo que sube pero justo cobré y pensaba por ahi el extra de este mes por ahi pongo un plazo fijo o no sé la verdad, hasta que se acomode un poco",FullmetalEzio,merval,1,2024-12-03 15:01:50,t1_m087avk,t3_1h5sdwx,comment
m08r8vt,"Todo a raytheon, Boeing y empresas israelies .",No_Product_1678,merval,1,2024-12-03 15:57:48,t1_m08hjro,t3_1h5sdwx,comment
m08fes7,Pero todavía quedan tres años de enanismo comunista y no sé si no viene alguien más enanista o comunista detrás.,Real_Barracuda_6851,merval,6,2024-12-03 14:57:08,t1_m08c4d6,t3_1h5sdwx,comment
m0aqbgn,Igualmente lo pagaron!,Nakayoto,merval,1,2024-12-03 22:24:24,t1_m08c4d6,t3_1h5sdwx,comment
m0f4e03,"Yo trabajo en metalurgica, Mendoza es una provincia que va a tener mucho desarrollo en cuanto a obras en los proximos años, lo mismo para el sur del país.  
Lo de PAMPA ENERGIA no estaba tan al tanto de los proyectos que salieron...",Decent-Extreme8999,merval,3,2024-12-04 16:47:57,t1_m09hlxm,t3_1h5sdwx,comment
m08s243,Baba está bastante barata,Ok-Travel8595,merval,2,2024-12-03 16:01:57,t1_m0894a4,t3_1h5sdwx,comment
m08dt9j,Hay cedears chinos?,Zeegots,merval,1,2024-12-03 14:49:01,t1_m0894a4,t3_1h5sdwx,comment
m09rbmv,¿Y si OP no tiene millones ? ,Pearl_Jam_,merval,0,2024-12-03 19:03:19,t1_m08x40g,t3_1h5sdwx,comment
m0ahpfh,"pasa que esta lleno de AT (youtubers asesores de finanzas) que si ven un maximo historico salen corriendo, Seguia a uno que hace dos meses aconsejo a sus clientes vender YPF, hoy se quieren pegar un tiro en las patas, como mencionas PLTR viene subiendo en promedio 30% al mes con pequeñas correcciones de 8-10% durante todo el año, una locura y yo siguiendo consejos de AT sigo afuera :( jajaja",M4tut310,merval,2,2024-12-03 21:33:24,t1_m08f089,t3_1h5sdwx,comment
m0afi92,"> hay que mirar en otros lados

Tirate un centro dónde empezar a mirar.",bepragmatic,merval,1,2024-12-03 21:20:44,t1_m09qc2z,t3_1h5sdwx,comment
m09v04d,Si sacan el cepo las ons se derrumban,Livid-Bluebird-7235,merval,1,2024-12-03 19:22:57,t1_m0891ni,t3_1h5sdwx,comment
m0ax2oh,Estas sugiriendo que se va a ir parabolico en breve o algo asi?,Quick-Teacher-2379,merval,1,2024-12-03 23:04:58,t1_m0awiuu,t3_1h5sdwx,comment
m0agf8l,"Mirando el gráfico historico no, pero los fundamentals siguen existiendo.",bepragmatic,merval,2,2024-12-03 21:26:03,t1_m08f8m2,t3_1h5sdwx,comment
m0agj6j,Te agarró adentro de donde Julio.. Merval?,bepragmatic,merval,2,2024-12-03 21:26:40,t1_m08ckui,t3_1h5sdwx,comment
m0aqrd8,No revento hace como 5 años con lo de las protestas ya?,simonbleu,merval,3,2024-12-03 22:27:04,t1_m09qwrs,t3_1h5sdwx,comment
m0dxt4e,Cuántas veces colapso a esta altura?,Eatzebugs,merval,2,2024-12-04 13:14:11,t1_m09qwrs,t3_1h5sdwx,comment
m0afylt,"Muchos analistas dicen que no es momento ahora, que puede bajar más, etc. Aún así, yo voy comprando de a poco. El Mercado suele anticiparse a los escenarios. Si baja más, compraré un poco más y si se vuela , ya estoy adentro.
Es mi manera de verlo.",Feli_xD_ias,merval,6,2024-12-03 21:23:23,t1_m0aezyg,t3_1h5sdwx,comment
m09qt9y,"Intel no está en nada, en lo personal es una muy mala inversión.  Aqui aplica lo que no siempre lo barato es bueno",AggravatingCheck7980,merval,7,2024-12-03 19:00:38,t1_m095a3m,t3_1h5sdwx,comment
m0a7jm7,"Intel se divide: una empresa que diseñe procesadores y otra que fabrique chips. La segunda capaz que hace chips de calculadoras científicas. A muy largo plazo, capaz la ISA x86 se vuelve irrelevante, es una posibilidad.",ivanreddit,merval,1,2024-12-03 20:33:40,t1_m095a3m,t3_1h5sdwx,comment
m091tj4,"Sabés que la de Boeing la pensé en su momento, porque así peguen los aviones con plasticola igual van a salvarla, pero salió una noticia de que perdieron un contrato y se me llenó el culo de preguntas JAJA",heretique_et_barbare,merval,1,2024-12-03 16:52:03,t1_m08r8vt,t3_1h5sdwx,comment
m0afb2i,"> Pero todavía quedan tres años de enanismo comunista

100% agree

> no sé si no viene alguien más enanista o comunista detrás

Más que el Kici? 100% disagree",bepragmatic,merval,3,2024-12-03 21:19:33,t1_m08fes7,t3_1h5sdwx,comment
m0fkdxv,"Pampa energia, flargent, vista, ypf",One-Philosopher-4981,merval,1,2024-12-04 18:07:20,t1_m0f4e03,t3_1h5sdwx,comment
m08e2jv,De empresas chinas rey. Onda Nio byd bidu alibaba etc. También hay etf si no toy mal,Andrescoo,merval,3,2024-12-03 14:50:21,t1_m08dt9j,t3_1h5sdwx,comment
m09rp24,No tiene nada que ver.,PumpkinNew7238,merval,3,2024-12-03 19:05:17,t1_m09rbmv,t3_1h5sdwx,comment
m0at0y1,"Sí. Lo mejor es leer y educarse uno mismo. No casarse con nadie o idolatrar a alguien. Muchos pueden que estén incluso en lo correcto, pero para lo que ellos viven.  Leí un par de libros, pero hablan de una economía donde un 15% es una locura ¿Qué carajos hago con un 15 anual cuando tengo 24% mensual de inflación? Y siempre aparecen capitanes retrospectivas. Callan los errores y te refriegan los éxitos, pero nunca se responsabilizan de sus predicciones. Ahí aprendí que más vale leer los gráficos y ver la historia del activo. Si voy a arriesgar mi plata, nadie mejor que yo para saber qué riesgo puedo tomar o no. No digo que alguna buena idea puede caer de ellos. Vale escuchar algunas ideas y formular una estrategia propia, pero no creo uno obtenga más que alguna que otra perlita de sabiduría ... con suerte.",Real_Barracuda_6851,merval,1,2024-12-03 22:40:36,t1_m0ahpfh,t3_1h5sdwx,comment
m0afss7,Ya me cansé de asesorar gratis. Desde consultas hasta data.,armonicoenfuga,merval,1,2024-12-03 21:22:27,t1_m0afi92,t3_1h5sdwx,comment
m0ret6x,Explicarías porqué? No termino de entenderlo,wVultuRe,merval,1,2024-12-06 17:14:40,t1_m09v04d,t3_1h5sdwx,comment
m0clmfx,"Claro. Pero hablar de ""máximos históricos "" no es hablar de fundamentales. Los que saben de análisis fundamental no buscan info en reddit, sospecho",sol_apagado_28,merval,2,2024-12-04 07:44:04,t1_m0agf8l,t3_1h5sdwx,comment
m0b1nl4,"Si, full merval",JuJitosisOk,merval,2,2024-12-03 23:32:53,t1_m0agj6j,t3_1h5sdwx,comment
m0agysm,"¿Qué analistas hablan de Brasil? Tirate un centro..

No es mala.. coincido que la bolsa va a subir si ven que el que viene no es de izquierda. Ahora siempre se puede saltar de la zartén al fuego.

Me extiendo: incluso los que entraron con el diario del Lunes de Milei presidente ya como hecho a 1 año hicieron fortuna en todo lo que compraron.",bepragmatic,merval,1,2024-12-03 21:29:09,t1_m0afylt,t3_1h5sdwx,comment
m09ukcc,Exactly,Xavi_Myosotis,merval,1,2024-12-03 19:20:35,t1_m09qt9y,t3_1h5sdwx,comment
m0aqwwf,"\> Más que el Kici? 100% disagree   
  
Dos palabras: Breg - Man",Real_Barracuda_6851,merval,2,2024-12-03 22:27:57,t1_m0afb2i,t3_1h5sdwx,comment
m08ebut,"Ahhhh, pero esas pasan por la bolsa yanqui. Pensé que tal vez se podía invertir dinero. Gracias igual",Zeegots,merval,1,2024-12-03 14:51:39,t1_m08e2jv,t3_1h5sdwx,comment
m09s0a2,Va a shortear por un par de miles de pesos entonces ? ,Pearl_Jam_,merval,2,2024-12-03 19:06:57,t1_m09rp24,t3_1h5sdwx,comment
m0ahhex,Pero me refiero si estás mirando en el Merval o mercados de afuera..,bepragmatic,merval,1,2024-12-03 21:32:08,t1_m0afss7,t3_1h5sdwx,comment
m0aup4n,"Si, comparto lo que decís. Puede incluso ser más preocupante el escenario que se venga y, cae todo aún más. 

En cuanto a los analistas, no recuerdo puntualmente. Tengo el algoritmo ya en twitter respecto a finanzas y vi que era algo compartido. Si sigo a @chinowz @0800nacho @arielsbadar (ese últimamente promociona mucho su broker pero cuando tiene ganas tira alguna data relevante).

Va en criterio de cada uno. Yo particularmente sigo a esos y veo los análisis e info que suben. Comparo eso con lo que pienso del sector. Analizo también por mi cuenta .

Sea como sea, nadie tiene la bola de cristal.",Feli_xD_ias,merval,1,2024-12-03 22:50:34,t1_m0agysm,t3_1h5sdwx,comment
m09utp7,Para mi Intel es lo mismo que Pfizer... De nada sirve que consigan inyección de capital cuando se carece de innovación y fundamentos.,AggravatingCheck7980,merval,2,2024-12-03 19:21:59,t1_m09ukcc,t3_1h5sdwx,comment
m0ar19s,Naa.. alguna vuelta sacaron más de su 2% de toda la vida?,bepragmatic,merval,2,2024-12-03 22:28:40,t1_m0aqwwf,t3_1h5sdwx,comment
m08fu8p,Pero aca podes invertir en eso usando un broker. Informate porque el limite no son los cedears,MrYeta89,merval,1,2024-12-03 14:59:19,t1_m08ebut,t3_1h5sdwx,comment
m0f0wov,Dólar Cable,PiscisKnight,merval,1,2024-12-04 16:30:29,t1_m08ebut,t3_1h5sdwx,comment
m0alma2,"En el merval tengo una sola empresa. Un solo bono también. Afuera, mirar para afuera.",armonicoenfuga,merval,1,2024-12-03 21:56:21,t1_m0ahhex,t3_1h5sdwx,comment
m09vdrw,"Con pfizer podes timbear a ver si sacar algun medicamento, osea si la pegan. Y por lo menos paga dividendo que intel no jaja",Xavi_Myosotis,merval,2,2024-12-03 19:24:59,t1_m09utp7,t3_1h5sdwx,comment
m09wef8,"> inyeccion de

I see what you did there",Outrageous_Cap_1367,merval,1,2024-12-03 19:30:27,t1_m09utp7,t3_1h5sdwx,comment
m0augp7,"¿Alguien más comunista y con votantes? Ahí, si la tengo difícil, déjame cambiarlo, ¿alguien peor, no necesariamente comunista? Ahí que creo que habría demasiados.",Real_Barracuda_6851,merval,2,2024-12-03 22:49:09,t1_m0ar19s,t3_1h5sdwx,comment
m0angwr,USA entiendo que no.. Brasil está verde.. China? dónde..,bepragmatic,merval,1,2024-12-03 22:07:24,t1_m0alma2,t3_1h5sdwx,comment
m09wkh5,"Pero es demasiado caro para recibir un dividendo tan bajo.  Fíjate que si analizas Pfizer a 30 años... SIEMPRE se ha mantenido en un lateral, tan sólo en 30 años ha tenido 2 picos: Viagra y COVID, del resto se mantiene plano y para colmo desde este año se empezaron a vencer su patentes.  Entonces me pregunto ¿vale la pena meterle dinero a una empresa que en 30 años solo ha logrado coronar transitoriamente con dos medicamentos?  Para comprar Pfizer, me compro Sanofi o me arriesgo un poco y compro CITUS que recien lograron la aprobación de la FDA para el primer tratamiento génico del un tipo complicado de cancer. O Riggel que tambien logró aprobación para la cura contra el cancer de sangre",AggravatingCheck7980,merval,1,2024-12-03 19:31:22,t1_m09vdrw,t3_1h5sdwx,comment
m2dn8fd,"Amigo, te recomiendo que empieces de 0 un ig. Pensa que el algoritmo cuando subís algo se lo recomienda a tus seguidores primeros y de ahi si tiene buen feedback se lo empieza a recomendar a gente random. Entonces, si vos compras una cuenta con 10k bots, ningun bot va a interactuar con tu contenido y vas a morir totalmente ignorado.

Después con lo del tema del emprendimiento, si vos sentis que sabes mucho de zapas, conseguir stock, buenos precios, discords de drops, etc. Metele con las zapas, si no, ponete bien introspectivo y ponete a pensar que es lo que verdaderamente ves que te va a ir bien en un negocio y que ya tenes medianamente un expertise.

Con este ultimo punto, te recomiendo que no te mates pensando en la super idea o el super producto. Pensa que muchas veces lo que ya esta creado muchas veces esta abandonado o vos podes hacer algo propio para darle un valor mas agregado y con eso poder venderlo. 

En conclusión, no compres una cuenta de IG boteada y tampoco te quemes queriendo inventar la rueda.

Suerte crack y a meterle!",[deleted],merval,92,2024-12-16 16:50:01,t3_1hfqi6t,t3_1hfqi6t,comment
m2dr806,"Yo creo que es mal momento para empezar a vender zapatillas, salvo que tengas un nicho específico.  Cuando impacte la apertura de importaciónes en unos meses, hay miles de negocios que van a dejar de ser rentables, todo lo que sea microinportadores por ejemplo.",SuperLogicMadness,merval,36,2024-12-16 17:10:46,t3_1hfqi6t,t3_1hfqi6t,comment
m2dr2sg,"1- Tenés pensado dejar tu laburo por esto?

2- Tenés un flujo de efectivo para manterte hasta que seas rentable?

3- Podés permitirte perder esos 10k?

4- Si los perdieses tenés un fondo de emergencia extra?

5- Sabés mucho más que la mayoría sobre zapatillas y su mercado?

6- Conocés a alguien con quien asociarte que tenga la misma o más experiencia y capital que vos?

7- Tenés un MVB que hayas estado pensando?

  
Son unas pocas preguntas que me surgen para ayudarte, tenés buen capital para lo que querés iniciar y la edad para arriesgarte y aprender, yo además me enfocaría en estar muy al día ya que cada vez hay menos restricciones a las importaciones y facilidad para comprar en el exterior.

Si después de leer estas preguntas te sigue pareciendo una buena idea yo le metería",NtomsS,merval,44,2024-12-16 17:10:01,t3_1hfqi6t,t3_1hfqi6t,comment
m2f9111,"Hola! Como estas? Aca una lic en administración! Trabajo en e-commerce desde hace bastantes años (si necesitas asesoramiento mandame md) y te doy unos consejos: 

  
1. Desde el lado de la inversión, clave considerar las preguntas que hizo @[NtomsS](https://www.reddit.com/user/NtomsS/). Si tenes un trabajo: no dejes el laburo mientras emprendes, a medida que vayas ganando terreno en el emprendimiento y veas que sea rentable, recien ahí diria que lo dejes. 

Tampoco te recomendaria invertir todo en stock, por el contrario, tene un poco de cada cosa para saber que es lo que mas se vende (me paso en mi propio negocio, de comprar mas de algo que no se vendió porque era mi percepción) y es muy importante que todo eso lo documentes p cuando tengas que reponer el stock. 

Otra buena idea antes de q compres el stock es hacer tipo una ""preventa"" (o sea publicar los productos sin tenerlos, para ir tanteando si hay compradores -- ojo que las consultas NO SON ventas, pero ahi sabrias que es lo que mas puede salir e incluso podes tantear precios)

2. Desde el lado del e-commerce, para que vendas bien tenes que diferenciarte del resto! Lo mas importante es crear Marca, si no no te van comprar. Es tmb importante tener ofertas buenas, publicidad única, la landing page también tiene que ser buena (una landing que genere confianza y parezca pro, porque obvio que uno va a tener más confianza en una página que parezca profesional en vez de una hecha ""asi no mas""), pero lo mas importante seria crear una marca que se destaque, inspire confianza y que haga que te quieran comprar a vos y no al resto. 

Tema ig: si, es mejor empezar de cero. Sin publicidad podes llegar a 1000 seguidores a los 2/3 meses, con publicidad diria que en 2 meses (esa fue mi experiencia al menos haciendo publicidad a clientes de mi provincia) por otro lado, ponele MUCHO foco a lo que es Facebook marketplace y grupos (por ej, del estilo vestite barato, ferias americanas). Lo orgánico vende mucho, pero la publicidad te hace volar mas o menos (si esta bien hecha) 

Influencers/microinfluencers: si te da el presupuesto para mandar una box con zapatillas y PR a algun microinfluencer (ojooo, no de esos que te cobran y siempre tenes que mandar un disclaimer diciendo te envio esto a cambio de X cantidad de historias o un posteo en feed o un reel).

  
me podria extender un monton!! en este tema, porque amo lo que es e-commerce, pero en resumidas cuentas: invertí sabiamente (no todo de uan y mucho menos invertir sin saber que cosa se venderia), trata de crear una marca, la publicidad suma un monton. Y cualquier cosa si necesitas estoy a disposición, saludos y exitos!!",AppleSlow4488,merval,18,2024-12-16 22:12:39,t3_1hfqi6t,t3_1hfqi6t,comment
m2ddspl,"Tenés 23. Excelente momento para que te lances, te equivoques y aprendas. Hace bien las cuentas de todos los gastos que vas a tener y si te cierran los números mándale.",Glad-Butterfly806,merval,24,2024-12-16 16:01:38,t3_1hfqi6t,t3_1hfqi6t,comment
m2deym9,"No te estoquees tanto al comienzo. Podes levantar pedidos y vender comprando al momento. Podes clavarte con mercadería. Y con esa plata podes ponerte hasta un local. 
Empeza de a poco y anda tanteando el mercado y publico al que queres llegar. 
No inviertas todo en la misma bolsa, y quédate siempre con un poco para emergencias.
Invertí en publicidad, es muy importante.",Nicobarck00,merval,11,2024-12-16 16:07:39,t3_1hfqi6t,t3_1hfqi6t,comment
m2dx7lv,"Te diria que empieces con la parte mas fea, la parte impositiva. Porque si vas a vender zapatillas seguro tus mayores ventas sean online y viendo lo que valen las zapatillas no vas a durar nada en el monotributo y te vas a ir a Responsable Inscripto asi que gasta unos mangos en una consulta con un contador y analiza todos los costos fijos que vas a tener todos los meses, incluido la cuota del contador ya que todos empiezan al reves, haciendo numeros de las ventas, buscando distribuidores bla bla bla y el contador lo dejan para lo ultimo, y como terminan? fundiendose y endeudados hasta las tarlipes.

Edit: vas a comprar en la salada en negro y vas a vender en blanco? o le vas a comprar a distribuidores legales? mira que te piden un minimo de compra y si sos responsable inscripto vas a tener IVA a favor... habla con un contador.",Supergato77,merval,15,2024-12-16 17:42:12,t3_1hfqi6t,t3_1hfqi6t,comment
m2eyfg2,"Excelente que emprendas, ahora
yo no me estoquearía tanto. Invertiría más en armar la marca, publicidad, redes. Vas probando el mercado antes de gastarte todo el capital en stock.",kido_butai,merval,5,2024-12-16 21:08:58,t3_1hfqi6t,t3_1hfqi6t,comment
m2h8z4x,"Una franquicia de grido o alguna q este x debajo del presupuesto q manejas, no sería más rentable? Siempre siguiendo la línea comercial q querés.. Quizás otros harían otras inversiones con ese dinero",Lefthanded-f477,merval,3,2024-12-17 08:20:24,t3_1hfqi6t,t3_1hfqi6t,comment
m2fl6bw,"Capo. No compres stock. Genera demanda primero.


Tira $50-70 usd en anuncios en meta, desde el business manager. Busca en YouTube un par de videos de como anunciar. 


Proba productos, hace que la gente te quiera comprar, y recién ahí busca stock del producto. 


Te ahorras el 90% de riesgo. ",FuckYouSkyler,merval,5,2024-12-16 23:26:43,t3_1hfqi6t,t3_1hfqi6t,comment
m2drrce,"Buenas! Con mi familia tenemos una empresa de mkt digital y vengo a aportarte algunas cuestiones luego de haber laburando con todo tipo de empresas y emprendimientos:

Primero que todo: acuerdo con lo que te recomendaron respecto de que, lo que hagas, sea algo que te gusta. Si es zapatillas mandale!
Esto porque, como todo emprendimiento (y te lo digo por experiencia), no podés depender de la motivación o de que todo sea color de rosas.

Luego respecto de tienda nube... es ""atractivo"" el ""bajo costo"" mensual pero termina siendo costoso a la larga porque creas algo que nunca va a ser tuyo completamente. Para que tengas en cuenta: No podés migrar la web a un hosting (alquiler en la nube) propio que contrates o el de una empresa que te lo brinde, todo se hace y se queda en tienda nube, si no pagás perdés todo, en cambio con tecnología WordPress por ej si querés te bajas todos los archivos y listo, tu web es completamente tuya. Te recomiendo investigar WordPress pq es la más flexible y hasta podés aprender a modificar/ editar cuestiones vos mismo, sin depender de un programador/ diseñador. Ni hablar si tiene instalado un constructor como el que usamos nosotros en la agencia familiar, más fácil e intuitivo todavía.

Luego te va a aportar ver qué está haciendo la competencia y tratar de diferenciarte creando contenido por ej. A medida que vas pudiendo pagás a un editor o mientras lo vas haciendo vos con Cupcut por ej. Aunque un equipo que te guíe con ideas de contenido etc también te puede ahorrar tiempo y plata.

Y respecto a lo que dijeron de publicidad en RRSS si, re si, es clave porque le mostrás tu producto a tu público objetivo, es decir a personas que las RRSS ya saben cuales son sus intereses e intenciones de compra/ ubicación, edad etc.

Ojalá te aporte y, si no querés dejar nada al azar como dijiste, podés hablarme y organizamos una llamada :). Abrazo",Informal-Bus5337,merval,4,2024-12-16 17:13:36,t3_1hfqi6t,t3_1hfqi6t,comment
m2dg1gb,El mejor negocio para vos es ese que conocés muy bien. Si sos fan de las zapatillas puede ser. Mi sugerencia es que sobre todo al principio que no tenés mucha idea y te vas a mandar mil cagadas gastes sólo lo indispensable. El desafío es que te puedas bancar el proceso hasta aprender todo lo que te falta. Éxitos!,shantusan,merval,2,2024-12-16 16:13:11,t3_1hfqi6t,t3_1hfqi6t,comment
m2g3sux,Timbealo pa! esta armada la estructura para eso ahora.,damadeltiempo,merval,2,2024-12-17 01:28:30,t3_1hfqi6t,t3_1hfqi6t,comment
m2imlsg,"Cryptos, crea tu portafolio, diversifica, diferentes wallets. Estudia, estudia, estudia el mercado de valores y arriesga. 
Los negocios digitales son lo mejor",[deleted],merval,2,2024-12-17 13:48:19,t3_1hfqi6t,t3_1hfqi6t,comment
m2djfmy,"Si querés arrancar y estás muy verde podrías replantearte si es para vos y esperar un poco más. 

Podrías comprar oro o Bitcoin (mucho más riesgo) mientras seguís investigando un emprendimiento que te interese y su mercado. 

Tal vez podrías considerar usar un poco de ese capital para capacitarte, hacer algún curso que te pueda servir para emprender, y luego de eso lanzarte. 

Son 10K verdes, si, pero si no lo cuidás podés perder la mitad o todo en el peor de los casos. No te mandes así nomás, excepto que tengas unos ingresos similares de forma constante.",[deleted],merval,4,2024-12-16 16:30:34,t3_1hfqi6t,t3_1hfqi6t,comment
m2detnz,"Hola!! Te recomiendo buscar algo que te guste / algo que tengas idea. Si de verdad querés algo relacionado a las zapas porque conoces los modelos, conocés como venderlas, donde comprar las de buena calidad, que tenga buenos precios, lo segundo que te diria es que te contrates a una agencia que te arme las redes y la pagina web.   
Empezá de 0 un IG, yo personalmente no compraría uno que este funcionando aunque es algo personal, por ahi otro te dice que sí lo hagas.  
Tenés que meterle como a un laburo eh, no te pienses que lo vas a hacer asi nomas. Felicitaciones por tener ganas, ahora empapate de cada una de las partes del emprendimiento y fijate que tenes ganas de hacer vos y que queres delegar.",ferN076,merval,2,2024-12-16 16:06:57,t3_1hfqi6t,t3_1hfqi6t,comment
m2djrrd,"Mira, te recomiendo que te hagas una pagina web de ventas, es muy facil con canva, luego compras un dominio que es muy barato. Si quieres expandir tu negocio, puedes pagar publicidad en Instagram, Facebook, Twitter, etc...

El siguiente punto son los productos. Existen sus trucos, mañas para hacer pasar los productos yendo a comprar en otro pais fronterizo como Bolivia, Paraguay, Brasil, etc que estan 70% mas barato que en Argentina o te buscas un proveedor que te los venda asi revendes y ganas dinero.",Firm_Translator_8623,merval,2,2024-12-16 16:32:17,t3_1hfqi6t,t3_1hfqi6t,comment
m2ftedn,"No te ""stockees bien"" es al re pedo. Compra como para tener de muestra y sacar fotos una de cada, y después vas comprando a medida que vendes. Si compras mucho vas a clavarte con mil cosas que después capaz ni podés vender",LordFenix56,merval,1,2024-12-17 00:18:08,t3_1hfqi6t,t3_1hfqi6t,comment
m2g94qx,instagram a menos que seas transhumano no vas a poder,nanoboby,merval,1,2024-12-17 02:09:37,t3_1hfqi6t,t3_1hfqi6t,comment
m2gdo0z,"Amigo sea cual sea el emprendimiento, te recomiendo asesorarte con un contador o estudio contable para que lleves todo en orden. Podes arrancar como monotributo si no vas a importar. Si vas a importar es mas complicado porque el monotributo explicitamente no puede importar con fines comerciales. Si buscas proveedor nacional, mandale con monotributo normal. Pero el punto es que te asesores contablemente para estar en orden con la afil/arca",Vegetable-Paper-1513,merval,1,2024-12-17 02:48:05,t3_1hfqi6t,t3_1hfqi6t,comment
m2gel6z,"Jamás te stockees sin primero testear lo que querés vender, es muy arriesgado, 
Hoy las facilidades para probar negocios son infinitas

Métete de lleno en el E-commerce. Vender zapatillas no es un negocio escalable ( suponiendo que estás hablando del negocio que hacen todos con réplicas)
Métete de lleno con algo que tenga más proyección a futuro y lo puedas escalar hasta el infinito y más allá.

Primero testea, si ves que hay demanda y se vende, recién ahí llenate de stock y arrancá tu imperio, las posibilidades son infinitas y el mercado más aún 

Y jamás cometas el error de comprar seguidores o páginas con seguidores, no sabes si los números son inflados por los dueños anteriores, eso el algoritmo de Instagram lo sabe tarde o temprano y te va a jugar en contra con el engagement de la cuenta

Suerte y rompela",No_Reference1259,merval,1,2024-12-17 02:56:17,t3_1hfqi6t,t3_1hfqi6t,comment
m2gl0cd,Yo te puedo ayudar si somos socios.,Thefallen777,merval,1,2024-12-17 03:56:48,t3_1hfqi6t,t3_1hfqi6t,comment
m2hdeno,"Quizás por el monto de dinero (que no es mucho para un emprendimiento del que tenés que vivir desde el inicio), podés enfocarte en zapatillas pero de nicho, eligiendo alguno al que creas que podés tener llegada y crear contenido para eso. Por ejemplo zapatillas de futsal que suele haber escasez de marcas y modelos en el país.

Podrías ver cómo stockearte en algún nicho específico y volverte la mejor opción para ese nicho.

De esa manera invertís menos en posicionarte porque no competís con todos y te destacás más rápido si hacés las cosas bien.",geor3x,merval,1,2024-12-17 09:02:26,t3_1hfqi6t,t3_1hfqi6t,comment
m2i24ys,"Dale tío, sea lo que sea, lánzate y ve aprendiendo. Vas a cometer errores pero aprenderás más en 5 años que mucha gente en media vida. Aléjate de los que opinan y dan lecciones de todo, siempre te dirán que no es buen momento, que no es el producto, etc. se valiente y hazlo",Trajano_imperator,merval,1,2024-12-17 11:55:36,t3_1hfqi6t,t3_1hfqi6t,comment
m2tbyt8,La fariña rinde un 600 %. Pensalo,JanuariusBifronte,merval,1,2024-12-19 09:42:06,t3_1hfqi6t,t3_1hfqi6t,comment
m2f68ge,"Mirá, de la forma que lo contás no suena como una gran idea. Debe haber miles de personas vendiendo zapatillas en instagram, qué te va a diferenciar a vos? Tenés un proveedor que te venda a recontra buen precio para que vos seas el más barato? Vas a importar algo que no se consiga en otro lado? Qué vas a hacer para generar confianza y que la gente te compre a vos que recién empezás y no tenés reputación ni ninguna garantía de que efectivamente les vas a mandar las zapatillas? 

Buscaría algo con menos competencia, la verdad.",alastrid,merval,1,2024-12-16 21:55:40,t3_1hfqi6t,t3_1hfqi6t,comment
m2e5cxb,Yo te hago una web por 3 pesos mastermaestro,OkNeedleworker6500,merval,1,2024-12-16 18:24:39,t3_1hfqi6t,t3_1hfqi6t,comment
m2etiq4,"Consulta, te pusistes a ver como es el tema de la importación puerta a puerta? Porque capaz que ahora que hay mas limites para importar, el margen de ganancia sea muy poco o directamente capaz que no podes competir.",possiblecefonicid,merval,1,2024-12-16 20:39:30,t3_1hfqi6t,t3_1hfqi6t,comment
m2gcgf9,"no entiendo porque hay tanta gente con plata y sin ideas o con poca idea, evidentemente el capital no es todo, me pasa que tengo docenas de ideas que con capital de respaldo probablemente un 20 porciento serian hasta escalables y faciles de manejar y hasta poner franquicias, pero bueh, todos tenemos problemas en algun punto, cualquier cosa que vendas desde encendedores hasta kayaks te va a ir bien si armas un plan de negocios y lo cumplis a rajatabla sin saltarte etapas y creces de manera organica, estoy cansado de ver gente tirar su plata en emprendimientos pensados a medias y o en negro que a los 3 meses cierran.

dicho esta por favor iluminanos a los que tenemos decenas de ideas por semana sobre como hiciste para juntar esa guita sin pasar hambre y sin volverte miserable, porque no te volviste rata, no? NO?

otra pregunta, cual seria tu plan de retorno de la inversion? el burn rate? pensarias en pivotar si no funciona o insistir? si crece y se pone inmanejable cambiar de rubro o escalar acorde? cuales son las espectativas y los margenes? en 12 meses pensas tener el doble como capital? el triple? 10 veces?

armar un negocio que funcione tiene muuuchos gastos ocultos, a veces no los ves, a veces si.

otra cosa, recorda siempre que hubo gente que fue en cana cuando los pedidos superaron el stock y siguio aceptando los pagos sin hacer las compras de mercaderia, un caso que se me viene a la mente es el del ex bailarin de tini stoessel que hizo un poco mas, directamente estafas virtuales, si al tipo le funcionaron pero era deshonesto, nada impide que vos siendo honesto no puedas explotar el mundo y volverte rico como sultan de dubai, posta.

[https://www.infobae.com/sociedad/policiales/2023/03/09/volvieron-a-detener-al-ex-bailarin-de-tini-stoessel-acusado-de-integrar-una-organizacion-dedicada-a-estafas-virtuales/](https://www.infobae.com/sociedad/policiales/2023/03/09/volvieron-a-detener-al-ex-bailarin-de-tini-stoessel-acusado-de-integrar-una-organizacion-dedicada-a-estafas-virtuales/)",Historical-Heat4083,merval,0,2024-12-17 02:37:31,t3_1hfqi6t,t3_1hfqi6t,comment
m2debw0,[removed],[deleted],merval,-12,2024-12-16 16:04:23,t3_1hfqi6t,t3_1hfqi6t,comment
m2docq1,Gracias! Esta info me sirve un montón,FranBachiller,merval,10,2024-12-16 16:55:47,t1_m2dn8fd,t3_1hfqi6t,comment
m2es2uj,Tome su upvote señor/a/ita/ito,medicenkrunche,merval,5,2024-12-16 20:30:46,t1_m2dn8fd,t3_1hfqi6t,comment
m2f6n1m,banco muchooo estas preguntas!,AppleSlow4488,merval,7,2024-12-16 21:58:06,t1_m2dr2sg,t3_1hfqi6t,comment
m2f9d4k,"me olvide de decir q tmb tenes que elegir un publico objetivo, a que target queres apuntar (gente q compra cosas baratas/clase media-alta que compra porque le gusta y no se fija tanto el precio), esto es clave para crear marca y hacer todos los pasos siguientes!",AppleSlow4488,merval,4,2024-12-16 22:14:40,t1_m2f9111,t3_1hfqi6t,comment
m2hamqp,Genial la data.. Duda q me surgió.. Si quiere vender zapatillas x ej.. Pero entre q se arma y acomoda las cosas estima q en 4/6 meses arrancaría de lleno con el emprendimiento.. Es recomendable abrir la cuenta mucho tiempo antes de ig fb etc? (o da igual si la cuenta es nueva o ya lleva mucho tiempo?),Lefthanded-f477,merval,1,2024-12-17 08:36:49,t1_m2f9111,t3_1hfqi6t,comment
m2hbvrl,"Vos decís q crear una tienda con WordPress o un sitio propio te da esa ""seguridad"" q te brinda tienda nube para pagar con tarjetas de crédito, la incorporación de modo etc etc? Mm",Lefthanded-f477,merval,2,2024-12-17 08:48:32,t1_m2drrce,t3_1hfqi6t,comment
m2i4bl7,Inversión dual de Binance. Tuki,halconnegro_2006,merval,1,2024-12-17 12:08:22,t1_m2g3sux,t3_1hfqi6t,comment
m2dk9i7,"Sí, tenía pensado hacer todo bastante profesional, pagarle a gente con trayectoria para que me cree la página web, no quiero dejar nada al azar. Y sí obvio también quiero invertir todo lo que haga falta en publicidad",FranBachiller,merval,1,2024-12-16 16:34:50,t1_m2djrrd,t3_1hfqi6t,comment
m2h8zub,Q trucazo..,Lefthanded-f477,merval,1,2024-12-17 08:20:36,t1_m2gl0cd,t3_1hfqi6t,comment
m2hart9,"Ese un siempre un punto para frenarte el negocio.. Pero todos empiezan igual.  Es complejo pasar esa línea, pero si no es así, como entonces?",Lefthanded-f477,merval,1,2024-12-17 08:38:08,t1_m2f68ge,t3_1hfqi6t,comment
m2dez0l,ves OP exactamente de estas cosas debes huir...,Opinologodelnorte,merval,8,2024-12-16 16:07:43,t1_m2debw0,t3_1hfqi6t,comment
m2dhbqv,"Tu comentario fue eliminado por no cumplir las reglas: sin futurologia, desinformacion o manipulacion.

Incluir fuentes confiables para debatir sobre macroeconomia (sin politica innecesaria). No nos interesa el minuto del precio del dolar, ni el ultimo rumor de cambio de gabinete.",merval-ModTeam,merval,1,2024-12-16 16:19:47,t1_m2debw0,t3_1hfqi6t,comment
m2wo6h3,"De nada amigo, espero que te sirva y cualquier cosa que necesites me podes mandar mensaje y te paso algún contacto.

Yo me especializo en todo lo que es marketing en Instagram enfocado en el contenido orgánico así que lo que necesites me podes hablar. 

Sin ningún animo de venderte, me gusta que cada vez mas la gente busque emprender así que soy todo oídos si necesitas una mano, abrazo!",[deleted],merval,3,2024-12-19 21:15:51,t1_m2docq1,t3_1hfqi6t,comment
m2hb42q,"Sii como mucho 1 mes antes, proba tener un poco de stock (puede ser tuyo propio) para tener contenido e ir tanteando si a la gente le gusta. No te recomiendo que abras la cuenta 4-6 meses antes porque cuando la cuenta es nueva, IG le da prioridad a tus reels! Entonces es buenisimo si tu 3-4 posteo es un reel (bueno, ideal si lo hace un creador de contenido, si muestra algunos pares, etc, algo que enganche mucho). 

En mi caso yo vendo importados (maquillaje y skincare), antes de lanzarme a vender subia fotos de los shoppings del viaje y de mis productos propios (algunos que incluso ya tenian varios usos), asi analizaba las consultas y en base a eso compraba stock, asi que ese tip te puede surgir para eso",AppleSlow4488,merval,2,2024-12-17 08:41:23,t1_m2hamqp,t3_1hfqi6t,comment
m2ievpq,"Si se hacen las cosas bien en cuanto a cyber seguridad, si, por supuesto. Por algo WordPress es la tecnología con la que están hechas el 44% (aprox) de las páginas web de todo el mundo. La incorporación de modo, que entiendo que es para facilitar los pedidos online en restaurantes/pizzerías/etc, no te sabría decir porque no tengo idea.",Informal-Bus5337,merval,1,2024-12-17 13:07:05,t1_m2hbvrl,t3_1hfqi6t,comment
m2ni3bg,"No hay que dormirse.

Además seria buen ejercicio para ""negociar""",Thefallen777,merval,1,2024-12-18 10:07:06,t1_m2h8zub,t3_1hfqi6t,comment
m0jtobd,Técnicamente es como enviarle dinero a un amigo para que me compre bitcoin.,fattekatze,merval,32,2024-12-05 12:27:05,t3_1h7bg1g,t3_1h7bg1g,comment
m0jwhts,"El que más curiosidad me genera es el short s&p.

En general cuando uno shortea cierto stock (o index en este caso), eso implica que las pérdidas no tienen límites no? Funciona de la misma manera con este CEDEAR?",throwaway13413413941,merval,12,2024-12-05 12:42:08,t3_1h7bg1g,t3_1h7bg1g,comment
m0jsuvb,"Es la forma más violenta de ""not your keys not your coins""",throwaway275275275,merval,36,2024-12-05 12:22:39,t3_1h7bg1g,t3_1h7bg1g,comment
m0jwppc,"Muy buenas alternativas para diversificar sin tanto quilombo, hubiera estado bueno que metan uno que abarque el mundo",LeBroneta,merval,9,2024-12-05 12:43:16,t3_1h7bg1g,t3_1h7bg1g,comment
m0m8bqy,"Excelente. Tienen que traer todavía más cedears (un ETF de bonos del tesoro americano sería ideal). Y también que más empresas argentinas coticen en el MERVAL, son siempre las mismas",MartinSLArg,merval,7,2024-12-05 19:56:47,t3_1h7bg1g,t3_1h7bg1g,comment
m0lp7hy,"es el mercado argentino lo suficientemente grande como para darle volumen a tantos cedears?

o sea, me gusta la diversidad, y estan re interesantes estos ETF, pero me preocupa el tema de la liquidez",PopularPianistPaul,merval,5,2024-12-05 18:14:56,t3_1h7bg1g,t3_1h7bg1g,comment
m0knz5s,Mi felicidad no tiene límites,elrond_lariel,merval,3,2024-12-05 15:03:03,t3_1h7bg1g,t3_1h7bg1g,comment
m0mzyx2,Para cuando cedears de la industria del uranio.,Andrescoo,merval,2,2024-12-05 22:42:12,t3_1h7bg1g,t3_1h7bg1g,comment
m0pfurk,"Disculpen la ignorancia, ya que yo nunca invertí local. 

Hay un cedear del índice SP500?",Kaji157,merval,1,2024-12-06 10:49:28,t3_1h7bg1g,t3_1h7bg1g,comment
m0jxlwu,"No, en general intentan replicar el movimiento inverso diario. A medida que pasan los dias se desvia por los gastos internos y demas. Podes seguir la cotizacion del subyacente: [https://finance.yahoo.com/quote/SH/](https://finance.yahoo.com/quote/SH/)

Aca tenes mas info del producto: [https://www.proshares.com/our-etfs/leveraged-and-inverse/sh](https://www.proshares.com/our-etfs/leveraged-and-inverse/sh)",HwanZike,merval,11,2024-12-05 12:48:02,t1_m0jwhts,t3_1h7bg1g,comment
m0k0vpk,"Claro, no tiene limite la perdida porque la subida tampoco tiene limite. Es lo contrario a un long, dónde el limite de perdida es cuando cae a $0 la acción.",Efficient_Pomelo_583,merval,7,2024-12-05 13:05:02,t1_m0jwhts,t3_1h7bg1g,comment
m0jvz68,Para que queres las monedas si lo que realmente le importa al 99% que tiene btc es el rendimiento,LeBroneta,merval,29,2024-12-05 12:39:24,t1_m0jsuvb,t3_1h7bg1g,comment
m0k16vj,"El problema de tener las keys es que las podes perder, te las pueden hacker y fuiste.

Paso mucho en 2022 con las wallets.",Efficient_Pomelo_583,merval,6,2024-12-05 13:06:38,t1_m0jsuvb,t3_1h7bg1g,comment
m0pwm4p,"En r/devsarg este año tuvimos el post de un muchacho que perdió todos los ahorros de su vida (mas de 70k) porqué cayó en un scam cuando le ofrecían un puesto laboral.

Si a alguien tan techie le puede pasar eso... imagiante al resto de la poblacion. Tener las keys es un riesgo demasiado grande para la gran mayoria.",ayymadd,merval,2,2024-12-06 12:29:10,t1_m0jsuvb,t3_1h7bg1g,comment
m0pop8q,Claramente el objetivo no son los maximalistas de Bitcoin sino la adopción por parte de inversores tradicionales e institucionales,Vegetable_Wolf6194,merval,1,2024-12-06 11:44:45,t1_m0jsuvb,t3_1h7bg1g,comment
m0jxnig,Si la verdad que algo tipo VT estaría genial,HwanZike,merval,9,2024-12-05 12:48:16,t1_m0jwppc,t3_1h7bg1g,comment
m0n1303,"Escuché que está complicado porque les pegaría el yield a las ON. Quien va a invertir en on cuando tenés un bono yankee a 4,3% sin riesgo?",armonicoenfuga,merval,3,2024-12-05 22:48:43,t1_m0m8bqy,t3_1h7bg1g,comment
m0th63o,"Buenbit tiene el cedear de ARGT, los adr argentinos que cotizan en USA",Chalaman_rosso,merval,1,2024-12-07 00:55:50,t1_m0m8bqy,t3_1h7bg1g,comment
m0n19az,Para eso están los market makers,armonicoenfuga,merval,1,2024-12-05 22:49:47,t1_m0lp7hy,t3_1h7bg1g,comment
m0n0txq,Escribile a comafi,armonicoenfuga,merval,3,2024-12-05 22:47:14,t1_m0mzyx2,t3_1h7bg1g,comment
m0thb0y,Hace casi 3 años que está el cedear del indice ese,Chalaman_rosso,merval,3,2024-12-07 00:56:52,t1_m0pfurk,t3_1h7bg1g,comment
m0k11cp,"Porque esto no solo se puede declarar insolvente el que emite esos instrumentos (ponele que no los respaldo lo suficiente), también te lo pueden confiscar o canjear por bonos o cualquier otra locura del sistema argentino. Es todo el riesgo de tenerlo en un exchange + todo el riesgo de tenerlo en argentina",throwaway275275275,merval,16,2024-12-05 13:05:51,t1_m0jvz68,t3_1h7bg1g,comment
m0k3zj1,"Eso les pasa a quienes no se educan y se mandaron de cabeza sin saber. Las keys se pueden guardar de forma muy segura como cualquier objeto físico, NUNCA en una computadora con acceso a Internet. Wallets solo hay que usar open source, independientemente auditadas y respetables por la comunidad, coldcard o blockstream jade por dar dos ejemplos en conjunto con sparrow o electrum.

Un conocido mío entro en BTC y le mando las keys a “soporte blockchain”. Una cuenta con 71 seguidores en Facebook que verificaba que tus BTC sean reales. :facepalm:",[deleted],merval,14,2024-12-05 13:21:09,t1_m0k16vj,t3_1h7bg1g,comment
m0q4an6,Y cuánta gente perdió sus ahorros porque los tenía en un banco argentino ?,throwaway275275275,merval,2,2024-12-06 13:10:18,t1_m0pwm4p,t3_1h7bg1g,comment
m0qs02r,"Hay ""techies"" que saben programar pero no tienen mucho idea de seguridad. Son cosas muy distintas. Es como la tia que quiere que le arregles el internet porque vos trabajas con computadoras.",fogalmam,merval,2,2024-12-06 15:13:51,t1_m0pwm4p,t3_1h7bg1g,comment
m0qrlrr,"Y si, esa debe ser la razón de por qué no lo traen. Como decis vos, teniendo al bono yanqui rindiendo 4.5% es imposible que alguien quiera una ON de Mastellone ponele por un 2% más...",MartinSLArg,merval,3,2024-12-06 15:11:45,t1_m0n1303,t3_1h7bg1g,comment
m0y3q8d,"No confió en Buenbit. Tenian un ETF llamado TBIL que invertia en bonos americanos y no paraba de bajar cuando su cotización en EEUU se mantenía estable. E invertir en dolares, no es que bajaba porque se apreciaba el peso. Desde ahí vendí todo lo que tenia en buenbit y a la m1erda...",MartinSLArg,merval,1,2024-12-07 20:17:07,t1_m0th63o,t3_1h7bg1g,comment
m0klcby,"Esta claro que la posta es un trezor en el cajon de las medias, pero hay mucha gente que quiere invertir, sin las complejidades y riesgos de holdear sus propias crypto.

Para esa gente es una solucion bastante decente... lo que decis aplica para cualquier instrumento financiero, o no?",MyOtherAcctsAPorsche,merval,7,2024-12-05 14:49:44,t1_m0k11cp,t3_1h7bg1g,comment
m0k8irq,"Conozco gente que perdio la cold wallet física, y a uno que se le prendio fuego la habitación y se le destruyó. Pero bueno, al menos hay opciones ahora. Si te sentis seguro con tus bitcoins en la mano o en una wallet respetable tenes tu derecho. Yo desconfío de todo.",Efficient_Pomelo_583,merval,8,2024-12-05 13:44:29,t1_m0k3zj1,t3_1h7bg1g,comment
m0mz6ti,Es tan bueno el sistema que tenés que ser ingeniero en sistema para poder ahorrar.,mikKiske,merval,1,2024-12-05 22:37:31,t1_m0k3zj1,t3_1h7bg1g,comment
m0qduir,de verdad estas comparando la peor crisis bancaria de la historia vs. los constantes crypto scams?,ayymadd,merval,5,2024-12-06 14:00:20,t1_m0q4an6,t3_1h7bg1g,comment
m0qurnz,Olvídate,armonicoenfuga,merval,1,2024-12-06 15:28:21,t1_m0qrlrr,t3_1h7bg1g,comment
m0oonpu,"Qué otro instrumento financiero podés tener sin que nadie, ninguna empresa y ningún gobierno, te lo pueda tocar?",jungle,merval,5,2024-12-06 06:51:14,t1_m0klcby,t3_1h7bg1g,comment
m0kqoov,"La cold wallet física la podes perder y se te puede romper, lo importante es la private key. Hoy en día existen objetos metálicos donde guardar la seed y es a prueba de fuego, por ejemplo Billfodl es una muy buena. Otra cosa, si usas cold storage se necesitan cuatro pasos para robarte los BTC: 1) obtener la Wallet 2) obtener acceso a tu PC donde tenes configurada la wallet 3) acceder a tu wallet física con pin de 6 digitos 4) acceder a tu wallet desktop con la contraseña (16 caracteres recomendados). Ni hablar si usas multisig, es todo eso multiplicado por dos. 
Podes no confiar en en la tecnología, eso seguro. Pero al menos estamos hablando de proyectos open source donde literalmente podes ver el código y compilarlo. Si, obvio, yo NO lo hice, pero ahi entra en juego la confianza del grupo y la comunidad. Yo NO probé el control de estabilidad del auto, vi el test de Antico en TN autos y con eso me alcanza, tampoco probé los airbags.",[deleted],merval,3,2024-12-05 15:16:50,t1_m0k8irq,t3_1h7bg1g,comment
m0oqkqb,"Todo lo que necesitás es memorizar 12 palabras. Con eso, no importa si se rompe o si se prende fuego la cold wallet física. 

Y si tenés mala memoria, escribilas en un papelito y lo metés en una caja de seguridad, y por las dudas escribí algo alrededor tipo que cada 10 palabras sea la del seed phrase y parezca un poema o una carta que te escribió tu tío de EEUU antes de morir cuando ya estaba en pleno delirio esquizofrénico. No se, usá la imaginación. :)",jungle,merval,1,2024-12-06 07:12:28,t1_m0k8irq,t3_1h7bg1g,comment
m0p8pgm,"Hace mucho que estoy metido en cripto, conozco perfectamente las ventajas del bitcoin.

Pero tambien es verdad que tienen sus desventajas, y manipularlas y guardarlas de forma segura no es tan facil como uno quisiera.

Para el que cree en la filosofia y las capacidades de bitcoin/crypto, 100x una hardware wallet.

Pero para el que solo quiere exponerse al valor del btc o ethereum especulando con una suba, esos fondos son la herramienta ideal.",MyOtherAcctsAPorsche,merval,2,2024-12-06 10:00:23,t1_m0oonpu,t3_1h7bg1g,comment
m0opp60,"Por eso mismo yo no me subo a un avión porque me llevaría décadas y miles de millones de dólares que no tengo para estar seguro de que no se va a caer. 

Tampoco uso internet, computadoras o celulares porque me podrían hackear. 

Yo soy este: https://www.youtube.com/@primitivetechnology9550

>!**/s** por las dudas. Nunca se sabe.!<",jungle,merval,1,2024-12-06 07:02:45,t1_m0kqoov,t3_1h7bg1g,comment
m0pc8s5,100% de acuerdo.,jungle,merval,1,2024-12-06 10:25:27,t1_m0p8pgm,t3_1h7bg1g,comment
m2zvf1b,Gracias maestro!,murraco,merval,7,2024-12-20 12:49:40,t3_1him6q7,t3_1him6q7,comment
m31fgdv,"Cuáles serían las dos tablas 2024 y 2025? 

Pusiste en el ejemplo 70 palos, imagino por el límite actual de 68 palos, se actualizará la tabla en los próximos meses?",Inevitable-Goat-5439,merval,5,2024-12-20 18:03:00,t3_1him6q7,t3_1him6q7,comment
m2zwah6,[deleted],[deleted],merval,3,2024-12-20 12:54:32,t3_1him6q7,t3_1him6q7,comment
m37v5b4,"Me cuelgo de acá para consultar. Cual es la fecha de referencia de cada factura? Porque si corresponde a servicios, hay 4 fechas posibles:

\- Fecha de inicio

\- Fecha de fin

\- Fecha de ""emisión""

\- Fecha real de emisión",juan_hansenn,merval,3,2024-12-21 21:50:49,t3_1him6q7,t3_1him6q7,comment
m38bbgb,Les dejo un tip por si se están por pasar del límite de facturación y tienen agún cliente que si o si les pide factura. Pueden hacer una nota de crédito por algunas facturas anteriores antes de emitir la nueva y eso en teoría es como si estuvieras anulando la factura anterior. No es lo más correcto de hacer pero te puede salvar de que te pasen a ser responsable inscripto.,Terodius,merval,3,2024-12-21 23:44:39,t3_1him6q7,t3_1him6q7,comment
m363o4i,Si estoy en la misma categoría hace falta hacer la recategorización?,ANiceGuy98,merval,2,2024-12-21 15:18:58,t3_1him6q7,t3_1him6q7,comment
m37kz5m,"Crack, me sirve mucho porque me parece q en Febrero me van a empomar con el cambio de categoría. Y la contadora también me va a hacer el amor porque en las recategorizaciones me cobra el doble.",Extension-Pin-1504,merval,2,2024-12-21 20:42:23,t3_1him6q7,t3_1him6q7,comment
m30n0hb,Excelente Post! Buen recordatorio. Gracias!,Lwrpro,merval,1,2024-12-20 15:22:37,t3_1him6q7,t3_1him6q7,comment
m39y6sy,los últimos 12 meses son calendario? Ejemplo: si me inscribí en agosto 2024 tengo que recategorizarme en julio 2025 en base a los ingresos a partir de agosto 2024 o enero 2025?,[deleted],merval,1,2024-12-22 09:47:07,t3_1him6q7,t3_1him6q7,comment
m3avqcz,Ya se saben los nuevos montos?,caption-this-,merval,1,2024-12-22 13:39:04,t3_1him6q7,t3_1him6q7,comment
m3lt97l,"Que diferencia hay entre un adelanto y un prestamo?

Debo facturar un prestamo? Si lo devuelvo con horas de trabajo?

Hablemos claro, estoy en una relacion de dependencia precaria encubierta con monotributo.

La unica diferencia en estos tiempos es que los argentinos para los que trabajo se arman una LLC en EEUU cada tres meses y me hacen facturarles como exportacion de servicios.

Ahora bien, estoy negociando un prestamo hipotecario que voy a devolver con horas de trabajo.

Se va a instrumentar con pagares hipotecarios que me van a ir devolviendo mes a mes, por 3 años. La tasa es cero, pero cero tambien será mi aumento de sueldo ese periodo mientras siga trabajando con ellos.

Ese ingreso del prestamo es mayor a la categoria K del monotributo que tiene corte anual, me prestan mas de 100K pero son menos de los 36 por año. Esto pude ser depositados en EEUU o en la desarrolladora inmobiliaria.

No me va a ingresar un solo peso/dolar en 3 años, tenemos los ingresos de mi pareja y otras rentas.

Cada primero de mes me devuelven un pagare cancelatorio que disminuye la deuda, eso es todo.

Romper un pagare es pago en especies? Tengo que facturar si no entra dinero en ninguna cuenta?

Me doy de baja del monotributo? como se justifica el ingreso del prestamo? o se consideraria un adelanto y estoy en problemas? tengo que pagar impuestos por trabajar o por ingreso de dinero? si trabajo y no recibo ingreso es correcto no pagar impuestos?

Apelo a la creatividad y practicidad, pregunto: Es una locura que lo envien como remesa? Se podria instrumentar como un capital semilla o de una incubadora?

Gracias, y felicidades",Outrageous-Strain447,merval,1,2024-12-24 12:38:23,t3_1him6q7,t3_1him6q7,comment
m30rcku,"Cito de la página de AFIP
> Si no transcurrieron 12 meses desde el inicio de actividad, se deben anualizar los parámetros a fin de determinar la recategorización, pero este procedimiento solo será de aplicación en aquellos casos en que hubiera transcurrido al menos un semestre calendario completo (enero-junio o julio-diciembre) desde el inicio de actividades. Es decir, los parámetros se anualizarán en la medida en que el pequeño contribuyente posea entre 6 y 11 meses desde su inicio de actividades en el monotributo. 

 
>Para anualizar los parámetros deben sumarse los ingresos de los meses transcurridos desde el inicio de actividad, hasta la finalización del semestre calendario por el que se recategoriza; dividir ese importe total por la cantidad de dichos meses y multiplicarlo por 12. 

>Ejemplo: inicio de actividades mayo de 2021. Para la recategorización de enero de 2022  habrán transcurrido 8 meses (se toma hasta diciembre, finalización del semestre calendario anterior). La suma de ingresos desde mayo 2021 hasta diciembre 2021, se divide en 8 y se multiplica por 12.

>Si al momento de la recategorización semestral, aún no transcurrieron seis meses completos, se mantendrá la categorización inicial hasta el momento de la próxima recategorización

https://servicioscf.afip.gob.ar/publico/abc/ABCpaso2.aspx?id_nivel1=1395&id_nivel2=1458&id_nivel3=2469 Pregunta 139425",Izaike,merval,8,2024-12-20 15:46:39,t1_m2zwah6,t3_1him6q7,comment
m2zytvt,Depende si supera o no los 6 meses de actividad se anualiza,ContadorCarbone,merval,5,2024-12-20 13:08:50,t1_m2zwah6,t3_1him6q7,comment
m39rbzk,La fecha que tiene la factura en el campo fecha.,Global-Captain-9528,merval,3,2024-12-22 08:34:31,t1_m37v5b4,t3_1him6q7,comment
m3blqib,"Eso no es un Tip, eso es algo que no se ajusta a derecho. Las NC solo se corresponden a operaciones que han sido anuladas por alguna de las partes. En el caso de prestaciones de servicios estos deben ser facturados una vez que la prestación se ha concluido (en caso de que sea entregar algo) o bien mes a mes (en caso de que sea una prestación continua) - esto último es la mayoría de los casos.

  
La única forma de justificar la emisión de una NC es una factura emitida por un adelanto de precio que fue facturado al cliente y que este nunca pagó con lo cual (a) el trabajo ni siquiera se ha iniciado y (b) el cliente rechaza la contratación. Estas hipótesis son difíciles de defender en una fiscalización porque, de hecho, se debe demostrar la causa jurídica de la NC emitida.

Ahora hace tiempo no se ven exclusiones de monotributo pero el análisis de las NC emitidas (de hecho no las tienen en cuenta las NC emitidas en estas condiciones) es un paso básico en toda exclusión de monotributo porque esta estrategia ya se conoce.

Ojo al punto.",ContadorCarbone,merval,0,2024-12-22 16:02:34,t1_m38bbgb,t3_1him6q7,comment
m37dim7,"Si, se hace siempre por más que te de la misma categoría.",UnspeakableHorror,merval,1,2024-12-21 19:52:34,t1_m363o4i,t3_1him6q7,comment
m3b0kyj,Para el monotributo no necesitas una contadora lo podés manejar vos mismo.,Global-Captain-9528,merval,2,2024-12-22 14:06:39,t1_m37kz5m,t3_1him6q7,comment
m3b4b09,Te vas a tener que rentabilizar en julio el 2025 analizando los ingresos de toda tu actividad,Global-Captain-9528,merval,2,2024-12-22 14:27:43,t1_m39y6sy,t3_1him6q7,comment
m3b3q6n,"Eso sale en enero cuando se tiene la información de la inflación del segundo semestre de 2024. 


Va a rondar un 22% aproximadamente así que con eso podés tener una idea más o menos.",Global-Captain-9528,merval,3,2024-12-22 14:24:23,t1_m3avqcz,t3_1him6q7,comment
m3ma2cy,"Un adelanto es a cambio de una prestación futura. Un préstamo te obliga a reintegrar el capital + intereses. El tema es particular y son varias cuestiones que encierra la respuesta adecuada a lo que estas señalando. Si queres contáctame por privado y charlamos puntual tu tema.

Saludos",ContadorCarbone,merval,1,2024-12-24 14:15:16,t1_m3lt97l,t3_1him6q7,comment
m3bna1j,"Depende de cual sea la actividas y del régimen impositivo (general o monotributo). Te resumo

 

Venta de bienes:

(a)   Régimen general: se factura con la entrega del bien o con la recepción de un adelanto de precio, lo que sea anterior;

(b)   Monotributo: se factura con la entrega del bien o con la recepción de un adelanto de precio, lo que sea anterior

 

Venta de servicios

(a)   Régimen general: se factura al término del servicio o con el cobro del servicio (cuando lo contratado es un “entregable”). En el caso de servicios mensuales se factura cuando se cobra;

(b)   Monotributo: se factura al término del servicio (cuando lo contratado es un “entregable”) o al término del mes cuando el servicio es un mensual.

 

Las facturas tienen fecha de emisión y para el caso de prestaciones de servicios indican fecha “desde” y “hasta”. En las facturaciones de monotributo importa lo que se ingrese en “desde” y “hasta” dado que Monotributo considera solamente el criterio del devengamiento jurídico. En el caso de servicios prestados mensualmente importa el inicio y cierre del mes y no importa cuando se facture y cuando se cobró. 

 

Un error muy común es dilatar el cobro de servicios “para no pasarse del monotributo”. Siendo que el cobro no puede incidir en como se saca la cuenta en relación al tiempo devengado para el servicio, podemos terminar en un escenario en el que un servicio esté devengado y no facturado. Las causales de exclusión serían dos: (a) falta de emisión de factura y (b) superar máximos conforme criterio de devengamiento.

 

Espero haberte ayudado pero como verán  el monotributo, que se propuso ""simple"" nada de ""simple"" tiene",ContadorCarbone,merval,1,2024-12-22 16:10:51,t1_m39rbzk,t3_1him6q7,comment
m3e3hj9,Yo lo vengo haciendo hace años y nunca tuve problema.,Terodius,merval,1,2024-12-23 01:19:36,t1_m3blqib,t3_1him6q7,comment
m39rmjm,"Error.

Fecha de publicación: 15/05/2024 Los monotributistas que según sus parámetros deben mantener la misma categoría no deberán recategorizarse.

* **Fuente:** Art. 21 RG 4309/18",Global-Captain-9528,merval,5,2024-12-22 08:37:51,t1_m37dim7,t3_1him6q7,comment
m3blhmr,"Tengo monotributo A y tengo contador, que me cobra 20k",ImpossibleHot,merval,1,2024-12-22 16:01:18,t1_m3b0kyj,t3_1him6q7,comment
m3b3zl8,"Ah perfecto! Si, preguntaba porque por lo general un tiempito antes sale alguna tabla medio fantasma q te da una idea, pero genial si es un 22%",caption-this-,merval,1,2024-12-22 14:25:53,t1_m3b3q6n,t3_1him6q7,comment
m3c88pq,"Claro, pero están hablando de servicios con monotributo. En la práctica es simple, cada vez que te pagan hacés una factura.  Con ese sistema no tenés problema (si los parámetros están en orden).",Global-Captain-9528,merval,2,2024-12-22 18:07:27,t1_m3bna1j,t3_1him6q7,comment
m3e3ojl,"Desde pandemia (2020) se ha dejado de ""perseguir"" a los monotributistas. Es cosa de que, políticamente, decidan controlar esto masivamente y van a aparecer las exclusiones tal como era antes.",ContadorCarbone,merval,1,2024-12-23 01:21:05,t1_m3e3hj9,t3_1him6q7,comment
m3a8fyx,"Ah, cambió este año, no me había enterado. Gracias.

Antes se tenía que hacer porque uno podía emitir facturas en papel y al momento de hacer la recategorización la información podía no estar en AFIP.",UnspeakableHorror,merval,1,2024-12-22 11:11:33,t1_m39rmjm,t3_1him6q7,comment
m3camfb,Es cuestión de gustos. En mi caso uso contador para temas muy puntuales como declaración de BBPP pero para el monotributo solo para alguna tarea muy específica.,Global-Captain-9528,merval,1,2024-12-22 18:20:57,t1_m3blhmr,t3_1him6q7,comment
m3cb8in,Es un cálculo muy por arriba. La única verdad es la realidad (de Arca) :-),Global-Captain-9528,merval,1,2024-12-22 18:24:15,t1_m3b3zl8,t3_1him6q7,comment
m3cj04t,"No es correcto lo que dices. Facturar cuando se cobra no es lo que se ajusta a derecho. La práctica que señalas (que cierto, es habitual) es incorrecta. En prestaciones de servicios la factura se hace cuando se termina la prestación o bien cuando termina el mes (cuando hablamos de servicios mensuales).",ContadorCarbone,merval,1,2024-12-22 19:07:44,t1_m3c88pq,t3_1him6q7,comment
m3e46qp,Creo que si llegan a hacer eso van a ver una catarata de trámites de cese de la actividad y todo ese mundo va a buscar pasarse a grone total o que le facture un tercero. Milei entiende la curva de Laffer y por eso debe ser también que están más laxos. Es mejor cobrar un monotributo que no cobrar nada.,Terodius,merval,1,2024-12-23 01:25:01,t1_m3e3ojl,t3_1him6q7,comment
m3dp00p,Hubiese preferido que me digas que me está cagando 🥲,ImpossibleHot,merval,1,2024-12-22 23:34:41,t1_m3camfb,t3_1him6q7,comment
m3cqjea,"En estricto rigor es correcto lo que indicas.

Pero en la práctica haciendo lo que digo no tenés problemas si exportas servicios como freelancer. Como sabrían cuando terminó la prestación?

Tampoco tiene que ser cuando se terminó el mes si el período se define, por ejemplo, de 15 a 15 de cada mes.

  
A Arca lo que le importa es que pagues. Si tus pagos son correctos y no te pasás de los parámetros del monotributo no te molesta.",Global-Captain-9528,merval,1,2024-12-22 19:52:28,t1_m3cj04t,t3_1him6q7,comment
m0jm9gd,"Perdón, fui yo que vendí ayer.",muncash,merval,183,2024-12-05 11:45:39,t3_1h7ajit,t3_1h7ajit,comment
m0jmu2w,"No se que noticia sucedió exactamente, pero es una accion super volatil con bajo volumen. Mira el grafico desde que salio a cotizar: [https://invst.ly/17t-48](https://invst.ly/17t-48) <- Te conviene seguir la accion en USD, la accion original en vez del CEDEAR.

Si no tenes idea por que la compraste y ahora resulta que tenes una linda ganancia, vendela a la mierda y declarate feliz ganador. Si te gusta la empresa y tenes alguna razon para seguir comprado, tal vez en 5 años meta un 10x, tal vez se funda y pierdas todo. Quien sabe.",HwanZike,merval,81,2024-12-05 11:48:57,t3_1h7ajit,t3_1h7ajit,comment
m0jtpll,"La están por vender.

Llevan 2 años fundiéndose y echaron al 75% del personal (por no hablar de que antes cancelaron una planta en Holanda)",Moebiuzz,merval,45,2024-12-05 12:27:16,t3_1h7ajit,t3_1h7ajit,comment
m0jnl2o,"Según un tweet de la empresa consiguieron un contrato de 18 meses con la us Navy,",SuperLogicMadness,merval,19,2024-12-05 11:53:14,t3_1h7ajit,t3_1h7ajit,comment
m0jochu,Deckard alert ⚠️,jujuarg,merval,13,2024-12-05 11:57:32,t3_1h7ajit,t3_1h7ajit,comment
m0juxxr,Vende ya,weedandmagic,merval,8,2024-12-05 12:33:54,t3_1h7ajit,t3_1h7ajit,comment
m0k19zz,"Mira, a  mi me paso exactamente lo mismo.. incluso la compre a mismo precio y observe como venia en baja siempre hasta la semana pasada que se acomodo.. vendi y compre intel viendo que no estaba en sus maximos y habian sacado una nueva placa a la venta.. pero desde que la compre viene en baja tambien jajajja asi es mi exito",tachuela14,merval,8,2024-12-05 13:07:05,t3_1h7ajit,t3_1h7ajit,comment
m0jrui0,Le encontraron la lógica a eso de los satélites.,ayymadd,merval,10,2024-12-05 12:17:10,t3_1h7ajit,t3_1h7ajit,comment
m0k6d11,"Yo trabajé ahí jajaja llevan dos años con despidos masivos, debe estar por cerrar o buscando algún inversor que crea que lo puede remontar",Affectionate-Frame-6,merval,6,2024-12-05 13:33:27,t3_1h7ajit,t3_1h7ajit,comment
m0jnoo1,[removed],[deleted],merval,10,2024-12-05 11:53:48,t3_1h7ajit,t3_1h7ajit,comment
m0jxcml,Debe ser un pump que meten con 5 pesos antes de volver a diluir a todos sus accionistas.,IsNoyLupus,merval,3,2024-12-05 12:46:39,t3_1h7ajit,t3_1h7ajit,comment
m0p1lg8,Estos saltos no duran. Yo vendería. He visto un par similar que empezaron el día subiendo de nuevo y a las pocas horas de iniciada la ronda empezó a caer y caer. Fijate el gráfico en 4 o 3 horas. Esta situación es como en el casino. Retirate cuando estás en racha.,Real_Barracuda_6851,merval,3,2024-12-06 09:03:20,t3_1h7ajit,t3_1h7ajit,comment
m0jobpz,11:55 AM +37.45%,MauroGrizia,merval,2,2024-12-05 11:57:24,t3_1h7ajit,t3_1h7ajit,comment
m0jynpk,[https://x.com/Satellogic/status/1863611972555776500](https://x.com/Satellogic/status/1863611972555776500) esto tendrá que ver?,mauricioezequiel,merval,2,2024-12-05 12:53:30,t3_1h7ajit,t3_1h7ajit,comment
m0mk46e,"Yo invertí en la empresa por dos razones

Primero porque veo un re futuro en el tipo de tecnología que están creando, fueron unas de las pioneras en esa parte de la industria. Sin embargo, capaz que el hecho de ser LATAM las ""limita"".

Además considero que es como una TESLA o SPACE del futuro si hace las cosas bien y puede avanzar en lo que respecta a su desarrollo y empieza a diversificar su empresa. De todos modos, recién en 2025 tiene pensado o proyectado poner en órbita una buena cantidad de microsatelites de todo lo que tiene prometido, por eso la veia subvaluada hasta ahora. 

2da Razon: Es Argentina, y la pensé como una MELI pero con proyección a futuro.

Considero que la industria espacial va a ser una de las más explotadas y con mejor perfomance en el futuro próximo, por poner 10 años. Yo tengo en cuenta que SPACE es la punta de lanza, y sin contar las otras empresas que están detrás de ella y compitiendo casi con ella (con sus errores obviamente).

Personalmente, me sorprendió la subida. Compraba cuando tenía un dinero que no quería meter en nada común y con algo de ""riesgo"". No lo consideraba mucho porque cada vez (cómo muchos comentaron) solo valia  aprox 1 usd.

Exitos.",JairL_14,merval,2,2024-12-05 21:06:39,t3_1h7ajit,t3_1h7ajit,comment
m0k5ms2,Espero no hayas vendido a 27% porque ya esta en 45,SebaFilg,merval,1,2024-12-05 13:29:43,t3_1h7ajit,t3_1h7ajit,comment
m0ka3tq,"No importa que pase, si no ves eso como una salida y tomar ganancias, no deberías haber invertido en primer lugar. Ahora que subió la gente va a querer subir por FOMO.",prazmowski,merval,1,2024-12-05 13:52:34,t3_1h7ajit,t3_1h7ajit,comment
m0koygi,el chiche de galperin,Creepy_Spread_2074,merval,1,2024-12-05 15:08:04,t3_1h7ajit,t3_1h7ajit,comment
m0m15ws,To the moon,VampiroMedicado,merval,1,2024-12-05 19:17:31,t3_1h7ajit,t3_1h7ajit,comment
m0oynk7,Boludo tengo comprado hace 8 meses esa accion del orto en negativo siempre y nunca hice por venderla. JJAJAJAAJAJ que carajos paso,gabbmatsu,merval,1,2024-12-06 08:36:25,t3_1h7ajit,t3_1h7ajit,comment
m0pkxjg,"Sigue subiendo, yo sigo recontra sorprendido",JairL_14,merval,1,2024-12-06 11:21:55,t3_1h7ajit,t3_1h7ajit,comment
m0q1yzj,Y sigue subiendo.. No se si comprar más 🤣🤣🤣🤣🤣,Lefthanded-f477,merval,1,2024-12-06 12:57:53,t3_1h7ajit,t3_1h7ajit,comment
m0qveev,"Pegaron un contrato con NASA  
[https://www.marketwatch.com/story/satellogic-shares-up-40-on-nasa-earth-observation-contract-6ccde405](https://www.marketwatch.com/story/satellogic-shares-up-40-on-nasa-earth-observation-contract-6ccde405)

La re pegué viendole futuro a SATL, lástima que no puse más guita jajaj",brujua,merval,1,2024-12-06 15:31:40,t3_1h7ajit,t3_1h7ajit,comment
m16aw8s,Una maravilla.,elceodeecorp,merval,1,2024-12-09 07:30:05,t3_1h7ajit,t3_1h7ajit,comment
m1d56d7,Arranco el día con una caída.. A ver los q se quedan y bancan la parada... Jajaja cerró en 5300 y abrió en 4300 tranqui todo,Lefthanded-f477,merval,1,2024-12-10 11:47:15,t3_1h7ajit,t3_1h7ajit,comment
m0jsc3w,La historia de mi vida como inversor,TartaVoladora,merval,35,2024-12-05 12:19:51,t1_m0jm9gd,t3_1h7ajit,comment
m0ljblf,que compraste será,Sea_Package_3859,merval,5,2024-12-05 17:44:38,t1_m0jm9gd,t3_1h7ajit,comment
m0juz3g,Satellogic as new bitcoin,BetoVentura,merval,27,2024-12-05 12:34:05,t1_m0jmu2w,t3_1h7ajit,comment
m0ldn9r,"Yo venia acumulando a <1USD. Es volátil porque tenía casi 0 revenue, yo apostaba porque gane algún contrato grande y se dispare. Parece que pasó, salió hace poco que ganó un contrato con la US Navy y varios de sus directores van a ser funcionarios del gobierno de Trump.",FangioV,merval,7,2024-12-05 17:14:47,t1_m0jmu2w,t3_1h7ajit,comment
m0kqh3y,Acá en argentina y uruguay rajaron a todo el mundo.. ingenieros electrónicos.. un amigo mío quedó afuera...,ltcdata,merval,14,2024-12-05 15:15:46,t1_m0jtpll,t3_1h7ajit,comment
m0lx98u,Donde suelen encontrar info confiable de como le esta yendo administrativamente a la empresa?,simonbleu,merval,8,2024-12-05 18:56:42,t1_m0jtpll,t3_1h7ajit,comment
m0lixkh,"sí, mogoliquearon bastante con el management",Rudy_Clausius,merval,-2,2024-12-05 17:42:38,t1_m0jtpll,t3_1h7ajit,comment
m17llyl,deckart?,Leanmeza,merval,1,2024-12-09 13:10:03,t1_m0jochu,t3_1h7ajit,comment
m0l0ezs,El exito del fracaso!,EdgardoDiaz,merval,2,2024-12-05 16:06:22,t1_m0k19zz,t3_1h7ajit,comment
m0k5rli,Noooo jajaja,SebaFilg,merval,1,2024-12-05 13:30:23,t1_m0k19zz,t3_1h7ajit,comment
m0m39xz,"""compré porque no estaba en máximos"". Loco por dios, no stock pickees algo solo porque ""no está en máximos"", es como que no aprendiste nada de esta satverga jajaj

Intel viene con fundamentals MUY complicados y problemas estructurales jodidos de solucionar en el corto",PiscisKnight,merval,1,2024-12-05 19:28:54,t1_m0k19zz,t3_1h7ajit,comment
m0qxpk3,"Intel va a ser una de las empresas perjudicadas por Trump segun tengo entendido. Trump quiere sacar los subsidios a la industria de los chips en EEUU que habia puesto Biden. Ademas de que sus 2 ultimas tandas de CPUs fueron un desastre 

La veo mal a corto plazo.",augus1990,merval,1,2024-12-06 15:43:48,t1_m0k19zz,t3_1h7ajit,comment
m0jzq29,Pusieron un puesto de panchos afuera de los boliches y les dio mas guita que lo que venian haciendo con los satelites.,daemmonium,merval,9,2024-12-05 12:59:00,t1_m0jrui0,t3_1h7ajit,comment
m1bgdcp,Cobraste algo lindo de indemnización o nada?,Don_JustoBolsa,merval,1,2024-12-10 02:27:20,t1_m0k6d11,t3_1h7ajit,comment
m1dtxmz,Espero que hayas vendido. Hoy veo una baja del 20%,Real_Barracuda_6851,merval,1,2024-12-10 14:02:37,t1_m0p1lg8,t3_1h7ajit,comment
m0jpsta,"12:05 PM +45.21%, esto se sale de control",[deleted],merval,3,2024-12-05 12:05:43,t1_m0jobpz,t3_1h7ajit,comment
m0pm6nv,"Recien bajo 15%, me comi un pijazo porque justo quise timbear por si subia",SebaFilg,merval,1,2024-12-06 11:29:34,t1_m0pkxjg,t3_1h7ajit,comment
m0q3pb9,compre.... veo que sube pero ya siento el pijazo en la nuca,f1refresh,merval,1,2024-12-06 13:07:07,t1_m0q1yzj,t3_1h7ajit,comment
m0rxe1v,"Que capo, yo compré pero no tanto. Era algo que iba metiendo de a poco pero que siempre le tuve fe, solo que fue sorpresa la noticia. Como lo fue los ETF para BTC jajaj",JairL_14,merval,1,2024-12-06 18:55:59,t1_m0qveev,t3_1h7ajit,comment
m16blab,?,Lefthanded-f477,merval,1,2024-12-09 07:38:00,t1_m16aw8s,t3_1h7ajit,comment
m0l027u,Les aviso que voy a comprar Aluar. Cuando empiece a bajar no me puteen porque les estoy avisando.,EdgardoDiaz,merval,15,2024-12-05 16:04:31,t1_m0jsc3w,t3_1h7ajit,comment
m0lp3kd,SPY y AMZN. Vengo perdiendo como la guerra.,muncash,merval,8,2024-12-05 18:14:21,t1_m0ljblf,t3_1h7ajit,comment
m0mt0xy,"No. Vendió ayer. Entonces el precio de Puro caprichoso nomas, elige subir",33p857,merval,5,2024-12-05 22:00:17,t1_m0ljblf,t3_1h7ajit,comment
m0kuzx4,Explotaron las nuevas satememecoins,Varsoviadog,merval,4,2024-12-05 15:38:38,t1_m0juz3g,t3_1h7ajit,comment
m0p3ayc,"Yo compré en el IPO asique vengo todavía muuuy abajo. Pero le sigo poniendo fe a que peguen un contrato grande o los compren a un buen premium. Lo del contrato de US Navy es lo último que ví que salió, pero no creo que sea eso. Deben estar por presentar resultados si no me equivoco.",MaleficentTrip4970,merval,1,2024-12-06 09:17:55,t1_m0ldn9r,t3_1h7ajit,comment
m0lo5ux,"La verdad que ni idea su performance bursátil.

Conocí al ceo hace más de 10 años atrás. Estaban haciendo algo innovador, que era un grupo argy de ingenieros desarrollando micro-satelites.

Que pasó desde entonces ni idea, pero el inicio parecía interesante.

Como inversores vemos muy poco. Algunos ven la serie temporal y ya. Otros miramos unos ratios financieros y pensamos como irá la empresa en los próximos 5 años.",Nakayoto,merval,8,2024-12-05 18:09:30,t1_m0lixkh,t3_1h7ajit,comment
m0p2wzk,"flaco, cuidá tus palabras, no seas ignorante",MaleficentTrip4970,merval,0,2024-12-06 09:14:40,t1_m0lixkh,t3_1h7ajit,comment
m0kdgl3,"Estas hablando de 8 de cada 10 marcas japonesas de autos

🤣",Outrageous-Builder31,merval,2,2024-12-05 14:09:41,t1_m0jzq29,t3_1h7ajit,comment
m1yljxq,"Si, en Uruguay te pagan un sueldo por año trabajado + la liquidación por licencia y aguinaldo no gozado + 6 meses en seguro de paro (esto lo paga el estado/los contribuyentes). Todo junto habrá sido como 13mil dólares y ni llegué al año y medio en la empresa. Una locura",Affectionate-Frame-6,merval,2,2024-12-13 23:39:27,t1_m1bgdcp,t3_1h7ajit,comment
m1pde6d,Y sigue bajando,Lefthanded-f477,merval,2,2024-12-12 12:32:27,t1_m1dtxmz,t3_1h7ajit,comment
m0kcq6c,Mal esta subiendo como hicieron con havana jajaj,Lefthanded-f477,merval,4,2024-12-05 14:05:54,t1_m0jpsta,t3_1h7ajit,comment
m1pdcuh,Y sigue en caída.. Jajaja,Lefthanded-f477,merval,1,2024-12-12 12:32:15,t1_m0pm6nv,t3_1h7ajit,comment
m0rd978,Compraste ahora? A cuanto?,Lefthanded-f477,merval,1,2024-12-06 17:06:12,t1_m0q3pb9,t3_1h7ajit,comment
m175r5p,"Está en 5000 
Según IOL hice un 250%",JairL_14,merval,1,2024-12-09 11:40:51,t1_m16blab,t3_1h7ajit,comment
m0mx292,"no estas solo yo perdí 100 lucas por no saber un choto, me metí cuando no debía supuestamente y salí para no perder mas por puto y cagon",TMLoveARG,merval,9,2024-12-05 22:24:43,t1_m0lp3kd,t3_1h7ajit,comment
m0p6pmi,"Uf, si, yo nunca compro en IPO, en el 90% de las veces te empoman. 

Salió el contrato con la US Navy y también había salido un contrato con la NASA hace un par de meses.",FangioV,merval,2,2024-12-06 09:45:24,t1_m0p3ayc,t3_1h7ajit,comment
m0lru8p,Imaginate cómo nos la pusieron a los que nos daban stock options,Moebiuzz,merval,6,2024-12-05 18:28:34,t1_m0lo5ux,t3_1h7ajit,comment
m0rm31d,"ayer, 3400, 1M.",f1refresh,merval,1,2024-12-06 17:53:52,t1_m0rd978,t3_1h7ajit,comment
m17b8zp,Yo lo compre a 1700 🙄🤣,Lefthanded-f477,merval,2,2024-12-09 12:13:09,t1_m175r5p,t3_1h7ajit,comment
m0pepeu,Perdiste 100 lucas por irte. HODL.,muncash,merval,12,2024-12-06 10:41:51,t1_m0mx292,t3_1h7ajit,comment
m0p71v1,See... ahí me fije y en pre-mercado está 20% arriba otra vez... vamoo,MaleficentTrip4970,merval,1,2024-12-06 09:48:01,t1_m0p6pmi,t3_1h7ajit,comment
m1bg5jh,"yo trabajaba para una start up y renuncié. Ejercer mis stocks options acumulados me salia 6 k usd. El precio aproximado de ganancia eran 1800 usd, es decir un 30%. Si las compraba no las podia vender hasta que la empresa hiciera IPO. Ahi se fueron mis 1800 dolares de ""ganancia""...",Don_JustoBolsa,merval,1,2024-12-10 02:25:33,t1_m0lru8p,t3_1h7ajit,comment
m16bmor,1 millón?,Lefthanded-f477,merval,1,2024-12-09 07:38:27,t1_m0rm31d,t3_1h7ajit,comment
m0p7dzf,"Hay gente que debe tener más data que nosotros jajaja

Igual ahora no se si holdear o retirarme habiéndole sacado una buena ganancia",FangioV,merval,1,2024-12-06 09:50:35,t1_m0p71v1,t3_1h7ajit,comment
m0p7v86,Jajaja.... tal cual. Lo otro que recién me acordé que ví es que obtuvieron 30M de financiamiento por parte de Tether hace unos meses. En una de esas algo por ahí está jugando.,MaleficentTrip4970,merval,1,2024-12-06 09:54:10,t1_m0p7dzf,t3_1h7ajit,comment
m06tjf5,"Bienvenido! En general los posts de ""tengo X y quiero invertir"" o ""por donde empezar a invertir?"" son muy comunes y muy repetitivos. Las respuestas son siempre mas o menos las mismas y no aportan a subir la calidad del sub por su naturaleza, ademas de que suelen ser poco completas porque solo son recomendaciones sueltas que NO es lo que debería estar recibiendo alguien que recién arranca en el mundo de las inversiones.

Por esto, desde la moderación solemos cerrar este tipo de threads cuando se vuelven muy repetitivos y recomendarle a los usuarios los siguientes tips:

1. Leer las [guias para principiantes](https://www.reddit.com/r/merval/collection/e6a7524c-6445-470e-a2b1-2246387c0c15/) (usar new reddit para ver bien los posts).

2. Leer posts anteriores de [PRIMEROS PASOS](https://www.reddit.com/r/merval/search?q=flair_name%3A%22PRIMEROS%20PASOS%22&restrict_sr=1).

3. Leer la [wiki](https://new.reddit.com/r/merval/wiki/index).

4. Usar el buscador para ver si la consulta ya fue tratada.

5. Usar el [THREAD DE CONSULTAS DIARIAS](https://www.reddit.com/r/merval/?f=flair_name%3A%22CONSULTAS%20BASICAS%22) para evacuar consultas puntuales que no ameritan un thread.

6. Usar el filtro de [TUTORIALES](https://new.reddit.com/r/merval/search?sort=new&restrict_sr=on&q=flair%3A%22TUTORIALES%22) para encontrar guías aprobadas sobre distintas temáticas.

Suerte!",merval-ModTeam,merval,1,2024-12-03 09:13:21,t3_1h5a9t5,t3_1h5a9t5,comment
m05z9sg,"Dividilo en 5 partes. Una parte bonos, una parte acciones, una parte ONs, una parte Cedars, y el resto en caución o plazo fijo. Y si sos más arriesgado pone un poco en BTC. 
Hay que diversificar. No compres todo de una sola cosa.",msvs4571,merval,28,2024-12-03 03:50:12,t3_1h5a9t5,t3_1h5a9t5,comment
m04h9mr,EL AL30 estaba regalado... pero ya no.,Strong-Motor175,merval,44,2024-12-02 21:30:13,t3_1h5a9t5,t3_1h5a9t5,comment
m051yhl,"Diversificar es lo mejor, te lo dice alguien que se la puso haciendo all in un por de veces.",Frauvalhallen,merval,25,2024-12-02 23:35:11,t3_1h5a9t5,t3_1h5a9t5,comment
m04j2t7,Metelo todo en pampa energia,carlosazuaje,merval,29,2024-12-02 21:41:02,t3_1h5a9t5,t3_1h5a9t5,comment
m04qtsb,"Conseguite un buen broker, en Balanz o inviu tenes asesor lo cual es util.

Si queres invertir en Ons hay una de edenor que paga 8.5% anual usd

Mas arriesgado tenes el soberano como decis, gd30 y al30. El gobierno salio a decir q va a cumplir con los pagos del 2025 ( rinden mas del 11% estos bonos)

Y para terminar esta el ba37 q es d ela prov de bs as. Esta bueno tener una parte chica aca, rinde 15%

Despues tenes toda la parte de tasa en pesos que ya es otro tema ...",UniversityWorldly199,merval,8,2024-12-02 22:27:43,t3_1h5a9t5,t3_1h5a9t5,comment
m04gpue,Destina el % que consideres de riesgo al BA37. No hay muchas opciones de renta fija más atractivas que esa,juanmaAV,merval,9,2024-12-02 21:26:56,t3_1h5a9t5,t3_1h5a9t5,comment
m04i89b,"Buenas!!! Perfil moderado/agresivo para me parece que no es un ON. Si buscas algo de renta fija, yo iría por algún bopreal que tienen mejor TIR que una ON, y el BCrA nunca defaulteo.
Abrazo",Magodeoz-87,merval,10,2024-12-02 21:35:57,t3_1h5a9t5,t3_1h5a9t5,comment
m05as2r,Binance esta dando un 19% si dejas usdt en earn simple,[deleted],merval,8,2024-12-03 00:30:58,t3_1h5a9t5,t3_1h5a9t5,comment
m04oqah,"En cuanto tiempo pensaste retirarlo?, si es a largo plazo yo lo pondría todo al SP500.",SimilarBeautiful2207,merval,6,2024-12-02 22:15:02,t3_1h5a9t5,t3_1h5a9t5,comment
m04mhkp,"Si tú perfil es moderado/agresivo iría por algún cedear de emergentes o Brasil + algún cedear de empresa relacionadas a las criptomonedas. Lo que si trata de tener un anclaje en tu portfolio, no vayas con toda a lo agresivo.",SirPolkman,merval,3,2024-12-02 22:01:27,t3_1h5a9t5,t3_1h5a9t5,comment
m059f1w,"Al35, ypf, pampa y galicia",Disclosurre,merval,3,2024-12-03 00:22:05,t3_1h5a9t5,t3_1h5a9t5,comment
m04u1mz,"la renta fija argenta no es renta fija, hacete un mix de GD35, AE48 y AL30. vas a obtener rendimientos muy buenos aunque estemos en maximos, el riesgo país aun debe bajar hasta los 500 puntos, asi que dale que vas a ir bien",john_belt,merval,5,2024-12-02 22:46:59,t3_1h5a9t5,t3_1h5a9t5,comment
m04knky,Yo los pondría en un Fci renta variable. Especulando un rendimiento mínimo de 5% te daría 750k por mes. Nada mal. ,Pearl_Jam_,merval,15,2024-12-02 21:50:31,t3_1h5a9t5,t3_1h5a9t5,comment
m06npdp,oro físico,Ok-Acante4524,merval,4,2024-12-03 08:18:57,t3_1h5a9t5,t3_1h5a9t5,comment
m04z2bm,"Mételo todo en SP500 no hay error ahí,te aseguro que siempre vas a recordar mi consejo.",SignificantTwo862,merval,5,2024-12-02 23:17:21,t3_1h5a9t5,t3_1h5a9t5,comment
m059elu,Yo compro dólares y los pongo a rendir en usdt hasta que el Mercado y las ONs se normalicen. Iría poniendo  de apoco en algunas acciones de EEUU que no estén en máximos.,Spiritual_Bottle_926,merval,2,2024-12-03 00:22:00,t3_1h5a9t5,t3_1h5a9t5,comment
m05sgd3,Depende de tus objetivos para mi parecer lo mejor es comprar bitcóin para tu futuro,[deleted],merval,2,2024-12-03 02:45:59,t3_1h5a9t5,t3_1h5a9t5,comment
m06ecm4,Compra dólares.,Important-Ant5614,merval,2,2024-12-03 06:36:10,t3_1h5a9t5,t3_1h5a9t5,comment
m06kzmf,ko coca cola esta en minimo,SnooMacarons2927,merval,2,2024-12-03 07:50:51,t3_1h5a9t5,t3_1h5a9t5,comment
m04jr7u,[deleted],[deleted],merval,4,2024-12-02 21:45:06,t3_1h5a9t5,t3_1h5a9t5,comment
m04yyl4,Me hace falta esa Cantidad para un proyecto gastrónomico.,juniorgandara,merval,3,2024-12-02 23:16:43,t3_1h5a9t5,t3_1h5a9t5,comment
m04ob8w,"Compra dólares, esto en cualquier momento se termina y explota. Despues me das un 10% jajajajaja",Dj-Tiento,merval,5,2024-12-02 22:12:32,t3_1h5a9t5,t3_1h5a9t5,comment
m06nizd,TODO AL ROJO,Mysterious-Copy7954,merval,2,2024-12-03 08:17:10,t3_1h5a9t5,t3_1h5a9t5,comment
m0595p7,Todo a la memecoin de moda en solana (not financial advice),GordoMondiola,merval,1,2024-12-03 00:20:24,t3_1h5a9t5,t3_1h5a9t5,comment
m065tsp,me compras una compu,Salomeq,merval,1,2024-12-03 04:58:24,t3_1h5a9t5,t3_1h5a9t5,comment
m06qfvy,Tvpp y un montón de cocaina,gabbrielzeven,merval,1,2024-12-03 08:45:36,t3_1h5a9t5,t3_1h5a9t5,comment
m06sull,Compra YPF,MABDelta,merval,1,2024-12-03 09:07:21,t3_1h5a9t5,t3_1h5a9t5,comment
m04g4bt,La ON de telecom es una muy buena opcion,Mananirou,merval,2,2024-12-02 21:23:23,t3_1h5a9t5,t3_1h5a9t5,comment
m04lvrj,Me parecen muy buenas sus recomendaciones,Ounoounoounonono,merval,1,2024-12-02 21:57:49,t3_1h5a9t5,t3_1h5a9t5,comment
m04q19t,si querés bonos y ONs entonces no sos agresivo ni moderado-agresivo,PancuterM,merval,1,2024-12-02 22:23:01,t3_1h5a9t5,t3_1h5a9t5,comment
m054cwy,Chicos 15 millones de pesos no de dólares ajaj son 10 mil dólares maso. No es nada jaja,Ounoounoounonono,merval,-3,2024-12-02 23:50:01,t3_1h5a9t5,t3_1h5a9t5,comment
m04m5go,Acciones,SarasaGusman,merval,0,2024-12-02 21:59:25,t3_1h5a9t5,t3_1h5a9t5,comment
m04nlpq,Compra un terreno a pozo,Parking_Bed_1825,merval,-1,2024-12-02 22:08:16,t3_1h5a9t5,t3_1h5a9t5,comment
m04obqn,plazo fijo y carry trade,ZiYu14,merval,-1,2024-12-02 22:12:37,t3_1h5a9t5,t3_1h5a9t5,comment
m04mq3t,mira con 15 millones podes tranquilamente contratar algún profesional donde te pueda enseñar,shzshblabla,merval,-2,2024-12-02 22:02:56,t3_1h5a9t5,t3_1h5a9t5,comment
m053ar3,"Si lo quiere por el flujo, es una buena inversión aun",tacita_de_te,merval,6,2024-12-02 23:43:29,t1_m04h9mr,t3_1h5a9t5,comment
m056rkd,Cuales fueron las apuestas q te mataron?,Quick-Teacher-2379,merval,7,2024-12-03 00:04:57,t1_m051yhl,t3_1h5a9t5,comment
m04ng3x,¿No esta en su máximo historico y puede perderlo todo?,Chambaconsueno,merval,19,2024-12-02 22:07:20,t1_m04j2t7,t3_1h5a9t5,comment
m05fwui,Yo estoy muy confiado con Pampa Energia y otras empresas energeticas porque habra inversión internacional en vaca muerta,carlosazuaje,merval,1,2024-12-03 01:05:16,t1_m04j2t7,t3_1h5a9t5,comment
m05zvdd,No le tengo confianza al de la provincia de Buenos Aires,msvs4571,merval,4,2024-12-03 03:56:14,t1_m04qtsb,t3_1h5a9t5,comment
m056d8z,IOL tiene asesores también?,ZateoManone,merval,1,2024-12-03 00:02:25,t1_m04qtsb,t3_1h5a9t5,comment
m04irqi,Si algun % en cripto tmb.,Ounoounoounonono,merval,1,2024-12-02 21:39:11,t1_m04gpue,t3_1h5a9t5,comment
m04ig7o,Perfecto. Alguna TIR que recomiendes? El AL30 decía xq paga ahora amortización en enero,Ounoounoounonono,merval,2,2024-12-02 21:37:17,t1_m04i89b,t3_1h5a9t5,comment
m064tp6,Mensual o anual?,Hour-Inside5452,merval,-13,2024-12-03 04:47:37,t1_m05as2r,t3_1h5a9t5,comment
m05e7fx,"Podes invertir en sp500 desde cualquier broker por ejemplo IOL o balanz? Soy nueva en esto perdón, hace poco me desayuné que para invertir en bonos de USA necesito cuenta afuera :(",Automatic_Actuary621,merval,2,2024-12-03 00:53:35,t1_m04oqah,t3_1h5a9t5,comment
m04xwvu,Me parece muy bien,Ounoounoounonono,merval,1,2024-12-02 23:10:22,t1_m04u1mz,t3_1h5a9t5,comment
m050zya,El rendimiento minimo de un FCI renta variable es 5% mensual? Mamita querida y ustedes se creen que pueden dar recomendaciones de algo. Techo total del mervalito,themanfromdowntown,merval,22,2024-12-02 23:29:14,t1_m04knky,t3_1h5a9t5,comment
m04q3at,No es mala pero el chabón está diciendo que quiere algo más de renta fija,dinovfx,merval,6,2024-12-02 22:23:21,t1_m04knky,t3_1h5a9t5,comment
m051rca,Vos me estas diciendo. Que si logro poner más de 15M  en un FCI puedo vivir sin laburar?,LadrilloDeMadera,merval,5,2024-12-02 23:33:57,t1_m04knky,t3_1h5a9t5,comment
m050jde,Mmm algo voy a poner ahí pero no me va a dar tanto. Más bien me va a preservar,Ounoounoounonono,merval,4,2024-12-02 23:26:23,t1_m04z2bm,t3_1h5a9t5,comment
m050tsi,"Plot twist: 3er guerra mundial, Trump la caga como nadie, EEUU desaparece y China nos mete yuanes hasta en la sopa",salustianovergatiesa,merval,0,2024-12-02 23:28:10,t1_m04z2bm,t3_1h5a9t5,comment
m06njcg,Que repelotudo,themanfromdowntown,merval,0,2024-12-03 08:17:16,t1_m04z2bm,t3_1h5a9t5,comment
m04k8hx,*le transferian 1 centavo y lo doxeaban*,elperrofunk,merval,14,2024-12-02 21:47:59,t1_m04jr7u,t3_1h5a9t5,comment
m04phn4,"Borrá esto, pavo.",bosquejo,merval,3,2024-12-02 22:19:42,t1_m04jr7u,t3_1h5a9t5,comment
m04ptia,OP transferimelo y yo te lo gestiono pa despreocupate,Quick-Teacher-2379,merval,2,2024-12-02 22:21:42,t1_m04jr7u,t3_1h5a9t5,comment
m04qvk2,Pregunta seria: porque pensas que va a explotar? Ves algún desequilibrio escondido en algún lado? Algo que estén pisando fuerte y no puedan contener?,MyOtherAcctsAPorsche,merval,4,2024-12-02 22:28:01,t1_m04ob8w,t3_1h5a9t5,comment
m0597y5,XRP,Ounoounoounonono,merval,1,2024-12-03 00:20:48,t1_m0595p7,t3_1h5a9t5,comment
m04p8ea,"Mirá yo arranqué hace menos de 2 años. Empezá a seguir a asesores financieros (serios) que siempre hacen algún research de las empresas y fundamentan porqué conviene tal o cual instrumento. Ojo, nadie tiene la bola de cristal. Con el tiempo empezás a entender algunas cosas y que la ganancia es a largo plazo. Por mi parte tengo la mitad puesta en cedears y la otra mitad distribuida en bonos, acciones y ONs. Este año tuve un rendimiento entre 15 a 20% en dólares y estoy satisfecho. Distribuí, yo no pondría todo en un solo instrumento. Suerte!",BoyStout,merval,8,2024-12-02 22:18:07,t1_m04lvrj,t3_1h5a9t5,comment
m05av56,"Comprar un bono soberano de un país que defaulteo 8 veces y que todavía a pesar de toda la mejora tiene reservas netas negativas es, como mínimo, una inversión moderada (es agresiva)",Cobas13,merval,10,2024-12-03 00:31:29,t1_m04q19t,t3_1h5a9t5,comment
m0615ss,"No son bonos del tesoro de Estados Unidos, son de Argentina.",msvs4571,merval,4,2024-12-03 04:09:18,t1_m04q19t,t3_1h5a9t5,comment
m04qfms,Depende que bonos,Quick-Teacher-2379,merval,3,2024-12-02 22:25:21,t1_m04q19t,t3_1h5a9t5,comment
m061tsz,nada para quién? 🍼,juanchi74,merval,6,2024-12-03 04:16:05,t1_m054cwy,t3_1h5a9t5,comment
m061qgm,"Los terrenos no se compran a pozo, se compra el terreno y listo.",msvs4571,merval,1,2024-12-03 04:15:07,t1_m04nlpq,t3_1h5a9t5,comment
m05dmsx,"Full cedear cuando se tranco hace mas de un año y pico. Hace unos meses estaba todo en merval y no se movió por como un mes y medio.
Ahora estoy en FCI todos diferentes. Renta variable, bonos, mixta, lecap. Si no sube uno sube otro. Si baja alguno, noe baja la cartera entera.
Ah y le clavé un 20% a un fci rescate inmediato, me deja tener liquidez si me quedo sin plata al final del sueldo.",Frauvalhallen,merval,11,2024-12-03 00:49:41,t1_m056rkd,t3_1h5a9t5,comment
m052188,"Es la versión financially literate DE decir ""TODO AL ROJO""",LadrilloDeMadera,merval,32,2024-12-02 23:35:40,t1_m04ng3x,t3_1h5a9t5,comment
m04nnpc,"En pesos, todo está en su máximo histórico jaja",33p857,merval,32,2024-12-02 22:08:36,t1_m04ng3x,t3_1h5a9t5,comment
m05agmx,"El precio de la acción está en máximos históricos pero mirando el market cap (valor de la empresa en bolsa) aún le falta. Eso es porque la empresa fue recomprando acciones, el precio de la acción podrá estar más alto pero hay menos acciones que antes",Cobas13,merval,4,2024-12-03 00:28:51,t1_m04ng3x,t3_1h5a9t5,comment
m05zxb6,No. Podes preguntar cosas cada tanto pero tardan bastante en responder.,msvs4571,merval,1,2024-12-03 03:56:47,t1_m056d8z,t3_1h5a9t5,comment
m04j633,"Por el lado de Crypto, si no te animas a comprar las Crypto; o querés intentar hacer trades sin tanto quilombo podes considerar acciones relacionadas a Bitcoin. Por ejemplo, BITF, MARA, RIOT, MSTR, HUT, COIN, entre otras",juanmaAV,merval,9,2024-12-02 21:41:35,t1_m04irqi,t3_1h5a9t5,comment
m04isjo,"[acá](https://bonistas.com/) podes ver toda la info !

La amortización está en el precio, es lo mismo que lo compres 2 días antes o dos días después!",Magodeoz-87,merval,7,2024-12-02 21:39:19,t1_m04ig7o,t3_1h5a9t5,comment
m06nbqe,Diario,themanfromdowntown,merval,14,2024-12-03 08:15:06,t1_m064tp6,t3_1h5a9t5,comment
m06evx4,Donde viste q te den 19% mensual?,Lefthanded-f477,merval,33,2024-12-03 06:42:25,t1_m064tp6,t3_1h5a9t5,comment
m05qapj,Buscate el cedear SPY,artemaOK,merval,2,2024-12-03 02:27:14,t1_m05e7fx,t3_1h5a9t5,comment
m06110n,"Para invertir en el SP500 no necesitas cuenta afuera. Podes abrir una cuenta afuera igual, pero no te conviene porque vas a tener que pagar más impuestos acá. 
Lo que se usa para invertir acá son los CEDEARS (certificados de depósito argentinos). Los compras acá en cualquier broker en pesos. Lo único que tené en cuenta que 1 Cedear muchas veces no equivale a 1 acción de la empresa afuera. Por ejemplo el SP500 creo que tiene un ratio de 20 a 1. Por lo tanto cada 20 cedars que compras equivale a 1 SP500 afuera. Lo tenés que buscar como SPY. Igual tendrías que aprender un par de cosas antes de comprar, como por ejemplo nunca poner precio de mercado, sino fijarte en los precios a los que se está vendiendo y poner el precio y la cantidad vos manualmente. Búscate algunos videos en YouTube que expliquen cómo comprar cedears, hay muchos.",msvs4571,merval,2,2024-12-03 04:07:56,t1_m05e7fx,t3_1h5a9t5,comment
m051gcp,Empezaron a invertir hace un año o menos sino no se explica,javagior,merval,7,2024-12-02 23:32:03,t1_m050zya,t3_1h5a9t5,comment
m051oxq,En diciembre rodaron el 20%. Compensaron los meses negativos. ,Pearl_Jam_,merval,-3,2024-12-02 23:33:32,t1_m050zya,t3_1h5a9t5,comment
m05zqhz,"No, porque te descapitalizas, y no están teniendo en cuenta la inflación.",msvs4571,merval,9,2024-12-03 03:54:52,t1_m051rca,t3_1h5a9t5,comment
m051xh9,Si. ,Pearl_Jam_,merval,-9,2024-12-02 23:35:00,t1_m051rca,t3_1h5a9t5,comment
m05u6xz,"Amigo, vas a quedar culo para arriba si querés ganarle al S&P con consejos nuestros.

No te manijees con espejitos de colores, investiga bien. Metelo en algo tranqui mientras tanto y cuando entiendas un poco mas diversifica. 

Cuida la guita que en arg cuesta ganarla. 

Suerte 🤑",LicenciadoBuenaOnda,merval,9,2024-12-03 03:01:34,t1_m050jde,t3_1h5a9t5,comment
m060706,"Si vas a estar mirando la cartera seguido, y moviéndote, podes hacer más plata en el mercado argentino en este momento. Pero si tu idea es dejarlo y que corra y no darle bola, ponelo en el sp.",msvs4571,merval,1,2024-12-03 03:59:30,t1_m050jde,t3_1h5a9t5,comment
m05jktg,"A ver, lo que veo es que un auto que normalmente vale 10 mil dolares, hoy con el dolar a ""1100"", vale 22 millones. Eso te da un valor de 20 mil dolares, es decir, hay una inflación de 100%, como minimo, en dolares. El dolar deberia estar entre 2200 y 2500.

La otra que veo es que, el gobierno NO es dueño de los 20 mil millones de dolares que la gente blanqueo, esos depositos son de los depositantes, no de Caputo o Milei. Aunque es posible que los toquen, como ya ha sucedido en éste país.

Por último, todo ese ""superavit"" que tuviste durante 11 meses, matando a la economía y ajustando a los que nada tienen, de que te sirve? Si ahora liberás las importaciones y estás tan caro en dólares que los turistas se van al exterior. Eso se traduce en fuga de dólares que NO tenés.

En definitiva, el problema es que hay deuda y no hay dolares, y la solucion es tomar deudas para fugar dolares (importaciones de bienes y servicios) porque la inflación debe dar 0 y creen que esa es la forma de bajarla.

A la larga, vas a seguir teniendo deudas, vas a seguir teniendo faltante de dolares y la inflación va a volver a subir porque no solucionaste los problemas reales, solo hiciste parches. Ya pasó en la dictadura, en el 90 con el riojano patilludo y con el domador de reposeras en el 2015.

Veremos que pasa.

  
PD: Que pobres vagos los demas, que creen ser superiores porque una persona no está de acuerdo con el gobierno de cuarta que tenemos. O acaso se olvidaron del lema ""es imposible hacer una nueva Argentina con los mismos de siempre""? Y están Bullrich, Caputo, Sturzeneger y Macri. Me dan risa.",Dj-Tiento,merval,7,2024-12-03 01:31:03,t1_m04qvk2,t3_1h5a9t5,comment
m04v75s,"Le estas pidiendo un análisis muy profundo a un chabon que tira esa por tirarla, no hay ningún indicador que diga que hay atraso cambiario",Judo_y_Milanesa,merval,7,2024-12-02 22:53:53,t1_m04qvk2,t3_1h5a9t5,comment
m050g6d,"Es kirchnerista, pide helicóptero hace un año, dice que el clima social está raro",salustianovergatiesa,merval,1,2024-12-02 23:25:50,t1_m04qvk2,t3_1h5a9t5,comment
m061mfn,"Yo no creo que vayan a devaluar por ahora. Pero siempre hay que estar atento en este país por si pasa algo. Por ahora no hay nada que indique una explosión. Los indicadores económicos están dando bien. El tema es que como siempre acá tenemos una época bien y después te cagan, la gente está susceptible.",msvs4571,merval,0,2024-12-03 04:13:57,t1_m04qvk2,t3_1h5a9t5,comment
m05goca,Podes pasar link de algunos asesores? El que más me gusta es damian brik desde Twitter,whirloth,merval,2,2024-12-03 01:10:31,t1_m04p8ea,t3_1h5a9t5,comment
m05exq7,Pero los vendiste los cedears en ese momento o que? El merval esta altisimo,Quick-Teacher-2379,merval,2,2024-12-03 00:58:36,t1_m05dmsx,t3_1h5a9t5,comment
m04v3dy,"En USD también creo, acaba de romper máximos históricos",EconomizArg,merval,8,2024-12-02 22:53:16,t1_m04nnpc,t3_1h5a9t5,comment
m04q336,"MSTR está valuado a 2x Bitcoin, por más que es todo lo que posee. Su modelo financiero es emitir deuda utilizando la volatilidad del papel.

Olvidate del precio del Bitcoin; hay gente que cree que si baja la volatilidad van a estar en problemas, porque baja el valor de mercado de la deuda emitida y puede saltar algún corporativo (que son los que compran esto). Hay gente que cree que [el modelo es intrínsicamente un ponzi](https://www.youtube.com/watch?v=P5LKZ1-6BWM), porque el que más se jode es el último en entrar a la deuda, y necesitás mantener el ritmo de gente entrando a la deuda para que siga subiendo el papel, o corrés el riesgo de bajar la volatilidad (y con ella la capacidad de emitir deuda, y lo que comenté primero).

MARA parece que [quiere copiar el modelo](https://ir.mara.com/news-events/press-releases/detail/1380/mara-holdings-inc-announces-proposed-private-offering-of-700-million-of-zero-coupon-convertible-senior-notes).

Mi comentario igual no es tanto sobre estas compañías en particular sino para cualquiera leyendo recomendaciones: meterse en un lugar sin entender el negocio es timba. Que es legítimo, yo también timbeo, pero hay que ser sincero para asignar un riesgo adecuado (no vas a poner los ahorros de tu vida en timba).",heretique_et_barbare,merval,12,2024-12-02 22:23:19,t1_m04j633,t3_1h5a9t5,comment
m06r0ul,Por hora,Ganarg_,merval,15,2024-12-03 08:51:00,t1_m06nbqe,t3_1h5a9t5,comment
m06jo9i,[Cositorto vibes],_hanboks,merval,27,2024-12-03 07:36:36,t1_m06evx4,t3_1h5a9t5,comment
m051zpr,"Si algo baja 20% y después sube 20%, vuelve al mismo nivel?",themanfromdowntown,merval,5,2024-12-02 23:35:24,t1_m051oxq,t3_1h5a9t5,comment
m05lza1,"Se que te chicanean, y en parte entiendo por qué(después de leer tu respuesta), pero me interesa entender que es lo que entendiste vos por apertura de importaciones, porque lo que voy a importar lo voy a hacer con mis dólares propios míos que me pertenecen y yo entre y generé honestamente, no con dólares del gobierno prestados ni nada raro. Y los dólares del blanqueo fueron al mercado interno y siguen ahí. No entiendo cómo llegas a esas conclusiones o tu ejemplo justo de calcular el dólar en base a valores de autos? En Argentina? Podrías explayarte un poco más? Me interesa posta saber si hay alguna lógica que no estoy viendo detrás de tu comentario o si estás baiteando súper fuerte y me comí el bait de alguna joda interna de este sub.",mrtomich,merval,3,2024-12-03 01:51:42,t1_m05jktg,t3_1h5a9t5,comment
m062kvu,"En YouTube: Andy Stop Loss, Rava Bursátil (todas las mañanas), los programas de Neura Media a las 19:00 (todos los días hay uno distinto relacionado con economía e inversiones), Salvador di Stefano (los domingos a la noche), Bull Market Brokers, Clave Bursátil, Finanzars, Mundo Dinero, Corazón Financiero, Daniel Pesalovo, Marcos Emmi, Club de Inversores, RG Inversiones, Pablo Gil Trader",msvs4571,merval,2,2024-12-03 04:23:52,t1_m05goca,t3_1h5a9t5,comment
m05hb5l,"Ricciardi de BDI, inversiones Andinas, Matías Sanfilippo, son algunos de los que me acuerdo ahora. Hay que escuchar y ver cómo argumentan. Hay que filtrar también porqje hay mucho fantasma y mucho enamorado del modelo qie pierde objetividad",BoyStout,merval,1,2024-12-03 01:14:54,t1_m05goca,t3_1h5a9t5,comment
m05og92,"No los vendí a perdida, pero si promediabas cuanto me habian dado en un año me daba mucho menos que si hubiese diversificado. Por eso desde mi experiencia predico la diversificación.  Si en algún momento necesitas fondos podes sacar de algun instrumento que no esté pasando por un mal momento y holdear los otros.
Lo que hago es cuando un instrumento sube más que otro rebalanceo para mantener el porcentaje en la cartera, creeme que eso ayuda mucho a paliar cuando vienen las correcciones.",Frauvalhallen,merval,10,2024-12-03 02:11:44,t1_m05exq7,t3_1h5a9t5,comment
m04wfyq,"esta todo en maximos , hasta las cripto , por eso este post es interesante para ver las respuestas",frokuty,merval,8,2024-12-02 23:01:24,t1_m04v3dy,t3_1h5a9t5,comment
m058yqh,"En USD nominales, sin ajuste por inflación, todo está en máximos históricos jaja 

Me da paja ponerme a usar la US Inflation calculator para demostrar empíricamente mis dichos. Pero sospecho que es relevante ese detalle.",33p857,merval,7,2024-12-03 00:19:08,t1_m04v3dy,t3_1h5a9t5,comment
m04r1x2,"Claro, MSTR es timba nivel Dios. Quizás la más sólida desde mí opinión sea COIN, que hace intermediación, y con más adopción y/o FOMO va a facturar más en comisiones 

Lo de MARA no estaba tan pendiente, es bueno saberlo 

Pero todas son altamente especulativas, al igual que el propio Bitcoin y la mayoría de las Crypto",juanmaAV,merval,3,2024-12-02 22:29:05,t1_m04q336,t3_1h5a9t5,comment
m06t7p5,JAAJAAJJAAJ,anochezeras,merval,3,2024-12-03 09:10:32,t1_m06jo9i,t3_1h5a9t5,comment
m05j472,"think about it:

si una accion que vale $100 baja un 20%, ahora vale $80...   (100 x 0.8)  
si esa misma accion luego sube un 20%, ahora vale $96.   (80 x 1.2)",Prae-Dyth,merval,7,2024-12-03 01:27:43,t1_m051zpr,t3_1h5a9t5,comment
m0525gg,No se consideran de alto riesgo por nada. ,Pearl_Jam_,merval,0,2024-12-02 23:36:25,t1_m051zpr,t3_1h5a9t5,comment
m05rmv3,Gracias,Quick-Teacher-2379,merval,1,2024-12-03 02:38:51,t1_m05og92,t3_1h5a9t5,comment
m06f4k6,Mm como seria eso?,Lefthanded-f477,merval,1,2024-12-03 06:45:11,t1_m05og92,t3_1h5a9t5,comment
m14egpe,"No es stacking ( de apilar ), es staking ( de arriesgar ).",fer662,merval,56,2024-12-08 21:59:08,t3_1h9upxc,t3_1h9upxc,comment
m146xrj,"Andate a Binance... Más liquidez, menos comisiones, más tasa...",un_pibe_randon,merval,26,2024-12-08 21:14:01,t3_1h9upxc,t3_1h9upxc,comment
m13w9sb,"Justamente la semana pasada hice lo mismo que vos pero con USDT.

Buenbit esta pagando 11% anual en USDT y lo que perdes con el spread entre ir de USD a USDT y volver a USD es de 1.5% (al menos hasta el viernes), lo cual no esta mal.

A mi me cobraron con el spread cuando compre, termine perdiendo un 2.5%, cosa que no esta mal si te fijas los fees en otros lugares que normalmente es de 3.5 o 4 % por ej comprando con tarjeta.

Pero....lo que tenes que hacer es el calculo tambien como si quisieras volver de USDT a USD, ahi supuestamente recuperas algo, en mi caso recuperaba 1%, con lo cual en total pierdo 1.5%.",kriss_arg,merval,16,2024-12-08 20:10:13,t3_1h9upxc,t3_1h9upxc,comment
m13wp1z,">si consideras que el mismo fee para salir de DAI a USD en total es un 4.86%, o sea que la TNA menos el fee que te ofrecen es del 0.64 %

Eso si es que llegás a dejar los depósitos en stacking por un año.  
Si salís antes, la TNA es negativa, por añadidura.",TwinsenDinoFly,merval,6,2024-12-08 20:12:46,t3_1h9upxc,t3_1h9upxc,comment
m13t13m,usdt en binance paga mucho mas.,capitan_gg,merval,4,2024-12-08 19:51:09,t3_1h9upxc,t3_1h9upxc,comment
m14zqb2,"Binance está en 24% los primeros 500. El resto en 17%  (aunque es variable y esto es por la subida de btc y demás) 

Igual en tu supuesto de spread y tna, eso es dejando la plata 1 año. Si la dejas dos meses tu perdida sería del aprox -3,5%",AstronomerDiligent53,merval,6,2024-12-09 00:14:16,t3_1h9upxc,t3_1h9upxc,comment
m15po01,"Buenbit es uno de los peores exchanges. SI no fuera que sirve para blanquear plata en criptomondes, no se si alguien lo usaría.  
Hace poco empecémoste a usar Let's Bit, y es el mejor exchange local que existe, en mi humilde opinión. Como dato de color, podes comprar dolar mep sin el asqueroso parking.",AshamedThanks4570,merval,4,2024-12-09 03:33:00,t3_1h9upxc,t3_1h9upxc,comment
m16unyx,"Si tu intereses es solo hacer tasa, me parece mas competitiva Vibrant con USDC al 10% anual, el plazo es flexible y siempre te paga 10% anual. Otras apps como Lemon pagan una tasa variable, ponele que hoy esta en 9% y mañana cayo a 5%. Y para stable coin la mas solida parece USDC. USDT tiene mucha capitalizacion pero esta floja de papeles. Sino Nexo pero necesitas un paso intemerdio, es para posiciones a mas largo plazo. Por lo que describis, entiendo que Vibrant te puede servir.",Prize-Analyst4090,merval,2,2024-12-09 10:28:23,t3_1h9upxc,t3_1h9upxc,comment
m1bldgq,Pedi aumento de límites para operar y me saltaron los de compliance por que no les gustó mi Nosis. Ni el Deustche Bank para darte un crédito hipotecario.,Arquicae,merval,2,2024-12-10 03:11:23,t3_1h9upxc,t3_1h9upxc,comment
m1gk0ge,"En respuesta al título, te roban a mano armada. Ni hablar si transferís dólares y los convertis a usdt, un 3 % te roban. No deberían usarlo directamente.",Automatic-Effect-462,merval,2,2024-12-10 22:57:51,t3_1h9upxc,t3_1h9upxc,comment
m1sa3q6,"Buenas. X experiencia personal puedo decir que buenbit con DAI es una trampa.  El stackin es una mentira, tenia 5000 en stackin con 15 anual. Recuerdo hace un año o un poco mas que, el DAI perdio paridad por un quilombo que hubo, no recuerdo cual pero se vino abajo. Eso duro un par de dias hasta q en un momento se recupero y volvio a la paridad 1 a 1. El tema es que los de buenbit me hicieron la conversion tomando cuatro decimales, perdi mas de 1000 usd. Quede recaliente y no pude recuperar esa plata y obviamente la saque de buenbit.

Es tentador meter la guita ahi pero te rompen el c#lo.",ryder191,merval,2,2024-12-12 21:55:52,t3_1h9upxc,t3_1h9upxc,comment
m1vmk66,"No existe ningun broker actualmente que puedas hacer 1 a 1, sin embargo, el mas barato creeria que es Tiendacrypto, 1,025 para entrada, 1 para salida, al menos solo pagas 1.25 real pero en el monto, salvo que lo tengas parados 2 años no te sirve, te conviene vender los pesos al blue, depositarlos los pesos para comprar crypto y luego retirar usd de nuevo.",Agitated_Spite_9830,merval,2,2024-12-13 13:21:23,t3_1h9upxc,t3_1h9upxc,comment
m14xy7n,Alguien con NEXO? Cómo les va? ,Michael_Scott987,merval,2,2024-12-09 00:02:36,t3_1h9upxc,t3_1h9upxc,comment
m14k73u,usdt en bitget  earn esta entre el 20 y 30%,gabino11,merval,1,2024-12-08 22:35:04,t3_1h9upxc,t3_1h9upxc,comment
m16psgr,"Pásate a Nexo que tiene un rendimiento (plazo fijo) de 17% anual, esa es la que uso yo",Nid45h,merval,1,2024-12-09 09:52:37,t3_1h9upxc,t3_1h9upxc,comment
m17qwu1,En buenbit haciendo stacking de usdt me dan 14% de rendimiento anual. Lo q sería 15% de TEA. (Siendo nivel 1) Aunque creo q cambia la tasa porq fui con referido(?,Hot-Finance5354,merval,1,2024-12-09 13:38:11,t3_1h9upxc,t3_1h9upxc,comment
m1dawvu,Proba binance tiene un 12% anual,Creative-Win-3447,merval,1,2024-12-10 12:20:27,t3_1h9upxc,t3_1h9upxc,comment
m1nh3vm,Che que onda Nexo? Jov3n Inv3rsor lo recomiend mucho,asieslavida1998,merval,1,2024-12-12 02:37:27,t3_1h9upxc,t3_1h9upxc,comment
m14u5pq,Aposta al peso. FCI de cocos anda bien,elAle5,merval,1,2024-12-08 23:38:01,t3_1h9upxc,t3_1h9upxc,comment
m1a8v4j,"buenbit es una verga y ojo con el dai, hay un re bardo con esa stablecoin

yo metería en binance",ReyDeLosBuzones,merval,1,2024-12-09 21:39:47,t3_1h9upxc,t3_1h9upxc,comment
m1cmlip,Que rentabilidades tan vulgares P2P con esos 2000 mil puedes ganarte unos 500 al mes.,PostPunkie89,merval,1,2024-12-10 09:41:35,t3_1h9upxc,t3_1h9upxc,comment
m163cjw,Bajate Hapi y compra Jmia e Intel amigo!,Orphenvg,merval,0,2024-12-09 06:01:34,t3_1h9upxc,t3_1h9upxc,comment
m1a89ez,quejarse es gratis. la plataforma funciona joya y no hace falta alguien que venga a criticar solo por amor al arte.,Brave-Age-8828,merval,-3,2024-12-09 21:36:07,t3_1h9upxc,t3_1h9upxc,comment
m16aved,Ni stalking de acosar (?,Downtown_Weakness_21,merval,23,2024-12-09 07:29:50,t1_m14egpe,t3_1h9upxc,comment
m17wklc,"Stake en crypto significa volverse parte de, apoyar, etc. Lo mas cercano sería ""stakeholder"" de una empresa. Vos al poner tus monedas en un sistema stake-based es como que te convertis en un inversor, tenes un ""stake"" de la red.",chescov77,merval,3,2024-12-09 14:07:40,t1_m14egpe,t3_1h9upxc,comment
m14fcy2,maldito sea el ingles no fonetico,possiblecefonicid,merval,5,2024-12-08 22:04:43,t1_m14egpe,t3_1h9upxc,comment
m15rrbi,Lo que podés hacer es elegir una plataforma donde no te cobren por transferir efectivo a usdt y después transferir los usdt a tu cuenta de buenBit.,BinsDelplata,merval,4,2024-12-09 03:53:17,t1_m13w9sb,t3_1h9upxc,comment
m13xxu9,"Ah no me di cuenta, pense que habia que entrar con DAI si o si.",possiblecefonicid,merval,1,2024-12-08 20:20:09,t1_m13w9sb,t3_1h9upxc,comment
m13xkpq,totalmente,possiblecefonicid,merval,1,2024-12-08 20:17:59,t1_m13wp1z,t3_1h9upxc,comment
m14ahi5,Fíjate que tienen un tope y después son más  bajos. Actualmente es aprox 17 % hasta 500 usdt y después 10%.,Mongoaurelius,merval,3,2024-12-08 21:35:06,t1_m13t13m,t3_1h9upxc,comment
m13w0w5,de interes o menos de fee?,possiblecefonicid,merval,1,2024-12-08 20:08:43,t1_m13t13m,t3_1h9upxc,comment
m156upj,como es la forma más barata de mandar cripto de buen bit a binance y luego traerla a buen bit otra vez ?,roberp81,merval,1,2024-12-09 01:01:02,t1_m13t13m,t3_1h9upxc,comment
m1a02h4,"La cagada es que es muy variable y ni te enteras, antes del bull run no daba ni bosta, después en un momento llego a 18 y ahora está en 13 creo",dario1913,merval,1,2024-12-09 20:47:23,t1_m13t13m,t3_1h9upxc,comment
m14zz8h,"correcto, tasa negativa, todo mal",possiblecefonicid,merval,1,2024-12-09 00:15:50,t1_m14zqb2,t3_1h9upxc,comment
m18v8hq,"Yo la vengo usando para pagar con debito, te da un 2.5% de cashback en cada compra (3% si te haces la cuenta con algun codigo) en pesos y aparte genera rendimientos tipo mercadopag. No la use mucho en la parte cripto pero me sirvio esa q les comente.",donkiske,merval,2,2024-12-09 17:05:41,t1_m15po01,t3_1h9upxc,comment
m1axw1c,"LetsBit es de los mejorcitos. También con el que tuve excelente experiencia es con Fiwind. Después Buenbit, lemon, bitso y demas exchanges... Son una real kg4da.",icemodding,merval,1,2024-12-10 00:13:58,t1_m15po01,t3_1h9upxc,comment
m1y18c6,"si, estaba pensando en eso, en realidad queria algun lugar que funcione en USD como billetera virtual, donde podes rescatar los fondos en cualquier momento y te da interes",possiblecefonicid,merval,2,2024-12-13 21:23:34,t1_m1vmk66,t3_1h9upxc,comment
m16u0vr,"El unico tema feo que tuve con Nexo fue cuando compré con tarjeta, me llegaron cargos de varios sitios scam de cripto y de lugares ""exoticos"". Ya no fondeo mas con tarjeta, lo hago todo desde otra billetera intermedia y asi va barbaro, los intercambios de monedas son sin comision y los envios por polygon tambien sin cargo. Las tasas Flex son competitivas, y con un plazo fijo corto y/o cobrando en Nexo las mejoras mucho.",Prize-Analyst4090,merval,3,2024-12-09 10:23:55,t1_m14xy7n,t3_1h9upxc,comment
m16r56b,"Lo vengo usando hace 5 meses aprox. Un golazo. Vi que mucha gente dudaba de su liquidez para pagar las tasas que ofrecen y el miedo de que la wallet se hunda si vuelve a abrir en EEUU, pero por lo pronto es mi default (AXS da 30% anual si sos Platino)",barberogaston,merval,2,2024-12-09 10:02:57,t1_m14xy7n,t3_1h9upxc,comment
m14ktm9,Es confiable esto?,Nautargo1,merval,1,2024-12-08 22:38:59,t1_m14k73u,t3_1h9upxc,comment
m1a9t47,leiste el post al menos? esto no es una queja,possiblecefonicid,merval,4,2024-12-09 21:45:28,t1_m1a89ez,t3_1h9upxc,comment
m16spy2,"Debe ser entonces stocking, de guardar en una media.",CherenkovGuevarenkov,merval,12,2024-12-09 10:14:35,t1_m16aved,t3_1h9upxc,comment
m19nygq,"Provienen del mismo lugar. Si vos sos un stakeholder en una empresa, lo sos porque estás arriesgando tu capital. Stakear conlleva algún riesgo, ya sea de contratos bugeados, de plataformas hackeadas, o lo que sea.",fer662,merval,3,2024-12-09 19:36:43,t1_m17wklc,t3_1h9upxc,comment
m16u88s,son fonéticamente diferentes,diegoasecas,merval,8,2024-12-09 10:25:21,t1_m14fcy2,t3_1h9upxc,comment
m16nrwr,Y cuál sería ?,kriss_arg,merval,1,2024-12-09 09:36:29,t1_m15rrbi,t3_1h9upxc,comment
m13y9f4,"Fijate cuando vas a Mercado y elegis las cripto estables (stable), te muestra cuanto da cada una. USDT esta dando 11% si sos nivel 2 y 12% si sos nivel 3. Sali de DAI jajajajaja

Si te interesa podes hacer staking en los exchanges como Bitget o Bybit que tienen % variable pero vienen dando entre 20 y 30%",kriss_arg,merval,3,2024-12-08 20:22:07,t1_m13xxu9,t3_1h9upxc,comment
m13zerb,"Es algo parecido a cuando intentaron imponer el cashback en crypto.  
Si comprabas crypto, podías usar la tarjeta de Lemon o la de Buenbit para hacer pagos en los comercios y recibías un pequeño porcentaje en crypto como ""cashback"".  
Si hacías la cuenta el cashback era un pequeño porcentaje de la ganancia que ellos obtenían por la diferencia entre los valores de compra y los de venta de las cryptos.  
Cuando comprabas crypto para fondear la cuenta, lo hacías a precio de compra.  
Cuando usabas la tarjeta para pagar, te convertían en el instante las crypto a pesos primero, en un paso intermedio y a precio vendedor.  
Con esa maniobra te sacaban un 5% de todas las transacciones, y los boludos se ponían contentos por un 1% o un 2% de cashback.  
Por cada transacción ellos ganaban entre un 3% y un 4% neto del movimiento efectuado en la compra en comercios. Al mismo tiempo, creaban la ia ilusión de que el usuario estaba obteniendo un ""descuento"" en la compra. En realidad era lo contrario. Te hacían comprar crypto de prepo, porque no te la regalaban, la estabas pagando porque el porcentaje neto de ""ganancia"" era negativo.",TwinsenDinoFly,merval,21,2024-12-08 20:29:01,t1_m13xkpq,t3_1h9upxc,comment
m14bwid,"Es variable. Pasa de 17 a 2 en nada, segun la demanda del mercado",Elbullsito10,merval,8,2024-12-08 21:43:32,t1_m14ahi5,t3_1h9upxc,comment
m189nmo,Manda a binance usando la red de ellos,webmonkeypd,merval,1,2024-12-09 15:14:48,t1_m156upj,t3_1h9upxc,comment
m19thdm,"Ojo que lo del cashback es una estafa, mira lo que puso otro rediturro mas abajo.",possiblecefonicid,merval,3,2024-12-09 20:08:23,t1_m18v8hq,t3_1h9upxc,comment
m19w5m1,Axs el token del axie?,petruskax,merval,1,2024-12-09 20:24:08,t1_m16r56b,t3_1h9upxc,comment
m17kcpr,no,81mv,merval,2,2024-12-09 13:03:14,t1_m14ktm9,t3_1h9upxc,comment
m19std3,"O fracking, sacando dólares de las piedras jajaja",halconnegro_2006,merval,5,2024-12-09 20:04:26,t1_m16spy2,t3_1h9upxc,comment
m16xobs,panty,Ok-Acante4524,merval,1,2024-12-09 10:48:59,t1_m16spy2,t3_1h9upxc,comment
m174cs8,JAJA,trader_by_choice,merval,1,2024-12-09 11:32:09,t1_m16spy2,t3_1h9upxc,comment
m189pg3,Binance p2p,webmonkeypd,merval,1,2024-12-09 15:15:04,t1_m16nrwr,t3_1h9upxc,comment
m143pix,"ah buen data, cualquier cosa viene bien para usar como billera virtual de USD",possiblecefonicid,merval,1,2024-12-08 20:54:35,t1_m13y9f4,t3_1h9upxc,comment
m170y5x,"20-30% en usdt? 👀 donde? 

ust se fundio x menos jaja",Organization_Aware,merval,1,2024-12-09 11:10:37,t1_m13y9f4,t3_1h9upxc,comment
m145959,que estafa,possiblecefonicid,merval,2,2024-12-08 21:03:54,t1_m13zerb,t3_1h9upxc,comment
m1amo4s,"no entiendo lo de la estafa.. si yo pago con lemon o con la de debito de santander, la compra me sale lo mismo, la diferencia es que lemon devuelve una parte.. por qué decís que es una estafa?",ReyDeLosBuzones,merval,0,2024-12-09 23:03:28,t1_m13zerb,t3_1h9upxc,comment
m1a5jm7,Es cashback en pesos y te pagan en pesos. Si te moves en pesos no hay estafa,donkiske,merval,5,2024-12-09 21:19:55,t1_m19thdm,t3_1h9upxc,comment
m19w83z,Ese mismo,barberogaston,merval,1,2024-12-09 20:24:33,t1_m19w5m1,t3_1h9upxc,comment
m1azen2,"le estas diciendo que no es confiable uno de los 10 exchange mas grande del mundo, pero no le decis nada de buen bit, si estas en cripto y quere algo 100% seguro no existe.",gabino11,merval,1,2024-12-10 00:23:59,t1_m17kcpr,t3_1h9upxc,comment
m1d3n2m,O cracking para piratear programas y juegos,Bigotoide,merval,3,2024-12-10 11:37:56,t1_m19std3,t3_1h9upxc,comment
m1axzv5,También hay spread entre compra y venta.,kriss_arg,merval,4,2024-12-10 00:14:39,t1_m189pg3,t3_1h9upxc,comment
m177xo9,"jajaja 20-30%  variable, o sea, sube y baje pera esta ultima semana dio eso.

Sino normalmente te dan 10%.",kriss_arg,merval,3,2024-12-09 11:53:55,t1_m170y5x,t3_1h9upxc,comment
m1c8ce0,"Supongamos que 1 cripto = 1 peso.  
Para recibir el cashback vos tenés que tener fondeada tu cuenta de Lemon con crypto.  
El asunto es que en esta transacción hay dos precios. Precio comprador y precio vendedor.  
Eso es lo que se llama **spread**. El spread es la fuente de ganancia de cualquier exchange. Si los exchanges compraran y vendieran al mismo precio no ganarían nada. Mismo con el arbolito que vende dólares.  
Supongamos que la supuesta crypto cotiza en Lemon así:  
Para venta: 1.05  
Para compra: 0.95  
Cuando comprás crypto, te cobran 1,05 pesos por cada falopa-coin.  
Ahora ya tenés 1 falopacoin en tu cuenta, y podés comprar con tu tarjeta Lemon usando crypto. Yaaaaay! 🎉  
Bueno, ahora vas a comprar un chicle, y en el kiosko te dicen que sale 1 peso.  
Pagás con Lemon, y para esta operatoria, Lemon como paso previo convierte a pesos la crypto que tenés, PEEEERO esa conversión te la hacen a 0.95.  
Como ves, ellos en total tendrían una ganancia neta de 0.10 pesos por cada peso que gastás (porque a la crypto que usás para pagar la compraste a un precio mayor, y ahora ellos te la convierten a pesos a un precio menor). Pero para engancharte, te dan un 1% de ""cashback"" en crypto.  
Como resultado, ellos se quedan con 0.09 pesos por cada peso que vos gastás y vos festejando que tenés 0.01 pesos ""de regalo"" en crypto.",TwinsenDinoFly,merval,7,2024-12-10 07:24:10,t1_m1amo4s,t3_1h9upxc,comment
m1ax9sa,Lee de nuevo.,icemodding,merval,1,2024-12-10 00:10:01,t1_m1amo4s,t3_1h9upxc,comment
m19wq6o,"Pero lo podes stakear en la wallet de ronin directo y lo podes pasar en katana casi sin fees a lo que quieras. De última usas slp para pasar entre exchanges que tiene fees bajos y después convertís de nuevo.

Asumo que en el Dashboard de ronin te dan tipo 35-40% considerando que el token de mierda no para de bajar. Salvo que esta carreadonpor el bull market actual.",petruskax,merval,1,2024-12-09 20:27:30,t1_m19w83z,t3_1h9upxc,comment
m1f1f85,"\>le estas diciendo que no es confiable uno de los 10 exchange mas grande del mundo

Sí",81mv,merval,1,2024-12-10 17:47:58,t1_m1azen2,t3_1h9upxc,comment
m1b053n,"Siempre hay, la idea es buscar el más bajo, la gente no trabaja gratis.",webmonkeypd,merval,1,2024-12-10 00:28:52,t1_m1axzv5,t3_1h9upxc,comment
m0cwe3p,Imposible saberlo con cepo. Todas las respuestas que no mencionen el cepo están mal. Fijarse si interviene o no el gob en el dolar no lo hace de equilibrio,zth--,merval,129,2024-12-04 09:24:51,t3_1h6dw5h,t3_1h6dw5h,comment
m0db03e,"Para mi no, Argentina esta mega cara en dolares en este momento, mas cara que España. Sale mas barato salir a comer afuera en España que aca. Es una locura.",Foreign-Mango-801,merval,23,2024-12-04 11:06:51,t3_1h6dw5h,t3_1h6dw5h,comment
m0ctkth,"Estoy en la misma pero capaz soy mas viejo que vos (late 40s). 

Un salario de USD X históricamente siempre mantuvo el valor, Ejemplo: un primer trabajo en IT (18-19 anios sin experiencia) de USD 800-1000 siempre fue bueno. Un programador junior con USD 1000-1500 esta ok, Un ssr a partir de 2000, etc, etc. Desde los 90s es asi.

Ahora, es como la historia de posicionar tus inversiones en dolares o salir corriendo a hacer tasa en pesos cuando estan altas. Vas a dejar la estabilidad a largo plazo del dolar para tener un sueldo mas alto en el corto plazo? A los 20s si, a mi edad no.",adrius,merval,56,2024-12-04 09:01:22,t3_1h6dw5h,t3_1h6dw5h,comment
m0d74iy,[removed],[deleted],merval,25,2024-12-04 10:41:58,t3_1h6dw5h,t3_1h6dw5h,comment
m0czqoa,"Para que éste sea un valor de equilibrio, deberían cumplirse por lo menos tres cosas:  
\* Eliminación del cepo  
\* Eliminación del dólar blend 20/80 para exportadores  
\* Dejar de invertir el CCL con la famosa maniobra de ""sanitizar los pesos""

Las tres medidas siguen vigentes y a todo vapor cuyo único objetivo es mantener el dólar bajo.  
Es probable que no aflojen con estas medidas hasta las próximas elecciones del año que viene. (Por razones obvias)",TwinsenDinoFly,merval,35,2024-12-04 09:50:42,t3_1h6dw5h,t3_1h6dw5h,comment
m0dpgou,"Yo esperaría. Estoy en la misma situación, me estoy ajustando a más no poder, si bien sigo buscando clientes locales para no seguir sufriendo, no dejaré mi trabajo en dolares (cobro 1100 usd por mes)",Birdman905,merval,7,2024-12-04 12:30:25,t3_1h6dw5h,t3_1h6dw5h,comment
m0dc42p,"leche la serenisima protein en noviembre 2023 con dolar a $1.200= $1100 ars

leche la serenisima protein en noviembre 2024 con dolar a $1.100= $2600 ars

Indice Big Mac= Argentina tiene sobrevaluación del 50%.

Aumentó en promedio todo el doble en dolares.",darkman066,merval,28,2024-12-04 11:13:52,t3_1h6dw5h,t3_1h6dw5h,comment
m0cupkl,"que sea de equilibrio y tener el cepo no son compatibles.

Si tenes que tenerlo agarrado con el cepo...yyyyy es como hacer equilibrio agarrandote de dos pasamanos

Y falta analizar el efecto blanqueo post desbloqueo. Estan contando como reservas un monton de encajes que son de dinero en efectivo que no se sabe muy bien si esta esperando a ser sacado, o invertido, o qué. Hay una cantidad record de efectivo depositado, es muy líquido. Una minima corridita te puede mover bastante la aguja",teteban79,merval,43,2024-12-04 09:11:06,t3_1h6dw5h,t3_1h6dw5h,comment
m0czelt,Valor de equilibrio?? Hay que soltar el cepo y ver…,sreimsin,merval,7,2024-12-04 09:48:12,t3_1h6dw5h,t3_1h6dw5h,comment
m0g7i08,"Te quedas corto con pisado, esta abajo de una máquina hidráulica, si hubiera seguido a la inflacion en pesos deberia estar como a 2500.",possiblecefonicid,merval,6,2024-12-04 20:05:52,t3_1h6dw5h,t3_1h6dw5h,comment
m0cs14b,"Atrasado. Es verdad que el último tiempo el central estuvo comprando pero tenemos una cosa que se llama cepo, con el cepo no existe precio de equilibrio. Cuando levanten los controles cambiarios ahí vamos a ver la realidad (ojo capaz se queda en un precio muy similar).

Edit: antes que me lo pregunten esto no se resuelve mirando el precio de los dólares “libres” que tampoco son libres.

Edit2: Me dan downvote porque se creen que estoy criticando al plan del gobierno, no sean tan termos que parecen camporistas. Con Brasil y Mexico devaluando no podemos estar en estos valores. Bueno poder podemos si queremos hacer un revival de los 90.",TheJix,merval,59,2024-12-04 08:47:34,t3_1h6dw5h,t3_1h6dw5h,comment
m0efe8u,"Hablar de que este caro o barato, habiendo cepo, no tiene sentido.

Lo que está objetivamente alta, es la tasa de interes en pesos, que puede mañana empujarte el TC cuando busquen pasarse a moneda dura(como le pasaba a Macri).

Después el tema del costo de Argentina en USD si es una boludez. Argentina es un país caro en costos internos(impuestos), no hay devaluación que te vaya a sacar eso del medio, salvo que vivas eternamente con desdoblamiento cambiario.",Lukesaurio,merval,5,2024-12-04 14:43:13,t3_1h6dw5h,t3_1h6dw5h,comment
m0dnm32,"Habría que preguntarle al **Sr. Estado**, que sigue más fuerte que nunca con una presión tributaria bestial... es el principal extrActor económico de la Argentina.",FastAd543,merval,5,2024-12-04 12:20:26,t3_1h6dw5h,t3_1h6dw5h,comment
m0crnfh,"Estoy en la misma. Se me cayó el poder adquisitivo como un piano. Pero tengo planeado esperar a que se salga del cepo y ver qué pasa ahí... capaz que conviene pasarse a un salario en pesos en blanco (**Juan Enrique** estaría orgulloso).

Igual yo soy consciente que lo que vivimos el año pasado era irreal, era una joda absoluta y eso no puede ni debe volver.",Zenndler,merval,25,2024-12-04 08:44:03,t3_1h6dw5h,t3_1h6dw5h,comment
m0cr6gn,"Me sumo a la consulta porque estoy en la misma, los exportadores de servicios vimos como se licuó el poder de compra de nuestros ingresos, en mi caso puedo compensar laburando mas horas para mantener estilo de vida pero no deja de ser un pijazo. TC estable/a la baja, precios en pesos que si bien con mas moderacion pero siguen subiendo, no veo solución. Quedo atento a otros comentarios.",ap0r,merval,6,2024-12-04 08:39:42,t3_1h6dw5h,t3_1h6dw5h,comment
m0denqk,"a ver: es de manual neoliberaloide, y no hace falta recurrir a la teoría, lo hemos visto en la práctica en este país varias veces: cada vez que se pone un precio artificial al dolar, luego explota todo. Nunca hubo una excepción, nunca la va a haber porque es literalmente imposible. Si vos no producis nada, abris las importaciones indiscrimindadamente y tu moneda tiene un valor en libros que no tiene relación con la realidad ni ningún sustento, y por otro lado tenés una moneda que la estás manteniendo artificialmente, llega un momento que no hay más plata para mantener la ilusión y ahí todo explota. 

Repito: esto no es una teoría, esto es lo que demuestra la experiencia de cada vez que se quiso hacer. Lamentablemente, en este país no aprendemos más y somo el perro que tropieza cien ves con la misma piedra (y no solo el neoliberalismo, acá las opciones eran entre Milei, Massa y Bullrich, era una elección entre el menos espantoso y la gente decidió que le menos espantoso era un psicótico delirante).

Pero bueno, fuera del rant, sí, el dólar está atrasadísimo. Hoy estaba viendo un análisis de un economista que decía que el consenso ronda entre -35 y -50%, lo que te pondría el dólar ""real"" en unos 1400 . La diferencia es ""con la nuestra""",AbleInvestment2866,merval,22,2024-12-04 11:29:26,t3_1h6dw5h,t3_1h6dw5h,comment
m0fqaxk,Especulación: Tiene pinta de que cuando dejen de subsidiarlo con los movimientos financieros que están haciendo va a explotar al alza,Commercial_Ruin1063,merval,3,2024-12-04 18:35:54,t3_1h6dw5h,t3_1h6dw5h,comment
m0cs5sd,"Argentina por un tema de presión impositiva siempre en momentos de equilibrio macroeconómico fue cara en dólares. Durante el gobierno de Macri, sobre todo los primeros 2 años, estábamos carísimos en dólares. Si mal no recuerdo, el RIPTE estaba alrededor de los 1000 USD, y todo era más caro acá que en otras partes del mundo (incluyendo países del primer mundo). ¿Cómo se demostraba esto? Los pibes que empezaban a trabajar como junior en empresas medianamente buenas y seguían viviendo con sus viejos (es decir, se ahorraban prácticamente el 90% del sueldo), se iban todos de vacaciones a Nueva York, Miami o Europa. A modo de anécdota, recuerdo que en ese momento estaba terminando la universidad y una española que había venido de intercambio me dijo que Buenos Aires era mucho más cara que Madrid en todos los aspectos.

Todo esto para decir que el dólar está donde debería estar.",Benrell,merval,15,2024-12-04 08:48:45,t3_1h6dw5h,t3_1h6dw5h,comment
m0d6ib1,"El dolar está bien.   
Lo que está mal son los precios en pesos, que tienen que bajar.

El cuento de ""precios atrasados"" ya lo conocemos de memoria. Suben los precios, empresarios se quejan de dolar atrasado, sube el dolar, suben los precios en pesos, suben los sueldos en pesos y el dolar vuelve a estar atrasado.",ElMolador,merval,8,2024-12-04 10:37:54,t3_1h6dw5h,t3_1h6dw5h,comment
m0dlgsk,"Hay una demanda que esta pisada por el cepo de mas de 54mil millones de dolares en concepto de transferencias intercompany. A eso tambien hay que sumarle la deuda pendiente a importadores. Mientras haya cepo el mercado está intervenido, por lo que el precio del dolar no es de equilibrio.",Unique-Anywhere6717,merval,5,2024-12-04 12:08:38,t3_1h6dw5h,t3_1h6dw5h,comment
m0cwtwk,Yo un par de años buscando dolarizar las tarifas (sector servcicios) y ahora me doy cuenta que no tengo rentabilidad.,Super-Relief-5827,merval,2,2024-12-04 09:28:23,t3_1h6dw5h,t3_1h6dw5h,comment
m0ksip8,pisadisimo,Upstairs_Relation888,merval,2,2024-12-05 15:26:04,t3_1h6dw5h,t3_1h6dw5h,comment
m0kw88s,"Ambas, de equilibrio por la devaluación que venía arrastrando que se frenó por el ajuste y valorización de acciones, y a la vez pisado porque, al igual que en los 90, si se mantiene estable el precio y no se acompaña con crecimiento en industria que permita exportar e incrementar el tesoro, simplemente se está congelando el precio, en unos meses, tal como sucede cuando se congelan los precios,  la burbuja explota y el valor real surge de golpe al no hacer nada para ""llenar"" la brecha.",Makiohendrix22,merval,2,2024-12-05 15:44:54,t3_1h6dw5h,t3_1h6dw5h,comment
m0deefe,"Para mí atrasado.


Yo estoy en la misma ajustandome mes a mes. Prefiero darme menos gusto en el día a día antes que pagar el doble por algo. Cada dólar que dejó de gastar me rinde el doble en las vacaciones.


Tené en cuenta que vos tenés un sueldo en moneda fuerte y ese sueldo lo podés usar en cualquier parte del mundo. No sé que edad tenes ni que compromisos tengas acá pero podés aprovechar la oportunidad para recorrer el mundo ya que los gastos no te van a aumentar(depende donde vayas te pueden hasta bajar mucho).


El finde anduve por chile y la verdad que la diferencia se nota muchísimo y uno vuelve un poco indignado. Estoy más cerca de llevarme a mi familia a otro país que de apostar al peso.",RequirementSavings23,merval,4,2024-12-04 11:27:51,t3_1h6dw5h,t3_1h6dw5h,comment
m0crfj4,"De equilibrio. Te explica porque:
El central compra USD todos los días, si estuviera atrasado, estaría vendiendo dólares para planchar el precio y dejarlo barato. 
Somos un país caro, carisimo, pero por todos los impuestos + regulaciones + burocracia + sindicatos y trabas que tenemos.",ionettov,merval,11,2024-12-04 08:42:01,t3_1h6dw5h,t3_1h6dw5h,comment
m0ct99v,"Medio medio, cuando liberen el cepo seguramente pegue una subida pero no se hagan ilusión con volver a pagar migajas en dólares, eso no va a pasar.",LeBroneta,merval,4,2024-12-04 08:58:33,t3_1h6dw5h,t3_1h6dw5h,comment
m0e1n7a,"Daría la ""sensación"" de que pisado y atrasado ambas. Y agregaría ""cepeado"". Soltá el cepo y no vendas reservas para mantenerlo y vemos si se queda y ahí nos enteramos. Si no se mueve está en equilibrio ;)",yiyotopo,merval,2,2024-12-04 13:33:47,t3_1h6dw5h,t3_1h6dw5h,comment
m0f07d0,"Perdón, pero si  hay cepo, por definición, es para mantenerlo barato artificialmente.",ParticularVivid1252,merval,2,2024-12-04 16:27:00,t3_1h6dw5h,t3_1h6dw5h,comment
m0gdoi2,"El grueso de la gente gana lo miso y les alcanza para la mitad. Las empresas estan juntando con las tasas una cantidad absurda de pesos que no se gastan (por que no llegan al mercado). Es la fase 1. La siguiente fase es que largen el cepo y las empresas salgan a hacer volar todos los pesos que juntaron con la bicicleta al cambiarlos por dólares. Lo que sigue el lo tipico que pasa con una shitcoin, o lo mismo que pasó con el fin de la convertibilidad. Una devaluación instantanea ",ghio1234,merval,2,2024-12-04 20:41:48,t3_1h6dw5h,t3_1h6dw5h,comment
m0grhpt,"Citando al zar un ""equilibrio inestable""",Futre_,merval,1,2024-12-04 22:03:41,t3_1h6dw5h,t3_1h6dw5h,comment
m0ik7dp,Cuando se libere el cepo se supone que el dolar sube o baja?,juanchi74,merval,1,2024-12-05 06:34:01,t3_1h6dw5h,t3_1h6dw5h,comment
m0j21ea,quien determina el valor equilibrio?,ayymadd,merval,1,2024-12-05 09:31:55,t3_1h6dw5h,t3_1h6dw5h,comment
m0j32hv,"Cambien el chip, van a perder un montón de posibilidades de progreso si siguen pensando que estas políticas económicas son lo mismo que se viene haciendo desde siempre",SnooCauliflowers8054,merval,1,2024-12-05 09:40:04,t3_1h6dw5h,t3_1h6dw5h,comment
m0klwsn,"Lo determina el Mercado, pero acá siempre se intervino de muchas maneras así que es complicado determinarlo.",Spiritual_Bottle_926,merval,1,2024-12-05 14:52:37,t3_1h6dw5h,t3_1h6dw5h,comment
m0n7pxg,"Nadie sabe. No hay una fórmula concreta y cada vez q dicen ""la City"" para hablar del dólar en los medios son todas opiniones infundadas. Lo q podes hacer es invertirla en money market o algún índice seguro para no estar posicionado solo en una moneda.",SouthCharles,merval,1,2024-12-05 23:29:02,t3_1h6dw5h,t3_1h6dw5h,comment
m0qhq18,"El tema es el cepo, y que tan bien parado está el gobierno respecto a reservas por qué se habló mucho del blanqueo pero es puro encaje...
No sé que pasaría sin cepo, los grosos si compran a mansalva, moverían la aguja de reservas?",AdministrativeMail60,merval,1,2024-12-06 14:20:26,t3_1h6dw5h,t3_1h6dw5h,comment
m0th4x5,"Imaginate que USA pague un 30% anual por dejar USD en el banco... Hasta q no bajen la tasa la demanda de pesos está inflada, con lo cual podrías decir que el USD está pisado. Lo peor de todo que esa tasa nos sale carísima, y lo peor que puede pasar es que nos endeuden para pagar los rendimientos (como hizo el toto cuando estaba con Macri).

Ahora, entre inflación descontrolada, y precios caros en usd, las dos son dolorosas, pero tener baja inflación mensual hace que el país empiece un sendero más serio.",jdperro,merval,1,2024-12-07 00:55:35,t3_1h6dw5h,t3_1h6dw5h,comment
m0cwjan,"Atrasadisimo, completamente imaginario (intervenido) el valor actual",Axeldisplay,merval,1,2024-12-04 09:26:01,t3_1h6dw5h,t3_1h6dw5h,comment
m0d4xco,"Desde Diciembre 160% de inflación, dolar se movió 7%, ""no estamos caros en dolares sobran impuestos"", que me expliquen como los impuestos van a hacer caer 60% los precios.",Strong-Motor175,merval,0,2024-12-04 10:27:21,t3_1h6dw5h,t3_1h6dw5h,comment
m0crmy2,Atrasado. Quedate donde estás..,Kooky_Quiet3247,merval,0,2024-12-04 08:43:56,t3_1h6dw5h,t3_1h6dw5h,comment
m0cw6av,"Atrasado en el corto, debido a aranceles y una motosierra que avanza de forma heterogénea en distintos sectores y obviamente tarda en reflejarse en el bolsillo de todos, ya que depende de que se acomoden los sueldos y demás.

Esto, igual, se va a corregir en un tirón. No va a subir de nuevo a 1500pe, pero algo va a subir.

Y después, es un fenómeno mundial la depreciación de todas las demás monedas. El dólar ya no es lo que era y al americano ya empezó a dolerle el bolsillo al notar las consecuencias de la emisión. Lo que contribuye a seguir pisando el precio.

Es un período de bastante incertidumbre con muchos actores. Yo haría negocio con el peso este tiempo. El año que viene, te la regalo. Tal vez diversificar entre dólar, peso y crypto. Hay que estar atento.",ZShock,merval,2,2024-12-04 09:23:07,t3_1h6dw5h,t3_1h6dw5h,comment
m0d7fjr,"Es imposible saberlo pero en mi opinión no esta atrasado, creo que los problemas de porque estamos tan caros van por otro lado.

El saldo de la balanza comercial es positivo asi que bajo este esquema regulatorio ( cepo ), no se puede hablar de que esta atrasado. Ya sin cepo veremos.

Y el RIPTE en dolares hoy es de aproximadamente 1000 usd, muy lejos de los 2000 usd del 2017/2018 pre devaluación o de los 3000 usd de “la plata dulce”.",Swimming_Teaching_75,merval,1,2024-12-04 10:43:58,t3_1h6dw5h,t3_1h6dw5h,comment
m0e6pbn,"Tanto decir que es el valor real como decir que es ficticio ambas cosas son correctas e incorrectas en simultaneo.

No es ficticio porque el valor de una moneda siempre lo es, los cambios fijos o cosas mas globales como lo osn el cepo existen pero en ultima instancia si vos  vas a cambiar por la ruta ""normal"", el dolar. Por mas limitado que este,vale eso; Lo que valen los dolares paralelos son especulacion por \*encima\* del valor del dolar, en base a una cosa u otra, pero si el dolar oficial valiera mas o menos se moveria con este

Ficticio en el sentido de que es insostenible tener un cepo limitando al mercado y generando volatilidad, pero al mismo tiempo no hay reservas suficientees y no creo que quieran arriesgar un corralito directamente, asi que devaluar van a tener que devaluar si o si. Cuanto? No tengo idea, quiza alguien que este mas ducho con comercio itnernacional pueda tirar un centro en los comentarios pero no soy ese alguien. Solo aclaro que si se pudiera sacar, ya lo habrian sacado

\> me estoy comiendo el pijazo de baja de TC + infla, y estoy evaluando empezar a buscar laburo en pesos

Esto sinceramente me parece circlejerk o peor pero bueno... el prolema son los precios locales, y la baja de inflacion no es algo malo, obviamente, vos seguis ganando lo mismo y perdiste valor de compra tnato con el ventajismo del mercado como con su desregulacion mas que otra cosa. L ode buscar laburo en pesos igual sinceramente me parece una huevada ya que por estable que sea no le vas a ganar a la estabilidad de USA ni los montos (probablemetne) pero bueh

  
Es imposible saber cuanto y cuando, para mi a esta altura ya deberian haber estado devaluando, pero es una certeza que vayan a devaluar  (Fuerte digo) imho, salvo que quieran mantener el cepo. Y mientras mas tarden en devaluar, mas abrupto va a tener que ser. En el peor de los casos en un par de años te encontras con un diciembre ochentero",simonbleu,merval,1,2024-12-04 13:59:18,t3_1h6dw5h,t3_1h6dw5h,comment
m0ezf87,"Muchos refieren al cepo. Pero para mí ya no es una cuestión de cepo (acceso limitado a los dólares) sino una cuestión de la escasez de pesos, al no emitirse (de manera desquiciada) no sobran por lo tanto la gente no corre a cubrirse.
Se habla de que en la cuevas no hacen más que comprar dólares, casi que no los venden ya.

Y el gobierno no para de aumentar las reservas y lo hace únicamente con superávit.",Encorvado,merval,1,2024-12-04 16:23:05,t3_1h6dw5h,t3_1h6dw5h,comment
m0cuhmm,"Todos los q dicen atrasado no dan motivos, pero los que dicen q no le está si, es simple. No esta atrasado pq no es una inversión rentable, el peso es la moneda que mas se aprecia en el mundo y no hay incentivos reales para comprar dolares con la desaceleracion de la inflacion. Ademas la salida del cepo habian dicho que iba a ser pregresiva, asi q no va a pegar saltos",Judo_y_Milanesa,merval,-4,2024-12-04 09:09:15,t3_1h6dw5h,t3_1h6dw5h,comment
m0cy4ag,"Atrasado. Ya terminó el blanqueo en cash. Diciembre siempre hubo mucha demanda por los que vacacionan afuera (aparta hoy es más barato). El año que viene el peso empieza a devaluarse nuevamente, y hay que tener cuidado sin abren el cepo. Ahí agarrate. Mantene tu laburo en dólares, el año que viene vas a estar mejor. A largo plazo siempre sube.",AgeRadiant3622,merval,-1,2024-12-04 09:38:26,t3_1h6dw5h,t3_1h6dw5h,comment
m0ezpmh,"Valor de equilibrio en mi opinion. Hace 10 meses que vengo escuchando que el dolar esta atrasado, y no existe absolutamente ningun indicador que muestre eso. El BCRA anda comprando dolares, el MEP vale lo mismo que el oficial casi, el TCRM esta normal estilo epoca Macri o años 90, las exportaciones se estan liquidando todas, yo mismo estoy liquidando mis exportaciones sin asco. No se de que habla la gente la verdad.

Todos los que me pelearon aca en reddir porque ""no sabes nada en X meses se dispara blabla"", sin aportar ningun dato que sostenga su hipotesis, pusieron algun remind me falopa y después borraron el post.

Ahora la nueva boludes de turno es ""pero si hay cepo no puede ser valor de equilibrio"" como si las normativas legales fueran entes extraños en un país. Poco más y empiezan a decir ""ah bueno pero si uno cobra impuestos esta interviniendo el mercado entonces ningun valor es realmente libre"".

Te diria que el paso 1 de tu pregunta es definir que significa que el dolar este atrasado. Durante mucho tiempo era solo si estaba cerca del MEP / blue o no. Ahora la gente esta inventando otras definiciones anda a saber para que. Si la pregunta es ""cuanto va a valer el dolar si sacan el cepo"", la respuesta es que hay que medir los flujos de ingresos y egresos de dolares y esos numeros aca nadie los puso.",BNeutral,merval,-1,2024-12-04 16:24:31,t3_1h6dw5h,t3_1h6dw5h,comment
m0cqlxq,Atrasado,kOOf__,merval,-2,2024-12-04 08:34:22,t3_1h6dw5h,t3_1h6dw5h,comment
m0e5300,"El dólar nunca baja, solo se agacha para saltar mas alto.",Stunning_Art_2046,merval,0,2024-12-04 13:51:12,t3_1h6dw5h,t3_1h6dw5h,comment
m0erslp,Esto ya lo viví en los 90s.,Dolapevich,merval,0,2024-12-04 15:45:03,t3_1h6dw5h,t3_1h6dw5h,comment
m0kw43r,"
USD/ARS es un par, por lo que debe analizarse desde ambos lados. La política monetaria que se espera que adopte el gobierno de Trump parece ser expansiva, aunque acompañada de un recorte fiscal. En cambio acá la política es contractiva y también incluye un recorte fiscal, lo que la hace más sólida. En el largo plazo esto debería mantener la tendencia bajista del dólar en relación al peso. Pero obvio ninguna tendencia es inmune a fluctuaciones en el corto plazo.",[deleted],merval,0,2024-12-05 15:44:18,t3_1h6dw5h,t3_1h6dw5h,comment
m0ctl54,"Esta atrasado evidentemente, ya que no toda la inflacion se paso al TC sino una gran parte. Veremos que hace el gobierno, porque tenerlo a menos de 1300 me parece poco sustentable en el largo",NNTokyo3,merval,-2,2024-12-04 09:01:27,t3_1h6dw5h,t3_1h6dw5h,comment
m0gcres,Equilibrio = USD (en condiciones actuales) + 5%,RunPlz,merval,-1,2024-12-04 20:36:26,t3_1h6dw5h,t3_1h6dw5h,comment
m0eyska,"Solo te voy a decir una cosa, el que apueste en contra de Argentina de ahora en mas, va a perder.",Belkan2087,merval,-4,2024-12-04 16:19:58,t3_1h6dw5h,t3_1h6dw5h,comment
m0ddbu9,Venia a decir esto. Hablar de dolar caro o barato teniendo cepo es una boludez.,IpsenPro,merval,40,2024-12-04 11:21:21,t1_m0cwe3p,t3_1h6dw5h,comment
m0doyv0,"Pregunto de ignorante, por que no podemos analizar lo mismo con el blue/ustdt/mep o ccl? Por que esos no se disparan? Osea, si ese no fuese el precio real, por que los otros tambien tienen ese precio si no tienen tantas restricciones (algunos mas que otros).",Kirman123,merval,14,2024-12-04 12:27:45,t1_m0cwe3p,t3_1h6dw5h,comment
m0epwg3,"Cuando teníamos cepo hace unos años llegó a tener más del 100% de brecha entre el oficial y el blue. Hoy estamos muy pegados, eso te da la pauta para que lado va la supuesta pisada",[deleted],merval,6,2024-12-04 15:35:38,t1_m0cwe3p,t3_1h6dw5h,comment
m0ellwi,"Che, pero prácticamente no hay brecha. No entiendo el argumento.",[deleted],merval,6,2024-12-04 15:14:17,t1_m0cwe3p,t3_1h6dw5h,comment
m0fts9v,Error. Se mide y estamos caros.,armonicoenfuga,merval,-1,2024-12-04 18:53:01,t1_m0cwe3p,t3_1h6dw5h,comment
m0qia6i,Yo acabo de volver de España y no está mas caro aca. Esta igual o un pelo ma barato acá.  Lo unico mucho mas caro es el alcohol,Ok_Syrup_2294,merval,3,2024-12-06 14:23:20,t1_m0db03e,t3_1h6dw5h,comment
m0neppr,"Igual tambien se come muy bien aca. Mas que en varios lugares de europa que he recorrido

Todo para decir q fui a europa",Frequent-Cold-2436,merval,3,2024-12-06 00:12:02,t1_m0db03e,t3_1h6dw5h,comment
m0cwfer,"this. En Argentina ninguna medida dura mucho tiempo. Los pesos 'valen' hasta que un dia no valen nada. ¿Si con Milei se va a romper esta curva delirante que se viene repitiendo los últimos 50 años? No lo se, quizás nos sorprenda y las cosas cambien. Pero yo por las dudas me mantengo escéptico. Porque, por otro lado, aún si Milei 'hace las cosas bien', si hay un cambio de gobierno y vuelven los K, posiblemente destruyan todo lo que hayan hecho en este gobierno.

En resumen: si tenés trabajo en USD, mantené el trabajo en USD. Esta historia ya la vivimos muchas veces, y la última fue hace muy poco tiempo —como otro usuario mencionó— con Macri.... y ya sabemos como terminó ese capítulo.",AccountantPuzzled844,merval,23,2024-12-04 09:25:09,t1_m0ctkth,t3_1h6dw5h,comment
m0e0jxk,"> Un salario de USD X históricamente siempre mantuvo el valor

Claro, pero ahora ese ""equilibrio"" se rompió. Yo en dólares estoy ganando considerablemente más de lo que gané nunca y no tuve ningún ascenso ni cambio de perfil. Solamente me ajustan por IPC todos los meses (bancaria) y mi sueldo en dólares aumenta porque la inflación sube y el dólar baja. 

Hoy tengo amigos que se fueron a vivir a Europa y teniendo perfil similar (Sistemas, muchos años de experiencia) ganan menos que yo.",alastrid,merval,4,2024-12-04 13:28:11,t1_m0ctkth,t3_1h6dw5h,comment
m0dsyii,[removed],[deleted],merval,10,2024-12-04 12:48:59,t1_m0d74iy,t3_1h6dw5h,comment
m0e7ivq,">(Por razones obvias)

Cuáles serían?",simulation_goer,merval,1,2024-12-04 14:03:30,t1_m0czqoa,t3_1h6dw5h,comment
m0f4zup,Epa epa. Como es esa maniobra de sanitizacion? Me inter esa.,hernanemartinez,merval,1,2024-12-04 16:51:00,t1_m0czqoa,t3_1h6dw5h,comment
m0gt7iz,"Con la brecha tan chica que hay hoy en día, el dolar blend es anecdotico. Esta literal a 1,6% de diferencia con el oficial.",Morlaak,merval,1,2024-12-04 22:13:50,t1_m0czqoa,t3_1h6dw5h,comment
m0qdrnk,Che yo compre esa misma el sabado en el Carrefour  y me salió 1417.5 ars  (me acabo de fijar en el ticket),ShowAlarmed,merval,1,2024-12-06 13:59:55,t1_m0dc42p,t3_1h6dw5h,comment
m0xqls9,Pero ahora les pagan mejores sueldos a las vacas,Lanziadora,merval,1,2024-12-07 19:02:46,t1_m0dc42p,t3_1h6dw5h,comment
m0dp3ea,"Imposible hacer comparaciones si uno solamente considera el blue (tu caso) y otro el oficial, que estaba 350 en aquel momento y 1000 ahora.",Kitchen_Programmer78,merval,-4,2024-12-04 12:28:25,t1_m0dc42p,t3_1h6dw5h,comment
m0d6pel,"Para mi el problema actual, no es ni el cepo, ni el valor del dolar, sino la altísima tasa que esta pagando el central. Para mi el cepo ya casi no existe sabiendo que el MEP = Oficial.",gabbrielzeven,merval,3,2024-12-04 10:39:12,t1_m0cupkl,t3_1h6dw5h,comment
m0czg41,"Ojo que la tendencia actual, es que si se abre el cepo, cae aún mas, en vez que subir. No lo digo yo, lo dice ""el zar"" que es opositor. No se coman la curva del dolar barato....",gabbrielzeven,merval,-5,2024-12-04 09:48:31,t1_m0cupkl,t3_1h6dw5h,comment
m0e5z0d,"Esta heavy que cualquier comentario no alineado te llenan de downvotes me paso en varios subforos ademas de Argentina, deci que rasputina es mas dictatorial aun como para compararla. 

Sobre lo que decís, en mi rubro que es la construcción, todos hablan de lo mismo estamos MUY caros en dls y se necesita una corrida para que el rubro vuelva arrancar, vamos 8 meses de parate.",Perk87,merval,11,2024-12-04 13:55:39,t1_m0cs14b,t3_1h6dw5h,comment
m0d79pg,"Jaja me encanta como la gente se enoja solo porque le decis que el plan economico del gobierno no funciona perfectamente, es tan simple como ver al exterior que esta pasando y darse cuenta que argentina esta en una burbuja por el cepo",ArgentinePirateParty,merval,20,2024-12-04 10:42:55,t1_m0cs14b,t3_1h6dw5h,comment
m0cvjld,"Explica para los de bokita, porque se dispararía el tipo de cambio en el caso de quitar el cepo? Por la demanda contenida? Y porque esa demanda no va al mep si tiene que obtener dolares?",Matkossj,merval,6,2024-12-04 09:17:59,t1_m0cs14b,t3_1h6dw5h,comment
m0cu6zu,Y el precio del dolar mep no lo contamos tampoco? Si hay chances que quede igual despues de salir del cepo por que decis que esta atrasado con tanta seguridad?,P-A-T-R-O-N,merval,-1,2024-12-04 09:06:43,t1_m0cs14b,t3_1h6dw5h,comment
m0itssl,">salvo que vivas eternamente con desdoblamiento cambiario.


Como la mayor parte de los últimos 70 años. Terrible que tengamos normalizado eso.",YoungLittlePanda,merval,2,2024-12-05 08:18:17,t1_m0efe8u,t3_1h6dw5h,comment
m0dcpg7,"Mira yo no te aconsejaría pasarte a pesos a menos que ganas muy poco en dólares. Este se tiene que sostener por muchos años para recién considerarlo.


Si vos tenés un buen sueldo en dólares, ese sueldo es bueno en cualquier parte del mundo. Si en Argentina no te rinde y sentís que no recibís nada a cambio, me parece que la solución es emigrar antes que pasarse a peso.",RequirementSavings23,merval,7,2024-12-04 11:17:34,t1_m0crnfh,t3_1h6dw5h,comment
m0fsqb2,[removed],[deleted],merval,-5,2024-12-04 18:47:47,t1_m0crnfh,t3_1h6dw5h,comment
m0itnon,"Tu salario en dólares es ""competitivo"" en otros países de la región? Si la respuesta es si, quedate en el molde que esto ya se va a acomodar",Kooky_Quiet3247,merval,2,2024-12-05 08:16:51,t1_m0cr6gn,t3_1h6dw5h,comment
m0ed3kj,"La diferencia se está pagando con tasa , deja de repetir el manual del chip zurdo. Puede haber equilibrio incluso más bajo que el blue actual, pero no lo vamos a saber hasta que deje de haber intervención en el mercado de cambio",miviejaentanga,merval,-5,2024-12-04 14:31:43,t1_m0denqk,t3_1h6dw5h,comment
m0cspc3,"En mi primer laburo en el 2017 en un call center cobraba casi 1000 usd de sueldo base, eso más horas extras, me acuerdo que el primer sueldo apenas cobre me fui a galería jardín y me gstille la pc gamer entera con el sueldo",NearHyperinflation,merval,19,2024-12-04 08:53:42,t1_m0cs5sd,t3_1h6dw5h,comment
m0d0cm8,"2017 yo jr web dev y me fui 3 meses de viaje por europa, la buena vida",jcm95,merval,6,2024-12-04 09:55:12,t1_m0cs5sd,t3_1h6dw5h,comment
m0curgv,Yo en esa epoca pegue 2 viajes a disney,don_maidana,merval,4,2024-12-04 09:11:32,t1_m0cs5sd,t3_1h6dw5h,comment
m0czkfl,"Banco

Hay pocas cosas que les gusten más al argentino que tener dólar atrasado. Si mañana reencarna Adolfo H y te propone un dólar a $500 te saca el 80% en una elección 

Todos los gobiernos tratan (con mayor o menor éxito), de forzar un atraso con fines electorales. La cuestión es embocarle a cuando se les termina la nafta o cuando tienen que solucionar la cosa",juanmaAV,merval,5,2024-12-04 09:49:25,t1_m0cs5sd,t3_1h6dw5h,comment
m0e0kee,">Lo que está mal son los precios en pesos, que tienen que bajar. 

Un poco reduccionista tu opinión. Empezá vos por bajar tu sueldo/precios ya que es tan sencillo.",OneCosmicOwl,merval,0,2024-12-04 13:28:15,t1_m0d6ib1,t3_1h6dw5h,comment
m0drjmd,">son los precios en pesos, que tienen que bajar

Vos aceptarías una rebaja nominal de tu sueldo?

 Al menos al día de hoy es ilegal, o podría tomarse como un despido por parte del empleado. Quizás los impuestos podrían bajar, pero ahí choca con ""El superávit no se negocia""

>ya lo conocemos de memoria. Suben los precios, empresarios se quejan de dolar atrasado, sube el dolar, suben los precios en pesos, suben los sueldos en pesos y el dolar vuelve a estar atrasado.

Y liberar el dólar para que el mercado defina el precio de equilibrio? Nah sería ser demasiado liberal /S",juanmaAV,merval,-2,2024-12-04 12:41:31,t1_m0d6ib1,t3_1h6dw5h,comment
m0gsnq7,Tantos son los dividendos no pagados? Es equivalente a una deuda al FMI eso.,Morlaak,merval,1,2024-12-04 22:10:33,t1_m0dlgsk,t3_1h6dw5h,comment
m0ek70m,Same. Unas ganas de mudarme a Tailandia y pagar dos mangos por todo...,Revolutionary_Ad3463,merval,2,2024-12-04 15:07:09,t1_m0deefe,t3_1h6dw5h,comment
m0d9uvb,"Obligan a los exportadores a venderle sus dólares al BCRA. De qué equilibrio hablas?

El dólar nunca es de equilibrio, es de lo que se le antoja al poder de turno. Que el BCRA deje de intervenir en el MULC y obligar a los privados a venderle sus dólares y hablamos de equilibrio.",muxcortoi,merval,8,2024-12-04 10:59:31,t1_m0crfj4,t3_1h6dw5h,comment
m0cz1cg,">De equilibrio. Te explica porque: El central compra USD todos los días, si estuviera atrasado, estaría vendiendo dólares para planchar el precio y dejarlo barato

Sin embargo el BCRA tiene reservas netas negativas y está en un nivel apenas por encima que el año pasado. Sin contar que la regularización de la deuda con importadores género más compromisos de corto plazo 

https://www.infobae.com/economia/2024/11/06/pese-a-la-acumulacion-de-dolares-las-reservas-netas-del-bcra-se-mantienen-lejos-del-objetivo-acordado-con-el-fmi/

>Somos un país caro, carisimo, pero por todos los impuestos + regulaciones + burocracia + sindicatos y trabas que tenemos.

Ponele que es así, ojo yo creo que en parte es así, pero no te explica todo. ¿Que sentido tendría hacer una apertura comercial si apenas estás acumulando reservas lentamente y estás luchando por llegar a juntar los compromisos del año próximo?",juanmaAV,merval,7,2024-12-04 09:45:26,t1_m0crfj4,t3_1h6dw5h,comment
m0dbh3y,"Eso no explica para nada lo que decís.


Si vos tenés a un gobierno que abiertamente te dice que quiere pisar el dólar y al mismo tiempo podés meter un plazo fijo a 35% que vas a hacer?


Sumado a que metieron el blanqueo en el medio, no podés estar seguro de nada.


Macri no tenía ni cepo y le sobraban reservas, según tu teoría era un dólar de equilibrio pero de un día para otro el peso perdió la mitad de su valor ",RequirementSavings23,merval,8,2024-12-04 11:09:54,t1_m0crfj4,t3_1h6dw5h,comment
m0ctxn9,Y donde están esos trabas que tenemos+ necesito saber para un tp,Donkarnov,merval,8,2024-12-04 09:04:29,t1_m0crfj4,t3_1h6dw5h,comment
m0ct2fm,"Secundo totalmente acá. Lo caro no viene por el tipo de cambio. Viene por todo lo demás gravado. Pero pasa desde siempre. Incluso en el 1 a 1, no teníamos los precios de EEUU. Siempre costaba todo un poco más acá. Y si entrabas en detalle, siempre se escondía alguna tasa/impuesto...

Esto sigue pasando.",Gastunba24,merval,6,2024-12-04 08:56:53,t1_m0crfj4,t3_1h6dw5h,comment
m0cx71s,Pero si le sumás cuestiones politicas de los grupos de poder detrás de JM no da tan así,Super-Relief-5827,merval,5,2024-12-04 09:31:15,t1_m0crfj4,t3_1h6dw5h,comment
m0ctypb,"Y todos los impuestos+ regulaciones+ burocracia + sindicatos son para que los 4 boludos que producimos le paguen la joda a los 40 que no. Si el peluca sigue como hasta ahora se va a poder achicar un poco todo eso.


No nombré a los travas porque eso es vicio de cada uno, así que no me meto.",sambuchedemortadela,merval,4,2024-12-04 09:04:45,t1_m0crfj4,t3_1h6dw5h,comment
m0nabqn,"Puede que el dólar haya tenido una suba exagerada durante 2023. Según leí por ahí el dólar de diciembre de 2023 estaría por los $3000 actuales. Totalmente exagerado. El mercado se anticipa y se atrasa en ciclos, por eso lo q hoy ves como un atraso gigantesco quizás no es tanto como parece.",SouthCharles,merval,1,2024-12-05 23:45:03,t1_m0d4xco,t3_1h6dw5h,comment
m0ehbed,No funciona asi,Unique-Anywhere6717,merval,-1,2024-12-04 14:52:47,t1_m0d4xco,t3_1h6dw5h,comment
m0dbmsa,No dan motivos o no dan motivos que te gusten a vos?,RequirementSavings23,merval,8,2024-12-04 11:10:54,t1_m0cuhmm,t3_1h6dw5h,comment
m0g3wbp,!remindme 90 days,gamba47,merval,4,2024-12-04 19:45:50,t1_m0ezpmh,t3_1h6dw5h,comment
m0fttgq,Error,armonicoenfuga,merval,-11,2024-12-04 18:53:11,t1_m0ddbu9,t3_1h6dw5h,comment
m0ehhix,Porque las empresas no pueden comprar dolares blue para mandar dividendos y ese es uno de los mayores stocks pendientes que pueden salir al toque de sacar el cepo.,Morlaak,merval,15,2024-12-04 14:53:37,t1_m0doyv0,t3_1h6dw5h,comment
m0dwipi,"respuesta corta por el volumen, el oficial y ""tarjeta""  tiene un volumen mucho mayor que el blue o crypto",niconline,merval,7,2024-12-04 13:07:28,t1_m0doyv0,t3_1h6dw5h,comment
m0g5icb,Si se dispararan los precios de los otros dolares alguien podria hacer arbitraje.,fogalmam,merval,2,2024-12-04 19:54:44,t1_m0doyv0,t3_1h6dw5h,comment
m0fspwn,"Ahora hay mucho blue/mep por la bicicleta (fíjate que hubo 45% de ganancia en usd en un solo año, eso es INCREÍBLE) y por el blanqueo. En abril debería pegar un salto, porque esa mentira de ganancia mágica en usd tiene fecha de vencimiento ",Adventurous_Bet9040,merval,1,2024-12-04 18:47:44,t1_m0doyv0,t3_1h6dw5h,comment
m0ftxyb,200% fue el pico,armonicoenfuga,merval,3,2024-12-04 18:53:48,t1_m0epwg3,t3_1h6dw5h,comment
m0h6l4q,"Puede ser artificial. La prueba de fuego es que la moneda compita con otras en el libre mercado. Si este es realmente el precio de equilibrio vamos a ver al gobierno convergiéndolas o sacándolas todas de una, si no por qué no lo harían?",zth--,merval,1,2024-12-04 23:34:10,t1_m0ellwi,t3_1h6dw5h,comment
m0qx6hx,Mismas cantidades y calidades? El solo hecho que aca valga lo mismo es descabellado,Foreign-Mango-801,merval,1,2024-12-06 15:41:00,t1_m0qia6i,t3_1h6dw5h,comment
m0q61rg,"nada que ver, por lo menos no en italia y en españa. Comparas algo tan simple como un tomate de europa contra uno de aca y ya notas la diferencia.",buddyto,merval,2,2024-12-06 13:19:38,t1_m0neppr,t3_1h6dw5h,comment
m0cwugb,"otra cosa... yendo al tema de si está atrasado o no... Prefiero no decir 'Si' o 'No'. Lo que si se es que el blanqueo le dejó mucho saldo positivo al gobierno y eso sirve para enmascarar posibles problemas de fondo. De acá a un tiempo recién vamos a poder ver qué pasa de fondo, cuando baje la espuma que dejó el blanqueo.",AccountantPuzzled844,merval,14,2024-12-04 09:28:30,t1_m0cwfer,t3_1h6dw5h,comment
m0cwoys,"Ni hace falta que ganen los K, con que sean una amenaza electoral alcanza.",TheJix,merval,9,2024-12-04 09:27:17,t1_m0cwfer,t3_1h6dw5h,comment
m0ez8lw,"*""¿Si con Milei se va a romper esta curva delirante que se viene repitiendo los últimos 50 años? No lo se, quizás nos sorprenda y las cosas cambien.""*

El que vendio a 1500 se hizo una fiesta. Hoy puede comprar a 1080. Si espera unos dias, puede comprar a menos seguramente.",Belkan2087,merval,1,2024-12-04 16:22:09,t1_m0cwfer,t3_1h6dw5h,comment
m0fum9t,"Y con sturze, y con pato y con racing campeón jajaja",armonicoenfuga,merval,1,2024-12-04 18:57:11,t1_m0cwfer,t3_1h6dw5h,comment
m0dc41t,"Estaria para charlar un rato, pero asusta que todo dependa de Milei ? si el tipo la palma, se retira antes, se enferma o cualquier cosa, todos mis activos y decisiones económicas del país, dependen de un externo.",userInvadil,merval,0,2024-12-04 11:13:52,t1_m0cwfer,t3_1h6dw5h,comment
m0eoblh,"A vos te parece logico eso? En 11 meses, que cambió mas allá del humo del superavit y de investigar universidades publicas para que vos, haciendo el mismo trabajo que antes, ganes mas que tus amigos en Europa?

Obvio que no es lógico, y cuando esto se estrelle va a ser gravisimo para todos... los que no tenga un sueldo en dolares.",chescov77,merval,11,2024-12-04 15:27:45,t1_m0e0jxk,t3_1h6dw5h,comment
m0fu8ir,"Es cierto, yo estoy en dólares ganando como nunca y si bien es caro argentina, acá no pago alquiler, lo cobro jaja y los que se fueron a europa los matan con el alquiler.",armonicoenfuga,merval,0,2024-12-04 18:55:16,t1_m0e0jxk,t3_1h6dw5h,comment
m0ea18i,Un salto en el dólar es malo electoralmente,breathtakinggorilla,merval,22,2024-12-04 14:16:18,t1_m0e7ivq,t3_1h6dw5h,comment
m0eolqx,"Salta el dolar 30%, se van a la mierda los precios, empieza el ciclo de inflación nuevamente. El desastre que dejaron los peronchos es gravisimo.",chescov77,merval,7,2024-12-04 15:29:09,t1_m0e7ivq,t3_1h6dw5h,comment
m0gfcez,"Caputo para no decir que ""interviene el precio del dólar"" vendiendo los dólares que ingresan por importaciones en el mercado del CCL, inventó un eufemismo para llamar la maniobra de otra forma. Él dice que es ""sanitizar los pesos que tiene que emitir para pagar la liquidación de exportaciones"". Lo que emiten, lo absorben en esa maniobra. Es un poco verdad, pero todos los economistas están de acuerdo que el principal motivo y efecto es mantener alta la oferta de dólares, y, por lo tanto, mantener bajo el dólar libre.",TwinsenDinoFly,merval,7,2024-12-04 20:51:34,t1_m0f4zup,t3_1h6dw5h,comment
m0e29o8,"Pasa que cuando aumentaba el blue te aumentaban porque aumentó el blue, ahora como el blue baja te aumentan porque aumentó el oficial. Siempre aumentan, buscan como justificarlo nomás.",Revolutionary_Ad3463,merval,18,2024-12-04 13:36:54,t1_m0dp3ea,t3_1h6dw5h,comment
m0ed3sf,"es que el oficial nunca es el verdadero, no lo fue antes no lo es ahora, la unica forma de saberlo es q liberen el cepo, pero te das cuenta un poco por los precios aumentados x las empresas q nunca bajaron (solo un % infimo lo hicieron)",darkman066,merval,2,2024-12-04 14:31:45,t1_m0dp3ea,t3_1h6dw5h,comment
m0dz0ac,"las tasas son intervencion tambien, es una pata mas del cepo. Hablar de equilibrio supone que hay dinamicas en juego que se estan equilibrando. Aca tenes un pasamanos de un lado (el cepo) y otro del otro lado (las tasas y la bicicleta capturando pesos). No hay dinámica. Es estático.

La base monetaria hoy en dia es mucho mayor a la que dejó Massa (lo podés ver en el informe monetario del central). La diferencia es que no están en la calle consumiendo, y eso frena el dinero y por ende la inflacion. Donde estan? En mi cuenta no. Estan en la cuenta de gente con peso y metidos en bicicleta. Eventualmente van a salir de donde están escondidos y ahi quiero ver que pasa.",teteban79,merval,12,2024-12-04 13:20:18,t1_m0d6pel,t3_1h6dw5h,comment
m0eah95,"Si. Desde que la inflación perforó los 3 puntos, la tasa de interés debería ser bastante mas baja....o sea, algo de tasa positiva tenes que ofrecer, pero es demasiado en usd lo que se está dando hoy. Si todo ese capital rosqueando tasa en pesos mañana se pasa a usd, otra vez la brecha se te va a narnia.",Lukesaurio,merval,3,2024-12-04 14:18:33,t1_m0d6pel,t3_1h6dw5h,comment
m0dyhhz,"El zar viene diciendo que bajan el cepo desde que asumió Milei. Ya dijo febrero, abril, septiembre...tiene formacion de financista, no de economista, y se nota.",teteban79,merval,5,2024-12-04 13:17:39,t1_m0czg41,t3_1h6dw5h,comment
m0enz8m,"Es un vendehumo ese, el podcast es imposible de escuchar",chescov77,merval,2,2024-12-04 15:26:03,t1_m0czg41,t3_1h6dw5h,comment
m0en5fc,"""El Zar"" lo que dijo es que este puede ser un cambio de equilibrio ya que entrarian muchos capitales, no que pueda seguir bajando.  
Yo no tengo ni puta idea que pueda pasar. Si me decías en diciembre del año pasado que ibamos a tener un tipo de cambio casi igual en 12 meses, me cagaba de risa en tu cara.",BetterThanJebus,merval,2,2024-12-04 15:21:56,t1_m0czg41,t3_1h6dw5h,comment
m0icmsu,"En r/argentina decis dos palabras que no están alineadas con el gobierno, y te envían 300 cuentas creadas en 2024 para decirte ""kuka"". Son la misma mierda con distinto olor.",Birdman905,merval,8,2024-12-05 05:08:58,t1_m0e5z0d,t3_1h6dw5h,comment
m0f1e11,sin obra pública no arranca más,juanchi74,merval,4,2024-12-04 16:32:54,t1_m0e5z0d,t3_1h6dw5h,comment
m0e2tvy,"Ya están tan termos como la Cámpora en 2008 pero sin el crecimiento a tasas extraordinarias, es fenomenal.",OneCosmicOwl,merval,12,2024-12-04 13:39:46,t1_m0d79pg,t3_1h6dw5h,comment
m0cw4fk,"1. Hay jugadores grandes que hoy no pueden jugar. Una empresa por ejemplo hoy no puede girar los dividendos al exterior libremente. 
2. El carry es un negocion entonces tenes a todo el mundo jugando al juego de la silla. Cuando el carry se termina que pensas que van a hacer? Si no corren todos al dolar entonces vamos a seguir como hasta ahora pero sino vas a tener una disparada de la demanda.
3. El gobierno aumenta la oferta de dolares financieros con el 20% de las exportaciones. 
4. Tenes la balanza comercial de una economia recesiva y arrastrando los quilombos del gobierno anterior. Si la economia repunta y volvemos a una economia con productividad mas ""normal"" vas a terminar con un problema de balanza comercial. 

Igual yo no dije que se dispararia. Salvo que pase algo grave el dolar no se va a disparar cuando saquen el cepo pero eso no significa que este sea el precio de equilibrio.",TheJix,merval,14,2024-12-04 09:22:41,t1_m0cvjld,t3_1h6dw5h,comment
m0e1mek,"Para Bokita es asi, hoy pueden comprar entrada solo los socios, los turistas tienen otro precio mas caro y la barra consigue entradas de manera ilegal.  si en vez de los socios dejan que todo el mundo pueda comprar entrada, no alcanzarian las entradas y habria mas gente dispuestas a pagar mas. y si llegara un partido muy importante esto podria disparar el precio mucho mas",niconline,merval,9,2024-12-04 13:33:40,t1_m0cvjld,t3_1h6dw5h,comment
m0cv0qr,"Hasta lo ultimo que supe todavia estas vendiendo el 20% de los dolares al oficial lo cual es una aumenta artificial de la oferta. 

El cepo hace que las empresas no puedan moverse libremente que son las que te van a mover fuerte la aguja del precio entonces si no dejas que una empresa gire dividendos al exterior es natural que no se te mueva el precio porque esta intervenido. 

Despues tenes los temas coyunturales como el blanqueo y el carry. 

Liberas el cepo, desarmas el carry y veremos el valor que te asegura una balanza comercial positiva, ahi esta el equilibrio. No digo que el equilibrio sean 2000 pesos por dolar, capaz es 1200 pero no podemos hablar de equilibrio con todos los controles que hay.",TheJix,merval,12,2024-12-04 09:13:41,t1_m0cu6zu,t3_1h6dw5h,comment
m0gar6h,[removed],[deleted],merval,2,2024-12-04 20:24:41,t1_m0fsqb2,t3_1h6dw5h,comment
m0eh9e7,"Entiendo que la diferencia entre las veces anteriores y esta es muy simple, no hay déficit. Igual elndolar esta intervenido y por eso no es de equilibrio, eso se alcanza una vez se levante el cepo.",Unique-Anywhere6717,merval,3,2024-12-04 14:52:31,t1_m0ed3kj,t3_1h6dw5h,comment
m0cvhq8,"Que epoca 2017 hermano, mi primer y único 0km jaja un Ford Ka.",sacamedeaca,merval,11,2024-12-04 09:17:32,t1_m0cspc3,t3_1h6dw5h,comment
m0ctpsl,qué maravilla,anaraparana,merval,4,2024-12-04 09:02:35,t1_m0cspc3,t3_1h6dw5h,comment
m0e12ff,"> Vos aceptarías una rebaja nominal de tu sueldo?

La mayoría ni siquiera aceptaríamos que nos dejen de aumentar por inflación.",alastrid,merval,4,2024-12-04 13:30:49,t1_m0drjmd,t3_1h6dw5h,comment
m0k0ep4,"Sí, sí, seguro que por el costo de vida, travieso",lucn323,merval,3,2024-12-05 13:02:35,t1_m0ek70m,t3_1h6dw5h,comment
m0llo4s,unas ganas de cabecear frenos de mano tenes vos en Tailandia,deucalion1994,merval,1,2024-12-05 17:56:37,t1_m0ek70m,t3_1h6dw5h,comment
m1dcg3q,Macri vendía dólares todos los dias,ionettov,merval,1,2024-12-10 12:29:03,t1_m0dbh3y,t3_1h6dw5h,comment
m0cuwbb,"...para un pt 

Ftfy",don_maidana,merval,7,2024-12-04 09:12:40,t1_m0ctxn9,t3_1h6dw5h,comment
m0d1h3y,"ese es un comentario de la tia marta en almacen, op viene a r/merval a buscar respuestas mas elaboradas.",minderbinder,merval,8,2024-12-04 10:03:20,t1_m0ctypb,t3_1h6dw5h,comment
m0f14ms,"Veo que estás diciendo que aumentaron tus márgenes de ganancias... seguro tus empleados están contentos de que hayas aumentado sus sueldos en igual porcentaje verdad? ah no, pará, lo dudo.",techn0king,merval,2,2024-12-04 16:31:35,t1_m0ctypb,t3_1h6dw5h,comment
m0ei8fg,Decir que NO a esto es equivalente a decir que el valor real del dolar a Diciembre era de $300 y el paralelo de $1000 estaba mal.,Strong-Motor175,merval,0,2024-12-04 14:57:18,t1_m0ehbed,t3_1h6dw5h,comment
m0g4210,"I will be messaging you in 3 months on [**2025-03-04 22:45:50 UTC**](http://www.wolframalpha.com/input/?i=2025-03-04%2022:45:50%20UTC%20To%20Local%20Time) to remind you of [**this link**](https://www.reddit.com/r/merval/comments/1h6dw5h/el_usd_está_pisadoatrasado_o_este_es_su_valor_de/m0g3wbp/?context=3)

[**3 OTHERS CLICKED THIS LINK**](https://www.reddit.com/message/compose/?to=RemindMeBot&subject=Reminder&message=%5Bhttps%3A%2F%2Fwww.reddit.com%2Fr%2Fmerval%2Fcomments%2F1h6dw5h%2Fel_usd_est%C3%A1_pisadoatrasado_o_este_es_su_valor_de%2Fm0g3wbp%2F%5D%0A%0ARemindMe%21%202025-03-04%2022%3A45%3A50%20UTC) to send a PM to also be reminded and to reduce spam.

^(Parent commenter can ) [^(delete this message to hide from others.)](https://www.reddit.com/message/compose/?to=RemindMeBot&subject=Delete%20Comment&message=Delete%21%201h6dw5h)

*****

|[^(Info)](https://www.reddit.com/r/RemindMeBot/comments/e1bko7/remindmebot_info_v21/)|[^(Custom)](https://www.reddit.com/message/compose/?to=RemindMeBot&subject=Reminder&message=%5BLink%20or%20message%20inside%20square%20brackets%5D%0A%0ARemindMe%21%20Time%20period%20here)|[^(Your Reminders)](https://www.reddit.com/message/compose/?to=RemindMeBot&subject=List%20Of%20Reminders&message=MyReminders%21)|[^(Feedback)](https://www.reddit.com/message/compose/?to=Watchful1&subject=RemindMeBot%20Feedback)|
|-|-|-|-|",RemindMeBot,merval,1,2024-12-04 19:46:42,t1_m0g3wbp,t3_1h6dw5h,comment
m0fzbdx,"Por qué? El cepo es una medida restrictiva o regulatoria, no hay más que discutir",quasarjjjjjjjjj,merval,3,2024-12-04 19:21:24,t1_m0fttgq,t3_1h6dw5h,comment
m0ek219,"No pueden mandar CCL? Tienen que tener cuenta en el exterior, pero tengo entendido que teniendo eso podias sacar dolares, o no? Para pago de importaciones tambien, si tenes cuenta en el exterior podes usar el CCL.",Kirman123,merval,5,2024-12-04 15:06:27,t1_m0ehhix,t3_1h6dw5h,comment
m0qw73a,Vos decís que el tarjeta tiene tanto volumen? Nadie con dos dedos de frente lo usa,Dartister,merval,1,2024-12-06 15:35:52,t1_m0dwipi,t3_1h6dw5h,comment
m0qwe67,"Osea una de dos, o sacan el cepo y se mantiene, o sacan el cepo y sube? De una manera u otra hay que comprar usd",Dartister,merval,1,2024-12-06 15:36:54,t1_m0h6l4q,t3_1h6dw5h,comment
m0xqaxq,"Depende en qué categoría estás comparando, pero yo como mucho mejor acá en BA que en Europa, es distinto y en varias cosas son mejores, pero un buen bodegón como los de acá, allá no encontras.",Lanziadora,merval,1,2024-12-07 19:01:07,t1_m0q61rg,t3_1h6dw5h,comment
m0dedz0,"No sé si estoy de acuerdo con que es mucha la de blanqueo perdóname disentir un poco con eso. ¿Contra qué se mide contra la que falta entrar? me refiero a los dólares de los argentinos en el exterior, contra la deuda que va a tomar? Contra el crecimiento del pbi esperado? Mucho me temo que esta primera etapa de blanqueo entre una plata que probablemente sea la nuestra Por qué no preguntaron mucho de dónde venía. Cada vez que la política cuenta una victoria agranda un tereso en una palangana de querosen. El triángulo de hierro no es la excepción.",Chemical-Occasion714,merval,6,2024-12-04 11:27:47,t1_m0cwugb,t3_1h6dw5h,comment
m0d4enw,[removed],[deleted],merval,3,2024-12-04 10:23:51,t1_m0cwoys,t3_1h6dw5h,comment
m0f08q6,qué tiene que ver? Perdón pero no entiendo la respuesta,AccountantPuzzled844,merval,3,2024-12-04 16:27:12,t1_m0ez8lw,t3_1h6dw5h,comment
m0furpi,"Yo me la pasé en pesos vendiendo literalmente dólares de exportación, no era difícil la cuenta.",armonicoenfuga,merval,1,2024-12-04 18:57:57,t1_m0ez8lw,t3_1h6dw5h,comment
m0ftml7,Depende de caputo en realidad. Mirá lo que pasó en 2018,Adventurous_Bet9040,merval,1,2024-12-04 18:52:13,t1_m0dc41t,t3_1h6dw5h,comment
m0eoxfx,"No, yo coincido en que el dólar está baratísimo y que en algún momento se va a acabar la joda. Yo aprovecho porque me sirve y porque realmente no puedo hacer nada al respecto.",alastrid,merval,13,2024-12-04 15:30:48,t1_m0eoblh,t3_1h6dw5h,comment
m0f4omb,"Otro que se piensa que todo lo que sale de argentina no compite ni con Uganda. 

El dolar esta barato dicen.  Pero los argentinos trabajan en todo el mundo, incluso remotamente. Y ganan el doble que trabajando para otro argentino. 

Lo que esta barato son los sueldos.",hernanemartinez,merval,10,2024-12-04 16:49:26,t1_m0eoblh,t3_1h6dw5h,comment
m0eybk1,"Puedo preguntar porque consideras que el superavit es ""humo""?",Juanchopper,merval,0,2024-12-04 16:17:35,t1_m0eoblh,t3_1h6dw5h,comment
m0ggvl3,mmmmm,p_unch_i,merval,0,2024-12-04 21:00:31,t1_m0eoblh,t3_1h6dw5h,comment
m0fuaey,No la ven. Es increíble.,armonicoenfuga,merval,-2,2024-12-04 18:55:33,t1_m0eoblh,t3_1h6dw5h,comment
m0ecvjl,"eso pasa nomas en argentina, son unos hijos de mil puta

como decia antes, los precios estan convalidando un blue a 2200 como minimo",darkman066,merval,10,2024-12-04 14:30:36,t1_m0e29o8,t3_1h6dw5h,comment
m0e5fwi,Es muy amplio decir que usar tasas es intervención. Literalmente todos los bancos centrales definen sus tasas y resulta que acá es intervenir el mercado? Los pesos que sobran los tiene el tesoro. ,gabbrielzeven,merval,0,2024-12-04 13:52:59,t1_m0dz0ac,t3_1h6dw5h,comment
m0ecmez,"No va a pasar. No paso en ninguna de las bajas de tasas, porque tendría que pasar ahora? No tengo pruebas pero tampoco tengo dudas que se viene una violenta baja de tasas. Pero no me sirve para absolutamente ningún ttrade.  Para mi va a bajar entre 20 y 12. ",gabbrielzeven,merval,0,2024-12-04 14:29:20,t1_m0eah95,t3_1h6dw5h,comment
m0ecica,Si dijo que podían sacar el cepo sin cerrar la brecha es un chanta total,miviejaentanga,merval,1,2024-12-04 14:28:46,t1_m0dyhhz,t3_1h6dw5h,comment
m0ep1f9,Es el único opositor escuchable,gabbrielzeven,merval,1,2024-12-04 15:31:20,t1_m0enz8m,t3_1h6dw5h,comment
m0eoy5n,Exacto ,gabbrielzeven,merval,1,2024-12-04 15:30:54,t1_m0en5fc,t3_1h6dw5h,comment
m0ktj8s,"Mira yo no agarraba mucha obra publica, a mi me afecto la obra particular, edificios, etc.",Perk87,merval,2,2024-12-05 15:31:13,t1_m0f1e11,t3_1h6dw5h,comment
m0d1x8i,">1. Hay jugadores grandes que hoy no pueden jugar. Una empresa por ejemplo hoy no puede girar los dividendos al exterior libremente.

Si estos estuvieran preocupados por un salto del dólar, comprarían dólares al mep y listo

>2. El carry es un negocion entonces tenes a todo el mundo jugando al juego de la silla. Cuando el carry se termina que pensas que van a hacer? Si no corren todos al dolar entonces vamos a seguir como hasta ahora pero sino vas a tener una disparada de la demanda.

Es cierto esto, pero abrir el cepo no implica terminar el carry. Todo el gobierno de McCree fue así (con un par de saltos discretos del dólar)

>3. El gobierno aumenta la oferta de dolares financieros con el 20% de las exportaciones. 

Y si sacan el cepo, toda esa oferta y la demanda van a ir al mercado oficial, solamente cambia la ventanilla.

>4. Tenes la balanza comercial de una economia recesiva y arrastrando los quilombos del gobierno anterior. Si la economia repunta y volvemos a una economia con productividad mas ""normal"" vas a terminar con un problema de balanza comercial. 

Esto es más o menos cierto, sin embargo parece que las exportaciones de energía van a subir bestialmente, el lío va a ser que se fundan ""los industriales"", pero la verdad si el chino de Peabody ya no puede vender licuadoras a 3 veces lo que valen, no me molesta",Greedy_Confection491,merval,1,2024-12-04 10:06:33,t1_m0cw4fk,t3_1h6dw5h,comment
m0e6tx8,El rey de reyes,Perk87,merval,3,2024-12-04 13:59:56,t1_m0e1mek,t3_1h6dw5h,comment
m0itl7a,Jajajjaa. Excelente explicación para hincha de boke.,YoungLittlePanda,merval,1,2024-12-05 08:16:09,t1_m0e1mek,t3_1h6dw5h,comment
m0ferzu,El blue tambien esta invervenido?,MFLuder1,merval,-2,2024-12-04 17:39:58,t1_m0eh9e7,t3_1h6dw5h,comment
m0d5aax,"Idem, hasta recuerdo el precio. 217000 pesos",rooster1947,merval,7,2024-12-04 10:29:44,t1_m0cvhq8,t3_1h6dw5h,comment
m0e5kz4,"Uno ve que la educación está para atrás con gente que si es empleada, no percibe que su sueldo es un costo de su jefe",juanmaAV,merval,2,2024-12-04 13:53:42,t1_m0e12ff,t3_1h6dw5h,comment
m0fy68h,Sos una maquina de sacar malas conclusiones?,Unique-Anywhere6717,merval,1,2024-12-04 19:15:26,t1_m0ei8fg,t3_1h6dw5h,comment
m0fy3w2,Falso tambien,Unique-Anywhere6717,merval,0,2024-12-04 19:15:06,t1_m0ei8fg,t3_1h6dw5h,comment
m0exuq7,"Talvez el volumen mismo afectaria el precio, si de repente todas las empresas extranjeras salen a comprar bonos para sacar dolares por CCL, eso causaria distorsion de precios, no?",ZestycloseFlower7086,merval,1,2024-12-04 16:15:13,t1_m0ek219,t3_1h6dw5h,comment
m0qzbc2,"Me referia al combo oficial + tarjeta, no que el tarjeta solo tenga muchisimo volumen",niconline,merval,1,2024-12-06 15:52:12,t1_m0qw73a,t3_1h6dw5h,comment
m0d5vzc,[removed],[deleted],merval,27,2024-12-04 10:33:46,t1_m0d4enw,t3_1h6dw5h,comment
m0dcccw,Macri venía de ganar las elecciones legislativas cómodamente en 2017. No hace falta que se asome un cambio de gobierno para que se vaya todo a la B,luislezcair,merval,11,2024-12-04 11:15:19,t1_m0d4enw,t3_1h6dw5h,comment
m0d5n6y,"Fijate Chile que gano Boric pero no pegaron un volantazo. El dia que aca pase eso y la cosa siga mas o menos por el mismo rumbo con ligeras diferencias segun el gobierno veremos estabilidad. La estabilidad no la podes conseguir vos solo como presidente, es una cuestion institucional, es algo del pais que abarca a toda la politica.",TheJix,merval,13,2024-12-04 10:32:07,t1_m0d4enw,t3_1h6dw5h,comment
m0dhc8d,"En 2018 no eran una amenaza los K, Macrivenian de ""ganar"" las elecciones de 2017, estaban más poderosos que nunca. Macri perdió las elecciones solo gracias principalmente a Marcos Peña y todo el quilombo que armó del cual el no pudo traer paz al mercado que estaba haciendo la Bicicleta, y llevo a la impopular medida del prestamo en el FMI.",FirmApricot8428,merval,5,2024-12-04 11:45:21,t1_m0d4enw,t3_1h6dw5h,comment
m0f2kmn,"Que historicamente siempre era mejor comprar dolares, al precio que este.  
El que compro a 1500 puede que no recupere nunca. Aca todos tienen un patron en el cerebro, la pregunta es que pasa si ese patron ya no aplica y las cosas cambian?",Belkan2087,merval,3,2024-12-04 16:38:51,t1_m0f08q6,t3_1h6dw5h,comment
m0fdba5,"Es que es la realidad, argentina no compite ni con Uganda. Todas las calles están hechas poronga, querés exportar algo y tenés que pagar hasta un seguro al producto porque no sabes si llega, entre miles de cosas mas que no nos hacen competitivos. No digo que no podamos serlo en un futuro, pero con la foto de hoy y la obra pública congelada, olvidate",Kooky_Quiet3247,merval,6,2024-12-04 17:32:35,t1_m0f4omb,t3_1h6dw5h,comment
m0imzns,"Por eso hay que facilitar importaciones, es la unica herramienta para hacerlos bajar o fundir a los hdps. La otra es ""control de precios"" pero no me gusta porque si sos medio amigo del gobierno el control deja de servir.",Supergato77,merval,4,2024-12-05 07:05:27,t1_m0ecvjl,t3_1h6dw5h,comment
m0e6esy,"en todo el mundo las tasas son intervencion, y no necesariamente malo, para nada. Pero este iba a ser un gobierno no intervencionista?

los tiene el tesoro? Y OBVIO QUE LOS TIENE EL TESORO. Y esta pagando % altisimos por tenerlos, es exactamente lo que estoy diciendo, es la definicion misma de la bicicleta. Los tiene el tesoro, pero NO SON DEL TESORO

De vuelta, quiero ver qué pasa cuando los dueños de esos pesos digan ""bueno gracias ahora dame mis pesos que me quiero ir a dólar""",teteban79,merval,2,2024-12-04 13:57:49,t1_m0e5fwi,t3_1h6dw5h,comment
m0egm0e,"Ojo, si pasa que pase. Pero si pasa porque bajás la tasa es algo que esperás. El problema es cuando la tasa no les parezca atractiva y te empujen el TC, que es lo que le pasaba a Macri que estaba en un loop de subir tasa -> tasa insuficiente -> le subian el TC -> subía la tasa para bajar el TC.

No se tienen que enamorar de la tasa alta por arriba de la inflación, porque se vuelve otro problema incontrolable donde vos perdés el timón de para donde va la cosa. Si HOY la bajan y el TC salta un poco, es un costo mas que justo a pagar.",Lukesaurio,merval,2,2024-12-04 14:49:18,t1_m0ecmez,t3_1h6dw5h,comment
m0dtitc,"> Si estos estuvieran preocupados por un salto del dólar, comprarían dólares al mep y listo

Vos te pensas que las empresas son como Jose el almacenero? 

> Es cierto esto, pero abrir el cepo no implica terminar el carry. Todo el gobierno de McCree fue así (con un par de saltos discretos del dólar)

No, por eso lo puse aparte. 

> Y si sacan el cepo, toda esa oferta y la demanda van a ir al mercado oficial, solamente cambia la ventanilla.

Te lo explico facil. Siempre que haya brecha entonces el gobierno (porque el gobierno vende al precio oficial) tira el precio para abajo hacia donde apunta el oficial cuando vende en el mercado. Eso es lo que esta pasando ahora.  

> Esto es más o menos cierto, sin embargo parece que las exportaciones de energía van a subir bestialmente, el lío va a ser que se fundan ""los industriales"", pero la verdad si el chino de Peabody ya no puede vender licuadoras a 3 veces lo que valen, no me molesta

Si, la Argentina se va a llenar de dolares en unos años (todavia no). Igual ya lo dije aca no se trata de si nos parece bien o mal que el Peabody se funda o no. No es un tema de moral. Si vos dejas que se funda toda la economia podes terminar como en los 90. PBI crece 8% y el desempleo es del 20%. 

Cual es el riesgo? Darle el gobierno en una bandeja a los peronistas para reventar todo de nuevo. Imaginate lo siguiente, Milei sigue como viene y terminamos el 2027 con el PBI creciendo todos los años y aumento muy grande de reservas pero con muchisima desocupacion y mucha disparidad de sueldos. Gana kicillof y ahora le entra toda la guita de las energeticas mas todo lo que se ahorro y se logro en los años de Milei para repetir un ciclo Nestor.

Felicitaciones, inauguraste el Kirchnerismo 2.0",TheJix,merval,11,2024-12-04 12:51:55,t1_m0d1x8i,t3_1h6dw5h,comment
m0ds07l,">Si estos estuvieran preocupados por un salto del dólar, comprarían dólares al mep y listo

No, si vas al MEP ya no podes operar MULC. Hay cepo gente, no se olviden de eso

>Y si sacan el cepo, toda esa oferta y la demanda van a ir al mercado oficial, solamente cambia la ventanilla.

Hay cepo, hay dólar Blend. Para el ciudadano de a pie la brecha del oficial al CCL es poca, pero para el exportador no. Sino porque no sacan el Blend y acumulan más reservas? La respuesta te sorprendera",juanmaAV,merval,7,2024-12-04 12:43:58,t1_m0d1x8i,t3_1h6dw5h,comment
m0fubtc,"Literalmente el punto 2 es el que ata mucho de todo esto. Y si, en el 18 hubo un salto importante cuando se acabó esta ruedita. Los dividendos qué está dando jugar al juego del carry son bestiales, pero en algún momento se va a terminar y va a explotar fiero. Es como una estafa piramidal, en algún momento se corta y se pone picante. ",Adventurous_Bet9040,merval,1,2024-12-04 18:55:45,t1_m0d1x8i,t3_1h6dw5h,comment
m0e677e,"Básicamente te estaba dando la razón, nadie aceptaría una rebaja nominal. También tenés razón en que la educación está para atrás.",alastrid,merval,5,2024-12-04 13:56:46,t1_m0e5kz4,t3_1h6dw5h,comment
m0gqt4m,"Que no te guste no lo hace falso...

a) Inflación acumulada Diciembre a Noviembre: 160% (esto es dato).  
b) Variación dolar MEP: 7% (esto es dato).

Por lo tanto, toda la economía se apreció en dolares \~150% (se deduce de a y b), es decir lo que antes valía 1 dolar ahora vale 2.5 dolares.

Ya que ahora el problema son los impuestos como comentan, para volver al punto inicial y hacer caer los precios de 2.5 a 1 (dado que el dolar NO TUVO 150% de inflación) entonces hay que bajar los impuestos tal que los precios caigan 60%, ya que 2.5 \* 60% = 1

¿Cómo es eso posible? (pista: no lo es, el problema es la falsa apreciación del peso que gana contra el dolar y pierde contra la leche).

¿Qué es exactamente lo falso?

Entonces nuevamente: si asumimos que lo anterior es falso (dado que haciendo las operaciones son invertibles) también resultaría falso que el dolar a 300 estaba atrasado y el valor era 1000.",Strong-Motor175,merval,1,2024-12-04 21:59:40,t1_m0fy3w2,t3_1h6dw5h,comment
m0r0grc,"Reitero, no veo como el oficial, al que casi nadie puede acceder, y el tarjeta que solo los que no entienden o investigan usarán, tiene más volumen que crypto o blue",Dartister,merval,1,2024-12-06 15:58:12,t1_m0qzbc2,t3_1h6dw5h,comment
m0e0awc,[removed],[deleted],merval,-5,2024-12-04 13:26:54,t1_m0d5vzc,t3_1h6dw5h,comment
m0d64g2,"Concuerdo, institucional y agregaria cultural, ese volantazo de la sociedad argentina hacia los K en 2019 fue literalmente un tiro en el pie para la sociedad argentina.",Klahos,merval,7,2024-12-04 10:35:20,t1_m0d5n6y,t3_1h6dw5h,comment
m0f4i6u,"ah, ahora entiendo, gracias! Y si... es lo que me pregunto... si el patrón se va a repetir, o no. Para mi, honestamente, se va a repetir, pero bueno veremos.",AccountantPuzzled844,merval,1,2024-12-04 16:48:32,t1_m0f2kmn,t3_1h6dw5h,comment
m0ftbpo,"La obra publica congelada?
Lo publico no genera guita. 

Y las regulaciones las mete el estado, no el sector privado. 

Quita regulaciones y podes mantener el dolar 1 a 1 con el peso. 

Un trabajador argentino no tiene nada que envidiarle a una yankee o europeo. Te lo aseguro. 
Y riqueza hay…entonces que falta?

QUE EL ESTADO NO SE META.",hernanemartinez,merval,-10,2024-12-04 18:50:42,t1_m0fdba5,t3_1h6dw5h,comment
m0f9ylz,No me explicas como es ese mambo tipo ELI5?,morphineclarie,merval,0,2024-12-04 17:15:41,t1_m0e6esy,t3_1h6dw5h,comment
m0ei2jv,"La diferencia ahora comparado con Macri es que no se les mueve un pelo con recortar a los jubilados o las provincias para pagar esos intereses altos, lo cual impacta considerablemente menos en la inflación y la presión sobre el dolar.",Morlaak,merval,4,2024-12-04 14:56:29,t1_m0egm0e,t3_1h6dw5h,comment
m0eh1bu,Bajo de 200 a 34. Y no pasó nada. Lo único que va a pasar es que las Fintech se quedan sin argumentos contra las cuentas bancarias.,gabbrielzeven,merval,1,2024-12-04 14:51:25,t1_m0egm0e,t3_1h6dw5h,comment
m0dxnfs,">porque no sacan el Blend y acumulan más reservas? La respuesta te sorprendera

Porque eso no existe en ningún lugar del mundo, no tiene ninguna lógica que el central se quede con todos los dólares como reservas y entregue pesos, es ultra devaluatorio eso. Simplemente actúa como intermediario quedándose con una ganancia",Greedy_Confection491,merval,0,2024-12-04 13:13:22,t1_m0ds07l,t3_1h6dw5h,comment
m0e6gfl,"Claro, no era una crítica a tu comentario, sino al otro. La gente que dice ""que los empresarios bajen los precios"", está diciendo al mismo tiempo ""bajenme el sueldo""",juanmaAV,merval,0,2024-12-04 13:58:02,t1_m0e677e,t3_1h6dw5h,comment
m0gtpcq,"Pero estas tomando precios arbitrarios y valores reales para la misma cuenta, esta mal por donde lo mires. Tambien asumis que el valor del dolar estabsujeto a la inflacion cuabdo nunca lo estuvo. No es que porque no me gusta es falso, es falso porque es falso",Unique-Anywhere6717,merval,0,2024-12-04 22:16:46,t1_m0gqt4m,t3_1h6dw5h,comment
m0scfg4,"El oficial se mueve por todo el comercio exterior del pais, el volumen son cientos de millones de dolares por dia en ambos sentidos",niconline,merval,1,2024-12-06 20:24:35,t1_m0r0grc,t3_1h6dw5h,comment
m0ezq37,"Al revés, la gente en su momento se hubiera podido bancar muchisimo más un ajuste de este tamaño que hoy en día. Tenias reservas, la brecha era mínima, la inflación no era descomunal (aunque si considerable). Básicamente tenian muchos mas recursos y herramientas que ahora. Que haya sido cagón para hacerlo y quedar bien con las mabeles fue su principal debilidad",Juanchopper,merval,9,2024-12-04 16:24:35,t1_m0e0awc,t3_1h6dw5h,comment
m0ed39t,[removed],[deleted],merval,9,2024-12-04 14:31:41,t1_m0e0awc,t3_1h6dw5h,comment
m0fvdd3,Entonces llamaré a silencio y estudia. Macri es indefendible. De punta a punta.,armonicoenfuga,merval,4,2024-12-04 19:00:58,t1_m0e0awc,t3_1h6dw5h,comment
m0d83of,"Macri fue un hdp x eso perdió... si hasta con plan platica no le alcanzó.


Para mi el dolar esta tan contenido que, como dicen apenas baje la espuma del blanqueo...y si toman deuda..va haber estabilidad... pero es temporal.


Los negocios de la gente del gobierno  es devaluar. Como lo hizo macri.


 Acá se va a repetir. Cuestión que después no va a tener de.donde recortar.... raro que de inversión no entro un dolar...x que será?",[deleted],merval,-1,2024-12-04 10:48:19,t1_m0d64g2,t3_1h6dw5h,comment
m0f51fd,"Leyendo los comentarios, casi todos creen lo mismo. Yo apuesto que no. Por eso dije que el que apueste en contra de Argentina de ahora en mas, va a perder.",Belkan2087,merval,-1,2024-12-04 16:51:13,t1_m0f4i6u,t3_1h6dw5h,comment
m0g235u,"La obra publica genera guita zapato, mira el gasoducto, ninguna empresa la puso y ahora lo aprovechan, las investigaciones del conicet que terminaron en productos de la serenisima y eso solo aca y en el corto plazo, internet es producto de la inversion publica. Hay que estar totalmente consumido por la ideologia para no verla.",Jealous-Ad-3910,merval,5,2024-12-04 19:36:05,t1_m0ftbpo,t3_1h6dw5h,comment
m0fvwsz,"Sip, obra publica está congelada, y obra pública es infraestructura. Si no tenes infraestructura, los costos se van al tacho. No estoy discutiendo política ni ideologías, sino una problemática del esquema actual",Kooky_Quiet3247,merval,5,2024-12-04 19:03:44,t1_m0ftbpo,t3_1h6dw5h,comment
m0fkg8k,Cuál mambo?,teteban79,merval,0,2024-12-04 18:07:38,t1_m0f9ylz,t3_1h6dw5h,comment
m0dzg20,"Osea que la gestión del comercio exterior centralizado por un Banco Central es algo inaudito? (?)

Ponele que fuera así. Porque no va todo al Blend directamente, o se crea un mercado privado de liquidación de divisas y comercio exterior?

La respuesta corta es porque los BC dejarían de acumular reservas. Aún si el Estado o BC fueran jugadores de ese mercado, añadirian una volatilidad innecesaria al sistema",juanmaAV,merval,3,2024-12-04 13:22:32,t1_m0dxnfs,t3_1h6dw5h,comment
m0gyc2b,"De qué precio arbitrario hablas? no tenes idea que carajo decir. Los datos son empíricos, la cuentas están bien hecha (aproximando que no hubo inflación significativa en USD) es el ABC de la economía lo que te comento.

Apreciación = ((1+Inflación/1+Variación tipo de cambio)-1)=((1+1.60/1+0.07)-1)= 1.43 =143%

Esto es un dato, te duela la cola o no.

Si eso fuera falso, implica necesariamente que el dolar a 300 NO estaba atrasado.",Strong-Motor175,merval,2,2024-12-04 22:44:02,t1_m0gtpcq,t3_1h6dw5h,comment
m0ves0t,"No estoy tan seguro de eso, de igual modo y en ese caso, el tarjeta no agregaria ni un 1%, y mi punto era justamente que el tarjeta no mueve nada",Dartister,merval,1,2024-12-07 11:26:31,t1_m0scfg4,t3_1h6dw5h,comment
m0fl4ge,"parte de la plata se usó para pagar deuda que tomó cristina. Y no se si alberto le sacó el lugar a macri con el prestamos al fmi. Lo que sí, tomo 20mm mas que los 100mm de macri.  Ninguno fue santo pero tampoco que macri fue el peor de la historia o el que mas endeudó",[deleted],merval,2,2024-12-04 18:10:53,t1_m0ed39t,t3_1h6dw5h,comment
m0fvjvv,"Con caputito tomo la deuda, el mismo ministro de economía de hoy y en 2001 con sturze, el mismo de hoy. La cagan toda y vuelven y creen que está vez será diferente...",armonicoenfuga,merval,1,2024-12-04 19:01:53,t1_m0ed39t,t3_1h6dw5h,comment
m0ednq7,[removed],[deleted],merval,-3,2024-12-04 14:34:31,t1_m0ed39t,t3_1h6dw5h,comment
m0ga5eo,Seguro,OneCosmicOwl,merval,0,2024-12-04 20:21:11,t1_m0fvdd3,t3_1h6dw5h,comment
m0f68zp,"si, yo más que 'apostar en contra', es una cuestión de que ya no le creo a ningún político, hasta que no demuestren posta algo diferente, duradero.",AccountantPuzzled844,merval,2,2024-12-04 16:57:10,t1_m0f51fd,t3_1h6dw5h,comment
m0g4kri,"Infraestructura?
Que infraestructura necesitas?
Que te falta?",hernanemartinez,merval,-8,2024-12-04 19:49:33,t1_m0fvwsz,t3_1h6dw5h,comment
m0fkrju,El de la bicicleta,morphineclarie,merval,0,2024-12-04 18:09:10,t1_m0fkg8k,t3_1h6dw5h,comment
m0lw43v,"Si el BCRA funcionará ""normalmente"", no existiría el blend porque no tendría sentido el meo/ccl. Por eso no existen esas cosas en otros países.

El BC tiene (o tendría que) a grandes rasgos, actuar como intermediario entre exportadores e importadores/compradores de divisas, obteniendo del spread una ganancia a partir de la cual se capitaliza. Además de eso, su capitalización lleva a que pueda emitir algo de pesos sin que estos impacten devaluando (ya que tiene dólares que obtuvo de otra manera).

Pretender que el central se quede con todos los dólares es un sinsentido inmenso, es pedir que seque la plaza de dólares (compra todo lo que ingresa y no vende nada), disminuyendo la oferta de estos, y subiendo su precio. Es literalmente massismo.

Otro tema es la obligación a los exportadores a liquidar sus dólares y pasarse a pesos... Eso no existe en la mayoría del mundo, el exportador cobra y hace lo que quiere con su plata, no tiene que ir a vendersela al central a lo que este dice que vale",Greedy_Confection491,merval,1,2024-12-05 18:50:49,t1_m0dzg20,t3_1h6dw5h,comment
m0h7ct7,"Que significa a valor real? Significa que se compara tomando una fecha de partida, ESE dato es arbitrario. Bobo hablas como mono",Unique-Anywhere6717,merval,1,2024-12-04 23:38:52,t1_m0gyc2b,t3_1h6dw5h,comment
m0fs95f,Pero mirá la pavada monumental que escribiste hermano o tenés 15 años o tenés un problema cerebral,Gabriel-p,merval,1,2024-12-04 18:45:31,t1_m0fl4ge,t3_1h6dw5h,comment
m0ei5k6,"No hermano.. posta informate mas, te lo digo con buena onda. Aparte, nosotros dos estamos del mismo lado… a vos que te importa si bardeo a un politico (y encima con datos)? Los politicos deberian hacer todo impecable, y nosotros a ellos no les importamos. Asi que deja de defenderlo a el y a quien sea. Nos defendamos entre nosotros",AccountantPuzzled844,merval,9,2024-12-04 14:56:54,t1_m0ednq7,t3_1h6dw5h,comment
m0eqlzr,[removed],[deleted],merval,5,2024-12-04 15:39:10,t1_m0ednq7,t3_1h6dw5h,comment
m0g5x0t,"bueh hermano, deja",Kooky_Quiet3247,merval,2,2024-12-04 19:56:58,t1_m0g4kri,t3_1h6dw5h,comment
m0frixb,"Si yo te prometo que vos me das 100.000 pesos y yo de acá a un año no solo te doy 150.000 pesos, sino que además te garantizo que el dólar va a valer solo 30% mas que hoy en pesos, vos que haces?",teteban79,merval,4,2024-12-04 18:41:55,t1_m0fkrju,t3_1h6dw5h,comment
m0h7ha0,2+2 te da lechuga amigo,Unique-Anywhere6717,merval,1,2024-12-04 23:39:38,t1_m0h7ct7,t3_1h6dw5h,comment
m0sezhx,Si vos decís gabrielito. Vos te la sabés todas,[deleted],merval,0,2024-12-06 20:40:24,t1_m0fs95f,t3_1h6dw5h,comment
m0g8gbd,"Perdón que me meta pero entiendo tu punto de la infraestructura, pero no va por ahí, es decir, si una empresa quiere poner una fábrica o algún edificio, no depende del gobierno construir el edificio, sino depende de la empresa, lo que depende del gobierno es no entorpecer el trabajo de la empresa, así esta contrata gente y genera trabajo.

De ahí el gobierno arreglara calles y la zona por si misma se mejorará, no por el estado, sino por otras empresas o gente que compre tierras y construya, de nuevo, lo único que dependería del estado es sobre mantener las leyes y el orden en la zona solamente.",Normal_Helicopter_22,merval,0,2024-12-04 20:11:19,t1_m0g5x0t,t3_1h6dw5h,comment
m0ha7y0,"A vos hermano te falla fulero, de diciembre a hoy se apreció, para ser exactos 143% en dolares la economía. ""Falso porque me duele el orto""",Strong-Motor175,merval,1,2024-12-04 23:56:23,t1_m0h7ha0,t3_1h6dw5h,comment
m0vrz7h,"¡Hola! Como empleado de un banco te cuento que es la primera vez que escucho que alguien quiera que le reduzcan el límite. Que yo sepa, no es posible.

Lo que podés hacer es, tal vez:

\- Activar los avisos de consumo, para que seas notificado a partir de X monto

\- Solicitar una tarjeta recargable y manejarte con esa

\- Solicitar/usar una tarjeta secundaria (Galicia por ejemplo tiene Visa y Master, probablemente tengas menos límite en la Mastercard) y usar esa

\- Usar una tarjeta extensión, a las que les podés poner límite... pero no sé si podés pedir una para vos mismo jeje

Lo último, y más ""avanzado"", es que podés solicitar una redistribución de tu asignación de crédito (asistencia); y pedir tal vez que te quiten crédito en las tarjetas y te lo asignen en otro lado, como los préstamos pre-acordados o el descubierto, o hacer por ejemplo que tengas poco crédito en la tarjeta Visa y mucho en la Mastercard, y usar solo tu Visa.",Novalith_Raven,merval,49,2024-12-07 12:43:35,t3_1h8urb6,t3_1h8urb6,comment
m0vqi3q,"Borrales/raspales el código de seguridad del dorso. (Guardá los códigos en un gestor de claves encriptado y seguro)  
Con eso, aunque las pierdas o te las roben no las vas a poder usar.  
Hace poco se implementó que los cajeros no te pueden pedir más la tarjeta. Sos vos el que tiene que pasar la tarjeta por el dispositivo de pago. O sea que no te puede robar los datos el cajero (algo que pasaba seguido, lamentablemente).  
En cuanto a si las usás con billeteras tipo MODO, sin tu clave de la app o sin tu huella no van a poder usarla.  
Para pagos online, sólo usala en la plataforma de MercadoLibre o alguna otra de mucha confianza.

Además, tranqui. El mayor capital de las tarjetas es que la gente tenga confianza en usarlas. Si te llegaran a cagar de alguna forma, te van a devolver la plata. La peor tragedia para VISA, MASTERCARD o AMEX es que la gente tenga miedo de usar sus productos. Protegen a capa y espada ese valor: la confianza.",TwinsenDinoFly,merval,11,2024-12-07 12:35:23,t3_1h8urb6,t3_1h8urb6,comment
m0vyncn,"Laburo en un banco y no, no se puede dar de baja. Siguiendo con la otra línea, se hizo en los últimos meses una re categorización masiva para incentivar la deuda y el crédito y tenerlos atados a todo el mundo. Por darte un ejemplo, un recibo de sueldo de 400 Lucas le daban 15 millones por tarjeta. Slds",Dizzy_Worldliness743,merval,7,2024-12-07 13:20:15,t3_1h8urb6,t3_1h8urb6,comment
m0vpze6,Que te puedas comprar un helicóptero no significa que tengas que hacerlo no? 🤣🤣,Pampeano-,merval,20,2024-12-07 12:32:28,t3_1h8urb6,t3_1h8urb6,comment
m0vqeor,"Emmm y no lo uses. Problema solucionado.

Si alguien te usa la tarjeta lo denuncias y listo. Me pasó y no tuve ningún problema.",[deleted],merval,10,2024-12-07 12:34:50,t3_1h8urb6,t3_1h8urb6,comment
m0vpmfq,"La idea del banco es que te endeudes, no le importa si sos Gandhi, le interesa que revientes la tarjeta. Por eso siempre como mínimo, en los límites duplican tu ingreso, para que sea impagable.

Ahora, no entiendo, cual es tu problema? Que alguien use tu tarjeta para sacar una moto y vos no te enteres? O crees que se te va a ir la olla y vas a patinar arroz para todo el barrio?",Living_View_9046,merval,5,2024-12-07 12:30:28,t3_1h8urb6,t3_1h8urb6,comment
m0w2xms,"Yo sí escuché un caso como el tuyo, una persona con muy buen ""credit score"" porque paga siempre a tiempo, tiene muchas tarjetas para aprovechar descuentos y cuotas, y no quiere un límite tan exagerado, porque la suma de lo que puede gastar con todas ellas es ridículo.

La realidad es que los bancos siempre te van a fomentar la deuda y a ellos no les sirve que lo quieras bajar preventivamente.
No tendrías ni por qué justificar el motivo, lo querés bajar y punto. Lamentablemente estamos acostumbrados a servicios inflexibles y sentir que lo que pedimos es ""demasiado"". No lo es. 
Sin ir más lejos, hay mucha gente que si bien no tiene un ""problema"", gasta en pelotudeces hasta el cierre de la tarjeta ""porque tiene margen"".

En fin, el caso que yo conozco era de banco provincia y esta persona llamó y les fritó la cabeza hasta que se lo bajaron. Exitos OP",ladyoftheflowers,merval,3,2024-12-07 13:43:12,t3_1h8urb6,t3_1h8urb6,comment
m0wjx9t,"1) Dar de baja la TC/pausarla y sacar en cualquier otro banco fintech que te va a ofrecer menos seguro. Lo mas rapido y efectivo.   
2) Yo agregaria a las razones para NO pedir la baja del limite la formacion de un buen score crediticio. Yo se que hoy no lo tenes pensado, y esta perfecto, tomar deuda en este pais es para infartarse pero quizas algun dia esto se arregla y usar una buena TC pagarla en tiempo, forma, demostrar capacidad de pago y sostener eso te va a dar un buen credit score (que evidentemente ya tenes) y quizas algun dia sale la oportunidad de un buen prestamo para comprar una propiedad/proyecto y sos elegible por eso.",Comprehensive-Ad7002,merval,3,2024-12-07 15:13:18,t3_1h8urb6,t3_1h8urb6,comment
m0vtgrg,"Aparte de lo ya dicho, a lo sumo podés habilitarte las notificaciones push de la app de Galicia, y fijate si desde el homebanking podés entrar al Visa Home donde habilitar las notificaciones por correo desde cierto monto de compra. Ponele por ejemplo, notificar desde 50 mil para que no te joda tanto con montos chicos.",Huntware,merval,2,2024-12-07 12:51:48,t3_1h8urb6,t3_1h8urb6,comment
m0vx15b,Por que no pausas las tarjetas desde la app y así solo la despausas cuando la vayas a usar.,Opening-Ad-2494,merval,2,2024-12-07 13:11:29,t3_1h8urb6,t3_1h8urb6,comment
m0w15xs,"Otra que podes hacer es pedir la de Uala gratuita y usar esa, seguro el límite es menor. Usas esa para el día a día y dejas las otras para cosas más importantes.",[deleted],merval,2,2024-12-07 13:33:50,t3_1h8urb6,t3_1h8urb6,comment
m0w3uyd,Pausa la tarjeta y prende la solo cuando la vas a usar. Igual si te clonan la tarjeta se hace cargo el banco. Y si se pone a hacer 2000 transacciones juntas te a bloquean sin quea reportes,rumboalaangioplastia,merval,2,2024-12-07 13:48:01,t3_1h8urb6,t3_1h8urb6,comment
m0wo7dl,"Buenas. Para solicitar una baja de disponible tenés que mandarla por escrito la solicitud, al gerente de la entidad . Pone a cuánto querés bajarla. Me pasó hace unos cuantos años que quería la tarjeta black por las salas vip pero no necesitaba el saldo para comprarme todo un súper. El problema es que cuando necesites  saldo no te lo van a dar , por 5 años no me aumentaron el saldo, con la inflación que había terminé con el saldo para comprar 2 cafés, tuve que dar de baja la cuenta porque se negaron a aumentarmelo y saque en otro banco directamente.(Calculo que habría algún asterisco en mi cuenta que decís ""no aumentar por nada del mundo""

Yo te diría que esas las pauses(no dar de baja) y saquesla de naranja x o cualquier otra que no tenga renovación automática.",AstronomerDiligent53,merval,2,2024-12-07 15:35:37,t3_1h8urb6,t3_1h8urb6,comment
m0wt9oc,No podes pausar la tarjeta ?,sebamuerte,merval,2,2024-12-07 16:01:47,t3_1h8urb6,t3_1h8urb6,comment
m0xaf6r,"Bueno lei por arriba entre que es bastante mas de 1.5 millones y no queres hacer mucho pq implica cambiar.

Y dado que el limite parece ser descomunal, cuando consultas en el banco no preguntas si es un error?, muy probablemente lo sea.

Despues como te mencionaron muchos, es credito, si ves a fin de mes una compra que no es tuya la desconoces y ya, eso se soluciona al toque, sobre todo si el movimiento es grande. Ademas quien te haga el fraude no sabe cual es tu limite, y no va a comprar un helicoptero para probar.

Si no agarra y hacete cuenta en alguna de las billeteras virtuales y te manejas con la tarjeta de esa cuenta.",Mr_Frodo_,merval,2,2024-12-07 17:33:51,t3_1h8urb6,t3_1h8urb6,comment
m0xtk2z,"Esos límites los debería poder elegir el cliente (con el tope que el banco considere). Y tengo la misma duda que vos.. solamente me dió paja averiguar y asumí que no me iban a conceder eso, obviamente aduciendo que soy un tarado por querer algo así, esa táctica de querer que sientas vergüenza por no ser una oveja como el resto.

Conclusión: cuando Galperin abra su banco me doy de baja la mi3rda que tengo de banco (todos son una garcha)",Upbeat_Primary_879,merval,2,2024-12-07 19:19:12,t3_1h8urb6,t3_1h8urb6,comment
m0y1uxe,"mira lo que querés hacer me parece muy inteligente, a mí me pasó algo similar y me lo tomé muy tranquilo..

en octubre fui a un bar por un cumpleaños, en la caja o del bolsillo me clonaron la tarjeta e hicieron una compra a una tienda de celulares por 4 millones.

en el medio, el banco me cancela la tarjeta y me manda una nueva de la nada, de un día para otro y sin avisar.. cuando llego el resumen entendí el porque.

gracias a esto del banco me bloquearon todas las transacciones, hago dos compras seguidas y tengo que pedir autorización, compras de más de 100k autorización, vamos a ver cuánto dura este bloqueo (igual es una rotura de pelotas terrible, estaba de vacaciones y no es práctico)


edit. recomendación, no salgas con el plástico y si lo haces compra una billetera anti nfc",gres_22,merval,2,2024-12-07 20:06:06,t3_1h8urb6,t3_1h8urb6,comment
m14lnq5,"Hola! Si, se puede pedir. Llamá al banco y solicitalo. El riesgo del banco también se reduce, así que no deberías tener problemas, incluso hay algunos que promueven estas prácticas porque con límites demasiado altos el riesgo de fraude es altísimo.

Otra opción es pausar la tarjeta. La podes pausar todo el tiempo y solo la activás cuando la usás",Campa-Nit,merval,2,2024-12-08 22:44:15,t3_1h8urb6,t3_1h8urb6,comment
m0vqwjk,Configura el alerta de compra en la tarjeta (no en el banco que anda medio para la verga) y problema solucionado,Desperate-Panda-7521,merval,1,2024-12-07 12:37:37,t3_1h8urb6,t3_1h8urb6,comment
m0vr7gu,"cada vez q hago un gasto, me llega un mensaje uds uso la tarjeta por tal importe",Ok-Acante4524,merval,1,2024-12-07 12:39:18,t3_1h8urb6,t3_1h8urb6,comment
m0vuz4f,"Quema las tarjetas, usas solo qr o NFC para pagar, si querés los datos de la tarjeta la sacas de la app

Pero me parece que te la re vivís, activa las notificaciones de consumo y listo, ves un gasto sospechoso y la pausas, llamas al banco, desconoces la compra y pedís una tarjeta nueva",marianolinx,merval,1,2024-12-07 13:00:09,t3_1h8urb6,t3_1h8urb6,comment
m0vxta8,De ja la yatjeta en casa en un cajón con llave y pausa lo s consumos en la app0,matias_saitam,merval,1,2024-12-07 13:15:45,t3_1h8urb6,t3_1h8urb6,comment
m0w3e4z,"Hola.

Mirá, si bien entiendo cual es tu preocupación, creo que estás yendo más allá. ¿Te puedo preguntar de cuánto es el límite?.

Yo tengo límites altos también, pero no tengo persecución mental, y te cuento porqué:

\- mi tarjeta de crédito física no sale a la calle, me manejo 100% con el teléfono (que tiene seguridad biométrica).

\- cualquier gasto sospechoso que aparezca en el resumen, lo podes desconocer. Y creeme que hacen investigaciones y si el gasto no corresponde te lo reintegran.

Entonces, la parte de ataque está más o menos cubierta, no sos inmune a ellos, pero en caso que te sucedan, no deberías tener problema en demostrar que no hiciste dichos gastos.

Una de las cosas que podrías hacer sería lo que ya te dijeron antes, pero también llamar a la tarjeta en si... Los bancos son intermediarios, intentá llamar a la tarjeta en si, explicando la situación y si pueden ponerle no un límite, sino un valor X desde el cual tengan que autorizar la operación.",SanD-82,merval,1,2024-12-07 13:45:36,t3_1h8urb6,t3_1h8urb6,comment
m0w6wsb,"Los problemas antes eran que los límites no servían para nada, ahora que sirven para todo, es problema igual. Está predefinido por el banco, no estás conforme con esa política crediticia, dala de baja y anda a otro banco que te de límites “ más bajos” . El banco está facultado a pactar las condiciones del crédito, y está en vos aceptar o no. No aceptas, te vas, chau!",No-Understanding8997,merval,1,2024-12-07 14:04:03,t3_1h8urb6,t3_1h8urb6,comment
m0wdpdw,"Che, pero una TC tiene mecanismos bastante seguros. Los consumos hechos por estafa o robo se desconocen y listo. El banco te genera una TC nueva y listo. Te lo digo como, sin tener grandes límites, me han hecho consumos en un par de ocasiones y jamas pagué un peso. Siempre desconocí los consumos y nunca tuve un problema. Una buena herramienta para eso es habilitar las alertas de consumos de las tarjetas y los bancos.

Esto no lo podes realizar con la débito o las billeteras virtuales, es un re dolor de cabeza que te reconozcan plata de un robo o una estafa.",kirbag,merval,1,2024-12-07 14:40:17,t3_1h8urb6,t3_1h8urb6,comment
m0xf4dq,Abrite brubank y podes configurar el limite. Es todo muy simple y rápido. Deja las del galicia para gastos grandes.,IsawYourship,merval,1,2024-12-07 17:59:39,t3_1h8urb6,t3_1h8urb6,comment
m0xlv23,"Buenas, queres reducir porque no sabes usar la tarjeta? Tenes miedo a tentarte? Es bueno el limite que te dieron por si en algún momento necesitas cambiar todos tus muebles, comprar alguna herramienta o dispositivo en particular. Tranca, no lo uses.",Spiritual_Bottle_926,merval,1,2024-12-07 18:36:50,t3_1h8urb6,t3_1h8urb6,comment
m0y0987,"Probaste pausarla desde la aplicación y deshacerlo cuando la tengas que usar? No sé cuán rápido es ni cuántas veces se puede hacer, pero tal vez te sirva",DigitalAkita,merval,1,2024-12-07 19:56:44,t3_1h8urb6,t3_1h8urb6,comment
m0y10nl,Y si la pausas desde la app y la despausas cuando la tenes que usar?,Schifosamente,merval,1,2024-12-07 20:01:08,t3_1h8urb6,t3_1h8urb6,comment
m0y9v4a,"Hasta donde yo se no se puede. Sigo sin entender cual es el problema, osea.... vos decidis lo que gastas, y si es por riesgo de robo, denuncias la tarjeta y desconoces el pago. En  caso de tener extensiones, vos decidis esos limites

Si lo que buscas es \*credito\* sinceramente no creo que tengas una opcion razonable (ni motivo mas alla de de miedos infundados y sinsentido). Tu unica opcion era hablar y que te dieran bola pero no fue el caso. Y tampoco es simplemente pedir otra tarjeta porque al toque te van a umentar el limtie me parece",simonbleu,merval,1,2024-12-07 20:54:22,t3_1h8urb6,t3_1h8urb6,comment
m0yc5xw,"Podes activar una opcion que te envia un correo (y no se si hasta un SMS hojaldre) cada vez que haya un consumo. Tanto credito como debito.

Sino intenta pagar todo con QR en el Coto que va a ser mas dificil ""hackerarte"" las tarjetas",grifter_cash,merval,1,2024-12-07 21:08:42,t3_1h8urb6,t3_1h8urb6,comment
m0z441w,"Amigo me presta pa comprar la play 5 en 12 cuotas sin interés

Tr ayudo a bajar un poco el crédito de paso",SigridRomanoff,merval,1,2024-12-08 00:07:05,t3_1h8urb6,t3_1h8urb6,comment
m0z4knk,Pero no es necesario que te reduzcan el limite simplemente gasta menos y listo no porque tengas un limite de 3 millones por ejemplo significa que tengas que usarlo por completo 😂,d4nit0,merval,1,2024-12-08 00:10:17,t3_1h8urb6,t3_1h8urb6,comment
m107xwl,"Demasiado arriesgado, yo me buscaría otra tarjeta",TOGUDV,merval,1,2024-12-08 05:45:16,t3_1h8urb6,t3_1h8urb6,comment
m112jcb," Lo que te puedo sugerir es que entres en la página de Masterconsultas y/o Visa y actives las alertas de consumo,te van a mandar un alerta por cada movimiento que registre la tarjeta a tu mail.",SignificantTwo862,merval,1,2024-12-08 10:49:49,t3_1h8urb6,t3_1h8urb6,comment
m113gzl,Pedite una extensión a tu nombre con límite de 2 palos ponele y ya usas esa,Suspect-Emergency,merval,1,2024-12-08 10:56:28,t3_1h8urb6,t3_1h8urb6,comment
m1oldji,"1) De todas las formas en las que te pueden sacar guita por medio de un banco, las tarjetas de crédito son las mas seguras para vos porque podés desconocer los cargos al denunciar, podés en ese banco pedir que te manden una notificación con cada cargo (hasta cuando se cobra nerflix)

2)Lo que tenés que hacer es no tener mucha guita líquida en el banco para contener el riesgo de la tarjeta de débito poniendo tu plata en un FCI money market. En ese banco es el Fima Premium.

3) Vigilar en tu perfil si estás cumpliendo las condiciones de la bonificación cada mes para no llevarte sorpresas.

3)Celular bloqueado con datos biométricos, los plásticos en tu casa.",marcosv,merval,1,2024-12-12 09:31:49,t3_1h8urb6,t3_1h8urb6,comment
m0wo0qp,Pedí una adicional con límite y rompé la original..,eoZul,merval,1,2024-12-07 15:34:39,t3_1h8urb6,t3_1h8urb6,comment
m14t4r1," Bro, la tarjeta no se usa en el súper. Saludos",juniorgandara,merval,0,2024-12-08 23:31:31,t3_1h8urb6,t3_1h8urb6,comment
m0vsbfg,"Muchas gracias por la info detallada. Mirá, como lo decís parezco un enfermo, pero me pusieron un límite por un monto con el que vivo 3 años, la verdad es demasiado riesgo. Cómo es eso de la tarjeta recargable?",nnenneplex,merval,10,2024-12-07 12:45:28,t1_m0vrz7h,t3_1h8urb6,comment
m0wgxzu,"This. A mi parecer lo más simple billetera prepaga y una extensión con un límite que decidas OP (igual se puede hacer a nombre de otra persona y usarla tranquilamente)   
Eliminar la tarjeta con el monto alto de toda app que te genere inseguridad y guardarla bien.",natyos,merval,2,2024-12-07 14:57:36,t1_m0vrz7h,t3_1h8urb6,comment
m0wjy81,"Aprovechando tu conocimiento, podrías echar de luz sobre el gran misterio de como y con que criterio los bancos se rigen para manejar los límites de las TC?",minderbinder,merval,1,2024-12-07 15:13:26,t1_m0vrz7h,t3_1h8urb6,comment
m0xng3z,"Si se puede pedir una tarjeta secundaria a uno mismo 

Yo lo hago y es la que uso para mis compras en internet 

Además ahora se pueden pausar las tarjetas.

No todos los bancos lo tienen implementado, pero está.

Idem con aviso via app y por mail de consumos de más de x monto.

Yo setee el monto en 1",gustavsen,merval,1,2024-12-07 18:45:28,t1_m0vrz7h,t3_1h8urb6,comment
m0vtnfq,"El plástico no lo uso y el número solo lo cargo en algunas billeteras en las que tengo suma confianza como mercadopago y google pay. Aun así, abre una nueva puerta de ataque, por ejemplo si me roban el celular. Obvio tiene el fingerprint y todo, pero sé que nunca voy a gastar ni el 5% de ese límite y, a pesar de que en algunos comentarios se burlen, la tecnología es un slippery slope en que hoy es esto, mañana lo otro, siempre por una razón conveniente, un beneficio en un spa de Dubai o un descuento en línea blanca las noches de luna llena de años bisiestos, y un buen día no te diste cuenta de que el password manager sincroniza a tu teléfono y Chrome no tiene configurada la autenticación, entre cientos de cosas que pueden pasar. Por eso mi política es, en la medida de lo posible, no abrir más puertas de las estrictamente necesarias.",nnenneplex,merval,1,2024-12-07 12:52:50,t1_m0vqi3q,t3_1h8urb6,comment
m0z86ry,Pero si se la roban la puede congelar y denunciar el robo. Aparte la de crédito de uala solo el dueño con la app puede ver los datos de la tarjeta.,d4nit0,merval,0,2024-12-08 00:35:41,t1_m0vqi3q,t3_1h8urb6,comment
m0vzccp,"\> un recibo de sueldo de 400 Lucas le daban 15 millones por tarjeta.

Una locura. Yo también metí guita en CERA y estuve exteriorizando, supongo que por eso también se fue al re carajo, porque en términos de ingresos en estos momentos estoy medio ""retirado"" y a lo sumo tengo algunos honorarios que me transfieren como monotributista. Encima es acumulativo entre los límites de dos tarjetas.",nnenneplex,merval,0,2024-12-07 13:24:01,t1_m0vyncn,t3_1h8urb6,comment
m0vqwwk,ya tenemos a uno de los financistas de un eventual golpe /s,Ok-Acante4524,merval,6,2024-12-07 12:37:40,t1_m0vpze6,t3_1h8urb6,comment
m0vsfn1,Tengo que explicar cuál es el problema?,nnenneplex,merval,-14,2024-12-07 12:46:07,t1_m0vpze6,t3_1h8urb6,comment
m0vqf55,El banco necesita tu credito?,Same-Stomach5677,merval,1,2024-12-07 12:34:55,t1_m0vpmfq,t3_1h8urb6,comment
m0vqpuj,"Sí, entiendo eso, pero como cliente de otros bancos siempre tuve un poco de control para colocar el límite, no tan bajo como hubiera querido, pero algo. Acá realmente se les fue la mano.

\> Que alguien use tu tarjeta para sacar una moto y vos no te enteres?

Sí, es ampliar la superficie de ataque sin necesidad, no tanto porque me roben el plástico, que no lo uso, ni porque cargo el número en [superscam.com/payall](http://superscam.com/payall), que no lo hago, sino porque no tengo ganas de monitorear los gastos para poder reportar a tiempo y confiar que se atengan al zero liability si el monto fuera muy alto. Así, el upgrade me termina agregando más dolores de cabeza que beneficios. No me interesa hacerme la manicura en aeropuertos.",nnenneplex,merval,0,2024-12-07 12:36:35,t1_m0vpmfq,t3_1h8urb6,comment
m0w39yx,Gracias por comprender :),nnenneplex,merval,2,2024-12-07 13:45:01,t1_m0w2xms,t3_1h8urb6,comment
m0vx5c4,"Desde Galicia estuve viendo. Yo uso el teléfono en DND y preferiría no hacer una excepción justo para Galicia, poniéndolo en el mismo nivel que a mi vieja. Si bien Galicia tiene cierto control sobre los tipos de push notifications, cada tanto te manda algunas bastante spammy, no importa cómo lo configures. Si no hay más remedio haré esto, pero sigo sintiendo que es meterme en problemas innecesarios. El límite que pusieron es una salvajada, no me imagino consumiendo el 3% de eso como cota, en promedio ni el 0.5%.",nnenneplex,merval,1,2024-12-07 13:12:07,t1_m0vtgrg,t3_1h8urb6,comment
m0vxoaj,"Es una de las opciones que consideré. Esto es instantáneo? La puedo reanudar en el acto?

PS: la única vez que intenté hacerlo la app de Galicia me tiró el clásico en este momento tenemos un inconveniente, intentá más tarde. La app es increíblemente buggy.",nnenneplex,merval,0,2024-12-07 13:15:01,t1_m0vx15b,t3_1h8urb6,comment
m0wr0tj,"\> habría algún asterisco en mi cuenta que decís ""no aumentar por nada del mundo""

  
Jajaja",nnenneplex,merval,2,2024-12-07 15:50:07,t1_m0wo7dl,t3_1h8urb6,comment
m0xbjdk,"\> quien te haga el fraude no sabe cual es tu limite, y no va a comprar un helicoptero para probar

Si bien esto no es estrictamente cierto, porque depende del tipo de ataque, es un buen punto en general, en el que no había reparado hasta ahora.",nnenneplex,merval,1,2024-12-07 17:39:58,t1_m0xaf6r,t3_1h8urb6,comment
m0xuxs6,"Pensé lo mismo con Banco Libre o Mercado Banco (?), estoy enCERAdo en Galicia por ahora, pero lo voy a estar siguiendo.",nnenneplex,merval,2,2024-12-07 19:26:50,t1_m0xtk2z,t3_1h8urb6,comment
m0w6loc,"\> ¿Te puedo preguntar de cuánto es el límite?

Digamos que con esa plata vivo 3 años sin problema.

Yo entiendo lo que decís y te podrás imaginar, por mi post y mis respuestas, que revisé obsesivamente las alternativas antes de preguntar acá por experiencias reales.

Pero:

\- Todo eso requiere un aprendizaje y una exploración iniciales.

\- Y luego un monitoreo permanente de mi parte.

\- Con la confianza en que las notificaciones realmente llegan.

\- Y la confianza en que la política de zero liability (con sus caveats) se va a aplicar si compraron un coche y yo me di cuenta una semana después.

Todo con CERO beneficios a cambio. Y la alternativa nuclear de eliminar todas las tarjetas me deja sin la eventual compra de un Moto budget a 6 cuotas sin interés, que es lo único que podría llegar a interesarme, para lo que sobra un límite de 1 palo (tampoco es que lo quiera poner tan bajo, no soy Scrooge).

Incluso si me decís socarronamente que no se puede comprar un auto con una tarjeta, algo sobre lo que no tengo ni puta idea ni la quiero tener, todo lo anterior sigue vigente, porque si no es un auto será un cuatriciclo.

No es que yo me quiera hacer la cabeza de más, solo quiero poder decirle al ejecutivo ""mi límite es tal o cual"" para no tener que andar por la vida o bien con una sensación de falsa seguridad, o bien con la consciencia del queso gruyer que son nuestros sistemas y de que cada medida que tomás te sugiere tres nuevos problemas.",nnenneplex,merval,0,2024-12-07 14:02:25,t1_m0w3e4z,t3_1h8urb6,comment
m0xmct5,"Sí, es porque tengo miedo a tentarme y comprar muebles, está explicado en el post.",nnenneplex,merval,2,2024-12-07 18:39:34,t1_m0xlv23,t3_1h8urb6,comment
m0y18kg,"Sí, hace dos días que trato y me tira ahora no podemos pausar la tarjeta, volvé a intentar más tarde, jaja. Mucho no me sirve así. Igual es típico de todo lo de Galicia ese error, como si tuvieran alguna tara transaccional o de mensajería en el backend que no la pueden terminar de resolver, hace muchos meses me pasa de manera random.",nnenneplex,merval,1,2024-12-07 20:02:25,t1_m0y0987,t3_1h8urb6,comment
m0z5hsu,O me compro el helicóptero yo y reporto fraude.,nnenneplex,merval,1,2024-12-08 00:16:44,t1_m0z441w,t3_1h8urb6,comment
m0z5c94,"Gracias por hacérmelo notar, saludos.",nnenneplex,merval,0,2024-12-08 00:15:39,t1_m0z4knk,t3_1h8urb6,comment
m0wa74z,"Básicamente así: [Visa Recargable](https://www.visa.com.ar/tu-visa/encontra-tu-tarjeta/tarjetas-prepagas/visa-recargable.html)

Es una tarjeta que le ponés fondos. Si tiene fondos funca, sino, no.

Así que le podés poner tu ""límite de consumo mensual"" que tengas ganas, ponele 1 millón de pesos cada mes, y listo.

EDIT: Agrego además que estás teniendo un miedo irracional, y sí, estás siendo un poco enfermo. Justamente las tarjetas de crédito son más seguras por este tema, porque podés desconocer las compras y autorizar las mismas.

Inclusive podés llamar a Visa y pedir que si o si exijan una autorización telefónica tuya para consumos a partir de ciertos montos, tengo entendido.",Novalith_Raven,merval,11,2024-12-07 14:21:41,t1_m0vsbfg,t3_1h8urb6,comment
m0vy3r9,"Perdón pero cual es el riesgo, qué te descontroles y te endeudes? no o tenes miedo que te roben la tarjeta??


Si es lo 2do, con las de crédito no pasa nada, conozco varios casos de gente q la puso donde no debía o directamente se la robaron/perdieron y siempre siempre te lo descuentan.",Sopenco_420,merval,5,2024-12-07 13:17:19,t1_m0vsbfg,t3_1h8urb6,comment
m0xlu4q,No hace falta parecer enfermo. Ponele límites de consumo y alertas. Para cambiar esos limites tienen que meterse en tu cuenta. Para que te generen una deuda por comprarse un helicóptero solo clonarla o registrar tus datos de la tarjeta. Ponerle limites es lo mejor.,anka_ar,merval,1,2024-12-07 18:36:41,t1_m0vsbfg,t3_1h8urb6,comment
m10wiuw,"No entiendo donde esta el riesgo. Si alguien usa de forma fraudulenta tu tarjeta, lo denuncias y no te cobran nada. Dan de baja tu tarjeta, hacen la debida investigación, y no te cobran el monto denunciado. Para eso tienen seguros 🤷🏻‍♂️

Con Galicia podes pausar las tarjetas y despausarlas cada vez que quieras usarlas si estas muuuy paranoico y no podes con la ansiedad… Es molesto de hacer pero solucionaría tu problema.",Top_Abrocoma_9760,merval,1,2024-12-08 10:04:13,t1_m0vsbfg,t3_1h8urb6,comment
m0wn5xn,"Es complicado, pero básicamente es riesgo crediticio, historial de crédito, el análisis de tus ingresos/consumos, tu historial de pagos/trabajos, y cómo estás en la AFIP / ARCA y demás sistemas de deudas.

Cuanto mejor historial tengas, más límite de asistencia te darán. Y obviamente, cuanto mayores ingresos ""en blanco"" tengas, mejor.

También hay que destacar que cada banco tiene su departamento de riesgos, algunos son más permisivos que otros, en base a su base de usuarios morosos, etc. Por ejemplo, si un banco tiene una alta tasa de morosos entre sus clientes, van a ser más exigente y dar menos límites a los clientes en general para reducir esas pérdidas. O tal vez relajan esos límites en un afán de traer más clientes, o como en el caso de OP, buscar que clientes con un buen historial estén dispuestos a endeudarse.

Sé que siempre uno dice que a los bancos les encanta que se endeuden, y es obvio. Pero lo que más les gusta es que se endeuden y PAGUEN. No sirve de nada dar límites altos y que la gente no pague. Entonces es un balance, dar los créditos y límites justos y balancear el hacer que la mayor cantidad de clientes pague. Y ahí está el depto de riesgos de cada banco.

Por último, dato de color, en general los límites de tarjetas black están en dólares, y por eso suelen ser extremadamente altos en comparación con las tarjetas platino, gold o demás.",Novalith_Raven,merval,5,2024-12-07 15:30:15,t1_m0wjy81,t3_1h8urb6,comment
m12f7nh,"Exacto!

Además, la alerta de consumo pasa siempre desde 150k creo, o sea, no se puede deshabilitar esa alerta.",Novalith_Raven,merval,1,2024-12-08 15:27:06,t1_m0xng3z,t3_1h8urb6,comment
m0w8mly,"Para mí la estás re viviendo al pedo, no sos el único con 30m de límite 

Por lo que decís ya tomas todos los recaudos necesarios con el plástico y si haces lo mismo con el teléfono (hay pines y 2FA para todo, no solo el teléfono en si) no hay muchos más riesgos",Exotic-Singer6826,merval,11,2024-12-07 14:13:12,t1_m0vtnfq,t3_1h8urb6,comment
m0xjglm,"Tenes un miedo irracional. Sobretodo si tus consumos son regulares si mañana aparece una compra rara de 2 millones denuncias y listo. Es hasta mejor que reducir el limite, te roben, y como tenes poco limite solo se puedan comprar un combo del mc que va a ser mas dificil ""discutir"" que no fue tuyo.

Tener bajo limite no va afectar que te roben o no la tarjeta",Rocarat,merval,6,2024-12-07 18:23:31,t1_m0vsfn1,t3_1h8urb6,comment
m0vr88h,"Ganas 100
Gastas 200.
No podes pagar 200
El banco gana con los intereses de:
A) si sacaste un préstamo para pagar esos 100 faltan tes
B) no pagas la tarjeta y te come los intereses de la tarjeta
C) haces el pago mínimo y te mete un interés más grande que una casa.

El banco es ""la casa"" y la casa nunca pierde",Living_View_9046,merval,3,2024-12-07 12:39:25,t1_m0vqf55,t3_1h8urb6,comment
m0vsaov,"Creo que te estas complicando mucho la existencia, si no metes la tarjeta en cualquier lado y no salis con el plástico, no tiene ningún tipo de sentido tu extremada preocupación.

Si no tenes beneficios por el upgrade, baja de nível al que te rinda. Sino, la otra opción si no estas usando los beneficios del galicia, saca una tarjeta de crédito en otro lugar (creo que en uala es gratis o bonifica el mantenimiento con otras cosas) y usa esa tarjeta con un límite más bajo.

Yo tengo una cuenta con un monto elevado en BBVA y la tarjeta de crédito básica del galicia, entonces me muevo con la del galcia para todo",Living_View_9046,merval,7,2024-12-07 12:45:21,t1_m0vqpuj,t3_1h8urb6,comment
m0wbikq,"De nuevo, como empleado de un banco, esas ""spammy"" que decís a veces son regulatorias y DEBEN notificarte.

No tenés idea la cantidad de gente que no lee esas notificaciones y luego se queja por no haber sido notificado de algo importante.

Ya que te gustan los términos en inglés, estás comentando un clásico ""white-(rich)-people problem"".

Te garantizo lo que quieras que el límite que te pusieron no es una salvajada al lado de lo que puede existir. Y, como te dije en otro lado, no van a poder hacer un consumo que sea 3x años tus consumos sin una verificación tuya.

Igual, entiendo tu caso, y también entiendo que podés insistirle al ejecutivo para que vean qué pueden hacer. Pero tu línea de asistencia es la que ya tenés, pueden redistribuirla entre otros productos tal vez, pero veo raro que la bajen. Pero no perdés nada con preguntar e insistir.",Novalith_Raven,merval,2,2024-12-07 14:28:42,t1_m0vx5c4,t3_1h8urb6,comment
m0vz4xe,"Si es instantáneo ambas, pausar y quitar pausa, la app si tiene sus temas, ahora principalmente con lo que es gestion de inversiones pero la pausa de tarjetas funciona también en las de débito (yo tengo 2 tsrjetas de débitos y una con limite de compra y Extracción alto pero pausada)",Opening-Ad-2494,merval,2,2024-12-07 13:22:55,t1_m0vxoaj,t3_1h8urb6,comment
m0whbvk,"Oka, suerte con eso entonces",SanD-82,merval,2,2024-12-07 14:59:38,t1_m0w6loc,t3_1h8urb6,comment
m0w8up9,"\> algo sobre lo que no tengo ni puta idea ni la quiero tener, todo lo anterior sigue vigente, porque si no es un auto será un cuatriciclo

Además, si en el folleto del plan aclararan que si el monto es de tanto o cuanto te va a llegar un pedido de autorización, aun cuando no me identifiquen por la retina, más o menos me quedaría conforme. Pero el 90% del contenido de los folletos son fotos de gente feliz, ilustraciones minimalistas de esa gente haciendo aladelta con laptops,  y slogans que te hacen sentir premium, premier, eminent o black. Hay más información sobre seguridad en aplicaciones para armar listas de compras que en aplicaciones bancarias. Y los asesores tampoco ofrecen precisiones.",nnenneplex,merval,1,2024-12-07 14:14:25,t1_m0w6loc,t3_1h8urb6,comment
m0xpcbg,"Yo me mande las macanas que me tenía que mandar cuando tenía un límite bajo, igual siempre pagué y nunca me excedí de mis ingresos. Ahora tengo limite más alto, de igual manera me gustaría tener mucho más, solo lo usaría si voy a hacer una inversión o comprar bienes que aumenten mi productividad o reduzcan mi costos de manera significativa. Por ejemplo me quiero armar una buena compu para usar para mi trabajo, en cuotas pero con el respaldo de ahorros atrás… y en espera de una promoción buena con descuentos.

Lo que te recomiendo es que comiences a anotar tus gastos, tus ingresos, y proyectes tus inversiones y tus futuras adquisiciones grandes, para lograr esos objetivos, vas a ser cuidadoso a la hora de usar tu tarjeta.

Otra reco, solo comprar con la tarjeta con la plata que tenes, cobraste hoy? Pagas con la tarjeta, pones la plata en plazo fijo, cuenta remunerada, y pagas al mes siguiente. Te quedas con las ganancias. 
Si te compras una zapatilla? 100k en 3 cuotas…
Tenes los 100k lo invertis en renta fija y lo vas pagando mes a mes.

En el caso de que quieras renovar tus muebles, compras el mueble, en cuotas, vendes el viejo, lo invertis en renta fija y vas pagando todos los meses vendiendo tus posiciones para pagar la cuota. 

Nunca comprar sin respaldo, esa es la única condición para usar bien la tarjeta. 
Presupuesta tus gastos mensuales, si ves que estás gastando un mes demasiado en ropa al mes siguiente lo podes corregir. 
Es fácil pivotar cuando sabes lo que haces. 
Éxitos",Spiritual_Bottle_926,merval,2,2024-12-07 18:55:48,t1_m0xmct5,t3_1h8urb6,comment
m0z5uta,"Estacionalo en mi patio
Después lo llevamos a una chatarrera y vendemos por kilo",SigridRomanoff,merval,1,2024-12-08 00:19:15,t1_m0z5hsu,t3_1h8urb6,comment
m0xg1kq,"Ojala fuera tan facil desconocer una compra.

Existen riesgos de que no te tomen el desconocimiento.
No es habitual pero pasa. Y cuando pasa por un monto que te es significativo te queres matar.

Igual comparto de que esta paranoico. Con esa vision no salis de tu casa.

Yo no largo la tarjeta de credito (solo posnet enfrente mio). Hasta ahi llego. Si me estafan me estafan",faby_nottheone,merval,3,2024-12-07 18:04:42,t1_m0wa74z,t3_1h8urb6,comment
m0wakhf,"Che, interesante esto, me gustó, lamentablemente no la emite Galicia :(. Pero sería más como un débito, no? Entiendo que los fondos los tenés que precargar (?)",nnenneplex,merval,1,2024-12-07 14:23:41,t1_m0wa74z,t3_1h8urb6,comment
m0vyjal,"Mi temor es no detectar el fraude a tiempo (y sé que con esfuerzo lo puedo hacer, pero con esfuerzo también puedo cavar pozos para taparlos después, y quedan que ni se nota...) y después, si el monto es desmesurado, no me la hagan fácil (y tenga que cavar otro pozo).",nnenneplex,merval,-1,2024-12-07 13:19:38,t1_m0vy3r9,t3_1h8urb6,comment
m0xm46k,"Como dice el post, no se pueden cambiar los límites.",nnenneplex,merval,1,2024-12-07 18:38:13,t1_m0xlu4q,t3_1h8urb6,comment
m0wse41,"Buena información!

\> en general los límites de tarjetas black están en dólares

Tengo esperanza de que se licúe rápido el límite entonces :P",nnenneplex,merval,1,2024-12-07 15:57:11,t1_m0wn5xn,t3_1h8urb6,comment
m12csdp,Es verdad que el día 10 actualizan los límites de las tarjetas de credito por las navidades?,Ok_Entertainer_1565,merval,1,2024-12-08 15:14:46,t1_m0wn5xn,t3_1h8urb6,comment
m12i3qf,"la alerta de consumo al menos en el Santander la podes setear en $/usd 1. 

basicamente el otro dia pague algo de $125 con MODO que usa la de credito y me salio el alerta.

(me habia olvidado la billetera)",gustavsen,merval,1,2024-12-08 15:41:35,t1_m12f7nh,t3_1h8urb6,comment
m0w9glg,"Gracias, tengo mi propia apreciación de los riesgos y el tema del ""slippery slope"" también me hace ser un poco más estricto con cada uno en particular, porque se vuelve casi imposible controlar las interacciones de todos en conjunto. No quita que algo recalibre a partir de otros juicios y experiencias que reporten acá.",nnenneplex,merval,1,2024-12-07 14:17:42,t1_m0w8mly,t3_1h8urb6,comment
m0xkmsj,"Vos decís que si aparece una compra rara de un coche a los 5 minutos tengo el reintegro? Me llaman para pedir disculpas y me mandan un Trumpeter en caja también?  Gracias, dejame con mi irracionalidad de no querer correr riesgos por algo que no necesito en absoluto. Ni siquiera tengo interés en ponerme a investigar por arriba de qué monto me notificarían, de qué forma validarían la compra, etc. Me sorprende sinceramente que sea tan difícil de entender. Así como vos ves irracional lo mío, a mí me parece ridícula la cruzada defendiendo al banco por no permitir que uno controle los propios límites, cuando hablamos de cifras importantes y de créditos que ni siquiera fueron solicitados, en lugar de tener que estar corriendo atrás del problema, como si cada pelotudez de estas no agregara otra de esas ""pavadas"" de las que se termina componiendo el día.",nnenneplex,merval,-9,2024-12-07 18:30:01,t1_m0xjglm,t3_1h8urb6,comment
m0wdwp4,"\> De nuevo, como empleado de un banco, esas ""spammy"" que decís a veces son regulatorias y DEBEN notificarte.

No, amigo, no te quiero bardear, no tengo problema con que seas bancario, yo trabajé en adtech y cosas peores, pero Galicia te manda contenido promocional de vez en cuando aunque apagues las notificaciones comerciales. Igual, hace muchos meses que lo silencié, quizás mejoraron esa política con el tiempo.

\> estás comentando un clásico ""white-(rich)-people problem"".

Obvio, si me preocupa el límite es porque me dan crédito y porque soy solvente. Pero soy de ascendencia asiática, no sé si eso legitima mi problema?

\> no van a poder hacer un consumo que sea 3x años tus consumos sin una verificación tuya

Ok, gracias por el dato.",nnenneplex,merval,2,2024-12-07 14:41:22,t1_m0wbikq,t3_1h8urb6,comment
m0w0bxp,"Sí, lo de inversiones es un muerto, cada tantos meses miro los progresos de Galicia y reconsidero empezar a mover algunos fondos desde brokers, pero en un rato desisto y me agendo una notificación para volver a probar en tantos meses.",nnenneplex,merval,1,2024-12-07 13:29:24,t1_m0vz4xe,t3_1h8urb6,comment
m0xq24o,Gracias por los consejos.,nnenneplex,merval,2,2024-12-07 18:59:44,t1_m0xpcbg,t3_1h8urb6,comment
m0z61pg,Jajaja si me alcanza te llevo la play en el helicóptero.,nnenneplex,merval,3,2024-12-08 00:20:36,t1_m0z5uta,t3_1h8urb6,comment
m12f1v0,"Hoy día es mucho mas fácil que antes desconocer la compra, pero si, puede pasar que ""no pase"".",Novalith_Raven,merval,1,2024-12-08 15:26:17,t1_m0xg1kq,t3_1h8urb6,comment
m0wd2p3,"Así es, pero como les precargás vos, vos tenés el control. Raro que Galicia no las tenga....

Y es como una fusión crédito/débito; te permite usarla en todas las situaciones que usarías una de crédito (creo que no permite pagar en cuotas, sin embargo), pero funciona con fondos como la de débito.",Novalith_Raven,merval,2,2024-12-07 14:36:54,t1_m0wakhf,t3_1h8urb6,comment
m12mh1q,"lo más fácil es abrirte una cuenta de mercadopago o personal pay o uala, y pedirte la tarjeta de ellos q funciona con plata en cuenta",-riddler,merval,2,2024-12-08 16:03:49,t1_m0wakhf,t3_1h8urb6,comment
m10o5r3,Galicia las tiene hace más de 20 años. Son las visa regalo,acanis73,merval,1,2024-12-08 08:45:57,t1_m0wakhf,t3_1h8urb6,comment
m0w07aw,"Hace poco me metieron un fraude de 1.5M de varias transacciones y Visa me lo soluciono en pocos dias, simplemente reportandolo desde la pagina. Tambien desde el Galicia. Es el unico fraude que tuve en mas de 10 años con el banco.

Revisa tus resúmenes y solucionado el problema.",GameDev763,merval,5,2024-12-07 13:28:42,t1_m0vyjal,t3_1h8urb6,comment
m0wqft9,"Estas haciendo el problema mas grande de lo que realmente es. Te doy un consrjo, tomalo o déjalo, activa las notificaciones (te avisa al instante de cualquier gasto con tu tarjeta de debito y credito), literal si te llega un gasto y lo desconoces al toque, ni siquiera tenes que pagarlo (ydespues te lo devuelven), sino que te lo eliminan antes de que cierre tu tarjeta",lucvl22,merval,3,2024-12-07 15:47:03,t1_m0vyjal,t3_1h8urb6,comment
m0w3h5l,"Desde que te llega el resumen tenes 30 días para reclamar, tampoco es que tenes q estar vigilando todo el tiempo. Y si activas las notificaciones, te avisa en cada consumo.


Igual no te quiero convencer de nada jaja, es para darte tranquilidad nomas. Si no te deja dormir por las noches, dale para adelante nomas",Sopenco_420,merval,2,2024-12-07 13:46:03,t1_m0vyjal,t3_1h8urb6,comment
m0wtqdd,"Tengo activadas las notificaciones de consumo, lo más que puedo tardar en enterarme de un fraude es 8 horas que es el tiempo que paso durmiendo. La verdad es que los bancos lo tienen bastante aceitado y no hay muchas chances de que te hagan pagar esa plata si te llegan a robar la tarjeta.",alastrid,merval,2,2024-12-07 16:04:17,t1_m0vyjal,t3_1h8urb6,comment
m0w0vx8,"Tampoco hace falta tanto esfuerzo para detectarlo, habilitas las alarmas de consumo y si salta alguna rara lo denuncias.",[deleted],merval,1,2024-12-07 13:32:21,t1_m0vyjal,t3_1h8urb6,comment
m0w9ftv,"Como te dijeron, las tarjetas de crédito es mas fácil el tema fraude, porque entre que el costo aparece y tenés que pagarlo, pasan días y tenés tiempo para hablar con Visa.

Además, como te dije arriba, tenés el aviso de consumo para alertarte de estas cosas.

Y, por último, si sos cuidadoso con la tarjeta la chance se reduce muchísimo.",Novalith_Raven,merval,1,2024-12-07 14:17:35,t1_m0vyjal,t3_1h8urb6,comment
m13k7dy,"Podes pausar la tarjeta, es una paja pero es otra opción, yo lo hago con la de debito más que nada",mauricioezequiel,merval,1,2024-12-08 19:01:30,t1_m0vyjal,t3_1h8urb6,comment
m0xmdmy,"Lo sé, se pueda o no, no te persigas pensando que sos un loquito o alguien que no puede controlar gastos. Son cosas re normales y sanas de hacer. Que Galicia no lo permita es malísimo.",anka_ar,merval,1,2024-12-07 18:39:41,t1_m0xm46k,t3_1h8urb6,comment
m12fa6u,No que yo sepa.,Novalith_Raven,merval,1,2024-12-08 15:27:27,t1_m12csdp,t3_1h8urb6,comment
m12jmp9,"Si, pero lo que me refiero es que tiene un valor máximo, que no podés obviar. Siempre te van a avisar con un consumo de 150k+, si no me equivoco.",Novalith_Raven,merval,1,2024-12-08 15:49:17,t1_m12i3qf,t3_1h8urb6,comment
m0y4fy0,"> Vos decís que si aparece una compra rara de un coche a los 5 minutos tengo el reintegro?

Lo vas a tener muchisimo mas rapido que si te la roban (lo cual no depende de tu limite) y la usan para comprar un litro de leche o un combo en el mc. Lo que tenes es un miedo irracional, y por alguna razon pensas que es menos probable que te roben la tarjeta (algo que de por si tiene muy baja probabilidad de pasar) si tenes un limite mas bajo.",Rocarat,merval,4,2024-12-07 20:21:15,t1_m0xkmsj,t3_1h8urb6,comment
m0z7qbf,Pero quien va usar tu tarjeta mas que el dueño osea vos. No tiene sentido tener tanto miedo si la tarjeta no se despega de tus ojos y manos.,d4nit0,merval,1,2024-12-08 00:32:28,t1_m0xkmsj,t3_1h8urb6,comment
m0wevc5,"Si si, entiendo totalmente lo de ser ""spammy"" como te dije en otro comentario. Laburo en marketing y todos los días intentamos ver cómo spammear menos pero es imposible, porque luego recibimos quejas enormes de la gente que no se entera del contenido promocional. Es un balance muy complicado de hacer, y no hay forma de dejar a todos los clientes contentos, ni a la mayoría tampoco.

No soy del Galicia, pero asumo que, como en mi banco, están trabajando en mejorar la ""granulidad"" de esa clase de notificaciones, por ejemplo, decir que querés notificaciones en promos en combustible y no en promos de indumentaria, etc.",Novalith_Raven,merval,1,2024-12-07 14:46:32,t1_m0wdwp4,t3_1h8urb6,comment
m0z6zi9,"Nunca nadie se preocupo tanto por mi, buscaba un financista y termine encontrando un hermano",SigridRomanoff,merval,2,2024-12-08 00:27:15,t1_m0z61pg,t3_1h8urb6,comment
m0w37yo,"A mi tío,señor mayor, le sacaron 2 extensiones y le hicieron compras por casi 1 millón hace poco más de un año, le reconocieron apenas $300mil, porque muchas compras fueron en forma presencial. Nadie pudo saber cómo el banco dio dos extensiones por home banking como si nada. Tuvo que sacar un préstamo y pedir plata a sus hermanas para acomodar el desastre así que no está mal la paranoia de OP.

No es el único caso que conozco.",pixieok,merval,3,2024-12-07 13:44:44,t1_m0w07aw,t3_1h8urb6,comment
m0w0ory,"Es que, como está configurado, si fueran 1.5M me consideraría sumamente afortunado.",nnenneplex,merval,-3,2024-12-07 13:31:18,t1_m0w07aw,t3_1h8urb6,comment
m0wqrms,"Ok, voy a probar por un tiempo. El problema lo hizo más grande el banco, mi solución era muy simple.",nnenneplex,merval,2,2024-12-07 15:48:48,t1_m0wqft9,t3_1h8urb6,comment
m0w1kis,"Como comentaba en otro lado, eso implica revisar mis políticas de DND, tolerar el eventual mensaje spammy de Galicia, quizás en medio de una clase o reunión, etc. Conozco la tecnología, sé configurar excepciones, controlar lo más fino posible las notificaciones, etc. No quiero ser anal, pero me meten el dedo en el orto con estas complicaciones que no pido.",nnenneplex,merval,1,2024-12-07 13:35:59,t1_m0w0vx8,t3_1h8urb6,comment
m0wa1lk,"\> el costo aparece y tenés que pagarlo, pasan días y tenés tiempo para hablar con Visa

Puedo equivocarme, pero entiendo que en este punto al vendedor ya se le pagó, el daño está hecho y el problema es quién se hace cargo. Que yo haya pagado o no la primera cuota es irrelevante, salvo que quiera defaultear la tarjeta, que no quiero. Sobre la verdadera aplicación de zero liability no tengo mucha más información que la anecdótica que puedo recoger en discusiones como esta.",nnenneplex,merval,1,2024-12-07 14:20:51,t1_m0w9ftv,t3_1h8urb6,comment
m0yg1ak,"Tenés razón, lo racional sería preocuparse por el litro de leche, amigo.",nnenneplex,merval,-8,2024-12-07 21:32:19,t1_m0y4fy0,t3_1h8urb6,comment
m0z854u,"Lo que no tienen sentido es que me downvoteen porque alguien responde exactamente lo que puse en negritas que no era el punto del post, solo de canchero. Con respecto a tu inquietud, avisale a la industria del fraude que mueve billones al año que en realidad están viviendo una fantasía.",nnenneplex,merval,1,2024-12-08 00:35:22,t1_m0z7qbf,t3_1h8urb6,comment
m0wgoz1,"Te creo que no es fácil, como tampoco es fácil balancear simplicidad y prestaciones de la aplicación, y entiendo que no podés poner un panel de control con quinientas perillas por mucho que a mí me encantaría. Pero lo de no poder limitar el crédito de tu lado es un dark pattern, si me permitís la expresión.",nnenneplex,merval,0,2024-12-07 14:56:16,t1_m0wevc5,t3_1h8urb6,comment
m0wij9q,"así el límite sea de 100 millones, si ves que de resumen te viene siempre 1 millón y in día te viene 10 millones, llamas decís fraude y lo revisan y devuelven la guita.
para eso están los seguros que te cobran.

tenes una preocupación que no tiene sentido. ya que estas asegurado para si eso pasa",roberp81,merval,3,2024-12-07 15:05:58,t1_m0w0ory,t3_1h8urb6,comment
m0w9v35,"Entiendo que no quieras decir el monto, pero no des vueltas. Te estamos dando bastante soluciones, y no te creas que ni por lejos Visa te va a autorizar un consumo de 33 millones, por ejemplo, sin una verificación tuya.",Novalith_Raven,merval,2,2024-12-07 14:19:53,t1_m0w0ory,t3_1h8urb6,comment
m10ulfr,"Pero no te viene nada bien amigo, además estas medio paranoico me parece",FranBachiller,merval,4,2024-12-08 09:48:05,t1_m0w1kis,t3_1h8urb6,comment
m0w6x4t,"Las alertas vienen directo de Mastercard o visa, que no mandan mails spam. Podes habilitar notificaciones solo para esos mails. Y no hace falta tolerarlo en una reunión o clase, la pones sin ruido y la ves cuando puedas.",[deleted],merval,3,2024-12-07 14:04:06,t1_m0w1kis,t3_1h8urb6,comment
m0w9p6j,"Y podés poner notificaciones a partir de X monto, para que no te jodan con boludeces.

Y no entiendo el tema de ""spammy"" si decís que la usás poco.... y si la usás vos, sólo tendrías notificaciones de tus propios consumos, así que si tenés una notificación de consumo en un momento que vos no lo hayas usado, es claramente alerta, lo que hace que la notificación sea aún mas valiosa.",Novalith_Raven,merval,2,2024-12-07 14:18:59,t1_m0w1kis,t3_1h8urb6,comment
m0wdv72,"Masomenos. Al vendedor no se le pagó, en eso estás bastante equivocado. Demora varios días en pagarse al vendedor. En un hipotético caso, el que más perjudicado sale suele ser Visa mismo.

Y como dijiste, el resto son anécdotas. Trabajando en un banco te puedo decir que la enorme mayoría de los conflictos como estos fallan a favor del cliente, por razones obvias.

Por otro lado, me parece curioso que digas que no ""querés estar atento"", cuando claramente estás muy atento a otras cosas financieras. Ingresar a tus consumos con tarjeta de crédito una o dos veces por semana para ver algo raro no es tan demandante, y mucho menos si activás las alertas a partir de cierto monto (por ejemplo, 100k, cosa que no va a saltar con tus consumos de  café instantáneos, yerbas y fideos en COTO). ¿O nunca revisás las alertas de tus brokers u otras aplicaciones?

Entonces sabés que cuando llegue una alerta, es por algo, y lo podés atender.

Por último, de nuevo trabajando en un Banco también y en el tema Marketing, entiendo totalmente que a veces son medio spammy con las notificaciones, especialmente de promos y eso...",Novalith_Raven,merval,2,2024-12-07 14:41:09,t1_m0wa1lk,t3_1h8urb6,comment
m0zo4h3,"Y ¿que vas a hacer para evitar el fraude? Ya que eso te preocupa mucho al parecer. ¿Vas a manejarte solo con efectivo? También te pueden asaltar y llevarte todo el efectivo.
En otro comentario puse que la tc 💳 de uala no tiene datos visibles solo tu nombre y la fecha de vencimiento para ver los datos tenes que verlos en la app. Y si por alguna razón te la roban podes congelarla en la app. Lo único que tiene de malo son su soporte. Te recomiendo que no te hagas tanto la cabeza para vivir tranquilo más que todo.",d4nit0,merval,1,2024-12-08 02:30:18,t1_m0z854u,t3_1h8urb6,comment
m0xhe9z,"Vivo en España y tengo Santander. Acá primero que es raro que la gente use TC, y aparte tenés que poner un PIN cada 50 euros de consumo, por lo que es difícil que te puedan hacer un consumo grande.

Más allá de eso, sí me deja bajar el límite de la tarjeta desde la app, con un par de clics. Es raro que en Argentina no te lo permitan",grimgroth,merval,2,2024-12-07 18:12:10,t1_m0wgoz1,t3_1h8urb6,comment
m0wm9bk,"Eso de las ""perillas"", es a lo que estamos apuntando, por lo menos donde trabajo yo.

En lo otro, disiento. No me parece algo malo que tengas crédito, cae en vos cómo utilizarlo, o si querés utilizarlo. Quizá algún día en el futuro quieras comprarte ese helicóptero, y te va a servir el crédito (?).

Como bien dijiste, tenés ese crédito por tener un buen historial crediticio. Hay gente que se desvive por eso. Y tenerlo es más seguro de lo que parece que apreciás, pero te di varios ejemplos para ver cómo limitarte, o inclusive hacer la opción ""nuclear"" y directamente dar de baja la tarjeta de crédito y ya.

Creo que si insistís alguna solución el banco te podrá dar, ya sea redistribuyendo tu línea de asistencia, o bajándote el límite.

Por lo pronto, sugiero vayas por la opción ""menos peor"", pongas alertas de consumo, y cuides tus cosas. Entiendo el riesgo que temés, pero es lo mismo que comparte un celular. Hoy día todo es una ""puerta"" para una estafa, por eso hay que estar mas atento que antes. Es parte de la vida digital, y es lógico querer cerrar la mayor cantidad de puertas.",Novalith_Raven,merval,1,2024-12-07 15:25:29,t1_m0wgoz1,t3_1h8urb6,comment
m0wiwna,Gracias por confirmarlo.,nnenneplex,merval,0,2024-12-07 15:07:58,t1_m0wij9q,t3_1h8urb6,comment
m0wfvsw,"\> Al vendedor no se le pagó,

Por ahí yo debería haber dicho ""el producto ya se entregó"", que es el daño hecho.

\>  la enorme mayoría de los conflictos como estos fallan a favor del cliente

Gracias por el dato, voy a sesgar un poco mi a priori hacia el optimismo, aunque no veo las razones tan obvias como vos, en otras discusiones decían que suelen apretar al vendedor que es responsable por no haber pedido autenticación correctamente.

\> Por otro lado, me parece curioso que digas que no ""querés estar atento"", cuando claramente estás muy atento a otras cosas financieras.

Quiero estar atento a lo que me interesa, no a complicaciones espurias por haber habilitado un nivel de crédito desorbitado. En mi casa tengo una puerta con cerradura Pentágono, me informé para comprarla, pero no abrí tres puertas más por si un día me pinta entrar por el baño o el lavadero.

\> O nunca revisás las alertas de tus brokers u otras aplicaciones

Reviso las de mis brokers porque me mandan información que me interesa.",nnenneplex,merval,-1,2024-12-07 14:51:55,t1_m0wdv72,t3_1h8urb6,comment
m0zqrsc,"Con poner un límite que me deje comprar dos macbooks en vez de un helicóptero estoy conforme, no es tan difícil, dejen de darle vueltas, lo dije cinco millones de veces, no es una sesión de terapia.",nnenneplex,merval,1,2024-12-08 02:51:33,t1_m0zo4h3,t3_1h8urb6,comment
m0wpekl,"\> No me parece algo malo que tengas crédito

Como puse en el post ""agradezco que el banco me tenga tanta confianza"". La actitud del banco de abrir una caja de ese tamaño, a todo o nada, me parece reprobable. Es como si me prestaran un billete de usd 100 para ir a comprar un caramelo y si me lo roban lo tengo que reponer yo. Me pueden asegurar que es un barrio muy tranquilo, o que por ahí hablando la gente se entiende y se hace cargo el tío que me lo prestó, pero permítaseme dudar porque no soy de la zona y este señor no es mi tío. Igual, como te dije en otros comentarios, voy tomando nota de los ""tranqui, que no pasa nada"". En una de esas sí es mi tío.",nnenneplex,merval,1,2024-12-07 15:41:50,t1_m0wm9bk,t3_1h8urb6,comment
m0wlf97,"Si, el vendedor debió pedir autenticación correctamente. Por eso vender ""como si nada"" es un riesgo.

Y, como bien dijiste, si recibís una alerta de consumo en tu tarjeta de crédito, es una información que te interesa. ¿O no? Más si llega a ser fraudulenta...",Novalith_Raven,merval,2,2024-12-07 15:21:06,t1_m0wfvsw,t3_1h8urb6,comment
m0wn01q,"\>  si recibís una alerta de consumo en tu tarjeta de crédito, es una información que te interesa

En este punto la estamos alargando mucho. El problema es no poder bajar el límite, todo lo demás viene arrastrado por una política -desde mi punto de vista excesiva- del banco. Volviendo a la analogía de las puertas, sí, si pongo una puerta de entrada en el techo, me va a interesar la información de si alguien se descuelga desde ahí, por eso no la pongo.

Después viene el tema de que, además, se mezclarían los avisos con otra info-shminfo que no puedo filtrar bien, pero es algo secundario, olvidate, si quisiera semejante límite me sentiría agradecido de tener las notificaciones, aunque vinieran con un poco de ruido.",nnenneplex,merval,0,2024-12-07 15:29:23,t1_m0wlf97,t3_1h8urb6,comment
m13hhgc,"Me imagino que tu mejor opción es cripto, pero no sé como será la movida allá para sacar la plata.",HoloxReddit,merval,9,2024-12-08 18:46:30,t3_1h9tlkh,t3_1h9tlkh,comment
m13kyib,"Binance, se crea la cuenta allá super simple, tu te la creas acá supeeeer simple. la cargas en usdt y le transfieres por Pay. ademas es la forma en que le va a llegar el dinero al mejor cambio sin comisiones, lo vende en binance y le depositan en su cuenta. Por otro lado, hay centenares de personas (venezolanos) que se dedican a cambiar dinero de pesos a Bolivares pero se llevan un 4%. PD: soy venezolano en argentina.",ronnin4,merval,9,2024-12-08 19:05:42,t3_1h9tlkh,t3_1h9tlkh,comment
m13lsz2,"Es un tema recurrente o de unica vez?

Si es recurrente usa ontop si es unica vez cripto o western union",neopet21,merval,3,2024-12-08 19:10:22,t3_1h9tlkh,t3_1h9tlkh,comment
m14bpld,Saldoar,Cazador4ever,merval,3,2024-12-08 21:42:23,t3_1h9tlkh,t3_1h9tlkh,comment
m15fim3,">Se que la situacion entre paises es tensa 

Entre gobiernos quiza. entre paises ni cerca. 

La mejor opcion es cripto, o si tienes acceso a una cuenta estadounidense, decirle a tu amigo que consiga a alguien que pueda recibir Zelle. 

La tercera alternativa, y por lo general confiable, es una ""cueva"" especializada en resolver este problema para los venezolanos (ej. Remeurquiza, pero hay un monton, solo que ellos son confiables y atienden bastante bien en mi experiencia personal).",AsadoBanderita,merval,3,2024-12-09 02:04:21,t3_1h9tlkh,t3_1h9tlkh,comment
m13j0s7,"Crypto, buscate un tutorial en youtube de cómo usar ""Binance P2P"", te va a servir para vos meter la plata en Binance, luego mandársela dentro de Binance, y luego que esa persona la saque desde su cuenta de Binance mediante P2P otra vez.",Loose-Grapefruit-516,merval,2,2024-12-08 18:54:56,t3_1h9tlkh,t3_1h9tlkh,comment
m13kkn0,"cripto o western union, salvo que la persona te acepte Paypal, pero es medio raro que quieran por las comisiones de Paypal",AbleInvestment2866,merval,2,2024-12-08 19:03:32,t3_1h9tlkh,t3_1h9tlkh,comment
m13lsqr,"Western Union cobra 5% de comision. Si pagas con Mercadopago o similar, te pueden cobrar un adicional... La otra es cripto...",Additional-Gap6569,merval,2,2024-12-08 19:10:20,t3_1h9tlkh,t3_1h9tlkh,comment
m1418bk,"Por binance podés hacer compras P2P de alguna crypto (creo que se usaba usdt para eso) y se la mandas directo a la cuenta de binance de esa persona para que la venda y cambie allá. P2P es cuando dentro de la plataforma le compras a otro usuario, vos le transferís desde tu cuenta bancaria a la suya y el otro te pasa la crypto desde su binance al tuyo. 


Si no, la otra alternativa es x Western Union, que sigue andando normal. Tenés que tener nombre completo y DNI de la persona a la que vas a mandarle, si te preguntan si es un conocido decile que si, que es familia (se atajan para que los clientes no caigan en estafas). Lo único, es que los Western Union de Venezuela estaban dejando sacar de a 100 dólares x día, así que el monto que querés mandar es mayor a eso, tiene que estar dividido en varias transferencias de a 100.",Angry_argie,merval,2,2024-12-08 20:39:52,t3_1h9tlkh,t3_1h9tlkh,comment
m15gt7n,"Hola buenas noches... Tengo la misma situación tuya y hago lo siguiente: mis viejos vivieron acá 3 años conmigo por lo que sacaron DNI permanente y todo eso.. tienen cuenta en brubank con tarjeta de débito gratis, les paso dólar MEP y ellos hacen las compras en Venezuela sin problemas... Te sugiero que abras una cuenta brubank ( es gratis y la verdad la plataforma es buenísima) saques tu tarjeta de débito, se las mandes a tus viejos y ellos que hagan las compras de ahí... 

O también me funciona: mandar dinero por saldo.ar , es seguro, es confiable pero tardan un montón en transferir, 2-3 días...

Cualquier otra duda escribeme que te doy una mano... Abrazo paisano...",elfran3000,merval,2,2024-12-09 02:14:35,t3_1h9tlkh,t3_1h9tlkh,comment
m13o595,"hay algunos venezolanos que les das pesos acá y ellos allá depositan bolívares, es una opción si no manejas cripto, en micro centro hay varios",358204,merval,1,2024-12-08 19:23:28,t3_1h9tlkh,t3_1h9tlkh,comment
m13pq8l,"Busca megaenvios, están en recoleta.",pablogre,merval,1,2024-12-08 19:32:21,t3_1h9tlkh,t3_1h9tlkh,comment
m140dab,"Hay miles de opciones, gente que manda, binance, Western Union...",Okkar4,merval,1,2024-12-08 20:34:42,t3_1h9tlkh,t3_1h9tlkh,comment
m148e0r,Asesorate bien si estás por mandar por cripto,Puzzleheaded_Wish799,merval,1,2024-12-08 21:22:34,t3_1h9tlkh,t3_1h9tlkh,comment
m14g67e,"Hola, podés usar Belo. Tiene envíos a muuuuchos países",Objective-Duck8382,merval,1,2024-12-08 22:09:51,t3_1h9tlkh,t3_1h9tlkh,comment
m156qwn,Llevasela en persona,letiori,merval,1,2024-12-09 01:00:21,t3_1h9tlkh,t3_1h9tlkh,comment
m2ff7zr,Ha habido actualización con este tema? No existe alguna aplicación que me permita directamente pasar pesos a bolivares y transferir a una cuenta en Bolívares en Venezuela (sin pasar por Crypto)?,Plastic_Wasabi_3914,merval,1,2024-12-16 22:50:04,t3_1h9tlkh,t3_1h9tlkh,comment
m13ii6y,"Amigo, quien me downvoteo? Es re benigna la pregunta jajajaja",VonPhoronngo,merval,0,2024-12-08 18:52:06,t3_1h9tlkh,t3_1h9tlkh,comment
m13imn0,"Soy medio queso con el tema criptos, pero podría intentarlo",VonPhoronngo,merval,2,2024-12-08 18:52:47,t1_m13hhgc,t3_1h9tlkh,comment
m13oj54,"Muchas gracias, amigo. Estuve renegando un monton para pasar plata. Ahora estoy aprendiendo a usar la app, ya le voy a agarrar la mano.",VonPhoronngo,merval,2,2024-12-08 19:25:39,t1_m13kyib,t3_1h9tlkh,comment
m1437nv,"Yo uso esta opción...
Pero si no es algo que harás habitual haz una tranferencia en esas cada de tranferencia de venezolanos",RefrigeratorWild7241,merval,1,2024-12-08 20:51:38,t1_m13kyib,t3_1h9tlkh,comment
m13jgcw,"Gracias, como ya dije en otro comentario, soy de madera cuando se trata de criptos. Pero bueno, me parece que no me queda otra opcion jajaja",VonPhoronngo,merval,1,2024-12-08 18:57:22,t1_m13j0s7,t3_1h9tlkh,comment
m13osh6,"Gracias, justo antes de preguntar por acá me había descargado Wester Union pero no me daba mucha confianza (no se por que, la verdad). Pero bueno, probaré",VonPhoronngo,merval,1,2024-12-08 19:27:05,t1_m13lsqr,t3_1h9tlkh,comment
m1gbykq,"Gracias, amigo",VonPhoronngo,merval,2,2024-12-10 22:07:49,t1_m1418bk,t3_1h9tlkh,comment
m1gbs5j,"Mmm y es viable? Digo, pueden cagarte?",VonPhoronngo,merval,2,2024-12-10 22:06:45,t1_m13o595,t3_1h9tlkh,comment
m1gc6wd,"Sisi, no tengo mucho entendimiento en el tema. Pero me estoy asesorando y aprendiendo. Quien sabe? Tal vez me termine metiendo mas en esa jajaja. Gracias igual por la advertencia",VonPhoronngo,merval,2,2024-12-10 22:09:14,t1_m148e0r,t3_1h9tlkh,comment
m169xnu,"Debe ser xq ya lo preguntaron kichicientas veces, y te está reclamando q busques antes de preguntar al pedo...",InevitableBit2367,merval,1,2024-12-09 07:19:07,t1_m13ii6y,t3_1h9tlkh,comment
m13pbpn,Tenes una cuenta en venezuela a tu nombre?,Outrageous-Builder31,merval,2,2024-12-08 19:30:06,t1_m13oj54,t3_1h9tlkh,comment
m14hs9x,"Busca remesas, depende donde estés pero si estas en buenos aires básicamente en cualquier ciudad hay algún venezolano que hace remesas de pesos a bolívares o dólares en vlza.

Te cobra su comisión pero suelen ser rápidos y es lo más fácil.

Después bueno si no querés pagar comisiones te vas por la vía binance crypto pero la gente que reciba allá tiene que saber como sacarlos o pagar con ellos, si la plata es para alguien no informático mejor una remesa y ya está.",AngelG21,merval,2,2024-12-08 22:19:54,t1_m13oj54,t3_1h9tlkh,comment
m13po1m,"vas a ver que es más fácil de lo que parece, con saber usar esto que te digo, abrirte una cuenta en Binance y usar el ""P2P"" ya vas a poder hacer el envío",Loose-Grapefruit-516,merval,1,2024-12-08 19:32:00,t1_m13jgcw,t3_1h9tlkh,comment
m16unrq,Podes ir a una sucursal Fisica y hacer todo el tramite ahí... Saludos.,Additional-Gap6569,merval,2,2024-12-09 10:28:21,t1_m13osh6,t3_1h9tlkh,comment
m1gd9fp,"y sí, no le vas a dar tu plata a cualquier loco, fíjate la reputación y eso",358204,merval,3,2024-12-10 22:15:45,t1_m1gbs5j,t3_1h9tlkh,comment
m1gd35t,Capaz en usdt o otra estable coin,Puzzleheaded_Wish799,merval,1,2024-12-10 22:14:40,t1_m1gc6wd,t3_1h9tlkh,comment
m1gbc8r,Nop,VonPhoronngo,merval,1,2024-12-10 22:04:05,t1_m13pbpn,t3_1h9tlkh,comment
m2feu1z,No ha habido actualización con este tema? No existe alguna aplicación que me permita directamente pasar pesos a bolivares y transferir a una cuenta en Bolívares en Venezuela sin pasar por Crypto?,Plastic_Wasabi_3914,merval,1,2024-12-16 22:47:49,t1_m14hs9x,t3_1h9tlkh,comment
m1hrnuf,Algun familiar si?,Outrageous-Builder31,merval,1,2024-12-11 04:36:52,t1_m1gbc8r,t3_1h9tlkh,comment
m2fqqiu,"Siempre podes enviar por cable, solo que te cobran como 50usd la transferencia dependiendo el banco.

Y tendrías que encontrar un banco aquí que te cambie los pesos a bolívares o en su defecto los pesos a dolares y los dolares wired a alguna cuenta tuya obligatoriamente que acepte estas transferencias en vlza.

Una app qué haga esto tiene que blanquear y regularse con bancos argentinos y venezolanos y cobrarte por eso y bueno teniendo remesas y crypto a muy bajo costo y en negro ya tenes la competencia cuesta arriba",AngelG21,merval,1,2024-12-17 00:01:11,t1_m2feu1z,t3_1h9tlkh,comment
m1i5yjj,"Nono, solo esta persona y su familia",VonPhoronngo,merval,1,2024-12-11 07:19:54,t1_m1hrnuf,t3_1h9tlkh,comment
m2fs79j,"El servicio de remesas que uso me cobra un 30% de recargo sobre el dólar blue (libre), eso es normal?? Osea si yo quiero transferir 60 dólares a Venezuela tengo primero que transferir 89 mil pesos argentinos (a una cuenta argentina)... Me parece mucho, pero no sé, no estoy encontrando alternativa (cripto es imposible para la persona que recibe)",Plastic_Wasabi_3914,merval,1,2024-12-17 00:10:23,t1_m2fqqiu,t3_1h9tlkh,comment
m1im5u9,"Compra usdt en binance, se lo transferis a su walet y el los vende por bolivares.",Outrageous-Builder31,merval,1,2024-12-11 09:51:52,t1_m1i5yjj,t3_1h9tlkh,comment
m2fsqk3,Si es mucho el 30%. Yo la última vez que tuve que enviar me cobraron 7% así que busca otras remesas en Buenos Aires hay miles,AngelG21,merval,1,2024-12-17 00:13:49,t1_m2fs79j,t3_1h9tlkh,comment
m2fu3ip,No estoy en Buenos Aires...por las dudas tenés alguna para recomendar que se pueda hacer todo virtual desde cualquier parte del país?,Plastic_Wasabi_3914,merval,1,2024-12-17 00:22:41,t1_m2fsqk3,t3_1h9tlkh,comment
m2fun05,"Hace como 1 año que ya no mando remesas, lo hacía con envíos jl o yaco cambios puedes escribirles a ver que te ofrecen",AngelG21,merval,1,2024-12-17 00:26:10,t1_m2fu3ip,t3_1h9tlkh,comment
m2fvshm,Gracias,Plastic_Wasabi_3914,merval,1,2024-12-17 00:33:42,t1_m2fun05,t3_1h9tlkh,comment
m2hbar8,"Van a arriesgar capital en un negocio que no conocen, no entienden y no tienen formación, solo por perseguir un rendimiento que también desconocen. Las operaciones que puedan hacer van a estar delimitadas por la forma de constitución que hagan de la financiera, que no es ni sencillo ni rápido el proceso, por la cantidad de regulaciones y requisitos que tiene el sector.",_destrukt,merval,59,2024-12-17 08:43:09,t3_1hg3fgz,t3_1hg3fgz,comment
m2hspp4,"No existe poner una financiera de la nada sin tener contactos, conocimiento, viveza y rozar lo garca, no es un kiosco. Sin todo lo anterior van a durar como un pedo en la mano.",LeBroneta,merval,26,2024-12-17 10:56:57,t3_1hg3fgz,t3_1hg3fgz,comment
m2hkmfp,"En lugar de la gente “leer padre rico padre pobre”, debería leer “El Hombre más Rico de Babilonia”.

Título igual de clickbait, lectura igual de facilonga, pero más efectivo enseñando un concepto universal y básico:


ANTES DE PONERTE UN NEGOCIO DE X RUBRO, PRIMERO TENES QUE CONOCER ESE RUBRO.

Idealmente el camino primero es ser empleado de alguien o de una empresa, aprender del rubro sin ningún tipo de riesgo (literalmente, el riesgo lo corre el empleador) y cuando aprendiste bien, ahorraste guita, e hiciste los contactos, te abrís tu propia empresa.",BondiolaPeluda,merval,20,2024-12-17 10:00:51,t3_1hg3fgz,t3_1hg3fgz,comment
m2i5dvi,Te van a usar para triangular guita y vas a ir preso vos y toda tu familia,LibritoDeGrasa,merval,14,2024-12-17 12:14:29,t3_1hg3fgz,t3_1hg3fgz,comment
m2hgqje,Capo sólo por las preguntas q haces y la forma de hacerlas dejas en evidencia q no tenes ni idea... vas a terminar haciendo macana cuando te toque el primer moroso ,conotruncado,merval,13,2024-12-17 09:30:53,t3_1hg3fgz,t3_1hg3fgz,comment
m2jsnj9,"No inviertas en un instrumento que no entendes.

Por la manera que describis la situacion y la poca informacion que vos (y tu amigo aparentemente) aparentan tener sobre que es una financiera y que servicios ofrece me parece que no estan calificados para ofrecer ningun servicio relativo a capital.

Por otro lado, si el pariente de tu amigo, porque no abre el negocio el mismo? No seria lo mas comun?",diyexageh,merval,9,2024-12-17 17:29:58,t3_1hg3fgz,t3_1hg3fgz,comment
m2jxrgv,"Cómo vas a poner un negocio que no sabés manejar flaco? 

Sea una financiera o lo que fuera.",Zacuf93,merval,5,2024-12-17 17:57:00,t3_1hg3fgz,t3_1hg3fgz,comment
m2hcjz1,"Mmm... salí de ahí, Maravilla!

Primero, una financiera legal es super compleja, mucha regulación, siempre al borde de lo ilegal, tenes q entender muchonde finanzas y manejar muy bien los riesgos. Si no tenes idea de esto, te diría q vas a perder mucha guita...

Segundo,  alguien q tiene financiera te ofrece abrirte una? Suena raro... algo necesita, y me hace acordar a la pelicula Plata Dulce (miratela, te puede ayudar a cambiar el chip)

Yo trabajé en Financieras (legales e ilegales) y son negocios que dependen de un ""cerebro"" q orqueste todo... si nadie entiende bien de riesgos, porcentajes, noticias, mercado, lo mas probable es q te la des en la pera fuerte...",InevitableBit2367,merval,7,2024-12-17 08:54:45,t3_1hg3fgz,t3_1hg3fgz,comment
m2iy7lg,Si tenés ganas puedo abrir a tu nombre una empresa de envío de paquetes a Europa.,sertalll,merval,2,2024-12-17 14:49:50,t3_1hg3fgz,t3_1hg3fgz,comment
m2z03sf,"Antes que nada... debes definir el riesgo de crédito. Ese riesgo de credito lo debes llevar al flujo de fondos. Ese flujo de fondos a un estado de resultados. Acá tambien vas a poder medir el riesgo de liquidez.

  
Ahora bien, no sólo es riesgo de crédito, dado que estás al inicio del negocio, tambien debes medir tu riesgo operativo vinculado a proceso, de momento no hay riesgo de marca, asi q de 4 mediciones, deberias abordar 3.  
  
Si vas a hacer todo en blanco, debes caer bajo la orbita del bcra en ""financieras no bancarias"". Ahi tambien deberas tener los formularios PEPs para tus clientes y un regimen de información.  
  
Cuando desarrollas el modelo de creditos, de ahi podes sacar el regimen informativo.",Creepy_Spread_2074,merval,2,2024-12-20 09:19:09,t3_1hg3fgz,t3_1hg3fgz,comment
m2gdzik,Una re oportunidad!!! Que la aproveche. Tengo entendido que es un re quilombo abrir una financiera,elconsultador,merval,4,2024-12-17 02:50:53,t3_1hg3fgz,t3_1hg3fgz,comment
m2zd6zs,"A juzgar por las respuestas que das, el panorama es desalentador en todo sentido. Miralo asi, en el mejor de los casos podes terminar preso y no podés tener ni un chocolatin a tu nombre el resto de tu vida. En la hipotesis no tan positiva, terminas rebanado en fetas adentro de una valija.

No es joda ese ambiente, no es para tomárselo a la ligera y por sobre todo, no es para improvisar",Individual_Loan_259,merval,1,2024-12-20 10:57:32,t3_1hg3fgz,t3_1hg3fgz,comment
m315h2z,"Podrían hacer arbitrajes de tipo de cambio, hasta que se salga del cepo. Podrían arbitrar tasas de interés de préstamos si tienen préstamos preferenciales ustedes, ofrecer un porcentaje más a sus clientes. No tengo mucho conocimiento con respecto a el rubro en particular. Pero creo que tu idea es aportar una actividad más dentro de lo que ya tienen armado tus socios, así sacar un poco más de ganancias. Me parece bien. 

Es una pelotudos lo que ponen algunos de que tenes que aportar algo o tener conocimiento para poner el negocio. Sos un socio, aportas con tu tiempo y dinero . Obvio tenes que entender y hacer los controles necesarios… para que no te jodan pero no tenes que ser el experto.",Spiritual_Bottle_926,merval,1,2024-12-20 17:06:01,t3_1hg3fgz,t3_1hg3fgz,comment
m2iyior,"""pero vos no entendes, mi primo Miguel es un kpo""",grifter_cash,merval,25,2024-12-17 14:51:26,t1_m2hbar8,t3_1hg3fgz,comment
m2hqju2,"Gracias, buena recomendación, le voy a pedir laburo al que le ofreció armarsela para conocer el rubro.",StreetDogArg,merval,1,2024-12-17 10:42:48,t1_m2hkmfp,t3_1hg3fgz,comment
m2i66it,"Están especulando fulero, es un amigo y el familiar se la abre y solo le pidió que haga las cosas bien, porque hay que mover muchos contactos, al mismo tiempo nos pasaría clientes. No es la idea kgar a nadie ni ganar de usura, lo que más queremos es financiar desarrollo inmobiliario y participar con las constructoras que necesiten un capital para arrancar.",StreetDogArg,merval,-1,2024-12-17 12:19:03,t1_m2i5dvi,t3_1hg3fgz,comment
m2jt0wy,"Esta políticamente expuesto, gracias 🫂",StreetDogArg,merval,-6,2024-12-17 17:31:57,t1_m2jsnj9,t3_1hg3fgz,comment
m2jt8p0,Mandame mp,StreetDogArg,merval,1,2024-12-17 17:33:06,t1_m2iy7lg,t3_1hg3fgz,comment
m2ge7a9,"Bien! Si eso tengo entendido, que es difícil y se lo hacen. Pero cuál sería el negocio detrás, a que se dedica Realmente una financiera?",StreetDogArg,merval,-5,2024-12-17 02:52:49,t1_m2gdzik,t3_1hg3fgz,comment
m2pckf7,jajaja,karpo27,merval,1,2024-12-18 16:21:02,t1_m2iyior,t3_1hg3fgz,comment
m2ikp1k,Y quien va dar la cara y poner las firmas?,Supergato77,merval,6,2024-12-17 13:38:10,t1_m2i66it,t3_1hg3fgz,comment
m2gi7dy,A vivir de los intereses. Fundamentalmente.,CapitanDelete,merval,6,2024-12-17 03:29:30,t1_m2ge7a9,t3_1hg3fgz,comment
m2in0k4,"Que cara? Hablás como si hubiera un ilícito implícito. Las firmas la darán los profesionales correspondientes, si hace falta contratarlos se los contratará.",StreetDogArg,merval,-5,2024-12-17 13:50:30,t1_m2ikp1k,t3_1hg3fgz,comment
m2giexi,"Intereses solo por prestamos? O se podría ganar con intereses de otra forma? 
Nuestra idea era usar un capital para financiar desarrollo inmobiliario y arreglar un interés bajo como el de un banco o menor y coparticipar en ganancias con la desarrolladora.",StreetDogArg,merval,-1,2024-12-17 03:31:31,t1_m2gi7dy,t3_1hg3fgz,comment
m2lk033,"Qué aportás vos para que te incluyan en el negocio? Capital, conocimiento, contactos, laburo?",alastrid,merval,5,2024-12-17 23:38:22,t1_m2in0k4,t3_1hg3fgz,comment
m2h20et,"Mi recomendación? No lo hagan. No tienen la más mínima idea del negocio financiero. Ya decir que van a prestar para desarrollo inmobiliario a tasa mejor que un banco es la mejor prueba. 
Para hacerla fácil: una financiera gana con el spread entre lo que consigue dinero (fondeo) y lo que presta, restando monto por los clientes que no pagan. Luego está el tema de impuestos, plazos (te fondeas a x meses, prestas a y meses)  Y esto que menciono es lo más básico. Requiere enviar información mensual al BCRA, lavado de dinero, política de crédito, motor de decisión para déficit créditos de préstamos, analistas... Ok, todo eso lo pueden hacer ustedes... Con 10, 15 años de experiencia en el rubro. O alguien que los asesore muy bien.",Sassaq,merval,18,2024-12-17 07:05:02,t1_m2giexi,t3_1hg3fgz,comment
m2hfib2,"Préstamos, compra de cheques, servicios adicionales como las mutuales, etc Pero no te creas que es tan fácil así como abrir y prestar a menor tasa de interés.  Es difícil de abrir porque está plagada de regulaciones del BCRA, que ente otras cosas, controlan y establecen las tasas. Si no, imagínate que muchas financieras legales serían usureras",CanaryRight1908,merval,1,2024-12-17 09:20:39,t1_m2giexi,t3_1hg3fgz,comment
m2gsexa,"No, solo con préstamos no. Compra de cheques, etc.",CapitanDelete,merval,-2,2024-12-17 05:14:51,t1_m2giexi,t3_1hg3fgz,comment
m2lmf8p,"capital, contactos puede ser, tengo unas ideas, y laburo lo que haya que hacer desde cadetería, hasta armar una oficina, lo que sea, para ayudarlo. Conocimientos como podes ver, al menos en este ambito te la debo, sino no estaría preguntando. El ya tiene una idea de lo que hay que hacer, y yo sería el socio que hace ""la otra parte""",StreetDogArg,merval,1,2024-12-17 23:53:46,t1_m2lk033,t3_1hg3fgz,comment
m2h3oba,fariña y lazaro se unieron a la conversacion,Ok-Acante4524,merval,6,2024-12-17 07:23:32,t1_m2h20et,t3_1hg3fgz,comment
m2hbff2,"Exacto, lo más parecido que pueden llegar es armar una cueva hasta que los reviente gendarmería.",_destrukt,merval,4,2024-12-17 08:44:22,t1_m2h20et,t3_1hg3fgz,comment
m2hmj0c,Como es el tema compra de cheques?,suerte8888,merval,1,2024-12-17 10:14:50,t1_m2hfib2,t3_1hg3fgz,comment
m2hjujw,Esta lleno de financieras legales usureras...,spender-2001,merval,0,2024-12-17 09:55:05,t1_m2hfib2,t3_1hg3fgz,comment
m2hrbrj,"Si tenes un cheque con fecha de pago en 20 días pero vos necesitas la plata hoy, vas y ellos te los compran por un monto algo inferior.

También si no tenes cuanta bancaria para depositarlo o si simplemente queres el efectivo.",LeBroneta,merval,2,2024-12-17 10:47:56,t1_m2hmj0c,t3_1hg3fgz,comment
m2hkdsb,"Todavía no conocí ninguna, pero imagino que debe haber como en todos los rubros.",CanaryRight1908,merval,1,2024-12-17 09:59:04,t1_m2hjujw,t3_1hg3fgz,comment
m2hofx8,"Se ve que no salis mucho a la calle y no tenes siquiera mercadopago.

Kjjj me bloqueo el canario de cristal! Jaja",spender-2001,merval,0,2024-12-17 10:28:24,t1_m2hkdsb,t3_1hg3fgz,comment
m2hpstn,"Paráaaaaa urban street boy que gastó suelas. Te iba a responder con seriedad pero sos alto fantasma, bájate del caballo amigo.",CanaryRight1908,merval,3,2024-12-17 10:37:47,t1_m2hofx8,t3_1hg3fgz,comment
m2pqwtx,"Tu comentario fue eliminado por no cumplir las reglas: sin futurologia, desinformacion o manipulacion.

Incluir fuentes confiables para debatir sobre macroeconomia (sin politica innecesaria). No nos interesa el minuto del precio del dolar, ni el ultimo rumor de cambio de gabinete.",merval-ModTeam,merval,1,2024-12-18 17:36:04,t3_1hh8j9b,t3_1hh8j9b,comment
m2p85n0,"Se me quedó sin polvo de hadas la bola de cristal, me aguantas hasta mañana?",RewardsGamingS,merval,47,2024-12-18 15:57:56,t3_1hh8j9b,t3_1hh8j9b,comment
m2p7ny9,"Imposible saber con certeza

Muchos dicen q sube por el aguinaldo y blabla

Yo pienso vender un poco y aprovechar q al fin subio algo

Pero siempre la mayoria de la guita en usd",kdolmiu,merval,17,2024-12-18 15:55:24,t3_1hh8j9b,t3_1hh8j9b,comment
m2p6ohz,"Mañana el dolar sube. Pasado seguro baja. Pero ojo pq pasado pasado vuelve a subir.


Sldos soy licenciado en economía",AleIrurzun,merval,74,2024-12-18 15:50:22,t3_1hh8j9b,t3_1hh8j9b,comment
m2p6xua,"Ahi te digo, el dolar mañana va a",Argentino_Feliz,merval,21,2024-12-18 15:51:42,t3_1hh8j9b,t3_1hh8j9b,comment
m2p6znt,"Si los necesitas para pagar cosas, vendelo, que va ser.",don_maidana,merval,10,2024-12-18 15:51:58,t3_1hh8j9b,t3_1hh8j9b,comment
m2pd4ow,"Invertí, sean pesos o dólares, mejor que estén invertidos en el mercado y no parados.",geor3x,merval,3,2024-12-18 16:23:59,t3_1hh8j9b,t3_1hh8j9b,comment
m2pjyum,"Todo depende si el peluca del norte le da el ok al peluca del sur y mueve los hilos para que llegue la rúcula en carnaval, sino anda acaparando para el morfi.",NoInspection5553,merval,3,2024-12-18 16:59:55,t3_1hh8j9b,t3_1hh8j9b,comment
m2p7kwt,"Está subiendo por motivos estacionales. En enero se calma.

O no !

Paaanico",Careless-Cap7691,merval,8,2024-12-18 15:54:58,t3_1hh8j9b,t3_1hh8j9b,comment
m2p75bb,"Y ahora va a subir por los aguinaldos, considerando que Brasil devalua muchos van a querer irse para ahi. Si se mantiene o no...no te sabria decir.",NNTokyo3,merval,5,2024-12-18 15:52:45,t3_1hh8j9b,t3_1hh8j9b,comment
m2p9aw3,[deleted],[deleted],merval,8,2024-12-18 16:03:57,t3_1hh8j9b,t3_1hh8j9b,comment
m2p91x5,Con respecto a esto tengo una duda (soy nuevo en el asunto) este aumento del dólar afecta a las acciones que tengo en bolsa o se supone que suben a la par en pesos? Por más que la acción de por sí caiga o suba.,mts1810,merval,2,2024-12-18 16:02:38,t3_1hh8j9b,t3_1hh8j9b,comment
m2pefxa,"Lo voy a explicar una sola vez op, así que presta atención, lo que paso con el dólar es que ...
Uy para que justo me tocaron timbre!",Necessary_Layer-,merval,2,2024-12-18 16:30:53,t3_1hh8j9b,t3_1hh8j9b,comment
m2pikik,Todo al rojo,chigolLi,merval,2,2024-12-18 16:52:37,t3_1hh8j9b,t3_1hh8j9b,comment
m2pnh04,"mañana sube, pasado baja, el lunes sube y baja",p_unch_i,merval,2,2024-12-18 17:18:11,t3_1hh8j9b,t3_1hh8j9b,comment
m2pffff,"Quiza no seas argentino, o no viviste mucho aca.
Pero bueno de todas formas historicamente en el verano siempre sube pq hay mas demanda.

Pero bueno, Hay que ver que pasa ahora pq existe el dolar mep con lo cual comprar/vender es mas facil y seguro hacerlo por esa via que ir a la cueva amiga.

[Aca una idea mas clara de este universo.](https://youtu.be/S-0FtyyoF80?si=jVTM2EWjN0z1-nzs)",Mr_Frodo_,merval,1,2024-12-18 16:36:03,t3_1hh8j9b,t3_1hh8j9b,comment
m2pqpml,Los Mileistas me hicieron vender a 1045... ni olvido ni perdón,Diegam,merval,1,2024-12-18 17:35:02,t3_1hh8j9b,t3_1hh8j9b,comment
m2pdtys,"A ver, dolar una divisa mundial. Agarra esos dolares y lo invertis y punto. Si no te gusta renta variable, buscate un staking del 18% y listo papu. Tener pesos o dolares parados no es aconsejable. Tener dolar es muchisimo mejor, te abre mas posibilidades pero eso si, tenes que saber usarlos. Casi vende? Mijo, estamos en tremendo bull, si metias esos dolaritoa en una meme ya serias millo",Firm_Translator_8623,merval,0,2024-12-18 16:27:41,t3_1hh8j9b,t3_1hh8j9b,comment
m2paffd,El prosionista y Caputo creyeron que metiendo devalueta y  dolarucos de deuda el clima cambiario iba a estar planchado hasta después de las fiestas,Feregar,merval,-5,2024-12-18 16:09:51,t3_1hh8j9b,t3_1hh8j9b,comment
m2poxmq,mejor eso que se te quede sin polvo las bolas...,grifter_cash,merval,4,2024-12-18 17:25:47,t1_m2p85n0,t3_1hh8j9b,comment
m2pnxb6,Increible lo que sabe usted! Queda contratado como Ministro!,November_Golfo,merval,11,2024-12-18 17:20:30,t1_m2p6ohz,t3_1hh8j9b,comment
m2pfozy,Y la semana que viene seguro llegue hasta,Quick-Teacher-2379,merval,10,2024-12-18 16:37:26,t1_m2p6xua,t3_1hh8j9b,comment
m2pmqbi,acaparo nomas... argentina no me sorprende o si?,maxibarto,merval,1,2024-12-18 17:14:21,t1_m2pjyum,t3_1hh8j9b,comment
m2plxg0,Tenes idea donde venden? Busque en mercadolibre pero hay tipo 'Playera' o 'Mountain' . No hay financieras,iwntheking,merval,2,2024-12-18 17:10:09,t1_m2p9aw3,t3_1hh8j9b,comment
m2p9y4t,"Las acciones se cotizan en pesos. 

Si estás hablando de los cedears por ahí pueden tener una leve variación ya que están un poco atados al dólar mep y o al cable. 

Pero las variaciones de dólar en los cedears o en algunos tipos de acciones especiales que son los adrs la verdad que no deberían de cambiarte de estrategias si es de mediano o largo plazo salvo que se estés haciendo timba y con lo cual vas a perder un montón de guita. 

Pero no no debería de modificarte deberías de hasta incluso dejar de ver la flechita verde o roja de un día al otro sino mirarla de un trimestre a otro. Si no te vas a volver loco más aún si no entendés nada",peperinna,merval,7,2024-12-18 16:07:20,t1_m2p91x5,t3_1hh8j9b,comment
m2pgsz8,que visionario ese caputo lpm...,maxibarto,merval,0,2024-12-18 16:43:15,t1_m2pffff,t3_1hh8j9b,comment
m2pbmfh,Muchas gracias por la explicación!.,mts1810,merval,2,2024-12-18 16:16:05,t1_m2p9y4t,t3_1hh8j9b,comment
m4j435j,"Desaparecio lo que habia escrito.

ya pague los dolares con dolares e hice el stop debit, tengo que pagar tambien lo que sale en pesos?.

en la tarjeta solo consumi 41 usd(de los cuales ya pague con usd) y 22k en pesos son de puro impuesto de esos 41 usd",Fox_H_Reloaded,merval,7,2024-12-30 12:02:34,t3_1hpp115,t3_1hpp115,comment
m4j5a4v,"Tenés que pagar IIBB e IVA no mas (los primeros dos),  los 12866 no. Y si los pagás sin querer después te quedan a favor.",nairazak,merval,8,2024-12-30 12:09:35,t3_1hpp115,t3_1hpp115,comment
m4j4oqw,Tenes que pagar en pesos los $857.76 y los $9006.57,TomasLuther,merval,9,2024-12-30 12:06:07,t3_1hpp115,t3_1hpp115,comment
m4ji9hr,"Iva e iibb te los cobran igual porque no son productos sino servicios digitales. Si fueran productos no te lo cobran en el pago sino en el desaduanaje. O sea, si pagaste con dolares, en pesos tenes que restar el del 30%",SnooMachines3992,merval,3,2024-12-30 13:20:48,t3_1hpp115,t3_1hpp115,comment
m4jlkza,IVA e IIBB si se pagan. Acá lo tenes bien explicado: https://ayuda.santander.com.ar/NM1QYJ7N52-1/article/82A8F179EF-preguntas-frecuentes-sobre-consumos-moneda-extranjera-con-tarjetas/,sebamuerte,merval,3,2024-12-30 13:38:11,t3_1hpp115,t3_1hpp115,comment
m4j75fp,"Loco lo estan re confundiendo al pibe.

OP, si ya pagaste los consumos en dolares CON DOLARES, no tenes que pagar los impuestos.",noxdragon26,merval,2,2024-12-30 12:20:18,t3_1hpp115,t3_1hpp115,comment
m4k011r,"Para la proxima te conviene usar Prex o algo similar, pagabas con 41 dolares de saldo y chau (tenes que pagar 2 de 3 lineas que figuran ahi como te dijeron ya)",Desmo4,merval,1,2024-12-30 14:52:12,t3_1hpp115,t3_1hpp115,comment
m4kwsa3,Acabo de tener que pagar tmb. Si solo consumiste en dolares paga los USD e ignora los pesos. Si lo haces hoy en los proximos dias ya deberias ver el saldo en pesos en 0,un_pibe_randon,merval,1,2024-12-30 17:39:18,t3_1hpp115,t3_1hpp115,comment
m4j4t2p,"Hola, no pagues los pesos, después te aparecen como saldo negativo los pesos y se corrige todo. Si hacés compras en pesos y dólares, es lo mismo, pagás los dólares correspondientes y en pesos solo el saldo original sin tener en cuenta los impuestos agregados, verás que los saldos se corrigen en el mes. Yo también tengo santander jaja.",facumaggot,merval,1,2024-12-30 12:06:48,t3_1hpp115,t3_1hpp115,comment
m4j68cu,"No. 

Igual si los pagas te quedan como saldo a favor el mes siguiente",Lechowski,merval,1,2024-12-30 12:15:03,t3_1hpp115,t3_1hpp115,comment
m4j4h9f,"Yo tengo entendido que los gastos se separan por moneda, pagaste los 41 USD y te faltaría pagar los 22.000 en pesos que son los impuestos.",starlightextinct,merval,0,2024-12-30 12:04:53,t3_1hpp115,t3_1hpp115,comment
m4j4x0t,"Son dos gastos diferentes, x lo menos a mí me viene separado la deuda en pesos y la deuda en dólares. Y cuando pones para pagar desde el homebanking a mí me pone opciones de pagar deuda en pesos y pagar deuda en dólares (Banco BBVA)",simondice1969,merval,0,2024-12-30 12:07:27,t3_1hpp115,t3_1hpp115,comment
m4j4gx8,"Tenés que pagar el monto en pesos menos el 30%, eso no lo pagues

O sea, tenes que pagar $10.000 pesos.  Es más te diría los $9.000 no estoy seguro, pero por las dudas paga $10.000 nomas.  Lo peor que te puede pasar es que te quede saldo a favor.",daniweth,merval,-7,2024-12-30 12:04:49,t1_m4j435j,t3_1hpp115,comment
m4j8t28,"si pago eso y hago cuentas es como que ya no conviene pagar en usd. porque sale como 1400 el dolar.

o estoy equivocado? queda igual si dejo que me lo pesifiquen o que se descuente solo",Fox_H_Reloaded,merval,3,2024-12-30 12:29:33,t1_m4j4oqw,t3_1hpp115,comment
m4k44kc,"Tal cual, le estan respondiendo cualquier cosa. 
Los impuestos se pagan solo si pagas en pesos.
 Si pago Dolares con dolares no tiene que abonar ningún impuesto. 

Si estas muy en duda y no te cambia, podes pagar los pesos y cuando tengas plata a favor, llamar al banco  y pedir que te los pasen a tu cuenta",Runa16,merval,2,2024-12-30 15:13:02,t1_m4j75fp,t3_1hpp115,comment
m4j55no,"Ah pero recién veo que es de la misma deuda en dólares,  entonces no sé...",simondice1969,merval,1,2024-12-30 12:08:51,t1_m4j4x0t,t3_1hpp115,comment
m4j4ydw,pero lo que sale en pesos solo son esos impuestos. en la tarjeta solo gaste 40usd. esos 22k son de puros impuestos que figuran ahi,Fox_H_Reloaded,merval,4,2024-12-30 12:07:40,t1_m4j4gx8,t3_1hpp115,comment
m4jcn32,"IVA e IIBB no tenes escapatoria si lo que compraste esta incluido en el registro de proveedores de servicios extranjeros, de cualquier forma lo vas a terminar pagando si o si, y esos impuestos no estan incluidos en ningun calculo de los que te muestran de ""dolar tarjeta"" porque siempre va a depender de que estes comprando y en donde. 

Si dejas que te lo pesifiquen, vas a tener que pagar ademas los $12866,53 de la percepcion de ganancias, la cual vas a poder pedir en algun momento la devolucion si es que no estas sujeto al impuesto.",TomasLuther,merval,6,2024-12-30 12:50:37,t1_m4j8t28,t3_1hpp115,comment
m4j5g1y,"Si, pero del 30% estoy seguro te lo van a devolver, lo del IVA e IIBB no estoy seguro eh.  Por eso te digo yo pagaría $10.000 y listo.",daniweth,merval,-5,2024-12-30 12:10:32,t1_m4j4ydw,t3_1hpp115,comment
m4jhvet,entiendo. crei que esos 12866 eran lo que habia sacado milei en diciembre.,Fox_H_Reloaded,merval,-1,2024-12-30 13:18:43,t1_m4jcn32,t3_1hpp115,comment
m4j7bxn,No tiene que pagar nada porque los montos en dolares los pago con dolares,noxdragon26,merval,6,2024-12-30 12:21:18,t1_m4j5g1y,t3_1hpp115,comment
m4jwm9x,"Lo que se vencio es el impuesto PAIS, que era otro 30% mas, que efectivamente ya no viene en los resumenes de las tarjetas.",TomasLuther,merval,5,2024-12-30 14:34:58,t1_m4jhvet,t3_1hpp115,comment
m4lstwn,"Che, pregunta el IVA tampoco se paga? Justo pague hoy pero incluí el IVA como pago",Spiritual_Bottle_926,merval,1,2024-12-30 20:28:50,t1_m4j7bxn,t3_1hpp115,comment
m0z1fyp,Loco a mi no me dejan crear posts en este sub y este viene y pregunta lo mismo que preguntan 5 veces por semana jajaja,ReLocoX98,merval,51,2024-12-07 23:49:20,t3_1h98h48,t3_1h98h48,comment
m0z22u1,"mi top 5 preguntas favoritas:

\- cuanto va estar el dolar  
\- como evado sin que me agarren  
\- me sobran 23 dolares, como los invierto?  
\- que hago para dejar de trabajar  
\- salida del cepo, q onda?",possiblecefonicid,merval,92,2024-12-07 23:53:29,t3_1h98h48,t3_1h98h48,comment
m0zgmlm,"Vendrán inversiones que instalarán una plataforma de vuelos espaciales, probablemente en la provincia de Córdoba, que",Lanziadora,merval,25,2024-12-08 01:35:02,t3_1h98h48,t3_1h98h48,comment
m0z4j2g,El dólar va a bajar a 1 peso y vas a ganar 400 mil dólares x mes,weedandmagic,merval,14,2024-12-08 00:09:58,t3_1h98h48,t3_1h98h48,comment
m0z0mwq,"'Sin restricciones, podría darse una salida significativa de dólares del sistema financiero si no se generan incentivos para mantener las divisas en el país.'

se lo pregunté a chatgpt 🤓",AreaCritical9143,merval,11,2024-12-07 23:43:55,t3_1h98h48,t3_1h98h48,comment
m0z007m,fah amigo te la re jugaste con esta pregunta que hace 8 meses vienen haciendo casi todas las semanas,Rise-Of-Empires,merval,21,2024-12-07 23:39:43,t3_1h98h48,t3_1h98h48,comment
m0z2b40,Dame 5 que lo llamo a Toto y le pregunto ,[deleted],merval,8,2024-12-07 23:55:00,t3_1h98h48,t3_1h98h48,comment
m0yye2g,Subiria CEPU 😂,EndBackground9783,merval,6,2024-12-07 23:28:56,t3_1h98h48,t3_1h98h48,comment
m0z7ag7,Deja de testearnos toto ya te vimos,ZiYu14,merval,7,2024-12-08 00:29:23,t3_1h98h48,t3_1h98h48,comment
m10dydh,"En el corto plazo salida de capitales, en el mediano plazo su hay confianza de deberia  haber inversiones productivas además de las financieras.",SuperLogicMadness,merval,3,2024-12-08 06:53:04,t3_1h98h48,t3_1h98h48,comment
m0z5qu6,"El argentino promedio no cree que la argentina vaya a prosperar. Lamentablemente abrir el cepo hace que toda la plata que tienen los (millonarios, al ciudadano de a pie le chupa el chori) se van a ir para afuera. Lo que paso con macri, desp para compensar pidieron 50mil millones al fmi y nunca se supo a donde fue esa plata... Y ahí está, sentado de nuevo en el gobierno el caput",Yelpito,merval,8,2024-12-08 00:18:29,t3_1h98h48,t3_1h98h48,comment
m0yztcb,[removed],[deleted],merval,4,2024-12-07 23:38:28,t3_1h98h48,t3_1h98h48,comment
m0z3e77,Depositame 20 dólares y te digo /s,PardoisTardo,merval,1,2024-12-08 00:02:11,t3_1h98h48,t3_1h98h48,comment
m0z43bg,Que se desprendan de los pesos y compren dólares,chacoresar,merval,1,2024-12-08 00:06:56,t3_1h98h48,t3_1h98h48,comment
m0z6fcc,Preguntate si Argentina esta cara y si es justificable,matadorius,merval,1,2024-12-08 00:23:15,t3_1h98h48,t3_1h98h48,comment
m0zfs4k,"Olvidate del cepo hasta después de marzo, lo que va a pasar después de que lo quiten es una pequeña corrida con un ajuste en la primera semana pero nada significativo y no porque la gente salga a comprarlo sino porque va haber noticias de que ""mucha gente"" va a querer cambiar pero sera una mala especulación, la gente que necesite dólares va a salir a buscarlos, pero creo yo el plan es por un lado que el gobierno no venda al publico, solo los bancos privados, y que el peso se vuelva mas fuerte para que la gente no se preocupe de tener pesos. Y es que justamente lo que quiere el gobierno es que al salir del cepo no se dañe la economía.",andes501,merval,1,2024-12-08 01:28:56,t3_1h98h48,t3_1h98h48,comment
m0zka3r,Hoy? Con este modelo económico y estos niveles de reserva? Una corrida bancaria,Adorable-Book-8295,merval,1,2024-12-08 02:00:56,t3_1h98h48,t3_1h98h48,comment
m0zt5is,"El balrog se escaparia de las minas de moria, junto a los dementores de azcaban y godzilla del mar de japon. El cepo mantiene el mundo en orden y evita el caos.",Maximum_Structure_37,merval,1,2024-12-08 03:12:20,t3_1h98h48,t3_1h98h48,comment
m10abks,"Y a nivel instrumentos? Las acciones imagino que inicialmente subiran.
Los cedears? Al estar atados al ccl supongo que también?
Y los soberanos? Ya sea que coticen en ars o usd",AffectionateSpread38,merval,1,2024-12-08 06:12:15,t3_1h98h48,t3_1h98h48,comment
m10btcg,"Me ganaste de mano, justo iba a preguntar eso",elconsultador,merval,1,2024-12-08 06:28:59,t3_1h98h48,t3_1h98h48,comment
m10kqpx,quizas dejo de ganar menos cada mes por la baja del dolar,Unusual-Ship7609,merval,1,2024-12-08 08:08:53,t3_1h98h48,t3_1h98h48,comment
m17kikh,STONKS,81mv,merval,1,2024-12-09 13:04:08,t3_1h98h48,t3_1h98h48,comment
m0z8sov,"Pero a ver, entendes lo que es el cepo de entrada?

En un momento dado, en vez de dejar que flote la moneda y se devalue, trayendo las consecuencias (inflacion por ej) que tienga, se decidio restringir el acceso a los dolares a ciertas personas y en cierta mesura (el cepo. Tomalo como un mini corralito pero de moneda extranjera. Y si, no es solo dolares).

Ahora, uno puede argumentar que en ocasiones es el mal menor, y HAY cambios fijos entre paises (mas estables) pero bueno es irreelvante eso ahora porque a medida que se iba cagando la economia en vez de aflojar y devaluar para aligerar la presion, se \*intensifico el cepo\* con restricciones mas y mas severas y tocando cada vez mas y mas a los exportadores, no solo minoristas (los bobis como vos y yo que quieran ahorrar o comprarse una muñeca inflable por amazon por ej). Debido a que  la oferta de dolares entonces era bastante menor a la demanda de los mismos, los dolares paralelos (entre privados, sea por medio de  instrumentos como bonos y acciones, o a traves de privado (el blue, que - ridiculamente - es ilegal). Esto es lo que crea la brecha, ya que a diferencia del oficial, los dolares paralelos tienen especulacion por encima y pueden seubir en teoria de manera ""infinita""

Ahora, para desarmar el cepo, dado que no podes multiplicar las bases del pais (el nivel de guita que tendria que prestarse al pais es absurdo y seria una sentencia a la horca para el pais, y crecer organicamente por medio de la economia, JA! menos en recesion) entonces tenes que hacer al reves y devaluar. Exactamente cuanto hay que devaluar, no se sabe y de hecho no se si hay respuesta ya uqe lo mas inteligente es devaluar de manera firme pero paulatina (como con los intereses) a la vez que se afloja de manera proporcional las restricciones del cepo, dandole espacio a que se recupere el mercado. Y como esto implica una menor presion en dolares paralelos y la economia niternacional, pero a su vez una mayor presion en las reservas, es dificil saber a priori cuando termina.... pero dado que sigue en pie y no se toco basicmaente, dudo que implique un aumento del valor de cambio de menos de tres ceros porcentualmente...

Entonces, DE ENTRADA, sacar el cepo es mas que necesario, pero implica devaluacion. Mientras mas rapido se haga, mas duro el golpe en la economia (como la devaluacion de diciembre del 23 que hizo bosta el primer semestre de este año. Aunque si es muy lento corres el riesgo de devaluar al pepe y no solucionas nada). Pero normalizaria el cambio y permitiria que las exportaciones no tengan que renegar tanto, lo que es algo bueno para la economia (bah, no toda importacion lo es, pero el cepo que yo sepa no discrimina tampoco). Un avez que \*ya este\* sacado el cepo, no, no tendria por que subir el dolar (no mas de lo ""normal"" digo, tendria un ritmo mas ameno salvo que la sigan cagando)",simonbleu,merval,1,2024-12-08 00:39:52,t3_1h98h48,t3_1h98h48,comment
m0zdh1x,Yo lo que me pregunto ahora es que pasaria si el dolar MEP y el blue quedan mas abajo del oficial. Nunca en la historia argentina se ha visto eso creo.,augus1990,merval,0,2024-12-08 01:12:32,t3_1h98h48,t3_1h98h48,comment
m0zbn28,Kirchos diciendo que viene el fin del mundo en 3…2…1….,hernanemartinez,merval,-4,2024-12-08 00:59:47,t3_1h98h48,t3_1h98h48,comment
m0z65od,"Posta. Hace unos meses quise preguntar algo re específico sobre temas de Paypal y no recuerdo si no me dejaba postear o si se bajó inmediatamente.

Por suerte lo pude solucionar.",RecognitionVast5617,merval,11,2024-12-08 00:21:23,t1_m0z1fyp,t3_1h98h48,comment
m136rda,Sólo varios jaja,Mountain-Joke-7497,merval,1,2024-12-08 17:49:21,t1_m0z1fyp,t3_1h98h48,comment
m141bx5,"Me pasa lo mismo, me voltean los posteos y después las preguntas repetidas pasan como nada",Subject_Ad6183,merval,1,2024-12-08 20:40:27,t1_m0z1fyp,t3_1h98h48,comment
m18rxnr,Me pasa lo mismo. Pregunte algo especifico y me bajaron 2 veces el post.,karpo27,merval,1,2024-12-09 16:48:43,t1_m0z1fyp,t3_1h98h48,comment
m0z53zw,a mi tampoco que bronca y eso que creo que los desarrollo bien,Leanmeza,merval,1,2024-12-08 00:14:04,t1_m0z1fyp,t3_1h98h48,comment
m0z4yl4,">- me sobran 23 dolares, como los invierto?

Jajajajaja",RecognitionVast5617,merval,18,2024-12-08 00:13:00,t1_m0z22u1,t3_1h98h48,comment
m0zbshm,"Te faltó ""como cobrar/traigo guita de afuera""",InevitableBit2367,merval,10,2024-12-08 01:00:52,t1_m0z22u1,t3_1h98h48,comment
m0zbt17,Mercal no es lo que era,adrius,merval,2,2024-12-08 01:00:58,t1_m0z22u1,t3_1h98h48,comment
m10x0iv,"Contratá un oaráculo.
Jajaja",[deleted],merval,2,2024-12-08 10:08:03,t1_m0z22u1,t3_1h98h48,comment
m10hgx0,is that elon menem?,juanchi74,merval,3,2024-12-08 07:32:42,t1_m0zgmlm,t3_1h98h48,comment
m0zl1pd,"solo le falto la parte  del rigi y del blanqueamiento que propuso el gobierno , ese blanqueamiento fue sumamente exitoso,",Outrageous-Low4123,merval,2,2024-12-08 02:06:34,t1_m0z0mwq,t3_1h98h48,comment
m0z06bu,mañana me toca a mi preguntar,possiblecefonicid,merval,26,2024-12-07 23:40:50,t1_m0z007m,t3_1h98h48,comment
m0z7cmd,ese timbero no sabe,ZiYu14,merval,7,2024-12-08 00:29:49,t1_m0z2b40,t3_1h98h48,comment
m0zltpl,"a diferencia de la epoca de macri , ahora si hay confianza en el pais ,lo demuestra justamente la baja del riesgo pais, y la imagen sumamente positiva del gobierno a nivel mundial y nacional , y tambien valuacion del peso. recordemos que el dolar siempre vale lo mismo lo que pierde valor es el peso .en  el momento que el blue este lo mismo que el oficial ,no hay por que continuar con el cepo",Outrageous-Low4123,merval,-1,2024-12-08 02:12:31,t1_m0z5qu6,t3_1h98h48,comment
m0z0pyv,El publico se renueva,[deleted],merval,3,2024-12-07 23:44:30,t1_m0yztcb,t3_1h98h48,comment
m0zjad0,"jajaja ni va a pasar, yo creo que donde lo igualen, estara un mes o dos igualados y se libera el cepo...",M4tut310,merval,1,2024-12-08 01:53:44,t1_m0zdh1x,t3_1h98h48,comment
m0zekdi,"igual si hay una respuesta para esto coso,avisen

(tengo 63)",RamonaMatona,merval,4,2024-12-08 01:20:18,t1_m0z4yl4,t3_1h98h48,comment
m10lekj,Y falto el hdp que tiene 500 mil dólares ahorrados pero nunca se le ocurrió pagar un contaror/asesor y pregunta a gente random que hacer 😂,rohan50000,merval,5,2024-12-08 08:16:07,t1_m0zbshm,t3_1h98h48,comment
m0z9uqb,"Te busqué en la planilla y no te encontré, mañana estaba yo. Anotate por favor.",sk8avp,merval,5,2024-12-08 00:47:14,t1_m0z06bu,t3_1h98h48,comment
m10gc9y,"El pais es la gente que vive en el, y la gente más vulnerable es la que hay que cuidar. En este caso, los jubilados. Recibieron represión por reclamar 30mil pesos. Vos podés seguir mirando los índices que quieras. El pais es su gente.",Yelpito,merval,1,2024-12-08 07:19:56,t1_m0zltpl,t3_1h98h48,comment
m17bjhk,Cuantos años tenes?,TheJix,merval,1,2024-12-09 12:14:49,t1_m0zltpl,t3_1h98h48,comment
m13umep,"> (tengo 63)

ya casi te podés jubilar",hoscillator,merval,3,2024-12-08 20:00:25,t1_m0zekdi,t3_1h98h48,comment
m0zen9j,acuerdense que la planilla se reinicio con el pasaje a ARCA.,RamonaMatona,merval,3,2024-12-08 01:20:51,t1_m0z9uqb,t3_1h98h48,comment
m1e6yle,Pedile a tu asesor que te pase los CCL a MEP. A mi me lo hicieron gratarola (eran 20k USD).,[deleted],merval,14,2024-12-10 15:10:26,t3_1hb7yl3,t3_1hb7yl3,comment
m1ek4e3,Solicita que lo reviertan que fue un error y hacete el boludo a más no poder. CCL? Pense que era con la cola lavada. Y me bañé antes de operar.,AstronomerDiligent53,merval,26,2024-12-10 16:18:17,t3_1hb7yl3,t3_1hb7yl3,comment
m1fhlet,Tengo PPI también. No recuerdo bien como hice. Recibí MEP y CCL. Creo que reinvertí los que tenía en CCL. De ahí pasé a MEP.  Fíjate hacerlo en algún bono. Lo único que necesite es tener una cuenta en dólares acá.,Real_Barracuda_6851,merval,6,2024-12-10 19:11:10,t3_1hb7yl3,t3_1hb7yl3,comment
m1erxh1,Quien te cobra los 35 usd? Si es el banco usa otra cuenta.,Choriciento,merval,3,2024-12-10 16:58:37,t3_1hb7yl3,t3_1hb7yl3,comment
m1ekjw1,No te deja moverlos a PPI Global?,LeBroneta,merval,2,2024-12-10 16:20:30,t3_1hb7yl3,t3_1hb7yl3,comment
m1iec6h,"El tema es que hay una normativa que no te deja operar con dolares obtenidos producto de operaciones, o dividendos. Basicamente para poder comprar algún título tenes que retirarlos. Te dejo un link de BullMarket con algo de data https://help.bullmarketbrokers.com/faq/nuevas-restricciones-a-la-operatoria-mep-y-cable/",fra9910,merval,2,2024-12-11 08:46:26,t3_1hb7yl3,t3_1hb7yl3,comment
m1p2lll,"UPDATE:

Retiré, garpe 35usd de comi, supuestamente se ""rechazó la transferencia"" me devolvieron la plata y me cobraron OTROS 45 USD de comisión. Los voy a matar",Jaded-Hovercraft9408,merval,2,2024-12-12 11:29:59,t3_1hb7yl3,t3_1hb7yl3,comment
m1e8qei,"Con brubank no lo podes retirar? Me paso q compre dolares en bullmarket y me figuraban comprometidos, cuando intentaba retirarlos a mi banco no me llegaban nunca. 

  
Abri la cuenta en brubank, los retire y los volvi a meter.",Accomplished_Rip_627,merval,2,2024-12-10 15:19:38,t3_1hb7yl3,t3_1hb7yl3,comment
m1gug6r,"Cómo los convertiste? Podes comprar al30c (ccl) y luego vender en al30d (mep) o al30 (pesos)

O comunícate con ppi para que te los conviertan ellos.",finanon99,merval,1,2024-12-11 00:04:25,t3_1hb7yl3,t3_1hb7yl3,comment
m1ic3z1,licitá alguna on con ccl y despues vendelo por secundario,perro_mudo,merval,1,2024-12-11 08:24:46,t3_1hb7yl3,t3_1hb7yl3,comment
m1eg2b8,compra acciones,Ok-Acante4524,merval,1,2024-12-10 15:57:15,t3_1hb7yl3,t3_1hb7yl3,comment
m1foz6a,Probaste crear una cuenta en prex uruguay? por ahi te deja y creo que entre prex de mismo titular se puede transferir,No-Chair9813,merval,1,2024-12-10 19:51:35,t3_1hb7yl3,t3_1hb7yl3,comment
m1ee49j,"""gratarola"" porque el CCL seguro cotizaba a un precio mayor que el MEP jajajaja",totrustyourself,merval,14,2024-12-10 15:47:16,t1_m1e6yle,t3_1hb7yl3,comment
m1e7fw9,"Me dijeron que no pueden hacerlo por cuestiones de normativa :/, lo mío son 230usd aprox, no me preocupa tanto pero es una paja pagar casi un 15% por liberarlos",Jaded-Hovercraft9408,merval,7,2024-12-10 15:12:57,t1_m1e6yle,t3_1hb7yl3,comment
m1elqob,JSJSJAKA,Jaded-Hovercraft9408,merval,5,2024-12-10 16:26:39,t1_m1ek4e3,t3_1hb7yl3,comment
m1ggbj4,en que bono lo hiciste? solo me deja por mep..,Jaded-Hovercraft9408,merval,1,2024-12-10 22:34:45,t1_m1fhlet,t3_1hb7yl3,comment
m1ey39s,el broker por retirarlos,Jaded-Hovercraft9408,merval,1,2024-12-10 17:30:51,t1_m1erxh1,t3_1hb7yl3,comment
m1eltxn,"no, justamente para eso hice la conversión jajajaja y resulta que no se puede, tiene que ser x conversión de cedears o ccl ingresados desde banco de afuera",Jaded-Hovercraft9408,merval,2,2024-12-10 16:27:07,t1_m1ekjw1,t3_1hb7yl3,comment
m1iejb1,"y pero no tiene sentido que yo haya ingresado mep, los haya convertido y no pueda volver a convertirlos. son vivísimos.",Jaded-Hovercraft9408,merval,3,2024-12-11 08:48:15,t1_m1iec6h,t3_1hb7yl3,comment
m1eb43z,[deleted],[deleted],merval,4,2024-12-10 15:31:48,t1_m1e8qei,t3_1hb7yl3,comment
m1gvozt,"me pase mep y los convertí mediante el convertidor de la app, q opera los bonos. no me la quieren volver a convertir los hdp",Jaded-Hovercraft9408,merval,1,2024-12-11 00:12:39,t1_m1gug6r,t3_1hb7yl3,comment
m1eh1nz,"Ni eso puedo, para operar tengo que retirarlos e ingresarlos de la cuenta del exterior",Jaded-Hovercraft9408,merval,2,2024-12-10 16:02:22,t1_m1eg2b8,t3_1hb7yl3,comment
m1efuq7,Nada es gratis :D,[deleted],merval,10,2024-12-10 15:56:11,t1_m1ee49j,t3_1hb7yl3,comment
m1f4fkw,"Balanz los convierte siempre 1 a 1. El CCL generalmente vale un poco mas que el MEP, es verdad.",chescov77,merval,5,2024-12-10 18:03:15,t1_m1ee49j,t3_1hb7yl3,comment
m1e7njw,Te mandaron cualquiera (o les da paja por el monto).,[deleted],merval,7,2024-12-10 15:14:04,t1_m1e7fw9,t3_1hb7yl3,comment
m1f2c06,"tomalo como que hiciste un ""curso sobre como evitar pelotudeces en el circuito financiero argentino"" que costaba 35 dolares y vos lo acabas de tomar... felicidades! aprobaste con 10! jajaja",InevitableBit2367,merval,4,2024-12-10 17:52:32,t1_m1e7fw9,t3_1hb7yl3,comment
m1f00qk,"Probá de mandarte esos usd a tu cuenta en usd local, a mi me deja. Una vez hecho el movimiento te queda en negativo MEP y el saldo viejo en CCL, en 1 o 2 dias te lo arreglan",Desmo4,merval,3,2024-12-10 17:40:46,t1_m1e7fw9,t3_1hb7yl3,comment
m1g5piq,Y como hacen con la renta q entra por CCL? Suena a chamuyo....opera un bono por CCL y salí por MEP...y precede a dar de baja la cuenta.,ch3ch3ni0,merval,2,2024-12-10 21:30:10,t1_m1e7fw9,t3_1hb7yl3,comment
m1ggide,"ahi me fije, me deja pero sale como contado inmediato, como que no esta disponible para operar, son unos hdp",Jaded-Hovercraft9408,merval,1,2024-12-10 22:35:56,t1_m1ggbj4,t3_1hb7yl3,comment
m1f559k,Y por transferirtelos a otro Broker?,Choriciento,merval,1,2024-12-10 18:06:57,t1_m1ey39s,t3_1hb7yl3,comment
m1if3br,"Hay *muchas* cosas ridículas de esa restricción. 
Me he tenido que hacer transferencias por 0,10U$D por unos dividendos falopa de algun CEDEAR…. 
Me pasó lo mismo que a vos el año pasado, y los deje ahí tirados esperando que anulen la regulación (probablemente sea cuando levanten el cepo).
Perdón por ser emisor de malas noticias",fra9910,merval,2,2024-12-11 08:53:20,t1_m1iejb1,t3_1hb7yl3,comment
m1ecfz2,Que locura como la complican en este pais,Accomplished_Rip_627,merval,1,2024-12-10 15:38:40,t1_m1eb43z,t3_1hb7yl3,comment
m1gw1io,Hacelo con bonos como te dije. Tenés que esperar un día si se operó en plazo 24 hrs.,finanon99,merval,1,2024-12-11 00:14:56,t1_m1gvozt,t3_1hb7yl3,comment
m1e8pqh,"es probable, despues les voy a romper un rato mas las bolas",Jaded-Hovercraft9408,merval,1,2024-12-10 15:19:32,t1_m1e7njw,t3_1hb7yl3,comment
m1gnjdy,Tal cual. Yo siempre les pido que me conviertan los dividendos (no llego ni a 5usd) y lo hacen sin drama.,zacaa09,merval,0,2024-12-10 23:20:17,t1_m1e7njw,t3_1hb7yl3,comment
m1f1enr,"a la local? no me deja, está vinculada como dolar mep. solo me deja al exterior retirar ccl",Jaded-Hovercraft9408,merval,1,2024-12-10 17:47:54,t1_m1f00qk,t3_1hb7yl3,comment
m1gg8m5,no me deja.. solo me da la opción de operarlo por mep,Jaded-Hovercraft9408,merval,1,2024-12-10 22:34:14,t1_m1g5piq,t3_1hb7yl3,comment
m1grffs,"Creo que fue en un bono bopreal o uno dual. También fíjate meterlo en una acción ( cedear creo más bien).   Por otro lado, ¿tenés seteada una cuenta en dólares local? Creo que no te dejan operar mientras no tengas una cuenta seteada. Yo me saqué una cuenta en brubank por la de dólares (sin costo)  y porque BNA me tenía las bolas llenas.",Real_Barracuda_6851,merval,1,2024-12-10 23:45:04,t1_m1ggide,t3_1hb7yl3,comment
m1gwzal,"voy a ver. generalmente si demora 24hs para operar me sale en : operar a 24hs, pero ahora solo me sale en contado inmediato por lo tanto solo me deja retirarlo, no operar",Jaded-Hovercraft9408,merval,1,2024-12-11 00:21:10,t1_m1gw1io,t3_1hb7yl3,comment
m1f6bhb,Cuando vas a local te dice saldo cero?  (Tal vez me deja porque no tengo cuenta exterior asociada? ),Desmo4,merval,1,2024-12-10 18:13:01,t1_m1f1enr,t3_1hb7yl3,comment
m1ggjs4,"ahi me fije, me deja pero mi saldo sale como contado inmediato, como que no esta disponible para operar, son unos hdp",Jaded-Hovercraft9408,merval,1,2024-12-10 22:36:11,t1_m1gg8m5,t3_1hb7yl3,comment
m1gt3oy,"si, tengo local y afuera. pero la de local la tengo seteada como dólar mep",Jaded-Hovercraft9408,merval,1,2024-12-10 23:55:44,t1_m1grffs,t3_1hb7yl3,comment
m1f9luq,"si puede ser. cuando voy a retirar me da a elegir entre ars mep y ccl, y si tocó ccl me lleva directo a la cuenta en el exterior q tengo vinculada",Jaded-Hovercraft9408,merval,1,2024-12-10 18:29:38,t1_m1f6bhb,t3_1hb7yl3,comment
m1izto3,"Me parece que es lo mismo que si vendes ""D"" / MEP. Una vez que se liquida, ese saldo te aparece como contado inmediato pero no podes comprar otra cosa con esos dolares. Tenes si o si que mandarlo a la cuenta del banco local (si es MEP), despues reingresarlos y ahi te quedan disponibles. La diferencia es que como lo hiciste con ""C"" / CCL, tenes que sacarlo a la cuenta del exterior y reingresarlos para que esten disponibles.",AddressFair4059,merval,2,2024-12-11 11:24:02,t1_m1ggjs4,t3_1hb7yl3,comment
m1hzdi6,"Proba retirar los dólares a la cuenta. Yo tengo 0,27$ de CCL y 0,70 de MEP. Intente retirar ese dinero. Pude retirar 0,97$ .Es decir, los CCL los paso a MEP. Creo que es esto lo que hice antes. Los retire, los reingrese y ahí los invertí.",Real_Barracuda_6851,merval,1,2024-12-11 06:03:27,t1_m1gt3oy,t3_1hb7yl3,comment
m1ff98i,"Por eso, toca mep y proba si te deja.

Si estas en la app probá desde la pc (?)",Desmo4,merval,2,2024-12-10 18:58:39,t1_m1f9luq,t3_1hb7yl3,comment
m1ie0c9,no deja,Jaded-Hovercraft9408,merval,1,2024-12-11 08:43:20,t1_m1hzdi6,t3_1hb7yl3,comment
m1gfk58,no tengo saldo en mep pq lo tengo en ccl,Jaded-Hovercraft9408,merval,1,2024-12-10 22:30:00,t1_m1ff98i,t3_1hb7yl3,comment
m1ierpq,Hasta ahí sé. Lástima que no pueda ayudarte más. Puede ser diferente estatus fiscal.,Real_Barracuda_6851,merval,1,2024-12-11 08:50:24,t1_m1ie0c9,t3_1hb7yl3,comment
m1gi1is,"Entra a una licitacion de alguna on q sea en cable y dsps vendes mep.

Y te recomiendo Balanz o Inviu",UniversityWorldly199,merval,1,2024-12-10 22:45:29,t1_m1gfk58,t3_1hb7yl3,comment
m1h46np,"Pero no te deja igual? Yo cobro dividendos de los cedears en CCL y los saco por mep, me aparece en rojo pero los saca igual",Desmo4,merval,1,2024-12-11 01:10:47,t1_m1gfk58,t3_1hb7yl3,comment
m1if1st,"gracias por la ayuda, desp veo que hago jajaja le voy a romper las bolas a mi asesor",Jaded-Hovercraft9408,merval,2,2024-12-11 08:52:57,t1_m1ierpq,t3_1hb7yl3,comment
m1gib2p,"no me deja usar los ccl, una verga",Jaded-Hovercraft9408,merval,1,2024-12-10 22:47:09,t1_m1gi1is,t3_1hb7yl3,comment
m3mjy0y,"Dale, escribí bien, me dió un acv lpm!",don_maidana,merval,59,2024-12-24 15:11:34,t3_1hlbku8,t3_1hlbku8,comment
m3kvh3r,Vendé.,Logroom,merval,20,2024-12-24 08:23:10,t3_1hlbku8,t3_1hlbku8,comment
m3kxj9p,Véndelas ya,Downtown_Weakness_21,merval,13,2024-12-24 08:44:56,t3_1hlbku8,t3_1hlbku8,comment
m3l2kwx,"Yo casi compro antes de las elecciones a 8/9, no se porqué no lo hice y a medida que subia dejé de darle bola, me quiero matar ahora jaja",heliz_10,merval,10,2024-12-24 09:33:34,t3_1hlbku8,t3_1hlbku8,comment
m3l7osf,"Cuando se anunció la venta, el precio de las acciones subieron a prácticamente el precio de la oferta, menos 1%. Por lo que no tenés incentivos a no venderlas y esperar al momento en el que se liquiden.",elrond_lariel,merval,9,2024-12-24 10:15:41,t3_1hlbku8,t3_1hlbku8,comment
m3lbnul,"El precio al que subió es casi lo mismo que el precio pactado de venta. Hay una pequeña diferencia por la (poca, supongo) incertidumbre de que tal vez la venta no se cierre

Podes vender ahora y listo. O podés no hacer nada y eventualmente las vas a vender forzosamente al nuevo dueño de la compañia",teteban79,merval,7,2024-12-24 10:44:47,t3_1hlbku8,t3_1hlbku8,comment
m3l3nx4,"En el traspaso se va a bloquear la acción, es común que suba un 33% una vez vendida como fue el caso y luego baje, justamente por esto, si queres seguir manteniendo la acción por la empresa, hacelo cuando se reinserte al mercado.
Fíjate que lo mismo paso con Twitter cuando la compro Elon Musk, en esa transacción encontras más info de como es el manejo.
Exitos y suerte",TarzanBoy_financial6,merval,11,2024-12-24 09:43:09,t3_1hlbku8,t3_1hlbku8,comment
m3n7hco,"Compre hace unos meses porq veia tendencia nada mas de q pegaba picos en enero y julio. Sin ver la noticia vendi en el pico, sacando 500 crocantes, papa noel fue generoso",druttDELzotano,merval,4,2024-12-24 17:30:51,t3_1hlbku8,t3_1hlbku8,comment
m2p7mo5,"Hace poco un compañero de trabajo me decía que iba a comprar Bitcoin cuando baje a 40k (en ese momento estaba a 60), sigue esperando........

Espero haberte respondido, suerte!",ComfortableAny151,merval,27,2024-12-18 15:55:13,t3_1hh8iu9,t3_1hh8iu9,comment
m2p8s1n,"Amigo si son ahorros calculo que son a largo plazo, no te tiene que mover que el precio se mueva entre 1000 y 1200, a fin de cuenta lo que te interesa a vos es tener dolares, o construir una base de ahorro en dolares, no importa el tipo de cambio, ahora si estas buscando un arbitraje o vas a comprar y mañana vas a ver si cayo o subió, te recomiendo que te gastes los pesos en algo que necesites en vez de dolarizarte.

Atte: Una persona que no tiene ni idea de economía",Weary_Victory4397,merval,30,2024-12-18 16:01:11,t3_1hh8iu9,t3_1hh8iu9,comment
m2p7tbr,Bancame que saco la gema del tiempo y me fijo a cuanto va a estar el dolar.,[deleted],merval,34,2024-12-18 15:56:10,t3_1hh8iu9,t3_1hh8iu9,comment
m2pgrvm,"compra mitad ahora y la otra mitad esperá hasta enero

nadie sabe que va a pasar",fedaykin21,merval,10,2024-12-18 16:43:06,t3_1hh8iu9,t3_1hh8iu9,comment
m2paats,"Mira, futurologia nadie puede hacer. 

Personalmente con lo que es el ahorro en usd, siempre compro a principio de mes. No importa que este 1200 o que este 1020, compro igual. ¿Por que? Es simple, el ahorro en usd lo veo como algo a LARGO plazo. No lo compro para vender en 5 meses y listo, sino para venderlos dentro de 5 o 10 años.

Es mi manera de verlo, tomalo o dejalo jaja",[deleted],merval,8,2024-12-18 16:09:11,t3_1hh8iu9,t3_1hh8iu9,comment
m2pd4mw,"Creo que esta mal tu deduccion de que el dolar subio por el aguinaldo. Es lo mismo que te diga ""empresas venden dolares para pagar aguinaldo""... En fin.
Esto es simple, argentina es uno de los paises mas caro del mundo en dolares, el peso es un ponzi con tasa muy alta diferente a un pais normal, eso provoca el famoso carry trade. Capaz que algun amiguito de caputo desarmo su carry con tremendo profit, se dolarizo y provoco el pump a 1205 que esra ahora.

A eso sumale las medidas de trump que estan fortaleciendo el dolar, ya que Trump hara lo mismo que Milei y el dolar esta subiendo en el mundo. En fin, tener pesos es como tener una bomba.

Te la hago facil, mis ultimos dolares los compre en 1250 y 1300 y compre btc en 50k, ahora gane muchisima guita, si me hubiera quedado en pesos, estaria en la quiebra",Firm_Translator_8623,merval,4,2024-12-18 16:23:58,t3_1hh8iu9,t3_1hh8iu9,comment
m2pqb0b,"Llegaste un poco tarde, hasta hace un par de días estaba barato jaja",Present_Mail94,merval,3,2024-12-18 17:32:54,t3_1hh8iu9,t3_1hh8iu9,comment
m2pvf0t,"Le quiere ganar al mercado en el corto plazo para, con la ganancia de un mes, irse de vacaciones a Brasil. Y después uno se pregunta como Cositorto estafó a tanta gente.",sertalll,merval,5,2024-12-18 17:58:33,t3_1hh8iu9,t3_1hh8iu9,comment
m2pt4ip,"Siempre es momento de comprar dólares. Pero si compras cuando el precio está bajo, como ahora, mejor. Si después baja, no pasa nada, xq en este país siempre termina subiendo.",Anyulinela,merval,2,2024-12-18 17:47:09,t3_1hh8iu9,t3_1hh8iu9,comment
m2q75lj,"Tres letras

DCA",SarasaGusman,merval,2,2024-12-18 18:59:00,t3_1hh8iu9,t3_1hh8iu9,comment
m2tdbtq,"Disclaimer: soy completamente ignorante.


Ayer, estaba en la misma disyuntiva, yo puse la guita en un fci para esperar a ver si baja un poco.
Mi idea es comprar en enero ponele.",Itsimpleismart,merval,2,2024-12-19 09:52:36,t3_1hh8iu9,t3_1hh8iu9,comment
m2pf2qq,"Escucha, 8 de enero, 16 35 pm , exactamente en ese minuto compra todo, en un mes me lo vas a estar agradeciendo 😉",Necessary_Layer-,merval,4,2024-12-18 16:34:14,t3_1hh8iu9,t3_1hh8iu9,comment
m2p95pb,nunca es mal momento para comprar dolares...,john_belt,merval,1,2024-12-18 16:03:10,t3_1hh8iu9,t3_1hh8iu9,comment
m2pzuei,"Que te va a cambiar en 700 lucas? 50 usd de diferencia???
No te va a mover ma aguja",[deleted],merval,1,2024-12-18 18:20:55,t3_1hh8iu9,t3_1hh8iu9,comment
m2rch77,Yo no compraría mep en esta suba.,d4nit0,merval,1,2024-12-18 23:04:39,t3_1hh8iu9,t3_1hh8iu9,comment
m339ssm,"Compra la mitad ahora y los mitad en veinte días o cuando quieras. 

Pero toma una decisión antes, porque sino mañana se va a 1300 vos compras por fomo y después baja.

Cómo los boludos que compran en 1300 para arriba. 
Yo abajo de 1200 acumuló dólares. 

Cuando las economía crezca va a necesitar dólares, y si hay crisis, también se valorizan los dólares. 

Asique yo abajo de 1200 soy comprador.",Kaji157,merval,1,2024-12-21 01:23:40,t3_1hh8iu9,t3_1hh8iu9,comment
m36gep3,"Yo ya compre anteayer. Mis fundamentos: en argentina siempre fue el dólar la moneda para guardar, lo tuvieron planchado en el tiempo de Cristina, para subirlo de golpe con Macri. En este tiempo paso algo parecido, planchado para acomodar la situación económica general para terminar subiéndolo. Abiertas las importaciones la única forma de que compren algo hecho en argentina es subir el dólar.",Paco27041,merval,1,2024-12-21 16:31:05,t3_1hh8iu9,t3_1hh8iu9,comment
m3a54g1,Miti y miti.,Fun_Regret_2568,merval,1,2024-12-22 10:46:01,t3_1hh8iu9,t3_1hh8iu9,comment
m2qgl2x,"Si es para ahorro a mediano/largo plazo no compres dólares. Compra acciones o cedears
Podes comprar mitad en acciones de YPF y mitad de Pampa energía que son empresas que van a crecer mucho con las exportaciones de vaca muerta y las futuras expiaciones del gaseoducto",Legitimate-Cress-705,merval,1,2024-12-18 19:51:07,t3_1hh8iu9,t3_1hh8iu9,comment
m2pmnd4,si. siguiente pregunta,Positive_Strain3881,merval,0,2024-12-18 17:13:55,t3_1hh8iu9,t3_1hh8iu9,comment
m31k0f9,"Cuando termine las vacaciones, va a bajar. ",Pearl_Jam_,merval,0,2024-12-20 18:29:06,t3_1hh8iu9,t3_1hh8iu9,comment
m2qkxsi,"En algun momento va bajar a 0, ahi compraria bitcoin.",possiblecefonicid,merval,6,2024-12-18 20:16:39,t1_m2p7mo5,t3_1hh8iu9,comment
m2palwx,Muchas gracias es una buena respuestaaaa! Pobre tu amigo se quiere matar jaja lpm,0YumeSan,merval,4,2024-12-18 16:10:47,t1_m2p7mo5,t3_1hh8iu9,comment
m2p9cpl,"En realidad queria usarlos en mis vacaciones, irme con 600 700 dolares para gastar en vacaciones y el resto pagar hospedaje y micro o avion o algo asi, un brasil economico o parecidos... Pero bueno entiendo que nadie tiene la bola de cristal solo queria ver las opiniones jaja gracias por la respuesta igual!",0YumeSan,merval,1,2024-12-18 16:04:13,t1_m2p8s1n,t3_1hh8iu9,comment
m2p8ff9,mejor fijate los números del quini y nos ahorramos tener que hacer el trade,SimilarStock3,merval,14,2024-12-18 15:59:20,t1_m2p7tbr,t3_1hh8iu9,comment
m2pzvk7,Iba a sugerir algo similar. De esta forma promediás.,Previous-Union-1363,merval,2,2024-12-18 18:21:06,t1_m2pgrvm,t3_1hh8iu9,comment
m2pbe6f,"La meta seria tener muchos dólares para poder usarlos (como se te de la gana), no para sacar ganancia en pesos",Weary_Victory4397,merval,3,2024-12-18 16:14:52,t1_m2paats,t3_1hh8iu9,comment
m2pzwi4,"Igual si a principio de año todos esos pesos los metías en un plazo fijo uva, hoy en usd estarías más arriba que si hubieras comprado bitcoin...",NearHyperinflation,merval,3,2024-12-18 18:21:14,t1_m2pd4mw,t3_1hh8iu9,comment
m2poony,como? pero si el peso le habia ganado al dolar no era asi?? yo hace dos años compre 100usd con un sueldo entero y hoy compro 1000 usd con un sueldo... eso no es valorar el peso argentino? o es que se deprecio el dolar? osea yo perdi el valor del dolar comparado a años atras ya que con un sueldo hoy compo mas dolares cuando antes compraba 100... se entiende,maxibarto,merval,-2,2024-12-18 17:24:29,t1_m2pd4mw,t3_1hh8iu9,comment
m2tq4u6,jajajaja,enecv,merval,1,2024-12-19 11:19:03,t1_m2pvf0t,t3_1hh8iu9,comment
m2qs1ah,La mejor respuesta. 😌☝🏻,icemodding,merval,1,2024-12-18 20:59:42,t1_m2q75lj,t3_1hh8iu9,comment
m2spy4j,daño cerebral adquirido o dollar cost averaging?,juanchi74,merval,1,2024-12-19 05:57:52,t1_m2q75lj,t3_1hh8iu9,comment
m2wx5be,En enero es pleno éxodo turístico. Van a demandar bastante.,TitoFloresta,merval,1,2024-12-19 22:11:48,t1_m2tdbtq,t3_1hh8iu9,comment
m2www7w,es suba o rebote?,TitoFloresta,merval,1,2024-12-19 22:10:13,t1_m2rch77,t3_1hh8iu9,comment
m3a57e6,Compra 50% MEP o AL y el resto en TASAS.,Fun_Regret_2568,merval,1,2024-12-22 10:46:40,t1_m3a54g1,t3_1hh8iu9,comment
m2qjdng,"y vista, alguien quiere pensar en vista?",juanchi74,merval,1,2024-12-18 20:07:24,t1_m2qgl2x,t3_1hh8iu9,comment
m2qqgnx,Wuauu un visionario!,ComfortableAny151,merval,4,2024-12-18 20:50:10,t1_m2qkxsi,t3_1hh8iu9,comment
m2qyta6,"Esta el tema quantum computers que podrian destruir el esquema de POW, mas que nada, como riesgo. De lo contrario, mientras mas adopcion haya (ETFs, ahora el gov Americano con —mantener—desregulacion y modificacion de reg bancarias, etc), medio que llego para quedarse. Eso en cuando a reserva de valor. De ahi a que tenga “utilidad” (como ETH, por ej), es otra cosa.",polentx,merval,1,2024-12-18 21:40:53,t1_m2qkxsi,t3_1hh8iu9,comment
m2pakqv,"Y ante la duda diversifica y también depende del plazo, y el contexto económico tuyo. Hay herramientas como los bonos que ajustan por inflación, tenes letras (congelas una tasa por cierto periodo) o comprar MEP.",Weary_Victory4397,merval,2,2024-12-18 16:10:37,t1_m2p9cpl,t3_1hh8iu9,comment
m2p91f9,fua altos descansos me tiran bien ahi jaja,0YumeSan,merval,9,2024-12-18 16:02:32,t1_m2p8ff9,t3_1hh8iu9,comment
m2q4rfd,"Hace 1 año el bitcoin estaba e  25k, subio un 318% El Uva cuanto te da en 1 año en %",Firm_Translator_8623,merval,1,2024-12-18 18:46:28,t1_m2pzwi4,t3_1hh8iu9,comment
m2sqfhw,Ambos,SarasaGusman,merval,3,2024-12-19 06:03:23,t1_m2spy4j,t3_1hh8iu9,comment
m2wxgo8,"En mí caso, puedo esperar hasta febrero, igualmente, tengo que cubrir una cantidad, si sube, tengo las reservas.",Itsimpleismart,merval,2,2024-12-19 22:13:51,t1_m2wx5be,t3_1hh8iu9,comment
m2qrz6h,no te quepa duda,possiblecefonicid,merval,1,2024-12-18 20:59:21,t1_m2qqgnx,t3_1hh8iu9,comment
m2r285k,"Capo, es literalmente la definición de especulación, lo que me da bronca todos los recursos que se gastan, electricidad y piezas electrónicas en la nada misma.",possiblecefonicid,merval,1,2024-12-18 22:01:50,t1_m2qyta6,t3_1hh8iu9,comment
m2pnmd0,metele todo al grodo de navidad capas tenes mas chances ...,maxibarto,merval,3,2024-12-18 17:18:57,t1_m2p91f9,t3_1hh8iu9,comment
m2q8va0,"Mira... Google rápido, 1-1-2024 el btc estaba 42k, la última vez que estuvo a 25k fue en agosto del 2023 osea un año y medio aprox. Aun así la inflación interanual hasta ahora del 2024 es del 193%, si tomamos la cotización de ambos en diciembre 31 tenes el btc a 42580 usd y el dolar blue a 1025 pesos. Si tenes 100usd y los pones el 31 de diciembre en plazo fijo uva tenes aprox 290k pesos (a dolar blue hoy 240usd) si compraste 100 usd en bitcoin hoy tendrias (237usd). Esto es entrando en enero de este año, si entras en julio 2023 donde el bitcoin estaba 26k ahí el bitcoin le gana por bastante, si entras en noviembre del 2023 el uva gana por un 30% extra aprox",NearHyperinflation,merval,1,2024-12-18 19:08:14,t1_m2q4rfd,t3_1hh8iu9,comment
m33aikb,"El rendimiento de un plazo fijo uva+1% (Banco nación) a un año de diciembre a diciembre me rindió 318%.

En dólares es un poco más porque cuando lo constitui el fuiste estaba arriba de 1300",Kaji157,merval,1,2024-12-21 01:29:12,t1_m2q4rfd,t3_1hh8iu9,comment
m2qshyf,Hace 10 años que la venís pifiando.,ComfortableAny151,merval,3,2024-12-18 21:02:33,t1_m2qrz6h,t3_1hh8iu9,comment
m2r7ta4,"“Especulacion” como actividad es independiente del tipo de activo; existe tanto para btc como para otras monedas, acciones, etc. Creo que todo depende de que tan ampliamente aceptado es.

Por otro lado, el USD asi como otras monedas soberanas tambien tienen un costo enorme de mantener cuando su unico respaldo es la confianza del publico (muy probablemente ordenes de magnitud superior al costo de crear y mantener al btc). No hace falta que te diga todo lo que hace EEUU para mantener la egemonia de su moneda y los costos que eso tiene para el mundo.

Aun asi comprendo el sentimiento, yo mismo no estoy del todo convencido de hacia donde va la cosa, pero viste como son los tiempos modernos…",polentx,merval,1,2024-12-18 22:36:05,t1_m2r285k,t3_1hh8iu9,comment
m36jzk6,Entonces te debe dar bronca también lo que pasa con el oro no? Pura especulación desde hace más de cien años.....menos del 10% del oro es utilizado con fines prácticos y ni hablar del gasto de recursos en extracción que produce.,ComfortableAny151,merval,1,2024-12-21 16:52:12,t1_m2r285k,t3_1hh8iu9,comment
m2qd6f6," Yo hice Uva en noviembre y diciembre, a 180 dias por ahi no recuerdo, donde ocultaron la opcion los bancos y ya enero pusieron limites. Igualmente comparar uva con btc, es especulativo ya que Uva fue por la devaluacion ya anticipada del dolar oficial. Bitcoin se lo debe comprar con activos duros como el Oro, SP500 etc ya que necesitas mucha guita para que te sea rentable ya sea estando en 33k en noviembre o inclusive menos. 
Es lo mismo que te traiga pnut va uva. Si ponias 100 dolares en pnut, hoy serias millonario o gigachad vs uva. Creo que seria justo asi jaja",Firm_Translator_8623,merval,1,2024-12-18 19:31:54,t1_m2q8va0,t3_1hh8iu9,comment
m2qsybf,"Y pueden pasar 10 años mas, ya esta lleno de peces gordos, cuando hagan cashout mañana, en 5, 10 o 20 años mas, baja a cero.",possiblecefonicid,merval,1,2024-12-18 21:05:21,t1_m2qshyf,t3_1hh8iu9,comment
m2r84q8,"Pero la reserva federal cuando emite es solamente un insert en una base de datos, no nos gastamos millones de recursos electrónicos en algo intangible y que por si mismo no hace nada.",possiblecefonicid,merval,1,2024-12-18 22:38:04,t1_m2r7ta4,t3_1hh8iu9,comment
m37qutm,Totalmente.,possiblecefonicid,merval,1,2024-12-21 21:21:50,t1_m36jzk6,t3_1hh8iu9,comment
m2qwkf0,Ahhhh dale en 20 años hablamos.........,ComfortableAny151,merval,2,2024-12-18 21:27:17,t1_m2qsybf,t3_1hh8iu9,comment
m2rjxki,"Este año fiscal el presupuesto del DoD fueron $2 trillones, sin guerra en territorio propio. Eso cuesta, al menos en gran parte, mantener el dolar.

El dinero que “imprime” la Fed se usa para comprar activos, deuda generalmente del tesoro o bonos (corporativos y otros). Esa deuda cubre deficits y paga intereses, todos costos de mantener la economia y otras instituciones en sentido amplio. Es justo, creo, decir que el valor del dolar depende de todo ese esfuerzo.

Si nadie creyera en todo ese “circo”, el valor del dolar seria $0.",polentx,merval,2,2024-12-18 23:51:49,t1_m2r84q8,t3_1hh8iu9,comment
m2r1ze7,lo importante es que veas el punto,possiblecefonicid,merval,1,2024-12-18 22:00:20,t1_m2qwkf0,t3_1hh8iu9,comment
m2rkjzz,"El dolar de por si no vale nada, en eso te doy la derecha, a lo que voy es que cuando vos invertis en SP500 ponele, eso va a la economia real, bienes y servicios, el cafe llega al puerto, el barco carga petroleo para meterlo en container y el envaso lo lleva hasta el supermercado. Sim embargo, la criptomoneda, no sirve ni como bien, ni como servicio, entonces a donde va? A la especulacion pura, que mañana alguien este dispuesto a pagar 100, 110, 200k? En algun momento se pincha ese globo.",possiblecefonicid,merval,2,2024-12-18 23:55:51,t1_m2rjxki,t3_1hh8iu9,comment
m2r2sk2,"Es que diciendo que en 20 años btc se puede ir a 0 no decís nada ya que las acciones de coca, de Google, de apple, de Microsoft también se pueden ir a 0. Por eso es tan genérico lo que planteas que está vacío de contenido.",ComfortableAny151,merval,2,2024-12-18 22:05:22,t1_m2r1ze7,t3_1hh8iu9,comment
m2rwsdd,"Cuando compras SPY pagas por activos (capital de las empresas) que tienen un valor dado por su potencial para generar ingresos. Hoy cotiza a 27x ganancias futuras entiendo, eso seria hasta 20% sobrevalorado comparado con historico, de acuerdo a reportes. Eso es especulacion, no va a la economia real, es gente pagando mas de lo normal por un valor aun no realizado (ganancias futuras). En parte ese humo se disipo hoy con el 3% abajo despues del recorte de tasas.

Asi que no todo es economia real, pero entiendo lo que decis, en parte es asi. Pero en parte no, creo. Btc sigue siendo una moneda, no activos de empresas. Su valor viene de las expectativas respecto a su aceptacion y, si, especulacion respecto a su valor futuro (y no de su rendimiento, como en el caso de los activos de empresas).

Algo asi seria en base a lo que he aprendido.",polentx,merval,1,2024-12-19 01:20:47,t1_m2rkjzz,t3_1hh8iu9,comment
m2r3v5l,"Esas empresas dan servicios y productos, si vos invertis ahí estás invirtiendo en recursos reales. Bitcoin es una máquina de derrochar recursos reales en la nada misma, por mi que se termine mañana porque es tóxico a esta altura.",possiblecefonicid,merval,2,2024-12-18 22:12:01,t1_m2r2sk2,t3_1hh8iu9,comment
m2wz2xe,"Es tan moneda como el dinero divertido de Itchy and Scratchy, es cierto lo del componente especulativo de los stocks, pero en el caso del Bitcoin es 100% especulación.",possiblecefonicid,merval,0,2024-12-19 22:24:08,t1_m2rwsdd,t3_1hh8iu9,comment
m2kzqs9,"No, no hay chance por como funciona toda la gestión y el proceso de una hipoteca

Lo que sí creo que podés hacer es sacar una hipoteca en uno y un personal en otro",Dense-Hold3956,merval,24,2024-12-17 21:32:52,t3_1hgp308,t3_1hgp308,comment
m2kzm3c,"No creo que se pueda, te piden demostrar capacidad de pago y previo ahorro, el ejercicio lo tenes que hacer vos, no es un prestamo a 3 años de 10 palos, estas hablando de endeudarte a largo plazo, en nuestro pais no sirve mostrar que sos bueno pagando nada mas, hay que tener ahorros previos? es la mejor manera? no lo se...

Como recomendacion empeza a ahorrar, si no logras eso sin una picana em el ogt (una hipoteca que si no pagas quedas afuera) es mucho mejor no entrar...",gamba47,merval,5,2024-12-17 21:32:04,t3_1hgp308,t3_1hgp308,comment
m2l1alf,"la casa solo puede tener un hipotecario.

el otro debería ser credito personal.

en ambos verifican tus créditos (incluso si sacaste 5k en mercado pago)

ambos créditos no pueden superar el 30% de tu sueldo, o de la suma de tu sueldo y tu pareja o el recibo que presentes (podes presentar tu recibo y dw tu padre, para sumar límite)

anda a preguntar pq nación esta por sacar al 90% de la propiedad (en Mendoza ya lo dan) capaz ya lo habilitan en bs as.

el escribano ni te mira q haces le pregunta al vendedor si esta todo OK. q es el que cuenta la plata",roberp81,merval,4,2024-12-17 21:42:17,t3_1hgp308,t3_1hgp308,comment
m2l0ios,Se puede pero para darte un préstamo comprueban de que la cuota no supere el 20% del sueldo. Y en sistema sale que otros préstamos tenes. Si cumplís los requisitos no hay ningún problema. ,WhereGordibuena,merval,3,2024-12-17 21:37:31,t3_1hgp308,t3_1hgp308,comment
m2lubh8,"No podes sacar 2 hipotecas sobre la misma propiedad. Y si el 2do crédito fuese personal, va a afectar tu capacidad crediticia para que te den el hipotecario (Y viceversa, si ya tenes un crédito hipotecario, te van a dar menos en la línea de crédito personal)",panchoc_,merval,2,2024-12-18 00:45:30,t3_1hgp308,t3_1hgp308,comment
m2q7zep,Veraz que no podrás.,I_am_javier,merval,2,2024-12-18 19:03:27,t3_1hgp308,t3_1hgp308,comment
m2lh2r5,"Una de las condiciones del crédito es que no tengas otro crédito. Te va a convenir ver si no encontrás una linea de crédito que cubra el 100%...

Igual, ojo con la cuota. Si necesitas usar el máximo de tu crédito disponible vas a tener que pensar a futuro los riesgos (desde que tan fácil te resultaría conseguir un laburo con el mismo ingreso que tenés ahora hasta que pasa si hay un salto de inflación a mitad camino).",Mock_User,merval,1,2024-12-17 23:19:41,t3_1hgp308,t3_1hgp308,comment
m2lhzw5,"No, porque ese porcentaje que es menor a 100% (el loan to value o LTV) es para que el banco tenga un colchón para absorber la pérdida en caso de tener que quedarse con tu propiedad en caso que no pagues. Ningún banco va a aceptar que haya otro banco que pueda ir por la misma propiedad porque eso querría decir que el banco pierde ese margen",javagior,merval,1,2024-12-17 23:25:33,t3_1hgp308,t3_1hgp308,comment
m2lze9o,En estos casos te recomiendo que veas si algún familiar te puede prestar de onda los dólares y le vas devolviendo cuando puedas. Pero por el canal bancario no podés. tomar dos créditos sobre una misma propiedad y además te van a pedir que tengas ese 255 de ahorro previo demonstrable antes de darte el crédito,Terodius,merval,1,2024-12-18 01:20:22,t3_1hgp308,t3_1hgp308,comment
m2m3tl3,"La cuota de un credito (del tipo que sea) no puede superar el 35 - 40% de tus ingresos, supongamos q es el q usas por el 75%. Si bien es cierto que son menos hinchas con los prestamos personales, el banco (o quien sea q te preste la plata) quiere q le devuelvas y para q eso pase se tienen q fijar si ya tenes deudas a pagar, ahi va a saltar q tenés el otro crédito y por ende te van a dar 0 plata.

Ahora supongamos que el primer credito tiene una cuota que te queda como un 30% de tus ingresos, y q el maximo sea 40%, el segundo credito como máximo va a tener una cuota q represente el 10% de tus ingresos, dada esa cuota lo q te van a dar es un prestamo q a lo sumo tenga esa cuota.

No se como funciona con las tarjetas de credito esta regla (ni se debe aplicar) porq la la tarjeta tiene un limite q es superior a tu sueldo muchas veces (en mi caso tengo un limite q es 5 veces lo q ganaba, ahora q estoy ganando menos, el monto bajó pero no mucho disminuyó en un 15% aprox)",Inaksa,merval,1,2024-12-18 01:53:45,t3_1hgp308,t3_1hgp308,comment
m2mqwt6,"Podés sacar el de 25% personal, y el 75% hipotecario después de terminar de pagar el primero.",[deleted],merval,1,2024-12-18 05:37:22,t3_1hgp308,t3_1hgp308,comment
m2nak91,"Que ganas de cagarte la vida eh

Después vas a sacar otro prestamo para pagar la escritura,la inmobiliaria e impuestos?  
Mirá que se te va un 10% ahí",Organic_Pumpkin_6836,merval,1,2024-12-18 09:07:24,t3_1hgp308,t3_1hgp308,comment
m2rfeen,"No, lo que puedes hacer es compartir tu hipoteca, por ejemplo con tu esposa o familiar.",paimkillet361,merval,1,2024-12-18 23:23:03,t3_1hgp308,t3_1hgp308,comment
m2rj1hj,"Si el bien es tuyo entiendo que sí se permite la segunda hipoteca. Siempre que el costo de la propiedad lo permita. O sea hipoteca por 200% del valor, no. Esta situación sería cuando ya tenes la escritura a tu nombre.

En el proceso con un banco es distinto, porque la escritura se la queda el banco. No creo que te la puedas llevar o modificar para hacerle una segunda escritura.

De hecho, el banco no te deja al obligarte a cancelar el resto del saldo.

Supongo que si vas a una escribania medio barrani todo esto se puede hacer, obvio con otras tasas. Al menos, en los 90 era común. O quizás mi padre estaba muy ahorcado.

Igualmente, todo esto está claramente regulado por el ccyc",Rudy_Clausius,merval,1,2024-12-18 23:46:05,t3_1hgp308,t3_1hgp308,comment
m32mw0q,y ahi va otro/a que quiere hacer alquimia economica.,nikcero,merval,1,2024-12-20 22:38:58,t3_1hgp308,t3_1hgp308,comment
m2kzhac,"Si, tranquilamente se puede. Por ejemplo para comprar una propiedad de 100k usd podrias sacar un UVA por 75K, y después un préstamo personal por 25K usd, el tema es que las tasas de los créditos personales estan bastante altas. A tener en cuenta que, el monto del crédito UVA se acredita directamente al vendedor del inmueble(al menos en BANCOR), por lo tanto al momento de cerrar la compra deberías tener esos 25 k USD cash o MEP para darle al dueño.",Motor-Town1470,merval,1,2024-12-17 21:31:15,t3_1hgp308,t3_1hgp308,comment
m2lj277,"Técnicamente podés sacar un hipotecario en un banco y un personal en otro. Ahí chequeé en el homebanking y puedo sacar un personal preaprobado de hasta 25 millones que tranquilamente alcanzaría para el anticipo. 

Solo dos salvedades a tener en cuenta: 

1. No seas boludo de sacar el personal en el mismo banco que estás sacando el hipotecario porque al momento que saques el personal te va afectar el plafón (básicamente la cantidad de plata en total que el banco está dispuesto a prestarte contando todos los productos que tenés con ellos) y se te va a caer el hipotecario o te van a prestar mucho menos.

2. Si estás en una situación donde tus ahorros son 0 cuál es la chance de que puedas pagar la cuota de dos préstamos?",alastrid,merval,0,2024-12-17 23:32:22,t3_1hgp308,t3_1hgp308,comment
m2lxpfs,"La veo medio difícil porque pensá que antes de liquidar el hipotecario te sacan un veraz, si ya tenés un personal que limita tu capacidad de repago entonces el hipotecario baja su monto considerablemente. Además tené en consideración que la primera cuota no puede superar el 25% de tus ingresos demostrables.",General-Bed-4067,merval,8,2024-12-18 01:08:27,t1_m2kzqs9,t3_1hgp308,comment
m2ldcpr,This,MateListo,merval,2,2024-12-17 22:56:24,t1_m2kzqs9,t3_1hgp308,comment
m2laea9,Gracias loco ojala habiliten 90% averiguo mañana,ProudPlatinean,merval,4,2024-12-17 22:38:17,t1_m2l1alf,t3_1hgp308,comment
m30wtyh,I saw what you did there,Key_Machine,merval,2,2024-12-20 16:17:13,t1_m2q7zep,t3_1hgp308,comment
m2l7tvm,"Hasta donde vi, en los hipotecarios uva te piden que canceles los otros prestamos que tengas vigentes.",Illustrious-Hair8400,merval,5,2024-12-17 22:22:25,t1_m2kzhac,t3_1hgp308,comment
m2naoph,"si no tenes ni un mango ahorrado,claramente no te podes comprar una casa.",Organic_Pumpkin_6836,merval,3,2024-12-18 09:08:28,t1_m2kzhac,t3_1hgp308,comment
m0itq3p,Sale ese BMW OP!!,caption-this-,merval,9,2024-12-05 08:17:32,t3_1h70m0x,t3_1h70m0x,comment
m0khna7,Yo solo vengo a decir que tuve que vender los 3 pesos que tenía en btc para poder subsistir el mes porque me quedé sin laburo. A ver si este año hago mejor las cosas,katsudonKawaii,merval,3,2024-12-05 14:31:02,t3_1h70m0x,t3_1h70m0x,comment
m0j0krv,"Yo no quiero decir nada, pero AYER salio una [nota de milei en coindesk](https://www.coindesk.com/policy/2024/12/04/one-year-of-javier-milei-why-argentinian-crypto-folks-can-t-get-enough-of-him) y hoy ATH.

Edit: No lean coindesk es un sorete.",MyOtherAcctsAPorsche,merval,2,2024-12-05 09:19:58,t3_1h70m0x,t3_1h70m0x,comment
m0j7ygj,"y ni siquiera es tendencia en argentina, es una buena señal",LeBroneta,merval,0,2024-12-05 10:15:54,t3_1h70m0x,t3_1h70m0x,comment
m0hncc2,"tampoco como si dijesemos qué novedad, hace meses que se viene esperando y hace 15 días que se venia manteniendo pero mas no iba a aguantar. Ahora seguramente tire un par de semanas en alza y después se calme y fin de año a todo altcoin, como siempre después de una suba de BTC. Ahora la posta probablemente sea comprar XRP y HBAR que se desplomaron (falta NEAR para la trifecta del cryptoamor) y seguramente van a romper los ATH a fines de diciembre o principios de enero",AbleInvestment2866,merval,-4,2024-12-05 01:23:37,t3_1h70m0x,t3_1h70m0x,comment
m0j08qa,"Alto riesgo? Falta estudio, una vez que entendiste Bitcoin y el cambio de unidad de cuenta que viene en el mundo, entendés que Bitcoin es lo más conservador del mundo.

Los que ven Bitcoin como una inversión todavía no entendieron el nuevo paradigma.",lockduck1,merval,-11,2024-12-05 09:17:11,t3_1h70m0x,t3_1h70m0x,comment
m0j7974,"Mientras te des cuenta que estás suponiendo, adivinando, y no podes saber lo que va a pasar a tan corto plazo, teoriza tranquilo.  
Ahora, decir que XRP se desplomó cuando trepó varios cientos % en el último mes da la sensación de que estás en modo mono con euforia de bull market y eso es peligroso, te dejo el llamado de atención por las dudas.  
Incluso si es por teorizar/adivinar a corto plazo, te diría que probablemente venga una corrección tipo caída a 80k antes de que siga trepando todo.",--Quartz--,merval,4,2024-12-05 10:11:01,t1_m0hncc2,t3_1h70m0x,comment
m0kkrxe,alto riesgo es el peso jaja,roberp81,merval,3,2024-12-05 14:46:53,t1_m0j08qa,t3_1h70m0x,comment
m0j9xau,"se xesplomó en 2 días, estamos hablando de movimiemtos muy pronunciados y rápidos, si querés te hago un dinujito, no pensé que hacía falta explicar algo tan obvio. Por xierto, ya hoy empezó a subir (como hace SIEMPRE detrás de una suba de BTC). Te hago otro dibujito si esto tampcoo lo entendés. Lamento que los datos objetivos te molesten, pero es la realidad, qué se le va a hacer.",AbleInvestment2866,merval,-1,2024-12-05 10:29:13,t1_m0j7974,t3_1h70m0x,comment
m0kyfmp,"Querras decir la mejor moneda del mundo el ""Peso Fuerte""? ajajajaja (empomado)",Xavi_Myosotis,merval,2,2024-12-05 15:56:08,t1_m0kkrxe,t3_1h70m0x,comment
m0yez53,El problema que vas a tener no es por el número de productos sino porque no se pueden entrar suplementos sin un trámite en ANMAT. Es probable que te los retengan y tengas que pagar para que te los liberen. Comenta que pasó. Saludos,galileo634,merval,10,2024-12-07 21:25:55,t3_1h95vdk,t3_1h95vdk,comment
m1v3tb9,UPDATE: Efectivamente me retuvieron el paquete,ZShadow124,merval,2,2024-12-13 11:37:20,t3_1h95vdk,t3_1h95vdk,comment
m0ygfn4,"declara todo como distintas cosas, q saben....

suplemento para crecimiento del miembro

polvo para shampoo pàra la calvicie

etc",Ok-Acante4524,merval,4,2024-12-07 21:34:48,t3_1h95vdk,t3_1h95vdk,comment
m0ybshu,Pasan aduana esas cosas? Conta que onda después op.,Andrescoo,merval,1,2024-12-07 21:06:22,t3_1h95vdk,t3_1h95vdk,comment
m0ynmab,"y yo que la semana pasada compre suplementos tambien los otros comentarios me estan tirando la palida jajaja

no se si hacerme el dobolu y esperar que si pasa pasa o si me meto al tad a declararlos y levantar la perdiz

encima estoy viendo que es dhl e commerce y yo pense que era directo a mi casa manejado por dhl",RogueGeneralKenobi,merval,1,2024-12-07 22:19:08,t3_1h95vdk,t3_1h95vdk,comment
m1fltbo,"El problema lo vas a tener con ANMAT, no con AFIP. Vas a tener que hacer un trámite para poder entrar todo eso que no es ni agradable ni barato. Buena suerte.",Terodius,merval,1,2024-12-10 19:34:10,t3_1h95vdk,t3_1h95vdk,comment
m0ybymn,"Bueno lamentablemente va a quedar trabado en Aduana, el courier se abre de gambas y te dice contrates un despachante de aduana para que te los libere. 

El despachante de aduana cobra fortuna, te sale más barato volver a comprarlos acá.",Sensei_Master_Yoda,merval,0,2024-12-07 21:07:25,t3_1h95vdk,t3_1h95vdk,comment
m0yh8hj,"Pregunta off topic, eso lo compraste en Amazon? Pregunto porque hace más de 3 días hice una compra y no me la despachan, me aparece como ""ordered""",mensa_jito,merval,0,2024-12-07 21:39:41,t3_1h95vdk,t3_1h95vdk,comment
m0yfbim,"Ya traje anteriormente 3 productos alimenticios y no tuve ningun drama, por eso mi preocupacion por el numero de productos",ZShadow124,merval,-2,2024-12-07 21:28:00,t1_m0yez53,t3_1h95vdk,comment
m0ygsnn,"A mi lo que no me queda claro es lo de productos de la misma especie, se refiere a productos iguales? 

Osea, si compro 3 remeras y 1 campera ya no estaria comprando cosas de la misma especie? en este caso vestimenta?",ZShadow124,merval,1,2024-12-07 21:36:59,t1_m0ygfn4,t3_1h95vdk,comment
m0z3wu7,La aduana tiene la factura de Amazon que le pasa el courier. No son salames en la aduana. Saben bien lo que es cada cosa.,malcayag,merval,1,2024-12-08 00:05:42,t1_m0ygfn4,t3_1h95vdk,comment
m0yod2s,Que onda eso de declararlos en el TAD? tenes idea como es el tramite?,ZShadow124,merval,1,2024-12-07 22:23:52,t1_m0ynmab,t3_1h95vdk,comment
m0yhc3k,"No, esta pagina se llama iHerb",ZShadow124,merval,2,2024-12-07 21:40:17,t1_m0yh8hj,t3_1h95vdk,comment
m0yrrkx,"A veces se demoran en despachar, debe coincidir con los aviones del courier o cosas así. Y te lo cobran cuando despachan recién.",Mpj91,merval,1,2024-12-07 22:45:35,t1_m0yh8hj,t3_1h95vdk,comment
m1bht4s,Yo pedí por amazon en diciembre 2  varios productos electrónicos. uno lo mandaron dos días después que lo pedí y ya me llego hoy los demás aun siguen igual sin moverse.,TangoDuncan10,merval,1,2024-12-10 02:39:37,t1_m0yh8hj,t3_1h95vdk,comment
m0yh8vv,Es suerte basicamente. Te lo pueden retener o no. A mi algunas veces me los dejaron pasar sin problemas y otras me los retuvieron.,galileo634,merval,3,2024-12-07 21:39:45,t1_m0yfbim,t3_1h95vdk,comment
m0yuw3m,"Esos son misma especie.

Remera, zapatilla y campera por ejemplo, uno de cada uno y ya completas el cupo. No es necesario sean idénticos.",Sensei_Master_Yoda,merval,0,2024-12-07 23:05:51,t1_m0ygsnn,t3_1h95vdk,comment
m0ypad6,"por lo que pude googlear en estos veinte minutos, buscas anmat en el tad y hay una opcion que dice Libre circulación de alimentos para uso personal, es gratis y hay que subir la factura y la descripcion de los items, hay otra cosa que no entiendo que significa ""Conocimiento de embarque / carta de porte / guía aérea""

[https://www.argentina.gob.ar/sites/default/files/anmat\_instructivo\_lc\_autorizacion\_ingreso\_de\_alimento\_uso\_personal\_05-07-2019\_0.pdf](https://www.argentina.gob.ar/sites/default/files/anmat_instructivo_lc_autorizacion_ingreso_de_alimento_uso_personal_05-07-2019_0.pdf)

pero es de hace varios años no se si es el camino adecuado y capaz que la estoy re pifiando, es la primera vez que importo suplementos",RogueGeneralKenobi,merval,1,2024-12-07 22:29:51,t1_m0yod2s,t3_1h95vdk,comment
m10u5cd,"aacbo de encontrar esto

[https://www.afip.gob.ar/envios-internacionales/ayuda/medicamentos.asp](https://www.afip.gob.ar/envios-internacionales/ayuda/medicamentos.asp)",RogueGeneralKenobi,merval,1,2024-12-08 09:44:11,t1_m0yod2s,t3_1h95vdk,comment
m0yhyz8,"Gracias por la respuesta, éxitos con esto. 

PD: quizás todavía puedas cancelar la compra si tienen políticas de devolución flexibles?",mensa_jito,merval,1,2024-12-07 21:44:11,t1_m0yhc3k,t3_1h95vdk,comment
m16o4s1,"Viene por courier o por correo común? Si viene por correo no vas a tener problemas, si viene por courier probablemente cagaste.",alastrid,merval,0,2024-12-09 09:39:23,t1_m0yhc3k,t3_1h95vdk,comment
m0yhfax,En el caso que te lo retengan que onda? es mucho quilombo el devolver al remitente?,ZShadow124,merval,2,2024-12-07 21:40:50,t1_m0yh8vv,t3_1h95vdk,comment
m0z3kod,Zapatilla es calzado y no es de la misma especie que la remera o campera.,malcayag,merval,0,2024-12-08 00:03:25,t1_m0yuw3m,t3_1h95vdk,comment
m0zp76n,Conocimiento de embarque . Si es marítimo es el número de Bl y si es aéreo es el número de guía aérea (el tracking de dhl o ups) para hacerla más fácil,HistorianOk1615,merval,2,2024-12-08 02:38:55,t1_m0ypad6,t3_1h95vdk,comment
m10vef9,"Si, te manda al mismo lugar para hacer el tramite que anteriormente mencionaste.

Yo estoy peleando con el local de eeuu a ver que onda si pueden frenar el envio, sino me tiro al lance y hago el tramite y voy a lo seguro jajajaj",ZShadow124,merval,1,2024-12-08 09:55:01,t1_m10u5cd,t3_1h95vdk,comment
m16olx9,no deberia ser al revez?,ZShadow124,merval,1,2024-12-09 09:43:16,t1_m16o4s1,t3_1h95vdk,comment
m10qdr2,"Una vez entraron sin problema. Un par de veces tuve que hacer una declaración en AFIP, pagar impuestos y los liberaron. Otra vez directamente los di por perdidos. Por las dudas no pedí más.",galileo634,merval,2,2024-12-08 09:08:32,t1_m0yhfax,t3_1h95vdk,comment
m0z768n,"y habria que ver como son las categorias, porque si figura indumentaria, ahi si se incluye calzado y vestimenta como una sola especie",M4tut310,merval,2,2024-12-08 00:28:34,t1_m0z3kod,t3_1h95vdk,comment
m16obg0,Es a criterio del verificador aduanero.. . Y son gente sin mucho criterio realmente,WeekOrdinary,merval,1,2024-12-09 09:40:54,t1_m0z3kod,t3_1h95vdk,comment
m10sfxh,gracias!,RogueGeneralKenobi,merval,1,2024-12-08 09:28:37,t1_m0zp76n,t3_1h95vdk,comment
m177ppw,"yo subi el pedido ayer a la mañana, me acaban de mandar que me lo rechazaron porque hay elementos que no estan permitidos en suplementos dietarios, aun cuando los mismos suplementos estan en mercadolibre a diez veces el costo, en mi caso alpha gpc, del resto no me pusieron nada",RogueGeneralKenobi,merval,1,2024-12-09 11:52:38,t1_m10vef9,t3_1h95vdk,comment
m16s768,"No, el límite de 3 productos por especie es del régimen de courier, el puerta a puerta (Correo Argentino) no tiene esa limitación, yo varias veces me traje cosas como 4 o 5 juegos de mesa sin inconvenientes.",alastrid,merval,1,2024-12-09 10:10:47,t1_m16olx9,t3_1h95vdk,comment
m178uzr,"Sabes que justo estaba pernsando eso? Onda, no te lo permiten importar pero lo venden en ML como si nada.

Igual no tendrian porque rechazartelo si es para uso personal tengo entendido, distinto seria para la distribucion de venta.

Que macana che, pediste muchas cosas?",ZShadow124,merval,1,2024-12-09 11:59:19,t1_m177ppw,t3_1h95vdk,comment
m17a38b,como anecdota... el año pasado volvi de viaje con 25 botellas de suplementos en la valija y en el aeropuerto ni me miraron,RogueGeneralKenobi,merval,2,2024-12-09 12:06:29,t1_m178uzr,t3_1h95vdk,comment
m179p02,"si es cualquiera. o hay curro o simplemente son unos resentidos

100 dolarucos con envio, veremos si dhl si lo hace pasar, pero ya me suena que por haber puesto el codigo de envio me lo traban en aduana, en una de esas si me quedaba callado el de aduana ni se entera, no sé veremos jajaja

el mejor-peor caso seria que me lo reboten, vuelva a origen y solo pierdo el costo de envio

en tu caso fijate que hay en el multivitaminico pero no creo que haya problema con tus productos",RogueGeneralKenobi,merval,1,2024-12-09 12:04:11,t1_m178uzr,t3_1h95vdk,comment
m17ahwn,"Justo eso estaba pensando, de ultima me quedo callado y fue, veremos que pasa jajaaj.

Mil gracias por el seguimiento, avisa cualquier cosa en que quedo ajajaj",ZShadow124,merval,1,2024-12-09 12:08:50,t1_m179p02,t3_1h95vdk,comment
m19g3x7,"nunca compres una acción , cripto o bono que no entiendas como funciona o para que sirve , si no lo compras por algún motivo en particular.
 no lo compres solo porque baja porque puede ser el principio de una corrección mayor",Sad_Case9968,merval,31,2024-12-09 18:53:48,t3_1hal29m,t3_1hal29m,comment
m19f60e,"Depende el contexto, en un ciclo alcista sin cisnes negros de por medio, si claro, es el momento ideal",Medical-Account6932,merval,9,2024-12-09 18:48:50,t3_1hal29m,t3_1hal29m,comment
m19gh6u,"El 70% de las veces rebota, el otro 80% baja y el 100% si te desesperás, perdés. Si sigue cayendo y no vendés esperando a que repunte, te la vas a querer cortar en cubitos a fin del día.",Sea_Count_5078,merval,6,2024-12-09 18:55:45,t3_1hal29m,t3_1hal29m,comment
m19d7on,es un dip,Megatecno,merval,3,2024-12-09 18:38:34,t3_1hal29m,t3_1hal29m,comment
m19h14d,"Obvio, es bnb, zoom out",Limp_Ambassador5092,merval,3,2024-12-09 18:58:41,t3_1hal29m,t3_1hal29m,comment
m19h6z5,BNB es una de las alts que no se fue al abismo en el último ciclo. Si no estás seguro compra BTC y olvídate.,Eatzebugs,merval,3,2024-12-09 18:59:34,t3_1hal29m,t3_1hal29m,comment
m19hj7x,"Estas viendo un grafico de hs, fijate en el anual como va, esta en maximos",Kawasaki-Ninja250,merval,3,2024-12-09 19:01:22,t3_1hal29m,t3_1hal29m,comment
m19h548,"Hablando estrictamente de ganancias, sí conviene. Es una estrategia razonable para algo sostenido en el tiempo? Ni en pedo. El problema arranca en que vos no sabes cuándo va a pegar esa corrección hacia arriba porque la línea puede seguir hacia abajo, más hablando de cripto. Me la he pegado más de una vez pensando que le había tomado el pulso al mercado y todavía estoy esperando que la línea vuelva a dónde estaba, por ponerte un ejemplo: con ADA, por suerte lo que perdí fue manejable.

Por algo el mantra ""time in the market > timing the market"". Es mejor invertir mirando los fundamentos de cada moneda (quien está detrás, cuál es el market cap, lo que se mueve diariamente, qué problema pretende resolver) que invertir mirando un gráfico.",massare,merval,4,2024-12-09 18:59:17,t3_1hal29m,t3_1hal29m,comment
m19ik28,"Mira si sos nuevo en el mundo crypto te diría que operar solamente bitcoin es lo mejor. 
Y alejate de futuros, porque esa velita que salió hace unos días o la que salió hoy te liquida hasta posiciones conservadoras como 5x",Kaji157,merval,2,2024-12-09 19:06:58,t3_1hal29m,t3_1hal29m,comment
m19puzx,"buy high sell low. es un dip , el dca es tu amigo",Eastern-Pace7070,merval,2,2024-12-09 19:47:25,t3_1hal29m,t3_1hal29m,comment
m19qbym,"Yo compraría cuando está en máximos históricos, pero cada uno con su estrategia.",PunkerWannaBe,merval,2,2024-12-09 19:50:06,t3_1hal29m,t3_1hal29m,comment
m1amjj5,"Ya subio a 700. En los bull run, cada caida, es comprar comprar y comprar. Long, long y long porque estamos en tendencia alcista. En los bear market, cada subida es vender, vender y vender. Short short y short. La pregunta correcta seria, cuanto durara el mercado alcista. Por lo menos, todo 2025 sera fiesta, fiesta y fiesta. Btc se ira a 150k o mas arriba, ethereum a 10k, bnb a 1000, solana a 500, avax a 200, omi a 0.01, etc",Firm_Translator_8623,merval,2,2024-12-09 23:02:41,t3_1hal29m,t3_1hal29m,comment
m19cpud,"Por lógica, si, conviene. Si compras en ese precio, cuando suba le vas a sacar ganancia.",Alejandrov90x,merval,2,2024-12-09 18:35:57,t3_1hal29m,t3_1hal29m,comment
m1a8jk6,Y ? que hiciste ? Ya subio a 700 xD,frokuty,merval,1,2024-12-09 21:37:50,t3_1hal29m,t3_1hal29m,comment
m1azq6l,"Como dijo warren, ""buy the dip, faggot""",Technical-Log-2725,merval,1,2024-12-10 00:26:07,t3_1hal29m,t3_1hal29m,comment
m19dcbk,La respuesta a crypto es siempre no.,mikKiske,merval,-3,2024-12-09 18:39:15,t3_1hal29m,t3_1hal29m,comment
m19koke,Timba,Foreign-Mango-801,merval,0,2024-12-09 19:18:35,t3_1hal29m,t3_1hal29m,comment
m19z7qd,a los que ganan 1/99 veces al mercado no les gusta tu comentario,ChazD_,merval,10,2024-12-09 20:42:19,t1_m19g3x7,t3_1hal29m,comment
m19tsdj,No sé si banco tú opinión. Hay un análisis técnicos de gráficos y análisis cualitativos. Podés analizar comprar una acción en base a el resultado del balance de una compañía o podés simplemente ver el grafico y ver patrones para agarrar un rebote.,[deleted],merval,-3,2024-12-09 20:10:12,t1_m19g3x7,t3_1hal29m,comment
m19u36f,Totalmente errada tu opinión.,Dizzy_Worldliness743,merval,-6,2024-12-09 20:11:59,t1_m19g3x7,t3_1hal29m,comment
m19pzay,el 70% rebota y el otro 80% no? que,Leanmeza,merval,4,2024-12-09 19:48:06,t1_m19gh6u,t3_1hal29m,comment
m1a5o1i,"Me está pasando lo mismo con los cedears de AgroBrasil. Compre esperando el repunte, ademas es una comodities de ciclo agrario, esperaba un rebote y hace 4 meses va yendo al subsuelo del infierno ¿Cómo hago para ver si es un cuchillo cayendo o simple correción?",Chambaconsueno,merval,1,2024-12-09 21:20:39,t1_m19gh6u,t3_1hal29m,comment
m1ctf1k,porcentajes by nerea,Putrid-Medium9964,merval,1,2024-12-10 10:31:45,t1_m19gh6u,t3_1hal29m,comment
m1azfse,Me llamo la atención que alguien nombre a Omi hoy día jajaja,ComfortableAny151,merval,1,2024-12-10 00:24:12,t1_m1amjj5,t3_1hal29m,comment
m19fxnm,eso no es muy yolo de tu parte,Loose-Grapefruit-516,merval,10,2024-12-09 18:52:54,t1_m19dcbk,t3_1hal29m,comment
m1ctdsm,el analisis tecnico es el horoscopo de los chads.,GsusSchreiber,merval,7,2024-12-10 10:31:31,t1_m19tsdj,t3_1hal29m,comment
m1cyfae,"> podés simplemente ver el grafico y ver patrones para agarrar un rebote.

Los mismos patrones de las estrellas y las energias mayas",Rocarat,merval,2,2024-12-10 11:05:09,t1_m19tsdj,t3_1hal29m,comment
m19t2ef,"Es a propósito, lo que quise decir es que hay muchas chances de perder o perder si tocás algo por desesperación o especulación a corto plazo.",Sea_Count_5078,merval,4,2024-12-09 20:05:56,t1_m19pzay,t3_1hal29m,comment
m1dezso,"Fuaa, el otro dia le dije a otro pibito que compre omi, estaba en 00033, ojala me haya hecho caso, subio a 0008, gane como 10 luquitas verdes  muy facil es esto, facilito",Firm_Translator_8623,merval,1,2024-12-10 12:43:11,t1_m1azfse,t3_1hal29m,comment
m3f5ms1,Por qué OMI?,juanchi74,merval,1,2024-12-23 07:53:03,t1_m1dezso,t3_1hal29m,comment
m3gh75v,"Porque el riesgo es muy bajo vs beneficio, lo van enlistar en exchanges nivel 1, etc. Minimo vas hacer un x10. El otro dia hizo un x5, gane 10k. Ahora volvio a bajar a 0.00036, esta regalado",Firm_Translator_8623,merval,0,2024-12-23 13:37:47,t1_m3f5ms1,t3_1hal29m,comment
m3gkuwy,fuente?,juanchi74,merval,2,2024-12-23 13:57:36,t1_m3gh75v,t3_1hal29m,comment
m3gl9yv,Ver y aprender,Firm_Translator_8623,merval,1,2024-12-23 13:59:54,t1_m3gkuwy,t3_1hal29m,comment
m2wwyrz,"En pesos si, el tc tarjeta esta en 1600 y pico y va a bajar a 1300 y pico ( tr sigue saliendo caro versus pagar en dolares y comprarlos via mep) en usd no cambia nada",Fantastic-Shower-993,merval,5,2024-12-19 22:10:40,t3_1hi7uxq,t3_1hi7uxq,comment
m2xo7cu,Si tenes cuenta en dólares consulta con el banco algunos si haces una compra en dólares y tenes dólares en la cuenta primero intenta sacar de ahí y después de la caja en pesos.,jonyp5145,merval,4,2024-12-20 01:10:03,t3_1hi7uxq,t3_1hi7uxq,comment
m2wxpdy,Gracias. Es para pagar con débito en pesos para el 26 de diciembre  y  si baja me conviene esperar,AssociateNo4650,merval,1,2024-12-19 22:15:23,t1_m2wwyrz,t3_1hi7uxq,comment
m2wxtjl,Que estrategia es más económica,AssociateNo4650,merval,1,2024-12-19 22:16:07,t1_m2wwyrz,t3_1hi7uxq,comment
m2xckd6,"Lo mejor que podes hacer es pagar con tarjeta de crédito, y llegado el momento hacer el stop debit para pagar con dólares el monto del Airbnb (en mi caso, uso MEP). En pesos salís perdiendo por los impuestos.",Mysterious-BevMarsh,merval,5,2024-12-19 23:50:25,t1_m2wxtjl,t3_1hi7uxq,comment
m2x7zuy,"Lo más económico y flexible es pagar con la tarjeta el monto dólares


Después cuando llega el vencimiento decidís 

Blue

Mep

Tarjeta

Lo que te convenga en el momento",Correct-Sandwich4982,merval,2,2024-12-19 23:20:37,t1_m2wxtjl,t3_1hi7uxq,comment
m3202im,Uso mucho Airbnb . Lo que hago es pagar con dólares comprados por mep (más barato) directamente desde mi caja de ahorro en dólares,PutAppropriate9135,merval,2,2024-12-20 20:06:23,t1_m2wxtjl,t3_1hi7uxq,comment
m2xgfeg,No cuento con tarjeta.  Solo débito.  Gracias de todos modos,AssociateNo4650,merval,3,2024-12-20 00:16:19,t1_m2xckd6,t3_1hi7uxq,comment
m2yyzuq,Podes pagar con una tarjeta de débito asociada a una caja de ahorro en dólares,szkasin,merval,4,2024-12-20 09:09:21,t1_m2xgfeg,t3_1hi7uxq,comment
