id,text,author,subreddit,score,created_utc,parent_id,link_id,type
lxbc3rh,"Uff, agarrate Amazon con el envío gratis en pedidos de USD 100 para arriba, va a explotar de pedidos.  
Ropa, electrónica, hobbies, la cantidad de cosas que salen la mitad...",--Quartz--,merval,159,2024-11-15 16:30:12,t3_1gs48zv,t3_1gs48zv,comment
lxbmfvt,"Muy bueno, estaría bueno que también quiten el limite de 5 envíos al año!",[deleted],merval,29,2024-11-15 17:23:27,t3_1gs48zv,t3_1gs48zv,comment
lxbat3v,"Ahi dice que aumento el margen de exención , no que los quita. Si te pasas de los 400 ahi pagas impuestos",EyelessARG,merval,82,2024-11-15 16:23:42,t3_1gs48zv,t3_1gs48zv,comment
lxcrmo6,Usted está parado acá: https://www.youtube.com/watch?v=Ys9GlRowehI,Dolapevich,merval,14,2024-11-15 21:09:04,t3_1gs48zv,t3_1gs48zv,comment
lxbe2o6,Entonces en los papeles si compras algo de 400 dolares para que te llegue a tu casa cuanto tenes que pagar de impuestos del producto? (los impuestos de divisas no los cuento).,TheJix,merval,9,2024-11-15 16:40:28,t3_1gs48zv,t3_1gs48zv,comment
lxbe8r3,Esta buena la medida. Lo malo es que aun existe la barrera de aduanas donde te roban las cosas.,Quick-Woodpecker-401,merval,33,2024-11-15 16:41:21,t3_1gs48zv,t3_1gs48zv,comment
lxbbr8g,"400 USD, bastante bien. Ojalá se de.",BNeutral,merval,23,2024-11-15 16:28:27,t3_1gs48zv,t3_1gs48zv,comment
lxbcbf4,y.. de 50 a 400 es una banda,NoScheme9871,merval,29,2024-11-15 16:31:18,t3_1gs48zv,t3_1gs48zv,comment
lxbdf9e,Está muy bien pero no están eliminando impuestos ahí mismo dice excension. El resto sigue tributando 50% por ej los de puerta a puerta,mysticfuko,merval,33,2024-11-15 16:37:02,t3_1gs48zv,t3_1gs48zv,comment
lxbf2i7,"No entiendo, no se paga nada si vale menos de $400 o solo se paga el 21% de IVA?",anonimoinc,merval,6,2024-11-15 16:45:43,t3_1gs48zv,t3_1gs48zv,comment
lxckxwl,saluden a mercadolibre que se va :),btc2112,merval,7,2024-11-15 20:28:10,t3_1gs48zv,t3_1gs48zv,comment
lxc6h5k,Eso significa que si compro algo de 100 dólares terminaría pagando 121?,-_Fernando_-,merval,3,2024-11-15 19:05:57,t3_1gs48zv,t3_1gs48zv,comment
lxdiwl0,TL;DR: Necesitamos más dólares,yuxtaposicion,merval,3,2024-11-16 00:04:42,t3_1gs48zv,t3_1gs48zv,comment
lxbmsv4,ahora hay que solucionar el tema de que te roban las cosas antes de llegar,mishaog,merval,4,2024-11-15 17:25:19,t3_1gs48zv,t3_1gs48zv,comment
lxbglea,"Courier es el régimen de ""Pequeños Envíos"", bien.

Ahora el régimen de ""Puerta a Puerta"" que viene vía EMS y acá lo gestiona Correo Argentino no? En ese es el que se mueve más, porque tiene los envíos más baratos.

~~No pueden hacer una completa y bien maestro?~~

  
**Edito** \- Infobae dice que hay en análisis cambios al régimen ""Puerta a Puerta"" que se van a anunciar en las próximas semanas, si es así es buenísimo. Que aumenten los 50 dólares a 400 y es un win win.",Sensei_Master_Yoda,merval,6,2024-11-15 16:53:46,t3_1gs48zv,t3_1gs48zv,comment
lxbhxk2,"Gente, alguno tiene idea si se hablo de la cantidad de items? La otra vuelta traje 4 prendas de ropa distintas y me lo retuvo aduana.",LocoContigiani,merval,2,2024-11-15 17:00:28,t3_1gs48zv,t3_1gs48zv,comment
lxbrab4,Explíquenme soy de boca,Lau_Szutner,merval,3,2024-11-15 17:48:06,t3_1gs48zv,t3_1gs48zv,comment
lxbjequ,[deleted],[deleted],merval,2,2024-11-15 17:08:00,t3_1gs48zv,t3_1gs48zv,comment
lxehid2,No los quita... hay que leer la noticia completa.,Plastic_Wishbone_240,merval,2,2024-11-16 04:45:21,t3_1gs48zv,t3_1gs48zv,comment
lxbgx5o,[deleted],[deleted],merval,3,2024-11-15 16:55:25,t3_1gs48zv,t3_1gs48zv,comment
lxbeyrg,"Entonces tipo, si me compro alguna pincha de paginarandom.com por abajo de 400usd solo pago el envío y poco mas?",Frann_VV,merval,1,2024-11-15 16:45:10,t3_1gs48zv,t3_1gs48zv,comment
lxbtqgj,LPM justo ayer compré,Lucho_199,merval,1,2024-11-15 18:00:32,t3_1gs48zv,t3_1gs48zv,comment
lxbvy7y,"Pregunta, si el envio es por Amazon Global y ellos le calculan 0% de deposito de impuesto de importacion, cuando lo tengo que pagar al 21%?",Any-Interaction-9594,merval,1,2024-11-15 18:11:45,t3_1gs48zv,t3_1gs48zv,comment
lxbyxlj,"Saben si hay algun drama de usar la Payon eer en Amazon si no esta vincudeclarada acá?   
O sea, comprar X cosa de \~300, por ejemplo.",RoFerry,merval,1,2024-11-15 18:26:55,t3_1gs48zv,t3_1gs48zv,comment
lxbziqd,"Pme estaba por comprar la impresora 3d flashforge a 298 más 315 de impuestos y envío en Amazon, voy a esperar hasta diciembre a ver qué pasa.",SuperLogicMadness,merval,1,2024-11-15 18:29:54,t3_1gs48zv,t3_1gs48zv,comment
lxc2k67,"Yo creo que para compras por correo argentino o van a unificar franquicia (50x12) o la van a bajar pero van a hacer  un monro, porque lo de 12 franquicias por años es una cosa rarisima. No lo vi en nigun lado.",5ofDecember,merval,1,2024-11-15 18:45:28,t3_1gs48zv,t3_1gs48zv,comment
lxc3prz,"Espero sea verdad, porque hace poco me devolvieron un repuesto a China sin lugar a reclamo o pagar multa, una locura total",ray_velcoro78,merval,1,2024-11-15 18:51:25,t3_1gs48zv,t3_1gs48zv,comment
lxc5z53,A COMPRAR ZAPATILLAS Y ROPA DE DEPORTE,jpreddituser1,merval,1,2024-11-15 19:03:13,t3_1gs48zv,t3_1gs48zv,comment
lxc9re2,Entonces compro algo a Amazon y me llega a la puerta de mi casa? O hay que seguir lidiando con aduana y todo eso?,LordoftheCarpinchos,merval,1,2024-11-15 19:23:55,t3_1gs48zv,t3_1gs48zv,comment
lxcd6t5,"oka ahora solo falta que dinamiten correo argentino, un pedido de china tarda 10 dias de china hasta aca y del correo a mi casa son 3 meses.",Traditional-Card4678,merval,1,2024-11-15 19:42:55,t3_1gs48zv,t3_1gs48zv,comment
lxcdb7l,"Sin ser de lo que habla la noticia pero, digamos que un importador quiere entrar un container de camisetas. Ese tipo cuanto paga de impuestos?",rolland_87,merval,1,2024-11-15 19:43:38,t3_1gs48zv,t3_1gs48zv,comment
lxcen6n,Esto afecta el precio de lista de empresas como Undertec? o nada que ver,ElGasto,merval,1,2024-11-15 19:51:11,t3_1gs48zv,t3_1gs48zv,comment
lxclsr6,"usto me estoy por comprar una placa rx 5600, dicen de esperar? la esstaba por sacar con credito en uranostream , 180k reacondicionada",kanapepuntocaserola,merval,1,2024-11-15 20:33:19,t3_1gs48zv,t3_1gs48zv,comment
lxcvugo,El servicio puerta a puerta sigue igual?,Emotional-Career-909,merval,1,2024-11-15 21:35:08,t3_1gs48zv,t3_1gs48zv,comment
lxd3byv,Se celebra,xJustNinja,merval,1,2024-11-15 22:22:19,t3_1gs48zv,t3_1gs48zv,comment
lxd6zwh,"No entiendo la parte de courier privado, Amazon ofrece El courier hasta la puerta? O correo argentino nos va a cagar a patadas los paquetes?",dani96dnll,merval,1,2024-11-15 22:46:04,t3_1gs48zv,t3_1gs48zv,comment
lxdlu94,4090 ti para Reyes 💪🤘❤️🇦🇷,SnooCauliflowers8054,merval,1,2024-11-16 00:23:54,t3_1gs48zv,t3_1gs48zv,comment
lxfk364,Si me quiero comprar una rama de 16 gb y una mejor placa de video suponiendo q no supera los 300 usd? Ya no cobran 10 veces el precio en aduana? O esa muerda sigue igual?,Cool_Traffic_7729,merval,1,2024-11-16 10:53:01,t3_1gs48zv,t3_1gs48zv,comment
lxfo8pu,Como uruguayo la verdad es que tengo una sana envidia en este momento. Nuestro sistema político ni siquiera lo plantea como un problema,[deleted],merval,1,2024-11-16 11:20:51,t3_1gs48zv,t3_1gs48zv,comment
lxfqk8e,Solo queda esperar 😺,The_Loner01,merval,1,2024-11-16 11:35:55,t3_1gs48zv,t3_1gs48zv,comment
lxft3ka,"Lpm, compré y se me fue al doble con impuestos hace dos semanas",ChunAnonLi,merval,1,2024-11-16 11:51:56,t3_1gs48zv,t3_1gs48zv,comment
lxgkkl0,Se incluye repuestos para autos o motos?,Key-Sheepherder4146,merval,1,2024-11-16 14:25:32,t3_1gs48zv,t3_1gs48zv,comment
lxhbtxa,tienen idea si aliexpress entra en esta movida?,AbogadoAlejandria,merval,1,2024-11-16 16:50:36,t3_1gs48zv,t3_1gs48zv,comment
lxhqc4c,"Si, pero ahora todas las compras de mas de 270k ARS con tarjetas quedan registradas y desde 170k con efectivo. Creo que es una ilusión para el el ARCA después les rompa el orto a todos los que cagan mas alto que el inodoro.",7heblackwolf,merval,1,2024-11-16 18:09:50,t3_1gs48zv,t3_1gs48zv,comment
lxhvuxc,Lo bueno es que los precios nacionales de los mismos productos importados por resellers ya no te van a poder romper el orto.,7heblackwolf,merval,1,2024-11-16 18:40:07,t3_1gs48zv,t3_1gs48zv,comment
lxl06mv,Lo hace cualquier petshop de barrio,btc2112,merval,1,2024-11-17 09:20:28,t3_1gs48zv,t3_1gs48zv,comment
lxllt6z,"Yo tengo una duda. Da igual si pagas con una tarjeta de argentina de cualquier banco o una tarjeta internacional, por ejemplo wise? O en ese último caso cuando los productos lleguen al país o si salta en AFIP podrían descubrir esa cuenta de afuera o hacer algún lio",yamwt,merval,1,2024-11-17 11:59:49,t3_1gs48zv,t3_1gs48zv,comment
lxln780,"Me quería traer unos juegos de PS4. Que onda. Hay un límite en cantidad por paquete? Son todos distintos, pero supongo que aduana no sabe que no son el mismo juego. Quería unos 10, me lo retendra?",yamwt,merval,1,2024-11-17 12:08:12,t3_1gs48zv,t3_1gs48zv,comment
lxmf7ch,"Espero ver cambios a los envíos puerta a puerta también. Supuestamente vamos a tener algún anuncio ""en las próximas semanas"" pero por si acaso no me voy a emocionar mucho.",ochimizu,merval,1,2024-11-17 14:45:55,t3_1gs48zv,t3_1gs48zv,comment
lxqd3pq,Amigos que recomiendan comprar para reventa ? Podría traer lo de 3 personas al año. No es mucho pero safa . Gracias,AssociateNo4650,merval,1,2024-11-18 06:23:37,t3_1gs48zv,t3_1gs48zv,comment
lxwsner,Pregunto 3000 usd y cuantos kilos de limite ?,EquipmentOk3957,merval,1,2024-11-19 08:23:12,t3_1gs48zv,t3_1gs48zv,comment
lxzgn9e,"Cristina daba la AUH, Milei les deja comprar cosas afuera, el pan y circo funciona.",rubenlopezxp,merval,1,2024-11-19 17:23:14,t3_1gs48zv,t3_1gs48zv,comment
ly8ealg,"Alguien que me aclare porfa: La exencion de impuestos es del precio total? me refiero a si por ej yo quiero comprar un producto de 390 usd pero se le agregan 191 del Depósito de cuotas de importación estimadas, daria un total de 582 seguiria estando exento de impuestos (menos iva) o se aplican todos los impuestos normalmente? Gracias al que me sepa responder",Smok37-stt,merval,1,2024-11-21 07:47:12,t3_1gs48zv,t3_1gs48zv,comment
lxbjoo0,💜; Por algo se empieza...,[deleted],merval,1,2024-11-15 17:09:24,t3_1gs48zv,t3_1gs48zv,comment
lxbogcr,Se cayo el curro de mercadoreddit de vender cosas importadas,HorrorElectrical9338,merval,1,2024-11-15 17:33:44,t3_1gs48zv,t3_1gs48zv,comment
lxe0duo,"Pregunta para sacarme del todo la duda, digamos que gasto 100 dolares y el envio es gratis. Al final solo termino pagando 121 dolares? o cuando pase por aduana tengo que declarar y aun asi pagarle a los chorros esos la mitad del producto?",AnriEvs,merval,1,2024-11-16 02:08:19,t3_1gs48zv,t3_1gs48zv,comment
lxdfcqs,"No te haces una idea la cantidad de cosas que me voy a comprar ahora con esto, encima que gano una bestialidad en dólares jajajaja ahora los voy a poder usar a lo loco.",[deleted],merval,0,2024-11-15 23:40:51,t3_1gs48zv,t3_1gs48zv,comment
lxew9sw,"Mientras tanto, estados unidos aplica aranceles del 60% a la importación...",Puzzleheaded_Day_724,merval,0,2024-11-16 07:28:22,t3_1gs48zv,t3_1gs48zv,comment
lxd61sp,Y que vamos a poder comprar si todo el salario se va en los tarifazos?,resumiendofutbol,merval,-1,2024-11-15 22:39:53,t3_1gs48zv,t3_1gs48zv,comment
lxbkjfk,¿Dónde están eliminando? ¿no saben leer ya?,velorofonte,merval,-6,2024-11-15 17:13:47,t3_1gs48zv,t3_1gs48zv,comment
lxbl79f,"De 50% a 21%, tampoco se la jugaron demasiado.",LeoPelozo,merval,-13,2024-11-15 17:17:09,t3_1gs48zv,t3_1gs48zv,comment
lxcwdjg,"Voy a votar a CFK para que vuelvan las restricciones. Va a matar a lo nacional esto

Ex-mileista here",[deleted],merval,-9,2024-11-15 21:38:23,t3_1gs48zv,t3_1gs48zv,comment
lxc1mqe,Nunca sacarle los impuestos a los insumos de la industria local,alemanz0r,merval,-7,2024-11-15 18:40:42,t3_1gs48zv,t3_1gs48zv,comment
lxbvgt0,Ahora sacame el IVA lrcdtm,Any-Interaction-9594,merval,-2,2024-11-15 18:09:17,t3_1gs48zv,t3_1gs48zv,comment
lxbe14s,"Mitad? Te quedas corto... por suerte tengo una bagayera que me trae todas mis compras de Amazon y aun pagando su comisión (que no es exagerada), me sale 3 o 4 veces menos que comprarlo por ML (si es que existe, porque ML es una bosta),

  
Ej. se me rompió el comando del limpiaparabrisas. Ford me pasó $275.000 por el repuesto. Lo conseguí en eBay por USD 60 + 15 que me cobraron por traerlo a BA.",Advanced_Path,merval,79,2024-11-15 16:40:15,t1_lxbc3rh,t3_1gs48zv,comment
lxbcjrs,"Sigue? Había visto que era envío por 5 usd, pero ya buscando ahora no encuentro publicaciones que sigan con esa promo, ni el banner al inicio de la página.",Anariuson,merval,5,2024-11-15 16:32:30,t1_lxbc3rh,t3_1gs48zv,comment
lxd6jyh,"Pero cuando dicen Courier privado, que onda?",dani96dnll,merval,1,2024-11-15 22:43:11,t1_lxbc3rh,t3_1gs48zv,comment
lxjtpun,Ig de la bagayera?,letiori,merval,1,2024-11-17 02:09:37,t1_lxbc3rh,t3_1gs48zv,comment
lxfybew,"Yo lo veo como q estan empujando de a poco para q el mercado interno tenga tiempo de acomodarse (y lo estan haciendo, hoy pase por ml y todo lo importado esta remarcado), van metiendo una cosita q otra cada semana. Y seguramente tambien lo aprovechan politicamente (muchas buenas noticias a lo largo del año en vez de una sola)",kdolmiu,merval,14,2024-11-16 12:23:19,t1_lxbmfvt,t3_1gs48zv,comment
lxbbujz,"Así es, pero aplicando a courier (creo que antes aplicaba unicamente según que producto, ahora sería a todo hasta 400). Abre la posibilidad a que en cosas baratas o no tan caras haya competencia. Por dar un ejemplo un piano digital que acá te sale 1000 dolares afuera lo conseguís por 400.",[deleted],merval,48,2024-11-15 16:28:55,t1_lxbat3v,t3_1gs48zv,comment
lxc4119,"Pasado los 400 pagas aranceles por el excedente, no la totalidad del monto.",Nearby_Touch7779,merval,6,2024-11-15 18:53:04,t1_lxbat3v,t3_1gs48zv,comment
lxc2zvr,no pedo adodni dijo que ziii lta kuka jijiji,frivolous90,merval,-9,2024-11-15 18:47:41,t1_lxbat3v,t3_1gs48zv,comment
lxbfxqq,El 21% de IVA solamente,boyozenjoyer,merval,10,2024-11-15 16:50:23,t1_lxbe2o6,t3_1gs48zv,comment
lxbl4w5,"21%, y si te excedes de los 400usd, solo pagas impuestos sobre el monto excedido.",[deleted],merval,3,2024-11-15 17:16:49,t1_lxbe2o6,t3_1gs48zv,comment
lxbfhmu,"Régimen courier, la aduana no toca nada.",Outlander357,merval,48,2024-11-15 16:48:00,t1_lxbe8r3,t3_1gs48zv,comment
lxbczs5,"Lo de 50 es puerta a puerta. Esto es pequeños envios, el cual no tenia franquicia.",kirbag,merval,14,2024-11-15 16:34:48,t1_lxbcbf4,t3_1gs48zv,comment
lxbeqnu,"*(en este caso solo se pagará IVA)*

Supongo que después lo aclararán, pero parecería que si comprás algo que vale más de 400 USD, solo pagarías un 21%, no el 50%.",Unfair-Truck-2692,merval,8,2024-11-15 16:44:00,t1_lxbdf9e,t3_1gs48zv,comment
lxbjoc9,Estás confundiendo los envíos puerta Puerta por el Correo Argentino que tienen una franquicia de 50 dólares con los envíos por courier (que usa Amazon) que no tenían franquicia.,malcayag,merval,5,2024-11-15 17:09:21,t1_lxbdf9e,t3_1gs48zv,comment
lxblaab,"hatsa 400usd pagas 21% de IVA. Si te pasas de 400usd, pagas impuestos de importacion sobre el monto por el que te pases.",[deleted],merval,4,2024-11-15 17:17:34,t1_lxbf2i7,t3_1gs48zv,comment
lxii562,"""Lo eliminaron a sólo 400 dólares"" ... típica de libertarios, encima tienen ahí mismo el tweet de Caputo, pero te siguen afirmando ""ELIMINARON LOS IMPUESTOS A LAS IMPORTACIONES"" y es literalmente que sólo actualizaron el máximo...",velorofonte,merval,1,2024-11-16 20:51:44,t1_lxbf2i7,t3_1gs48zv,comment
lxd1xr5,Ya venia en decadencia en electronica por lo menos. Todos compran mas barato por instagram casi a precio Amazon,[deleted],merval,8,2024-11-15 22:13:27,t1_lxckxwl,t3_1gs48zv,comment
lxfefhi,Te aseguro que comprar comida de gato a la mañana y que llegue a la tarde no lo hace Amazon,Imaginary_Maybe_1687,merval,3,2024-11-16 10:13:08,t1_lxckxwl,t3_1gs48zv,comment
lxdvkbu,"Les chupa un huevo el mercado argentino su fuerte está en Brasil y México, acá compras algo y tenés q esperar el.emvio como si vivieras en otro país, toda la inversion la ponen afuera los de Meli",vlink812,merval,1,2024-11-16 01:31:10,t1_lxckxwl,t3_1gs48zv,comment
lxclcf0,"Según lo que salió en los medios, parece que sería así. Habrá que esperar la normativa para saber mejor",Zafraslafas,merval,4,2024-11-15 20:30:35,t1_lxc6h5k,t3_1gs48zv,comment
lxc9296,"pasa que si cambias este algo tenes que modificar en el del puerta a puerta, porque son como hermanos y se superponen en algun lado. igual hay que ver, el puerta a puerta actual no me parece ""mal"" excepto por la corrupcion e incompetencia de correo arg",grifter_cash,merval,3,2024-11-15 19:20:05,t1_lxbglea,t3_1gs48zv,comment
lxbkv60,El límite de items está dado por categoría aduanera en la que entran y es hasta 3 por cada una. No actualizaron todavía la página de AFIP/ARCA así que no sabemos si eso cambia o sigue igual.,LinksPB,merval,5,2024-11-15 17:15:27,t1_lxbhxk2,t3_1gs48zv,comment
lxbx3q7,"Se guian por la declaracion adjunta, no por el contenido real, Si la declaracion decia por ejemplo 4 prendas de ropa, no importa si estan discriminadas como ""1x ropa, 1x ropa"", la aduana entiende que son de la misma especie y los cuenta como 4, osea, retencion por que no entra en el regimen simplificado.

(Fuente: me paso una vez y estuve hablando con muchos despachantes de aduana para liberar un envio de pelotudeces que estaba declarado asi, y nunca lo puse destrabar por que me salia mas caro que el envio entero)",Manuel777,merval,3,2024-11-15 18:17:35,t1_lxbhxk2,t3_1gs48zv,comment
lxhb6w5,"La cantidad queda igual.

  
Lo que tenes que hacer ahi, es decirle al chino(o quien sea) que lo declare como ""pack de X"" o ""Combo de X"" o si son cosas chiquitas tiene que ser algo tipo ""Assortment Kit"".

Lo raro es que no lo hayan declarado asi por default, los chinos son bien vivos en eso.",[deleted],merval,2,2024-11-16 16:47:10,t1_lxbhxk2,t3_1gs48zv,comment
lxbk6eo,"Eso es otra cosa. Para que salga a cuento tenían que ampliar el límite de items. Acá no dice nada, supongo sigue en 3.

Ahí fuiste personalmente o moriste con un despachante?",Sensei_Master_Yoda,merval,1,2024-11-15 17:11:56,t1_lxbhxk2,t3_1gs48zv,comment
lxfp0w5,"Yo hace menos de 1 mes compré [esto](https://www.amazon.com/dp/B0931255G4?ref=ppx_yo2ov_dt_b_fed_asin_title&th=1&psc=1) (cinco remeras) y llegaron lo más bien, fue DHL.",arithmetic_mean,merval,1,2024-11-16 11:25:57,t1_lxbhxk2,t3_1gs48zv,comment
lxbk9ad,eh? como se dieron cuenta que no llevabas esa ropa a la ida? no le sacaste las etiquetas/bolsas?,[deleted],merval,0,2024-11-15 17:12:21,t1_lxbhxk2,t3_1gs48zv,comment
lxbk5bk,Si,LinksPB,merval,2,2024-11-15 17:11:46,t1_lxbjequ,t3_1gs48zv,comment
lxf2tt1,"de hecho, no el envio puerta a puerta gestionado por correo argentino por el momento sigue igual, sera de 50 dolares y 12 pedidos anuales.

Esto es solo para curier privado.",anochezeras,merval,1,2024-11-16 08:34:09,t1_lxbjequ,t3_1gs48zv,comment
lxbsah7,Banco...,I_Wanna_Score,merval,2,2024-11-15 17:53:13,t1_lxbgx5o,t3_1gs48zv,comment
lxbfphs,[deleted],[deleted],merval,6,2024-11-15 16:49:10,t1_lxbeyrg,t3_1gs48zv,comment
lxcex43,Ahora mismo te esta dando 0%? lei en 3dgames que uno habia comprado un producto bug con 0% y luego de la nada le agregaron el impuesto aunque ya lo haya pedido y llego a cancelarlo,ElGasto,merval,1,2024-11-15 19:52:44,t1_lxbvy7y,t3_1gs48zv,comment
lxf32qf,No pasa nada. Es como que te lo regalo un amigo.,elPibeNoEntendiaNada,merval,1,2024-11-16 08:36:33,t1_lxbyxlj,t3_1gs48zv,comment
lxhc1hr,"Cuidado con eso. No se como será ahora, pero las maquinas que se conectan a la corriente quedaban trabadas siempre porque tenes que presentar algo de ""seguridad electrica"" o algo asi.

Hace unos años un monton de gente en los grupos de FB quedaron empomados xq les frenaban las impresoras de 800usd y tenian que pagar como el doble en tramites para liberarlas.

A lo mejor ahora cambio el tema, pero pregunta por las dudas.

  
Y cuidado con las FlashForge... Se vinieron al piso en calidad de QC ultimamente, no se que les pasó",[deleted],merval,1,2024-11-16 16:51:46,t1_lxbziqd,t3_1gs48zv,comment
lxfms5v,Te llega directo. Este año ya compré dos veces. Lo entrega la hizo DHL.,southgirl_,merval,2,2024-11-16 11:11:11,t1_lxc9re2,t3_1gs48zv,comment
lxhco5g,"Aduana existe y va a existir para siempre. Los couriers solo te evitan todo ese quilombo porque lo hacen ellos por su cuenta. Siempre que comprabas por courier llegaba directo a tu casa.

Si compras puerta a puerta va a seguir igual que siempre.",[deleted],merval,2,2024-11-16 16:55:10,t1_lxc9re2,t3_1gs48zv,comment
lxcskys,"Si papá, bancala. Por un poco más vas a comprar algo más nuevo.",Meguwu_,merval,2,2024-11-15 21:14:56,t1_lxclsr6,t3_1gs48zv,comment
lxfmwcx,"En teoría ya no. Solo estarías pagando el IVA + envío en ese caso, siempre y cuando no supere los 400 USD el total de esto.",arithmetic_mean,merval,1,2024-11-16 11:11:57,t1_lxfk364,t3_1gs48zv,comment
lxfoffv,Cómo es el regimen de importaciones para ustedes? si se piden algo desde Amazon llega normalmente? hay muchos impuestos?,arithmetic_mean,merval,1,2024-11-16 11:22:05,t1_lxfo8pu,t3_1gs48zv,comment
lxft8j7,Podes cancelar la compra o ya te llegó?,arithmetic_mean,merval,2,2024-11-16 11:52:48,t1_lxft3ka,t3_1gs48zv,comment
lxllwcg,Si. Aplica tmb,yamwt,merval,2,2024-11-17 12:00:21,t1_lxhbtxa,t3_1gs48zv,comment
lxos8ty,"En teoría es hasta tres productos iguales por pedido, si son juegos distintos no creo que haya problema. Yo hace poco pedí cinco remeras de distinto color y pasaron lo más bien.",arithmetic_mean,merval,2,2024-11-17 22:38:39,t1_lxln780,t3_1gs48zv,comment
lxeeivs,Venia a preguntar lo mismo. Se puede evitar ir a la aduana y que llegue a casa? La mas cerca que tengo es a 200km,GGGslayer,merval,1,2024-11-16 04:13:49,t1_lxe0duo,t3_1gs48zv,comment
lxg2naf,"Curiosamente estás obviando que tienen una industria solida y mayormente no dependen de importaciones más que materia prima, lo cual no aplica según origen porque estás generalizando la medida. Acá si no importas te tenés q vestir con un taparrabo...o andar en un Tito eléctrico por 12k verdes jajaja",ch3ch3ni0,merval,4,2024-11-16 12:48:08,t1_lxew9sw,t3_1gs48zv,comment
lxfsk2h,Reite pero entras a X y estan todos los kukardo quejandose que esto no sirve porque no pueden gastar 3 o 4 verdes de una.,NachoXX,merval,4,2024-11-16 11:48:34,t1_lxd61sp,t3_1gs48zv,comment
lxbrx7b,"Computadoras tengo entendido que pagan 10,5 %, por lo que sería de 50% a 10,5% en ese caso",Plottheist,merval,3,2024-11-15 17:51:21,t1_lxbl79f,t3_1gs48zv,comment
lxbonne,"Tenes razón, mejor nos quedamos en 50, para que agradecer si uno siempre puede pedir mas no?",P-A-T-R-O-N,merval,6,2024-11-15 17:34:46,t1_lxbl79f,t3_1gs48zv,comment
lxbxfov,El IVA te lo cobran hasta en japon para compras online,Manuel777,merval,3,2024-11-15 18:19:17,t1_lxbl79f,t3_1gs48zv,comment
lxbpjjx,[removed],[deleted],merval,0,2024-11-15 17:39:14,t1_lxbl79f,t3_1gs48zv,comment
lxeg4nv,"Las tres cosas que tengo en casa ""hechas en tierra del fuego"" son todas una basura infecta. Ojalá Amazon les haga pija a todos. Cuando la industria nacional venda calidad a buen precio, avisame.",couplecraze,merval,5,2024-11-16 04:30:37,t1_lxcwdjg,t3_1gs48zv,comment
lxd2c03,Lo nacional ya te está garchando hace 30 años amigo,Intelligent_Jury1191,merval,5,2024-11-15 22:15:56,t1_lxcwdjg,t3_1gs48zv,comment
lxcfo6h,eh pero si hace un mes bajaron los araceles a 89 insumos de producción,ChazD_,merval,4,2024-11-15 19:57:05,t1_lxc1mqe,t3_1gs48zv,comment
lxbw5zs,Que es bagayera?,juan-gato,merval,12,2024-11-15 18:12:52,t1_lxbe14s,t3_1gs48zv,comment
lxc2qcp,Tirá la data de esa amable señoraaaa,franzzesco,merval,13,2024-11-15 18:46:20,t1_lxbe14s,t3_1gs48zv,comment
lxcmeig,"Mal, los repuestos que necesitamos para el equipo industrial en nuestra empresa, acá en argentina nos quieren cobrar entre 1000 y 4000 dólares... En amazon y en ebay conseguimos todo a 200 o menos. Una locura!

Y ojalá sigan haciendo cagar a los hdps de aduana y de correo argentino, porque desde que hago la compra lo tengo en aduana de 3 a 5 dias desde EEUU, y para que me lo liberen y llegue a casa se toman no menos de 20 dias!!!!",Due-Maintenance53822,merval,22,2024-11-15 20:36:58,t1_lxbe14s,t3_1gs48zv,comment
lxbnng6,"Me hiciste acordar se me rompio el cierre electrico del baul del auto. Lo deje en modo manual porque el repuesto estaba arriba de 100dls, una locura.",elbotacongatos,merval,8,2024-11-15 17:29:40,t1_lxbe14s,t3_1gs48zv,comment
lxdfnt3,"Ah pero repuestos hay que traerlos asi porque por envio te lo retienen por ""seguridad""",SnooMachines3992,merval,5,2024-11-15 23:42:55,t1_lxbe14s,t3_1gs48zv,comment
lxbr0q0,"En warnes tambien lo conseguias por 60 usd, o menos xd",AcidoFueguino,merval,6,2024-11-15 17:46:44,t1_lxbe14s,t3_1gs48zv,comment
lxeou0j,Aguanten las doñas que nos hacen cruzar todo hno!,Buditateamorsoo,merval,2,2024-11-16 06:06:35,t1_lxbe14s,t3_1gs48zv,comment
lxc29e2,"Muy buena comisión, sólo trae repuestos de autos? Estoy necesitando traer un set de legos, será que podes pasar el contacto por favor ",Unhappy-Ad-1039,merval,1,2024-11-15 18:43:56,t1_lxbe14s,t3_1gs48zv,comment
lxcq32b,Data de la agradable señora bagayera?,Elegant-Ad2715,merval,1,2024-11-15 20:59:27,t1_lxbe14s,t3_1gs48zv,comment
lxcqbra,Pasa la dataaa xfa,HATAKEEFF,merval,1,2024-11-15 21:00:56,t1_lxbe14s,t3_1gs48zv,comment
lxd5f1j,ML no es necesariamente una bosta. Onda ellos no venden nada hay muchos con contacto para traer cosas y se quieren salvar vendiendo un repuesto o un joystick.  Yo compro filamento para impresión 3d y un desquiciado vende algo de 100usd en 1.2 millones de pesos es u enfermo,Signal_Spot_9500,merval,1,2024-11-15 22:35:51,t1_lxbe14s,t3_1gs48zv,comment
lxgvh60,Podes pasar contacto x fa!,Hotgfe,merval,1,2024-11-16 15:23:25,t1_lxbe14s,t3_1gs48zv,comment
lxbd968,"Eso se terminó, ahora pusieron envío gratis a partir de 100 USD (en algunas cosas, pero hay bastante variedad)

Ojalá no, pero sospecho que lo van a cambiar rápido cuando vean la cantidad de pedidos con este cambio.",--Quartz--,merval,16,2024-11-15 16:36:10,t1_lxbcjrs,t3_1gs48zv,comment
lxbc691,"Las tasas siguen siendo altas, que se yo. Me parece que tienen que apuntar ahi.",Darth_Bardo,merval,5,2024-11-15 16:30:34,t1_lxbbujz,t3_1gs48zv,comment
lxbq4zg,y va a haber que hacer algun tipo de tramite o declaracion o a partir de diciembre puedo simplemente comprar algo de hasta 400 uds en Amazon y esperar a que me llegue a la puerta de mi casa?,LemonN_pie,merval,6,2024-11-15 17:42:16,t1_lxbfxqq,t3_1gs48zv,comment
lxl59fl,"O menos, depende de iva, notebooks paga 16 de iva por ejemplo",5ofDecember,merval,1,2024-11-17 10:04:08,t1_lxbfxqq,t3_1gs48zv,comment
lxbmg75,"Entiendo que la es por paquete, es decir que si queres hacer una compra de 700usd podes poner dos envios, de 400 y 300, aprovechando el envio gratis de amazon en compras de 100usd+.

Si entendi mal diganme",LeKanou,merval,2,2024-11-15 17:23:30,t1_lxbl4w5,t3_1gs48zv,comment
lxbfzs3,Explícame soy de boca,boyozenjoyer,merval,21,2024-11-15 16:50:41,t1_lxbfhmu,t3_1gs48zv,comment
lxbjvak,"Falso. Cuántos envíos quedan parados por Aduana?

Los Courier son los que más se abren de gambas con eso. Te queda trabado y te dicen que gestiones con un despachante.",Sensei_Master_Yoda,merval,19,2024-11-15 17:10:21,t1_lxbfhmu,t3_1gs48zv,comment
lxblngc,"no, hasta 400 sólo pagás IVA, de ahí en adelante, todo",Loose-Grapefruit-516,merval,27,2024-11-15 17:19:26,t1_lxbeqnu,t3_1gs48zv,comment
lxefol2,"Bro ahí dice eliminan impuestos para compras al exterior, cuando es una exención hasta compras de 400usd al igual que hay exenciones para compras de 50usd en el puerta a puerta , que es una compra del exterior. Supuestamente en “un par de semanas” van a extenderlo al puerta a puerta o a poner una medida similar. Pero no eliminaron nada sino q metieron una exención que NO ES LO MISMO, pero es el camino a seguir",mysticfuko,merval,2,2024-11-16 04:25:53,t1_lxbjoc9,t3_1gs48zv,comment
lxfdffg,y las compras menores de 400 usd son ilimitadas?,Andy_max11,merval,1,2024-11-16 10:05:39,t1_lxblaab,t3_1gs48zv,comment
lxcahmf,"No se superponen en ningún lado, porque dependen exclusivamente del tipo de envió, no del tipo de producto.

Pero tiene sentido que se modifiquen ambos, para que sea parejo. 50 dólares de franquicia es muy bajo si es con envió incluido encima.",Sensei_Master_Yoda,merval,1,2024-11-15 19:27:55,t1_lxc9296,t3_1gs48zv,comment
lxblaw2,ty,LocoContigiani,merval,1,2024-11-15 17:17:39,t1_lxbkv60,t3_1gs48zv,comment
lxbkpj1,"Me cogieron, la ropa me costo 150usd, el despachante me cobraba 300usd. Quedo ahi :/",LocoContigiani,merval,1,2024-11-15 17:14:39,t1_lxbk6eo,t3_1gs48zv,comment
lxbktt4,"Perdon, dije Traje pero enrealidad compre online y me la trajeron por DHL. Quedo retenida en aduana.",LocoContigiani,merval,1,2024-11-15 17:15:16,t1_lxbk9ad,t3_1gs48zv,comment
lxddnqn,"Perdon, pero veo que varios de esos que tienen envio gratis dice que te hacen una retencion por derechos de impo. Eso significa que hay productos que pagas precio+envio+derechodeimpo+iva?",NNTokyo3,merval,1,2024-11-15 23:29:21,t1_lxbfphs,t3_1gs48zv,comment
lxcga21,"Si, ya compré, veremos que pasa",Any-Interaction-9594,merval,1,2024-11-15 20:00:38,t1_lxcex43,t3_1gs48zv,comment
lxclmht,Todavía hay items con 0% de impuestos. Yo traje esta semana y DHL no me cobró nada aparte,Zafraslafas,merval,1,2024-11-15 20:32:16,t1_lxcex43,t3_1gs48zv,comment
lxg3nq2,Pero en la dirección de facturación que se pone?,RoFerry,merval,1,2024-11-16 12:53:41,t1_lxf32qf,t3_1gs48zv,comment
lxfmwk8,Tiene sentido,LordoftheCarpinchos,merval,1,2024-11-16 11:11:59,t1_lxfms5v,t3_1gs48zv,comment
lxhuv4f,En qué parte dice que no hay que pagar en dólar tarjeta?... 30%+45%,7heblackwolf,merval,1,2024-11-16 18:34:38,t1_lxfmwcx,t3_1gs48zv,comment
lxga750,"tenes tres franquicias de 200 dolares por año por persona mayor de 18 años. O sea podes traer hasta 3 paquetes por año hasta 200 dolares, si se pasa de ese valor pagas un 60% de impuestos aprox. Es una locura, ese valor arbitrario no se toca desde el 2011 y esta hecho básicamente para mantener a los comercios trayendo porquerías que nadie quiere y que cobran carisimo. Uruguay es un país donde dejamos que los cazadores vayan al zoologico y le decimos libre mercado",[deleted],merval,4,2024-11-16 13:29:35,t1_lxfoffv,t3_1gs48zv,comment
lxftdmv,"Está enviado, pero no llegó. Igual ya fue, fue plata que gasté ya lo superé jaja",ChunAnonLi,merval,1,2024-11-16 11:53:42,t1_lxft8j7,t3_1gs48zv,comment
lxg8ex5,"Curiosamente estás obviando que con las medidas de milei sólo este año cerraron 16500 pymes... Con gobiernos así jamás vamos a tener industria.   

Pd: andás vestido con taparrabo y pensás en comprar en usa? Tu condición de pobre no va a cambiar por esta medida",Puzzleheaded_Day_724,merval,-3,2024-11-16 13:19:48,t1_lxg2naf,t3_1gs48zv,comment
lxc3hxp,"Que computadora te importás por $400?

Ponele que algún CPU o SSD, pero hasta ahí nomás.",LeoPelozo,merval,-4,2024-11-15 18:50:16,t1_lxbrx7b,t3_1gs48zv,comment
lxbpo22,"Agradecer que me roban menos que antes? Cuando dejen de robar tampoco les voy a agradecer.

>Mar 12, 2024  
Cake day

Al pedo me gasto.",LeoPelozo,merval,-14,2024-11-15 17:39:52,t1_lxbonne,t3_1gs48zv,comment
lxc2315,En japón el iva es 10%,LeoPelozo,merval,0,2024-11-15 18:43:02,t1_lxbxfov,t3_1gs48zv,comment
lxbpwj9,[removed],[deleted],merval,-2,2024-11-15 17:41:05,t1_lxbpjjx,t3_1gs48zv,comment
lxeuyn6,"Disfruta, que la venganza va a ser tremenda cuando volvamos en 2027",[deleted],merval,-3,2024-11-16 07:14:37,t1_lxeg4nv,t3_1gs48zv,comment
lxbz8ma,"Contrabandista,  a los paquetes se le dice bagayo en lunfardo.",SuperLogicMadness,merval,62,2024-11-15 18:28:29,t1_lxbw5zs,t3_1gs48zv,comment
lxeihih,Se mete el freno de mano en sus partes pudendas,milonganesa,merval,6,2024-11-16 04:55:48,t1_lxbw5zs,t3_1gs48zv,comment
lxcpiae,pep wardiola,EconomicsDirect7490,merval,12,2024-11-15 20:55:53,t1_lxc2qcp,t3_1gs48zv,comment
lxcn3mp,pongo ward,[deleted],merval,5,2024-11-15 20:41:13,t1_lxc2qcp,t3_1gs48zv,comment
lxf28zz,esperando el contacto,anochezeras,merval,3,2024-11-16 08:28:34,t1_lxc2qcp,t3_1gs48zv,comment
lxcn8k1,"Acá siempre que alguien de la oficina viaja a USA por trabajo, lo llenamos de paquetes de Amazon e eBay para que traiga.  Es tremendo como te roban acá. ",Advanced_Path,merval,7,2024-11-15 20:42:02,t1_lxcmeig,t3_1gs48zv,comment
lxgnyro,"> Mal, los repuestos que necesitamos para el equipo industrial en nuestra empresa, acá en argentina nos quieren cobrar entre 1000 y 4000 dólares... En amazon y en ebay conseguimos todo a 200 o menos. Una locura!

Va a ser un cambio en el costo argentino gigante cuando encaren este tema.",Jauretche,merval,1,2024-11-16 14:43:31,t1_lxcmeig,t3_1gs48zv,comment
lxcn1pp,de donde sacan los repuestos los de warnes? Estimo que el no los quiere con sangre,[deleted],merval,3,2024-11-15 20:40:53,t1_lxbr0q0,t3_1gs48zv,comment
lxbw0pi,"Al reves, con escala vana poder bonificar todo.",5ofDecember,merval,8,2024-11-15 18:12:07,t1_lxbd968,t3_1gs48zv,comment
lxbebb1,Si estoy entendiendo bien es un excelente primer paso. Entiendo que en vez de aplicarse aranceles a partir de 50usd como es ahora se aplican desde 400,boyozenjoyer,merval,26,2024-11-15 16:41:44,t1_lxbc691,t3_1gs48zv,comment
lxbwfo8,"Seguramente lo mismo que ahora, Amazon te genera el papeleo automaticamente y pasa derechito, sin pasos extra para el que compra, Pero por ejemplo si es particular x DHL tenes que adjuntar una declaracion de todo lo que contiene el paquete y en base a eso te revisan y/o te cobran el impuesto correspondiente. 

Entiendo que Ebay y cualquier otro vendedor online opera de la misma forma que Amazon (siempre que sea por courier y no por Correo Argentino)",Manuel777,merval,4,2024-11-15 18:14:13,t1_lxbq4zg,t3_1gs48zv,comment
lxbs8e4,"No tengo la menor idea , supongo que si. Seguro alguna declaración jurada o alguna gilada asi",boyozenjoyer,merval,1,2024-11-15 17:52:55,t1_lxbq4zg,t3_1gs48zv,comment
lxhaeki,Y alguna declaracion jurada seguro que si... Dejar que entre cualquier cosa al pais sin ningun tipo de declaracion es una muy buena forma de tener que cerrar todo de golpe en 1 mes cuando la gente se pase de viva jaja,[deleted],merval,1,2024-11-16 16:42:51,t1_lxbq4zg,t3_1gs48zv,comment
lxbq42i,Si eso lo vas a poder hacer siempre que lo que compres valga menos de 400 usd. Si te queres comprar un iphone que vale no de 1000 usd no creo que puedas partirlo en 3 para que te manden 3 envios y lo armes de nuevo aca jajaja,FullIceKoala,merval,5,2024-11-15 17:42:08,t1_lxbmg75,t3_1gs48zv,comment
lxcmzph,"Creo que si, por paquete si dividis la compra no pagarias el impuesto a bienes importados, solo el IVA",[deleted],merval,1,2024-11-15 20:40:33,t1_lxbmg75,t3_1gs48zv,comment
lxbj666,"Cuando comprás con envío de DHL, FedEx, UPS, etc.",Outlander357,merval,15,2024-11-15 17:06:47,t1_lxbfzs3,t3_1gs48zv,comment
lxcoksk,Cuando Gago quiera comprar un nuevo jugador no lo va a chequear con Riquelme,Juanchopper,merval,3,2024-11-15 20:50:14,t1_lxbfzs3,t3_1gs48zv,comment
lxbo01o,"No se, yo vengo comprando con Amazon con esto de los envíos baratos y te sale parado en aduanas y en 2/3 días lo tenes en tu casa. No tengo ni idea de que pasa en el medio, pero llegar llegan las cosas",NearHyperinflation,merval,9,2024-11-15 17:31:27,t1_lxbjvak,t3_1gs48zv,comment
lxchhow,"Nunca me pasó en años y he comprado desde cosas para mí gato, hasta un iPhone.",Gybrynz,merval,1,2024-11-15 20:07:46,t1_lxbjvak,t3_1gs48zv,comment
lxfs31g,"Son los menos, nunca tuve ningun problema comprando por courier, por correo estatal tengo varios casos de afanos y problemas.",NachoXX,merval,1,2024-11-16 11:45:36,t1_lxbjvak,t3_1gs48zv,comment
lxh9gly,"Yo compro desde hace años en AliExpress con esos envios falopa de 90 centavos jaja y hasta ahora llego todo menos 1 compra(y al toque me devolvieron la plata y el chino me mando otro gratis)

Las pocas veces que compre via DHL tuve muy malas experiencias y hasta terminaron tardando mas que el envio falopa de 90 centavos. Al minimo problema se hacen los boludos y te mandan a vos a joder con aduana.

Estoy seguro que los gordos aduana se roban algunas cosas, pero creo que la gente lo hace parecer un par de ordenes de magnitud mas comun de lo que en realidad es.

Generalmente el problema es el trayecto ""Correo-Casa""porque correo argentino es la poronga mas grande en terminos de logistica.",[deleted],merval,1,2024-11-16 16:37:49,t1_lxbjvak,t3_1gs48zv,comment
lxgylq6,hasta 3000usd por año,[deleted],merval,1,2024-11-16 15:39:50,t1_lxfdffg,t3_1gs48zv,comment
lxblmtf,"Que cagada, encima los de courier se re abren de gamba con eso. Conozco varios casos, ninguno con solución satisfactoria.",Sensei_Master_Yoda,merval,1,2024-11-15 17:19:21,t1_lxbkpj1,t3_1gs48zv,comment
lxfa75t,eso son los aranceles que sacarian,v2bk,merval,1,2024-11-16 09:40:00,t1_lxddnqn,t3_1gs48zv,comment
lxcxlqx,"que compraste? hay items que esta bien que tengan 0%, tipo libros y juguetes creo",ElGasto,merval,1,2024-11-15 21:45:57,t1_lxcga21,t3_1gs48zv,comment
lxikc88,"Hace rato que no estás obligado a pagar en dólar tarjeta, de hecho no conviene. Es más barato pagar con dólares, comprándolos vía MEP/blue y depositandolos",arithmetic_mean,merval,1,2024-11-16 21:05:17,t1_lxhuv4f,t3_1gs48zv,comment
lxgagbx,"No entendiste mí comentario, si dependieras de la industria local te vestirias así porque te toman el pelo como consumidor. Claramente hay importaciones, con otros aranceles....pero la hay. Solo q traen una remera por 2 euros y la venden por 40....y te lo digo conociendo a alguien q trabaja en el rubro. El margen de ganancia es abismal, está persona hace meses se jactaba de lo bien q le iba y como el ganado ""nosotros"" compraba sin importa el precio. Q se yo, se van a tener q reinventar, le pasó a muchas industrias...

Respecto a las pymes, muchas cerraron por no saber gestionarse o querer salvarse con una venta al mes. No quita en muchos casos la presión fiscal es exagerada y tienen q hacer algo con eso. Pero cada rubro es un mundo, por ejemplo si ves el costo de construcción, particularmente mano de obra, te vas a sorprender. (Al menos comparándolo con ramas de salud, educación, desarrollo, etc)

Edit:typo",ch3ch3ni0,merval,2,2024-11-16 13:30:58,t1_lxg8ex5,t3_1gs48zv,comment
lxi2jxi,Hijo sano de Moreno,p_unch_i,merval,1,2024-11-16 19:17:14,t1_lxg8ex5,t3_1gs48zv,comment
lxdi0mp,Aguantaaaa rebelde wey,P-A-T-R-O-N,merval,2,2024-11-15 23:58:50,t1_lxbpo22,t3_1gs48zv,comment
lxfflb2,Uy que chico más malote!,Leods-The-Observer,merval,0,2024-11-16 10:21:35,t1_lxbpo22,t3_1gs48zv,comment
lxhybdi,cometerian los mismo errores o aprenderian algo de milei?,blackzama,merval,3,2024-11-16 18:53:41,t1_lxeuyn6,t3_1gs48zv,comment
lxk1anz,"Tranqui, por suerte el año que viene me voy del país. Voté a Milei pero entiendo que Argentina no va a cambiar nunca, porque está llena de peronchos. Lo van a disfrutar ustedes, luego vendrán los lloros :)",couplecraze,merval,2,2024-11-17 03:13:17,t1_lxeuyn6,t3_1gs48zv,comment
lxru7u0,no eras ex-mileista?,imberttt,merval,1,2024-11-18 13:04:42,t1_lxeuyn6,t3_1gs48zv,comment
lxfb0r2,"supongo que por ""baggage""",31CH0,merval,7,2024-11-16 09:46:46,t1_lxbz8ma,t3_1gs48zv,comment
lxcnvr1,"Sabias que existen los desarmaderos legales no? Y que tambien existen los repuestos no originales? Bueno, de ahi. Fijate que op dice que pidio presupuesto en la ford y que despues los busco en ebay y termino comprando en un warnes pero yanki",AcidoFueguino,merval,7,2024-11-15 20:45:55,t1_lxcn1pp,t3_1gs48zv,comment
lxcwkch,"Muchos legales no son

Los desarmaderos legalmente no pueden vender cualquier parte, estan bien especificados cuales y en general son pocas… pero los venden igual

Los bagayeros o importadores generalmente vienen de paraguay y traen todo por izquierda 

Robado robado no son la mayoria. En gral son los lugares mas turbios",Menem99,merval,3,2024-11-15 21:39:34,t1_lxcn1pp,t3_1gs48zv,comment
lxbfudg,"X lo que dijo adorni, un producto q salia 100usd aca se le sumaban 67usd de impuestos, ahora solo se le van a sumar 21usd",Tutenioo,merval,17,2024-11-15 16:49:52,t1_lxbebb1,t3_1gs48zv,comment
lxbtrwe,"estas mezclando cosas. lo de los 50usd es para puerta a puerta. Ahi tenes 12 envios con la franquicia de 50usd, el excedente de eso paga la mitad en impuesto y para por aduana y correo argentino, eso no cambia nada por ahora. Lo que anuncio caputo es para el regimen courier, hoy en dia tenes 5 envios al año de hasta 1k usd cada uno, todos pagan tasas e impuestos, con lo nuevo el limite sube a 3k por envio y hasta 400usd solo pagas el iva, a partir de ahi se suman las tasas.",blurarara,merval,11,2024-11-15 18:00:44,t1_lxbebb1,t3_1gs48zv,comment
lxc1aqh,Para que? Si es por courier. Valor de compra 600 dolares. Pagas 80 de iva y 100 si es a 50%) de los 200 que superan la franquicia. O sea 800 el precio final.  Calculo automatico.,5ofDecember,merval,2,2024-11-15 18:39:00,t1_lxbs8e4,t3_1gs48zv,comment
lxbqchu,"Claro, yo estaba por comprar varios componentes de PC que en carrito tenia cerca de 600usd, a mi me viene joya, separo en dos pedidos y al sobre.",LeKanou,merval,5,2024-11-15 17:43:19,t1_lxbq42i,t3_1gs48zv,comment
lxefr8v,"Que pasa si a ese Iphone lo hago declarar con el vendedor como regalo? En el resto de paises no te cobran nada cuando es un regalo tengo entendido, ejemplo que ponga una cartita que me lo regala la nona de USA y no es una compra.",GGGslayer,merval,1,2024-11-16 04:26:38,t1_lxbq42i,t3_1gs48zv,comment
lxbz2wy,"Estás equivocado, pasa por aduana como todo. Solo DHL tiene una ""ruta preferencial"" que libera las cosas por aduana más rápido (coimeta).",MisterBlackStar,merval,23,2024-11-15 18:27:40,t1_lxbj666,t3_1gs48zv,comment
lxbvgvj,"Puede pasar que te pare la aduana, Correo Argentino ofrece el servicio de que ellos lo vayan a revisar en conjunto con el flaco de aduanas.

Una vuelta me pararon unos repuestos electrónicos, y bueno cargue la declaración jurada y aplique la opción para que vaya un muñeco de Correo Argentino.

En mí experiencia tienen buen servicio:

- Andreani: Son rápidos y es barato, el courrier barrani que uso yo me llegan de la frontera en 2 o 3 días.
- Correo Argentino: Muchos problemas son charlables, me pasó que un paquete estaba a mí nombre pero hubo un error en la carga de ellos. Di aviso y lo retuvieron (y lo mandaron a mí depósito cercano).
- Oca: Poronga atómica.

UPS trabaja con Andreani.",VampiroMedicado,merval,9,2024-11-15 18:09:18,t1_lxbo01o,t3_1gs48zv,comment
lxfs694,"Siempre para en aduana, sea courier o no",NachoXX,merval,1,2024-11-16 11:46:10,t1_lxbo01o,t3_1gs48zv,comment
lxcpb2p,Más de 3 de un mismo tipo de producto?,Sensei_Master_Yoda,merval,1,2024-11-15 20:54:41,t1_lxchhow,t3_1gs48zv,comment
lxbm2ee,"Olvidate, ligaron ropita. A un amigo le paso lo mismo pero afortunadamente despues de unos meses le mandaron un mensaje de que se la liberaban gratis, no entiendo a raiz de que pero que bueno por el jajaja",LocoContigiani,merval,2,2024-11-15 17:21:33,t1_lxblmtf,t3_1gs48zv,comment
lxfe7as,"ahh entonces si ahora en amazon dice por ej precio 100+ envio 20 + derecho impo 100 + 21%, en diciembre seria el mismo calculo pero sin esos 100 de derecho de impo?",NNTokyo3,merval,1,2024-11-16 10:11:27,t1_lxfa75t,t3_1gs48zv,comment
lxd6nkf,"Nono, en lo que compre no esta bien jaja, y el envio esta a cargo de amazon asi que esperemos que se encargue el carrier y yo no tenga que hacer nada.",Any-Interaction-9594,merval,1,2024-11-15 22:43:49,t1_lxcxlqx,t3_1gs48zv,comment
lxk2gf5,Error: Vamos a impedir las salida de los aeropuertos con gordos peronistas,[deleted],merval,0,2024-11-17 03:23:52,t1_lxk1anz,t3_1gs48zv,comment
lxruhfj,"Depende el dia. Hoy al 18/11 estoy con pato Bullrich

Depende lo que me convenga cambio.",[deleted],merval,0,2024-11-18 13:06:07,t1_lxru7u0,t3_1gs48zv,comment
lxgng6n,"Viene del italiano *bagaglio* o del genovés *bagagio*. Puede ser que tenga una etimología común con el término en inglés, pero no es ese el origen.",Jauretche,merval,9,2024-11-16 14:40:50,t1_lxfb0r2,t3_1gs48zv,comment
lxfr0bi,"Probablemente, el lunfardo es una mezcla de muchos idiomas y dialectos de todo el mundo.",SuperLogicMadness,merval,5,2024-11-16 11:38:46,t1_lxfb0r2,t3_1gs48zv,comment
lxcpw1u,"tenes razon, mala mia",[deleted],merval,7,2024-11-15 20:58:15,t1_lxcnvr1,t3_1gs48zv,comment
lxg4m0k,"Nosotros comprabamos en warnes pero al tener problemas con afip cuando solicitamos constancia... ya no podemos.
Los locos tienen el repuesto que se te ocurra",Most-Vast9053,merval,2,2024-11-16 12:58:56,t1_lxcnvr1,t3_1gs48zv,comment
lxbg48f,Claro solo el el 21% del IVA,boyozenjoyer,merval,17,2024-11-15 16:51:19,t1_lxbfudg,t3_1gs48zv,comment
lxfcrjy,y cuantas veces podes usar los 400 solo con iva?  ponele si compro todos los meses algo x menos de 400 dolares tiene un limite? es mensual? es hasta llegar al limite de 3000?,Andy_max11,merval,2,2024-11-16 10:00:35,t1_lxbtrwe,t3_1gs48zv,comment
lxc23qd,Aprovecho porq se ve que estas en el tema si no te jode que te pregunte. Sabes si compro algo de afuera y el envio dice por ups express es courier y me llega a la puerta de mi casa? :s,ADiabloFan,merval,1,2024-11-15 18:43:08,t1_lxbtrwe,t3_1gs48zv,comment
lxbubmf,Cómo sabes si es puerta a puerta o Courier? Amazon sería Courier? Igual 5 envíos al año con 400 sin aranceles es un golazo.,boyozenjoyer,merval,1,2024-11-15 18:03:31,t1_lxbtrwe,t3_1gs48zv,comment
lxefuu0,"No es así, te cobran también IVA del excedente y el trámite de desaduanaje/despacho, es bastante más. Con esto se abarata pero sigue siendo caro",mysticfuko,merval,2,2024-11-16 04:27:44,t1_lxc1aqh,t3_1gs48zv,comment
lxbqnd7,Si olvidate es esa. Igual fijate que los precios de la electronica no son tan distintos en amazon que comprandolos aca en algun importador. Y vas a tener que esperar hasta diciembre porque segun dice ahi eso va a ser desde diciembre en adelante. Pero si mandale para adelante,FullIceKoala,merval,2,2024-11-15 17:44:52,t1_lxbqchu,t3_1gs48zv,comment
lxchsfr,"Sí, me expresé mal, pasa por aduana, pero no hay chance que te afanen las cosas (o se reducen drásticamente) cuando traés por courier privado.",Outlander357,merval,6,2024-11-15 20:09:32,t1_lxbz2wy,t3_1gs48zv,comment
lxc79j3,"A mí DHL me delegó una entrega de Amazon también con Andreani, para sumar info de los Couriers",DamiiiKPo,merval,3,2024-11-15 19:10:15,t1_lxbvgvj,t3_1gs48zv,comment
lxdhwn6,"No, nunca.

Igual en general no compras 3 cosas idénticas salvo que las quieras vender o coordinar con amigos.",Gybrynz,merval,1,2024-11-15 23:58:06,t1_lxcpb2p,t3_1gs48zv,comment
lxcuggf,"flaco, me quedé impactado viendo que le diste la razón y asumiste la equivocación, x me está quemando",MASQeso,merval,8,2024-11-15 21:26:35,t1_lxcpw1u,t3_1gs48zv,comment
lxi7k8s,"Mas los impuestos en compra dolar, hasta enero siguen.",7heblackwolf,merval,1,2024-11-16 19:46:08,t1_lxbg48f,t3_1gs48zv,comment
lxgozl9,"Hasta hoy son 5 envíos al año de hasta 1k usd. Acá tenés la info: https://www.afip.gob.ar/envios-internacionales/courier/pequenio-envio.asp

Supongo que antes de fin de mes van a actualizar eso con los nuevos valores. Como no dijeron nada de cantidades asumo que van a seguir los 5.",blurarara,merval,0,2024-11-16 14:48:57,t1_lxfcrjy,t3_1gs48zv,comment
lxc8o4s,"me mataste che, yo que vos pregunto en la pagina donde compraste. Creo que alguna vez amazon me mandó algo por ups, pero también entiendo que puede entrar como puerta a puerta.",blurarara,merval,1,2024-11-15 19:17:56,t1_lxc23qd,t3_1gs48zv,comment
lxc26pl,"Courier privado se refiere a cuando realizas compras por Amazon y el método de envío es por Amazon global, ahí se encarga un courier privado como DHL Fedex UPS, ahí correría el régimen nuevo de 400 usd, para mí es un golazo de media cancha.",maxra94,merval,7,2024-11-15 18:43:33,t1_lxbubmf,t3_1gs48zv,comment
lxby3m4,"porque lo dice caputo en el tweet y por los valores que nombra que no son los de puerta a puerta. Si, amazon es courier, te llega en 1 semana a la puerta de tu casa por dhl (a veces fedex) y pagas todo al momento del checkout.",blurarara,merval,5,2024-11-15 18:22:39,t1_lxbubmf,t3_1gs48zv,comment
lxc1ulc,Y si agarras oferta van  a ser más bajos. Los importadores van a perder parte de la clientela.,5ofDecember,merval,3,2024-11-15 18:41:50,t1_lxbqnd7,t3_1gs48zv,comment
lxcjy19,A mí me durmieron un paquetito de cartas Magic así que no puedo estar de acuerdo. El courier se lava las manos y te dice que te busques un despachante.,MisterBlackStar,merval,11,2024-11-15 20:22:12,t1_lxchsfr,t3_1gs48zv,comment
lxcg940,"Hace poco compre unos auriculares por Amazon y el trackeo del envío (DHL) me quedo con este mensaje: 

""La entrega ha sido coordinada por medio de un tercero, no se esperan detalles de entrega en sistema, confirmar detalles con destinatario""

Tenes idea como hacer el trackeo de este tramo? O como saber con que empresa ne lo envían?",Hermes_RT,merval,2,2024-11-15 20:00:28,t1_lxc79j3,t3_1gs48zv,comment
lxdn0x4,"No, ese es el error más común. No tienen que ser idénticos, yo dije que no deben ser  del mismo tipo de producto.

Por ejemplo, me traigo una figura de acción, un model kit para armar y una estatua de PVC de Messi, son 3 cosas diferentes, que pertenecen a distintas categorías, pero que están dentro del mismo ""tipo de producto"" que son en este caso ""Coleccionables"".

Misma situación con la ropa, te traes un jean, una campera y una camiseta de futbol, y tenes 3 tipos de productos iguales.",Sensei_Master_Yoda,merval,1,2024-11-16 00:31:34,t1_lxdhwn6,t3_1gs48zv,comment
lxi7qae,"Es irrelevante por qué podes pagar la tarjeta con mep directamente , osea pagas dólar a 1100. Y cuando saquen el impuesto país el dólar tarjeta quedaría a 1300 por el 30% de ganancias así que igual seguiría conveniente pagar con mep",boyozenjoyer,merval,3,2024-11-16 19:47:05,t1_lxi7k8s,t3_1gs48zv,comment
lxczgow,Ahhh listo gracias brotherr,ADiabloFan,merval,1,2024-11-15 21:57:30,t1_lxc8o4s,t3_1gs48zv,comment
lxe5rkd,"Para terminar de aclarar la duda, Courier seria envio por empresa privada y el famoso ""Puerta a puerta"" por correo estatal? Porque yo una vuelta compre por Ebay, me lo envio Fedex y fue puerta a puerta, correo me lo termino entregando.",Esteb13an,merval,2,2024-11-16 02:54:34,t1_lxc26pl,t3_1gs48zv,comment
lxc2kww,Tremendo. Encima 5 compras al año osea me puedo comprar los auriculares que quiero hace añares y alguna boludez más,boyozenjoyer,merval,1,2024-11-15 18:45:35,t1_lxc26pl,t3_1gs48zv,comment
lxfl7ej,"Me paso exactamente lo mismo con DHL hace una semana, me retuvieron el paquete con excusas totalmente absurdas y me dijeron que necesitaba un despachante de aduana, gracias a Amazon que me devolvió la guita porque tuve que abandonar el paquete",Lautiz,merval,4,2024-11-16 11:00:36,t1_lxcjy19,t3_1gs48zv,comment
lz9nk1t,"Eso es por que pusiste mal las cantidades en la declaracion, mas de 3x de la misma especie ya no se puede y pasa por despachante por que se entiende que es para fines comerciales (aunque no lo sea, es la normativa)",Manuel777,merval,1,2024-11-27 14:00:40,t1_lxcjy19,t3_1gs48zv,comment
lxcj1fb,"A mi me quedó en ese mismo paso (justo un viernes a la noche para que duela más). El lunes llamé a DHL y me confirmaron que lo derivaron a Andreani y que pronto me tenia que llegar a traves de ellos en uno o dos días más de lo estipulado por DHL. 

As promised, el dia siguiente Andreani me envió el codigo de seguimiento al mail de mi cuenta de Amazon, y llegó esa misma tarde.",DamiiiKPo,merval,3,2024-11-15 20:16:49,t1_lxcg940,t3_1gs48zv,comment
lxha07k,"mete el codigo internacional en ""postalninja"" o ""parcellsapp"" y esas paginas se encargan de ver el pasaje de un correo al otro y te actualizan el tracking. 

Y si se genero un tracking especifico para el otro correo, tambien te lo dice ahi mismo. Pero justo no se si funcionan con andreani",[deleted],merval,1,2024-11-16 16:40:44,t1_lxcg940,t3_1gs48zv,comment
lxdv5ua,"Y ponele, 1 guitarra, un ampli y una funda serian de la misma categoría o podrían entrar más cosas de ese índole?",Tomi_zan,merval,1,2024-11-16 01:28:17,t1_lxdn0x4,t3_1gs48zv,comment
lxi8oc4,"Si, pero pra tener dólar MEP tenés que registrarte y tenés el límite mensual de compra. Si te querés comprar algo ya es al pedo.",7heblackwolf,merval,1,2024-11-16 19:52:42,t1_lxi7qae,t3_1gs48zv,comment
lxeqhx5,"Puerta a puerta es un régimen de encomiendas mediante correo estatal. 
En el caso que mencionaste puede que sea correcto porque eBay no maneja un envío global como sí lo hace Amazon. Por ese motivo al comprar por Amazon global, vos pagas los impuestos y ellos tramitan todo en aduana por vos.",maxra94,merval,1,2024-11-16 06:25:24,t1_lxe5rkd,t3_1gs48zv,comment
lxc3146,"Los Sony xm5 sin pagar un huevo de impuestos, por fin.",maxra94,merval,0,2024-11-15 18:47:52,t1_lxc2kww,t3_1gs48zv,comment
lxhxtkl,"Eso no sabría decirte, busque la lista pero no encontré en su momento. Solo te sale cuando haces la declaración jurada en la página del Correo Argentino para pagar el VEP, por los que vienen vía EMS.

Pero es la misma tanto para EMS como Courier la clasificación. Y me acuerdo de esos rubros solamente, pero calculo que si haces esos 3 por envio no habria drama.",Sensei_Master_Yoda,merval,1,2024-11-16 18:50:59,t1_lxdv5ua,t3_1gs48zv,comment
lxi8tj2,"Tengo entendido que podes pagar con dólar billete en el banco también. Eso hizo mí vieja para pagar los gastos de un viaje este año y sobrepasar el dólar turista. Aparte no entiendo bien de que límites decís siendo que con cualquier billetera o broker podes comprar y este régimen de Courier solo conviene por compras de hasta 400$ exentos de aranceles. Osea es para comprarte alguna boludez de electrónica , ropa etc",boyozenjoyer,merval,1,2024-11-16 19:53:34,t1_lxi8oc4,t3_1gs48zv,comment
lxfrcl1,"ahhh genial papa, gracias por la aclaracion!",Esteb13an,merval,2,2024-11-16 11:40:59,t1_lxeqhx5,t3_1gs48zv,comment
lxcf2an,"Me los compre hace una semana. Enganché una oferta y con envío me quedo casi 350 usd. Si sabia que salia esto por ahi esperaba un poco, pero no creo q lo consiga a mejor precio.

Comentario aparte: en 1 dia paso de de San Diego a Miami y finalmente Buenos Aires. Este ultimo tramo se ve que lo tercerizan y hace una semana que estoy esperando que venga de Bs AS a Chubut y no tengo novedades.
Increíble la diferencia en como funcionan los envíos.",Hermes_RT,merval,2,2024-11-15 19:53:34,t1_lxc3146,t3_1gs48zv,comment
lwsprct,"Milei ""De confirmarse dos meses más esta inflación se bajará la devaluación mensual al 1%.""

[Fuente: X.](https://x.com/JMilei/status/1856416763648295298)",arithmetic_mean,merval,63,2024-11-12 16:35:08,t3_1gpsn1l,t3_1gpsn1l,comment
lwsn9kr,"Nadie, pero absolutamente nadie se imaginaba que en menos de un año la inflacion podia bajar de 25% a 2.7%. Es una bestialidad...

El miedo de la hiper se quedo atras hace rato...",[deleted],merval,226,2024-11-12 16:22:25,t3_1gpsn1l,t3_1gpsn1l,comment
lwsut3o,Se acerca un cambio en el crawling peg o falta?,blackzama,merval,14,2024-11-12 17:00:33,t3_1gpsn1l,t3_1gpsn1l,comment
lwsx8zj,Lo loco es que la UVA viene subiendo clavado a 3.75% los últimos 3 meses.,DigitalAkita,merval,44,2024-11-12 17:13:19,t3_1gpsn1l,t3_1gpsn1l,comment
lwt77hp,"Inflación: 2.7%  
Prepaga: Te informamos que la cuota tendrá un incremento del 4,5%. Es importante mencionar que los incrementos realizados reflejan solo de manera parcial los incrementos reales verificados en nuestra estructura de costos.",fedaykin21,merval,72,2024-11-12 18:05:37,t3_1gpsn1l,t3_1gpsn1l,comment
lwt8kxi,"che pero la inflacion es multicausal, cuales fueron las multicausas que la hicieron bajar?",SensitiveSoftware842,merval,34,2024-11-12 18:13:47,t3_1gpsn1l,t3_1gpsn1l,comment
lwspxwd,Que alimentos y bebidas de 1 y pico me parece increíble. Sin dudas esto ayuda a la clase baja,[deleted],merval,55,2024-11-12 16:36:03,t3_1gpsn1l,t3_1gpsn1l,comment
lwsqp9s,"Tremenda noticia.

Ahora, tuve la suerte de andar por europa hace poco y salvo los alquileres y algunas otras cosas estamos carísimos en USD, pero MUY caros, a qué se debe? Seguirá siendo así?",[deleted],merval,29,2024-11-12 16:39:53,t3_1gpsn1l,t3_1gpsn1l,comment
lwsp1ye,¡Buenisimo! Es un proceso largo pero espero que valga la pena al final.,Emanuel762,merval,16,2024-11-12 16:31:33,t3_1gpsn1l,t3_1gpsn1l,comment
lwtehov,Ojalá siga bajando por el amor de jebús.,ElMolador,merval,4,2024-11-12 18:46:45,t3_1gpsn1l,t3_1gpsn1l,comment
lwslujg,"\- La división con mayor alza mensual en octubre de 2024 fue Vivienda, agua, electricidad, gas y otros combustibles (5,4%); y la de menor, Alimentos y bebidas no alcohólicas (1,2%)

\- En octubre de 2024, Patagonia fue la región de mayor suba mensual (3,2%), escoltada por el Gran Buenos Aires (2,8%)",arithmetic_mean,merval,13,2024-11-12 16:15:15,t3_1gpsn1l,t3_1gpsn1l,comment
lwt0upq,[removed],[deleted],merval,16,2024-11-12 17:31:52,t3_1gpsn1l,t3_1gpsn1l,comment
lwthoy3,"RemindMe! 1-1-2025

Fin del cepo",JohnSundayBigChin,merval,3,2024-11-12 19:02:57,t3_1gpsn1l,t3_1gpsn1l,comment
lwsmyu6,Excelente dato,BNeutral,merval,6,2024-11-12 16:20:55,t3_1gpsn1l,t3_1gpsn1l,comment
lwtdfln,Y yo que hace 6 meses saqué un préstamo UVA porque no tenía para pagar la tarjeta xD,Zestyclose-Bottle-52,merval,3,2024-11-12 18:41:15,t3_1gpsn1l,t3_1gpsn1l,comment
lwssqce,[removed],[deleted],merval,4,2024-11-12 16:50:01,t3_1gpsn1l,t3_1gpsn1l,comment
lwu31mu,Mmm que explicación me podría dar la Municipalidad de mi ciudad que el año pasado pague la patente todo el año a 89k y ahora por todo el año 2025 me quiere cobrar 218k,Creative-Win-3447,merval,2,2024-11-12 21:02:39,t3_1gpsn1l,t3_1gpsn1l,comment
lwtqxwn,A los que festejan hay que tirarles el Mochon por la cabeza,Emastation,merval,-1,2024-11-12 19:52:31,t3_1gpsn1l,t3_1gpsn1l,comment
lwue553,Cualquiera que vaya todos los meses a comprar medicamentos para sus viejos tiene más percepción de la realidad que ese numerito (en especial si sobreviven con la mínima).,a_kwyjibo_,merval,-5,2024-11-12 22:07:36,t3_1gpsn1l,t3_1gpsn1l,comment
lwtness,[removed],[deleted],merval,-2,2024-11-12 19:33:17,t3_1gpsn1l,t3_1gpsn1l,comment
lwvwfpq,"""En el mercado laboral posgobierno de Macri, con aumento de trabajadores informales y por cuenta propia. hay un menor poder de negociación salarial, porque la heterogeneidad. Eso se agravó en la etapa del gobierno de Milei cuando hubo una muy intensa destrucción de empleo privado registrado y público”, indicó. Recién ahora, señaló, las estadísticas oficiales muestran que se está frenando la destrucción de empleo, pero ya generó otra vez un aumento muy importante de cuentapropistas, monotributistas e informales. “Ese factor está colaborando a que la desinflación se consolide pero a costa de niveles de salarios reales que están entre los más bajos de los últimos 20 años”

Ahí tienen la explicación por un economista. Para que no se coman el cuento de que esto es debido a  que saco a 100 ñoquis del estado. Baja debido al sacrificio de la población. En resumen lo pagamos todos, como siempre",-LuRa,merval,-4,2024-11-13 04:47:22,t3_1gpsn1l,t3_1gpsn1l,comment
lwsxj47,desde junio hasta ahora va un 20% q tengo q ajustar a mi inquilino 😉,Ok-Acante4524,merval,-9,2024-11-12 17:14:46,t3_1gpsn1l,t3_1gpsn1l,comment
lwsvrk0,"lo mismo que hizo Menem, esta pisando la actividad pára bajar la inflacion, en cuanto suba un poco o pase alguna situacion de inestabilidad se va todo al joraca de nuevo, la situacion es bastante Fragil.",Ok-Perception-2397,merval,-28,2024-11-12 17:05:33,t3_1gpsn1l,t3_1gpsn1l,comment
lwu61fa,"Que loco, avísenle a los del peaje qué ya van más del 100% en lo que va del año",cateyesarg,merval,-1,2024-11-12 21:20:19,t3_1gpsn1l,t3_1gpsn1l,comment
lwt7bot,"Lamentablemente, no se va a sostener, siempre que bajan la inflacion en cualquier país, se hace abruptamente, en ponele 6 meses, por ejemplo, con la Convertibilidad de Menem-Cavallo pasamos del 27% al 0.4% en 6 meses y sin CEPO ni intervencion del dolar.

2.7 no es baja, es muy alta, a estas alturas deberíamos tener 0.2% de infalción, y además cuando abran el cepo o dejen de intervenir el MEP-CCL, se va a disparar...

Todo lo demás es fé y esperanza mas que confianza.",Diegam,merval,-26,2024-11-12 18:06:18,t3_1gpsn1l,t3_1gpsn1l,comment
lwsu4dr,"Esto medio como que no lo entiendo,en mi cabeza,si lo dice en el tweet de esta forma,lo está confirmando.

Osea que ya hubo un acuerdo con el fmi sobre en que condiciones bajarlo y que además ya se están por cumplir

Por qué si no es así,no entiendo tbh,en el mensaje no especifica eso",nenfis,merval,6,2024-11-12 16:57:04,t1_lwsprct,t3_1gpsn1l,comment
lwsvzyl,[removed],[deleted],merval,-44,2024-11-12 17:06:46,t1_lwsprct,t3_1gpsn1l,comment
lwsritz,"A 1% no creo que pueda bajar, no con el crawling peg de 2% mensual",NNTokyo3,merval,-37,2024-11-12 16:43:57,t1_lwsprct,t3_1gpsn1l,comment
lwsnwir,"Y espero por el bien del pais y de mi fe en la humanidad, que tambien haya quedado atras el concepto de que la emision monetaria no genera inflacion.   
  
Por dios, espero que sea prueba mas que suficiente de que la emision descontrolada sin un respaldo de productividad, SIEMPRE genera inflacion",[deleted],merval,179,2024-11-12 16:25:40,t1_lwsn9kr,t3_1gpsn1l,comment
lwtwrjv,"Vote a Milei, Todavia tengo rollos de papel higiénico del año pasado.",TartaVoladora,merval,10,2024-11-12 20:25:49,t1_lwsn9kr,t3_1gpsn1l,comment
lwvhtg5,">El miedo de la hiper se quedo atras hace rato...

No, porque todavía hay inflación reprimida. Todavía tenemos reservas netas negativas, y los próximos años tenemos vencimientos de deuda importantes.",Yearlaren,merval,-2,2024-11-13 02:26:41,t1_lwsn9kr,t3_1gpsn1l,comment
lwtr1wh,[removed],[deleted],merval,0,2024-11-12 19:53:08,t1_lwsn9kr,t3_1gpsn1l,comment
lwt5tau,"Con la convertibilidad de Menem/Cavallo, pasamos del **27%** al **0.4%** en **6 meses** y sin CEPO.  
  
Lamentablemente, no va a bajar del 2% (2% es muchisimo, a macri lo rajaron con 2.7% en septiembre 2019) y cuando abran el cepo y dejen de intervenir el dolar, se va a acelerar la inflación

Siempre que bajó la inflación (acá y en el mundo) se ha hecho abruptamente, 2.7% es muchisima inflación y ya vamos 11 meses.",Diegam,merval,-21,2024-11-12 17:57:35,t1_lwsn9kr,t3_1gpsn1l,comment
lwsvqqy,"Con 2 meses a este ritmo, dijo el presi que lo baja al 1%.",Outlander357,merval,20,2024-11-12 17:05:26,t1_lwsut3o,t3_1gpsn1l,comment
lwtcngc,Se comenta que lo van a reducir 1 decima cada mes hasta las proximas elecciones legislativas.,mrjerichoholic99,merval,4,2024-11-12 18:37:07,t1_lwsut3o,t3_1gpsn1l,comment
lwuastr,Seguramente es porque el uva tiene un rezago de 45 días.,xiroxax,merval,15,2024-11-12 21:47:51,t1_lwsx8zj,t3_1gpsn1l,comment
lwxktxh,"La variacion de UVA se calcula en funcion de la variacion del CER. El CER esta determinado por meses anteriores, tiene bastante delay porque se usa tambien para extrapolar a futuro (el dato de IPC no sale hasta mitad de mes vencido). Asi que cuando la inflacion esta a la baja, CER y UVA bajan menos que el ultimo IPC. Se compensa porque en la suba del IPC pasa lo mismo pero al reves.",HwanZike,merval,6,2024-11-13 12:51:45,t1_lwsx8zj,t3_1gpsn1l,comment
lwsxula,Salu' 🍷,Warc00,merval,11,2024-11-12 17:16:24,t1_lwsx8zj,t3_1gpsn1l,comment
lwtl3l2,[deleted],[deleted],merval,3,2024-11-12 19:20:55,t1_lwsx8zj,t3_1gpsn1l,comment
lwtqy7u,Y los servicios y super 10%,Nacoo13,merval,-4,2024-11-12 19:52:34,t1_lwsx8zj,t3_1gpsn1l,comment
lwtwhgi,"Ayer me agarré una calentura con este tema. En el noticiero tiraron un ""bajan las prepagas"" porque OSDE en vez de aumentar el 4,2% que había anunciado, iba a aumentar un 3,8%. Es joda.",Jauretche,merval,32,2024-11-12 20:24:08,t1_lwt77hp,t3_1gpsn1l,comment
lwuei7l,"Jajajajajajaj el mensajito de Swiss Medical.

Los mandé a la mierda. Encima se hacen bien los pelotudos cuando tienen que cubrir cualquier cosa, se pueden ir a cagar.

Cuando me di de baja me ofrecieron un descuento por tres meses del 4% para que me quede. Imaginate mi reacción.",Revolutionary_Ad3463,merval,19,2024-11-12 22:09:46,t1_lwt77hp,t3_1gpsn1l,comment
lwte1qd,Que sigan aumentando. Que yo me sigo cambiando.,hernanemartinez,merval,-10,2024-11-12 18:44:29,t1_lwt77hp,t3_1gpsn1l,comment
lwt9bms,"Causa 1 dejas de emitir billetes de 1000
Causa 2 dejas de emitir billetes de 500",walace47,merval,76,2024-11-12 18:18:16,t1_lwt8kxi,t3_1gpsn1l,comment
lwsz4lc,"Y hay que destacar que este gobierno de chetos individualistas siguió aumentando la ayuda social, la tarjeta alimentar y todos los planes y pogramas que cuidan a los más vulnerables, cuando supuestamente iban a ""cortar todo"" como Macri (que también supuestamente iba a cortar todo pero terminó reconstruyendo la Villa 31)",LibritoDeGrasa,merval,54,2024-11-12 17:23:00,t1_lwspxwd,t3_1gpsn1l,comment
lwubzl6,"lo que ayuda a la clase baja es que se recupere el salario y el empleo formal, cosa que no va a pasar por lo menos en este gobierno.",Ok-Perception-2397,merval,2,2024-11-12 21:54:46,t1_lwspxwd,t3_1gpsn1l,comment
lwszcxn,"Más allá de las regulaciones e impuestos que te dijeron en otros comentarios, no te olvides que toda la gente hizo negocio pensando en 9999999999999% de inflación y un dólar a 7 lucas, ahora se está corrigiendo lentamente.",LibritoDeGrasa,merval,17,2024-11-12 17:24:12,t1_lwsqp9s,t3_1gpsn1l,comment
lwsvcpx,[removed],[deleted],merval,6,2024-11-12 17:03:22,t1_lwsqp9s,t3_1gpsn1l,comment
lwsvbz6,"regulaciones e impuestos por las nubes, veremos si se ponen las pilas con eso. 

Como curiosidad, los liberales en campaña dicen que hay que desregular para activar, pero cuando gobiernan dicen que primero hay que reactivar y después desregular. Yo no soy economista asique no tengo ni put@ idea.",Upstairs-Iron-5014,merval,6,2024-11-12 17:03:16,t1_lwsqp9s,t3_1gpsn1l,comment
lwt4wws,"pensa en todo lo que tenemos un litro de leche por ejemplo es 55% impuestos, un auto importado ejemplo un kia sorento tiene 35% de impuesto extra zonal y 25% de iva sumando impuestos internos y asi. Ademas todos los que tienen negocio mandaron precios pensando que el dolar explotaba cuando asumio milei pero al final esta estable veremos como evoluciona eso. Saludos amigo",[deleted],merval,5,2024-11-12 17:52:38,t1_lwsqp9s,t3_1gpsn1l,comment
lwtc3vk,"a lo mejor es por que dejaron de importar petroleo de rusia, o menos.",Kitchen-Touch-3288,merval,1,2024-11-12 18:34:11,t1_lwsqp9s,t3_1gpsn1l,comment
lwtjeg0,Volvamos a 2015 donde convenia irse a Chile a comprar electrodomesticos,[deleted],merval,1,2024-11-12 19:11:54,t1_lwsqp9s,t3_1gpsn1l,comment
lwt4cze,donde se puede ver todo con mas detalle?,[deleted],merval,1,2024-11-12 17:49:41,t1_lwslujg,t3_1gpsn1l,comment
lwt4upo,Donde puedo ver las subas por sectores del país?,Fallschirmjager96,merval,1,2024-11-12 17:52:19,t1_lwslujg,t3_1gpsn1l,comment
lwtorik,A qué plazo?,arithmetic_mean,merval,2,2024-11-12 19:40:34,t1_lwtdfln,t3_1gpsn1l,comment
lwstdde,[removed],[deleted],merval,7,2024-11-12 16:53:16,t1_lwssqce,t3_1gpsn1l,comment
lwumi2q,Que toda la inflación sumada que tuvo Alberto la tuvo Milei en 11 meses,umagon2,merval,4,2024-11-12 22:57:01,t1_lwu31mu,t3_1gpsn1l,comment
lwujt68,Para mí por qué son pibes que viven con los padres entonces no dimensionan la realidad,SnooAdvice951,merval,-9,2024-11-12 22:41:06,t1_lwue553,t3_1gpsn1l,comment
lwucs2w,[removed],[deleted],merval,4,2024-11-12 21:59:28,t1_lwtness,t3_1gpsn1l,comment
lwtdotu,la buena guillotina donde quedó,HoloxReddit,merval,13,2024-11-12 18:42:36,t1_lwsxj47,t3_1gpsn1l,comment
lwtrj6v,20% no deja de ser un numero...pero bueno. cuanto fue tu ultimo aumento en porcentaje? hiciste la evaluacion?,NarrowBar3979,merval,2,2024-11-12 19:55:47,t1_lwsxj47,t3_1gpsn1l,comment
lwt247b,[removed],[deleted],merval,3,2024-11-12 17:38:16,t1_lwsxj47,t3_1gpsn1l,comment
lwui9bh,"Que afortunado tu inquilino a mi me ajusta por Casa Propia en enero voy a pagar 900 mil palos no sé cómo haré, un 66%. Ni hablar con la prepaga y la luz y los alimentos. Yo no entiendo un chto de economía solo se que en cualquier momento paso de clase media a baja. Y que la vida cada mes cuesta más pero aún así la inflación baja y mi sueldo sigue igual que en enero.",SnooAdvice951,merval,1,2024-11-12 22:32:00,t1_lwsxj47,t3_1gpsn1l,comment
lwszi9g,¿No se vería reflejada la fragilidad en el riesgo país y los bonos?,LibritoDeGrasa,merval,20,2024-11-12 17:24:57,t1_lwsvrk0,t3_1gpsn1l,comment
lwsxcpb,"y es como todo pero tampoco nos pongamos medio paranoicos, es un dato muy bueno el porcentaje de inflación en baja. Una inestabilidad pequeña (como por ejemplo una manifestación con mucha convocatorio o un paro general) no te va a mover la aguja como para disparar la inflasion el dolar o algun parametro a 50% en suba. deberia pasar una catastrofe mundial para que todo se descalabre para la mierda. 

a lo sumo tendra una suba por la epoca de pagos de fin de año y consumo pero nada mas grave que eso. Hay que sacarse la careta y admitir que esto son buenas noticias, no niego que es un camino duro pero tampoco es que hay un suspiro y todo se cae, tenemos algo de estabilidad en un año y ojala sigamos ese rumbo para mejorar en el mediano plazo.",Opinologodelnorte,merval,9,2024-11-12 17:13:51,t1_lwsvrk0,t3_1gpsn1l,comment
lwsx1ta,Viste los últimos indicadores de actividad?,[deleted],merval,9,2024-11-12 17:12:16,t1_lwsvrk0,t3_1gpsn1l,comment
lwszh9j,"Hay una diferencia clave entre Menem y la situación actual. Menem tuvo déficit, apostando a cubrirlo con crecimiento. Macri también tuvo déficit y apostó a cubrirlo con crecimiento y nos endeudó hasta los ojos también.  
  
Este loquito Milei arrancó con déficit cero de entrada, lo que lo hace sostenible en el tiempo. Por eso adicionalmente a la baja en la tasa de inflación ves baja en riesgo país, porque con equilibrio fiscal la deuda es mucho más pagable y no sos vulnerable a un shock externo porque no dependes de que te presten guita para financiar gastos corrientes.",ap0r,merval,2,2024-11-12 17:24:48,t1_lwsvrk0,t3_1gpsn1l,comment
lwt8mv9,"Japón tardo 3 años en bajar la inflación en el '73.

Israel más de 10 en el '70 (pero te lo regalo por que estaban en guerra).

China 6 años en el '91 y 3 años en el '85.

  
Puedo seguir con más paises si queres.",[deleted],merval,27,2024-11-12 18:14:06,t1_lwt7bot,t3_1gpsn1l,comment
lwte3sv,[removed],[deleted],merval,12,2024-11-12 18:44:47,t1_lwt7bot,t3_1gpsn1l,comment
lwtecre,[removed],[deleted],merval,-3,2024-11-12 18:46:03,t1_lwt7bot,t3_1gpsn1l,comment
lwt4zni,Usualmente diciembre hay aumentos por las fiestas y el aguinaldo. Enero suena mas razonable porque muchos estan de vacaciones y no suele haber tantos quilombos.,fogalmam,merval,14,2024-11-12 17:53:02,t1_lwsu4dr,t3_1gpsn1l,comment
lwssa4n,Habla de justamente bajar el crawling peg,DigitalAkita,merval,60,2024-11-12 16:47:47,t1_lwsritz,t3_1gpsn1l,comment
lwssg86,Justamente lo que está diciendo es que si se mantiene en estos niveles bajan el crawling,[deleted],merval,32,2024-11-12 16:48:38,t1_lwsritz,t3_1gpsn1l,comment
lwt2h4h,[removed],[deleted],merval,19,2024-11-12 17:40:06,t1_lwsritz,t3_1gpsn1l,comment
lwszm5v,devaluación mensual = crawling peg,fer662,merval,17,2024-11-12 17:25:30,t1_lwsritz,t3_1gpsn1l,comment
lwszgqo,"no sé como no es conocimiento general este tema, literalmente en cierto momento histórico (no recuerdo cual) fue juzgado como crimen de guerra, creo que los nazis planeaban meter billetes falsificados a eeuu y desestabilizar su economía.",LogFlashy2943,merval,53,2024-11-12 17:24:44,t1_lwsnwir,t3_1gpsn1l,comment
lwtcy8s,[removed],[deleted],merval,20,2024-11-12 18:38:44,t1_lwsnwir,t3_1gpsn1l,comment
lwte8j7,olvidate. el proximo gobierno va a volver a emitir y la rueda de los ciclos de argentina va a haber dado otra vuelta.,bodonkadonks,merval,5,2024-11-12 18:45:28,t1_lwsnwir,t3_1gpsn1l,comment
lwt6y36,"No digo que no sea asi conceptualmente, pero el gobierno dejo de imprimir hace muy poco, no hace 1 año. Y convengamos que imprimir no es lo unico que puede hacer un gobierno para tener inflacion alta. No es una receta exacta, ni como receta lleva 1 solo ingrediente.

Milei mismo admitio varias veces que independientemente de las medidas que se tomen, existe algo llamado ""rezago inflacionario"", tambien dijo que este efecto podria durar entre 24 a 36 meses.",fsocietyARG,merval,6,2024-11-12 18:04:04,t1_lwsnwir,t3_1gpsn1l,comment
lwt69av,"Disculpame que te lo diga así, pero Milei nunca dejó de emitir, se emiten billetes, Pases, Bopreales y deuda. La inflación bajó, pero cuando se libere el dolar se vuelve a disparar.",Diegam,merval,-22,2024-11-12 18:00:05,t1_lwsnwir,t3_1gpsn1l,comment
lwt5p2j,"todo muy lindo pero no puedo comer el alimento ""baja inflacion"" para el desayuno y los niveles mas altos de pobreza de la historia del pais tampoco.

Hasta que el SMVM no aumente un 100% (y si es necesario que el resto que NO suba) no hay nada que festejar.

la brecha salarial debe estar en maximos historicos tambien. Una verguenza lo que cobra la gente que labura 8 horas 5 dias a la semana, lo mismo los jubilados, que literalmente se estan muriendo por no poder pagar medicamentos. Pero de eso la prensa no habla.",MelaniaSexLife,merval,-28,2024-11-12 17:56:57,t1_lwsnwir,t3_1gpsn1l,comment
lwv1h8z,Yo todavía tengo rollos de papel desde la pandemia. Ahre...,WillLife,merval,1,2024-11-13 00:27:42,t1_lwtwrjv,t3_1gpsn1l,comment
lwu1fkx,"no va a bajar del ~~8%~~ ~~4%~~ ~~3,5%~~ ~~3%~~ 2%",ChazD_,merval,16,2024-11-12 20:53:16,t1_lwt5tau,t3_1gpsn1l,comment
lwtx0gh,[removed],[deleted],merval,8,2024-11-12 20:27:14,t1_lwt5tau,t3_1gpsn1l,comment
lwt8k1w,"Confudir convertibilidad con lo que sucede hoy, es no entender nada de economia. 

Hoy no tenes deficit fiscal, el estado parece generar confianza en los prestamistas (por tanto, confianza en que va a poder pagar sus deudas). Se promueve el superavit fiscal desde la copula estatal... 

La convertibilidad fue una ley que lo unico que lograba era fijar el tipo de cambio pero no solucionaba los problemas del pais.",[deleted],merval,14,2024-11-12 18:13:38,t1_lwt5tau,t3_1gpsn1l,comment
lwt93rx,"Y otro futurologo para la lista. Vamos a ver que pasa cuando abran el cepo:


!remindme 6 months",Anxious-Guarantee-12,merval,6,2024-11-12 18:16:57,t1_lwt5tau,t3_1gpsn1l,comment
lwtlvyc,"pero no seria bueno que siga hasta que converga el blue y oficial??

le falta tan pocoo",adrimeno,merval,2,2024-11-12 19:25:05,t1_lwsvqqy,t3_1gpsn1l,comment
lwt8yyr,"A la lu' de las velas de paso, porque esta impagable.",fsocietyARG,merval,0,2024-11-12 18:16:08,t1_lwsxula,t3_1gpsn1l,comment
lwu5xrl,Totalmente malo,guille_sj95,merval,14,2024-11-12 21:19:43,t1_lwtl3l2,t3_1gpsn1l,comment
lwv1dto,Entonces con Belgrano no hay drama.,WillLife,merval,8,2024-11-13 00:27:06,t1_lwt9bms,t3_1gpsn1l,comment
lwuwti4,"Mis respetos, su eminencia.",JotaPe-exe,merval,3,2024-11-12 23:58:38,t1_lwt9bms,t3_1gpsn1l,comment
lwt2y69,El tipo siempre dijo que lo único que no se iba a recortar era la ayuda social. Que la transisión a planes de trabajo tiene que ser después de acomodar la macro y generar condiciones de crecimiento.,Lukesaurio,merval,47,2024-11-12 17:42:32,t1_lwsz4lc,t3_1gpsn1l,comment
lwuolu7,"Perdón pero no se está corrigiendo nada.


La inflación está bajando pero sigue por encima de la devaluación lo que significa que nos seguimos encareciendo en dólares.",RequirementSavings23,merval,12,2024-11-12 23:09:37,t1_lwszcxn,t3_1gpsn1l,comment
lwt9scw,[removed],[deleted],merval,3,2024-11-12 18:21:06,t1_lwsvcpx,t3_1gpsn1l,comment
lwucbfn,"lo gracioso es que en diciembre decían que no hacía falta una devaluación con casi 200% brecha, pero hoy sí con 15% brecha jaja",julian_perceval,merval,2,2024-11-12 21:56:44,t1_lwsvcpx,t3_1gpsn1l,comment
lwt6bsa,[https://www.indec.gob.ar/uploads/informesdeprensa/ipc\_11\_246E0BFFA2AC.pdf](https://www.indec.gob.ar/uploads/informesdeprensa/ipc_11_246E0BFFA2AC.pdf),Snoo-64358,merval,1,2024-11-12 18:00:29,t1_lwt4cze,t3_1gpsn1l,comment
lwt6at6,[https://www.indec.gob.ar/uploads/informesdeprensa/ipc\_11\_246E0BFFA2AC.pdf](https://www.indec.gob.ar/uploads/informesdeprensa/ipc_11_246E0BFFA2AC.pdf),Snoo-64358,merval,1,2024-11-12 18:00:19,t1_lwt4upo,t3_1gpsn1l,comment
lwtpu1o,24 meses,Zestyclose-Bottle-52,merval,0,2024-11-12 19:46:25,t1_lwtorik,t3_1gpsn1l,comment
lwumezv,No saben como se calcula el ipc entonces xd,Organization_Aware,merval,18,2024-11-12 22:56:30,t1_lwujt68,t3_1gpsn1l,comment
lwtwhc8,"A mi novia le austaron el 26%, se quiere matar.",luchisss,merval,0,2024-11-12 20:24:07,t1_lwtrj6v,t3_1gpsn1l,comment
lwv3tip,"900 mil palos son 900 mil millones. 
Creo que quisiste decir 900 mil pesos o, lo que es lo mismo, 900 lucas.",joaquini,merval,6,2024-11-13 00:43:05,t1_lwui9bh,t3_1gpsn1l,comment
lwwfxk3,"pq un 66%? el mío menos de 200 está pagando, soy la excepción  🥹",Ok-Acante4524,merval,2,2024-11-13 08:21:41,t1_lwui9bh,t3_1gpsn1l,comment
lwun47y,"O estas cagando mas alto q el culo, o tenes q buscar otro laburo",Organization_Aware,merval,4,2024-11-12 23:00:41,t1_lwui9bh,t3_1gpsn1l,comment
lwv0s1u,"Dato, Menem dejo su mandato con el riesgo país alrededor de 700.",Gordon_Freem,merval,-1,2024-11-13 00:23:11,t1_lwszi9g,t3_1gpsn1l,comment
lwsz5oi,"Quedate tranquilo en 3 meses trump sube la tasa y Chau Carry, no se puede ser tan miope para no verla, festejan que baja la inflacion habreando a las clases bajas, mientras el de clase media y alta se va a Brasil con dolar subsidiado, esta pelicula ya se vio, y ya se sabe como termina.",Ok-Perception-2397,merval,-9,2024-11-12 17:23:09,t1_lwsxcpb,t3_1gpsn1l,comment
lwsy2wy,"ESTA REBOTANDO pero no llega ni a las sombras de lo que era antes de la devaluacion de caputo, tenemos un dolar atrasadisimo, que se lo se compensa en bajar la inflacion a costa de la actividad que aun sigue atrasada, los que ven un milagro aca les quiero avisar que dentro de poco Trump sube la tasa de interes,  CHAU CARRY y a la mierda todo, volvimos a gobierno del gato miauri parece, pero esta vez version NO HAY PLATA.",Ok-Perception-2397,merval,-14,2024-11-12 17:17:36,t1_lwsx1ta,t3_1gpsn1l,comment
lwvt61w,[removed],[deleted],merval,2,2024-11-13 04:12:29,t1_lwte3sv,t3_1gpsn1l,comment
lwth8zu,[removed],[deleted],merval,0,2024-11-12 19:00:41,t1_lwtecre,t3_1gpsn1l,comment
lwtm1su,"entonces literal no es un fenomeno monetario, sino producto de la especulacion subjetivista",papa-a-los-18,merval,-12,2024-11-12 19:25:57,t1_lwt4zni,t3_1gpsn1l,comment
lwt9dxy,[removed],[deleted],merval,8,2024-11-12 18:18:39,t1_lwt2h4h,t3_1gpsn1l,comment
lwt0og6,Era en Inglaterra,ochitzukan,merval,39,2024-11-12 17:30:59,t1_lwszgqo,t3_1gpsn1l,comment
lwt3n33,"Fue en Inglaterra, durante los bombardeos alemanes en la segunda guerra mundial.

Pero bueno, igual siempre tenes al termo que te dice: ""Es que estamos en Argentina y aca no funciona asi."" Pelotudos. Como si Argentina pudiera rebelarse contra las normas mas basicas de la economia.

Al menos ahora tienen una evidencia reciente, en el propio pais, de que esto no es como ellos creen. Nisiquiera es una acto de fe, es simple educacion financiera.",[deleted],merval,2,2024-11-12 17:46:01,t1_lwszgqo,t3_1gpsn1l,comment
lwtjet9,"Esa frase tambien es incorrecta. 

  
Europa sufrio una fuerte inflacion cuando dejo de comprar gas natural a Rusia cuando comenzo la guerra en Ucrania. Tuvieron inflacion que no fue ""un fenomeno monetario"". 

Asi que no, la inflacion no es **SIEMPRE** y en todo lugar un **fenomeno monetario.**

  
AHORA... Cuando estas emitiendo 3 veces tu base monetaria, cuando tenes reservas en negativo, cuando fomentas el consumo de forma desproporcionada y apenas aumenta... Y... Decir que la inflacion en ese caso no es un fenomeno monetario es de ignorante e hijo de puta.",[deleted],merval,3,2024-11-12 19:11:57,t1_lwtcy8s,t3_1gpsn1l,comment
lwu96xf,Imprimir no es lo mismo que emitir,Choice-Ad-5679,merval,11,2024-11-12 21:38:28,t1_lwt6y36,t3_1gpsn1l,comment
lwt8a4v,"Yo aclare ""emision descontrolada"". Una cosa es emitir para reponer billetes, o vender bonos para patear deuda. Son todas jugadas fiscales. 

Ahora emitir para financiar planes sociales que el pais no puede pagar, ni va a poder pagar a futuro. Emitir para pagar viajes que la gente no puede pagar, adelantar tanto consumo cuando ya no tenemos reservas... Esa es emision descontrolada y sin respaldo en productividad.",[deleted],merval,19,2024-11-12 18:11:59,t1_lwt69av,t3_1gpsn1l,comment
lwt8v5l,"Cuando libere el dólar se vuelve a disparar eh?


!remindme 6 months. ",Anxious-Guarantee-12,merval,12,2024-11-12 18:15:29,t1_lwt69av,t3_1gpsn1l,comment
lwt86g2,"El problema, a mi parecer, no es la emisión en sí; sino la emisión bajo déficits fiscales constantes y cada vez peores. Es esto lo que redujo las pésimas perspectivas inflacionarias de hace un año, y mientras el gobierno siga manteniendo dicho superávit, una ""liberación"" del dólar (que cada vez más pinta a convergencia de abajo hacia arriba que otra cosa) no generará el caos que muchos piensan que hará.",default_name2000,merval,8,2024-11-12 18:11:22,t1_lwt69av,t3_1gpsn1l,comment
lwt8uzu,Fuente ¿?,Joaquirn,merval,5,2024-11-12 18:15:27,t1_lwt69av,t3_1gpsn1l,comment
lwtc8ov,"Eso no es emisión, eso es rollear la deuda que dejó un tipejo afiliado al pj.",spender-2001,merval,4,2024-11-12 18:34:55,t1_lwt69av,t3_1gpsn1l,comment
lww5iy3,Bajo la deuda una banda,[deleted],merval,1,2024-11-13 06:29:54,t1_lwt69av,t3_1gpsn1l,comment
lwtc4jh,"La mayor parte de la emisión de Milei fue por la compra de 20 mil millones de dólares por parte del Banco Central , en cambio el gobierno anterior emitía financiando los grandes desajustes del tesoro.",mrjerichoholic99,merval,0,2024-11-12 18:34:17,t1_lwt69av,t3_1gpsn1l,comment
lwt9mhr,"Ninguna de las problemáticas que planteas viene sucediendo desde este gobierno, y la recuperación de más de 20 años de cagadas nunca iba a suceder en 5 meses. Quien sea que te convencíó de que ya podría estar solucionado a esta altura, te mintió.",ILoveTheNight_,merval,18,2024-11-12 18:20:07,t1_lwt5p2j,t3_1gpsn1l,comment
lwtwktu,"Pobres jubilados, que lástima que derogaron la fórmula que ataba las jubilaciones a la inflación",Moebiuzz,merval,7,2024-11-12 20:24:42,t1_lwt5p2j,t3_1gpsn1l,comment
lwt80so,"[https://www.argentina.gob.ar/sites/default/files/ripte\_septiembre\_2024-mdch.pdf](https://www.argentina.gob.ar/sites/default/files/ripte_septiembre_2024-mdch.pdf)

Aca tenes el RIPTE (Remuneración Imponible Promedio de los Trabajadores Estables).

Podes ver como hace rato el RIPTE le viene ganando al inflacion mensual. Te puede parecer una pelotudez, pero eso implica una recuperacion del salario en terminos reales. El poder adquisitivo de los trabajadores sube.

Ahora bien, si miramos con detenimiento el RIPTE vas a ver que esa recuperacion se da principalmente en Monotributistas y trabajadores del ambito privado, mientras que el publico ha perdido mas del 30% de su salario en terminos reales respecto al año pasado.

¿Es injusto? ¿Esta mal? Y... Ahi tu opinion. Pero si te interesa, aca va la mia:

*Diciembre 2023:*

Yo cobraba, siendo programador JR y trabajando para una empresa del sector privado en Mendoza $250.000 ARS. Un amigo que laburaba dando clases en colegios primarios menos de 30 hrs semanales, ganaba exactamente lo mismo que yo.

Otro dato, el tenia muchooooo tiempo libre. Tanto que me decia ""Yo no laburo y no pasa nada, no hay castigo. Ni en pedo me cambio de laburo, estoy comodo y me permite estudiar mientras trabajo"". Yo en ese mismo momento laburaba 7hrs diarias, 1 de descanso. 5 dias a la semana. Nunca estaba sin trabajar.

*Noviembre 2024:*

Le triplico el salario. Primero porque creci profesionalmente bastante, pero principalmente porque los incentivos correctos traen recompensa y desarrollo. El podria haberse cambiado al sector privado, tuvo oportunidades. No las tomo porque ""Estaba muy comodo en el estado y no tenia que laburar tanto como yo"".

Cerrando, si queremos un pais desarrollado hay que promover el desarrollo personal. No puede ser que haya tantos empleados estatales que son completos inutiles sin ningun tipo de formacion. Eso no promueve el desarrollo de un pais.  
  
 ¿Estan cobrando mal los estatales? Algunos si, maestros, profesores, **MEDICOS**. ¿Administrativos? ¿Empleados judiciales? Realmente deberian cobrar tan bien como en el sector privado? Realmente el estado deberia asegurarles trabajo a pesar de que lo hagan mal?",[deleted],merval,16,2024-11-12 18:10:26,t1_lwt5p2j,t3_1gpsn1l,comment
lwt96sy,"En los trabajadores privados el sueldo subió en valores reales (Datos AERCA). Pero solamente son el 20% del total de los trabajadores activos y en blanco.

Lleva tiempo arreglar desastres, no es de un día para el otro, pero el camino fiscal es el correcto (por ahora).",[deleted],merval,6,2024-11-12 18:17:27,t1_lwt5p2j,t3_1gpsn1l,comment
lwwcyl8,Alto prepper jajaja,TartaVoladora,merval,2,2024-11-13 07:52:10,t1_lwv1h8z,t3_1gpsn1l,comment
lwvrziw,"Es como el ""Milei no llega a ~~enero, febrero, marzo, abril, mayo, junio, julio, agosto, septiembre, octubre, noviembre~~ diciembre!""",Lpfanatic05,merval,9,2024-11-13 04:00:19,t1_lwu1fkx,t3_1gpsn1l,comment
lwvr0yg,"El crawling peg de 2% mensual que puso es lit fijar el tipo de cambio, ósea lo mismo que Menem y que Martínez de oz",invisible92,merval,2,2024-11-13 03:50:41,t1_lwt8k1w,t3_1gpsn1l,comment
lwtd9m5,"No es futurología, son hechos. 

Con este plan no va a bajar del 2%, y si lo hace no va a ser sostenible. Se baja a fuerza de intervención del dolar, pero se sigue emitiendo con Pases, Bopreales, Billete y deuda.

Fijate que en el mundo el dolar tiene deflación estos ultimos meses, y venimos de una inflacion ""dolar argentino"" del 4% mensual, cuando en USA la inflación interANUAL fue del 2.5% y bajando por la deflación.

Van a tener que cambiar de estrategia, todavía se está a tiempo, pero si seguimos con este plan, el día que se libere el cepo o dejen de intervenir el dolar vuela todo.

Seguramente Milei lo sabe, y va a cambiarlo, esperemos que si,.",Diegam,merval,1,2024-11-12 18:40:24,t1_lwt93rx,t3_1gpsn1l,comment
lwtq3b8,¿Que dice? Si lo peor ya paso 😂,Warc00,merval,0,2024-11-12 19:47:51,t1_lwt8yyr,t3_1gpsn1l,comment
lwt3tpb,basta Mileer si sigue así el Peronismo va a tener que laburar mucho para arreglar el país y volver a tener desocupación de 80% con 90% de planeros y 300% de inflación mensual.,roberp81,merval,26,2024-11-12 17:46:57,t1_lwt2y69,t3_1gpsn1l,comment
lwt3moc,"Ironicamente la esta recortando vía indirecta al no aumentar en términos reales los presupuestos educativos y hospitalarios. Lo cual genera una pauperización dd la vida social, es decir, no les quita los planes pero si las condiciones de vida. Ironico, es el modelo K.",Chambaconsueno,merval,-13,2024-11-12 17:45:58,t1_lwt2y69,t3_1gpsn1l,comment
lwtbu9h,Gracias che,Fallschirmjager96,merval,1,2024-11-12 18:32:43,t1_lwt6at6,t3_1gpsn1l,comment
lwutums,"
Si vos querés apostar que la jubilación de este mes compra igual o más medicamentos dale, te leo tratando de justificarlo. Pero sabes que no, y ahí es cuando el numerito que estás festejando no sirve.",a_kwyjibo_,merval,-8,2024-11-12 23:40:59,t1_lwumezv,t3_1gpsn1l,comment
lwtae41,"Trump no maneja la tasa de interés de USA. La tasa la bajaron 0,25% hace una semana.",[deleted],merval,8,2024-11-12 18:24:40,t1_lwsz5oi,t3_1gpsn1l,comment
lwtbfbu,RemindMe! 3 months,[deleted],merval,1,2024-11-12 18:30:25,t1_lwsz5oi,t3_1gpsn1l,comment
lwte3vq,"la FED es una institución independiente, así que el gordo trompeta no puede hacer nada. No te entra una bien",salvattore-,merval,1,2024-11-12 18:44:48,t1_lwsz5oi,t3_1gpsn1l,comment
lwucohr,las clases bajas son las mas beneficiadas por la baja de inflación!,julian_perceval,merval,1,2024-11-12 21:58:52,t1_lwsz5oi,t3_1gpsn1l,comment
lwsz3dl,"Pero me decís que está pisando actividad y después decís que está rebotando, un poco de consistencia en tus argumentos.


Lo del carry tendría sentido si estuviéramos sin cepo. Hoy no tenes grandes capitales extranjeros haciendo carry como con Macri.",[deleted],merval,19,2024-11-12 17:22:49,t1_lwsy2wy,t3_1gpsn1l,comment
lwthj3s,[removed],[deleted],merval,1,2024-11-12 19:02:07,t1_lwth8zu,t3_1gpsn1l,comment
lwtcvhd,[removed],[deleted],merval,24,2024-11-12 18:38:19,t1_lwt9dxy,t3_1gpsn1l,comment
lwt4bi1,Y tiempo después los ingleses mismos admitieron que de haberlo logrado les iba a hacer mierda internamente,Fallschirmjager96,merval,24,2024-11-12 17:49:28,t1_lwt0og6,t3_1gpsn1l,comment
lwtcktd,"Reponer billetes no es lo mismo que ""emitir"". Loco, se supone que es sub para inversores pero no conocen lo más mínimo de economía...",spender-2001,merval,24,2024-11-12 18:36:44,t1_lwt8a4v,t3_1gpsn1l,comment
lwtfrgi,"una duda, cuales serian los motivos por los cuales quitar el cepo esta vez no generaria los mismos efectos que la corrida que hubo con macri? lo pregunto posta sin intención de discutir",rax9000,merval,4,2024-11-12 18:53:07,t1_lwt8v5l,t3_1gpsn1l,comment
lwt90ip,"I will be messaging you in 6 months on [**2025-05-12 21:15:29 UTC**](http://www.wolframalpha.com/input/?i=2025-05-12%2021:15:29%20UTC%20To%20Local%20Time) to remind you of [**this link**](https://www.reddit.com/r/merval/comments/1gpsn1l/ipc_octubre_27_2024/lwt8v5l/?context=3)

[**1 OTHERS CLICKED THIS LINK**](https://www.reddit.com/message/compose/?to=RemindMeBot&subject=Reminder&message=%5Bhttps%3A%2F%2Fwww.reddit.com%2Fr%2Fmerval%2Fcomments%2F1gpsn1l%2Fipc_octubre_27_2024%2Flwt8v5l%2F%5D%0A%0ARemindMe%21%202025-05-12%2021%3A15%3A29%20UTC) to send a PM to also be reminded and to reduce spam.

^(Parent commenter can ) [^(delete this message to hide from others.)](https://www.reddit.com/message/compose/?to=RemindMeBot&subject=Delete%20Comment&message=Delete%21%201gpsn1l)

*****

|[^(Info)](https://www.reddit.com/r/RemindMeBot/comments/e1bko7/remindmebot_info_v21/)|[^(Custom)](https://www.reddit.com/message/compose/?to=RemindMeBot&subject=Reminder&message=%5BLink%20or%20message%20inside%20square%20brackets%5D%0A%0ARemindMe%21%20Time%20period%20here)|[^(Your Reminders)](https://www.reddit.com/message/compose/?to=RemindMeBot&subject=List%20Of%20Reminders&message=MyReminders%21)|[^(Feedback)](https://www.reddit.com/message/compose/?to=Watchful1&subject=RemindMeBot%20Feedback)|
|-|-|-|-|",RemindMeBot,merval,1,2024-11-12 18:16:24,t1_lwt8v5l,t3_1gpsn1l,comment
lwtdo69,"Llamalo como quieras, pero es emisión.",Diegam,merval,-1,2024-11-12 18:42:31,t1_lwtc8ov,t3_1gpsn1l,comment
lwtm8p8,"Cualquier cosa estás diciendo, te lo digo como Senior de diez años de experiencia. Te estaban re cagando en Diciembre 2023 por eso tu amigo cobraba lo mismo que vos y nadie trabaja 7hs diaras en nuestro rubro, siempre el cálculo son 5hs diarias, y si, trabajo para USA y hasta allá que son workaholics calculan eso por día.

Los empleados estatales tienen el mismo derecho a cobrar un salario competitivo como los privados.",airixxxx,merval,2,2024-11-12 19:26:58,t1_lwt80so,t3_1gpsn1l,comment
lwtdivl,"Nooo miller intervino a las provincias para forzarlas a bajar sus presupuestos de educación y salud??? 

/s",spender-2001,merval,16,2024-11-12 18:41:44,t1_lwt3moc,t3_1gpsn1l,comment
lwt8uat,"Es para que no se le pudra todo.

No es boludo.

Pan y Circo.",fsocietyARG,merval,10,2024-11-12 18:15:20,t1_lwt3moc,t3_1gpsn1l,comment
lwu4ykj,"Y según el discurso de Powell, en diciembre casi que está cantada otra baja en las tasas, la cuestión dera 0,25 o 0,5",mozartxs,merval,4,2024-11-12 21:13:56,t1_lwtae41,t3_1gpsn1l,comment
lwufaag,O sea que no puedo comprar y vender todo el dólar mep que se me cante las pelotas porque hay cepo? mirá vos,Revolutionary_Ad3463,merval,-1,2024-11-12 22:14:25,t1_lwsz3dl,t3_1gpsn1l,comment
lwthkp9,rip el bot mod de reddit xD,grifter_cash,merval,10,2024-11-12 19:02:21,t1_lwtcvhd,t3_1gpsn1l,comment
lwtu0uu,Jajajajaja estuviste bien,GonzoElDuke,merval,1,2024-11-12 20:09:54,t1_lwtcvhd,t3_1gpsn1l,comment
lwta4g2,"Operación Berndhart, creo",ochitzukan,merval,12,2024-11-12 18:23:07,t1_lwt4bi1,t3_1gpsn1l,comment
lwtrqag,"Los nazis metieron tantas pero tantas bank notes truchas que por seguridad los ingleses cambiaron el papel y el diseño que venían usando. Es muy difícil saber cuales eran originales y cuales no.

Hasta el día de hoy no se sabe, solo hay estimaciones.

Un tema muy interesante la verdad.",Falcon5671,merval,9,2024-11-12 19:56:53,t1_lwt4bi1,t3_1gpsn1l,comment
lwtuq3l,"Creo que en esto se basa el nivel de confianza que hay en la situación del país, en la economía, etc.

En particular lo que sucedió con Macri, creo que el punto bisagra fue el 28 de diciembre del 2017. Cuando lo sentaron a Sturzenegger (entonces presidente del BCRA), junto con los del ministerio de economía. [https://es.m.wikipedia.org/wiki/28D](https://es.m.wikipedia.org/wiki/28D)

Recuerdo mirar esa conferencia de prensa, ver cómo el BCRA había perdido su ""independencia"" de decisión y pensar que era un error grosero lo que estaban haciendo...

Ahora creo que la confianza se está afianzando, al menos en lo que respecta a los números de la economía.",mirr9,merval,5,2024-11-12 20:13:57,t1_lwtfrgi,t3_1gpsn1l,comment
lwtkrtl,"Milei lo ha explicado en entrevistas. Versión corta, Milei levantará el cepo cuando tenga una de las siguientes condiciones:


- Consiga un préstamo del FMI o similares que les permita defender el tipo de cambio vendiendo dolares y que no haya corrida.
- Si lo anterior no es posible. Entonces se levantará cuando la inflación mensual equivalga a 2,4%. Esto significa que no hay pesos excedentes en la economía y la única inflación que queda viene del crawling peg + inflacion internacional. Si no hay pesos excedentes en la economía, no puede haber entonces corrida alguna. 


Obviamente si se baja el crawling peg a 1%, significará que el nuevo objetivo será un 1,4% en su lugar. ",Anxious-Guarantee-12,merval,3,2024-11-12 19:19:11,t1_lwtfrgi,t3_1gpsn1l,comment
lwtmtc4,"Si me estaban cagando, ahi esta la gracia. 

El loco tambien es informatico, da clases de eso. El podria haberse pasado al sector privado, ahi esta la clave del comentario. 

La clave es que el no se cambio porque al comienzo de su carrera como informatico en el sector privado, iba a cobrar poco pero su techo iba a ser muchisimo mas alto. Incluso su desarrollo personal. 

Pero no, el no se vio motivado a cambiarse simplemente porque en el estado estaba muy comodo. Hoy no lo esta mas y se ha puesto a estudiar y tirar CV's. Hay gente a la que si no obligas a desarrollarse, no lo hacen. 

Si les das todas las comodidades desde el estado para quedarse de chill y no buscar su desarrollo solo porque ""todos merecen una vida digna"", entonces generas una sociedad de parasitos. No todos merecen una vida digna. Quien no este dispuesto a esforzarse para mejorarse a si mismo y ayudar a su entorno, no merece vivir dignamente.",[deleted],merval,1,2024-11-12 19:30:08,t1_lwtm8p8,t3_1gpsn1l,comment
lwtevuo,"1. ¿Qué tiene que ver?
2.Para darte el gusto, pedazo de burro: si, las provincias nos arruinan la vida como tu Milei. O sea, tu razonamiento es ""ellos hacen el mal asi que nosotros podemos hacer peor"".
3.Nación recortó gastos via envios discrecionales. Lo que permitio a los poderes provinciales a justificarse el ajuste. 
4.La tijera sigue siendo tijera sin importar quien la usa. Idiota descerebrado como todo kukardo o libertarado.",Chambaconsueno,merval,-15,2024-11-12 18:48:44,t1_lwtdivl,t3_1gpsn1l,comment
lwthdje,"Nooo, miller recorto los envíos discrecionales!! Se caga en los pobres coimeros!! Pretende acaso que las provincias vivan solo de sus ingresos???? No llega a diciembre!


🤣",spender-2001,merval,12,2024-11-12 19:01:19,t1_lwtevuo,t3_1gpsn1l,comment
lx4cf0d,"Vende y cómprate algo que te guste , o déjalo si no te cambia nada , estamos en máximos históricos , puede ser el comienzo de un bull run o puede crashear , así que a tu elección. Pero como es poca plata y fue un lindo accidente yo vendería",boyozenjoyer,merval,205,2024-11-14 14:51:22,t3_1grajfm,t3_1grajfm,comment
lx4dlbe,Vendelo y recompensate por un trabajo bien hecho,SpaceHarrier3101,merval,118,2024-11-14 14:57:13,t3_1grajfm,t3_1grajfm,comment
lx4cybn,Pagate el asado,Exotic-Singer6826,merval,68,2024-11-14 14:54:02,t3_1grajfm,t3_1grajfm,comment
lx4gopi,"Yo llegue a tener ""accidentalmente"" casi 1 BTC en algún momento.  
  
Bien bien al inicio había una página re turbia que te pagaba por ver publicidades durante unos segundos. Te daba miserias, al punto que si lo hacías 30 minutos todos los días capaz sacabas 100 USD al año.  
La cuestión es que pagaba en BTC y recuerdo patente tener algo cercano a 0.92 BTC o por ahí, que eran muy muy poco, menos de 5 USD seguro.

Obvio, me aburrí de hacerlo a los pocos días. Deje esos BTC por ahí perdidos en una wallet que tenía instalada en la PC (la cuál ya debe hacer más de 10 años que vendí)",Zenndler,merval,45,2024-11-14 15:12:55,t3_1grajfm,t3_1grajfm,comment
lx4duo8,[deleted],[deleted],merval,38,2024-11-14 14:58:31,t3_1grajfm,t3_1grajfm,comment
lx4i9p7,Cortate las bolas x no haber comprado más,RainEnvironmental881,merval,10,2024-11-14 15:20:53,t3_1grajfm,t3_1grajfm,comment
lx4coo3,Fry?,arielo182,merval,22,2024-11-14 14:52:43,t3_1grajfm,t3_1grajfm,comment
lx4g6kp,"Yo lo vendería solo para llevarlo a una plataforma más sería y apalancarse hasta las bolas en bitcoin y ethereum, recién empieza el bullrun, déjalo unos meses a ver hasta donde llega. Cómo mucho perdes 15 pesos, si sale bien te haces alto guiso",throwaway275275275,merval,7,2024-11-14 15:10:20,t3_1grajfm,t3_1grajfm,comment
lx4qjtj,Llorar por no haber comprado más,SebaFilg,merval,7,2024-11-14 16:02:46,t3_1grajfm,t3_1grajfm,comment
lx5e7a8,Cortate las bolas por no haber comprado $15.000 en lugar de 15!,EdgardoDiaz,merval,6,2024-11-14 18:03:51,t3_1grajfm,t3_1grajfm,comment
lx4eoml,comprate unos panchitos,caballero-rojo,merval,4,2024-11-14 15:02:45,t3_1grajfm,t3_1grajfm,comment
lx5mqll,"Por un momento pensé que tenias 103666830,29 pesos",GroundbreakingFox755,merval,3,2024-11-14 18:47:22,t3_1grajfm,t3_1grajfm,comment
lx4ecwv,[deleted],[deleted],merval,7,2024-11-14 15:01:05,t3_1grajfm,t3_1grajfm,comment
lxbcs77,"Ir al supermercado y hacer las compras de la quincena, te ganaste un changuito.",luxanimae,merval,3,2024-11-15 16:33:42,t3_1grajfm,t3_1grajfm,comment
lxcww4n,"A mi me pasó algo parecido con el eth, hace unos años había un programa que solamente lo podía pagar con crypto, así que agarre y compré para el programa y después agarre y compré un toque más de curioso. Vendí en el 2021 y hice algo así de 20k usd. Me tomé un año sabatico y me lo fume todo con la conchuda que andaba en ese momento",ianastor,merval,3,2024-11-15 21:41:34,t3_1grajfm,t3_1grajfm,comment
lx4pslf,hacete un alto guiso,me__grimlock,merval,2,2024-11-14 15:58:54,t3_1grajfm,t3_1grajfm,comment
lx4ugr1,Sale asado donde contas tu experiencia,MightyVE,merval,2,2024-11-14 16:22:43,t3_1grajfm,t3_1grajfm,comment
lx4xx05,"Vendelo, seguramente va a bajar el BTC",VideoKey7413,merval,2,2024-11-14 16:40:21,t3_1grajfm,t3_1grajfm,comment
lx52kj0,"Si necesitas, solo cambialos y ya , son como $113 dolares",F_lover,merval,2,2024-11-14 17:04:09,t3_1grajfm,t3_1grajfm,comment
lx570zj,"OP yo compré en el 2018 200USD en bitcoin, mi situación es distinta, pero yo ni tocaría nada, anda a dormir y nos vemos en Dic. 2025. Pero obvio es una idea.",VegaSiNismo,merval,2,2024-11-14 17:27:09,t3_1grajfm,t3_1grajfm,comment
lx59kww,convertiste 15 pesos en $125000? pero sería 83000% de incremento y desde que se fundó Ripio para acá el bitcoin aumentó aprox 15000%.,gordamaciel,merval,2,2024-11-14 17:40:21,t3_1grajfm,t3_1grajfm,comment
lx6e575,"Toma mate, ahora compra falopa y empezá a venderla, multiplicas las ganancias x5, te lo digo por experiencia.",Far-Investigator6510,merval,2,2024-11-14 21:13:20,t3_1grajfm,t3_1grajfm,comment
lx6r8ak,"Como dicen algunos, hay que saber cuando meter y cuando hay que sacar. Yo sacaria",notengoganasdepensar,merval,2,2024-11-14 22:27:00,t3_1grajfm,t3_1grajfm,comment
lx7dgmz,Mira vo si comprabas masssss no podria vivir con ese pensamiento q paja hno mi pesame ojala te recuperes,UniqueButterscotch45,merval,2,2024-11-15 00:34:04,t3_1grajfm,t3_1grajfm,comment
lxbayux,Skibidi,maestruliduro,merval,2,2024-11-15 16:24:31,t3_1grajfm,t3_1grajfm,comment
lxhedl6,"Me hiciste acordar de que en un momento compré un puchito de bitcoins en Ripio, así que lo volví a instalar y resulta que tengo.... 3.615 pesos. Es casi nada pero es algo.",altopasto,merval,2,2024-11-16 17:04:33,t3_1grajfm,t3_1grajfm,comment
lx4c2zc,"y si son 120 luquitas, sacalas total el bitcoin por mas que crezca no te va a hacer mucha diferencia, vos tenes muy poco btc y ahora es probable que en estos dias caiga, sacala.",tradicionjav,merval,4,2024-11-14 14:49:42,t3_1grajfm,t3_1grajfm,comment
lx4m2u8,Noche de travas mmmmm,Ok_Problem647,merval,3,2024-11-14 15:40:07,t3_1grajfm,t3_1grajfm,comment
lx4g3bz,"Bitcoin se va a 120k o 150k, Usa va a comprar 1 millon de bitcoin como reserva estrategica pero lo hara el año que viene, Q1 2025. Yo no venderia o lo metes en meme y lo qintuplicas o no se jajaja",Firm_Translator_8623,merval,2,2024-11-14 15:09:53,t3_1grajfm,t3_1grajfm,comment
lx4ja7o,"Cómprate un whisky y petardos,.así la disfrutas bien ah y unas revistas porno",Meme-Analyzer,merval,2,2024-11-14 15:26:00,t3_1grajfm,t3_1grajfm,comment
lx4dnjs,"Todo depende de tu plazo y de tus expectativas. Como verás, la inversión fue acertada pero te faltó sumarle más capital al inicio (o en períodos de baja, conocido como ""DCA"").

Si tenes deudas o venís pagando el mínimo de la tarjeta de crédito, cerralas. Y si tenes que hacer un gasto fuerte en el corto plazo (ej.: vacaciones), podes hacer una de dos:

* Sacas la Ripio Card, la insertas en Mercadopago, y haces consumos usando ese BTC (cosa de que vendas a medida que necesites), o
* Haces los consumos con tarjeta de crédito, te fijas al cierre del extracto bancario si tenes pesos suficientes para saldar la deuda y, en caso de que te falte, vendes el BTC.

Tené en cuenta también que, siguendo patrones de ciclos anteriores, se espera una tendencia alcista en BTC en estos próximos meses. Personalmente no lo vendería al menos que realmente necesites cerrar deudas.",superpanchox,merval,2,2024-11-14 14:57:32,t3_1grajfm,t3_1grajfm,comment
lx4fcxm,Comprate una zapas,Efficient_Pomelo_583,merval,1,2024-11-14 15:06:08,t3_1grajfm,t3_1grajfm,comment
lx4lrq2,"Cuando recién salió Bitcoin, minamos con un amigo, teniamos BANDA de bitcoin, valian centavos el total, nunca le dí bola y esa pc ya no existe y los discos menos, debo haber tenido unos 600 BTC en ese momento, y me acuerdo que eran ponele, 25 centavos de dolar en total.",Aromatic-Bonus-7306,merval,1,2024-11-14 15:38:32,t3_1grajfm,t3_1grajfm,comment
lx4mktg,"Mira la realidad es que si no lo necesitas urgente, lo sigas manteniendo. Ahora si lo necesitas ahora esta en máximos historicos, es ideal para vender.",Megatecno,merval,1,2024-11-14 15:42:39,t3_1grajfm,t3_1grajfm,comment
lx4mohx,"Vos mismo te das la respuesta, tenes unas deudas. Cerra esas deudas y dormis tranquilo.",Mr_Frodo_,merval,1,2024-11-14 15:43:09,t3_1grajfm,t3_1grajfm,comment
lx4na75,"me paso algo similar pero en skrill, despues de unas malas movidas , en el 2020 rescate 20 dolares de libertex era el unico lugar donde podia retirar sin costo, compré btc, hoy valen U$s 274.21, pero no los puedo retirar, tengo q venderlos para retirar cash",Ok-Acante4524,merval,1,2024-11-14 15:46:12,t3_1grajfm,t3_1grajfm,comment
lx4pdyj,Si no entendes nada del tema sacalo y considerate afortunado,Perrubi14,merval,1,2024-11-14 15:56:50,t3_1grajfm,t3_1grajfm,comment
lx4r44v,HODL.,ALI3Nbot,merval,1,2024-11-14 16:05:37,t3_1grajfm,t3_1grajfm,comment
lx4sbys,vendelo y comprate spy ahhaja,ConnectionSecret3880,merval,1,2024-11-14 16:11:53,t3_1grajfm,t3_1grajfm,comment
lx4t7t4,Vendelo y disfruta la ganancia de algo que ni te acordabas que tenias. Te ahorras mas estres,xJustNinja,merval,1,2024-11-14 16:16:25,t3_1grajfm,t3_1grajfm,comment
lx4ug46,"Date un gustito, invitá un par de amigos y paga la cena",JohnSundayBigChin,merval,1,2024-11-14 16:22:38,t3_1grajfm,t3_1grajfm,comment
lx4v7l2,"Véndelo y apostado todo en algún casino online 2k la tirada algo así, si llegas a sacar un Jackpot retírate",Fluffy_Turnover,merval,1,2024-11-14 16:26:30,t3_1grajfm,t3_1grajfm,comment
lx4wh7i,Cuantas guita es?,turamdq,merval,1,2024-11-14 16:32:55,t3_1grajfm,t3_1grajfm,comment
lx4x2xs,El sueño de todos,leasano,merval,1,2024-11-14 16:36:02,t3_1grajfm,t3_1grajfm,comment
lx4y7lc,Lpm estaba viendo el precio de venta abajo y no entendía cómo los comentarios decían que 99 millones de pesos era poca plata jajajaja,MattBrey,merval,1,2024-11-14 16:41:51,t3_1grajfm,t3_1grajfm,comment
lx50uee,Yo me compraría un departamento,jpreddituser1,merval,1,2024-11-14 16:55:16,t3_1grajfm,t3_1grajfm,comment
lx55365,15 pesos pusiste nomas? que delincuente,PancuterM,merval,1,2024-11-14 17:17:12,t3_1grajfm,t3_1grajfm,comment
lx56kgs,"Tenés familia? Casa propia? Negocio propio*?

Es buena plata como para arrancar algo de eso.
No compraría un auto caro ya que deberás mantenerlo luego, y no es sólo combustible...

Vendes según vas necesitando y lo demás lo pasas a stablecoin para que no te explote de repente.

*Negocio, no trabajo. Si debes estar presente todo el tiempo para que funcione no es Negocio, es trabajo.

EDIT:

Si nunca contaste con ese dinero no lo uses para salvarte de deudas salvo que te estés ahogando y armas un negocio tipo ferretería armada hasta las bolas, nada se te vence (prácticamente) y el lugar podría ser tuyo, hay opciones",canonical_event,merval,1,2024-11-14 17:24:49,t3_1grajfm,t3_1grajfm,comment
lx56yej,"Llama a un contador y entra al blanqueo por 5%. Ripio es un exchange registrado, en AFIP ven tu cuenta. Podés blanquearlo ahí mismo. El contador te va a cobrar 900 Lucas si usa la tabla de honorarios",rumboalaangioplastia,merval,1,2024-11-14 17:26:47,t3_1grajfm,t3_1grajfm,comment
lx571ub,Tendrías que haber comprado más. Vende y gozala,armonicoenfuga,merval,1,2024-11-14 17:27:17,t3_1grajfm,t3_1grajfm,comment
lx5ddj5,Guárdalo hasta el 2030 y ahí vende y viví sin trabajar si quieres..,MagicianWarrior65,merval,1,2024-11-14 17:59:34,t3_1grajfm,t3_1grajfm,comment
lx5ho5h,vendelo y arrepentite en 10 años,[deleted],merval,1,2024-11-14 18:21:27,t3_1grajfm,t3_1grajfm,comment
lx5ieq1,Me hiciste acordar y empecé a revisar billeteras. Tenía cuenta en Lemon que la borré luego de lo que paso con UST (Perdí todos mis ahorros basicamente) y me encontré con unos LUNA por casi 5 mil pesos jaj,Lethean88,merval,1,2024-11-14 18:25:15,t3_1grajfm,t3_1grajfm,comment
lx5o3hm,cuanta plata es ?,timittom,merval,1,2024-11-14 18:54:19,t3_1grajfm,t3_1grajfm,comment
lx5pjih,"lo primero que haria seria sacarlo de ese exchange de m1erd

  
despues vender, esperar que baje, comprar la ganancia, y dejarlo 10 años mas!",ZiYu14,merval,1,2024-11-14 19:01:41,t3_1grajfm,t3_1grajfm,comment
lx5wdp1,"Déjalo ahí, que crezca, almenos hasta marzo 2025, ya de ahí podrías plantear llevarlo a un broker para comprar acciones en empresas, compra acciones baratas de alguna empresa conocida y déjalos por años a laaaargo plazo.

Puede que ese capital se haga grande arriba de 1000$ :)",iruam619,merval,1,2024-11-14 19:37:00,t3_1grajfm,t3_1grajfm,comment
lx5xwvn,Disfrutar?,pepemetralla,merval,1,2024-11-14 19:45:00,t3_1grajfm,t3_1grajfm,comment
lx5yk9f,"Que buena onda encontrarse con eso! 
Que hacer? Si necesitas la guita vende y listo. Si no la necesitas dejalos ahí porque, más allá de sus altos y bajos la tendencia del bitcoin es alcista, si lo podés esperar esperalo",cadarlion,merval,1,2024-11-14 19:48:23,t3_1grajfm,t3_1grajfm,comment
lx6csva,"En tu lugar yo vendería a la mierda y me pegaría alguna salida copada o me compraría algo. Si la jugás demasiado sin saber del tema -o incluso sabiendo- podés entrar un día y tener la mitad de esa guita. 

Está casi en su máximo histórico el BTC. Nadie te puede decir que está mal vender a esta altura.",Zacuf93,merval,1,2024-11-14 21:05:49,t3_1grajfm,t3_1grajfm,comment
lx6gea6,Que crecimiento! Te acordás de cuándo fue?,JumperMason,merval,1,2024-11-14 21:25:52,t3_1grajfm,t3_1grajfm,comment
lx6h3hn,Dejalo ahí,PrettyAd4035,merval,1,2024-11-14 21:29:42,t3_1grajfm,t3_1grajfm,comment
lx6k255,Yo rotaria a eth... estan por presentar el nuevo roadmap con cambios drasticos en la evm (zkevm),foropos,merval,1,2024-11-14 21:46:15,t3_1grajfm,t3_1grajfm,comment
lx6k642,compra asado metelo en el freezer y vas a ganar mas en 2 meses que con el dolar la falopa la rula y la concha de tu vieja.,chupalalta,merval,1,2024-11-14 21:46:52,t3_1grajfm,t3_1grajfm,comment
lx6kn0s,Nadie se hizo pobre tomando ganacia,Responsible-Rub-9889,merval,1,2024-11-14 21:49:29,t3_1grajfm,t3_1grajfm,comment
lx6l2ja,"Pregunta desde la mera ignorancia, cuanto sale en pesos comprar ponele, no se, 300 BTC hoy en dia???",[deleted],merval,1,2024-11-14 21:51:53,t3_1grajfm,t3_1grajfm,comment
lx6qr0k,Saca todo y jugalo todo al rojo,ANism4nLoM4t4ron,merval,1,2024-11-14 22:24:18,t3_1grajfm,t3_1grajfm,comment
lx6wrtd,"Si vendés, volvé a comprar cuando baje.",Giatu1,merval,1,2024-11-14 22:57:44,t3_1grajfm,t3_1grajfm,comment
lx72r6x,"5 Ferné de litro + 5 Cocas de 2.25lt

Que otra cosa sino....",Kaskote,merval,1,2024-11-14 23:31:45,t3_1grajfm,t3_1grajfm,comment
lx739c5,No se que podes hacer pero no me queres regalar 2 millones(? Así le pongo la suspencion neumática al coche ahre :v,Impossible_Rope1464,merval,1,2024-11-14 23:34:41,t3_1grajfm,t3_1grajfm,comment
lx96ubu,Pásalo a una wallet y olvídate. Volvé a abrirla cuando BTC llegue a 1M y fíjate que haces.,galileo634,merval,1,2024-11-15 09:43:14,t3_1grajfm,t3_1grajfm,comment
lx98tir,"Una buena prosti VIP

Debe ser lo único que esté en precio en Argentina

Eso o un gran asado para familiares y amigos, vos elegís",MeCagoEnPeronconga,merval,1,2024-11-15 09:56:33,t3_1grajfm,t3_1grajfm,comment
lx9bb2m,Pagá la tarjeta,JooFighters,merval,1,2024-11-15 10:12:43,t3_1grajfm,t3_1grajfm,comment
lx9dy05,Si tienes deudas no pagues intereses. No son tiempos para endeudarse,talleres1978,merval,1,2024-11-15 10:29:22,t3_1grajfm,t3_1grajfm,comment
lx9f41w,Comprá DOGE.,sandwormtamer,merval,1,2024-11-15 10:36:29,t3_1grajfm,t3_1grajfm,comment
lxa04dp,"Felicidades, sos testigo de lo que se siente cuando tu riqueza no es robada por un estado inflacionario. Ahora es tu decision sacarlo o seguir invirtiendo en un activo escaso que vale cada vez mas",blacprim,merval,1,2024-11-15 12:32:20,t3_1grajfm,t3_1grajfm,comment
lxayq8e,Cómprate sandwiches milanesa completos de acá a fin de año,[deleted],merval,1,2024-11-15 15:23:55,t3_1grajfm,t3_1grajfm,comment
lxb29x2,"Toma la ganancia y un gin, la vida es una",radon63,merval,1,2024-11-15 15:41:21,t3_1grajfm,t3_1grajfm,comment
lxb4rfn,pagate un asado,LuckyNumber_29,merval,1,2024-11-15 15:53:35,t3_1grajfm,t3_1grajfm,comment
lxb55dm,Véndelo por p2p lo antes posible,Pedrorvn,merval,1,2024-11-15 15:55:31,t3_1grajfm,t3_1grajfm,comment
lxc3qf4,Bro bien. Disfruta y que quede como un cuento,tradingprofesional,merval,1,2024-11-15 18:51:31,t3_1grajfm,t3_1grajfm,comment
lxdjr82,"Comprate 9 grandes de Muzza con Jamón y morrones, hacé una vaquita para la coca",Powerful_Passage1703,merval,1,2024-11-16 00:10:19,t3_1grajfm,t3_1grajfm,comment
lxf8jqy,"Felicitaciones! Si necesitas la guita podes vincular tu cuenta bancaria en la aplicación, venderlos y mandar los pesos a tu cuenta para gastarlos en lo que quieras.
Si podés dejarlos ahí un tiempo más es probable que en 6 meses hayan crecido bastante, los ""entendidos"" dicen que bitcoin va a seguir subiendo.",Importado2002,merval,1,2024-11-16 09:25:57,t3_1grajfm,t3_1grajfm,comment
lxffv8n,"Espera a que este el bitcoin a 100k y vendelos, va a seguir subiendo. Pero si queres la guita ahora, vendelos.",MrAtinrless,merval,1,2024-11-16 10:23:35,t3_1grajfm,t3_1grajfm,comment
lxgrls8," Lo ideal siempre es tomar ganancias pero esto puede ser solo el comienzo. El tema es el siguiente, las cryptos recien estan empezando a subir asi que en algun momento muchos venden sus btc y/o empiezan a comprar otras cryptos prometeadoras por ser buenos proyectos que en teoria podrian alcanzar y superar maximos nose si historicos pero si al menos llegar a los ultimos maximos con mayor probabilidad tipo Dot por ejemplo.",sdcaza,merval,1,2024-11-16 15:02:46,t3_1grajfm,t3_1grajfm,comment
lxl30cm,Podes comprarte un kilo de azucar,RatioLegitimate7670,merval,1,2024-11-17 09:45:49,t3_1grajfm,t3_1grajfm,comment
lxlhfq3,Cortarte las bolas por no haber comprado más jaja,Sure-Percentage-7061,merval,1,2024-11-17 11:31:53,t3_1grajfm,t3_1grajfm,comment
lxmqdh6,Guita de arriba? Déjala ahí o pásala a una wallet fría. Capaz en 20 años es tu jubilación amigo. De nada....,Strict-Charge2095,merval,1,2024-11-17 15:45:33,t3_1grajfm,t3_1grajfm,comment
lxmu2ti,Cuanto valía el bitcoin,Kali_Hellboy,merval,1,2024-11-17 16:04:50,t3_1grajfm,t3_1grajfm,comment
lxnn7cj,"All in moneda falopa. Si sale bien te compras algo copado, si sale mal es como si nunca lo hubieras tenido (es chiste)",vaguette1,merval,1,2024-11-17 18:41:04,t3_1grajfm,t3_1grajfm,comment
lxqi6dl,"Pedite la tarjeta de ripio, pone BTC como moneda de pago y hace una compra en el supermercado 🤣",GiftAccomplished5900,merval,1,2024-11-18 07:20:19,t3_1grajfm,t3_1grajfm,comment
lxt1j94,"HODL 👍🏻

Para los amigos, aguantalo. Si sube a 500k, GG",[deleted],merval,1,2024-11-18 16:43:32,t3_1grajfm,t3_1grajfm,comment
lyzbfds,"Hacelo guita y si te gusta BTC, volvé a comprar cuando baje.",Nekrocow,merval,1,2024-11-25 19:30:47,t3_1grajfm,t3_1grajfm,comment
lx4ccbg,Sacala.,arielmansur,merval,1,2024-11-14 14:50:59,t3_1grajfm,t3_1grajfm,comment
lx4ch43,Sacala ya,nombredeusuario1985,merval,1,2024-11-14 14:51:40,t3_1grajfm,t3_1grajfm,comment
lx4ek6m,"Me hiciste acordar que hace unos 15 años compré unos bitcoins con un vuelto, creo que estaban 30 centavos cada uno, debo haber comprado 10. Siguen teniendo valor o ya fue?",Soggy_Ambassador_965,merval,1,2024-11-14 15:02:07,t3_1grajfm,t3_1grajfm,comment
lx5jod9,Amigo son 100 mil pesos cómprate algo lindo y listo.,ZellahYT,merval,1,2024-11-14 18:31:39,t3_1grajfm,t3_1grajfm,comment
lx4gprw,"Usa la guita y date algun gusto que tengas. No tiene sentido que sigas esperando porque hipoteticamente digamos el BTC sube 50% mas q para mi no va a pasar rapidamente, tu capital se va a ir nomas a 188 lucas, y para eso puede faltar mucho. Mi consejo usa la guita si tenes algo en que usarla.",krume300,merval,0,2024-11-14 15:13:04,t3_1grajfm,t3_1grajfm,comment
lx4jfrr,vende.,MelaniaSexLife,merval,0,2024-11-14 15:26:47,t3_1grajfm,t3_1grajfm,comment
lx4ojet,pagate los traviesos,SnooRevelations4096,merval,0,2024-11-14 15:52:34,t3_1grajfm,t3_1grajfm,comment
lx5e1k9,"Tan poco creíble. Then again, uno de la TV ahora es presidente.",According_Ad3255,merval,0,2024-11-14 18:03:01,t3_1grajfm,t3_1grajfm,comment
lx7ieru,"Vendelos y comprá cryptostocks como MSTR, COIN, HUT,RIOT,etc",Chalaman_rosso,merval,0,2024-11-15 01:03:08,t3_1grajfm,t3_1grajfm,comment
lx9u7qb,"vendelo, no vas a conseguir más que eso",Gusanelli,merval,0,2024-11-15 12:02:00,t3_1grajfm,t3_1grajfm,comment
lxf3tr0,"Que se yo. Seguí así y talvez en 10 años tenes un palo verde.
Ahora, Masomenos, tenés un depto, casi 100k usd",ionettov,merval,0,2024-11-16 08:43:43,t3_1grajfm,t3_1grajfm,comment
lx4ekc1,O puede ir lateral!,Magodeoz-87,merval,36,2024-11-14 15:02:09,t1_lx4cf0d,t3_1grajfm,comment
lx6g454,Date un gusto. Ya ganaste.,leo4g,merval,1,2024-11-14 21:24:16,t1_lx4cf0d,t3_1grajfm,comment
lx6cg8e,"La historia diria que crashea en un año y medio, la pregunta es si el crash final, calculo que dependera si los peces gordos hacen cashout.",possiblecefonicid,merval,0,2024-11-14 21:03:50,t1_lx4cf0d,t3_1grajfm,comment
lx4nbxc,this,Neskut,merval,8,2024-11-14 15:46:27,t1_lx4dlbe,t3_1grajfm,comment
lx66o7b,Dice 103 millones o yo lei mal?,Extension-Slip-4738,merval,6,2024-11-14 20:31:56,t1_lx4dlbe,t3_1grajfm,comment
lx5fq7d,"Y unos vinitos , me sumo, donde es la cosa ? Llevo hielo y pan casero",SuperEspaditas2,merval,7,2024-11-14 18:11:35,t1_lx4cybn,t3_1grajfm,comment
lx7xlt9,Que asado?? Ahora se puede hacer el alto guisooo,No_Dealer_7928,merval,1,2024-11-15 02:51:02,t1_lx4cybn,t3_1grajfm,comment
lx4mugn,Sacaste casi 1 btc de circulacion jaja,Megatecno,merval,58,2024-11-14 15:44:00,t1_lx4gopi,t3_1grajfm,comment
lx4l201,"Ja, yo igual, pero mis BTC quedaron en la tristemente celebre MtGox.",No_Cold5079,merval,6,2024-11-14 15:34:54,t1_lx4gopi,t3_1grajfm,comment
lx4q2nx,El chabon tiraba un departamento a la basura :P,Supergato77,merval,5,2024-11-14 16:00:18,t1_lx4gopi,t3_1grajfm,comment
lx5k9a4,"Yo compré algo en el 2016, y solo por hacer algo (""aprender a usarlo"") aposté un poquito por argentina en no se cual partido del aquel mundial. Perdí, solo 0.143 BTC. Hoy son 12500 USD",sol_apagado_28,merval,3,2024-11-14 18:34:40,t1_lx4gopi,t3_1grajfm,comment
lxt0dcz,"Yo hice eso, conseguí unos 20 Usd en bitcoin por allá en 2014 con esas páginas de publicidad, me los gasté en Steam para comprar juegos.

Hoy en día son alrededor de 4000 USD jajajaja que bajón.. 

Pero bien que me vicié al Killing Floor con los pibes, encima compre el pack de regalo y venían 4 copias",[deleted],merval,2,2024-11-18 16:37:39,t1_lx4gopi,t3_1grajfm,comment
lx7kfes,"Conocí a uno que cuando arrancó minaba una banda para comprar juegos en steam, debe haber gastado banda de BTC así, banda... nadie se hubiera imaginado en ese tiempo, de hecho, nos decía de minar y no dabamos pelota. Igual era minar para gastar en huevadas, posta en ese tiempo valía centavos cada BTC y no asomaba futuro ni en pedo.",uri_nrv,merval,1,2024-11-15 01:15:52,t1_lx4gopi,t3_1grajfm,comment
lx8qmqs,Imagínate que hoy día un BTC son casi 100 mil dólares... Jajaj,Escritormdeo,merval,1,2024-11-15 07:27:10,t1_lx4gopi,t3_1grajfm,comment
lx4jmbo,"Yo generalmente hago al revés, compro alto y vendo bajo",[deleted],merval,61,2024-11-14 15:27:41,t1_lx4duo8,t3_1grajfm,comment
lx4jndj,"Eso es obvio, jajaja. Pero bueno. Siempre pensé que no subiría demasiado y jamás me sobró la plata",Nantes50,merval,7,2024-11-14 15:27:50,t1_lx4i9p7,t3_1grajfm,comment
lx4oglr,venia a esto,SnooRevelations4096,merval,7,2024-11-14 15:52:11,t1_lx4coo3,t3_1grajfm,comment
lx5tqdh,Era un apendejo recién salido de la secundaria. 🫠,Nantes50,merval,1,2024-11-14 19:23:14,t1_lx5e7a8,t3_1grajfm,comment
lx5tlki,Debi recordar la imagen. Pensé que se vería mejor jaja,Nantes50,merval,1,2024-11-14 19:22:32,t1_lx5mqll,t3_1grajfm,comment
lx4rpzw,"Ojalá volviera ahí, pero no va a pasar.",ALI3Nbot,merval,6,2024-11-14 16:08:44,t1_lx4ecwv,t3_1grajfm,comment
lx5eiyc,"Shhh, nos estábamos divirtiendo. Era una de esas cosas supuestas, digamos un supositorio.",According_Ad3255,merval,3,2024-11-14 18:05:30,t1_lx59kww,t3_1grajfm,comment
lx5u6t8,"Honestamente puede haber sido un poco más. Eran monedas, ni registro tengo. Solo se que pagaba monedas para comprar skins en steam",Nantes50,merval,1,2024-11-14 19:25:36,t1_lx59kww,t3_1grajfm,comment
lxjk2q1,"No te olvides de sumarle la inflación del país, hace años 15 pesos no eran lo que es ahora",BaseIcy6170,merval,1,2024-11-17 00:56:11,t1_lx59kww,t3_1grajfm,comment
lx6g11f,Todo cash crocante nada de transferencia,psykouwu,merval,1,2024-11-14 21:23:48,t1_lx6e575,t3_1grajfm,comment
lx7a1cl,"Jajajaa, muy ocurrente",Ready-Cherry-2638,merval,2,2024-11-15 00:13:49,t1_lx4m2u8,t3_1grajfm,comment
lx4h7ty,"ajajj ""reserva estrategica""

escuchame, soy un random de la internet, pero acordate lo que te voy a decir:

Es una movida en conjunto con black rock para en unos años, tirar el BTC a la mierda vendiendolo barato, fundiendo a gente (no los grandes, sino la pobalcion general) y que sea la gota que rebalse el vaso para que la gente diga ""no mas"" (estafas cripto), y de paso excusa para el gobierno para regular el resto de las cripto y por contrataparte, el gobierno/bancos digan ""eso pasa por no estar reguladas , les ofrecemos cripto reguladas, las CBDC"" y listo.

Claro, no tiene que saber nadie que la bajada de precio va a ser porque ellos mismos lo vendieron bajo.",Rise-Of-Empires,merval,4,2024-11-14 15:15:36,t1_lx4g3bz,t3_1grajfm,comment
lx4l37k,"> (o en períodos de baja, conocido como ""DCA"").

Hmm, DCA es **D**ollar **C**ost _**A**veraging_, donde la estrategia es invertir a intervalos regulares irrespectivamente del valor del instrumento.",xour,merval,2,2024-11-14 15:35:04,t1_lx4dnjs,t3_1grajfm,comment
lx4hm55,"Haciendo DCA no compras en baja sino siempre independientemente del precio en un intervalo de tiempo definido, por ejemplo $1 todos los días. 

Justamente la cuestión de hacer eso es que terminas comprando en un “promedio” teniendo en cuenta las altas/bajas.",Exotic-Singer6826,merval,1,2024-11-14 15:17:36,t1_lx4dnjs,t3_1grajfm,comment
lx4nx3n,Me imagino que te querés cortar los huevos jsjsks,boyozenjoyer,merval,1,2024-11-14 15:49:25,t1_lx4lrq2,t3_1grajfm,comment
lx4pqhj,La anecdota de tu vida,Esteb13an,merval,1,2024-11-14 15:58:36,t1_lx4lrq2,t3_1grajfm,comment
lx50627,125000 pesos,Nantes50,merval,3,2024-11-14 16:51:51,t1_lx4wh7i,t3_1grajfm,comment
lxjkxyj,Te alcanza de pedo para pagar 1 mes de un alquiler de mala muerte,BaseIcy6170,merval,1,2024-11-17 01:02:21,t1_lx50uee,t3_1grajfm,comment
lx7bjtb,"Jaja, leíste bien, le alcanza para un destornillador, que lo venda por marketplace",Ready-Cherry-2638,merval,1,2024-11-15 00:22:46,t1_lx56kgs,t3_1grajfm,comment
lx946a8,Pero blanqueas los bitcoins o los pesos? Porque si el bitcoin sube tendrías que volver a blanquear?,Pidagasan,merval,1,2024-11-15 09:24:14,t1_lx56yej,t3_1grajfm,comment
lx75pgj,32.400.000.000,fgarciadelrio,merval,3,2024-11-14 23:48:38,t1_lx6l2ja,t3_1grajfm,comment
lx6p4m1,88 millones de pesos,77Dark_,merval,2,2024-11-14 22:14:57,t1_lx6l2ja,t3_1grajfm,comment
lx4g4ld,Si tenes 10 BTC sos millonario bro,Successful_Ad7931,merval,3,2024-11-14 15:10:03,t1_lx4ek6m,t3_1grajfm,comment
lx4japa,"no valen nada, damelos a mí que yo me ocupo",amarisha_,merval,3,2024-11-14 15:26:04,t1_lx4ek6m,t3_1grajfm,comment
lx4jcbk,"Tienen valor si seguis teniendo acceso a tu monedero, sino no es mas que una triste anecdota",nuthead6,merval,2,2024-11-14 15:26:18,t1_lx4ek6m,t3_1grajfm,comment
lx4hq9c,Algo de valor tienen. Yo los compre por Ripio y ahora tienen billetera virtual. Fíjate amigo,Nantes50,merval,1,2024-11-14 15:18:11,t1_lx4ek6m,t3_1grajfm,comment
lx4r1qr,Si pero donde los tenés?,SebaFilg,merval,1,2024-11-14 16:05:17,t1_lx4ek6m,t3_1grajfm,comment
lx5kwdy,"En un foro falopa hace como 10 años también, gane un concurso de dibujo de navidad que el premio era 100 usd en btc, era tipo medio btc 

Los vendí a 500 dólares un tiempo después pero hoy serían 45k.

No me arrepiento por que mi yo joven compró muchas cosas con eso.

Tenía como 17 cuando hice el dibujo imagínate",ZellahYT,merval,1,2024-11-14 18:38:01,t1_lx4ek6m,t3_1grajfm,comment
lx939ct,"Yo hice eso hace años, compré un par de componentes de pc gama baja, si los hubiera dejado hoy compraría... No quiero ni hacer la cuenta.",Pidagasan,merval,1,2024-11-15 09:17:30,t1_lx5jod9,t3_1grajfm,comment
lx4pn9c,Dijo nunca nadie.,AstronomerDiligent53,merval,26,2024-11-14 15:58:08,t1_lx4ekc1,t3_1grajfm,comment
lx6zltb,"Yo diría: todos para abajo, todos para arriba 💃🏻",Webo_Bert_2110,merval,6,2024-11-14 23:13:34,t1_lx4ekc1,t3_1grajfm,comment
lx6ckuc,Rendimientos pasados no garantizan rendimientos futuros,boyozenjoyer,merval,1,2024-11-14 21:04:33,t1_lx6cg8e,t3_1grajfm,comment
lx6czvs,125 lucas,Zacuf93,merval,7,2024-11-14 21:06:55,t1_lx66o7b,t3_1grajfm,comment
lx66x04,Fíjate el valor de arriba el de abajo ni idea,SpaceHarrier3101,merval,6,2024-11-14 20:33:16,t1_lx66o7b,t3_1grajfm,comment
lx7brd0,"Chabon pensé lo mismo, me parecía raro que estuviera tan calmado y diciendo ""esta platita""",Augus611,merval,5,2024-11-15 00:24:02,t1_lx66o7b,t3_1grajfm,comment
lx982qq,Bldo yo lei lo mismo y digo este pelotudo dice esta platita… anda a cagar dije.. pero eran 125k esta ok.. jajaja,45281,merval,3,2024-11-15 09:51:38,t1_lx66o7b,t3_1grajfm,comment
lx726hf,Es lo que vale 1 BTC hoy.,Kaskote,merval,2,2024-11-14 23:28:27,t1_lx66o7b,t3_1grajfm,comment
lx5sq3w,"Si alguno lleva coca, llevo unos fernet. hago buena compañia al lado del fuego sin importar lo temprano que lo arranques.",santiagoxllx,merval,5,2024-11-14 19:18:02,t1_lx5fq7d,t3_1grajfm,comment
lx4pfc9,"Si, por suerte era ""solo"" 1 BTC...  
La cantidad de gente que tenía cientos o miles de BTC hace años y los perdió de la misma forma que yo, porque simplemente no valían una mierda... esos se deben querer morir.",Zenndler,merval,40,2024-11-14 15:57:01,t1_lx4mugn,t3_1grajfm,comment
lx4pbb7,Cuanto habra fuera de circulacion por cosas asi?,Perrubi14,merval,6,2024-11-14 15:56:27,t1_lx4mugn,t3_1grajfm,comment
lx5smfp,"Quiero creer que estás en /r/mtgoxinsolvency hace varios años. Yo recuperé los míos hace un par de meses (bah, 15%, pero igual).",jungle,merval,2,2024-11-14 19:17:30,t1_lx4l201,t3_1grajfm,comment
lxhmds5,Como olvidar el mundial de 2016,Familiar_Apple_3073,merval,2,2024-11-16 17:48:23,t1_lx5k9a4,t3_1grajfm,comment
lx7m7lq,"Si, olvidate. Por eso no me hago mala sangre por haber ""perdido"" ese BTC. La posta es que lo hubiese vendido cuando tocó los 1000 USD o tal vez incluso antes, y me hubiese sentido un capo jajaj",Zenndler,merval,2,2024-11-15 01:27:25,t1_lx7kfes,t3_1grajfm,comment
lx4ojl9,Así es la timba champagne,Vegetable_Addition86,merval,25,2024-11-14 15:52:35,t1_lx4jmbo,t3_1grajfm,comment
lx4zdqh,El lema de wallstreetbets,LeinadAlbert88,merval,8,2024-11-14 16:47:50,t1_lx4jmbo,t3_1grajfm,comment
lx4v4l2,Yo tambien. Ahhh que boludo tenia que hacer al revez,BeatStreetBboy,merval,3,2024-11-14 16:26:05,t1_lx4jmbo,t3_1grajfm,comment
lx5c9z0,Las verdaderas jugadas de riesgo.,Jean_Franco,merval,2,2024-11-14 17:54:02,t1_lx4jmbo,t3_1grajfm,comment
lxe5z27,Movela a una cartera fría y olvidate hasta que te jubiles. Ya lo hiciste una vez y fueron 15 pe... la verdad es que no es mucho lo que podés comprar comparado con lo que aumento con solo dejarlo ahi,Lumpy-Obligation-553,merval,1,2024-11-16 02:56:15,t1_lx4jndj,t3_1grajfm,comment
lx8mt42,Y entonces.. Cuanto es?,Lefthanded-f477,merval,1,2024-11-15 06:47:56,t1_lx5tlki,t3_1grajfm,comment
lx6gbpm,"Yo acepto las dos y no tengo problema, pero no la vendo yo, tengo un amigo que lo hace por mí y se lleva una comisión por su trabajo.",Far-Investigator6510,merval,1,2024-11-14 21:25:27,t1_lx6g11f,t3_1grajfm,comment
lx4s5kr,No.,ALI3Nbot,merval,1,2024-11-14 16:10:59,t1_lx4h7ty,t3_1grajfm,comment
lx4s1xf,"La verdad es que no, porque siendo sinceros, cuando llegaba a 1 dolar, ponerle, seguro los vendia, no me hubiese hecho super millonario, pero tengo un amigo que la vio antes que nosotros, y cobraba los laburos en bitcoin y los acumulaba, me acuerdo que nos hizo una web a la empresa donde laburaba y cobro 0.7 bitcoins, que eran 300 usd en ese momento.",Aromatic-Bonus-7306,merval,3,2024-11-14 16:10:27,t1_lx4nx3n,t3_1grajfm,comment
lx55d8j,"Linda sorpresa, yo te recomiendo usarlo en algo que necesites no es mucho pero para no haber contado con ello es una buena cantidad para darte un gustito.",turamdq,merval,1,2024-11-14 17:18:38,t1_lx50627,t3_1grajfm,comment
lxjrfbg,XD,jpreddituser1,merval,1,2024-11-17 01:51:35,t1_lxjkxyj,t3_1grajfm,comment
lx80ctz,Alv leí el precio de venta nomás jajajaj,canonical_event,merval,1,2024-11-15 03:13:38,t1_lx7bjtb,t3_1grajfm,comment
lx9gi33,"Blanqueas los bitcoins. Después pagas bbpp por lo que valgan a fin de cada año (y anda a saber ganancias con las ventas, no soy contador) pero 100 palos sin declarar en una billetera declarada que me consta que la AFIP ve es un camino directo a la intimación",rumboalaangioplastia,merval,1,2024-11-15 10:44:53,t1_lx946a8,t3_1grajfm,comment
lx4q9k5,"tecnicamente no, le faltaria 1.21 BTC para ser millonario",me__grimlock,merval,1,2024-11-14 16:01:17,t1_lx4g4ld,t3_1grajfm,comment
lx4pt36,"Me encanta la gente que dice puede subir, bajar o lateralizar. Y si campeón, describiste todas las opciones.",Magodeoz-87,merval,91,2024-11-14 15:58:58,t1_lx4pn9c,t3_1grajfm,comment
lx715sb,Bien agarraditos🎶,Magodeoz-87,merval,5,2024-11-14 23:22:33,t1_lx6zltb,t3_1grajfm,comment
lx6wno7,Por hablo en potencial.,possiblecefonicid,merval,1,2024-11-14 22:57:07,t1_lx6ckuc,t3_1grajfm,comment
lx4qyw2,"Hay una historia de un tipo,en estados unidos;qué pago dos pizzas con diez mil,bitcoin",Dear-Confidence-4237,merval,27,2024-11-14 16:04:53,t1_lx4pfc9,t3_1grajfm,comment
lx4r3tu,"Si mal, igual con ese ""casi"" btc hoy serías propietario en Argentina jaja. Yo hacía lo mismo que vos, creo que a esos sitios se les decía ptz, pagaban por entrar a ver publicidades, en mi caso llegué a juntar 3 dolares paypal que fueron para alguna bolucompra en aliexpress.",Megatecno,merval,7,2024-11-14 16:05:34,t1_lx4pfc9,t3_1grajfm,comment
lx59jhp,"Yo recibía pagos de Taringa en bitcoin y como no valían nada lo guarde desde 2014 o 2015 hasta el 2020 que con el hype fuerte me pareció el momento de venderlos, por suerte los recupere, me acordé de pedo la clave de la wallet xapo que era el codigo de un candado de mis viejos de hace veinte años.
Hay que tratar de no perder las cosas y saber esperar.",armonicoenfuga,merval,7,2024-11-14 17:40:09,t1_lx4pfc9,t3_1grajfm,comment
lx9flot,"No es por hacerte sentir mal hermano, pero “solo” ese BTC como vos decís te podría haber cambiado la vida por completo, no es tan menor como decís.
Tampoco para hacerse mala sangre, pero no te mientas a vos mismo.",epicmiencrafkid068,merval,0,2024-11-15 10:39:27,t1_lx4pfc9,t3_1grajfm,comment
lx4qnjq,"Siempre me pregunté lo mismo, calculo que varios miles de bitcoin, hoy leía una nota que un tipo tiene bloqueados en un ironkey 7002 btc",Megatecno,merval,11,2024-11-14 16:03:17,t1_lx4pbb7,t3_1grajfm,comment
lx62rhf,"No, nunca pude encontrar emails que dijeran algo útil, justo creo que cambie de correo o algo así y bue que se yo.",No_Cold5079,merval,1,2024-11-14 20:10:47,t1_lx5smfp,t3_1grajfm,comment
lxhmqzl,"Perdon, la copa america",sol_apagado_28,merval,1,2024-11-16 17:50:24,t1_lxhmds5,t3_1grajfm,comment
lx7nan8,"Y yo no le hice caso al flaco y no mine nada, pero si minaba seguro lo gastaba en juegos de steam igual que él. Valian una mierda literal, tenias que tener la PC minando todo el día, y quizá en una semana te comprabas un juego barato de steam. La gente los revoleaba la mierda. Al pedo pensar en lo que te perdiste, era imposible saber, al que le quedó, le quedó de pedo.",uri_nrv,merval,1,2024-11-15 01:34:36,t1_lx7m7lq,t3_1grajfm,comment
lx5bd4i,Jajajajaja,Quick-Teacher-2379,merval,1,2024-11-14 17:49:26,t1_lx4v4l2,t3_1grajfm,comment
lx5iaer,Acordate,Rise-Of-Empires,merval,1,2024-11-14 18:24:38,t1_lx4s5kr,t3_1grajfm,comment
lx4u9mk,Millonario en pesos,chori_con_chimi,merval,1,2024-11-14 16:21:44,t1_lx4q9k5,t3_1grajfm,comment
lx52szm,"Hacia adelante, no hacia atrás, arriba no adelante, y siempre girando girando girando hacia la libertad!",CherenkovGuevarenkov,merval,68,2024-11-14 17:05:23,t1_lx4pt36,t3_1grajfm,comment
lx4tfyj,"Puede ir para adentro o para afuera.

Tenes que pensar en la cuarta dimension!",chori_con_chimi,merval,14,2024-11-14 16:17:34,t1_lx4pt36,t3_1grajfm,comment
lx4tr5s,"""Se va a 0"" entra en bajar o es una cuarta opción?",AstronomerDiligent53,merval,2,2024-11-14 16:19:09,t1_lx4pt36,t3_1grajfm,comment
lx77fpn,"A veces, despues de poner todas las opciones, incluso te agregan "" puede fallar""",Ready-Cherry-2638,merval,2,2024-11-14 23:58:38,t1_lx4pt36,t3_1grajfm,comment
lx7ejc5,"En un partido de futbol puede ganar un equipo, o puede ganar el otro. O pueden empatar. Pero lo seguro es que van a jugar un partido de fútbol.",Bardic__Inspiration,merval,1,2024-11-15 00:40:17,t1_lx4pt36,t3_1grajfm,comment
lx8wcaf,Manito con manito,Sebaosequeda,merval,1,2024-11-15 08:21:16,t1_lx715sb,t3_1grajfm,comment
lx5qaq2,Sino mal recuerdo fue la primera transacción con bitcoin. Capaz que la publicidad de esa transacción fue una de las cosas que empezó a mover la bola de nieve de bitcoin. A lo mejor si no lo havia no llegaban a valer lo mismo,Komodo_bite,merval,8,2024-11-14 19:05:32,t1_lx4qyw2,t3_1grajfm,comment
lx6lx8u,Nadie habla del pizzero después que compro muzzarella con 5 mil bitcoin.,[deleted],merval,3,2024-11-14 21:56:38,t1_lx4qyw2,t3_1grajfm,comment
lx5tlk9,"Como que taringa pagaba? tantos años de taringa de mi vida fueron gratis? 

¡¿Por qué nadie me lo dijo?! ¡Ay, debo haber parecido un idiota! ",santiagoxllx,merval,3,2024-11-14 19:22:32,t1_lx59jhp,t3_1grajfm,comment
lx6yu6v,"También estuve ahí. Tenía BTC, ni se cuánto. 

Perdí todas las claves. 


Soyes le premier!",Party_Radio_8134,merval,1,2024-11-14 23:09:18,t1_lx59jhp,t3_1grajfm,comment
lxeao8y,Que necesidad de comentar algo así?,luuls_,merval,1,2024-11-16 03:36:28,t1_lx9flot,t3_1grajfm,comment
lx4r2dh,Me mato jajaja,juani2929,merval,1,2024-11-14 16:05:22,t1_lx4qnjq,t3_1grajfm,comment
lx5rtw2,"Mucho más que miles. Se estima que hay varios millones de btc perdidos. Según el método de estimación, entre 2.5 y 7.8 millones perdidos. 🤯",jungle,merval,1,2024-11-14 19:13:26,t1_lx4qnjq,t3_1grajfm,comment
lx65jgr,Espero que no haya sido mucho. 15% de lo que tenía vale como 10 veces lo que puse.,jungle,merval,1,2024-11-14 20:25:47,t1_lx62rhf,t3_1grajfm,comment
lx75qa5,"Blackrock no tiene BTC en su tesorería, gestiona a través de un instrumento financiero el BTC de otras instituciones o personas.

BlackRock no va a dumpear el precio para reventar la guita de sus clientes, y por más que quisiera no puede por el simple hecho de que para vender tiene que ser con consentimiento de las miles de instituciones y personas que poseen ese ETF.
 
Tampoco es el mayor tenedor de bitcoin, ni es el único fondo de cobertura que tiene un ETF del mismo.

Bitcoin no es una estafa crypto. Es dinero eléctrico inconfiscable, propiedad intangible, protección, descentralización, neutralidad política, etc. Ni BlackRock, ni gobierno alguno pueden modificar el protocolo. 

No se puede regular una criptomoneda, están totalmente descentralizadas ( en general ). Se pueden regular los actores que facilitan las transacciones, pero el P2P puede seguir sin que puedan hacer mucho. 

CBDC no es crypto. Es la shitcoin fiat que todos conocemos. Y principalmente carece de una concepto básico de una crypto: no hay descentralización.",ALI3Nbot,merval,1,2024-11-14 23:48:46,t1_lx5iaer,t3_1grajfm,comment
lxlcyy4,"Aborto para unos, banderitas estadounidenses para otros",Bigotoide,merval,4,2024-11-17 11:01:17,t1_lx52szm,t3_1grajfm,comment
lxbt87s,Yo andaría con cuidado. También puede ir para adentro y para fuera ... y varias veces seguidas.,Real_Barracuda_6851,merval,5,2024-11-15 17:58:00,t1_lx4tfyj,t3_1grajfm,comment
lx64zng,"Por supuesto... todos sabemos que en criptos hay 2 opciones:

* Sube
* Baja
* Se mantiene
* Desaparece
* Nos morimos...

Fue la primer lección que leí en blog hace años cuando me eduqué sobre esto.",EmpiricoMillenial,merval,7,2024-11-14 20:22:47,t1_lx4tr5s,t3_1grajfm,comment
lx7jh1v,¿Y si llueve?,Killeramn-26,merval,3,2024-11-15 01:09:49,t1_lx7ejc5,t3_1grajfm,comment
lx6byl6,"Fue un lapso de dos años ponele o cuatro maximo.
Los pibes canjeaban bitcoin por una birra o una pizza. Valía nada.",armonicoenfuga,merval,3,2024-11-14 21:01:06,t1_lx5tlk9,t3_1grajfm,comment
lx7wwlj,Los juegos creo que pagaban bitcoin,NakedShamrock,merval,1,2024-11-15 02:45:20,t1_lx5tlk9,t3_1grajfm,comment
lx57csy,"Olvidate, el tipo podría ser multimillonario si tan solo se acordara una contraseña",Megatecno,merval,6,2024-11-14 17:28:52,t1_lx4r2dh,t3_1grajfm,comment
lx61pnc,Faaa eso reduce el supply una banda,Megatecno,merval,1,2024-11-14 20:05:04,t1_lx5rtw2,t3_1grajfm,comment
lx6v283,"Ni me acuerdo, dejaba minando una PC del laburo recuerdo, con una VGA mía, fue hace banda, unos 13 años aproximadamente.",No_Cold5079,merval,1,2024-11-14 22:48:22,t1_lx65jgr,t3_1grajfm,comment
lx8cs7g,"Por que hablás de cosas de las que no sabes, con tanta seguridad? que pienses que el dinero fiat es lo mismo que CBDC ya hace que ni tenga que respoderte las demas cosas. Tampoco es mi intencion

Solo vine a decir: Acordate

Que en tu fantasia mental no estes de acuerdo, importa CERO respecto a que te pido que te acuerdes.",Rise-Of-Empires,merval,1,2024-11-15 05:06:18,t1_lx75qa5,t3_1grajfm,comment
lxsv7z5,Pero esas son más opciones jajaja,Right_Objective8354,merval,1,2024-11-18 16:11:48,t1_lx64zng,t3_1grajfm,comment
lx9ef2h,"Como posteaban crap para comprarse la manaos y las pitusas, que epocas",Fantasticcxx,merval,3,2024-11-15 10:32:15,t1_lx6byl6,t3_1grajfm,comment
lx8flic,"Uh, VGA, hace mucho que no escuchaba eso! :)",jungle,merval,1,2024-11-15 05:34:08,t1_lx6v283,t3_1grajfm,comment
lx95gkf,!RemindMe 5 years,buddyto,merval,2,2024-11-15 09:33:29,t1_lx8cs7g,t3_1grajfm,comment
lxa1qel,"Gracias por la data, saludos.",ALI3Nbot,merval,1,2024-11-15 12:40:27,t1_lx8cs7g,t3_1grajfm,comment
lxt3ix3,"porque así es el mundo jajajaj

Cuando crees que tienes algo, bum! estás frente a 2 sillas...",EmpiricoMillenial,merval,1,2024-11-18 16:53:36,t1_lxsv7z5,t3_1grajfm,comment
lx95lrj,"I will be messaging you in 5 years on [**2029-11-15 12:33:29 UTC**](http://www.wolframalpha.com/input/?i=2029-11-15%2012:33:29%20UTC%20To%20Local%20Time) to remind you of [**this link**](https://www.reddit.com/r/merval/comments/1grajfm/me_acorde_que_compre_15_pesos_de_bitcoin_por/lx95gkf/?context=3)

[**CLICK THIS LINK**](https://www.reddit.com/message/compose/?to=RemindMeBot&subject=Reminder&message=%5Bhttps%3A%2F%2Fwww.reddit.com%2Fr%2Fmerval%2Fcomments%2F1grajfm%2Fme_acorde_que_compre_15_pesos_de_bitcoin_por%2Flx95gkf%2F%5D%0A%0ARemindMe%21%202029-11-15%2012%3A33%3A29%20UTC) to send a PM to also be reminded and to reduce spam.

^(Parent commenter can ) [^(delete this message to hide from others.)](https://www.reddit.com/message/compose/?to=RemindMeBot&subject=Delete%20Comment&message=Delete%21%201grajfm)

*****

|[^(Info)](https://www.reddit.com/r/RemindMeBot/comments/e1bko7/remindmebot_info_v21/)|[^(Custom)](https://www.reddit.com/message/compose/?to=RemindMeBot&subject=Reminder&message=%5BLink%20or%20message%20inside%20square%20brackets%5D%0A%0ARemindMe%21%20Time%20period%20here)|[^(Your Reminders)](https://www.reddit.com/message/compose/?to=RemindMeBot&subject=List%20Of%20Reminders&message=MyReminders%21)|[^(Feedback)](https://www.reddit.com/message/compose/?to=Watchful1&subject=RemindMeBot%20Feedback)|
|-|-|-|-|",RemindMeBot,merval,1,2024-11-15 09:34:31,t1_lx95gkf,t3_1grajfm,comment
lx99epd,bien ahi,Rise-Of-Empires,merval,1,2024-11-15 10:00:22,t1_lx95gkf,t3_1grajfm,comment
lxalaww,Saludos amigue,Rise-Of-Empires,merval,1,2024-11-15 14:17:15,t1_lxa1qel,t3_1grajfm,comment
lyguycd,Excelentisimo aporte! Lo pondría pineado si pudiera,BNeutral,merval,42,2024-11-22 17:02:06,t3_1gxgtyf,t3_1gxgtyf,comment
lyh6t4h,"PPI / Balanz Master Race.

No te toco Cocos ni con un puntero laser.",[deleted],merval,24,2024-11-22 18:05:37,t3_1gxgtyf,t3_1gxgtyf,comment
lygxixf,"Yo soy de vender dolar Mep, y hasta ahora siempre estuve con Balanz. Me conviene pasar a coco o no? veo que dice operaciones en usd 0.25%  
Que opiniones tienen de ieb+?",ElArgentinoPromedio,merval,14,2024-11-22 17:15:58,t3_1gxgtyf,t3_1gxgtyf,comment
lyhahzv,COCOS es un desastre no tiene prácticamente atención al cliente y cuando tenes un problema te dejan re tirado.,Confident-Celery-777,merval,12,2024-11-22 18:25:24,t3_1gxgtyf,t3_1gxgtyf,comment
lygya99,"Tendrías que ver de sumar los datos de Allaria, que según los rankings es el que mas plata maneja",LeBroneta,merval,10,2024-11-22 17:20:04,t3_1gxgtyf,t3_1gxgtyf,comment
lyhkkzn,Con razon balanz y pp son las mejores,Judo_y_Milanesa,merval,10,2024-11-22 19:20:53,t3_1gxgtyf,t3_1gxgtyf,comment
lyh5by9,Cocos te cobra por otro lado...,Walterargie,merval,7,2024-11-22 17:57:44,t3_1gxgtyf,t3_1gxgtyf,comment
lygxymb,"le agregaría un par de brokers: servente, buenos aires valores, avisame si necesitas ayuda que me ofrezco un par de horitas para completar!! 

ieb+ no lo tenía, alguien tiene alguna opinión positiva o negativa?  
cocos capital me da una desconfianza terrible  
en eco tenes muchos FCI también, para sumar info

acá hay una página de los brokers que usan matriz   
[https://matbarofex.com.ar/agentes-dma](https://matbarofex.com.ar/agentes-dma)",[deleted],merval,8,2024-11-22 17:18:19,t3_1gxgtyf,t3_1gxgtyf,comment
lygvnpw,Que onda ppi?,Argentino_Feliz,merval,5,2024-11-22 17:05:51,t3_1gxgtyf,t3_1gxgtyf,comment
lyhdzdp,"El público pide cambio. Sale Sbdar, entran...",TodoPor2Pesos,merval,5,2024-11-22 18:44:12,t3_1gxgtyf,t3_1gxgtyf,comment
lyl6cfd,"bullmarket te cobra la mitad de comisiones si operás más de 5 millones al mes, lo cual no es un monto nada grande",PancuterM,merval,4,2024-11-23 12:17:19,t3_1gxgtyf,t3_1gxgtyf,comment
lygvjoe,"Neta de los aranceles de la ALyC, DDM e IVA.

Lo único que no es exactamente así es la bonificación de DDM por intradiario de Acciones/CEDEARs. Acciones es 35%, CEDEARs es 30%. Es muy poca la diferencia para hacer categorías distintas, además, marginalmente es lo mismo.",TodoPor2Pesos,merval,5,2024-11-22 17:05:15,t3_1gxgtyf,t3_1gxgtyf,comment
lygw8uy,"Me basé en los tarifarios que están en sus páginas, y en boletos de operaciones propias. Si alguien tiene experiencia en algún broker y le pifié en algo, corrija nomás.",TodoPor2Pesos,merval,3,2024-11-22 17:09:01,t3_1gxgtyf,t3_1gxgtyf,comment
lyhan89,Cuanta diferencia con IEB+,Andrescoo,merval,3,2024-11-22 18:26:11,t3_1gxgtyf,t3_1gxgtyf,comment
lyiqg3j,Cocos Pro SE cuesta 40USD mes (al dólar oficial BNA) y te deja operar USD al 0%. Si comprás bastante te puede convenir eso.,Terodius,merval,5,2024-11-22 23:44:12,t3_1gxgtyf,t3_1gxgtyf,comment
lyizf3e,"Balanz master race. 

Para inversiones en long es imbatible.",patoezequiel,merval,4,2024-11-23 00:46:57,t3_1gxgtyf,t3_1gxgtyf,comment
lyh0dl9,inviu?,oficinistarandom,merval,3,2024-11-22 17:31:19,t3_1gxgtyf,t3_1gxgtyf,comment
lykem4a,"Hola,

Estoy ahorrando todos los meses en SPY. Esto va para largo plazo. Por ahora vengo comprando en IOL (por ningún motivo en particular). Me conviene seguir comprandole a IOL mes a mes un puchito? Veo que tiene tasas más altas que Coco o IEB+, pero tal vez hay otras cuestiones que no estoy considerando. No estoy pensando vender a corto plazo.


 Gracias",youreabsolutelyright,merval,3,2024-11-23 08:59:53,t3_1gxgtyf,t3_1gxgtyf,comment
lyhl0xr,"Iol es una garcha, un amigo tiene iol, le quise hacer la gauchada de verle los rendimientos de los fci de iol y todos están re atrasados, el último informe es de agosto del 2023 💀 ademas en la aplicación queres ver la composición y tampoco anda",Judo_y_Milanesa,merval,3,2024-11-22 19:23:22,t3_1gxgtyf,t3_1gxgtyf,comment
lyhppov,Muy bueno. Que sería que tiene planes flat en el caso de veta? Entiendo que sería una tarifa plana sin tiers / segmentos por volumen operado como tiene IOL o Bullmarket pero quizás estoy suponiendo mal.,AddressFair4059,merval,2,2024-11-22 19:50:31,t3_1gxgtyf,t3_1gxgtyf,comment
lyhu27u,"Hmm es de confianza Cocos? Esas comisiones son un poco muy bajas, no?",belkak210,merval,2,2024-11-22 20:16:27,t3_1gxgtyf,t3_1gxgtyf,comment
lyqi3dk,Y de todos esos porcentaje cual corresponderia a un FCI en dolares?,kriss_arg,merval,2,2024-11-24 10:21:15,t3_1gxgtyf,t3_1gxgtyf,comment
lylwt8q,"school touch brave cough tub salt connect squeeze head correct

 *This post was mass deleted and anonymized with [Redact](https://redact.dev/home)*",rogue-fox-m,merval,1,2024-11-23 14:43:13,t3_1gxgtyf,t3_1gxgtyf,comment
lyho5x7,Que gil me siento usando balanz,Fast-Pride9418,merval,1,2024-11-22 19:41:30,t3_1gxgtyf,t3_1gxgtyf,comment
lyqmw1w,Están mal sacadas las cuentas o no consiguieron buenas comisiones. Yo tengo convenio como asesor con cuatro alycs de ahí y no son esos valores en Balanz. Es menos.,armonicoenfuga,merval,0,2024-11-24 10:54:55,t3_1gxgtyf,t3_1gxgtyf,comment
lygwwor,Que se juegue algún mod. La verdad me sorprende que no se hayan hecho posts similares antes (O no los ví).,TodoPor2Pesos,merval,14,2024-11-22 17:12:35,t1_lyguycd,t3_1gxgtyf,comment
lz0yvce,"Por qué? Parece que las comisiones para CEDEARs son mejores...  
No entiendo porque tanta gente habla mal de Cocos, yo solo estaba considerando usarla porque tiene las comisiones bajas, me podes explicar porque no la tocarías ni con un puntero laser?

Muchas gracias.",IReallyEnjoyReading,merval,3,2024-11-26 01:30:37,t1_lyh6t4h,t3_1gxgtyf,comment
lyuitph,por,fourier54,merval,2,2024-11-24 23:55:03,t1_lyh6t4h,t3_1gxgtyf,comment
lygz227,"Creo que la plataforma de Balanz es buena, pero carísima. Cocos e IEB+ ($2.500 mensual) deberían andar bien. De cualquier forma, **vendé manualmente, no con la botonera.**",TodoPor2Pesos,merval,12,2024-11-22 17:24:12,t1_lygxixf,t3_1gxgtyf,comment
lyicm03,"IEB+ Excelente, sin comisiones (un pago fijo mensual) 

Comparando con el otro gratis (Cocos): IEB+ Funciona sin fallas, te dan bola en el whatsapp si tenés un problema, permite caucionar los $ que tenés y comprar 24 hs",sheets_argentina,merval,3,2024-11-22 22:12:21,t1_lygxixf,t3_1gxgtyf,comment
lyiaoe3,"Son incomprendidos, es que te incitan a invertir a largo plazo...",elrond_lariel,merval,8,2024-11-22 21:59:52,t1_lyhkkzn,t3_1gxgtyf,comment
lyhle3m,"Cómo llegás a esa conclusión con este cuadro? (No las estoy criticando, pero son caras)",TodoPor2Pesos,merval,4,2024-11-22 19:25:28,t1_lyhkkzn,t3_1gxgtyf,comment
lyh6284,Mientras estén las tenencias en Caja de Valores es todo pelota jajajaj,TodoPor2Pesos,merval,7,2024-11-22 18:01:36,t1_lyh5by9,t3_1gxgtyf,comment
lyhriav,Podrías dar más detalles de esto. Yo uso cocos.,kamikaz77,merval,3,2024-11-22 20:01:07,t1_lyh5by9,t3_1gxgtyf,comment
lyh03b2,"Quería agregar BAVSA y otros más, pero la verdad no tengo idea de cómo interpretar sus tarifarios: Mín 0.01% Máx 2% (???) (Si tuviese cuenta ahí ya me hubiese sacado la duda)",TodoPor2Pesos,merval,3,2024-11-22 17:29:46,t1_lygxymb,t3_1gxgtyf,comment
lygwco9,"Está ahí, Portfolio Personal. O pedís una opinión por fuera de las comisiones?

Edit: He operado con PPI, claramente no trading porque es imposible. Para mí es excelente, más que nada por el supermercado de FCIs, y por la seriedad que tienen.",TodoPor2Pesos,merval,12,2024-11-22 17:09:35,t1_lygvnpw,t3_1gxgtyf,comment
lyk0iwt,Funciona muy bien la verdad.,Sensitive-Syrup-7477,merval,3,2024-11-23 06:33:35,t1_lygvnpw,t3_1gxgtyf,comment
lylu4es,"aromatic gray pause boat dazzling mountainous person fuzzy birds wise

 *This post was mass deleted and anonymized with [Redact](https://redact.dev/home)*",rogue-fox-m,merval,1,2024-11-23 14:28:52,t1_lygvnpw,t3_1gxgtyf,comment
lylatmq,Esto,J-127,merval,2,2024-11-23 12:43:10,t1_lyl6cfd,t3_1gxgtyf,comment
lyqndhu,Es una banda de guita!!! Vos tenés idea de cuánto tenés que operar para no gastar cuarenta dólares en comisiones?,armonicoenfuga,merval,2,2024-11-24 10:58:12,t1_lyiqg3j,t3_1gxgtyf,comment
lyh0qf2,Te degollan. Únicamente es bueno para abrir cuenta en IBKR.,TodoPor2Pesos,merval,3,2024-11-22 17:33:14,t1_lyh0dl9,t3_1gxgtyf,comment
lylfdbq,"Si es para invertir a largo plazo pasivamente nomás, IEB+ ($2.400 al mes) o PPI están perfecto. Haciendo un cálculo rápido si comprás >$400.000 al mes conviene IEB+, menos que eso PPI (Si buscás simpleza, una buena plataforma, atención, etc.). Y si vas a pasar las tenencias mejor hacer una transferencia de títulos.

Muy bien por ahorrar disciplinadamente en SPY loco, username checks out.",TodoPor2Pesos,merval,3,2024-11-23 13:08:42,t1_lykem4a,t3_1gxgtyf,comment
lyhtfqk,[deleted],[deleted],merval,3,2024-11-22 20:12:39,t1_lyhppov,t3_1gxgtyf,comment
lyhuqzs,"Si te soy sincero he escuchado más quejas que otra cosa para el segmento normal, aunque los planes de Cocos Pro son buenos en serio, pero **muy** caros.",TodoPor2Pesos,merval,5,2024-11-22 20:20:38,t1_lyhu27u,t3_1gxgtyf,comment
lz3i509,Los FCI ya tienen los honorarios calculados y descontados en el valor de la CP,TomasLuther,merval,2,2024-11-26 13:37:23,t1_lyqi3dk,t3_1gxgtyf,comment
lyhrt84,"No deberías. Es una buena plataforma, y puede que sea la que mejor se adapta a lo que necesitás (o no).",TodoPor2Pesos,merval,7,2024-11-22 20:02:54,t1_lyho5x7,t3_1gxgtyf,comment
lyqp5bq,"En cuáles? Usé como referencia las tarifas estándar de cada una, sin tomar en cuenta beneficios particulares, por volumen, etc.",TodoPor2Pesos,merval,2,2024-11-24 11:10:12,t1_lyqmw1w,t3_1gxgtyf,comment
lz61bd3,"Como es eso de conseguir buenas comisiones? En balanz por lo que me dijeron no hay comisiones diferenciadas por volumen, y eso es lo que cobran 0.0082% por cedears acciones :(",M4tut310,merval,1,2024-11-26 21:44:06,t1_lyqmw1w,t3_1gxgtyf,comment
lyh0l5u,"Si, siempres despues de la primera vez lo vendi manual, nunca pense en mirar las comisiones porque cuando las vi eran medio parecidas, entre balanz y pp. Pero ahora veo que cocos y ieb estan re bajos.  
Que es eso de 2500 menusual? hay que pagar para mantener la cuenta activa?",ElArgentinoPromedio,merval,6,2024-11-22 17:32:28,t1_lygz227,t3_1gxgtyf,comment
lyh1ldy,"estaba viendo los aranceles de ieb y dice hasta 1.5% en ON y bonos.  
No se porque ponen hasta 1.5% y no el monto exacto",ElArgentinoPromedio,merval,2,2024-11-22 17:37:52,t1_lygz227,t3_1gxgtyf,comment
lyhn257,"Claro, no es que solo por este cuadro concluyo eso. Con las que mejor experiencia eh tenido han sido con ppi y balanz, entonces no me sorprende que sean caras",Judo_y_Milanesa,merval,7,2024-11-22 19:35:04,t1_lyhle3m,t3_1gxgtyf,comment
lyhwtwy,"Debe ser la empresa privada argentina con más quejas públicas jajajaj

Que si el soporte no les da bola, que si les toquetean las tenencias, que si a Ariel le pinta manijear algo por X y todos los comentarios son de clientes que se quedaron clavados con un problema...",TodoPor2Pesos,merval,11,2024-11-22 20:33:23,t1_lyhriav,t3_1gxgtyf,comment
lyh3sj6,yo tengo cuenta ahí y en servente y en otros. Te escribo por chat y lo sacamos andando!,[deleted],merval,2,2024-11-22 17:49:36,t1_lyh03b2,t3_1gxgtyf,comment
lyh2chx,como es eso de IKBR? yo opero via inviu jaja la puta madre,oficinistarandom,merval,2,2024-11-22 17:41:54,t1_lyh0qf2,t3_1gxgtyf,comment
lyi4dfb,"Ah, pensé que no tenía costo (de “mantenimiento”, sacando comisiones). Imagino que si haces trading compensa con la diferencia de comisiones, que es bastante grande.",AddressFair4059,merval,2,2024-11-22 21:20:15,t1_lyhtfqk,t3_1gxgtyf,comment
lz6e095,Si abris cuenta conmigo. Si. Si tenés un capital importante para comenzar más aún.,armonicoenfuga,merval,1,2024-11-26 23:03:20,t1_lz61bd3,t3_1gxgtyf,comment
lyh1ubc,"IEB+ te deja operar todo gratis hasta $250.000. De ahí en adelante, se debita automáticamente $2.500 (+IVA) por mes de la comitente mientras hayan operaciones. Yo la verdad me manejo con Veta porque es barata y tiene matriz. Algunos le critican ser medio lentejas con las transferencia, yo no tuve ningún problema, he depositado USD también (Hasta las 17:10hs que se vuelven a su casa).",TodoPor2Pesos,merval,2,2024-11-22 17:39:12,t1_lyh0l5u,t3_1gxgtyf,comment
lyh2k0l,"Eso no existe en la práctica, lo de IEB+ está [en la 2da página](https://www.grupoieb.com.ar/wp-content/uploads/2024/09/ARANCELES-2024-septiembre.pdf).",TodoPor2Pesos,merval,2,2024-11-22 17:43:00,t1_lyh1ldy,t3_1gxgtyf,comment
lyh5gr9,"Tienen convenio con Interactive Brokers, un broker extranjero. Te facilitan la apertura de una cuenta a tu nombre y el fondeo (enviando CEDEARs).",TodoPor2Pesos,merval,2,2024-11-22 17:58:27,t1_lyh2chx,t3_1gxgtyf,comment
lyi6jb2,"Con tener un volumen mensual >$57.7M o $2.9M diario, ya justifica, que no es una locura tampoco.",TodoPor2Pesos,merval,1,2024-11-22 21:33:40,t1_lyi4dfb,t3_1gxgtyf,comment
lzik30l,"Y... ya tengo cuenta, tarde... o se puede cambiar de asesor?",M4tut310,merval,1,2024-11-29 01:41:02,t1_lz6e095,t3_1gxgtyf,comment
lyhdypz,Que significa tener matriz?,Rocarat,merval,5,2024-11-22 18:44:07,t1_lyh1ubc,t3_1gxgtyf,comment
lywyole,Y que beneficios tiene interactive brokers? accedes a un mercado mas amplio?,oficinistarandom,merval,1,2024-11-25 12:11:20,t1_lyh5gr9,t3_1gxgtyf,comment
lyi8igf,"Claro, entiendo que para alguien que se dedica más a tradear (no es mi caso) no está tan lejano el punto donde conviene más un fijo y comisiones bajas que mantenimiento cero pero comisiones mas altas.",AddressFair4059,merval,2,2024-11-22 21:46:11,t1_lyi6jb2,t3_1gxgtyf,comment
lzjj1oy,"Se puede cambiar, pero ya tenés asignados esos valores",armonicoenfuga,merval,1,2024-11-29 07:35:05,t1_lzik30l,t3_1gxgtyf,comment
lyhieri,"Matriz es (lamentablemente) la única plataforma de DMA (Direct Market Access) multimercado del país. Sirve para hacer todas las operaciones normales de la bolsa, pero muchísimo más rápido/ágil/modular que con cualquier plataforma partircular. La ALyC le paga la licencia a Primary (el desarrollador), y decide si ofrecerlo gratis a sus clientes o no.

Por ahí anda medio como el orto, pero es lo que hay.",TodoPor2Pesos,merval,7,2024-11-22 19:08:29,t1_lyhdypz,t3_1gxgtyf,comment
lux0u4h,"Me parece que lo estás pensando como un plazo fijo que da X% anual. En general cuando se habla del SP500 lo que se dice es cuanto rindió, en promedio, en los últimos N años. Eso no quiere decir que si hoy ponés USD 300.000 el año que viene podrías sacar USD 18.000 (suponiendo un 6,5%) y mantener el capital original. Porque al momento de ir a ""retirar"", puede haber subido eso, mucho más, o puede haber caído. En 2022 cayó más de 18%:

[https://es.finance.yahoo.com/quote/SPY/performance](https://es.finance.yahoo.com/quote/SPY/performance)

O sea que si en tu ejemplo arrancabas 2022 con USD 300.000, al final del año ibas a tener USD 246.000 (redondeando).

Puede ser una buena inversión (y probablemente la mejor que puedas hacer a largo plazo) pero no lo veas como una renta fija que te va a dejar todos los años un porcentaje fijo, porque no lo es.",AddressFair4059,merval,229,2024-11-01 17:42:46,t3_1ghf390,t3_1ghf390,comment
luzj7hw,"Mira, con 300 Lucas verde que se vaya a hablar con un asesor y no con unos gordos de internet",100dequeso,merval,134,2024-11-02 04:41:53,t3_1ghf390,t3_1ghf390,comment
luwz5uh,"Esta mal. De ese 6% deberías sacar solo el 4% para no descapitalizarte y considerar los bear market. Además tenes que considerar los impuestos (Como BBPP).
Fíjate el sub de r/FIRE para afinar los cálculos.",[deleted],merval,123,2024-11-01 17:33:46,t3_1ghf390,t3_1ghf390,comment
luwzmom,"6% es agresivo, muy probable que se quede sin plata en 30 años.  3.5% es más realista.  Dicho esto depende de su edad y si se quiere morir en 0 o dejar alguna herencia.",Amon0295,merval,42,2024-11-01 17:36:18,t3_1ghf390,t3_1ghf390,comment
lux10n3,"Tu ""amigo"" está bastante desorientado, es renta variable, no podes estar seguro de que va a ir siempre para arriba. Tenés que considerar un montón de cosas",[deleted],merval,71,2024-11-01 17:43:45,t3_1ghf390,t3_1ghf390,comment
luyvzfx,"Si quiere una renta fija que compre bonos del tesoro de Estados Unidos. Ahora se pueden abrir cuentas en Estados Unidos desde acá con un broker. Que averigüe las comisiones. 

Yo diversificaría. 

Galicia te cobra todos los meses por tenencia de títulos, son unos chorros. Que se abra una cuenta en un broker que no le cobre por la tenencia. Además con esa plata puede tener atención personalizada en un broker. 
Te paso algunos dónde puede averiguar, y que se fije que comisiones le cobran para cada tipo de activo:
Allaria,
Puente,
Cohen,
Inviu,
Eco Valores,
Balanz,
Rava,
Bull Market,
Galicia Securities

Yo le diría que estudie un poco más antes de invertir tanta plata, porque si bien es mucha, si él después quiere vivir de eso la tiene que invertir bien, y tampoco es que es super millonario como para andar perdiendo plata. 
Hay unos cursos gratis en la página de Byma educa, que empiece por ahí. 
Por otro lado tiene que considerar su costo de vida, que puede cambiar con los años (por ejemplo, tener que comprar medicamentos, pagar un geriátrico, etc). 
Tiene que tener en cuenta los impuestos que va a tener que pagar, la inflación del dólar y otros factores para una inversión a tan largo plazo.",msvs4571,merval,14,2024-11-02 00:45:44,t3_1ghf390,t3_1ghf390,comment
lux9prq,"Lo ideal es tener 80% en el S&P500 y 20% en bonos. Así si un año van mal las cosas, la renta de tus bonos ayuda a que no vendas tus acciones con pérdida. Igual tenés que tener un “safety net” por si algo salga mal. Si necesitas 18k para vivir diría que necesitas 600k en el stock market. Lo ideal es quitar siempre el 3% como máximo teniendo 80% acciones y 20% bonos.",BornItem3170,merval,11,2024-11-01 18:31:16,t3_1ghf390,t3_1ghf390,comment
luxcaza,"Depende el estandar de vida que quiera. Para vivir en un monoambiente soltero del que es dueño al 3% a 3.5 % anual (el withdrawal rate que se considera sostenible), capaz le alcanza.

Para tener una casa y familia, auto, irse de vacaciones, etc, la verdad que no.",BNeutral,merval,17,2024-11-01 18:45:48,t3_1ghf390,t3_1ghf390,comment
lux405i,Como poder se puede. Pero tiene que ser experto en esas cosas. Un par de malas maniobras y a llorar a la piecita,[deleted],merval,11,2024-11-01 17:59:44,t3_1ghf390,t3_1ghf390,comment
lux2lug,todo muy lindo hasta que aparece una guerra y se va todo al carajo por un año o dos.,MelaniaSexLife,merval,17,2024-11-01 17:52:14,t3_1ghf390,t3_1ghf390,comment
luxknuz,"No.
Siemore hay que laburar, hasta cuando tenés mucha guita.

Hay una lista interminable de riesgos que hacen que se rompa la lógica:

>6% de retornos reales anuales.

Menos la inflacion en dolares (no es cero)

>CEDEARs de S&P500 a través de Galicia homebanking.

Impuestos + comisiones + retenciones impositivas de dividendos del SPDR 500+ comisión por esta forrada + IVA... todo eso parece chiquito, no lo es

>Osea que en total le quedaría, en promedio, unos 6% de retornos reales anuales.

>300000*1.06 = 318000. Osea que él tendría 18mil dólares de ganancias anuales, verdad? Está bien la cuenta o me estoy comiendo algo


Ojo con esto. No te da PLATA. Te da platita (dividendos, 1 por ciento o algo asi) y revalorización del CEDEAR. Tendria que venderlos para comer y cubrir el 5 por ciento de gastos. Ojo que es como decir que vendes tu casa de a un ladrillo a la vez para comer.

>Mi amigo tranquilamente puede vivir con 18k anuales (en realidad, 17800 por la comisión que cobra el banco al operar).

Y los impuestos querido. AFIP tiene el ojo sobre un 30 por ciento de esas ganancias
Además AHORA puede vivir con eso. Si le sale un baby o ganas de visitar Madrid porque está sin laburar y al pedo, de pronto tiene que volver a laburar

A lo que iba con lo primero es que si quiere retirarse, necesita mas guita. 
La muy buena noticia es que está 300 k más cerca.",PerceptionIll3228,merval,11,2024-11-01 19:34:55,t3_1ghf390,t3_1ghf390,comment
luynnsm,"Acordate que tenes el impuesto a la renta financiera y el de patrimonio una vez al año.
 Creo que por 300k entras en alrededor de 2%.",Frauvalhallen,merval,4,2024-11-01 23:43:13,t3_1ghf390,t3_1ghf390,comment
lv071tk,"Con la mitad podes adquirir un bien en 🇺🇸, se te da de alta como LLC y podes obtener alien citizenship para invertir allá. 
Hoy un Bco de primera línea paga (hasta) 6% anual aprox. Pero si te vas a rentas un depto de entre 120k y 150k, te puede dejar hasta 1,2% mensual, dependiendo la zona y demanda. Tema declarar en arg es dependiendo en qué estado se inscriba la LLC, que podría ser en Delaware que tienen política de no informar, ojo no es anónimo, si gastas 1u$d con débito en arg quedas enlazado. 
En emiratos por otro lado también podes y bajas a impuesto 0%, pero la renta es distinta, si bien tenes demanda es más “barato”, que en usa. 
También hay buenos realtors que hacen house flipping todavía, y sacan buenas comisiones, pero estás supeditado a lo que encuentren, pueden pasar meses sin meter una movida gruesa.",[deleted],merval,6,2024-11-02 09:03:34,t3_1ghf390,t3_1ghf390,comment
lv0g5sy,"Tiene 300.000 dolares, procede a preguntarle al amigo, para que el amigo pregunte en reddit y de ahi obtener los mejores consejos.

Aca solo te van a decir que le meta GIM, que haga psicologo y que pongo todo en S&P 500. 

Que le meta, necesitamos mas gente poniendo plata en maximos historicos.",Top-Appointment-9310,merval,6,2024-11-02 10:12:51,t3_1ghf390,t3_1ghf390,comment
luxzu4t,"Lo que piensa tu amigo es culpa de los cuarenta mil tiktokers que andan divulgando la existencia del sp como si fuera un activo de renta fija... si, en promedio segun los ultimos no se cuantos años paga eso, pero y si cae los proximos 3? se le va la cuenta al carajo. si quiere vivir al 6,5% anual se puede armar una cartera de bonos y ONs que le aseguran (obvio teniendo en cuenta riesgos, aunque a esa tasa se puede armar algo muy conservador) un rendimiento y no depende de los ciclos del mercado. decile a tu amigo que antes de mover esa cantidad de plata 1) se asesore 2) estudie un mínimo, porque a kilómetros se nota que no sabe nada",PaperTowelWaterSlam,merval,8,2024-11-01 21:06:17,t3_1ghf390,t3_1ghf390,comment
luxrh8n,"Que se haga un par de monoambientes, los alquile y deje de joder",FedericoMercuy,merval,14,2024-11-01 20:15:53,t3_1ghf390,t3_1ghf390,comment
lux545i,"Esto es una obviedad pero renta variable no es lo mismo que renta fija. Puede salir mar. 


Yo diría que se tire a la pileta y pruebe. ",Pearl_Jam_,merval,8,2024-11-01 18:05:49,t3_1ghf390,t3_1ghf390,comment
luycp3k,"6% real es el promedio histórico del S&P 500 pero nada te garantiza que ese retorno se mantenga a futuro. Si te agarra una crisis en los primeros 10 años y retirás el 6% de 300mil anual se va a descapitalizar.

Básicamente renta variable no es una buena idea si dependés de que te de un ingreso fijo.",Key_Nefariousness_55,merval,3,2024-11-01 22:28:28,t3_1ghf390,t3_1ghf390,comment
lux4bn3,"Tu ganancia es todo lo que subiste por encima de la inflacion.

Si le ganaste 6% pero la inflacion en dolares fue 3% digamos que a grandes rasgos tu ganancia es 3%. El otro 3% solo aporto a mantener el poder de compra de tu capital constante.

Si vos todos los años vendes el 6% de tu tenencia, tu capital vale cada vez menos, aun asumiendo la ganancia constante. Cada año seria el 6% de un capital que compra menos cosas que el año pasado.",crfenix,merval,5,2024-11-01 18:01:29,t3_1ghf390,t3_1ghf390,comment
lux3hds,"all in en bitcoin, sin miedo al exito papi",ShowNegative3527,merval,22,2024-11-01 17:56:56,t3_1ghf390,t3_1ghf390,comment
lux7tj3,Es muy poco para jubilarte esa guita. Imaginate en 20-30 años esos 300.000 dólares lo que van a valer y esos 18.000 supuestos dólares de renta lo que le van a rendir.,galileo634,merval,7,2024-11-01 18:20:42,t3_1ghf390,t3_1ghf390,comment
lux9q6e,"Que vaya a r/Fire 

Pero... como poder, puede. El tema es que con muy poco dinero por mes :)",Superaden,merval,2,2024-11-01 18:31:20,t3_1ghf390,t3_1ghf390,comment
luxekjw,"Primero que  ese 6-7% que rinde es promedio , hay años positivos y años negativos. Para tener en cuenta eso  generalmente el rango safe de retiro es entre 3.5-4%. pero yo le diría a tu amigo que deje esa guita parada 10 años en spy y de ahí haga lo que quiere hacer. Es muy poco y no tenes en cuenta impuestos como bienes personales que si viene otro gobierno k te sube la alícuota a 2.25% y se devalúa el mínimo imponible y te rompen el orto",boyozenjoyer,merval,2,2024-11-01 18:58:49,t3_1ghf390,t3_1ghf390,comment
luxpf25,"Debería probar con renta fija. Eso si, es posible que el capital te quede clavado mientras el bono madura.",Rudy_Clausius,merval,2,2024-11-01 20:03:34,t3_1ghf390,t3_1ghf390,comment
luxxesv,"Es una inversión de renta variable, la parte de ""variable"" es lo que le falta asimilar a tu amigo. 

El porcentaje de ganancia de S&P es un promedio, si entra en el punto máximo del mercado y se come la caída puede pasar más de 10 años hasta volver a recuperar su inversión (ni hablar de ganancias).",devcba,merval,2,2024-11-01 20:51:25,t3_1ghf390,t3_1ghf390,comment
luy27lv,"Sumo algo sin ser mala onda, ni ahí invierto desde un banco y menos si me van a cobrar simplemente por mantener mis titulos, cosa que es cratis desde cana de valores con cualquier broker, yo la mandaria afuera y diversificaria en etf que me den dividendos e incluso compraria un departamentito para tener otra entrada",Xavi_Myosotis,merval,2,2024-11-01 21:20:49,t3_1ghf390,t3_1ghf390,comment
luz659u,"Podes comprar bonos de un país con altas tasas de interés y que sea masomenos confiable. Incluso podes comprar bonos de varios países con alta interés para diversificar.

Por ejemplo brazil se sabe tiene tasa de interés positiva en sus plazos fijos.",Thefallen777,merval,2,2024-11-02 02:14:45,t3_1ghf390,t3_1ghf390,comment
lv1fi0w,Pero esta re loco que cambie solo 100.000 dol son casi $100.000.000 plazo fijo comun te da casi $3.000.000 mensuales cada 30 dias y te guardas en. Una caja de seguridad los 200.000 dol restantes. Te tire plazo fijo comun por si es medio corto en finanzas me vas a decir que no vivis como un rey con 3 palos. Si queres usa 10.000dol para alto viaje. Es mi opinion. Yo no llego a eso peroo tengo una entrada hermosa con un fondo de inversion a 60 dias. Saco mas con eso que laburando.,Poroto_TeVe,merval,2,2024-11-02 13:37:54,t3_1ghf390,t3_1ghf390,comment
lxv9jhl,"Hola, la estrategia de invertir en CEDEARs de S&P 500 tiene sentido pero en Argentina hay varios factores que pueden alterar significativamente los resultados.  
  
**Los CEDEARs están nominados en pesos:** Aunque el rendimiento de los CEDEARs sigue al índice S&P 500 en dólares, la operación se hace en pesos. Esto significa que cualquier ganancia depende del comportamiento del tipo de cambio. Este es uno de los principales riesgos de invertir en CEDEARs desde Argentina, ya que las ganancias en pesos pueden verse anuladas por la devaluación. Por ejemplo:

   * Si tu amigo invierte los 300.000 USD al principio del año, supongamos que el dólar vale 1.000 ARS. Eso le daría 300.000.000 ARS para invertir en CEDEARs.
   * Si el índice S&P 500 rinde un 10% en el año, al final tendría 330.000.000 ARS.
   * Sin embargo, si el dólar sube a 1.100 ARS al cierre del año, al convertir esos 330.000.000 ARS de vuelta a dólares, obtendría 300.000 USD. En este caso, no ganó nada en dólares.
   * Si el dólar sube aún más, por ejemplo, a 1.200 ARS, habría perdido dinero en términos de dólares a pesar del rendimiento en pesos.

**Alternativas de inversión:**

   * **Alquileres:** Por la derogación de la Ley de Alquileres, el mercado inmobiliario ofrece rendimientos muho mejores que antes. En CABA, los alquileres están rindiendo cerca de un 5% anual en dólares, mientras que en zonas fuera de la ciudad, donde la oferta es menor, pueden alcanzar un 6% o incluso más.
   * **Propiedades en baja:** Las propiedades todavía no recuperaron los valores que tenían antes de la pandemia (bajaron cerca de un 30%). Esto podría representar una oportunidad de apreciación en el mediano plazo, además de ingresos pasivos a través de alquileres.
   * **Inmuebles a reciclar:** Comprar algo en mal estado para renovarlo y alquilarlo podría rendir hasta un 8% o más en dólares, además del incremento del valor de la propiedad con el tiempo.

Espero te sirva.",Impossible_Plane_455,merval,2,2024-11-19 00:04:21,t3_1ghf390,t3_1ghf390,comment
lux5srp,"Que poca ganas de laburar tiene la gente últimamente.


Por eso las casas de apuestas y los ponzi tienen tanto éxito..",RequirementSavings23,merval,8,2024-11-01 18:09:35,t3_1ghf390,t3_1ghf390,comment
luxgtpj,Yo empecé a meter en S&P hace unos meses y llevo una ganancia de -94k. Es para mayor plazo.,nairazak,merval,3,2024-11-01 19:12:07,t3_1ghf390,t3_1ghf390,comment
luyo7g7,Tu amigo es tan vago que tenés que postear vos la pregunta?,gabbrielzeven,merval,4,2024-11-01 23:47:07,t3_1ghf390,t3_1ghf390,comment
lux6s77,"que se compre un depto de 45k usd monoambiente, lo pone a alquilar y ahi ya tiene 300 usd aprox

despues pone 150k en sp500 para no perder valor, pero de acá a 10 años no se toca

y con lo que le queda se puede comprar otro departamento para el, o para alquilar, pero obviamente, que se ponga a laburar el vago ese, avisale que no es ricardo fort con 300k",eimattz,merval,3,2024-11-01 18:15:01,t3_1ghf390,t3_1ghf390,comment
lv011rz,"No me considero experto, pero es una buena idea hacer un ALL IN y no diversificar?
Ejemplo: hay gente que se enloqueció con las crypto, metió un ALL IN en un asset el cual vio ganancias 
Ese asset pudo desplomarse o incluso el exchange, estafar a sus clientes...
En palabras de mí abuelo, ""nunca pongas todos los huevos en la misma canasta.""",lewolq,merval,2,2024-11-02 08:07:43,t3_1ghf390,t3_1ghf390,comment
luxfwqw,"Es posible si vive modestamente, pero en ese planteo lo está poniendo todo en un lugar, debería tener una cartera diversificada. Además no me parece un buen momento para entrar con 300k al S&P500, viene muy volado.",xGamerARG,merval,1,2024-11-01 19:06:40,t3_1ghf390,t3_1ghf390,comment
luxg2xe,"Por qué lo haría en Galicia? Tiene banda de comisiones, y es un garcha. Si es por tranquilidad Balanz, que pagas y es un buen producto. Con esos montos podes negociar comisiones.

Por otro lado que haga Ons argentinas no pagan bbpp y muy difícil que no paguen si quiere lockear esos rendimientos.",Magodeoz-87,merval,1,2024-11-01 19:07:41,t3_1ghf390,t3_1ghf390,comment
luxim73,2 derpa y el resto timba. O 3 derpa,elcsmctm,merval,1,2024-11-01 19:22:40,t3_1ghf390,t3_1ghf390,comment
luxj9tj,"Esta bien el concepto pero mal el retorno. Si bien podes sacar eso o mas con SPY, es jugarsela sin tener en cuenta cualquier periodo de caida. De hecho muchos que ya estan en fase de retiro s evuelcan en gran parte a bonos pero bueno en general se calcular aprox 4% de retorno anual y aeso tenes que sacarle los impuestos asi que calculale por las dudas lo mitad que tenes ahi, despues si el retorno real es mas grande, mejor, sigue haciendo itneres compuesto, pero esta al limite es mala idea

Ahora, podes vivir con mas o menos 750 dolarucos al mes? Si. Es lo ideal? No, menos si tenes que alquilar pero como poder, podes",simonbleu,merval,1,2024-11-01 19:26:34,t3_1ghf390,t3_1ghf390,comment
luxl42g,"""vivir"" de rentas es medio complicado para lo que es sólo SPY. Lo que sí tiene chances (y muchas) es que si pone esos 300k y deja que el mercado haga su magia por unos años, va a tener un buen retiro.",dank-monkl,merval,1,2024-11-01 19:37:37,t3_1ghf390,t3_1ghf390,comment
luxni3x,"a la primera que tenga un gasto inesperado grande, se va a la chota su plan de vida. para tener un colchon que te alcance de por vida no alcanza con tener lo justo, es ""lo justo y bastante mas""",madkeepz,merval,1,2024-11-01 19:52:07,t3_1ghf390,t3_1ghf390,comment
luxqk48,Con esa guita que pregunte a varios Financial planners y se saca la duda. Cuanto va a gastar? 2-3k.,Franke811,merval,1,2024-11-01 20:10:23,t3_1ghf390,t3_1ghf390,comment
luxuni9,Si se lleva todo se descapitaliza. La idea es sacar lo que rinda por encima de la inflación. Y además cuidado si las acciones bajan.,FercanArgy,merval,1,2024-11-01 20:34:56,t3_1ghf390,t3_1ghf390,comment
luy4jy0,"Y es una pésima idea poner el 100% sin saber en una misma canasta... Que divida en diferentes estrategias conservadoras de 50k - 6 intentos/balas.


Es muy fácil perder la noción de la plata que viene rápido",Adventurous_Risk5598,merval,1,2024-11-01 21:35:28,t3_1ghf390,t3_1ghf390,comment
luybtsl,"Decile a tu amigo que mire este video https://youtu.be/rr7WR6oagQU?si=wZ_eBi7oDVTqFClV
También tiene otros sobre inversiones que lo pueden orientar",BenjaFow,merval,1,2024-11-01 22:22:41,t3_1ghf390,t3_1ghf390,comment
luyjokz,que saque un 3% todos los años y viva con eso. No hubo período de 30 años en los últimos 100 años en el que hacer eso te deje en 0.,Ok-Tart4802,merval,1,2024-11-01 23:15:33,t3_1ghf390,t3_1ghf390,comment
luynja9,"che, re out, pero sos el que hacia los videos de lol hace años? Si es asi ¿En que andas groso?

respecto al post como para que no sea spam el comentario, apoyo lo que dice la mayoria, que se vaya por algo de renta fija y diria que no deje de laburar en el momento, ya que con ese margen de ganancia y si planea vivir bastante mas, se arriesga una banda, pero si sigue trabajando, aunque sea tranqui, 5/10 años mas, esos (ponele) 17k anuales se van a haber sumado, y con intereses compuestos, a ese fondo, pudiendo de igual manera retirarse temprano pero con mucha mas seguridad.",Platense_Digital,merval,1,2024-11-01 23:42:18,t3_1ghf390,t3_1ghf390,comment
luz2sy2,"porque mejor no se pone una pizzeria no se, que se compre una buena propiedad en un barrio medio modesto o sino un 2 ambientes cosa de que tenga alta demanda y pueda alquilar rapido en vez de hacer boludeces?",sadness-god,merval,1,2024-11-02 01:43:18,t3_1ghf390,t3_1ghf390,comment
luzaao1,"Es buena inversión ! Pero como los valores syp están altos, para entrar con esa cantidad de plata vas a terminar perdiendo al corto plazo( 1-2 años ) pero se sabe que a la larga rinde ! 
Se indica ir comprando mes a mes pero de apoco !",Careless_Tip9157,merval,1,2024-11-02 02:57:50,t3_1ghf390,t3_1ghf390,comment
luzuyfv,"si y no.
no dependeria solo de eso.
es una inversión a plazp largo... o sea para acumylar capital en un plazo de 5+ años...

el rendimiento promedio real del sp500 es mas tirando a 15...20 años por lo menos basado en los rendimientos a lo largo de su historia.

yo puse mi dinero en sp500 hace unos 4-5 mes y me dio mas del 6.5%... o sea podes llegar a 6.5 o mas en ubos meses como puede pasar q el otro día bajo caso 2% en un dia.

hay q tener cuidado y poner plata q no necesitas ya.",P3l0tud0ru,merval,1,2024-11-02 07:02:52,t3_1ghf390,t3_1ghf390,comment
lv0iekt,Tiene ONs locales que dan más de 6%. Saludos,Comfortable_Mobile75,merval,1,2024-11-02 10:27:52,t3_1ghf390,t3_1ghf390,comment
lv0je22,"No está considerando que, aún cuando los intereses le permitan costear la vida, la inflación se le estaría comiendo el principal. 

Entonces, de lo que sea el retorno de intereses, una buena tajada debería adicionarla al principal cada año para que no pierda el valor. 

Diría que al 6% debería además sumarle la inflación anual que si por ejemplo es el 3% entonces serían $9000 de sumar al capital.

En realidad esta plata la veo mejor en una inversión inmobiliaria para ganar con la renta. Uno o 2  buenoos apartamentos para alquilar.",Marco_R63,merval,1,2024-11-02 10:34:22,t3_1ghf390,t3_1ghf390,comment
lv0ogg1,"Nunca van todos los huevos en la misma canasta. Tiene que diversificar, es una cantidad de guita que lo permite. Bonos soberanos, Bonos provinciales, ONs. Merval, S&P500, CQQQ (indice de china), indice de irlanda, un poco de Crypto, un porcentaje en pesos, un porcentaje en Usd, etc etc.

Si quiere vivir de intereses y no laburar, le va a quedar tiempo para educarse en activos fnancieros.",Annual-Wallaby3825,merval,1,2024-11-02 11:06:08,t3_1ghf390,t3_1ghf390,comment
lv10jh7,"Con esa cantidad de USD es jugado, por lo menos con ese planteo de no querer laburar en nada al mismo tiempo.

Tendría que o tener el doble, o arriesgarse un poco más a inversiones reales como los ladrillos, campo o un par de camiones por ejemplo.

  
Ahora, no quita que con esa ayuda puede reducir su jornada laboral, o dejarse esa plata para irse de viaje a la puta cada tanto. Vivir ultra tranquilo que si pasa algo tiene espalda.",Keiner97,merval,1,2024-11-02 12:15:35,t3_1ghf390,t3_1ghf390,comment
lv14a5h,se pone 3 gym con esa guita,ghio1234,merval,1,2024-11-02 12:36:28,t3_1ghf390,t3_1ghf390,comment
lv1c43j,"Desde el vamos está mal, lo mejor es que diversifique.

Por ejemplo puede comprar un departamento y alquilarlo.

Suponiendo que gasta 100.000 y logra alquilarlo entre 700 y 1000 mensuales (que para nada es imposible) habrá gastado dinero pero generará una renta mensual que al año son unos entre 8000 y 12000 dolares, se pagaría en 10 años.

Otra parte del dinero puede ir a renta fija (ojo: fija) por ejemplo hay exchanges de cryptos que ofrecen 4% anual, si inviertes 100000 tendrás 4000 más al cabo de un año, hay cuentas en USA que tienen más o menos el mismo rendimiento.

El resto puede ir a acciones pero siempre diversificando.

Este ejemplo es a muy grandes rasgos, lo recomendable es complejizarlo mucho más de lo que explique pero para dar la idea sirve.

La idea es que entre más diversa sea la inversión menos probabilidades hay de pérdidas ya que las pérdidas de unas se contraponen con las ganancias de otras.",No_Boss_895,merval,1,2024-11-02 13:19:43,t3_1ghf390,t3_1ghf390,comment
lv1ceku,"Teniendo 300000USD disponibles, planificar vivir con solo 1500 usd por mes por intereses es un desperdicio terrible.

Cualquier alternativa es mejor a simplemente mandarlos al banco y cobrar los intereses.

Invertilos en bolsa, en acciones, literal se puede comprar 5 departamentos de 2 dormitorios con solo la mitad de la herencia y ponerlos a alquilar (eso ya es 1500 usd aprox por mes), etc.",Being_No-42,merval,1,2024-11-02 13:21:21,t3_1ghf390,t3_1ghf390,comment
lv1dbx4,"La verdad mejor que inviertas por ahora en cetes de México, allá están dando 10% al año",White_Trash_Gringo,merval,1,2024-11-02 13:26:21,t3_1ghf390,t3_1ghf390,comment
lv1ejn3,"Que compre propiedades en el exterior y viva de los alquileres, 3 departamentos en España por una renta aprox de 700 euros cada uno, son 25k al año",YouTrick2787,merval,1,2024-11-02 13:32:47,t3_1ghf390,t3_1ghf390,comment
lv1p3k2,el 6% sería las ganancias que pagan los cedears ? O es lo que suponemos que va a subir ? En todo caso la vida en argentina se está poniendo cara en dólares ... 18 mil dólares anuales puede ser el sueldo de cualquier hijo de vecina de acá a un par de años . En fin me parece medio riesgoso poner todos los huevos en una sola canasta por más bueno que sea siempre hay riesgos,Queasy_Ruin_5883,merval,1,2024-11-02 14:27:57,t3_1ghf390,t3_1ghf390,comment
lv1xjzf,"Construite unos condominios y viví de rentas. 
A los 10 años te construís tu casa y seguís viviendo de rentas. Encima si sos vivo y no un pajero le estás encima al condominio y tenés algo en que ocupar tu cabeza para no volverte loco",Allergictwobullshit,merval,1,2024-11-02 15:12:25,t3_1ghf390,t3_1ghf390,comment
lv28cxu,"1 que se abra una cuenta en algún broker
2 que busque asesoramiento 
3 puede vivir de los intereses",soyjurio,merval,1,2024-11-02 16:09:09,t3_1ghf390,t3_1ghf390,comment
lv2ctuq,"Que se compre alguna ON que pagué alrededor del 6-8% y de alguna empresa reconocida o que invierta en alguna acción más ""estable"" (ej: KO, MC)",NicoBoniS,merval,1,2024-11-02 16:33:17,t3_1ghf390,t3_1ghf390,comment
lv2hftk,"Si lo va a poner en Galicia hace mal, lo tiene que poner en Inviu que es del banco Galicia ( pero la comisión es menor ) los 300.000 dólares le van a dar como mínimo unos 1500 dólares x mes . Saludos!",bluntwrap2023,merval,1,2024-11-02 16:58:20,t3_1ghf390,t3_1ghf390,comment
lv2o3wf,"No le conviene poner todo en el CEDEAR SPYD que paga dividendos?


ChatGPT me dice que con ese monto generaría 13500 USD anuales en dividendos",Necrogomicon,merval,1,2024-11-02 17:34:38,t3_1ghf390,t3_1ghf390,comment
lv2rp4g,"consulta para todos los que comentaron, desde mi mas abyecta ignorancia, da la casualidad que la casa que alquilo (soy inquilino) tiene ese valor en dolares, me cobran de alquiler 600 mil pesos por mes, capaz hice mal los calculos pero me da que el retorno mensual seria de 1 palo 800 mil pesos mensuales (valga la redundancia), y a mi me cobran un tercio de eso, significa que mi locatario esta perdiendo plata? porque lo primero que pense en decir al leer el post fue ""decile que se compre una casa y la alquile"" o sea voy mal no? que tan mal? no sean crueles porfa , soy muy malo haciendo cuentas y casa propia no tengo, alquile toda la vida y ahora apenas un terrenito tengo.",Historical-Heat4083,merval,1,2024-11-02 17:54:21,t3_1ghf390,t3_1ghf390,comment
lv30w6c,Si no invierte en nada tiene 1250 dolares por mes por 30 años. Con eso y una pastilla de cianuro para el 2054 está hecho. Cualquier inversion conservadora te va a estirar un poco el tiempo antes de la pasti.,Sesilu_why,merval,1,2024-11-02 18:46:55,t3_1ghf390,t3_1ghf390,comment
lv31weq,Digamos que tenes el doble 600mil USD...es viable lo que plantea el OP?...,CapitanDelete,merval,1,2024-11-02 18:52:46,t3_1ghf390,t3_1ghf390,comment
lv33yrd,"Galicia no da, es muy caro. Nacion Bursatil, PPI, va a tener las mismas opciones. Eso si, con 300k creo que podes ganar si le estas encima, haciendo la plancha te comes la guita y terminas pidiendo en una iglesia.",Zeivner,merval,1,2024-11-02 19:04:56,t3_1ghf390,t3_1ghf390,comment
lv35uwc,"Para mi si lo que quiere es ganar plata mensual sin enroscarse mucho la clave es comprar departamentos y alquilarlos, ponele que compras 5 deptos de 60k (calculale que el depto lo conseguis a 55k y pagas 5k mas de % por gastos en la compra) y despues cada depa lo puede alquilar por un valor alrededor de 300 o 400 dolares por mes (estos son valores de mar del plata) si no tiene vivienda propia puede vivir en uno de esos deptos y alquilar los otros 4 y ganaria 1200-1600 dolares por mes, y si ya tiene casa propia alquilas los 5 y serian 1500-2000 doalres por mes. Repito estos son valores actuales del mercado marplatense, puede cambiar a futuro pero es una inversion dentro de todo conservadora y que una vez que compraste los deptos y conseguiste buenos inquilinos ya es bastante sencillo el resto.",Easy_Refrigerator802,merval,1,2024-11-02 19:16:06,t3_1ghf390,t3_1ghf390,comment
lv3ieqm,"Que Mire acciones que den dividendos. Recomiendo ASML, chau",ninjacookjesus,merval,1,2024-11-02 20:29:41,t3_1ghf390,t3_1ghf390,comment
lv3m7u6,"Nada es seguro, hasta el más millonario puede quedar pobre, no morirse de hambre pero si buscar un trabajo.

Conozco muchos ex millonarios, que eran millonarios antes del '94, tal vez creas que fue hace mucho pero antes nunca había crisis económicas mundiales y ahora es el pan de cada día.

Acuérdate de los dólares confederados, muchos billetudos se quedaron con mucho papel para el baño, el brics no tarda en saltar y puede que a tu amigo le pase lo mismo que a los confederados.

Tal vez nunca pase, pero acuérdate que tú amigo quiere vivir solo de intereses, ojalá quiera vivir más de 60 años.",Express_Ad5736,merval,1,2024-11-02 20:52:24,t3_1ghf390,t3_1ghf390,comment
lv488zz,"Yo si fuera tu amigo, con esos 300k compro una propiedad de 3 ambientes o más para tener un problema menos en tu vida. Lo que sobra lo metés en sp500 para que no se desvalorice para algún gasto futuro. 

Pero vivir de 300k sin tener la propiedad asegurada me parece arriesgado.",ElMolador,merval,1,2024-11-02 23:09:45,t3_1ghf390,t3_1ghf390,comment
lv4e6ed,"Le conviene ONs, acciones que paguen dividendos y diversificar, no 100% S&P porque está en máximos hoy si hay correcciones va a descapitalizarse para sobrevivir. Más que con alquileres podes hacer con El retorno de ONs. Además diversificar en acciones fuera de USA porque en USA los no residentes pagan impuestos sobre los dividendos. Conviene más un broker/ ALyC te cobran más, y si es mucho capital te asesoran en algunos aspectos.",Spiritual_Bottle_926,merval,1,2024-11-02 23:47:57,t3_1ghf390,t3_1ghf390,comment
lv4oow3,"Sp500 tiene esos rendimientos anuales en promedio, no son algo fijo. Si quiere tener rendimientos de ese tipo le conviene poner en algunas ONs que hoy por hoy están dando +8% en Usd con pagos semestrales",JulepeAnuelGoku,merval,1,2024-11-03 01:03:25,t3_1ghf390,t3_1ghf390,comment
lv4t3y4,"Nunca hay que poner todos los huevos en una sola canasta. Para alguien que quiere vivir de intereses desde el vamos le digo con 300.000usd no llegás para mantenerte capitalizado y no perder contra la inflación. Pero si querés buscar un mix de renta fija y variable más bien conservador, le diría que invierta Lo más razonable sería invertir un 25% en un monoambiente para alquilar por 300usd/mes, un 15% en SPY y otro 10% en NASDAQ, y un 50% en ONs. Alternativamente podría meter 45% en ONs y un 5% en criptos a largo plazo, pero nada de memcoins. BTC, ETH, y SOL.",Terodius,merval,1,2024-11-03 01:39:12,t3_1ghf390,t3_1ghf390,comment
lv55be0,Y los impuestos que te va a cobrar el gobierno?,agmalo,merval,1,2024-11-03 03:37:49,t3_1ghf390,t3_1ghf390,comment
lv586fg,"de interes no, de dividendos muy justo. Si compra acciones de Coca-Cola tendría 8076 usd anuales o 675 al mes, viviría medio cargado de hambre",Particular_Net_2801,merval,1,2024-11-03 04:10:10,t3_1ghf390,t3_1ghf390,comment
lv5pg2a,Déjalo que haga lo que se le cante,Puzzleheaded-Row-388,merval,1,2024-11-03 07:30:37,t3_1ghf390,t3_1ghf390,comment
lv6eki0,"1. no metas todo en una sola canasta, es peligroso. 

2. no pidas consejos en donde cualquiera puede hablar! hay mucho ruido (pero aqui tambien hay gente que sabe mucho, simplemente observan y no hablan)

3. tomate tiempo para investigar bien en donde meter la guita, te diria minimo 6 meses y con alguien que tenga los resultados... paciencia, no hay apuro. 

4. Con cuanto vive tu amigo mes a mes? eso es lo primero y 2do buscar ese instrumento que genere un rendimiento que cubra su estilo de vida (18k anuales, divido en 12 meses son 1500 usd por mes) 

5. paciencia... 

6. paciencia, no hay apuro...",laL096,merval,1,2024-11-03 10:54:23,t3_1ghf390,t3_1ghf390,comment
lv6jami,Aparte tiene que pagar impuestos por el 6% de retorno. No se bajo que modalidad sea pero por todo ingreso se pagan impuestos incluyendo retorno de inversiones.,[deleted],merval,1,2024-11-03 11:22:54,t3_1ghf390,t3_1ghf390,comment
lv6luoh,Tu amigo es un zángano. Que haga eso pero por lo menos que labure de algo. Si no hace nada se la va patinar procastinando o creando un hermoso y gordo vicio que lo va llevar puesto,Ok-Investment944,merval,1,2024-11-03 11:37:44,t3_1ghf390,t3_1ghf390,comment
lv6qcuj,"Decile que con 300K no puede vivir como el quiere,mínimo necesita 10 palos verdes.",SignificantTwo862,merval,1,2024-11-03 12:02:49,t3_1ghf390,t3_1ghf390,comment
lv8i3qj,"La comisión esta bien, es una jugada de poco riesgo y debe dejar el dinero ahí incluso reinvirtiendo utilidades ya que en 10 años puede llegar a 1 millón.

En cuanto a comisión hasta 1% es razonable

Aparte de esto debes mirar cuánto debes pagar de impuestos

En un mundo ideal yo dejaría el dinero por unos 20 años en SP500 o en fondo de negocios específicos hoy tecnología, agricultura y militar, pero rotando adelantándose al futuro para ir a 30%.  Cuando llegue a 2M imaginando un 10 de retorno no dejaría de trabajar pero estaría más cómodo.",MasterpieceNo962,merval,1,2024-11-03 17:24:51,t3_1ghf390,t3_1ghf390,comment
lv8ysy1,Ambiguo y jugadisimo. Todos los que hablan del Sp500 son los mismos que están comprando Oro ahora en su ciclo alsista. Nunca agarrón una p**TA tendencia bajista que les de en % una ganancia súper inferior a lo de sistemas tradicionales. Pero bueno cosas de inversiones. Difícilmente la gente se ponga a analizar con cordura y raciocinio. Así que queda hecharlo a la suerte,adry4242,merval,1,2024-11-03 18:50:53,t3_1ghf390,t3_1ghf390,comment
lv97bwe,"Mirá, la cuenta no esta mal hecha, pero lo ves como un plazo fijo y no es así, después de impuestos y otras cosas… no creo que llegue al 5%… si el quiere vivir del interés, no esta mal la idea, pero siendo de mente conservadora y evitando a fondo que lo caguen, que ponga la guita en un plazo fijo de algún banco que le de el 5% en verdes u otra divisa, que igual se consiga un trabajo que no le desagrade para acotar los gastos de vida y que reintegre lo más que pueda…

Es decir, labura al mínimo, reintegrando al ahorro, vive en un lugar lindo pero barato, y prácticamente vive rascándose.

Yo vivo estudiando y trabajando en el extranjero, y por eso puedo abrir cuenta en el Banco de Escocia, me dan 3,47 o 5,5 anual, con esa guita ahorrada, después de impuestos y de más, me quedarían 15.000, es un poco por arriba del sueldo mínimo real de vida, y así y todo abría muchas cosas que no podría hacer.

Si el pibe quiere vivir BIEN, que sea inteligente, que siga laburando, al menos al mínimo y va a estar demasiado cómodo el resto de su vida.",DismalExperience1299,merval,1,2024-11-03 19:35:41,t3_1ghf390,t3_1ghf390,comment
lvacxnp,No es preferible buscar 3 bonos y ponerlos ahí que son de renta fija?? Ya sabes lo que te va a pagar antes de poner la guita,Ruderalico,merval,1,2024-11-03 23:33:27,t3_1ghf390,t3_1ghf390,comment
lvadcjr,"Del S&P puede tener mucho más, quizás 10% anual, yo personalmente en vez de s&p iría al nasdaq (tiker qqq) que tiene un retorno aún mayor, el 80% ahí y el resto lo sacaría a un broker extranjero y lo pondría en el fondo svog de bonos del tesoro que paga un poco más del 5% anual y sin volatilidad. ☝🏻",[deleted],merval,1,2024-11-03 23:36:01,t3_1ghf390,t3_1ghf390,comment
lvanv1z,"Te recomiendo https://ficalc.app/

Podés ver a todas las versiones de tu amigo del pasado. Digamos ""y si comprara sp500 en el punto mas alto del DotCom bubble?"" ""Y si compraba justo después de la depresión del 30?"" ""Y si compraba en 2010?"".
Estima todos los escenarios con data del pasado y te dice cuáles son las chances de que termines con guita ese plan",askapo747,merval,1,2024-11-04 00:45:46,t3_1ghf390,t3_1ghf390,comment
lvarxix,Y que va a hacer el primer año? Porque los rendimientos los pagan a los 360 días,Webo_Bert_2110,merval,1,2024-11-04 01:14:54,t3_1ghf390,t3_1ghf390,comment
lvc5ui6,"Tu amigo necesita generar ingresos si se piensa ""retirar"". El SP es un vehículo de crecimiento de capital que tiene un historial de ese retorno en average desde que empezó.
Para generar ingresos debería de tener en dinero en acciones or ETFs que paguen dividendos o tener un portafolio de 80/20 bonos y 20% acciones.
Este portafolio daría un retorno de más o menos el 5%. Así que sería más o menos de 15k.
Lo normal seria que no se retirara y continuará trabajando para crecer el capital del portafolio",Mortgageguy1871,merval,1,2024-11-04 09:33:21,t3_1ghf390,t3_1ghf390,comment
lvca18e,"¿por qué no pone una franquicia? 🤔 tengo entendido que ya vienen con los empleados, un mcdonald's tiene mucha ganancia.",indicafree,merval,1,2024-11-04 10:03:15,t3_1ghf390,t3_1ghf390,comment
lvcg8c3,Que compre campo en una ciudad del interior y lo alquile para producir. Con 15 hectareas tipo 1 (150k USD) podes hacer 15k anuales o mas.,DomaCachuchas3000,merval,1,2024-11-04 10:43:01,t3_1ghf390,t3_1ghf390,comment
lvckzew,q se ponga a laburar,PorongaGrosa,merval,1,2024-11-04 11:11:25,t3_1ghf390,t3_1ghf390,comment
lvdtdbk,"80 mil usd en oro, 140mil  en tierra propiedades , 80 en producir algo",Mentatierra,merval,1,2024-11-04 14:59:09,t3_1ghf390,t3_1ghf390,comment
lvdvzp8,"Por favor pongan separadores de decimales

Tarde un huevo en contar cuántos 0 había en lo que escribiste",jpreddituser1,merval,1,2024-11-04 15:11:57,t3_1ghf390,t3_1ghf390,comment
lve54ql,que compre acciones que paguen dividendos y que se guarde 30k por las dudas.,Reaven_max,merval,1,2024-11-04 15:56:19,t3_1ghf390,t3_1ghf390,comment
lvfx3jj,Aaaaaaand it’s gone.,Fearless-Mammoth8166,merval,1,2024-11-04 21:27:49,t3_1ghf390,t3_1ghf390,comment
lvggs9f,Decile a tu amigo que puede vivir como interesado por una gorda rica; lo unico que debe hacer es todo lo que ella le pida. XD.,Fair_General_867,merval,1,2024-11-04 23:21:58,t3_1ghf390,t3_1ghf390,comment
lvilj85,Se me hace agua la boca.,Vajrarar,merval,1,2024-11-05 10:10:54,t3_1ghf390,t3_1ghf390,comment
lviuze4,Puedo ser amigo de tu amigo? Soy copado y cebo mates todo el dia :D,No-Frame-5115,merval,1,2024-11-05 11:08:15,t3_1ghf390,t3_1ghf390,comment
lvjmasw,Que se habra un McDonald's o alguna franquicia,Aggravating_Fox9504,merval,1,2024-11-05 13:29:53,t3_1ghf390,t3_1ghf390,comment
lvjx7sk,Yo si estan todos blanqueados que los meta en NEXO y haga plazos fijos de usdc al 12% anual,FelonSoeter,merval,1,2024-11-05 14:22:53,t3_1ghf390,t3_1ghf390,comment
lvrrt66,Son unos estafadores ,Weekly_End_4697,merval,1,2024-11-06 16:54:35,t3_1ghf390,t3_1ghf390,comment
lvry53d,"Construccion..
Si haces 2 casas, gastando 150k en cada una, y suponiendo le sacas unos 600usd por mes.
Tenes 12k al año.
El dia de mañana si se complica el alquiler o lo que fuese, tenes una propiedad que siempre va a subir su valor o al menos no bajar.

Mismo caso, pero en vez de hacer una casa, compras una casa medio arruinada y la remodelas, gastas menos, por lo que podrias comprar mas cantidad, pero obviamente el alquiler es mas bajo.


::::
Las inversiones en la bolsa, sea de bajo riesgo, medio o alto, el riesgo siempre esta. En cambio, el tener bienes, te asegura no perder y te da estabilidad.",AwesomerookieRL,merval,1,2024-11-06 17:23:32,t3_1ghf390,t3_1ghf390,comment
lxbpl5a,Annnnd it’s gone: https://youtu.be/Y3AM00DH0Zo,Advanced_Path,merval,1,2024-11-15 17:39:27,t3_1ghf390,t3_1ghf390,comment
lxhhcut,"Que se compre 3 deptos en 100 mil cada uno, los alquila, los tiene para toda la vida y duerme tranquilo con un palo de pesos de rentas por mes.",Connect_Dish_6079,merval,1,2024-11-16 17:20:58,t3_1ghf390,t3_1ghf390,comment
luxcnvd,Tu amigo sos vos?,SarasaGusman,merval,1,2024-11-01 18:47:52,t3_1ghf390,t3_1ghf390,comment
luxtwb5,"Tu amigo es bastante incensato . Si invierte todo su dinero solo en un activo (riesgo) va estar expuesto a un riesgo mercado letal que si se pone a vender Estados Unidos en un par de meses le come todo…  esa compra que tanto decís yo la haría una vez que caiga en un lugar de compras probable. (stan weinstein, Sam Seiden en en YouTube).",[deleted],merval,1,2024-11-01 20:30:24,t3_1ghf390,t3_1ghf390,comment
luxxthn,Todo al rojo pa,cejjj,merval,1,2024-11-01 20:53:55,t3_1ghf390,t3_1ghf390,comment
lv09e1p,Que con esa plata construya un par de unidades de airbnb y va a levantar mucho mas que 18k por año.,BearOnCocaine,merval,1,2024-11-02 09:22:49,t3_1ghf390,t3_1ghf390,comment
luxfu6r,Con 300 lucas verdes se compra un depto en belgrano y lo alquila a 1500 por mes. O varios monoambientes o 2 ambiente y lo alquila por menos. El unico riesgo es q venga otro gobierno K y le de por expropiarte,North-Engineering-22,merval,0,2024-11-01 19:06:14,t3_1ghf390,t3_1ghf390,comment
lux3ojd," S&P500  es una de las ""peores"" inversiones para vivir de rentas.  por ejemplo que haria los meses que tiene rentabilidad negativa? por que no un T+1 de tbills  que den un 4,75,  para los gastos fijos, algun fci  para aumentar el capital y SP500 para la jubilacion",niconline,merval,0,2024-11-01 17:58:00,t3_1ghf390,t3_1ghf390,comment
luxce6y,Lo pone en btc y ya esta,Then_Negotiation_375,merval,0,2024-11-01 18:46:19,t3_1ghf390,t3_1ghf390,comment
luy4okj,"Que se compre seis casas y las alquile a 300 lucas por mes.

Así hicieron todos los cara de pija que tienen guita.",Bloody_Mandrake,merval,0,2024-11-01 21:36:15,t3_1ghf390,t3_1ghf390,comment
luyh2ns,"No sé mucho de inversiones, pero tengo entendido que un broker con un portfolio variado te deja algo asi como 20% anual, eso son 6 mil dolares por mes, en Argentina vivis como un duque con eso. Pero bueno, no deja de tener su riesgo y una caida de la bolsa puede doler jevi... como toda inversión, no ?

Yo igualmente me la jugaría un poco más, se puede poner alguna franquicia de algo que sepas que no puede fallar, por ejemplo un mc donnalds. Pasa que bueno, ahi tenés que ponerte más tiempo y es una responsabilidad mucho mayor.",TuraSatana_,merval,0,2024-11-01 22:57:45,t3_1ghf390,t3_1ghf390,comment
luxav28,"vivir medio a lo linyera, si, es posible, pero no creo que mas de 2 decadas con esa guita, y de todas formas, que existencia tan pauperrima e inutil vivir sin hacer nada, no termina bien esa historia",luxanimae,merval,-6,2024-11-01 18:37:41,t3_1ghf390,t3_1ghf390,comment
luxuzup,capo tu amigo. yo necesitaria 2m al mes para poder dejar ujno de mis dos trabajos. estoy lejisimos,Super-Relief-5827,merval,0,2024-11-01 20:36:59,t3_1ghf390,t3_1ghf390,comment
luyfwgk,"Con 18k anual son 1,5k mensual= 1,8M pesos. No AM tenés una familia, no te vas de vacaciones y ni te das un lujito.",Content-Maybe9136,merval,0,2024-11-01 22:49:50,t3_1ghf390,t3_1ghf390,comment
luz371s,Y por que en vez de invertir en cedears no lo coloca a plazo fijo flexible? Los cedears los compras con los intereses..,Turbulent_Painter_61,merval,0,2024-11-02 01:46:55,t3_1ghf390,t3_1ghf390,comment
luzm3g6,"El banco no te cobra 0,54% por lo que ganaste, te lo cobra por lo que tenes, 318.000. Acaso pensas que un año donde se pierde, el banco va a perder?",EdgardoDiaz,merval,0,2024-11-02 05:16:42,t3_1ghf390,t3_1ghf390,comment
lv38wnz,"En binance u otro exchange de primera linea el Earning en USDT da el 11 anual % aprox, restando inflación e impuestos tenés 1200usdt mensuales con 300kus, y es una plataforma segura y una operativa simple.",Doblecato,merval,0,2024-11-02 19:34:04,t3_1ghf390,t3_1ghf390,comment
lv3gw4d,Qie compre 3 propiedades y las alquile,kmalSavch,merval,0,2024-11-02 20:20:44,t3_1ghf390,t3_1ghf390,comment
lv3ukad,"anda con un asesor financiero, te pueden conseguir un rendimiento de 10 - 12% anual tranquilamente. no la pongas en el banco y menos en el SP500",Safe-Condition-9168,merval,0,2024-11-02 21:42:58,t3_1ghf390,t3_1ghf390,comment
lvi5wji,"Buenas, no tengo en claro si los interes que copitalizan sobre el monto inicial o sobre el monto del periodo?",Square_Tomatillo_432,merval,0,2024-11-05 08:08:19,t3_1ghf390,t3_1ghf390,comment
lux06jg,[deleted],[deleted],merval,-2,2024-11-01 17:39:15,t3_1ghf390,t3_1ghf390,comment
luxu20l,"que verga vivir sin hacer nada y encima, con solo 800mil al mes.

esa no es vida, mas que un broker tu amigo necesita un psicologo ( ? )",nismania,merval,-4,2024-11-01 20:31:22,t3_1ghf390,t3_1ghf390,comment
lux9jb7,[deleted],[deleted],merval,-6,2024-11-01 18:30:16,t3_1ghf390,t3_1ghf390,comment
lux2kfb,Me dan risa los boludos que se comen este cuento jaja y les responden. Jajaja qué par de nabos,FuckIMiseed,merval,-11,2024-11-01 17:52:02,t3_1ghf390,t3_1ghf390,comment
luzwrcm,"Tu amigo es flor de haragán, se caga en el esfuerzo de sus padres, debería honrarlos con trabajo, por lo menos si no quiere trabajar en relación de dependencia que lo haga con un emprendimiento propio a parte de generar esa renta con los 300k usd de arriba, trabajar es salud mental, la realidad que el spy500 no es renta fija, asi que ojota",elseiten,merval,-5,2024-11-02 07:22:37,t3_1ghf390,t3_1ghf390,comment
luy2qnd,"Agarra la pala hermano. Con de 300k por ahi podes pero viviendo miserablemente y sin familia ni nada, vos solo. 

Yo juntaria al menos el triple para pensar esto",Obvious-Phrase-657,merval,-3,2024-11-01 21:24:07,t3_1ghf390,t3_1ghf390,comment
lv002q2,"La consulta demuestra tanta ignorancia financiera que no da para dedicar mucho tiempo a responder. 
Vivir de rentas es posible (lo hago hace años) pero no es tan fácil. Con ese plan de poner toda la guita en un fondo de cedears no lo va a lograr. Hay que diversificar. Y cuando se invierte en blanco también hay que pagar impuestos.
Ya que tu amigo no va a laburar por lo menos que dedique algo de tiempo a estudiar finanzas.",Importado2002,merval,-3,2024-11-02 07:57:50,t3_1ghf390,t3_1ghf390,comment
luxysoa,Me especializo en esto. Mándame privado y te oriento posibilidades. Siempre que estés dispuesto a ponerme a mi como te asesor. Es mucha info para un comentario. Necesito saber más sobre el perfil de la persona. Saludos.,armonicoenfuga,merval,-5,2024-11-01 20:59:56,t3_1ghf390,t3_1ghf390,comment
luxmdtq,"Mal, totalmente. Me parece que el amigo del op la está flasheando un toquesao",grifter_cash,merval,50,2024-11-01 19:45:19,t1_lux0u4h,t3_1ghf390,comment
lv1m8h9,"aparte el % del spy es a largo plazo, si se gasta el rendimiento de los años Buenos, cdo toquen los malos va a perder capital",Sopenco_420,merval,10,2024-11-02 14:13:05,t1_lux0u4h,t3_1ghf390,comment
lvfxbn1,Nolo tiene que ver como renta fija porque no es renta fija,InevitableOne2231,merval,1,2024-11-04 21:29:06,t1_lux0u4h,t3_1ghf390,comment
lvrrv0w,Son unos estafadores ,Weekly_End_4697,merval,1,2024-11-06 16:54:49,t1_lux0u4h,t3_1ghf390,comment
lv7ognv,"El asesor, transferime transferime pum lo caga",FinancialExplorer181,merval,22,2024-11-03 14:56:30,t1_luzj7hw,t3_1ghf390,comment
lv3ptlp,El mejor comentario,Jabonnn,merval,3,2024-11-02 21:14:11,t1_luzj7hw,t3_1ghf390,comment
lux9uh7,En R/FiRe hablas de retirarte con 300k y te comes el bullying del siglo.,lockduck1,merval,121,2024-11-01 18:32:01,t1_luwz5uh,t3_1ghf390,comment
luy2ryz,Como hiciste los calculos?,Obvious-Phrase-657,merval,3,2024-11-01 21:24:21,t1_luwz5uh,t3_1ghf390,comment
luz5s72,"Del 6% debería sacar el 2% para no descapitalizar.

El 2% de inflación histórica no se aplica a la inflación de eeuu de estos últimos años más cercana al 4.

Igual esta mejorando en ese sentido",Thefallen777,merval,1,2024-11-02 02:11:16,t1_luwz5uh,t3_1ghf390,comment
lv6jscq,"No entendi lo de sacar el 4% para no ""descapitalizarse"". Te referis a no sacar el 100% de las ganancias justamente para poder afrontar una perdida en caso de que baje el indice?

Tenes idea de cuanto son los impuestos?",[deleted],merval,1,2024-11-03 11:25:51,t1_luwz5uh,t3_1ghf390,comment
luxyjnn,Si vivís en Argentina ese planteo tiene poco sentido,armonicoenfuga,merval,-3,2024-11-01 20:58:24,t1_luwz5uh,t3_1ghf390,comment
lv1fpc5,En resumen: hay que laburar xD,libre06,merval,7,2024-11-02 13:38:59,t1_luwzmom,t3_1ghf390,comment
lv1t9s6,"Tampoco. Con 300k no te podés retirar. Menos si no tenés vivienda. Si tenés vivienda entonces no son 300k, son 400 o lo que cueste su vivienda. Y eso si si soltero. Si formas una familia 300k no es nada. Imposible retirarse con 300k. Es un delirio.",TakeNoPrisoners_,merval,5,2024-11-02 14:49:32,t1_luwzmom,t3_1ghf390,comment
luxqh79,"Lo que pensas es estúpido.
Es SPY no es agresivo.

Podés pensar si es sostenible o no los SPY además dan dividendos,",DogWest1061,merval,-32,2024-11-01 20:09:55,t1_luwzmom,t3_1ghf390,comment
lux1ddo,[deleted],[deleted],merval,-2,2024-11-01 17:45:38,t1_lux10n3,t3_1ghf390,comment
lw39m3v,Sabes del tema amigo algun otro tip para nosotrs los novatos,Negative-Body-8248,merval,1,2024-11-08 12:19:01,t1_luyvzfx,t3_1ghf390,comment
lv1tpwn,Con 18k para vivir es un pendejo soltero. Cuando tenga unos años más no hace nada con eso. Ni hablar si el peso se aprecia con el dólar. O si tenemos inflación en dólares. Es una fantasía retirarse con 300k.,TakeNoPrisoners_,merval,1,2024-11-02 14:51:52,t1_lux9prq,t3_1ghf390,comment
luxra9t,"Oh pandemia, que es mas factible",possiblecefonicid,merval,7,2024-11-01 20:14:43,t1_lux2lug,t3_1ghf390,comment
lv0ut8n,"Pero el s&p es a largo plazo, es poner la guita y no mirarla en el dia a dia porque no tiene mucho sentido.",mattgrave,merval,1,2024-11-02 11:43:11,t1_lux2lug,t3_1ghf390,comment
lv6kxri,Pero siempre corres riesgos con algo. Ademas las ganancias de SPY luego de la pandemia superaron el indice negativo del 2022,[deleted],merval,1,2024-11-03 11:32:34,t1_lux2lug,t3_1ghf390,comment
luz96or,"Cuanto perdes entre impuestos, comisiones, retenciones impositivas de dividendos y todo lo que nombraste?",Otherwise-Writer1855,merval,1,2024-11-02 02:45:52,t1_luxknuz,t3_1ghf390,comment
lv6om1p,Estas en pedo de hacer semejante operacion y no blanquearla en Argentina.,[deleted],merval,2,2024-11-03 11:53:14,t1_lv071tk,t3_1ghf390,comment
luyxh9b,Si vive en CABA te compras 3 con esa plata y no te alcanza para vivir.,msvs4571,merval,5,2024-11-02 00:57:32,t1_luxrh8n,t3_1ghf390,comment
luxjgtd,"""Salir mar"", es lo primero que sale mal",fergthh,merval,18,2024-11-01 19:27:44,t1_lux545i,t3_1ghf390,comment
lux633q,"Pregunta de seguimiento, para tratar de entender mejor: es trivial decir que el rendimiento real en USD es retorno en USD - inflacion en USD, pensando en inflacion en USD como la del IPC de EEUU. Ahora, consulta, cual es la mejor manera (lease practica) para calcular inflacion en USD en Argentina (que es donde lo que importaria para OP)? Es simplemente la conversion con el tipo de cambio? O hay cuestions de tipo pass-through que nos deben importar (i.e., cuanto de la inflacion de EEUU llega aca)?",Short-Pizza-9192,merval,1,2024-11-01 18:11:10,t1_lux4bn3,t3_1ghf390,comment
lv1pgkj,"Bueno pero esa cuenta implica morirse a los 80 ponele y dejar los 300 ajustados por inflación atrás. Ya con el calculo de 20k al año, aún con 0% de ganancia son 15 años hasta quedarse sin plata. Personalmente con esa plata no dejaría de laburar, pero la cuenta no es tan lineal me parece",Sufficient_Drop5013,merval,1,2024-11-02 14:29:52,t1_lux4bn3,t3_1ghf390,comment
luyci55,"Es asi, no tiene sentido invertir en otra cosa que no sea BTC... la mejor inversion desde que nacio como activo, los ignorante diran lo contrario.

Lo que si, estrategia DCA si no sabes.",Lacaffeina,merval,4,2024-11-01 22:27:12,t1_lux3hds,t3_1ghf390,comment
lux6akd,no les gustan estos comentarios a los normies..... full monty a BTC,[deleted],merval,3,2024-11-01 18:12:18,t1_lux3hds,t3_1ghf390,comment
lv1vn5m,"Protip: a los gordos btc les conviene que inviertas en btc, pero esta en altos historicos. Lo vas a comprar caro y vender barato, o MUY a lo sumo, igual. 

Tambien 50% del salto del valor tiene que ver de Tesla, cuyo valor como compañia esta muy relacionado con si ganan los republicanos o no (porque arreglan con los jueces que ponen a dedo para ganar contratos estatales). A lo sumo, decidi despues de ver las elecciones americanas de este noviembre.",MarinReiter,merval,1,2024-11-02 15:02:07,t1_lux3hds,t3_1ghf390,comment
lv9ykd7,To the moon!! 🚀🌚,Ok-Science-4918,merval,1,2024-11-03 22:06:08,t1_lux3hds,t3_1ghf390,comment
luxuj2n,"Con 300k vivís varios años re tranquilo, sin lujos no gastas más de 10k por año y si laburar hasta podes ahorrar un viaje a lo sumo son 5k.. todo esto solo obvio.",Kritzerd,merval,5,2024-11-01 20:34:12,t1_lux7tj3,t3_1ghf390,comment
luxqzq7,"Esta pensado para que los títulos tengan 300knde valor real, no nominal.",DogWest1061,merval,1,2024-11-01 20:12:58,t1_lux7tj3,t3_1ghf390,comment
lva36d5,Cuál fci?,Spiritual-Tie-9230,merval,1,2024-11-03 22:34:13,t1_lv1fi0w,t3_1ghf390,comment
luxtlj1,"Y quien carajos quiere laburar? Todos lo hacemos por necesidad, al menos que logres trabajar de algo que realmente te guste (cosa que pasa muy poco).

  
Si heredo 300k y quiere invertirlo en acciones para retirarse joven, me parece lo mejor que puede hacer.",SergDerpz,merval,33,2024-11-01 20:28:36,t1_lux5srp,t3_1ghf390,comment
luxbo3w,"\+1 El sueño de ""vivir de rentas"" (los dolares que se multiplican solos, los ricos que se hacen automáticamente más ricos) es el sueño más miserable que hay. Pero sí, la época va por ahí.",sol_apagado_28,merval,-4,2024-11-01 18:42:14,t1_lux5srp,t3_1ghf390,comment
luxr2pu,"Totalmente, la gente nace para rascarse la chota de por vida parece, sin contribuir en lo mas mínimo.",possiblecefonicid,merval,-2,2024-11-01 20:13:28,t1_lux5srp,t3_1ghf390,comment
luy6x9c,Hace unos meses y vas en pérdida? Si viene metiendo máximos cada mes xd,bplt640,merval,3,2024-11-01 21:50:26,t1_luxgtpj,t3_1ghf390,comment
lux8emy,"No creo que haya un alquiler que rinda 8% anual, que es lo que pones en tu ejemplo.

Por otro lado deberías considerar que comprar un inmueble tiene un costo alto (entre 7% y 10%). Y que tiene costos de mantenimiento que no estás considerando (desde cosas que se rompen, impuestos como inmobiliario, quizas bienes personales, ganancias si no es alquiler en negro, etc).

Y además está el riesgo de que el inquilino no pague y tengas que desalojarlo (esto parece remoto pero conozco varios casos, incluye gastos de abogado, un proceso que puede durar tranquilamente 2 años en los cuales no vas a ver un mango, etc).",AddressFair4059,merval,9,2024-11-01 18:23:58,t1_lux6s77,t3_1ghf390,comment
lux8ups,"Coincido, que asegure alguna propiedad para que duerma tranquilo",Nautargo1,merval,3,2024-11-01 18:26:27,t1_lux6s77,t3_1ghf390,comment
luxqlkq,[removed],[deleted],merval,1,2024-11-01 20:10:38,t1_lux6s77,t3_1ghf390,comment
lux86v9,"Yes, la onda es diversificar y si sabes manejar la guita en inversiónes a mi con 30.000Usd ya me manejo.


Pero porque  tengo estudios y hace bastante estoy en esto...


Si este no sabe nada es un peligro o que contrate a un asesor financiero ",Slow_Spite4885,merval,0,2024-11-01 18:22:45,t1_lux6s77,t3_1ghf390,comment
luxqci6,"ONs pagan bienes personales (siempre que tus bienes superen el MNI obviamente). Lo que no pagan es ganancias sobre la renta o sobre ganacias de capital.

En este momento las ONs están casi todas muy caras y hay bastante saturación. Eso agrega riesgos extras a considerar en cada caso. Por ejemplo, casi todas las ONs tiene clausulas de rescate anticipado donde pagan el 100% de capital, mas interes devengado y en algun caso una prima como compensacion (que a veces depende de que tan cerca este del finish). A lo que voy es a que si agarrás la calculadora de bonos, decis esta ON que se vende a 109 pero paga 10% de cupon me da una TIR de 8% y te la rescatan, podes perder bastante. Comento este riesgo porque yo no lo conocia hasta que lo lei en algun comentario hace unos dias.",AddressFair4059,merval,3,2024-11-01 20:09:08,t1_luxg2xe,t3_1ghf390,comment
luzamr7,como cual gasto inesperado?,Otherwise-Writer1855,merval,1,2024-11-02 03:01:31,t1_luxni3x,t3_1ghf390,comment
luypkev,"Hola! Efectivamente soy el loco que hacía videos de lol jajaja

Ando de vacaciones, rascándome un poco, juego al lol bastante todavía pero con gente, pq sólo es deprimente a veces... Gracias por el comentario :>",Frandaero,merval,3,2024-11-01 23:56:56,t1_luynja9,t3_1ghf390,comment
lv6purr,Por que entonces hay tanta gente invirtiendo en acciones pese a que poner a trabajar el dinero rinde mejor?,[deleted],merval,1,2024-11-03 12:00:03,t1_lv1ceku,t3_1ghf390,comment
luxefz2,"Ojalá, yo tengo 28k en un plazo fijo de mierda",Frandaero,merval,6,2024-11-01 18:58:04,t1_luxcnvd,t3_1ghf390,comment
luy1y2c,"aback advise spark steep towering meeting juggle expansion continue versed

 *This post was mass deleted and anonymized with [Redact](https://redact.dev/home)*",rogue-fox-m,merval,6,2024-11-01 21:19:11,t1_luxfu6r,t3_1ghf390,comment
luzcuek,Todo mal lo que dijiste pibe,Ok-Leg7840,merval,2,2024-11-02 03:26:22,t1_luxfu6r,t3_1ghf390,comment
luzhp6w,"Pequeño riesgo, no?",msvs4571,merval,2,2024-11-02 04:23:32,t1_luxfu6r,t3_1ghf390,comment
lux76t4,cómo invertís en tbills desde ARG?,fourier54,merval,0,2024-11-01 18:17:15,t1_lux3ojd,t3_1ghf390,comment
luy5uru,"Todo en BTC a 70k, que puede malir sal?",danielrx2,merval,5,2024-11-01 21:43:35,t1_luxce6y,t3_1ghf390,comment
luzjacj,"Con 300k, 6 casas en la villa 31 sera",100dequeso,merval,3,2024-11-02 04:42:49,t1_luy4okj,t3_1ghf390,comment
luz1q3i,"20% es un montón, es muy dificil conseguir eso de manera sostenida en el tiempo y mas sin saber un joraca. Warren Buffet (el mejor inversor del mundo) saco algo asi de 23% anual promedio, y el mercado en promedio esta en 10%.

Para mi lo mas logico para el amigo seria una cartera 40% bonos y 60% acciones y seguir laburando en fortalecer el portfolio",EngineeR1ng,merval,5,2024-11-02 01:33:31,t1_luyh2ns,t3_1ghf390,comment
luxcz0y,Vos cuando no trabajás te quedás mirando el techo?,Frandaero,merval,19,2024-11-01 18:49:38,t1_luxav28,t3_1ghf390,comment
lv0f0iz,Siganme para mas consejos!! en serio pondrias 300.000 en plazo fijo?,gamba47,merval,3,2024-11-02 10:04:58,t1_luz371s,t3_1ghf390,comment
lux2a5y,O puede que nexo desaparezca y le quede 0. Nexo es una inversion de **riesgo**... no recomienden poner un tercio de todos tus ahorros ahi.,crfenix,merval,9,2024-11-01 17:50:30,t1_lux06jg,t3_1ghf390,comment
luxgh4o,"Con que bajo riesgo duplicas en 5, 7 años?",Allarik,merval,5,2024-11-01 19:10:01,t1_lux9jb7,t3_1ghf390,comment
luxh47u,Cuales serian esas inversiones de bajo riesgo?,AlienDuc3,merval,2,2024-11-01 19:13:51,t1_lux9jb7,t3_1ghf390,comment
lux5cts,A mi me da risa el que se cree piola por dudar.  Ese tipo de cosas se superan cuando madurás un poco.,screenclear,merval,8,2024-11-01 18:07:08,t1_lux2kfb,t3_1ghf390,comment
lux629q,"cualquier post puede ser un cuento por mas que digan que heredaron 10k en pesos. la gracia es leer las respuestas a las consultas que se hacen, no creerle al op",Tilterovich,merval,1,2024-11-01 18:11:02,t1_lux2kfb,t3_1ghf390,comment
lwx16b2,Para los bobos q dicen vivir miserablemente es x q andan en Ferrari yo tengo justo esa inversión 300mil y vivo bien con alrededor de mil dólares x mes y el resto queda para que el capital no se desvalorice. Tengo un Virtus que me compré de cero km me rasco la bolas eso si me ocupo de mis alquileres mis inversiones y de comprar siempre todo en el momento justo de la mejor manera o sea el año pasado como la vi venir cambie todo los electro incluye tele de 65 de 55 de 49 y 40 heladera gigante lavarropas termotanque cocina inducción microondas full 4 en 1 etc etc etc en 18 cuotas celular un whatch 6 etc todo en 18 cuotas con los mio dólares me sobró y me pegó viajecitos al interior cordoba san Luis entre Ríos misiones menos al sur q me cago de frío y muy norte tampoco me cago de calor me voy a Brasil casa tanto y soy feliz. Me anoté en monotributo tengo 4 tarjetas q no me cobra nada el Galicia x 12millones en total suficiente para vivir tengo mí mujer q no trabaja 4 perros no pudimos tener hijos x eso deje de trabajar si no me voy a consumir todo antes de q me muera ,Willing_Law8482,merval,1,2024-11-13 11:00:10,t1_lv002q2,t3_1ghf390,comment
lv1hudp,"No entiendo porque te meten negativos, la gente quiere todo gratis hoy en día",[deleted],merval,0,2024-11-02 13:50:22,t1_luxysoa,t3_1ghf390,comment
lv3cep4,"Y además el USD se devalúa todos los años por la inflación en USA. En un par de años no es mucha, pero en 20 años, probablemente sea por lo menos un 50%. O sea que esos supuestos $18K van a ser más com $12K de hoy en día.",FulanoMeng4no,merval,3,2024-11-02 19:54:38,t1_lv1m8h9,t3_1ghf390,comment
lvrrwzy,Son estafadores ,Weekly_End_4697,merval,1,2024-11-06 16:55:04,t1_lv7ognv,t3_1ghf390,comment
lv7p8eu,Es verdad mejor que me lo transfiera a mi. Y si trae dos amigos más le duplicó la ganancia,100dequeso,merval,8,2024-11-03 15:00:09,t1_lv3ptlp,t3_1ghf390,comment
luxdddk,"Obvio , con 18k al año sos indigente en usa",boyozenjoyer,merval,87,2024-11-01 18:51:55,t1_lux9uh7,t3_1ghf390,comment
luxjepx,"Tienen otros estandares igual, pero mas de uno en la comunidad se ha retirado en paises mas caros que el nuestro con 600 o por ahi. Con casa seguramente pero bueno",simonbleu,merval,24,2024-11-01 19:27:22,t1_lux9uh7,t3_1ghf390,comment
luxeop9,Contexto hermano. Se siguen los tips. Los montos de aplican a tu país.,[deleted],merval,24,2024-11-01 18:59:30,t1_lux9uh7,t3_1ghf390,comment
lv3lw3o,"No conocía r/FIRE ni r/LEANFIRE   
Acabo de desbloquear otro nivel de ansiedad",franzzesco,merval,4,2024-11-02 20:50:27,t1_lux9uh7,t3_1ghf390,comment
lv1poqn,"No hacés nada con eso, menos si tenés una familia. Con 300 lo que más te puede dar es emprender/comerciar. Pero hay que laburar y duro. 300k no alcanza ni por asomo para dejar de trabajar.",TakeNoPrisoners_,merval,2,2024-11-02 14:31:03,t1_lux9uh7,t3_1ghf390,comment
luysjj2,Por eso esta tambien r/leanfire,GordoMondiola,merval,1,2024-11-02 00:19:01,t1_lux9uh7,t3_1ghf390,comment
luy3ay7,"Planilla de Google Sheet. Podes buscarla en el sub de FIRE (uno de los top post) y a eso le agregas un factor de seguridad ""Argentina"" y consideras los impuestos de acá, en base a los activos que compres.",[deleted],merval,6,2024-11-01 21:27:40,t1_luy2ryz,t3_1ghf390,comment
luxytco,"Explícame por qué.

Yo adapte los cálculos de FIRE a Argentina sin problema. Explícame por que ""tiene poco sentido"".",[deleted],merval,12,2024-11-01 21:00:03,t1_luxyjnn,t3_1ghf390,comment
lv1toxc,"Estoy de acuerdo con vos, no es suficiente 300K para dejar la pala, igual el OP preguntó otra cosa acerca de sacar el 6% anual.  Y depende de tu edad, no es lo mismo 300k a los 60 que 300k a los 25.  Por el simple hecho de que a los 60 te vas a morir antes y por ende tu dinero te va a durar el “resto de tu vida”.",Amon0295,merval,7,2024-11-02 14:51:43,t1_lv1t9s6,t3_1ghf390,comment
luyvywj,Más de 5% es una estafa piramidal. Y renta variable para el ciudadano de a pie es irse directo a la lona,bboyjakelong,merval,1,2024-11-02 00:45:38,t1_luxqh79,t3_1ghf390,comment
lux2leg,si yo tuviera 300mil verdes tampoco díria que los tengo,ChazD_,merval,23,2024-11-01 17:52:10,t1_lux1ddo,t3_1ghf390,comment
lux2dyo,"Cree que no existe tal amigo, que estás hablando de vos mismo",Santago98,merval,21,2024-11-01 17:51:04,t1_lux1ddo,t3_1ghf390,comment
lux2ezk,creo que quiere decir que tu amigo sos vos en realidad,Embarrassed_Age_1694,merval,10,2024-11-01 17:51:13,t1_lux1ddo,t3_1ghf390,comment
lx79aa0,"Mirate los videos de Byma Educa. Busca a Andy Stop Loss en YouTube. Los de Clave Bursátil también son buenos. Rava Bursátil hace un programa todos las mañanas. Hay que estudiar, que tipos de bonos hay, en pesos, en dólares, como te pagan, la TIR, la paridad. Lo mismo con las ONs. Para las acciones tenés que estudiar la empresa un poco antes de comprar y estudiar sobre el sector (consumo masivo, defensivas, tecnología, etc)  y después ver un poco de análisis técnico para ver si te conviene entrar. Toma todo con pinzas lo que encuentres por YouTube porque hay mucho chanta dando vueltas. Trata de agarrar todo el contenido gratis que puedas porque hay mucho, no es necesario pagar. Si alguien te dice que le pagues y te va a hacer ganar un X porcentaje, salí rajando porque es un scam, nadie te puede asegurar un porcentaje de ganancias. 
No sigas las recomendaciones de uno que se llama ""Joven Inversor"" porque es un boludo y recomienda cualquier cosa. 
Y ahora cuando baje Bitcoin a los niveles anteriores de 60-70 compra, porque después va a volver a subir. 
Cualquier cosa escribime si necesitas más recomendaciones.",msvs4571,merval,1,2024-11-15 00:09:24,t1_lw39m3v,t3_1ghf390,comment
luy6p2m,Pero el se va menos al carajo pq ya tiene guita xd,bplt640,merval,2,2024-11-01 21:48:57,t1_luxra9t,t3_1ghf390,comment
luzgnnk,"La comisión depende del broker, pero ponele un 0,5%, derecho de mercado que creo que es 0,1%, IVA sobre todo eso. Eso lo tenés que pagar cuando compras y cuando vendes. Y lo de dividendos, en los casos que te pagan, te sacan el 30% .
Así que para cada compra y venta tenés que calcular un mínimo de 1,3% que perdes",msvs4571,merval,5,2024-11-02 04:10:56,t1_luz96or,t3_1ghf390,comment
lv6op42,No podría darte más info jajajaja bye,[deleted],merval,2,2024-11-03 11:53:43,t1_lv6om1p,t3_1ghf390,comment
luz8zbo,"Podes sacar 1 palo por mes tranquilamente, capaz un poco mas",Otherwise-Writer1855,merval,2,2024-11-02 02:43:42,t1_luyxh9b,t3_1ghf390,comment
lv0ciej,"Bueeeno, tampoco que sea tan lacra, que se busque un laburo de medio tiempo al menos. Que no sea miserable jajajaja",FedericoMercuy,merval,2,2024-11-02 09:47:01,t1_luyxh9b,t3_1ghf390,comment
luzeyp5,"La inflación y la política monetaria de Estados Unidos te afecta acá también. Desde precios de productos importados a rendimientos de activos. 
Yo calculo teniendo en cuenta la inflación de Estados Unidos.",msvs4571,merval,4,2024-11-02 03:50:59,t1_lux633q,t3_1ghf390,comment
luxccw8,"Para mi es solo rendimiendo en moneda local a la inversión y despues aplicar tc y descontar inflacion del inversor.

Imaginate al revés, un yankee loco con un palo invertido acá, si acá hay inflación o no.. no le importa (entre comillas), tiene un rendimiento X en pesos que pasa a usd por su tipo de cambio de salida. Y a su rendimiento lo afecta la inflación personal de los bienes y servicios que consuma.",Desmo4,merval,2,2024-11-01 18:46:07,t1_lux633q,t3_1ghf390,comment
lv2e3io,"Bueno, es la diferencia entre hacer una buena planificacion patrimonial y una mala.

Pensa que es tan malo planificar de manera tan basica que no consideras que los imponderables pasan y que tal vez tengas necesidad de tener un ahorro para cubrirlo. Y esa no es la unica cuestion a considerar, pero solo te planteo eso para que veas porque no hay que quemar el capital.

Yo no le recomendaria a nadie que agarre 300k verdes y los estire 15 años porque es la receta para el desastre. Y si no es la receta para el desastre, de minima es la receta para vivir una vida mas ajustada de lo que podrias.",crfenix,merval,2,2024-11-02 16:40:12,t1_lv1pgkj,t3_1ghf390,comment
luxqqj8,"Apalancado 50x para más placer.
Seguro como pleno en la ruleta",DogWest1061,merval,9,2024-11-01 20:11:27,t1_lux6akd,t3_1ghf390,comment
lux83zm,"Si entiendes donde estas? Si vas a una carniceria a pregonar vegetarianismo lo normal es que te ignoren.

Bitcoin y crypto en general es una clase de activo extremadamente especulativa que no es apropiada para la gran mayoría de las personas en proporciones de más del 5% de sus inversiones.",Ilalu,merval,10,2024-11-01 18:22:18,t1_lux6akd,t3_1ghf390,comment
luxs9ak,"Pero 300k y no tocarlos más son 300 nominales, no reales. Pierden valor todos los años si te fumas las posibles ganancias",galileo634,merval,4,2024-11-01 20:20:34,t1_luxqzq7,t3_1ghf390,comment
luyh2u2,"Nadie quiere laburar. Hay laburos mejores, podes tener un trabajo que te es desafiante, en un ambiente laboral lineo y cobrar bien, pero al final del dia, si pinto asado y ferne con los pibes un miercoles, tenes que andar con cuidado porque no podes estar resaca el jueves.

Joder, hasta las estrellas de rock tienen que transar con las discograficas.

Trabajar es un mierdon, por eso te pagan por hacerlo. El punto esta en vender el tiempo lo mas caro posible, pero no hay que engañarse, el trabajo en si no es lindo.",rolland_87,merval,12,2024-11-01 22:57:48,t1_luxtlj1,t3_1ghf390,comment
luxewnx,Por qué miserable? La cantidad de viejos con guita que viven de alquileres que conozco es enorme y se los ve contentos de la vida tomando café en la plaza con los amigos,boyozenjoyer,merval,22,2024-11-01 19:00:47,t1_luxbo3w,t3_1ghf390,comment
luya8l4,Bajó el CCL,Rccv94,merval,2,2024-11-01 22:12:15,t1_luy6x9c,t3_1ghf390,comment
lv1auu0,"Supongo que invirtió indirectamente comprando el CEDEAR de S&P, ese no depende del valor de S&P solamente sino del dólar CCL que viene bajando.",papadatactica,merval,1,2024-11-02 13:12:49,t1_luy6x9c,t3_1ghf390,comment
luxdhmq,"Pero tiene ingreso fijo, no como en sp500.

Obviamente si comparas retornos a largo plazo, el sp500 le gana. Pero para vivir el dia a dia, necesita cierta estabilidad mes a mes. Sin contar que las casas van a aumentar de valor en estos 3 años. Estan en el piso.",eimattz,merval,2,2024-11-01 18:52:35,t1_lux8emy,t3_1ghf390,comment
luxu9cn,"Busco todos los dias, existen varios.",eimattz,merval,3,2024-11-01 20:32:35,t1_luxqlkq,t3_1ghf390,comment
lvg9ed5,"Las ONs argentinas están exentas campeón! (La mayoría) 

https://www.afip.gob.ar/gananciasybienes/bienes-personales/conceptos-basicos/bienes-exentos.asp",Magodeoz-87,merval,1,2024-11-04 22:39:25,t1_luxqci6,t3_1ghf390,comment
lv02254,"Una enfermedad que tu obra social no cubra al 100%, se te prendió fuego la casa, desperfecto eléctrico te hizo pija lavarropas, heladera, aire y compu y tenés que quemar 8 millones de ARS de un saque para volver a la normalidad...",MissJune85,merval,1,2024-11-02 08:17:44,t1_luzamr7,t3_1ghf390,comment
luxg3n7,"Chabon, es mucho más de lo que tiene el 99% de la población (me incluyo) déjate de joder",Nid45h,merval,8,2024-11-01 19:07:48,t1_luxefz2,t3_1ghf390,comment
luxi74b,No te creo,SarasaGusman,merval,-1,2024-11-01 19:20:10,t1_luxefz2,t3_1ghf390,comment
lv106kw,"Claro tambien. Ahi esta el punto. Los dueños pudieron cobrar mas o cobrar menos segun la situacion pais. el punto es que siempre tuvieron ingresos y hoy en dia tiene la propiedad. Si queres tener algo que te da plata y rascarte las bolas a dos manos no creo que algun instrumento financiero digamos sea el camino. Todos requieren atencion y conocimiento de lo que haces. Las propiedades me parecen que son mas safe para alguien que hace este tipo de preguntas. Porque decirle que meta plata en donde sea y baja de valor considerablemente en lo que sea que invirtio y 99% seguro que termina en panic sell y perdiendo guita y se queda sin el chivo y sin el mecate. Hoy en dia las propiedades estan bastante bajas de precio, Argentina es uno de los paises ""mejorsitos"" de la region. Siempre tienen migrantes, turistas buscando alquiler. Al menos que se comvierta en Venezuela en el siguiente gobierno K. Las propiedades me parece que son mas friedly para alguien que tiene 300k y no tiene idea de inversiones. Despues que vaya aprendiendo y se puede meter a invertir progresivamente. Pero decirle hola mete 300k en un bono , acciones o lo que sea es ir de 0 a 100 y son los que terminan perdiendo toda la guita. Siempre que inicias a invertir pierdes plata. Asi que iniciar con 300k esta peligroso. Lo mas importante de invertir es no retroceder en la plata que tenes.",North-Engineering-22,merval,1,2024-11-02 12:13:37,t1_luy1y2c,t3_1ghf390,comment
lv126a9,Si tu lo dices ok señor millonario. Yo vivo en una propiedad que venden en 180k y alquilo en 700 dolares. Hoy pago eso. A la vuelta la inmobiliaria tiene otra que el dueño vende en 260k y esta alquilada hasta 2026 en 1450 usd. Y Belgrano y Palermo esta plagado de deptos iguales seguro hay mas lugares pero son los unicos barrios donde estoy investigando. Obvio las propiedades no estan explotadas de horribles esas nadie las alquilaa esos precios. Son  propiedades que entras y provoca vivir alli.,North-Engineering-22,merval,1,2024-11-02 12:24:42,t1_luzcuek,t3_1ghf390,comment
lv135w2,"Pues no se puede hacer plata risk free. La cosa con las acciones es que todo el mundo de entrada pierde plata, es un proceso de aprendizaje. Entrar con las unicas 300k que tenes y con pocas o 0 chances de hacerlas de nuevo por ti mismo yyyy puede que este equivocado pero va a terminar inventando y perdiendo plata o algun momento complicado termina en un panic sell. Yo y todos los que conozco personalmente pasamos por eso al inicio todos peedimos plata inventando y todos perdimos plata haciendo panic sell.",North-Engineering-22,merval,1,2024-11-02 12:30:14,t1_luzhp6w,t3_1ghf390,comment
luxf20n,IBKR. Algunos FCI tmb tienen.,[deleted],merval,2,2024-11-01 19:01:40,t1_lux76t4,t3_1ghf390,comment
luy72pp,"Yo habia entrado en un Money market de templeton, hoy esta dando 4,96 (100% compuesto pro treasuries a distinto plazo) calculo que el t+1 debe estar dando arriba de 5",niconline,merval,1,2024-11-01 21:51:25,t1_lux76t4,t3_1ghf390,comment
lyboliy,"Vengo del futuro, le hubiera salido bien, BTC a 97k hoy je",mozartxs,merval,2,2024-11-21 19:53:55,t1_luy5uru,t3_1ghf390,comment
lv31olk,"no, en el interior de Santa Fe, no por 50, pero por 60 65 conseguis lindas casas. Nada lujoso pero nuevas. Obvio que no las vas a alquilar por 300 lucas ",CapitanDelete,merval,2,2024-11-02 18:51:31,t1_luzjacj,t3_1ghf390,comment
luxd9nd,Creo que trabaja para comprar manteca y tirarla al techo.,Mazoku-chan,merval,14,2024-11-01 18:51:19,t1_luxcz0y,t3_1ghf390,comment
luxlqm2,"Qué decirte, ~15% anual necesitás para duplicar en un año. Se me hace más probable conocer a Papá Noel que encontrar algo de bajo riesgo con ese rendimiento.",xour,merval,5,2024-11-01 19:41:24,t1_luxgh4o,t3_1ghf390,comment
lux669o,"""con 18 mil dólares podría vivir bien""? Jajajaj en serio te crees esa pelotudez.",FuckIMiseed,merval,-9,2024-11-01 18:11:40,t1_lux5cts,t3_1ghf390,comment
lux5zne,"Pero no seas pelotudo. Mira que un Chavón con 300mil dólares verdes , va a mandar al amigo a preguntar en merval en que invertir. No seas tan ingenuo boludo , salí a la luz. Con 300 mil dólares te paras para toda la vida , no seas tan ingenuo de creerte todo lo que lees en internet, bobo.",FuckIMiseed,merval,-8,2024-11-01 18:10:38,t1_lux5cts,t3_1ghf390,comment
lux6h9j,Jajaja si le van a solucionar la vida y le van a dar los mejores consejos a una persona millonaria. Dale capo sos un groso espero tu respuesta,FuckIMiseed,merval,-5,2024-11-01 18:13:20,t1_lux629q,t3_1ghf390,comment
lv20dq5,"No me preocupa, agradezco tu comentario",armonicoenfuga,merval,0,2024-11-02 15:27:29,t1_lv1hudp,t3_1ghf390,comment
lv20pad,Gratis y de un anónimo sin currículum y que no se hace responsable jajajajaja que gran idea.,armonicoenfuga,merval,0,2024-11-02 15:29:09,t1_lv1hudp,t3_1ghf390,comment
ly8esy4,"tál cúal el syp 500 tiene una ganancia promedio aprox del 6.5 Anual históricamente , restale el 3% de la inflación en dólares y te da una ganancia  del 3.5 aproximadamente .Pero la magia del interés compuesto es seguir reinvirtiendo la ganancia y con los años duplicar o triplicar el capital .SI empieza a quitarles las ganancias de entrada se lo va a comer la inflación .",Character-Neat-9124,merval,1,2024-11-21 07:52:23,t1_lv3cep4,t3_1ghf390,comment
lv803pt,"Amigo, todavia hay lugares? Por favor! Ya perdi en una piramidal y ahora quiero hacer ganancia posta con tu esquema que suena firme!",friendly-crackhead,merval,7,2024-11-03 15:53:22,t1_lv7p8eu,t3_1ghf390,comment
lvrrzq5,Son estafadores ,Weekly_End_4697,merval,1,2024-11-06 16:55:25,t1_lv7p8eu,t3_1ghf390,comment
luxmnv8,"Lo mismo aplica a la regla del 4%, que surge de datos de USA y funciona para los impuestos de ahí.",jungle,merval,8,2024-11-01 19:47:02,t1_luxeop9,t3_1ghf390,comment
luxfgf6,"Con más razón, donde te retiras en argentina con 300k?",lockduck1,merval,-1,2024-11-01 19:04:00,t1_luxeop9,t3_1ghf390,comment
lv3lxn8,"Here's a sneak peek of /r/Fire using the [top posts](https://np.reddit.com/r/Fire/top/?sort=top&t=year) of the year!

\#1: [Boss “retired” yesterday at 64, had to be forced to leave the office at 7:30pm. ](https://np.reddit.com/r/Fire/comments/1fwr0ae/boss_retired_yesterday_at_64_had_to_be_forced_to/)  
\#2: [Bye guys, I have to unsubscribe from all fire subs cause my mental health is going down the drain from reading ""finally at 1m nw at 27!"" or ""4.3m cash, 29, can I retire?"" or ""28 dinks with 350k hhi!"", ""24yo with 500k portfolio!""](https://np.reddit.com/r/Fire/comments/1bf4913/bye_guys_i_have_to_unsubscribe_from_all_fire_subs/)  
\#3: [Fuck cancer](https://np.reddit.com/r/Fire/comments/1fo06df/fuck_cancer/)

----
^^I'm ^^a ^^bot, ^^beep ^^boop ^^| ^^Downvote ^^to ^^remove ^^| ^^[Contact](https://www.reddit.com/message/compose/?to=sneakpeekbot) ^^| ^^[Info](https://np.reddit.com/r/sneakpeekbot/) ^^| ^^[Opt-out](https://np.reddit.com/r/sneakpeekbot/comments/o8wk1r/blacklist_ix/) ^^| ^^[GitHub](https://github.com/ghnr/sneakpeekbot)",sneakpeekbot,merval,2,2024-11-02 20:50:42,t1_lv3lw3o,t3_1ghf390,comment
luxz65i,Porque en argentina podés ganar x cant de dólares al año diez años y estar diez puntos o podés tener un año como este con no se 40% de inflación en dólares. Es más complejo.,armonicoenfuga,merval,3,2024-11-01 21:02:13,t1_luxytco,t3_1ghf390,comment
luy40uq,Porque depende de eso que te dije. Costo de vida local. Acá no tenés 4% de infla en dólares. Depende cada año.,armonicoenfuga,merval,1,2024-11-01 21:32:08,t1_luxytco,t3_1ghf390,comment
lv1ty1z,"Claro, pero habló de retirarse y asumo que si está acá en reddit muy viejo no es jajajaja.",TakeNoPrisoners_,merval,3,2024-11-02 14:53:02,t1_lv1toxc,t3_1ghf390,comment
lv1ahes,"La tasa de interes libre de riesgo esta alrededor de 5%. Asi que debe rendir mas de 5%, sino para que arriesgar en el mercado?",diyexageh,merval,1,2024-11-02 13:10:44,t1_luyvywj,t3_1ghf390,comment
lux3tpb,Lo pelotudo que puedo llegar a ser me sorprende,Frandaero,merval,13,2024-11-01 17:58:46,t1_lux2dyo,t3_1ghf390,comment
lux38e6,Tal vez el amigo son los amigos que hicimos en el camino,NakedShamrock,merval,30,2024-11-01 17:55:36,t1_lux2ezk,t3_1ghf390,comment
luzhukt,"uff 1.3% de retorno o sea que si ""ganaste un 6% anual en dolares"" en realidad ganaste un 4.7% terrible, o capaz entendi para la mierda",Otherwise-Writer1855,merval,3,2024-11-02 04:25:21,t1_luzgnnk,t3_1ghf390,comment
lv6oady,"y sumale la inflacion del dolar. 300k en el 2020 son el equivalente a us$364.492 por la inflacion.

Es decir, tambien tenes que descontar el porcentaje de inflacion anual",[deleted],merval,3,2024-11-03 11:51:27,t1_luzgnnk,t3_1ghf390,comment
luzelsr,"Vivís, en 1 alquilas los otros dos. No sé si llegas al millon. Si pensas seguir viviendo solo toda la vida capaz que te alcanza raspando, si no te pasa nada malo, porque con los años los gastos aumentan. Para bancar a una familia no te alcanza.",msvs4571,merval,3,2024-11-02 03:46:46,t1_luz8zbo,t3_1ghf390,comment
luzepw4,"No es muy buena la inversión inmobiliaria para la renta en Argentina, podes sacar mucho más con otros activos. Y si tomas en cuenta los últimos 20-30 años, las propiedades no se valorizaron como pasa en otras partes del mundo.",msvs4571,merval,2,2024-11-02 03:48:06,t1_luz8zbo,t3_1ghf390,comment
lx7aojb,"Si, además jaja. Pero el punto es que comprar departamentos para alquilar no es buena inversión hoy. Hay cosas que dan mucho más.",msvs4571,merval,1,2024-11-15 00:17:37,t1_lv0ciej,t3_1ghf390,comment
luxh3cs,clarisimo! gracias,Short-Pizza-9192,merval,1,2024-11-01 19:13:42,t1_luxccw8,t3_1ghf390,comment
luxl11a,Yo me hice rico gracias a bitcoin.,fralifax,merval,1,2024-11-01 19:37:07,t1_lux83zm,t3_1ghf390,comment
lvctml1,"Bueno depende qué cripto, si hablamos de criptos que siguen valores de dólar cómo USDT o USDC, es atractivo hacer staking en esas monedas, sabés que salvo una catástrofe económica a gran escala no van a perder valor y en general rinden un poco por arriba de los treasuries. Bitcoin personalmente es atractivo a futuro, la cripto madre por excelencia con emisión limitada tiene que tender a valer mucho más que hoy. Pero bueno todo puede pasar. En cualquier inversión te puede ir mal.",KaleidoS37,merval,1,2024-11-04 11:59:16,t1_lux83zm,t3_1ghf390,comment
luxqmvu,No le des bola a esa manga de energumenos.,possiblecefonicid,merval,1,2024-11-01 20:10:51,t1_lux83zm,t3_1ghf390,comment
luxhddv,"Pero esos laburaron, generaron su fortuna y hoy disfrutan la vida.


Acá tenés a uno preguntando cómo vivír de lo que le dejaron de herencia.",RequirementSavings23,merval,-3,2024-11-01 19:15:21,t1_luxewnx,t3_1ghf390,comment
luxgew3,Estoy hablando de miseria de alma. Por supuesto que la gente con guita suelen verse muy satisfechos de sí mismos.,sol_apagado_28,merval,-7,2024-11-01 19:09:38,t1_luxewnx,t3_1ghf390,comment
luxepp5,"Si, entiendo el punto. No es comparable un alquiler al SP500, y llegado el caso, un alquiler seria mas parecido a ""quiero X% mensual/anual"" para vivir de rentas.

Lo que digo es que para mi los numeros del alquiler no son esos. Y tampoco es libre de gastos ni riesgos por lo que decia mas arriba.

PS: Tampoco desestimo el ""ladrillo"" como inversion. Para mucha gente le resulta mas confiable y seguro que invertir en el mercado de capitales. Solo digo que no la veo tan buena opcion como inversion considerando otras alternativas, pero depende tambien de lo que le resulta comodo a cada uno y sus preferencias. Me parece mas razonable incluso decir ""me compro un monoambiente"" y lo alquilo, con lo que tengo alguna renta, y se va a ir capitalizando etc, que decir ""escuche que comprando una cosa que le dicen SP500 voy a ganar X% por año, me tiro de cabeza aca"".",AddressFair4059,merval,1,2024-11-01 18:59:39,t1_luxdhmq,t3_1ghf390,comment
luzhjvz,En CABA un  monoambiente decente que puedas alquilar por esa plata está 80.000,msvs4571,merval,2,2024-11-02 04:21:47,t1_luxu9cn,t3_1ghf390,comment
lvhyofo,"Pensé que estaba sobreentendido que hablábamos de ONs emitidas en dólares, pero si es en pesos, como decís, no pagan BBPP.",AddressFair4059,merval,1,2024-11-05 06:52:06,t1_lvg9ed5,t3_1ghf390,comment
lv12bnd,"theory salt society payment special straight fade unpack serious wide

 *This post was mass deleted and anonymized with [Redact](https://redact.dev/home)*",rogue-fox-m,merval,1,2024-11-02 12:25:31,t1_lv106kw,t3_1ghf390,comment
lx7ai9c,"Vengo invirtiendo desde el año pasado y va todo para arriba, salvo un par que igual creo que van a subir más adelante. Nunca entro en modo panic sell porque estudio las empresas en las que invierto antes de meterme. Un departamento hoy no te da un buen porcentaje anual para semejante inversión.",msvs4571,merval,1,2024-11-15 00:16:35,t1_lv135w2,t3_1ghf390,comment
lv1hnat,"This, por ejemplo pueden poner en VDST",[deleted],merval,1,2024-11-02 13:49:19,t1_luxf20n,t3_1ghf390,comment
luzhvxy,En qué plataforma invertiste en eso?,msvs4571,merval,2,2024-11-02 04:25:48,t1_luy72pp,t3_1ghf390,comment
lwah0jv,"sí, mi pregunta es cómo hacés eso desde arg. O lo hiciste con dolar cable?",fourier54,merval,1,2024-11-09 16:00:35,t1_luy72pp,t3_1ghf390,comment
lyc2pbw,"Vengo del pasado, le hubiera salido bien comprar BTC a 1$",danielrx2,merval,1,2024-11-21 21:16:57,t1_lyboliy,t3_1ghf390,comment
lv40krc,"En Santa Fe mismo, la Capital o Rosario incluso, una casa con tres ambientes por 60k verdes es lo normal. Y en buen estado y relativamente nuevas además.

La vivienda no es cara en Argentina.

El tema es que los sueldos han caído estrepitosamente en los últimos 15 años.",Bloody_Mandrake,merval,2,2024-11-02 22:20:31,t1_lv31olk,t3_1ghf390,comment
luxo0lt,[deleted],[deleted],merval,-6,2024-11-01 19:55:11,t1_luxlqm2,t3_1ghf390,comment
lux6uap,"Segui intentando, ya vas a entender lo que dije. 😂",screenclear,merval,5,2024-11-01 18:15:19,t1_lux669o,t3_1ghf390,comment
lux6grx,"Aprendé a leer, es la mejor inversión.  Nunca emití opinion, y no entendiste el punto.",screenclear,merval,8,2024-11-01 18:13:15,t1_lux5zne,t3_1ghf390,comment
luxf4ml,Por favor explícame cómo te paras para toda la vida con 300 lucas verdes,boyozenjoyer,merval,-1,2024-11-01 19:02:05,t1_lux5zne,t3_1ghf390,comment
lux8rog,el tipo heredó una fortuna pero eso no significa que tenga educación económica para mantenerla o hacerla rendir. cualquier tipo de inversión real implica riesgo. si va a seguir los consejos de gente que le comenta un post de Reddit a ciegas sin informarse por su cuenta es un jugado.,Tilterovich,merval,4,2024-11-01 18:25:59,t1_lux6h9j,t3_1ghf390,comment
lv2gynk,"De ignorante pregunto, un asesor financiero se hace responsable de que?",Kooky_Quiet3247,merval,0,2024-11-02 16:55:47,t1_lv20pad,t3_1ghf390,comment
lvrs0yg,Son estafadores ,Weekly_End_4697,merval,1,2024-11-06 16:55:34,t1_lv803pt,t3_1ghf390,comment
luxgmfi,En el interior me sobraría plata todos los meses. De hecho yo tengo ese monto y lo que podría retirar significa el doble de mi annual expense.,[deleted],merval,22,2024-11-01 19:10:54,t1_luxfgf6,t3_1ghf390,comment
luy5w25,con el 5% de 300k dolares ganás bien por encima del promedio de salario del país y sin el costo de tener que ir a trabajar,[deleted],merval,15,2024-11-01 21:43:48,t1_luxfgf6,t3_1ghf390,comment
luy02li,"Entonces el problema no es de cálculo si no de ""Argentina"". Listo en el sheet agarra y pone el factor de seguridad ""Argentina"" a tu cálculo FIRE. 

En el caso mío es Annual Expenses x 3. Para lograr FIRE necesitaría 3 veces mis annual expenses por las dudas de que el pais se vaya a la mierda. 

Los tips de FIRE (sobre todo los de Bogleheads) no cambian, se aplican a cualquier país.",[deleted],merval,10,2024-11-01 21:07:42,t1_luxz65i,t3_1ghf390,comment
lvimgl2,Saludos. Cumplo 60 en unos meses.,Plenty-Phase3098,merval,1,2024-11-05 10:16:53,t1_lv1ty1z,t3_1ghf390,comment
lux5kym,Tal vez los amigos son los dólares que ganamos en el camino,caption-this-,merval,7,2024-11-01 18:08:23,t1_lux38e6,t3_1ghf390,comment
luzjo7f,"Mh..en realidad depende. Ponele que invertís 100.000 pesos, tenés que pagar unos 600. Después ponele que tu activo te da un 6%, ahora tenés 106.000, lo vendes y tendrías que pagar 636 porque es un porcentaje sobre tu activo al nuevo valor. En realidad te termina comiendo un 20,6% de tu ganancia, o un 1,17% del total (capital + ganancia)
Hay que afilar muy bien los números para perder lo menos posible.",msvs4571,merval,5,2024-11-02 04:47:33,t1_luzhukt,t3_1ghf390,comment
luxnbku,Millonario en pesos?,jungle,merval,12,2024-11-01 19:51:02,t1_luxl11a,t3_1ghf390,comment
luxn2nn,"Y yo una vez quintuplique mi dinero en el casino, eso no significa que apostar todo en la ruleta múltiples veces fuera una buena idea.",Ilalu,merval,17,2024-11-01 19:49:33,t1_luxl11a,t3_1ghf390,comment
luxrlcb,Survivorship bias.,[deleted],merval,3,2024-11-01 20:16:33,t1_luxl11a,t3_1ghf390,comment
lvd2jbx,UST también era una stable coin atractiva para hacer staking...,Ilalu,merval,1,2024-11-04 12:45:58,t1_lvctml1,t3_1ghf390,comment
luxiqns,"No sé yo no juzgo , si tenés un laburo de mierda capaz odia laburar y le cayó una herencia. Cada uno hace la suya",boyozenjoyer,merval,14,2024-11-01 19:23:23,t1_luxhddv,t3_1ghf390,comment
luyb10j,"Y qué, según vos laburar dignifica? Lamento decirte que te comiste el versito impuesto por la gente que siempre vivió de arriba, mi amigo. Laburar como negro enriquece a unos pocos, y te caen unas gotitas a vos también, a lo sumo.",FudgeYourOpinionMan,merval,5,2024-11-01 22:17:27,t1_luxhddv,t3_1ghf390,comment
luz395y,Quien te mintio? Todo heredado,Unique-Anywhere6717,merval,1,2024-11-02 01:47:27,t1_luxhddv,t3_1ghf390,comment
luximu5,"Pero entonces tener plata te hace miserable? No sé yo veo la plata como algo que te da tranquilidad y estabilidad , no es un fin en sí mismo",boyozenjoyer,merval,7,2024-11-01 19:22:47,t1_luxgew3,t3_1ghf390,comment
luxl7f0,Sonas como tremendo resentido,fralifax,merval,2,2024-11-01 19:38:12,t1_luxgew3,t3_1ghf390,comment
luxgoij,"El otro dia en un board de usa vi gente que explicaba por que el real estate es muchisimo mejor en cuanto a retornos que la bolsa. Pero era gente que le dedicaba mucho tiempo a encontrar casas o lugares relativamente baratos, para despues terminar vendiendolas por muchisimo mas, y se apalancaban con prestamos, hipotecas, etc.

Esto es cierto, pero tenes que saber para no terminar fundiendote.

A lo que voy, uno tiene que agarrar la estrategia que mas le convenga. El ladrillo siempre fue una muy buena inversión en cuanto a la seguridad que te da. Mas no es la unica. Ni la mejor.

Con esa guita se puede armar tremendo negocio, pero.. tiene la cabeza? Las ganas? el conocimiento? lo dudo mucho, es dificil.

Creo que para esta persona, lo mejor es la bolsa, y al menos 2 departamentos que le generen guita para vivir.",eimattz,merval,3,2024-11-01 19:11:15,t1_luxepp5,t3_1ghf390,comment
lv15bb7,"Exactamente es mi punto. Concuerdo con mucho de lo que dices. Especialmente 

""Siento que tu excusa para no invertir en bolsa es simplemente no estar educado y si no estas educado perdes en todos los casos."" .

Mi opinion personal y es la que estoy compartiendo con el pibe se ve algo validada por el comentario que me decis.  Yo no le recomendaria a un pibe que le cayeron 300k verdes del cielo y que nunca invirtio 1 peso en su vida a invertirlas en acciones o similares. Mi opinion es que tenes menos chance de quedarte en cero con propiedades en ese caso particular. O por lo menos no meter las 300k alli. 

Con esto no digo que invertir sea malo solo digo que yo no le recomendaria hacerlo con toda esa guita paetiendo del punto q le pidio a un amigo que le averiguara en reddit que hacer con 300k",North-Engineering-22,merval,1,2024-11-02 12:42:17,t1_lv12bnd,t3_1ghf390,comment
lwfgaaw,Lo hice a traves de un banco de inversion de USA,niconline,merval,1,2024-11-10 13:13:44,t1_lwah0jv,t3_1ghf390,comment
lyc5q76,"No me hagas shora posho... Con 2 Radeon 6850 mine unos 4 BTC en total.... 


*Shora*",mozartxs,merval,2,2024-11-21 21:34:51,t1_lyc2pbw,t3_1ghf390,comment
lv7dxhn,Totalmente!. hoy en el pueblo donde vivo por 55USD (interior de Santa Fe) hay duplex (lindos) a estrenar. ,CapitanDelete,merval,1,2024-11-03 14:04:23,t1_lv40krc,t3_1ghf390,comment
luxq5in,"> Cuando digo bajo riesgo no me refiero renta fija
> 
> Con buen trading y coberturas

Me genera mucha curiosidad cómo podés aunar _bajo riesgo_ y _trading_",xour,merval,6,2024-11-01 20:07:58,t1_luxo0lt,t3_1ghf390,comment
luxlf3b,"Amigo, tiene puesto un dibujito del guasón, ni te gastes.",dorakus,merval,4,2024-11-01 19:39:29,t1_lux6uap,t3_1ghf390,comment
lux72tf,"Vos no dudas gordo , te digo que soy mujer y sos capaz de creertela.",FuckIMiseed,merval,-1,2024-11-01 18:16:38,t1_lux6uap,t3_1ghf390,comment
lux7lxq,"Ya que no dudas nada gordito , vení que te muestro una foto de mí concha..",FuckIMiseed,merval,-7,2024-11-01 18:19:34,t1_lux6uap,t3_1ghf390,comment
lux6xgv,"Aprende una cosa , a no creerte todo lo que ves en internet. Y menos estás preguntas pelotudas que hacen siendo prácticamente millonarios. Pero que podes esperar de un gordito redditero , te la corren con aprende a leer , aprende a comprender. Aprende algo gordito , a no creerte todo. Vos sos de esos que se les presenta una minita por foto y te comes el verso que es una mina cuando en realidad es un preso. Debes ser de esos capo. Sos el más capo boludo",FuckIMiseed,merval,-4,2024-11-01 18:15:48,t1_lux6grx,t3_1ghf390,comment
luy6il3,Sos bastante pelotudo si no vivís con 300 lucas verdes.,FuckIMiseed,merval,5,2024-11-01 21:47:47,t1_luxf4ml,t3_1ghf390,comment
lv2yeyf,"Y... Para empezar lo tenés asignado a través de tu broker, con cuit, número de matrícula y contacto. Si te mandas un cagadon, hay donde quejarse y reclamar.

Nunca tuve un problema, pero no es lo mismo.

Anda a reclamarle a un anónimo de reddit que te empomo con una pésima recomendación. Olvídate",armonicoenfuga,merval,1,2024-11-02 18:32:36,t1_lv2gynk,t3_1ghf390,comment
lw3kaka,"Cómo se atreve a decir semejante calumnia, sin ninguna prueba. Mi método no es un modelo piramidal, es un trapezoide.",100dequeso,merval,1,2024-11-08 13:11:45,t1_lvrs0yg,t3_1ghf390,comment
luxil3a,"Banco.. vivo en una ciudad chica de Chaco con 800k vivo pancho. El resto va para cedear, bonos y algo te timba con cripto",PutAppropriate9135,merval,17,2024-11-01 19:22:29,t1_luxgmfi,t3_1ghf390,comment
luy48k8,No entiendo tanto anglicismos. Yo estimo que debo alcanzar más que mis costo de vida o en su defecto más que mis ingresos actuales. Listo.,armonicoenfuga,merval,5,2024-11-01 21:33:28,t1_luy02li,t3_1ghf390,comment
luzm07i,"Gracias por la explicación, que locura ganar un 6% en dólares con sp500 por ej y que de ese 6% pierdas el 20,6% me parece muchísimo",Otherwise-Writer1855,merval,3,2024-11-02 05:15:34,t1_luzjo7f,t3_1ghf390,comment
luypyrh,"Lo gracioso es que mucha gente compara el bitcoin con el casino como si fuese azar, tranquilamente se pueden ganar buenos ingresos en crypto sin perder nada PERO hay que estudiar bastante, aprender a seguir los pasos de los que manipulan ese mercado y cometer unos pequeños errores, pero claaaaro mucho trabajo entonces se ponen a decir que es apostar cuando todo lo contrario 💀",Drand_Galax,merval,-3,2024-11-01 23:59:49,t1_luxn2nn,t3_1ghf390,comment
lvdjhd3,"Estas comparando peras con manzanas, UST se emitía sin respaldo, es como comparar dólar con peso argentino.",KaleidoS37,merval,1,2024-11-04 14:11:26,t1_lvd2jbx,t3_1ghf390,comment
luyeipa,El mundo está lleno de gente que prosperó a base de laburo. También está lleno de resentidos fracasados que critican ,RequirementSavings23,merval,0,2024-11-01 22:40:42,t1_luyb10j,t3_1ghf390,comment
luxrcfz,"Sí, Jesús de Nazareth te debe sonar igual, imagino.",sol_apagado_28,merval,-3,2024-11-01 20:15:05,t1_luxl7f0,t3_1ghf390,comment
luxhrza,"Lo que pasa es que una cosa es tener un alquiler en Estados Unidos, donde si el inquilino no paga, al mes lo fletaste y otra muy distinta es en Argentina.

Conozco muchos casos de gente que tuvo que hacer desalojos, que llevan literalmente años, donde no solo no ves un mango de esa renta, sino que tenes que poner plata encima porque un abogado no trabaja gratis logicamente y alguien que no paga en general te va a dejar el departamento bastante detonado, con lo cual vas a tener que poner mas plata para volver a dejarlo en condiciones. El riesgo es plata, tiempo y malasangre.

Quizas con un seguro de caucion funciona distinto, no lo se. Entiendo que en ese caso el desalojo igual llevaria un plazo similar pero en el interin el contrato lo cumple la aseguradora. Pero no conozco el detalle, solo la idea general.

PS: Esto no lo digo por ""polemizar"" sino porque soy reacio al negocio inmboliario como renta, al menos en Argentina.",AddressFair4059,merval,2,2024-11-01 19:17:43,t1_luxgoij,t3_1ghf390,comment
luzhdf6,"No en Argentina. Y te lo digo por experiencia. Fíjate que pasó con los precios de las viviendas en los últimos 20-30 años. No se apreciaron como en Estados Unidos. Al contrario, apenas recuperas la inversión. Y un alquiler en CABA como mucho te da un 5% de retorno anual, en negro. Tenés ONs y bonos que rinden mucho más. Y sino te vas a bonos del tesoro de Estados Unidos y ganas la misma plata con más seguridad y menos esfuerzo. 

Si el negocio es comprar ahora porque pensas que está barato y de acá a 3 años va a subir, es otra cosa. Pero ahí no estás pensando en inversión para alquilar. También te puede pasar que en 3 años cambie el gobierno y te vuelven a caer los precios y perdes plata.",msvs4571,merval,1,2024-11-02 04:19:37,t1_luxgoij,t3_1ghf390,comment
lycg5nx,I know that feel bro. 🫂,danielrx2,merval,1,2024-11-21 22:39:17,t1_lyc5q76,t3_1ghf390,comment
lux7rif,"Te lo explico devuelta en modo mas simple asi entendés: me da gracia el que se mide como piola por algo como esto.  Logros son otros, y quien los tiene no se mide por este tipo de pavadas.  Pero felicitaciones!",screenclear,merval,4,2024-11-01 18:20:24,t1_lux6xgv,t3_1ghf390,comment
lux9mkq,"Es 0,3 veces millonario...",Desmo4,merval,1,2024-11-01 18:30:46,t1_lux6xgv,t3_1ghf390,comment
luyaw1a,"Una cosa es quemarlo todo y que te dure 10 o 20 años otra cosa es que te dure toda la vida , y la gente vive de distintas formas",boyozenjoyer,merval,0,2024-11-01 22:16:34,t1_luy6il3,t3_1ghf390,comment
lv6qa5y,Viste algun abogado que se mande cagadas y pague por la culpa?,[deleted],merval,1,2024-11-03 12:02:24,t1_lv2yeyf,t3_1ghf390,comment
lvbv7db,"en que broker asesoras? hoy voy a ver de sacar mis verdes del blanqueo y comenzar a invertir, anduve estudiando algo estos ultimos meses pero todavia estoy muy verde xD",M4tut310,merval,1,2024-11-04 08:00:28,t1_lv2yeyf,t3_1ghf390,comment
lv6nebw,Te parece locura? Compara los impuestos de España y decime,[deleted],merval,1,2024-11-03 11:46:29,t1_luzm07i,t3_1ghf390,comment
luzf5c1,"Quitando que no estoy de acuerdo con tu punto de que la preparación puede hacerte ganar te diré que por el argumento asumamos que tienes razón, aún así la mayoría de la gente no hace eso, muy pocos son los que dediquen el tiempo y trabajo que tu mencionas, así que si, para la mayoría que no se prepara las crypto son como un casino dado que para fines prácticos lo que están haciendo es decir, ha subido mucho últimamente, deja que me meto yo.",Ilalu,merval,3,2024-11-02 03:53:06,t1_luypyrh,t3_1ghf390,comment
luytr8r,"Lógico, se puede prosperar laburando. Alguien te dijo lo contrario? Yo te digo que apuntar a NO laburar es algo perfectamente loable. Eso de que el trabajo significa, que el sacrificio, que sarasasasa es todo una boludez. Repetido hasta el hartazgo por gente que quiere racionalizar que está perdiendo un tercio o más de su vida en hacer algo que no le gusta.

Pero al chabon este lo quieren crucificar porque se le ocurrió vivir de inversiones...",FudgeYourOpinionMan,merval,6,2024-11-02 00:28:22,t1_luyeipa,t3_1ghf390,comment
luyzqrn,eeeee?,p_unch_i,merval,4,2024-11-02 01:16:21,t1_luxrcfz,t3_1ghf390,comment
lv7ar2c,"Debería y como dije, tener nombre, apellido y matrícula para dar un servicio es, por lejos, un universo de distancia contra un usuario anónimo de una red social.

Y si, al abogado le podés hacer juicio por mala praxis.",armonicoenfuga,merval,1,2024-11-03 13:48:30,t1_lv6qa5y,t3_1ghf390,comment
lvbxrvv,"Balanz, bull market brokers, invertir online y eco valores.
Si no tenés comitente te paso por privado link para abrirte cuenta directamente conmigo como asesor",armonicoenfuga,merval,1,2024-11-04 08:25:38,t1_lvbv7db,t3_1ghf390,comment
lv09e2z,"Si eso me faltó decir, es un casino solo si uno va sin conocimiento osea la mayoría, porque les atrae el dinero ""fácil"" o yo que se 😭",Drand_Galax,merval,1,2024-11-02 09:22:49,t1_luzf5c1,t3_1ghf390,comment
ly99q4o,"Varias cosas

. Estar en maximos no significa nada de por si. Es como las cartas documento. Es para leerlas, pero en si no implican nada. Que este todo en maximos no quiere decir que se vaya a ir a la mierda, solo que seas precavido. Cuantas veces vimos maximos ""irrompibles"" para ver como se multiplican por 10?

. De la mano de arriba, la caida ""brutal"" no se va a deber a los maximos, sino en todo caso a las condiciones macroeconomicas del pais. Aca no quiero desvirtuar con ""Milei bueno/Milei malo"", sino que, si todo se va a la mierda es porque es insostenible y si crece mas es porque al menos a nivel economico es viable

. Que caigan algunas acciones puntuales en maximos no quiere decir que van a caer todas  
. Lo que va a hacer que rompamos esos maximos, viene mucho de la mano de las oportunidades. Ejemplo, YPF. Yo fui uno de los que se perdio todo este rally por las malas experiencias. Ahora... YPF sube por especulacion pura, o por que se ven perspectivas de futuro, inversiones y buenos manejos? Hay mucha guita en juego, no son solo las acciones sino las inversiones relacionadas a eso

Como digo, no es para tener miedo, y tampoco es para confiarse. Estamos hablando de la bolsa, del mercado, un mundillo y un nicho terriblemente especial, uno de los pocos ""juegos de suma cero"" y no hay nada dicho. Lo que si hay son proyecciones, analisis, y datos serios para tratar de ""predecir"" que va a pasar, que no es lo mismo que hacer futurologia  
Un usuario aca dijo algo muy cierto, ser el profeta del fin del mundo es muy facil, si, la bolsa en algun momento se va a la mierda, la cosa es ver que pasa en el medio, para profetizar que va a caer y vamos a perder guita estamos todos

Esto tampoco es un ataque a tu post. Solo digo que hay que ser concienzudo, hacer un analisis y sacar las propias conclusiones y que cualquier argumento de ""estamos en maximos"" es tan valido como ""si gano XYZ en el pasado se va a volver a repetir"". Yo creo que podemos experimentar caidas coyunturales, pero no creo ni en el panico generalizado ni en las previsiones super optimistas",TeComproCafecitos,merval,36,2024-11-21 11:39:13,t3_1gwg02m,t3_1gwg02m,comment
ly9cdyr,"Si ajustás por inflación, múltiplos y considerás el background macroeconómico e internacional se te cae todo el análisis.

Yendo al tema del post, cuánto más va a subir? Pensá que las inversiones gruesas ni siquiera empezaron.",elrond_lariel,merval,13,2024-11-21 11:54:28,t3_1gwg02m,t3_1gwg02m,comment
ly9v3d3,Ni bien vi el primer gráfico me fui al fondo del post a ver si habías actualizado por inflación el índice. Me agradas OP. Gracias por el post.,Billy_AR,merval,12,2024-11-21 14:19:46,t3_1gwg02m,t3_1gwg02m,comment
lya0xbf,"Tambien es importante a cuanto tiempo pensas tener las acciones, a medio plazo o largo plazo? Asi no me preocuparia tanto.",ondinhas2,merval,6,2024-11-21 14:48:24,t3_1gwg02m,t3_1gwg02m,comment
ly9in4z,"Che muy buen post, simple y hasta para el más novato. comento nomás para darle un poco de visibilidad. Exitos",Xavi_Myosotis,merval,10,2024-11-21 13:16:26,t3_1gwg02m,t3_1gwg02m,comment
lya6ta2,"Amigo, la mayoría de esas acciones no componen el índice Merval. Además, comparar el punto actual del Merval con su máximo anterior no tiene ningún tipo de sentido en mi opinión porque la situación de las empresas argentinas es muy distinta a la de 2018, son empresas mucho más sanas financieramente, con menos deuda y mejores proyecciones a futuro. En tal caso, algo con más sentido sería hacer una comparación en base a múltiplos teniendo en cuenta la cotización de ese momento y la de ahora.

Por supuesto que hay que conocer los riesgos de comprar acciones argentinas (altísimos) pero no veo validez en ese análisis. Me parece un escenario bastante binomial (en caso de mantenerse esta corrección macro y, sobre todo, de ganar el oficialismo las lesgislativas, las acciones tienen aún mucho para subir, caso contrario tienen mucho para bajar).",Cobas13,merval,4,2024-11-21 15:17:25,t3_1gwg02m,t3_1gwg02m,comment
ly95jpj,"Sos Ariel sdbar pero en reddit, ese sorete no se cansa de dar manija, se los va empomar a todos jajajaja

Coincido en casi todo tu análisis. La manteca al techo en algún momento se derrite

Abrazo grande",Ok-Investment944,merval,8,2024-11-21 11:14:38,t3_1gwg02m,t3_1gwg02m,comment
lyc1s94,"> análisis técnico

🤦🏻‍♂️ ahora hacete el de las hojas del té",FulanoMeng4no,merval,3,2024-11-21 21:11:28,t3_1gwg02m,t3_1gwg02m,comment
lyffv4s,"Alta burbuja que recien esta empezando a crecer pero bueh, buen momento para hacer guita y ponerla en cosas mas solidas para cuando explote",madkeepz,merval,3,2024-11-22 12:38:19,t3_1gwg02m,t3_1gwg02m,comment
ly902ad,"Muy poco serio el análisis. La verdad paré de leer por la mitad y acá digo por qué

\* estamos en máximos históricos? Y si, casi todo el tiempo los mercados están en máximos históricos

\* más de la mitad de los papeles que nombraste como ""componentes del índice merval"", no son componentes del índice Merval

Yo creo que eventualmente se va ir todo al tacho, pero por las cuestiones macro desastrosas que están haciendo con el dólar. No por este pseudoanalisis",teteban79,merval,15,2024-11-21 10:40:45,t3_1gwg02m,t3_1gwg02m,comment
ly95egd,Análisis Técnico de galpones (excepto GGAL). Yo miraría acciones más representativas del índice,luislezcair,merval,4,2024-11-21 11:13:45,t3_1gwg02m,t3_1gwg02m,comment
lyakce4,"A mi humilde y pobre visión considero que el orden del bullmarket macrista fue primero especulación y después subida mogólica sin ningún fundamental. 

Ahora es bien distinta, a pesar de que el primer impulso (fines de 2022-fines de 2023) fue puramente especulativo. El segundo impulso (principalmente los últimos 4 meses) fué en otro orden, primero medidas de fondo (superavit fiscal-aprobación de leyes) y aún así medio como que no convencía. Ahora estamos en un viento de popa con la victoria de Trump. 

Con una economía creciendo los próximos años, estos máximos van a parecer de juguete.",AgitatedMastodon2661,merval,2,2024-11-21 16:24:52,t3_1gwg02m,t3_1gwg02m,comment
lyfcubj,Está ajustado por inflación en USD?,Fallschirmjager96,merval,2,2024-11-22 12:21:53,t3_1gwg02m,t3_1gwg02m,comment
lyal2yl,"Más resumido era entrar a tu perfil y ver que pensas del gobierno actual

No te gusta? Perfecto, pero el analisis se nota sesgado de aca a la China",Juanchopper,merval,5,2024-11-21 16:28:29,t3_1gwg02m,t3_1gwg02m,comment
lya0c4x,"Muy buen post! Me quedan un par de reflexiones.

1. No sabía que galpones como celu o polledo habían subido tanto. Uno se mata seleccionando los papeles que considera que tienen mayor recorrido y al final sube cualquier basura. 

2. No sabía lo de carc y la pandemia, en EEUU al haber muchos más papeles pasa, como en pandemia también, subió un papel random con el ticker zoom en vez de zm

3. Los manijeros y los apalancados se la van a dar como siempre, en mí caso llegué a estar 96% comprado en argentina, hoy es menos de 40%

4. Mientras siga la euforia no vendo, cuando se de alguna corrección me siento a mirar y a salir de posiciones.",finanon99,merval,3,2024-11-21 14:45:32,t3_1gwg02m,t3_1gwg02m,comment
ly9u01p,"Gracias por tu aporte, a los novatos nos sirve mucho leer estos materiales. En todos los órdenes está bueno parar la pelota y contextualizar un poco.",Robotnikkk,merval,2,2024-11-21 14:14:24,t3_1gwg02m,t3_1gwg02m,comment
lya9o4p,"No me gusta el AT en general pero aca podriamos hacer la excepción, los fundamentals no cambiaron tanto y tan rápido para que semejantes valuaciones se justifiquen... falta bastante reforma de fondo y despego de incertidumbre electoral, ojala que me equivoque y sean 4 años de perma bull a-la-doncarlo90s.",ayymadd,merval,1,2024-11-21 15:31:42,t3_1gwg02m,t3_1gwg02m,comment
lyaehmx,"Gracias genioo por el análisis y por compartirlo!

Si no me excedo mucho, te pediría que compartas un análisis similar de nuestro vecino Brasil, que para mi y por el momento que vive puede ser el próximo mercado que tenga subidas y rallies como los que tuvimos nosotros, solo falta que en un par de años asuma un presidente de derecha.

Gracias de nuevo y que tengas buena semana, a no comprar en maximos!",Erudite_Piper,merval,1,2024-11-21 15:55:35,t3_1gwg02m,t3_1gwg02m,comment
lyapnh1,Interesante!,Super_Hans_01,merval,1,2024-11-21 16:51:30,t3_1gwg02m,t3_1gwg02m,comment
lycdz3i,"Boldt Gaming tiene complicados los resultados porque entre el % de pobreza y el cambio cultural nadie está entrando en los casinos. Y el mercado de apuestas online está plagado de competidores sin licencia... El directorio no tiene nada que ver.

El resto del análisis un lujo, aprovechen el dólar a $1070.",AjBananaSplit,merval,1,2024-11-21 22:25:09,t3_1gwg02m,t3_1gwg02m,comment
ly9dzay,Milei quiere llegar a ser el pais con mayor libertad económica del mundo. Argentina tiene muchisimo margen para crecer el merval va a seguir creciendo mucho mas.,pomelorosado,merval,-5,2024-11-21 12:38:14,t3_1gwg02m,t3_1gwg02m,comment
ly9xfgn,"Hola querido. Muy interesante el análisis, obviamente ir en profundidad sería un análisis que ningún joven leería. Coincido con lo mencionado, aunque no leo propuestas de los detractores aquí presentes. Hay que construir, si todo se refuta sin objetividad se convierten en esas viejas pinchapelotas del barrio. Gracias",Guidopilato,merval,0,2024-11-21 14:31:21,t3_1gwg02m,t3_1gwg02m,comment
lyaf2yn,"Gran análisis. Yo se poco de finanzas y te dejo una duda más específica que otra cosa:  
Con cartera en broker ¿El desarme de posición abarca instrumentos como cedears y ONs? Mi duda es si esos instrumentos en particular también pierden en caso de bear, o si este panorama no los toca tanto como por ejemplo una acción.",Repulsive_Deer7770,merval,0,2024-11-21 15:58:30,t3_1gwg02m,t3_1gwg02m,comment
ly9frg1,"No de acuerdo con ser suma cero.
No salí a recomendar que venda nadie, sino lo mismo que vos, cuidado.
Yo creo que la variable dólar barato sumado a salarios bajos en contexto delicado en tema reservas y con deuda es de mínima para tener recaudos.",armonicoenfuga,merval,4,2024-11-21 12:59:04,t1_ly99q4o,t3_1gwg02m,comment
ly9fecs,"Ajuste por inflación, fíjate el último gráfico.",armonicoenfuga,merval,1,2024-11-21 12:56:27,t1_ly9cdyr,t3_1gwg02m,comment
lya1te9,"Por nada, si, es lindo ver lo que el mercado ve. Con y sin.",armonicoenfuga,merval,1,2024-11-21 14:52:45,t1_ly9v3d3,t3_1gwg02m,comment
lya1hm4,"Pasa que las piñas son muy fuertes. Cuando ganaste mucho, se te vienen las preguntas. Yo pensaba igual que vos.",armonicoenfuga,merval,4,2024-11-21 14:51:09,t1_lya0xbf,t3_1gwg02m,comment
ly9k6tb,"Gracias 😊 
Lo que más tiempo me llevó es el índice. Varios dias de laburo tiene. Lo actualicé por la noticia del máximo histórico y para no ponerlo solo lo subí con el resto.",armonicoenfuga,merval,3,2024-11-21 13:24:39,t1_ly9in4z,t3_1gwg02m,comment
lya8do2,"Son ejemplos que merecen análisis propio. El caso de loma negra tiene más deuda que antes, Havanna por otro lado es cierto, está mejor, aunque poco muy poco cash, pero vale muchísimo más que hace un tiempo sin haber nada de fondo que haya cambiado estos últimos dos años, Holcim lo mismo, no tiene grandes cambios. Molinos rio de la plata es una empresa que está casi igual que hace dos años y cotiza muy distinto. Y así podemos seguir. Consultatio vende lo mismo que hace dos años, vale el doble. Bancos valen no se ponele estaban a 1.6 valor libros cuando vendí y compré a valor libros 0.6. con Macri valieron 4 veces valor libros y que? Acá estamos. Digan lo que digan. Cada caso merece estudio y lo hice en muchísimos casos. El tiempo dirá. Para mí el problema más serio es otro, no sé cada empresa sino de reservas negativas con dólar barato y deuda. Pero eso no lo puse en el post, tampoco dije que nadie venda ni compra, sino que sean cautos.",armonicoenfuga,merval,2,2024-11-21 15:25:14,t1_lya6ta2,t3_1gwg02m,comment
ly98jm2,"Fui alcista en el momento que había que serlo. Habrá algo más de recorrido, pero bueno, imaginate que pase de estar 85% en Argentina a 30%. Está lleno de manijeros, tontos, por intereses personales y creo que pagos para darle salida a otros también. Sino mirá rava, los papeles más hablados son los que son basura. Hay que cuidar lo ganado. Lo mencionado aquí es obvio pero nadie lo dice.

Abrazo grande!",armonicoenfuga,merval,6,2024-11-21 11:32:20,t1_ly95jpj,t3_1gwg02m,comment
lyc2jom,[removed],[deleted],merval,1,2024-11-21 21:16:01,t1_lyc1s94,t3_1gwg02m,comment
lyg6l4a,Es por acá jajajjajajajajaa,armonicoenfuga,merval,1,2024-11-22 14:55:42,t1_lyffv4s,t3_1gwg02m,comment
lyhq34t,"Che, me tirás los titulares de por qué pensás que se va a ir todo al tacho? Yo siempre asumí que pasaría una vez  que se vaya Milei, pero tu comentario me captó la atención",Successful-Inside-29,merval,2,2024-11-22 19:52:42,t1_ly902ad,t3_1gwg02m,comment
ly961sh,"No voy a hacer un post de dos horas explicando otras cuestiones macro, nadie lo va a leer. Yo creo lo mismo que vos, lo que digo, en esto que es muy breve y apuntando a un público que de estar informado no tendría la avaricia de ganar en este punto y que los leo a diario, es que dados los extraordinarios rendimientos en todo sentido y en papeles que sin entrar en detalles, muchos de esos papeles lo son o lo fueron. Sumado a los papeles que sí componen el índice, tener prudencia. Dicho esto, todo el merval (los papeles que lo componen y los que no) se mueven en tendencia con el índice. Pero de nuevo, nadie va a leer un post que explique muchas cuestiones macro. Tampoco me pinta laburar tanto al pedo, sinceramente. Bastante tiempo le puse acá, viendo que nadie lo dice.",armonicoenfuga,merval,-2,2024-11-21 11:17:38,t1_ly902ad,t3_1gwg02m,comment
ly97yax,"Si, da igual. Las más representativas van a ser muy parecidas al IMV. Es medio repetir lo obvio",armonicoenfuga,merval,-4,2024-11-21 11:28:53,t1_ly95egd,t3_1gwg02m,comment
lyg6uat,No solo está en el último gráfico sino que quienes preguntaron lo mismo sin leer ni ver todo también se les dijo lo mismo.,armonicoenfuga,merval,1,2024-11-22 14:56:59,t1_lyfcubj,t3_1gwg02m,comment
lybh9wa,Tranqui. No dije nada de política en el post. Habla por vos.,armonicoenfuga,merval,1,2024-11-21 19:13:25,t1_lyal2yl,t3_1gwg02m,comment
lya1cx8,"1) no hay que comprar porquerías Pero sirve para ejemplificar la euforia. Captaste la idea.
2) si, lo sabía también. Otro buen ejemplo!
3) parecidos estamos.
4) idem",armonicoenfuga,merval,2,2024-11-21 14:50:31,t1_lya0c4x,t3_1gwg02m,comment
lya259d,Buenísimo. A mí a nivel macro me preocupa el dólar. No tanto otra variables. Después el índice cuando se la pega arrastra a todos por igual. De forma irracional.,armonicoenfuga,merval,2,2024-11-21 14:54:21,t1_ly9u01p,t3_1gwg02m,comment
lyaer8q,"Exacto. Si algo no hago nunca es esta basofia de análisis técnico. Yo miro balances y analizó números. No precios. Y será quizás por eso mismo. Pero esto como lo que es, una chusmeadita, dice mucho ya. A mí me empieza a dar más alarmas que otra cosa.",armonicoenfuga,merval,1,2024-11-21 15:56:54,t1_lya9o4p,t3_1gwg02m,comment
lyafan4,"Y... Así como algunos van de viaje, otros estamos saliendo de un lado para buscar oportunidades en otro lado, usted me entiende.",armonicoenfuga,merval,2,2024-11-21 15:59:35,t1_lyaehmx,t3_1gwg02m,comment
ly9fxuh,"Datos, no opiniones. Claro.",armonicoenfuga,merval,3,2024-11-21 13:00:16,t1_ly9dzay,t3_1gwg02m,comment
lya5iuy,se te cayo el /s,MelaniaSexLife,merval,3,2024-11-21 15:10:58,t1_ly9dzay,t3_1gwg02m,comment
lya1p6m,Igual para quienes leyeron bien no propongo vender sino no pedirle más a la bolsa local. Y entrar con cautela si stas fuera.,armonicoenfuga,merval,3,2024-11-21 14:52:11,t1_ly9xfgn,t3_1gwg02m,comment
lyafhg7,ON es mismo riesgo que bono soberano Pero menos rendimiento. El cedears te cubre de los líos locales.,armonicoenfuga,merval,2,2024-11-21 16:00:31,t1_lyaf2yn,t3_1gwg02m,comment
lyaymp3,¿Por qué no crees que es de suma cero?,Real_Barracuda_6851,merval,1,2024-11-21 17:37:20,t1_ly9frg1,t3_1gwg02m,comment
ly9rofk,"Si no me equivoco, solamente ajustaste el gráfico del final, que tal vez tampoco, porque los gráficos del MERVAL en dólares que he visto tienen el pico máximo de la era Macri como en 2400.

Más allá de eso, ajustá los otros y vas a ver cómo se desarma.",elrond_lariel,merval,10,2024-11-21 14:02:47,t1_ly9fecs,t3_1gwg02m,comment
lyaoi9w,"Si ajustaste por inflacion ajustaste mal, porque hoy no llegamos ni al mismo nivel alto de Macri ajustado por infla.",Fast-Pride9418,merval,9,2024-11-21 16:45:43,t1_ly9fecs,t3_1gwg02m,comment
lya5fxd,"Yo personalmente venderia por tandas y mantendria un margen, para mi es importante estar siempre adentro.",ondinhas2,merval,3,2024-11-21 15:10:34,t1_lya1hm4,t3_1gwg02m,comment
lya9g4q,"Comparto 100%, es momento de ser (muy) cautos.  En estos niveles cualquier leve giro en la macro te puede tirar todo lo ganado a la mierda. También comparto que el análisis tiene que ser individual para cada empresa, por eso insisto en que mirar el índice no tiene demasiado sentido, además de que ni siquiera la composición es la misma que en 2018.

Lo del dólar barato me parece a mí que es relativo, comparando contra otros momentos de dólar en estos precios, no tenías superávit fiscal ni tampoco el superávit comercial que se está proyectando ahora si el sector energético llega a empujar como se cree. Lo que sí creo que hay que seguir de cerca es el déficit de cuenta corriente que está habiendo, aunque mi opinión es que va a ser más que compensado por el comercial y no será problema.

El tiempo dirá! Mientras tanto a seguir siendo cauto.

Abrazo.",Cobas13,merval,2,2024-11-21 15:30:34,t1_lya8do2,t3_1gwg02m,comment
lyc4dkx,[removed],[deleted],merval,1,2024-11-21 21:26:49,t1_lyc2jom,t3_1gwg02m,comment
lyg7m2r,"Pero me refiero a los otros graficos, no solo el último, era esa mi pregunta",Fallschirmjager96,merval,3,2024-11-22 15:00:53,t1_lyg6uat,t3_1gwg02m,comment
lyaba6f,Que te preocupa del dolar? Por aca Dicen que va a estar estable por 1 o 2 años,Hikedaya,merval,3,2024-11-21 15:39:46,t1_lya259d,t3_1gwg02m,comment
lyajsff,"Jajaja igualmente me iría de vacaciones si no fuese tan seco, con la excusa de analizar de primera fuente el mercado jaja",Erudite_Piper,merval,1,2024-11-21 16:22:08,t1_lyafan4,t3_1gwg02m,comment
lyf2pi7,"Depende de donde pongas el cero.   
  
Si fuera de suma cero, en el sentido usual, cada vez que alguien $1 gana hay otro que está perdiendo $1, y solo les convendría invertir a los que tienen mejor información/sabiduria/suerte que el promedio. Dicho de otra manera, el promedio no ganaría ni perdería al invertir en la bolsa.

Los que invertimos en la bolsa (sin esperar tener mejor  información/sabiduria/suerte que el promedio) esperamos que no sea así, y que en promedio (y a la largo plazo) estamos acompañando el crecimiento economico global de las empresas de un pais, y que entonces algo se gana... en comparación a lo que sería tener la plata ahorrada (digamos, en un bono de minimo riesgo).",sol_apagado_28,merval,1,2024-11-22 11:24:04,t1_lyaymp3,t3_1gwg02m,comment
lybgsd1,Porque cuando el mercado es alcista todos ganan.,armonicoenfuga,merval,1,2024-11-21 19:10:48,t1_lyaymp3,t3_1gwg02m,comment
lyboni1,"Estás mirando mal, eso te pasa. Mira bien. De hecho no solo lo puse, lo dije.",armonicoenfuga,merval,0,2024-11-21 19:54:15,t1_lyaoi9w,t3_1gwg02m,comment
lyhnoaj,Si querés estar siempre adentro deberias ver de cubrirte con opciones,Desmo4,merval,2,2024-11-22 19:38:39,t1_lya5fxd,t3_1gwg02m,comment
lyaf3tc,"Voy de la mano de esa idea, además algo local hay que tratar de tener, por cuestiones impositivas.",armonicoenfuga,merval,1,2024-11-21 15:58:38,t1_lya5fxd,t3_1gwg02m,comment
lyaeyp4,Abrazo!,armonicoenfuga,merval,1,2024-11-21 15:57:56,t1_lya9g4q,t3_1gwg02m,comment
lyg9m99,"Meh... Se entiende la idea. Cuánto te modifica la infla de dos años en rendimientos extraordinarios como ese, por dioooo",armonicoenfuga,merval,0,2024-11-22 15:11:12,t1_lyg7m2r,t3_1gwg02m,comment
lyae8ll,Reservas negativas por 7 mil millones tenemos. No sé. Vofi,armonicoenfuga,merval,0,2024-11-21 15:54:21,t1_lyaba6f,t3_1gwg02m,comment
lycy7ni,"No estoy seguro de eso. Que haya más en juego no significa que no sea suma cero. El juego sigue siendo el mismo. El dinero pasa de unas manos a otras. Es decir, las perdidas son iguales a las ganancias. Lo que uno pierde, otro gana. Esa es la definición de suma cero. El incremento del valor no tiene nada que ver con eso. Vos podés tener una acción que incremento su valor, pero al momento de venderla alguien deberá entregar dinero por ese valor. O sea, cuando yo me hago más rico, otro perderá la misma cantidad de dinero que yo gano con la venta. (Ganancia + Perdida = 0)",Real_Barracuda_6851,merval,3,2024-11-22 00:30:59,t1_lybgsd1,t3_1gwg02m,comment
lyc1npn,"Qué es ""mirar mal"" o ""mirar bien""?",OneCosmicOwl,merval,5,2024-11-21 21:10:43,t1_lyboni1,t3_1gwg02m,comment
lyhmo74,"Las opciones son de suma cero, las acciones no.",Desmo4,merval,1,2024-11-22 19:32:49,t1_lycy7ni,t3_1gwg02m,comment
lyc2rlg,"Observar un grafico al final del post donde está lo que busca con texto que dice lo que él dice que no dije. Leer comprensivamente. O leer nomás. Mucho cuesta. Vio

Eso.",armonicoenfuga,merval,1,2024-11-21 21:17:19,t1_lyc1npn,t3_1gwg02m,comment
lyhz4ra,Tampoco. La venta y la compra es suma cero. No depende de lo que compres o vendas. Al momento de hacerlo se da la suma cero porque el dinero es finito.,Real_Barracuda_6851,merval,2,2024-11-22 20:47:43,t1_lyhmo74,t3_1gwg02m,comment
lyqnvli,Chabon no podes hacer una tesis sin ajustar nada por inflacion y poner el ajuste solo en el ultimo grafico y asumir que la tesis ajusto por inflacion,rogue-fox-m,merval,5,2024-11-24 11:01:37,t1_lyc2rlg,t3_1gwg02m,comment
lyihcyv,Si no importa compra carc psur tglt y pgr.,Desmo4,merval,2,2024-11-22 22:43:11,t1_lyhz4ra,t3_1gwg02m,comment
lyqqlpt,"Si puedo, y fíjate que si lo haces el resultado de 2020 o 2022 a hoy (según que acción tomes) es EXTRAORDINARIO. con o sin ajuste por inflación. Les falta calle loco.",armonicoenfuga,merval,-4,2024-11-24 11:19:48,t1_lyqnvli,t3_1gwg02m,comment
lyqp7mk,"No que no importa que compraras, sino que es IRRELEVANTE para el concepto de suma cero que compras. La suma cero también se da en compras de otras cosas. Las ganancias de unos son las perdidas de otros. En un instante definido, la compra /venta es suma cero. Lo cual aplica a todo tipo de activo.",Real_Barracuda_6851,merval,5,2024-11-24 11:10:38,t1_lyihcyv,t3_1gwg02m,comment
lyu0brv,"Pero es el no dato eso, es como el principio de accion y reaccion de newton, los libros contables, o la ley de kirchoff y no se si alguna más, siempre en un punto la sumatoria da cero.

Cuando uno compra algo no esta perdiendo necesariamente, esta intercambiando dinero por algo que quiere, en este caso un activo.",Desmo4,merval,0,2024-11-24 21:59:08,t1_lyqp7mk,t3_1gwg02m,comment
lzjj0n6,"Contador, facturador, postnet y una compu con sistema.
Mostrador y sillas.
Proveedor de descartables como cajas y bolsas.
Contactarte con el servicio que te retira el aceite y si la normativa de tu ciudad lo requiere el de residuos diferenciados.
Camaras de seguridad a la gente y a los empleados, por robos y para evitar denuncias infundadas de clientes y empleados. Alarma para cuando no estás así no te encontras el boliche vacio.
Caja de seguridad escondida para ir fondeando la plata, onda cada 100k.
Proveedores alternativos de materias primas por si te dejan clavado.
Tanque de agua (con valvula anti retorno para que no te lo chupe la red) por si hay cortes de agua.
Empleado alternativo porque hay veces que se falta por fuerza mayor. Puede ser pareja, pariente o hijo. Tendría que ir cada tanto a aprenderse el movimiento.
Alguien que te maneje las redes sociales y un menu QR porque te vas a volver chapita actualizando precios y reimprimiendo.
Contacto de alguna empresa de grupos electrogenos por cortes de luz prolongados.
Contacto de gasista, electricista, reparador de persianas  metálicas y técnico en refrigeración porque se rompen más cosas de lo que podes llegar a creer.
Pedidos ya o delivery propio si te interesa.
Matafuego ABC y K.
Contacto con alguien que limpie campanas y filtros.
Servicios de emergencia que cubra cliente y empleado. ART también. 
Empresa de limpieza para la limpieza a fondo semanal y fumigador porque tenes que tener el sello de que lo hiciste mensualmente.
Si vas por estética alguien que te haga los uniformes, así sean remeras impresas, delantal y una cofia.

Eso es lo que me sale ahora. Fuente: 13 años de gastronomía desde la bacha a estar a cargo de la cocina.

Pd: una empleada me parece muy poco, dos en la cocina + caja + chepibe (empaquetado, atención al celu, limpieza, compras varias y demases). Ya vi dueños caer porque quieren hacer todo y la realidad es que no podes estar mediodía, noche y recibir la mercaderia que generalmente reparten de 7 a 9, en especial los de gaseosas.",Frauvalhallen,merval,495,2024-11-29 07:34:45,t3_1h2ifvs,t3_1h2ifvs,comment
lzjioyk,lo que no estás teniendo en cuenta es la plata que necesitas para mantener el local andando por unos cuantos meses hasta que de plata.,fer662,merval,41,2024-11-29 07:31:04,t3_1h2ifvs,t3_1h2ifvs,comment
lzjg6on,"Con tema habilitación tenés que ir a la municipalidad de tu ciudad y ver cuáles son los requisitos y esto hacelo antes de alquilar, por ej acá, hasta hace no mucho, era obligatorio tener 3 baños (h, m y adaptado) después lo sacaron porque para muchos era imposible por cuestiones de espacio, y acá es gratis. Así que te recomendaría empezar a averiguar bien esas cosas.",GusCarracedo,merval,21,2024-11-29 07:02:13,t3_1h2ifvs,t3_1h2ifvs,comment
lzjinri,"Tu empleada tiene que tener el Carnet de Manipulación de Alimentos que lo puede sacar en [ANMAT](https://www.argentina.gob.ar/anmat/regulados/alimentos/carnet-de-manipuladores) que tiene validez en todo el país y cuesta 4500 pesos hacer el curso y rendir el examen o sacarlo en la municipalidad correspondiente de tu negocio que en algunos casos es gratuito.

  
Fijate también en r/NegociosArgentina que también te pueden dar una mano.",ArSync,merval,17,2024-11-29 07:30:40,t3_1h2ifvs,t3_1h2ifvs,comment
lzjyvl9,"Soy del palo IT y me puse un restaurant hace un tiempo, dentro de todo chico también. 

Hay un lado que nadie te cuenta y es que además de lo que uno crea de inversión, vas a necesitar mucho runway en un principio, empiezan a pasar cosas que uno no se espera con contadores, abogados, y costos varios que uno no tiene en cuenta.

Si con 15k crees que estás, ahorra 18/20 y vas completamente seguro y con un backup.",MrMorett,merval,14,2024-11-29 10:09:08,t3_1h2ifvs,t3_1h2ifvs,comment
lzjvtus,"Hola , mira la pregunta importante es hiciste un estudio de si la zona que elegiste tiene pontecial? cantidfad de gente que pasa, locales gastronomicos cerca, cuanto es la demanda en apps de delivery. Eso es lo primero hacer antes de cualquier cosa.

La idea original quien te la valido? osea como sabes que es original? cuanta gente consultaste.   
Te armaste un insta y posicionaste en la zona elegida para ver si tiene engagemente?  
Tenes reservas  para disponer hasta que empiece a dar ganancia?

Si tenes respuesta para todo eso dale para adelante sino segui analizando hasta que lo tengas y esten todas validas.",Mammoth-Law-1291,merval,9,2024-11-29 09:44:22,t3_1h2ifvs,t3_1h2ifvs,comment
lzjv3lz,"Los locales de comida depende mucho de la ubicación, y esto va amarrado al precio, así que si lo colocas en una calle donde no hay ni una sola oficina, universidad o planta. La vas a tener cuesta arriba para general clientes así que por este lado el precio del local va a depender más de su ubicación que por su tamaño. 
Supongo que sabes pero bueno tenes que buscar un local orientado a cocina con sus campanas, ventilaciones y cocinas (Aveces las dejan, otras veces tenes que comprar) 

Después lo de la habilitaciónes y carnet que te dijieron los otros comentarios también va.

Si estas empezando solo con monotributo basta y lo vas ajustando a necesidad, te ahorras plata por ahí.

Tener varios proveedores también es bueno aveces te fallan o si te llegas a pelear con el transportista o la que atiende los pedidos olvidate que te van a seguir llegando en tiempo y forma.

Suerte!",AngelG21,merval,7,2024-11-29 09:38:04,t3_1h2ifvs,t3_1h2ifvs,comment
lzkgsdp,"\> una idea muy original que no voy a contar acá

\>Necesitaria saber solo si ven VIABLE

Podes elegir solo una de lados.

Bah, a ver.... nadie tiene la bola de cristal y son MUCHOS los factores que determinan la viabilidad de un negocio. En mi opinion, lo que tenes que hacer es ver que publico pasa por ahi y en que cantidad, calcular una proporcion razonable de ellos comprando en tu local. Se conservador, y considera 0.5-2x ese monto mas o menos como rango para ver mas o menos por donde andas. Calcula con seriedad los costos que vas a tener (muchos le erran aca y se terminan fundiendo) y te fijas las ganancias. Ahi vas a saber si puee valir la pena abrir el negocio en primer lugar. Te podes equivocar obvio, pero si abris una jugueteria en medio de la ruta, como que no vas a tener clientes,, y si abris un geriatrico en ciudad universitaria probbalemente tampoco (es un decir para  el ejemplo). Despues, algo MUY importante es consideres no las ganancias si no TODOS los gatstos que no sea nde materia prima, incluyendo el minimo que etsas dispuesto a ganar y los sueldos de los empleados (con impuestos), y lo multipliques por 10-15 meses de colchon. Por que te digo esto? Porque nos paso a nosortos en mi familia que por no poder aguantar un poco mas perdimos un kiosco que hoy en dia estariaandando bastaaaante bien a mi parecer. Siempre hay un periodo de !atemperamiento"" hasta que armas la clientela y la gente te empieza a conocer, salvo que te vuelvas viral (aunque a veces una gimmick te llev aa un exito temporal y despues nadie te da bola, asi que ojo con las ""ideas muy originales"", la gente busca cosas tranca por lo general salvo que apuntes solo a turistas)

A mi opinion, a ojo, deberian alcanzarte 15k, pero depende mucho de que tan ""pipi cucu"" quieras dejar el local, cuantos empleados y que cosas quieras poner. Al no tener hornos ni nada se abarata bastante la cosa (unos cuantos palos). Como veo decis que es un solo empleado (como vas a hacer? ni idea asumo que estas vos y tu socio ahi tambien?) y tenes electrodomesticos asi que ya estarias ""listo"" y envirado por lo que yo diria que si

En cuanto a que te falta, yo diria qu el comentario de frauva es invaluable, ya que te  te menciono cosas que yo hubiera dado por sentado ya y que quiza te dabas de frente. Muy muy importante lo de tener VARIOS proovedores a mano por cualquier cosa. Tambien te recomiendo que tengas contactos de gente que puedan suplir tu unico empleado ante una eventualidad. Personalmente no me parece necesaria la caja fuerte, me parece que podria hasta ser contraproducente llamand oa ojos indeseados  por solo 100k pero bueno. Lo mismo la limpieza por lo general lo manejan los empleados (lo hablas antes obivo)",simonbleu,merval,5,2024-11-29 12:13:54,t3_1h2ifvs,t3_1h2ifvs,comment
lzl6oji,[deleted],[deleted],merval,6,2024-11-29 14:44:33,t3_1h2ifvs,t3_1h2ifvs,comment
lzji90f,Cómo es tu canal de YouTube?,Intelligent_Jury1191,merval,4,2024-11-29 07:26:02,t3_1h2ifvs,t3_1h2ifvs,comment
lzk83c6,"Yo te recomiendo que sigas con la programación. A la larga vas a ganar mas. No vas a estar atado al país. Nadie depende de vos y tenes 0 obligaciones.

usa esos 15k para capacitarte.",mljsimone,merval,4,2024-11-29 11:16:46,t3_1h2ifvs,t3_1h2ifvs,comment
lzjnxuv,"Si sos vos solo, no me preocuparía por la sociedad. Empeza por un monotributo hasta que lo veas necesario por alguna razón. 
Para que crees que la necesitas?",nitro-chico,merval,4,2024-11-29 08:28:53,t3_1h2ifvs,t3_1h2ifvs,comment
lzjn0jq,Mucha suerte y éxitos. Con 15 estás bien para empezar.,pepemetralla,merval,2,2024-11-29 08:18:58,t3_1h2ifvs,t3_1h2ifvs,comment
lzkiock,"y un food truck? es mas ""liquido"" ante cualquier eventualidad",PuzzleheadedEbb5003,merval,2,2024-11-29 12:25:37,t3_1h2ifvs,t3_1h2ifvs,comment
lzkv1ae,"Che, no te sale más barato un food truck o algo similar? Claro que a la plancha eléctrica la tendrías que cambiar por gas supongo",MadMaxiAr,merval,2,2024-11-29 13:38:01,t3_1h2ifvs,t3_1h2ifvs,comment
lzlg5xx,"El tema de la sociedad depende del tipo que desees constituir. En cuanto a la habilitación, varía según las regulaciones de cada municipio (como ya mencionaron en otros comentarios).

Además, es importante considerar los gastos adicionales asociados tanto a la constitución de la sociedad como a la contratación de empleados.

Si necesitas asesoramiento en materia contable o impositiva, estoy a tu disposición. Junto a mi hermano (él contador y yo economista) tenemos un estudio y nos dedicamos a cosas de esa índole.

Éxitos en tu emprendimiento!",Feli_xD_ias,merval,2,2024-11-29 15:38:09,t3_1h2ifvs,t3_1h2ifvs,comment
lzlngvq,"Separaria 1-2K para un buen lanzamiento en redes, influencers (Aunque los detesto) y un buen CM. Como para arrancar",Gooyado,merval,2,2024-11-29 16:19:55,t3_1h2ifvs,t3_1h2ifvs,comment
lzm05lg,\*Procede a abrir una hamburguesería,JohnCent90,merval,2,2024-11-29 17:33:39,t3_1h2ifvs,t3_1h2ifvs,comment
lzk089c,"Genial, me encanta la gente que emprende, ahora, antes de que gastes un solo peso, hacele a tu proyecto un análisis económico financiero ponelo a prueba para ver qué tan rentable es y si aporta o destruye valor.Dicho eso, mucha suerte y éxitos.",Ale7741,merval,4,2024-11-29 10:19:41,t3_1h2ifvs,t3_1h2ifvs,comment
lzjsfk2,"Para poder responder a tu pregunta al menos necesitaríamos saber cual es la ""idea"" o que vas a ""vender"" nadie puede responderte si es viable o no de algo que ni siquiera conocemos ¿Como podríamos decirte si es viable? ¿Adivinando? diciéndote; si es viable porque tenes una ""idea innovadora"" te va a ir bien... sacando eso acá en los comentarios pusieron respuestas bastante concretas y especificas de como llevar adelante un local y resaltaría algo q puso otro miembro   
"" lo que no estás teniendo en cuenta es la plata que necesitas para mantener el local andando por unos cuantos meses hasta que de plata."" (Alquiler, impuestos , insumos, empleados, etc )",Acidoxis,merval,2,2024-11-29 09:13:42,t3_1h2ifvs,t3_1h2ifvs,comment
lzjy171,No lo veo viable saludos,Joaac,merval,2,2024-11-29 10:02:25,t3_1h2ifvs,t3_1h2ifvs,comment
lzk3gyx,Para un parripollo a dos cuadras de la estación de Lanús creería que alcanza,salustianovergatiesa,merval,2,2024-11-29 10:43:54,t3_1h2ifvs,t3_1h2ifvs,comment
lzkmp9y,"Tendrias q hacer todo un analisis de viabilidad tecnica, legal y economica. Calcular costos variables y fijos, pronostico de demanda, ingreso esperado, capital de trabajo, impuestos, etc para poder armar un estado de resultado y flujo de fondos y recien ahi podes saber si puede ser viable. Te recomiendo que consultes con un administrador de empresas.",elmasi07,merval,2,2024-11-29 12:49:55,t3_1h2ifvs,t3_1h2ifvs,comment
lzklvr1,"podes poster en 

# r/NegociosArgentina",10nicos,merval,1,2024-11-29 12:45:04,t3_1h2ifvs,t3_1h2ifvs,comment
lzlmj4t,"[https://www.instagram.com/elalmacendelatas/?hl=es-la](https://www.instagram.com/elalmacendelatas/?hl=es-la)  
este esta vendiendo el fondo de comercio por alrededor de 20K",argentopo,merval,1,2024-11-29 16:14:35,t3_1h2ifvs,t3_1h2ifvs,comment
lzk32v8,"Deja, mejor aprendo a robar",salustianovergatiesa,merval,168,2024-11-29 10:41:03,t1_lzjj0n6,t3_1h2ifvs,comment
lzk8bz8,"Wow mil gracias, hay bastantes cosas no tenía en mente",Tristoban,merval,52,2024-11-29 11:18:24,t1_lzjj0n6,t3_1h2ifvs,comment
lzkajhs,"Mierda, cuanto nivel de detalle. Cuando la gente no entiende a que se refieren cuando se habla de experiencia en algo, es esto. Suena a que viste  grandes éxitos y los fracasos más horribles.",Elpardua,merval,56,2024-11-29 11:33:33,t1_lzjj0n6,t3_1h2ifvs,comment
lzjz51e,mamita querida!,grifter_cash,merval,20,2024-11-29 10:11:13,t1_lzjj0n6,t3_1h2ifvs,comment
lzkk0sl,"Denle el upvote al pibe, mira el detalle que metio",Top_Abrocoma_9760,merval,14,2024-11-29 12:33:53,t1_lzjj0n6,t3_1h2ifvs,comment
lzl4sly,Spoken like a true gastronómico. Me acuerdo que donde laburaba hasta pasaba el de SADAIC a cobrar honorarios por la música del local (= tener la radio prendida),ladyoftheflowers,merval,9,2024-11-29 14:33:55,t1_lzjj0n6,t3_1h2ifvs,comment
lzk36g2,"Es increíble lo exclavisante que puede llegar a ser el rubro gastronómico, sobre todo para emprendedores que recién arrancan. Es no dormir y vivir absolutamente para eso. Admiro los que pueden hacerlo.",inysis,merval,24,2024-11-29 10:41:47,t1_lzjj0n6,t3_1h2ifvs,comment
lzk1nox,"en provincia estas cosas se reducen a 3 o 4 y el matafuegos jaja porque dsps a la gente le encanta decir fui a tero cagado y el sanguche valia 2 chirola, la pizza tmb",nazaguerrero,merval,16,2024-11-29 10:30:33,t1_lzjj0n6,t3_1h2ifvs,comment
lzlep70,Pasas por Palermo y la mayoría no tiene ni la mitad de esto. Lamentablemente.,melter24,merval,4,2024-11-29 15:29:50,t1_lzjj0n6,t3_1h2ifvs,comment
lznad7t,Tanque con válvulas antiretorno.. como te habrán cagado con eso.. jaajaj un tanque no necesita eso .. salvo para que la bomba no labure alpedo o reciba en contramano la caída de agua .. los tanques se llenan por arriba como te los vaciarian?,matias_saitam,merval,4,2024-11-29 22:19:49,t1_lzjj0n6,t3_1h2ifvs,comment
lzlsdvb,"Gracias mostro, ésto le sirve a unos varios más allá del Op, a quién le deseo lo mejor.",Opening-Age-8158,merval,3,2024-11-29 16:48:06,t1_lzjj0n6,t3_1h2ifvs,comment
lzm5og2,"Buen aporte che, lo guardo",AugusVeca,merval,3,2024-11-29 18:05:33,t1_lzjj0n6,t3_1h2ifvs,comment
lzn8u6n,"Inteligencia colectiva acá, qué buen comentario!",patoezequiel,merval,3,2024-11-29 22:09:25,t1_lzjj0n6,t3_1h2ifvs,comment
lzkqz8f,Explote con chepibe,kdolmiu,merval,2,2024-11-29 13:14:45,t1_lzjj0n6,t3_1h2ifvs,comment
lzku2bu,They let this guy cook,FrancoMKT,merval,1,2024-11-29 13:32:29,t1_lzjj0n6,t3_1h2ifvs,comment
lzjvxgr,"Claro eso ni bien abre empieza a dar perdida hasta que empezas a vender  y se equilibra.,",Mammoth-Law-1291,merval,7,2024-11-29 09:45:12,t1_lzjioyk,t3_1h2ifvs,comment
lzjhz2l,Uhhh excelente mil gracias <3,Tristoban,merval,2,2024-11-29 07:22:52,t1_lzjg6on,t3_1h2ifvs,comment
lznkddv,Mucho muy importante esto. O luego te dicen en esta zona no se habilita X este rubro. Le pasó a una amiga: encaró a lo último el tema de requisitos de habilitación y jamás pudo abrir.,unknown_6510,merval,2,2024-11-29 23:27:47,t1_lzjg6on,t3_1h2ifvs,comment
lzk8h90,Si porque ya labura de esto :) gracias,Tristoban,merval,1,2024-11-29 11:19:26,t1_lzjinri,t3_1h2ifvs,comment
lzk2ibu,Necesito saber como de IT pasaste a restaurante,SuperbCardiologist5,merval,2,2024-11-29 10:36:53,t1_lzjyvl9,t3_1h2ifvs,comment
lzk8y9h,"Si a todo menos la última pregunta, 15k es todo lo que tengo",Tristoban,merval,4,2024-11-29 11:22:40,t1_lzjvtus,t3_1h2ifvs,comment
lzk9fno,Gracias por ese último consejo más que nada no lo tenía en mente,Tristoban,merval,2,2024-11-29 11:25:59,t1_lzjv3lz,t3_1h2ifvs,comment
lzk8mth,Insomnio crónico,Tristoban,merval,1,2024-11-29 11:20:29,t1_lzji90f,t3_1h2ifvs,comment
lzk979b,"Gracias por la recomendación, va más allá de lo que haga o no haga, mi viejo es una persona de 50 años y no sabe hacer otra cosa, quiero hacer algo que le de más plata, ese es uno de los motivos, no voy a dejar nada de lo que hago, solamente sumo y quiero independencia para mi familia",Tristoban,merval,6,2024-11-29 11:24:22,t1_lzk83c6,t3_1h2ifvs,comment
lzk9qxa,Pensé que era 100% necesario,Tristoban,merval,2,2024-11-29 11:28:05,t1_lzjnxuv,t3_1h2ifvs,comment
lzk99vc,Gracias Ale!,Tristoban,merval,1,2024-11-29 11:24:52,t1_lzk089c,t3_1h2ifvs,comment
lzlqisk,"Arranca de tu casa y cuando el negocio te lo pida alquilas algo, es lo mejor que podes hacer.",SuperLogicMadness,merval,19,2024-11-29 16:37:21,t1_lzk8bz8,t3_1h2ifvs,comment
lznjsql,"Generalmente hay 1 éxito cada 15 fracasos. Lo más probable es que cada uno que llegó al éxito, antes se rompió la cabeza varias veces contra el muro de errores y fracasos. Y aprendió de cada golpe.

Son pocos los que aciertan al primer intento.",unknown_6510,merval,9,2024-11-29 23:23:48,t1_lzkajhs,t3_1h2ifvs,comment
lzkh00s,"Tampoco la pavada, algunas cosas las podes sacar si estas en negro y negreas, pero eso es en cuant oa tareas de empleados y regulaciones, el resto lo necesitas, y otras cosas n osiempre pero es mejor nunca tener que renegar por no haber prevenido. A ver, tecnicamente podes vender empanadas en el garage, depende del negocio pero bueno",simonbleu,merval,5,2024-11-29 12:15:14,t1_lzk1nox,t3_1h2ifvs,comment
lzkh3gr,"y dependiendo del negoci oy locacion, puede ser mas de un año.  En epocas fuleras? Se puede estirar bastante mas.... me paso",simonbleu,merval,3,2024-11-29 12:15:50,t1_lzjvxgr,t3_1h2ifvs,comment
lzk2oo0,"Sigo en ambos igual, la vida necesita arte también",MrMorett,merval,10,2024-11-29 10:38:11,t1_lzk2ibu,t3_1h2ifvs,comment
lzk3cva,"Era junior egresado de coderhouse, robó un par de años en dólares y cuando el mercado se puso más competitivo se tiró del barco (o lo rajaron)",salustianovergatiesa,merval,-14,2024-11-29 10:43:04,t1_lzk2ibu,t3_1h2ifvs,comment
lzkjsgw,"ah si es para tu viejo entonces es diferente.

una de las cosas que te puede joder es el personal. Si podes hacerlos parte de la sociedad así no te pueden hacer juicio es lo ideal.",mljsimone,merval,-3,2024-11-29 12:32:29,t1_lzk979b,t3_1h2ifvs,comment
lzkeqid,"No. Te metes en un mundo de gastos totalmente innecesarios. Eso si asesórate con un contador sobre todo por el tema de empleados. Hubo cambios últimamente que quizás te favorezcan para empezar. 
Cómo que podes tener hasta 5 colaboradores que sean también monotributistas, abarata mucho las cargas sociales y eso, pero no estoy seguro del alcance o si es para todos. Vale la pena consultar.",nitro-chico,merval,5,2024-11-29 12:00:59,t1_lzk9qxa,t3_1h2ifvs,comment
lzls105,Claro onda dark kitchen,Discosm,merval,4,2024-11-29 16:46:01,t1_lzlqisk,t3_1h2ifvs,comment
lzkykwl,"de mis changas veraniegas en una pizzeria en pueblo de provincia

camaras? si falta plata es probable que el dueño te cague a trompadas o te acuse

grupo electrogeno? se corto la luz segui laburando a ciegas, nadie se entera si se corto el frio de la heladera 

el que arregla las cosas es juanito el primo/amigo que sabe

alarma? candado en la puerta

qr y esas boludeces no hay, rappi tampoco en general

art? no, aca no se pinta hacemos pizza y sanguches

y el aceite del spiedo y todo eso me lo hacian tirar en la boca de tormenta cuando cerraban, todavia sigue estando el negocio ese 🤷‍♂️",nazaguerrero,merval,8,2024-11-29 13:58:24,t1_lzkh00s,t3_1h2ifvs,comment
lzl4kbs,no quise decirle unos cuantos años porque lo mataba pero si. tengo la teoría de que la única gente que se pone negocios es la que no sabe sacar bien las cuentas porque sino no podrían nada.,fer662,merval,5,2024-11-29 14:32:38,t1_lzkh3gr,t3_1h2ifvs,comment
lzkkkx4,"Pasa todo el tiempo, de ahí esos locales que se instalan y en 2 meses ya cerraron. Va en realidad ni idea, siempre asumi que cerraban porque no vendian",maleficentDucks,merval,2,2024-11-29 12:37:18,t1_lzkh3gr,t3_1h2ifvs,comment
lzksx1n,"la gran pregunta es, rinde bien el restó?",deucalion1994,merval,2,2024-11-29 13:25:56,t1_lzk2oo0,t3_1h2ifvs,comment
lzk8n3c,"Estoy entre comentarte en serio, o sumarme y reírme. No quiero ser un ofendido, así que voy a reírme no más.",MrMorett,merval,14,2024-11-29 11:20:33,t1_lzk3cva,t3_1h2ifvs,comment
lzlljbw,¿¿¡¡?'¡''????,CopyCatEngineer,merval,3,2024-11-29 16:08:56,t1_lzkjsgw,t3_1h2ifvs,comment
lzls9eq,Sería lo ideal pero acá no existen prácticamente pero bueno si vivís en un pueblo o ciudad chica podes cocinar en tu casa y testear el mercado,SuperLogicMadness,merval,5,2024-11-29 16:47:22,t1_lzls105,t3_1h2ifvs,comment
lzl2bta,"Una cosa igual es decir ""provincia"", y otra un pueblo.",Jauretche,merval,6,2024-11-29 14:19:58,t1_lzkykwl,t3_1h2ifvs,comment
lzledra,"2-3 an̈os es lo que se estima para casi cualquier negocio.

En ese tiempo la AFIP se sigue forrando, con o sin vos.",fsocietyARG,merval,3,2024-11-29 15:28:02,t1_lzl4kbs,t3_1h2ifvs,comment
lzkwsbz,"Si, pero cada caso es un mundo. Yo tengo un local en Palermo Soho que mueve muchísima gente así vendas galletas de arroz. 
La realidad es que the juice is not worth the squeeze, es muchísimo trabajo y no tanta rentabilidad para uno que está acostumbrado a sentarse en la compu y ganar en USD, pero es otra vibra que te mantiene vivo (no tomo falopa).",MrMorett,merval,11,2024-11-29 13:48:06,t1_lzksx1n,t3_1h2ifvs,comment
lzlhcia,Hiciste un deploy pensando que estabas en dev pero estabas en prod. (?,Strad3x,merval,3,2024-11-29 15:44:54,t1_lzk8n3c,t3_1h2ifvs,comment
lzkk5pr,"Es la idea amiguero, siempre reírse, este antro es un criadero de alacranes y cucarachas, para hablar en serio ya lo tengo al forro de mi jefe colgado de las pelotas 40 horas a la semana",salustianovergatiesa,merval,0,2024-11-29 12:34:43,t1_lzk8n3c,t3_1h2ifvs,comment
lzl5cds,"el pueblo esta en la provincia, 30mil y piquitos de poblacion, mas alla de eso lo que decia era que en provincia no te piden ni en pedo todo eso y luego 2 boludeces habilitadas en la muni, te pegan 2 papeles en el vidrio y good to go.",nazaguerrero,merval,5,2024-11-29 14:37:01,t1_lzl2bta,t3_1h2ifvs,comment
lyysrgf,"Si no entendí mal, Cocos también lo permite a partir de hoy",yuxtaposicion,merval,15,2024-11-25 17:54:03,t3_1gzt98r,t3_1gzt98r,comment
lyz8p26,Prex no lo hace?,Junior-r5c,merval,6,2024-11-25 19:15:59,t3_1gzt98r,t3_1gzt98r,comment
lyyubsw,"Ah, sabes que Justo en despegar sacaron eso, podes comprar los pasajes en dólares directamente haciendo un debin. Ahora tiene sentido",jinsaow,merval,6,2024-11-25 18:01:56,t3_1gzt98r,t3_1gzt98r,comment
lz0olu8,"Los bancos tradicionales lo tienen hace rato. De los digitales, Brubank también. Y ahora con la baja de impuestos no me extrañaría que metan una desreguleada y las billeteras se sumen a la fiesta de Amazon regalado.",mayoruk,merval,5,2024-11-26 00:21:20,t3_1gzt98r,t3_1gzt98r,comment
lyz5ua3,It’s happening,JohnSundayBigChin,merval,11,2024-11-25 19:00:49,t3_1gzt98r,t3_1gzt98r,comment
lz2agq0,"Bienvenido pero creo que llegan medio tarde, si se elimina el cepo en todas sus versiones ya no va a haber mucha dif entre pagar con pesos o con dolares.",HwanZike,merval,3,2024-11-26 09:13:15,t3_1gzt98r,t3_1gzt98r,comment
lyz8l9k,Sirve para spotify?,Spiritual_Bottle_926,merval,2,2024-11-25 19:15:25,t3_1gzt98r,t3_1gzt98r,comment
lyytmjt,Buen bit también pero no tiene ninguna ventaja porque  igual tenes que pagar el 60% de impuestos en compras international es.,Mongoaurelius,merval,2,2024-11-25 17:58:22,t3_1gzt98r,t3_1gzt98r,comment
lyytjq6,Uala no había agregado cuenta en usd ya?,Dartister,merval,1,2024-11-25 17:57:59,t3_1gzt98r,t3_1gzt98r,comment
lyzgea1,"Si compro mep en Nx, en principio debería tener cuenta en dólares? O como es, porque el. Próximo mes comprare cosas en Amazon aprovechando el aumento de los topes.",SaitamaSensei19,merval,1,2024-11-25 19:58:13,t3_1gzt98r,t3_1gzt98r,comment
lyznk18,Entonces me convendría ponele para comprar de Amazon pagar con naranja débito en dólares o naranja crédito y pagar anticipado con mep? O es lo mismo?,boyozenjoyer,merval,1,2024-11-25 20:40:03,t3_1gzt98r,t3_1gzt98r,comment
lz0cs2x,Galicia hace rato tiene las dos cosas,Yearlaren,merval,1,2024-11-25 23:08:59,t3_1gzt98r,t3_1gzt98r,comment
lz2j8ys,O sea que desde brubank/ astropay puedo comprar en Amazon? Alguien sabe como seria con el tema de tasas de aduana o impuestos?,No_Product_1678,merval,1,2024-11-26 10:18:32,t3_1gzt98r,t3_1gzt98r,comment
lz439z1,"Con reba también, cambias a dlres la moneda pre determinada de pago en la tarjeta de débito ",Unhappy-Ad-1039,merval,1,2024-11-26 15:24:09,t3_1gzt98r,t3_1gzt98r,comment
lz58i37,"Brubank lo ofrece hace rato, usé la tarjeta afuera con apple pay y es un golazo, tiene muy buen cambio encima d una moneda diferente a USD. Hace ralativamente poco también pusieron esta opcion con la TC, q ahí Naranja X todavía no ofrece por lo que leí. Es un win win tmb, xq pateas compras 1 mes con la de credito y dsp pagas directo desde la CA en USD los consumos en dólares",Southern_Guard_9524,merval,1,2024-11-26 18:55:17,t3_1gzt98r,t3_1gzt98r,comment
lyzbnzy,Sirve para comprar jueguitos de steam con mep sin que me cobren los impuestos?,ruidoyfuria,merval,1,2024-11-25 19:32:07,t3_1gzt98r,t3_1gzt98r,comment
lyznjos,Será que cuando se levante el cepo se van todos al dólar o resistirán la tentación?,danileiva,merval,1,2024-11-25 20:40:00,t3_1gzt98r,t3_1gzt98r,comment
lz18au6,Se va a poder comprar en Amazon?,MaleficentMenemista,merval,1,2024-11-26 02:45:54,t3_1gzt98r,t3_1gzt98r,comment
lyytkvn,Cocos tiene tarjeta?,Andrescoo,merval,5,2024-11-25 17:58:09,t1_lyysrgf,t3_1gzt98r,comment
lz2bpsn,"Si, prex lo hace. Hasta ahora yo lo usaba y lo seguiré usando.",jonyp5145,merval,1,2024-11-26 09:23:22,t1_lyz8p26,t3_1gzt98r,comment
lz477ci,Prex cobra el impuesto a compras digitales como brubank?,Dnkho,merval,1,2024-11-26 15:43:54,t1_lyz8p26,t3_1gzt98r,comment
lyyxbpl,turismo city tiene unos preciazos en u$d. bs as miami 500 usd miameeeeeeee,0010110101102011,merval,9,2024-11-25 18:17:17,t1_lyyubsw,t3_1gzt98r,comment
lyz0qlo,Que es DEBIN?,FinkImFreakyDnt,merval,1,2024-11-25 18:34:44,t1_lyyubsw,t3_1gzt98r,comment
lz36t5x,El tema es que amazon actualize los precios del deposito de tasa de importe. Conozco casos que esperaban que les devuelvan por que pagaron el doble y minga les devolvieron.,Any-Interaction-9594,merval,1,2024-11-26 12:38:40,t1_lz0olu8,t3_1gzt98r,comment
lyzkmrt,no lo soñeeeeee,Ok-Acante4524,merval,5,2024-11-25 20:22:45,t1_lyz5ua3,t3_1gzt98r,comment
lyz272q,"Este caso es diferente:

""Al seleccionar la cuenta en dólares desde la app, tus compras se debitan directamente de ahí, sin preocuparte por el tipo de cambio del día o los impuestos adicionales.""",v2bk,merval,8,2024-11-25 18:42:09,t1_lyytmjt,t3_1gzt98r,comment
lyzmis2,Pagas el valor del mep o como consigas los dolares no el tarjeta hace bastante diferencia,ValentinoBienPio,merval,2,2024-11-25 20:33:53,t1_lyytmjt,t3_1gzt98r,comment
lyyubbh,"Si, les faltaría dar el paso de permitir debitar de esa cuenta para compras internacionales.",Andrescoo,merval,3,2024-11-25 18:01:52,t1_lyytjq6,t3_1gzt98r,comment
lyyui7u,"Si pero entiendo que no tiene débitos en dolares

Podes pagar el resumen de la de crédito usando dolares que es mas o menos lo mismo pero dependiendo el limite puede que estes corto si queres comprar algo mas o menos caro.",LeBroneta,merval,1,2024-11-25 18:02:52,t1_lyytjq6,t3_1gzt98r,comment
lyzn87m,"En naranjax podes abrir una cuenta en usd y los recibis ahi mismo, no hace falta tener una en un banco tradicional",LeBroneta,merval,1,2024-11-25 20:38:06,t1_lyzgea1,t3_1gzt98r,comment
lyzqfbn,"Con la de debito es mas facil, podes hacerlo con la de credito pero el resumen en dolares no se puede pagar por la app, tenes que ir a pagarlo a un local de NX y con los dolares físicos",LeBroneta,merval,1,2024-11-25 20:56:58,t1_lyznk18,t3_1gzt98r,comment
lz2h2gr,Santander tambien,mati_as15,merval,1,2024-11-26 10:03:23,t1_lz0cs2x,t3_1gzt98r,comment
lz0nou3,Léelo con voz de Homero: ahora si va a ser una sorpresa el IVA a servicios digitales.,mayoruk,merval,8,2024-11-26 00:15:26,t1_lyzbnzy,t3_1gzt98r,comment
lz57qv6,"Podés hacerlo con Dolar Crypto en Belo, comprando Gift Cards en la app.",Mi5hifu,merval,2,2024-11-26 18:51:19,t1_lyzbnzy,t3_1gzt98r,comment
lz5843l,Lo mejor para eso es el rulo con Belo: [https://steamcito.com.ar/mejor-metodo-de-pago-steam-argentina#pagar-steam-pesos-crypto](https://steamcito.com.ar/mejor-metodo-de-pago-steam-argentina#pagar-steam-pesos-crypto),elrond_lariel,merval,1,2024-11-26 18:53:15,t1_lyzbnzy,t3_1gzt98r,comment
lyzrrto,Lo más seguro,Background_Session42,merval,0,2024-11-25 21:04:59,t1_lyzbnzy,t3_1gzt98r,comment
lyzrve6,Si,One-Emu-1405,merval,0,2024-11-25 21:05:35,t1_lyzbnzy,t3_1gzt98r,comment
lyzryov,"Financieramente sería una decisión muy mala, los activos en pesos pagan mucho más, entonces entre pasarte al dolar o hacer tasa en peso te conviene lo segundo. Además la base monetaria es tan chica que si todos corremos contra el dolar como mucho lo movemos hasta 1300p el mep.",tomazu07,merval,3,2024-11-25 21:06:07,t1_lyznjos,t3_1gzt98r,comment
lz0gysy,"Por la historia del país, veo imposible que no salga todo el mundo a convierta m comprar usd y ahí encarezca nuevamente",manteca2,merval,1,2024-11-25 23:34:03,t1_lyznjos,t3_1gzt98r,comment
lyyw5bp,A partir de hoy. Ya la podés pedir.,SydneyLosstarot,merval,5,2024-11-25 18:11:19,t1_lyytkvn,t3_1gzt98r,comment
lyz0b0e,"Entonces si pago con tarjeta de banco me como todos los impuetos, mientras que si compro mep yu pago con naranja o brubank, pago ""menos"" porque no tiene tantos impuestos.",melter24,merval,3,2024-11-25 18:32:29,t1_lyyxbpl,t3_1gzt98r,comment
lz0na8d,"Kheeeeee. Lpm yo que no quería gastar guita por que quería cambiar de auto jajajajjaja, ahora habrá que buscar pasajes 🤣",c-dmg,merval,3,2024-11-26 00:12:53,t1_lyyxbpl,t3_1gzt98r,comment
lz0a7jm,DEBito INmediato,sergiotkaczek,merval,2,2024-11-25 22:53:47,t1_lyz0qlo,t3_1gzt98r,comment
lz04s5y,"la nueva forma de mover plata , si cargas plata de MP desde tu banco hace debin, y si transferís have debin también como una transferencia más rápida

también podes pedir plata y que el otro lo autorice (lo más usado para estafar gente )",roberp81,merval,1,2024-11-25 22:22:07,t1_lyz0qlo,t3_1gzt98r,comment
lyzlpce,No mires por favaaar,JohnSundayBigChin,merval,2,2024-11-25 20:29:02,t1_lyzkmrt,t3_1gzt98r,comment
lyztlmy,"Si, es cierto dice eso pero es medio dudoso porque también dice que no aplica a servicios digitales como Netflix.  En fin, contanos después como te fue con las compras.",Mongoaurelius,merval,3,2024-11-25 21:15:52,t1_lyz272q,t3_1gzt98r,comment
lyzv0a3,Pero es gratis la cuenta en usd? Porque la mayoría cobran. Menos prex qué es gratis,SaitamaSensei19,merval,1,2024-11-25 21:24:11,t1_lyzn87m,t3_1gzt98r,comment
lyzqkgo,"Hoy pregunté por el chat , lo cambiaron hace 10 días y ahora también se puede pagar anticipado con dólares mep que tengas en la cuenta",boyozenjoyer,merval,1,2024-11-25 20:57:49,t1_lyzqfbn,t3_1gzt98r,comment
lz39x1r,jjajajjaaj bueno al menos no pagaremos el doble por un juego de mierda.,Opinologodelnorte,merval,0,2024-11-26 12:55:02,t1_lz0nou3,t3_1gzt98r,comment
lyzsjn9,"Si es ahorro a medio largo plazo, por estabilidad no se preferiría? Porque para pasarte y volver debe mantenerse el estado de sin cepo, que si te agarra con los pesos no volves más a usd.",danileiva,merval,1,2024-11-25 21:09:36,t1_lyzryov,t3_1gzt98r,comment
lyz177b,"[aca te dejo bs as new york 600 usd](https://x.com/TurismoCity/status/1859653508708040925?t=t9Ifc_5HcreK1SBilaTkRA&s=19) igual no se el motivo, estimo que la empresa al cobrar dolares directamente se ahorran un monton de costos financieros hasta poder obtener los dolares. impuestos siempre vas a tener en cualquier pais del mundo te cobran impuestos por viajar en avión",0010110101102011,merval,6,2024-11-25 18:37:06,t1_lyz0b0e,t3_1gzt98r,comment
lyz0tz8,"Sato, compras mep mas barato en naranja y directamente pagas con la caja en dolares",tulechuguita,merval,1,2024-11-25 18:35:13,t1_lyz0b0e,t3_1gzt98r,comment
lz2d7zh,Tiene unos años ya. Yo lo uso hace rato para mover la guita de mi cuenta sueldo a otra cuenta que me da beneficios por pasar cierto monto mensual,EconomicsDirect7490,merval,1,2024-11-26 09:35:12,t1_lz04s5y,t3_1gzt98r,comment
lyzvp8e,Es gratis,LeBroneta,merval,3,2024-11-25 21:28:11,t1_lyzv0a3,t3_1gzt98r,comment
lyzsza1,"Ah de 10, diría que es casi lo mismo entonces, si es algo muy caro capaz que no te alcance el limite de la de crédito pero con la de debito si puedas",LeBroneta,merval,1,2024-11-25 21:12:10,t1_lyzqkgo,t3_1gzt98r,comment
lyzvf51,"Pasarte te podés pasar igual con o sin cepo, el MEP va a existir siempre, el tema es a que tipo de cambio y justamente la cosa es que el riego de tipo de cambio es muy bajo ahora. Otra cosa es que tu intención sea pasar tu plata a otro país, ahí si que si te cierran con cepo cagaste. Y justamente la razón por la que no se sale del cepo es porque muchas empresas quieren girar utilidades a sus casas matrices en US hace años, entonces hay que tener los dolares para venderle a esas empresas apenas salgamos del cepo o el dolar de te va al carajo.

Pasa que para un inversor de acá, ente comprar dolares rezando porque le vaya mal al gobierno o comprarme un boncer me compro un boncer y si sube el dolar sube la infla y el bono me termina pagando más igual.",tomazu07,merval,2,2024-11-25 21:26:35,t1_lyzsjn9,t3_1gzt98r,comment
lyzxqt1,Gracias genio 🫂,danileiva,merval,1,2024-11-25 21:40:15,t1_lyzvf51,t3_1gzt98r,comment
ly7ci4c,"Che al fin y al cabo es muchísimo más barato sacar un ""credito"" hipotecario en dólares caucionando en bolsa que comprando con un banco.",Terodius,merval,19,2024-11-21 01:37:09,t3_1gw78ju,t3_1gw78ju,comment
ly8b68l,"Excelente post! Quería dejar un comentario respecto a esto:

>**¿Hay alguna restricción?** La más importante, mientras tengamos vigente una caución tomadora, no se puede comprar dólar MEP (vender activos en D). Si pensamos rollearla, se pueden vender activos en D el día del vencimiento, y tomar caución más tarde en la misma rueda.

Entiendo que parte de esa restricción se levantó con la RG CNV 1018/2024, pero por favor corríjanme si estoy confundido. Tengo entendido que ahora solo aplica si se tienen cauciones tomadoras en pesos. [https://www.boletinoficial.gob.ar/detalleAviso/primera/314259/20240919](https://www.boletinoficial.gob.ar/detalleAviso/primera/314259/20240919)",civcqlwxxzxqwxshqn,merval,8,2024-11-21 07:14:10,t3_1gw78ju,t3_1gw78ju,comment
ly8zm83,"Otra consulta. El día de vencimiento, me debitan de la cuenta lo de la caución, (y si no tengo saldo, se toma de lo que puse en garantía) hasta ahí todo bien. Pero como se hace para que en ese mismo.dia yo haga una canción tomadora y rollear esa última parte técnica no termina de quedarme claro.",WeekOrdinary,merval,8,2024-11-21 10:37:56,t3_1gw78ju,t3_1gw78ju,comment
ly89i78,"Interesante, pero entonces podes rollear la deuda casi indefinidamente (menos los gatos de operación) ?",WeekOrdinary,merval,3,2024-11-21 06:56:04,t3_1gw78ju,t3_1gw78ju,comment
ly9k9tb,"Che pero si tenes que dejar los activos es más una cuestión de liquidez que un financiamiento neto. Te evitas compravender tu activo en garantía.

No le encuentro tanto sentido económico a hacerlo.",Rudy_Clausius,merval,4,2024-11-21 13:25:06,t3_1gw78ju,t3_1gw78ju,comment
lyeqm8i,El GRAN problema de las cauciones es cuando se produce un crash en la bolsa. El aforo no te alcanza a cubrir la caución y hay que poner más guita. Para colmo la caución hay que devolverla y los activos van a estar por el piso por lo que no habrá forma de cubrirla vendiendo los activos comprados con esta o tomando nueva caución. No por nada se suicidan los brokers.,AdAdministrative454,merval,3,2024-11-22 10:06:57,t3_1gw78ju,t3_1gw78ju,comment
ly9pdh2,"Muy interesante, podrías agregar algunos ejemplos de tu práctica ? Si llega así de detallado un golazo también.
Agradezco la info",Fresiastyle,merval,2,2024-11-21 13:51:14,t3_1gw78ju,t3_1gw78ju,comment
lydwlgr,"Consulta: ¿Bajo qué circunstancias me pueden liquidar las garantías antes del vencimiento? Particularmente, ¿por qué es peligroso tomar caución por el máximo monto que me pueden dar?",NakedShamrock,merval,2,2024-11-22 05:18:46,t3_1gw78ju,t3_1gw78ju,comment
lyedh7l,La verdad que te agradezco mucho por la explicación! Muy potable!,Pampeano-,merval,2,2024-11-22 08:20:15,t3_1gw78ju,t3_1gw78ju,comment
lyeqo2e,Muy buen post!,soyjurio,merval,2,2024-11-22 10:07:18,t3_1gw78ju,t3_1gw78ju,comment
lygw3jt,"Lindo aporte. Mi sueño es como dijo otro sacar la hipoteca a 30 años al 2% en dolares y ser gardel, pero entre el plazo y que te liquidan si bajan los activos y no si te ves imposibilitado de pagar, se complica. Hay otros brokers del exterior que también ofrecen prestamos similares directamente ellos (no como mercado entre particulares), pero tasas peores y variables.",BNeutral,merval,1,2024-11-22 17:08:13,t3_1gw78ju,t3_1gw78ju,comment
ly8ack8,"Siempre que tengas suficientes activos como para comprar una casa y otro tanto en la comitente, para dejar de garantía, puede ser. Igual con cauciones tenés algo de riesgo ya que la tasa es variable, el hipotecario por lo general te deja fijarla.",civcqlwxxzxqwxshqn,merval,8,2024-11-21 07:05:19,t1_ly7ci4c,t3_1gw78ju,comment
ly8selk,"Cómo dijo el otro comentario, es complicado porque tenés que poder cubrirla entera \[Cuenta mínima: Préstamo/Aforo\], además del interés variable.

Considero que es más factible para depósitos iniciales, ampliaciones, etc.

Por ej, si una hipoteca necesita un depósito de 30k USD y tenés la plata, podés invertir 40k USD, tomar caución por 30k USD y usar eso. Si lo dejás correr, queda ""Deuda"" por 30k al 3% anual, y ""Activos"" por 40k al (por ej) 7% anual. Eventualmente una cubre por completo a la otra, y pudiste hacer el depósito del principio sin descapitalizarte.

Si eventualmente male sal, se liquida la parte de los activos necesaria para pagar la caución, y el resto sigue ahí. Si lo querés cancelar antes y hacerte del ""Equity"", vendés todo y pagás la caución. Es infinitamente flexible",TodoPor2Pesos,merval,7,2024-11-21 09:49:24,t1_ly7ci4c,t3_1gw78ju,comment
lyb7ebo,No podes poner una propiedad como garantía. Lo sencillo de las cauciones es que la valuacion es facil y la ejecución en caso de default tambien.,HwanZike,merval,3,2024-11-21 18:22:14,t1_ly7ci4c,t3_1gw78ju,comment
ly8s21n,"Como dato quizas anecdotico, la DDJJ que aparece el broker antes de hacer una operacion en D (al menos en PPI) ya no incluye la parte que el titular ""no mantiene posiciones tomadoras en cauciones y/o pases en ningun agente inscripto en CNV"".",AddressFair4059,merval,3,2024-11-21 09:46:54,t1_ly8b68l,t3_1gw78ju,comment
ly8q7ym,"Creo que es correcto, gracias por la aclaración.",TodoPor2Pesos,merval,1,2024-11-21 09:33:13,t1_ly8b68l,t3_1gw78ju,comment
ly91ks8,"Si no tenés saldo vas a ver el monto que te debitaron en negativo (por ej *C.I. \[-1.001.000\]*) y tus activos disponibles. Como no le podés quedar debiendo al broker, vas al mercado durante esa misma rueda, y tomás una caución por $1.001.000, y volvés a tenés la cuenta C.I. en $0 hasta el próximo vencimiento.

Edit: Que no tengas saldo no significa que te vayan a liquidar los activos, una vez que vence se debita sí o sí. Si quedás con un ""descubierto intradiario"" con el broker, es decisión de cada uno cubrirlo con otra caución, liquidando activos, o depositando.",TodoPor2Pesos,merval,5,2024-11-21 10:50:12,t1_ly8zm83,t3_1gw78ju,comment
ly8pw0q,"Sí, mientras tengas activos suficientes para poner en garantía. Ni bien vence la caución original, se liberan, y se pueden volver a usar.",TodoPor2Pesos,merval,3,2024-11-21 09:30:40,t1_ly89i78,t3_1gw78ju,comment
ly9r3xo,"Es verdad, es más una cuestión de liquidez/flexibilidad. Fijate la respuesta que dejé al que preguntaba por una hipoteca. También sirve para los que quieren mantener la comitente ""intocable"", o piensan ""realizar"" ganancias sin necesidad de vender, postergando el evento gravable que eso conlleva.

Por ejemplo, si lo que retirás lo depositás en una cuenta remunerada a una tasa similar a la de caución, termina funcionando como una especie de línea de crédito contra tus activos para cualquier gasto. Tiene sentido económico en tanto a alguien le sirva la herramienta y le pueda dar un uso.",TodoPor2Pesos,merval,12,2024-11-21 13:59:54,t1_ly9k9tb,t3_1gw78ju,comment
ly9oqhw,"Si crees o sabés que tu activo va a subir, por ahí no lo querés vender. Si sube más que la tasa de interés, te conviene dejarlo en garantía y tomar prestado. Ponele que tenés una ON que paga 8% anual pero tomar caución sale 2%, te rinde que te presten, pagar 2% por eso, y seguir cobrando 8% de tu ON, antes de que vender la ON.

La otra ventaja es fiscal, aunque quizás no tiene tanto impacto en Argentina donde no se pagan ganancias por la compra/venta, pero si hacés una operación similar en otro país si: si no vendés, no asumís ganancias/pérdidas, y no te corresponde pagar impuestos por eso.",civcqlwxxzxqwxshqn,merval,4,2024-11-21 13:48:01,t1_ly9k9tb,t3_1gw78ju,comment
ly9uy02,Mmm si sabes que una que ON que ya tenes va a pagar cupón. Y haces una caucion tomadora para comprar más nominales.  Cuando te paguen podes vender tu ON para pagar la caución y te quedas con el pago del cupón. Obvio hay varios detalles y ahora como están las ON quizás hasta terminas positivo por como esta el mercado de inflado. Pero si haces los número te queda como bicicleta rodado 28,WeekOrdinary,merval,3,2024-11-21 14:19:03,t1_ly9k9tb,t3_1gw78ju,comment
lyf3iyw,"Para que pase eso, el peor de los casos, tuviste que tomar todo lo posible poniendo como garantía renta variable *cierto viernes del 2019*, y te levantaste el lunes -38%. Aunque creo que hay ciertas formas de evitar eso, como priorizar activos menos volátiles para poner en garantía, jugar bastante más abajo del aforo, o bueno... no endeudarse al taco un día antes de las elecciones en un país donde todo depende de la política. Si me decís marzo del 2020 u otro evento estrafalario, te doy la razón, pero siguen habiendo formas de no cagarla tanto.",TodoPor2Pesos,merval,3,2024-11-22 11:28:56,t1_lyeqm8i,t3_1gw78ju,comment
lyf7pzr,"* Tenés $100k en GD35 -> $90k aforado.
* Tomás $89k en caución, se depositan los GD35.
* Mañana baja 10% el GD35 -> tenés $90k en GD35 -> $81k aforado.
* BYMA liquida por efectivo (tiene aforo del 100%) la parte que hace falta para volver a $89k y garantizar el pago de la caución.

En la práctica no son tan perfectos los números, es un ejemplo conceptual.",TodoPor2Pesos,merval,3,2024-11-22 11:53:15,t1_lydwlgr,t3_1gw78ju,comment
lycliji,"Claro, esto solo serviría para alguien que ya tiene el ahorro. El otro día un pibe puso algo de que tenía 100k usd ahorrados y se quería comprar el depto, y me hizo pensar che pero te conviene toda la vida comprarte 100k de activos conservadores tipo ONs que pagan un 7-10%, tomarte caución al 2% sobre esos activos y usar esa plata para el depto. Un crédito hipotecario te están cobrando una tasa real en dólares hoy en día altísima.",Terodius,merval,6,2024-11-21 23:13:12,t1_lyb7ebo,t3_1gw78ju,comment
ly9812g,"Disculpame el hijack, pero esto lo viste en la práctica? Osea, por un momento vas a tener el saldo negativo, los instrumentos garantizando esa deuda y arriba le clavas otra caucion.
Osea, los números cierran, pero el broker te lo permite?",Frauvalhallen,merval,6,2024-11-21 11:29:20,t1_ly91ks8,t3_1gw78ju,comment
lybb6jt,Impecable respuesta.,Rudy_Clausius,merval,4,2024-11-21 18:41:39,t1_ly9r3xo,t3_1gw78ju,comment
ly9p42u,"Sí a todo. Pero es un tema financiero. No es un préstamo.

Usarlo como un préstamo, que se puede, no digo que no, es un error de concepto.",Rudy_Clausius,merval,2,2024-11-21 13:49:55,t1_ly9oqhw,t3_1gw78ju,comment
lyf7rke,"Claro, yo lo comento nomas para que no parezca que es todo color rosa. Varios la pasaron mal cuando sucedió lo del cupón PBI. No es necesario esperar a una elección. El cupón PBI era bastante seguro y de un día para el otro te cambiaron la regla de juego.",AdAdministrative454,merval,2,2024-11-22 11:53:30,t1_lyf3iyw,t3_1gw78ju,comment
ly9eagz,"Sí, lo he hecho muchas veces, en pesos, en dólares, y en ambas simultáneanente. Se puede tener un descubierto intradiario con el broker, si no, no te permitiría tomar caución en primer lugar (Por eso los requisitos que ponen algunos). El único límite duro son los cupos máximos que pone BYMA para las garantías de cada instrumento, GD35 es de $4.000.000.000.",TodoPor2Pesos,merval,6,2024-11-21 12:46:08,t1_ly9812g,t3_1gw78ju,comment
lyeygcm,Yo tuve la misma pregunta.. será cuestión de probar,WeekOrdinary,merval,1,2024-11-22 10:57:55,t1_ly9812g,t3_1gw78ju,comment
ly9wm28,"Estrictamente tenés razón, es una simplificación semántica. En USA está el concepto de Security Based Loan, que es medianamente lo mismo.",TodoPor2Pesos,merval,3,2024-11-21 14:27:16,t1_ly9p42u,t3_1gw78ju,comment
ly9x272,Los préstamos también son un tema financiero. O vos nunca comprarías nada en 12 cuotas sin interés si te sale lo mismo que pagarlo a contado y tenés la plata?,civcqlwxxzxqwxshqn,merval,3,2024-11-21 14:29:31,t1_ly9p42u,t3_1gw78ju,comment
lyfd008,"Y sí, lamentablemente pasan esas cosas de vez en cuando y vale la pena tenerlo en cuenta. Me gustaría creer que hoy día es más sólida la regulación y van a ser cada vez más aislados esos casos, ojalá no equivocarme. *se equivoca",TodoPor2Pesos,merval,2,2024-11-22 12:22:45,t1_lyf7rke,t3_1gw78ju,comment
lyfqtuc,"Che me encantó el post, me queda nomas la duda práctica como el compañero. Uso veta También, entiendo que en Veta no puedo yo manualmente tomar la caución, sino que le tengo que pedir a mi agente, osea que si digamos vence hoy yo le tiro un mensaje al agente y el pone la orden por mi. Digamos que la mandé al 2% en USD pero subió y no me dieron porque estaban dando al 3%, en ese caso, me liquidan activos al cierre de la rueda?, siempre hablando de rollear. Entendiendo que cada vencimiento voy a depositar un porcentaje y rollear lo demás.",Xavi_Myosotis,merval,2,2024-11-22 13:36:03,t1_ly9eagz,t3_1gw78ju,comment
lyfezy6,"Preguntale a tu agente! Nunca temer a la consulta por más falopa que parezca, aunque entiendo que por ahí es engorroso en agentes más burocráticos con los que te tenés que estar comunicando vía tickets y esas pavadas. De última, probá y aprendé de la práctica.",TodoPor2Pesos,merval,2,2024-11-22 12:33:36,t1_lyeygcm,t3_1gw78ju,comment
lzhje3j,"Si no tenés una casa propia y pagás alquiler: Esperás a que haya crédito hipotecario. Ponés esa guita como adelanto para comprarte una casa y pagás mes a mes las cuotas de la hipoteca. Cuando te querés acordar tenés tu techo y no pagás alquiler nunca más.

No les des bola a los financiero bros que te dicen poné esa guita a laburar y con la renta te pagás el alquiler. Eso funciona hasta que no funciona. El techo propio es una seguridad impagable.",Loose-Grapefruit-516,merval,120,2024-11-28 21:12:58,t3_1h28kl3,t3_1h28kl3,comment
lzhh2ef,"no temas en cosas que luego para funcionar requieren mas dinero (como comprar terreno)

imaginate: te comrpas un terreno pero sos tan joven que no tenes mas dinerom entonces tenes el terreno ahi, juntando polvo 10 años  y cuando vas a hacer algo, te lo usurpan. Paja total",Rise-Of-Empires,merval,41,2024-11-28 20:56:37,t3_1h28kl3,t3_1h28kl3,comment
lzhfb51,"No la patines, metete en algo de riesgo moderado/bajo, invertí en tu educación. 

Opción B, todo al rojo.

  
Éxitos maquina",Intrepid-Ad9605,merval,28,2024-11-28 20:44:22,t3_1h28kl3,t3_1h28kl3,comment
lzhndwp,"Negocios con 20k USD no hay muchos que se puedan hacer, a menos que gire en torno a algo que vos sepas hacer.

Si hubo sucesion y es parte de ella, yo abriria cuenta en broker y compraria 20K de SPY y no volveria a abrir la cuenta hasta dentro de 20 años.",sheikov,merval,27,2024-11-28 21:41:19,t3_1h28kl3,t3_1h28kl3,comment
lzhis1m,"Etfs y a mimir. Mientras tanto, aprende y decidí que queres.",Varsoviadog,merval,22,2024-11-28 21:08:39,t3_1h28kl3,t3_1h28kl3,comment
lzhns03," La del terreno es buena, yo compre uno en un barrio cerrado asi q pago seguridad mensual pero me asegura que no me lo usurpen. Lo compre hace un año asi q la “ganancia” no es demasiada (de 8k a 12k minimo) pero es algo que pienso mantener por varios años mas y que el barrio se urbanice para venderlo. No tenes que pensar nada, está ahi y cada tanto mandas a cortar el pasto nada más. Para mi es lo mejor para no comerte la guita",LimeNo33,merval,6,2024-11-28 21:44:08,t3_1h28kl3,t3_1h28kl3,comment
lziryyf,"Mira, yo compro con ahorros terrenos en loteos en desarrollo, no hace falta que sea en barrios privados (siempre y cuando puedas tener seguridad, por supuesto). El primer terreno que compré, lo compré en un desarrollo de barrio cerrado por aprox., 4000 usd en el 2020 (fines del 2020) y hoy vale 30.000 usd y ya está próximo a poder escriturarse, con lo que espero que el lote suba a 50.000 usd o mas, seguramente a medida que se vaya haciendo obra seguramente irá aumentando aún más (actualmente hay algunas obras en ejecución, casas de propietarios). Fueron los ahorros de mis primeros 2 años de trabajo (empecé a trabajar con 24) y bueno así fui comprando varios, la tierra no defrauda nunca, es valor real. Yo creo que es la única forma en la que una persona normal como yo pueda soñar con llegar a grandes sumas, de forma segura, por lo menos al principio y esto lo digo porque ya trabajo y estudio, no tengo tiempo de aprender cómo invertir en bolsa.",Sad-Presence-7572,merval,4,2024-11-29 02:47:47,t3_1h28kl3,t3_1h28kl3,comment
lzj4fbr,"7k fondo de reserva, 7k inversión de bajo riesgo, el resto algo de riesgo moderado.",No_Dealer_7928,merval,5,2024-11-29 04:49:56,t3_1h28kl3,t3_1h28kl3,comment
lzhvw4y,"Una mitad en putas y vicio y la otra mitad la malgastaría … :-P

Hablando en serio, con 20 años, la pondría a invertir en algún fondo, pero seguiría laburando y estudiando. No la gastaría en nada, porque esa plata puede darte cierta libertad. En uno años puede darte un buen margen todos los meses para poder decidir que hacer de tu vida sin sentir presión porque te falta dinero y debes aceptar hacer tal o cual cosa porque no tienes de otra. Úsala como espalda económica. Sos joven y podés vivir con poco, con esa plata a los 30 ya tendrías la vida algo hecha. Y si la jugás más agresivamente es posible que antes, pero tenés tiempo y no necesitas arriesgarte con nada. Por ejemplo, con un 25% anual tendrías en diez años unos 180 mil.  Con 10% anual en el mismo tiempo serían unos 50 mil, lo que bien podría darte una renta interesante viviendo con poco y encima seguiría creciendo. Y cuanto más sigas, más crecerá. La libertad que esa plata puede conseguirte es algo que no vas a poder comprar luego. Aprende a invertir, fórmate en todo lo que puedas y labura mucho. Sigue inviertiendo lo mejor que puedas. En pocos años empezarás a sentir esa libertad económica y eso te va a permitir pensar mejor que hacer, en que comprometerte y poder elegir la clase de vida que quieras. Quizás no sea un multimillonario, pero vivirás tranquilo y relajado. Es una oportunidad para eso.",Real_Barracuda_6851,merval,7,2024-11-28 22:42:29,t3_1h28kl3,t3_1h28kl3,comment
lzm8di7,"las opiniones super conservadoras que leo aca seguramente sean de gente que ya se dio por vencida en la vida o que sus padres les inculcaron un respeto desmesurado a la guita, y las super arriesgadas ni hace falta describir el tipo de gente que las da

sabes que con esa plata las posibilidades de cualquier cosa para resolverte la vida son pocas y cerca de nulas, sos joven y siendo joven en la vida vas a tener revancha si te sale algo mal, y teniendo un colchon economico asi vas a tener aun mas revanchas

yo estoy en una situacion parecida (21 años, en algun tiempo me llega la herencia de un terreno grande y en buena zona, 170 palos aprox a dia de hoy, pero dividido entre mi viejo y mi tio) tambien tengo dos amigos que estarian como nosotros vamos a estar cuando nos llegue esa plata, uno tiene 20 palos en ethereum que compro hace años porque le gustaba el tema de la crypto y otro tiene bastante mas en acciones porque a el le gusta el tema de las finanzas y su hermano es recibido de economia. Que hacen ellos? nada, viven en perfil bajo, clase media-baja, pero son mas felices porque tienen ese respaldo por si todo se les va a la mierda, mientras tanto ellos solo buscan tener un laburo cada vez mejor asi realmente tienen esa entrada de plata cada mes que de verdad les permita definir su nivel de vida. Pero eso es lo que te da la plata, tranquilidad, si no estas tranquilo no podes ser feliz, y ser feliz es la meta de toda la gente, ya sea teniendo muchisima guita o siendo exitosos en alguna actividad o teniendo una linda familia, todo es solo para ser uno feliz, inverti en eso pero en serio, no te digo seas feliz unos pocos años patinandola, pero date el gusto de buscar que necesitas para ser genuinamente feliz a lo largo de tu vida.

Decis lo de ponerte un negocio en un rubro en el que tenes maña, y me imagino te gusta, genial entonces. Miralo bien y pensa si educarte mas en el tema o si es buen momento para tirarte a esa en cuanto puedas, de las dos formas la experiencia te la vas a llevar y te va a ayudar a futuro a hacer mas cosas afines y otras no tanto y encima vas a sentir que estas teniendo una vida mas plena, que es algo fundamental para no ser una persona infeliz

Lo malo de un terreno o un depto es la falta de liquidez, si el dia de mañana, y dios no quiera pero, vos o alguien de tu familia llega a contraer una enfermedad o sufrir un accidente, vas a querer tener esa plata facil de acceder para cubrir gastos de hospital, si tenes un terreno capaz lo terminas vendiendo a muchisimo menos de lo que valia entonces fue al pedo, tampoco inviertas en cosas volatiles o incluso poner todo en algo no tan volatil pero que tiene bajadas grandes frecuentes, para mantener la plata a facil alcance si hay alguna emergencia (o oportunidad) pero encima ganar algo contra la inflacion tanto de argentina como de estados unidos lo mejor es que diversifiques, pone algo en bitcoin si queres pero no todo, pone algo en S&P500 pero no todo, pone algo en empresas locales si queres pero no todo, educate en el tema del manejo de la guita si te interesa, aprovecha que no vas a tener que trabajar dos laburos a la vez que te consuman todo el dia al menos en los proximos años, hace un carrera que te guste o cursos que te interesen si total vas a tener los recursos de plata y tiempo para permitirtelo. Al final lo que te sostenga va a ser lo que consigas a base de romperte en lomo, como lo hizo mi familia y seguramente la tuya tambien, tenes la oportunidad de romperte el lomo en algo que te de confianza y felicidad y no en la primera oferta de trabajo que veas porque no tenes para llegar a fin de mes, vivi con la seguridad de que vas a tener segunda y tercera y cuarta oportunidad porque sos joven y tenes algo de guita atras, eso te recomendaria y es lo que hago yo con mi vida

Ah y tampoco te recomendaria tanto ir a vivir solo si no tenes problemas con tu familia, no hay vergüenza en vivir con tus viejos mientras hagas algo de tu vida, mi amigo que mas cobra vive a sus 27 con los viejos aun y eso que tiene un laburo como para comprarse un terreno y construir si quiere, yo en mi caso vivo solo desde los 16 y la verdad es que no esta tan bueno, te sirve para impresionar minas y nada mas, no lo vale pero bueno yo quede asi por las circunstancias de la vida, no lo veo como algo malo porque me enseño cosas, si vos estas con ganas de aprender de esa experiencia mandale igual, pero desde el punto de vista del gasto de tiempo/plata la verdad no lo veo una gran inversion",templawa,merval,3,2024-11-29 18:21:17,t3_1h28kl3,t3_1h28kl3,comment
lzjhasa,"Espera a que bitcoin se pegue un palo y le metes 5 o 10 k, en 20 años te puede llegar a cambiar la vida",BirdYisus09,merval,3,2024-11-29 07:15:06,t3_1h28kl3,t3_1h28kl3,comment
lzkpuxd,"Si yo tuviese 20k y 20 años (pero con los conocimientos que tengo hoy), pondria:  
70% SPY (muy largo plazo)  
20% AL30 (a esto vas a tener que prestarle atencion en epocas de elecciones en Argentina)  
10% BTC (muy largo plazo)",TomasLuther,merval,2,2024-11-29 13:08:19,t3_1h28kl3,t3_1h28kl3,comment
lzldy8i,"Yo compraría SP500 y dejaría la plata ahí para cuando la necesite.   
No es plata que te vaya a cambiar la vida, pero entrar a un crédito o comprar un auto suman.",ElMolador,merval,2,2024-11-29 15:25:39,t3_1h28kl3,t3_1h28kl3,comment
lzhdtqe,"Con 20 años y con esa plata, en tu lugar invertiría en educación.",123Eng123,merval,9,2024-11-28 20:34:01,t3_1h28kl3,t3_1h28kl3,comment
lzhqo3c,"Lo mejor, que más rendimiento da , y encima es lo más fácil de hacer es invertirla en acciones (~9% rendimiento aprox) o renta fija Obligaciones negociables argentinas (entre 6 y 9%). Negocios propios es para quilombo y te vas a tener que ocupar bocha, además arg está hecha bolsa y no hay consumo. Casa no te alcanza y no hay créditos atractivos. Terreno lo mismo, además los precios ya están recuperando ( o sea no entrarías en mínimos, como le pasó a uno de arriba que entró bajo por suerte). Lo mejor siempre es dejarla invertida, rendimientos que se autoinviertan, y te olvidas, haces tu vida y tu guita a parte. La agarras cuando tengas 30 años y por ahí tenes una moneda (unos 50 mil usd según la calculadora de interés compuesto), y si la agarras en 20 serian 112k usd. Si encima le pones guita todos los meses eso se duplica.",cesarvillano,merval,2,2024-11-28 22:04:54,t3_1h28kl3,t3_1h28kl3,comment
lzhtthx,"Una Series X

Un Neo Qled

Todo al Rojo

Esas pienso que son las mejores opciones.",sweetsundayar,merval,2,2024-11-28 22:27:37,t3_1h28kl3,t3_1h28kl3,comment
lzhw8nj,No te compras ni un auto 0km con 20k de que hablas?,Efficient_Pomelo_583,merval,1,2024-11-28 22:44:57,t3_1h28kl3,t3_1h28kl3,comment
lzhipby,"Si tenés exito la rentabilidad mas grande es con tu negocio, pero tenés q estar muy seguro... tenes clientela ""propia""?",InevitableBit2367,merval,1,2024-11-28 21:08:07,t3_1h28kl3,t3_1h28kl3,comment
lzhp8e7,"Educación, tu mejor R/R. Lo del techo es verdad, pero desconozco tus ganas de anclarte en Arg.",Fresiastyle,merval,1,2024-11-28 21:54:33,t3_1h28kl3,t3_1h28kl3,comment
lzhts2c,"Si necesitas casa: Seguro podes comprar un terreno para construir. Y construir no es caro pero si te involucrás. Yo haría un curso de albañilería antes que nada. Averiaguaria todo acerca del terreno, de la zona (se inunda? hay escuelas cerca? hay clinicas?, autopistas, llega el tren?) y después recien compraría. Hay que saber lo mas posible antes de empezar.",Zeivner,merval,1,2024-11-28 22:27:20,t3_1h28kl3,t3_1h28kl3,comment
lzhwiu0,"Invierte en algo que entiendas y que tenga escalabilidad, poner algún tipo de negocio de tu rubro me ha parece buena idea, vas a conocer mas tu area, conoceras personas para futuras oportunidades. Puedes ver la posibilidad de empezar a invertir en ETFs, hay unos que siguen indices, otros tematicos, yo personalmente sigo una estrategia de invertir en acciones y etfs dividenderos que me permiten tener un poco de flujo de dinero, lo bueno de invertir asi esque te armas el habito de ahorrar y despues no lo dejas.",Signal_Rip7717,merval,1,2024-11-28 22:46:57,t3_1h28kl3,t3_1h28kl3,comment
lzi71jv,Viaja.,Most_Cut_2498,merval,1,2024-11-29 00:02:50,t3_1h28kl3,t3_1h28kl3,comment
lzi9ucz,"FCI o Acciones de empresas muy fuertes, diversifica el dinero. Colchoncito de usd por si pasa algun impreviso, inverti en algun emprendimiento personal que tengas (no all in).",Interesting_Ad5365,merval,1,2024-11-29 00:23:17,t3_1h28kl3,t3_1h28kl3,comment
lzifg6i,"Es plata pero tampoco mucho, como para comprar un terreno y edificar o cosas así, como te dijeron etfs y dejala ahí, tenerla como urgencia por si pasa algo grave pero yo me la re olvidaría y que labure sola, o si más adelante tenés un negocio muy en mente ya estudiado y bueno querés emprender",New_Distribution_278,merval,1,2024-11-29 01:04:58,t3_1h28kl3,t3_1h28kl3,comment
lziqs5j,"tbills y de a poco vas viendo y aprendiendo otras opciones de a montos mas chicos

depto por esa plata no se donde queiras encontrar; y verlo como inversión fijate la tir de alquilarlo: no la recuperas nunca. Si lo quisieras para vivir, es otra cosa

Usarla para un negocio que vos ya conozcas puede ser mejor opcion que la del depto, pero trae sus riesgos. Pero sin experiencia en el mercado especifico que queiras laburar es MUY jodido",Shiny5hoes,merval,1,2024-11-29 02:37:18,t3_1h28kl3,t3_1h28kl3,comment
lzj4dfe,Invertir en un fondo de inversiones,juanes8912,merval,1,2024-11-29 04:49:23,t3_1h28kl3,t3_1h28kl3,comment
lzjzlq6,"No se en que lugar conseguis un depto por 20/30 mil dolares pero adelante vaquero, lo mas barato puede ser en constitucion, pero generalmente ese precio valen las cocheras",[deleted],merval,1,2024-11-29 10:14:52,t3_1h28kl3,t3_1h28kl3,comment
lzk0rnq,"Contactaste a algún asesor financiero? Tenés alguno que te ayude a planificar?

Construir vs Comprar y alquilar vs Ponerte un negocio de un rubro específico son todas cosas distintas. Cada una tarda tiempos distintos en recuperar lo invertido. Además a todas esas opciones le tenés que estar muy encima, quizás es lo que querés pero no sé que tanto evaluaste ese aspecto.",CoolSnow01,merval,1,2024-11-29 10:23:48,t3_1h28kl3,t3_1h28kl3,comment
lzk0xt2,Derecho a YPF y cuando veas una tasa razonable de hipotecarios te compras un depto,LocksmithEven4085,merval,1,2024-11-29 10:25:07,t3_1h28kl3,t3_1h28kl3,comment
lzk2voj,¿Cuánto sale un depto en Argentina que ya con 20k piensan en comprar?,Helpful-Discipline-4,merval,1,2024-11-29 10:39:35,t3_1h28kl3,t3_1h28kl3,comment
lzkdq47,"Que suerte que heredan siendo jovenes, yo con casi 35 solo deudas, enfermedades y problemas psicos jaja

  
Si fuera vos compraria algun terreno seguro conseguis, si no ON y alguna otra inversion si te gusta la timba",milennium2,merval,1,2024-11-29 11:54:31,t3_1h28kl3,t3_1h28kl3,comment
lzkdxdc,"Que onda, la ONs te dan más rendimiento anual que poner Plata en un alquiler. Y tenes mayor liquidez. Ahora, depende tu nivel de riesgo. Tu objetivo de inversión, si especulas que va a subir el m2 mándale. Si lo haces exclusivamente por el retorno anual no conviene. Ahora tene en cuenta que las ONs están altas hoy y el metro cuadrado bajo, tendrías que analizarlo el día que tengas la guita que te conviene más.",Spiritual_Bottle_926,merval,1,2024-11-29 11:55:50,t3_1h28kl3,t3_1h28kl3,comment
lzkr67b,Invertí en educación es el mejor futuro,No_Restaurant_4697,merval,1,2024-11-29 13:15:51,t3_1h28kl3,t3_1h28kl3,comment
lzktgmc,"No se de donde sos pero en mi ciudad hay deptos que se consiguen por 25k usd (y no están en mal estado ni en feas zonas ni nada) yo en tu lugar me compraría uno para ya desligarme del tema alquilar de por vida y si de más grande eventualmente te compras un terreno y te haces tu casa o lo que sea, podes alquilar el depto que tenes y ya te da un ingreso extra mensual.",ImaginaryCommunity23,merval,1,2024-11-29 13:29:02,t3_1h28kl3,t3_1h28kl3,comment
lzl8ct1,"Invertí esa guita en vos, cursos, capacitaciones, alguna carrera o en ese negocio que tenés en mente. Lo que sea que te ayude a generar más guita en un futuro de tu profesión. 

Sos muy chico para enfocarte en inversiones, apartamentos o cryptos (casino). Eso viene más adelante cuando ya estás formado y te sobra la guita.",Ecstatic-Pin-2631,merval,1,2024-11-29 14:53:57,t3_1h28kl3,t3_1h28kl3,comment
lzlckwr,"Por empezar, estudiar lo que sea que te interese y no apurarte a “invertir” o gastar la plata. No la tenías antes así que no tengas apuro por no “perder” una oportunidad. Hay un canal de YouTube que se llama TalentLand o TalentAcademy en el que enseñan sobre inversiones de distinto tipo (bolsa, cripto) que te puede interesar. Pero de nuevo, lo importante es que no te apures y tomes decisiones informadas.",OnlyCollege9064,merval,1,2024-11-29 15:17:54,t3_1h28kl3,t3_1h28kl3,comment
lzlei8o,"Salvo que tengas alguna necesidad concreta, con 20k no te compras nada en lo que muebles respecta, al menos en el AMBA y ciudades grandes. Aparte, sería hacer toda una movida para algo que tampoco es tan redituable en mi opinión.",TuraSatana_,merval,1,2024-11-29 15:28:44,t3_1h28kl3,t3_1h28kl3,comment
lzn7rsr,comprá bitcoin ahora y agradeceme en 5 años cuando te compres una casa de 200 m2,Cebas42,merval,1,2024-11-29 22:02:11,t3_1h28kl3,t3_1h28kl3,comment
lznh1sw,comprate un 0k y hacelo uber,Silv3rH4w,merval,1,2024-11-29 23:05:01,t3_1h28kl3,t3_1h28kl3,comment
lzhgdia,Como viene la mano. Y una tendencia de inversión o crecimiento del sector primario y extractivo. Perfilaría en comprar un campo o terreno muy grande bien adentrado en la provincia para alquilarlo y/o producir algo. Podes averiguar en el INTA. Ellos te informan de todo. Quizá tengas que poner un poco más de plata. Es algo que estuve investigando hace poco.,Hot-Big-4242,merval,1,2024-11-28 20:51:50,t3_1h28kl3,t3_1h28kl3,comment
lzhkl9a,Actualmente es poca guita no haces mucho.,beswik1,merval,1,2024-11-28 21:21:25,t3_1h28kl3,t3_1h28kl3,comment
lzi0jk5,Mirate los videos de Walter Saqueta Melo en Instagram para invertir en obligaciones negociables. Te pueden llegar a rendir un 8% anual en dólares.,wonderfaller,merval,1,2024-11-28 23:16:01,t3_1h28kl3,t3_1h28kl3,comment
lzhgq6g,"Terreno en algún futuro loteo.. 


En lo personal, compré 2 lotes en pandemia a 15 k c/u hoy valen más de 30 c/u


Edit. El loteo recién iniciaba y no tenía posesión al corto plazo. Hoy si",Vendaval84,merval,-1,2024-11-28 20:54:18,t3_1h28kl3,t3_1h28kl3,comment
lzkljr2,"Jajajjajja está velando a la abuela en vida, que piraña hdp",salustianovergatiesa,merval,0,2024-11-29 12:43:05,t3_1h28kl3,t3_1h28kl3,comment
lzhfr99,[removed],[deleted],merval,-2,2024-11-28 20:47:30,t3_1h28kl3,t3_1h28kl3,comment
lzhnr6i,Un auto y un terreno pelado,SameEmotion8694,merval,-1,2024-11-28 21:43:59,t3_1h28kl3,t3_1h28kl3,comment
lzjmuzi,Andate del pais,mrnitins,merval,-1,2024-11-29 08:17:17,t3_1h28kl3,t3_1h28kl3,comment
lzhn51n,"Dolar Mep, te haces de pesos, y todo en acciones.",SarasaGusman,merval,-4,2024-11-28 21:39:34,t3_1h28kl3,t3_1h28kl3,comment
lzho5yl,"Puedo estar re equivocado, pero creo que con 20k USD para un inmueble no hacés nada. Para sacar una hipoteca te piden que mínimo tengas el 50% del inmueble, y después el monto máximo depende de tus ingresos.

OP tendría que apuntar a una dpto de 40k - 50k usd. No se qué te podés comprar con eso, al menos en CABA",Enginikts,merval,19,2024-11-28 21:46:54,t1_lzhje3j,t3_1h28kl3,comment
lzhnnaw,"Sí es pagable, miles de verdes.",Feisty-Challenge1366,merval,5,2024-11-28 21:43:12,t1_lzhje3j,t3_1h28kl3,comment
lzky5gi,Decime que no sabes una mierda de finanzas sin decirme que no sabes una mierda de finanzas,fralifax,merval,0,2024-11-29 13:55:57,t1_lzhje3j,t3_1h28kl3,comment
lzjzsrz,"A la vuelta de mi casa construyeron una casa de dos pisos, apenas se termino aparecio el dueño del terreno con los papeles. Familia de 4 se tuvieron que ir a alquilar a otro lado.",[deleted],merval,10,2024-11-29 10:16:22,t1_lzhh2ef,t3_1h28kl3,comment
lzj4al4,"Aparte quiere depto, negocio y no se que más... tas re perdido chabon 20k son tu colchon por un par de años, agradece y trata de descubrir de qué corno vas a vivir el resto de la vida.",No_Dealer_7928,merval,1,2024-11-29 04:48:34,t1_lzhfb51,t3_1h28kl3,comment
lzkz1co,el negro papa,eimattz,merval,0,2024-11-29 14:01:00,t1_lzhfb51,t3_1h28kl3,comment
lzhph31,No tenes que volver a reinvertir las ganancias igual periódicamente o eso se acumula solo? Para que sea compuesto en vez de simple. Perdon si es una pregunta pelotuda jaja,Quick-Teacher-2379,merval,7,2024-11-28 21:56:17,t1_lzhndwp,t3_1h28kl3,comment
lzk0wa2,Tenes que saber cuando entrar (a menso que hagas Dollar-Cost Averaging),manteca2,merval,3,2024-11-29 10:24:48,t1_lzhndwp,t3_1h28kl3,comment
lzn6r4n,"Ya salió el primero a decir q ""es poca guita, no se puede hacer nada con eso, etc etc"" Me gustaría saber cuánto con el q podes empezar a invertir para ellos.",CucarachaRosarina,merval,3,2024-11-29 21:55:15,t1_lzhndwp,t3_1h28kl3,comment
lziw2ox,Qué es etfs,Noidea_clairdelune,merval,2,2024-11-29 03:25:41,t1_lzhis1m,t3_1h28kl3,comment
lzjpelx,"Me gustó, esta es muy buena op. Lime te puedo preguntar el costo mensual de mantenimiento incl imp y servicios si tiene, y que zona elegiste y por qué? Gracias",john_slideback,merval,1,2024-11-29 08:44:06,t1_lzhns03,t3_1h28kl3,comment
lzley5v,"Hola, te quería consultar si en esos tipos de barrios no te piden que construyas algo, o si podes tenerlo parado ahí 1/2 años para después revenderlo. A su vez, cuando se escritura y queres revender tenes que ir por la misma inmobiliaria que compraste o no necesariamente? Gracias",Repulsive-North-910,merval,1,2024-11-29 15:31:15,t1_lziryyf,t3_1h28kl3,comment
lzhhx5a,Pense que ibas a rematar para otro lado.,licenciadoenopinion,merval,12,2024-11-28 21:02:36,t1_lzhdtqe,t3_1h28kl3,comment
lzhwqnk,que consejo pelotudo la verdad,Nekunumeritos,merval,5,2024-11-28 22:48:31,t1_lzhdtqe,t3_1h28kl3,comment
lzkz9js,20k en educación? ulala,eimattz,merval,2,2024-11-29 14:02:20,t1_lzhdtqe,t3_1h28kl3,comment
lzht4wd,Producir algo entorno a la ganadería o siembra? Obviamente dependiendo la zona.,Luciouu26,merval,1,2024-11-28 22:22:42,t1_lzhgdia,t3_1h28kl3,comment
lzn7ued,"El segundo, cuánto es mucha guita para vos?",CucarachaRosarina,merval,3,2024-11-29 22:02:41,t1_lzhkl9a,t3_1h28kl3,comment
lzjlmxk,estan re caras las on,Ok-Tart4802,merval,2,2024-11-29 08:03:52,t1_lzi0jk5,t3_1h28kl3,comment
lzidgvq,"Como funciona el lotear un terreno? Tengo entendido que vale por metro cuadrado, al dividirlo en mas partes como terminas sacando mas plata?",Moorepizza,merval,0,2024-11-29 00:50:08,t1_lzhgq6g,t3_1h28kl3,comment
lzhhjey,[removed],[deleted],merval,1,2024-11-28 20:59:55,t1_lzhfr99,t3_1h28kl3,comment
lzhwiys,Un fiat uno 2002 y un terreno de 10x10 en la matanza capaz le alcanza,Efficient_Pomelo_583,merval,1,2024-11-28 22:46:59,t1_lzhnr6i,t3_1h28kl3,comment
lzhpk0a,Te piden el 20/25% según el banco. Un depto de 80k es totalmente viable. El tema es que tenga ingreso en blanco para que se lo den,Lucadespo,merval,24,2024-11-28 21:56:52,t1_lzho5yl,t3_1h28kl3,comment
lzhytue,"Cuestión de donde viva. 

Pehuajo por 39.000 podes tener una casa sin rejas en las ventanas, y vivir donde vivía Manuelita. 

https://www.zonaprop.com.ar/propiedades/clasificado/veclcain-casa-en-venta-en-pehuajo-54656699.html

5 ambientes modestos.",33p857,merval,26,2024-11-28 23:03:34,t1_lzho5yl,t3_1h28kl3,comment
lznm7xn,"Si, estás re equivocado. Los hipotecarios están pidiendo el 20% más gastos que son unos 8% más. Con 20k entras perfecto para un monoambiente, o un ambiente, incluso un dos ambientes barato. Lo que si tiene que tener es ingresos suficientes para pagar el préstamo. Por ejemplo para un depto de 90k los bancos te dan el 80%, es decir 72k a 30 años. Vos con esos 20 completas los 90 y los gastos y te quedas con una cuota de unas 300 Lucas.",Additional-Support-3,merval,1,2024-11-29 23:40:41,t1_lzho5yl,t3_1h28kl3,comment
lzho4vy,Con los saltos de interés pagar es un chiste negro,gastonr,merval,2,2024-11-28 21:46:41,t1_lzhnnaw,t3_1h28kl3,comment
lzkfu3i,"Entendiste mal, menciona las 3 opciones que baraja, no que piensa hacer las 3 cosas con 20k............",lalomira,merval,7,2024-11-29 12:07:55,t1_lzj4al4,t3_1h28kl3,comment
lzhsxqk,"Se va acumulando solo. Y vas generando ganancias sobre las ganancias, eso es interés compuesto.",Luciouu26,merval,7,2024-11-28 22:21:17,t1_lzhph31,t3_1h28kl3,comment
lzm2ybm,aunque hayas entrado en las peores crisis hoy estarias muy arriba,sheikov,merval,1,2024-11-29 17:49:40,t1_lzk0wa2,t3_1h28kl3,comment
lzncwm0,"En acciones? No se cuanto es el minimo, $1000? Depende el broker",sheikov,merval,1,2024-11-29 22:37:01,t1_lzn6r4n,t3_1h28kl3,comment
lzjoc2u,"Habla de ETF. Un instrumento donde pones la plata y se encargan ellos de invertir en una composición que varia segun el ETF que elijas. Entre los más populares el SP500, donde invierten en las 500 empresas mas valiosas de EE.UU  
Existe mucha info acerca de que invertir en eso en plazos largos de tiempo, siempre te dá rendimientos positivos",demonius122,merval,4,2024-11-29 08:33:04,t1_lziw2ox,t3_1h28kl3,comment
lzk678w,ETFS significa “el truco falló” o “estoy todo fundido”.,Varsoviadog,merval,3,2024-11-29 11:03:28,t1_lziw2ox,t3_1h28kl3,comment
lzlc0gh,"Lo unico por ahora son 15k de seguridad mensual. No tiene servicios y el impuesto lo empiezo a pagar el mes q viene seguramente porq ya hice la escritura este mes. Compré en provincia de Bs As, la matanza porq son zonas q se están urbanizando muy rapido en los últimos años (y me queda cerca por si debo ir por cualquier cosa). Eso y que el precio estaba muy economico porq se lo ofrecian a un pariente que en ese momento no podía comprar y me lo ofreció a mi. Y siempre quise un terreno, que se yo no mucho mas",LimeNo33,merval,2,2024-11-29 15:14:41,t1_lzjpelx,t3_1h28kl3,comment
lzhktnm,Juegos de azar y mujerzuelas?,Accomplished-Fox2275,merval,10,2024-11-28 21:23:05,t1_lzhhx5a,t3_1h28kl3,comment
lzi3yd1,"Gano 20k en tres meses con lo que estudie y con la experiencia que ahora tengo. No me parece tan mal como decis. El conocimiento no te lo quita nadie y si tenes idiomas trabajas para afuera. 
No es una inversión rápida ni tampoco barata, una buena carrera en una uni en argentina sale eso y afuera mucho más. 
Desde mi experiencia, ya tengo mis años, es el consejo que daría a mi yo de 20 años.",123Eng123,merval,4,2024-11-28 23:40:43,t1_lzhwqnk,t3_1h28kl3,comment
lzljuf4,Es el mejor consejo en este post.,NineThunders,merval,1,2024-11-29 15:59:12,t1_lzhwqnk,t3_1h28kl3,comment
lzi2xbj,"Hay que informarse. Muchas veces al productor le rinde alquilar y el precio del alquiler depende de la rentabilidad de este. La alfalfa cotiza caro me dijeron y es algo que se produce en cualquier lado, es cuestion de averiguar igual.",Hot-Big-4242,merval,2,2024-11-28 23:33:15,t1_lzht4wd,t3_1h28kl3,comment
lzk4xn4,"Compras en un barrio no urbanizado a bajo precio, esperas unos años a que se urbanice y suba el valor y vendés",yellowumbrella___,merval,3,2024-11-29 10:54:27,t1_lzidgvq,t3_1h28kl3,comment
lzhod3n,[removed],[deleted],merval,3,2024-11-28 21:48:19,t1_lzhhjey,t3_1h28kl3,comment
lzi0kd6,Los terrenos en los pueblos son más baratos. No los más lindos pero lugares tranquilos.,Vegetable_Carrot9638,merval,1,2024-11-28 23:16:10,t1_lzhwiys,t3_1h28kl3,comment
lzhznwh,El tema es cuando OP se marche y nadie sepa bien por qué,Enginikts,merval,125,2024-11-28 23:09:41,t1_lzhytue,t3_1h28kl3,comment
lziv28l,"Imaginate tener 20 años vivir en caba y mudarte a pehuajo solo, sin conocer a nadie. Los primeros días disfrutas el espacio. A la semana estás viendo de que manera te volvés",CarusoLombardi,merval,17,2024-11-29 03:16:09,t1_lzhytue,t3_1h28kl3,comment
lzkywem,para el que no sepa: pehuajo queda en la concha la lora,eimattz,merval,7,2024-11-29 14:00:14,t1_lzhytue,t3_1h28kl3,comment
lzmctn6,"Y para el que no sepa, manuelita no es como la película... es mucho peor.",jonyp5145,merval,1,2024-11-29 18:47:11,t1_lzhytue,t3_1h28kl3,comment
lzhux7v,"Creo que se refería a los dividendos y en el caso de los cedears no se acumula sólo. 

En interactive brokers tenés algunos etf que sí acumulan los dividendos y te ahorras el 30% de impuesto a los dividendos que te cobran por no ser de Estados Unidos",hummail,merval,8,2024-11-28 22:35:28,t1_lzhsxqk,t3_1h28kl3,comment
lzkjh1i,[deleted],[deleted],merval,1,2024-11-29 12:30:31,t1_lzhsxqk,t3_1h28kl3,comment
lzmk1ou,Pensé que hablaba de ETS,LowerRuin2199,merval,3,2024-11-29 19:30:02,t1_lzjoc2u,t3_1h28kl3,comment
lzim8qy,Se puede aprender o ganar dinero sin pagar millonada una carrera,juan-gato,merval,3,2024-11-29 01:58:35,t1_lzi3yd1,t3_1h28kl3,comment
lzigd9f,Que estudiaste loco? Bien ahi,elcolegio,merval,2,2024-11-29 01:12:01,t1_lzi3yd1,t3_1h28kl3,comment
lzim4gt,"Me parece que desmeritas mucho la educación publica que tenemos, no necesitas pagar 20k dólares para tener una buena educación en algo útil",Nekunumeritos,merval,1,2024-11-29 01:57:36,t1_lzi3yd1,t3_1h28kl3,comment
lziwiur,"En la gran mayoría de los contratos agrarios no hay desembolso de efectivo, sino que se reparte el valor de la comercialización del producido. Imagínate que vos alquilas un campo, encima tenes que explotarlo y sortear las pérdidas, eso no existe.",Sad-Presence-7572,merval,1,2024-11-29 03:29:59,t1_lzi2xbj,t3_1h28kl3,comment
lzihwdy,Comentario del año del sub,cadarlion,merval,11,2024-11-29 01:23:51,t1_lzhznwh,t3_1h28kl3,comment
lzii4j5,Quizas puedan ir a preguntarle a París,gonzaleandro,merval,9,2024-11-29 01:25:37,t1_lzhznwh,t3_1h28kl3,comment
lzjxhm3,"Dps de cantarle 16.027 veces manuelita a mi pibe en los últimos dos meses, este comentario me hizo muy feliz.",brank87,merval,4,2024-11-29 09:58:00,t1_lzhznwh,t3_1h28kl3,comment
lzju7cl,Justamente eso es lo que le pasó a Manuelita!,malcayag,merval,14,2024-11-29 09:30:07,t1_lziv28l,t3_1h28kl3,comment
lzhv5xh,Gracias a ambos! Interactive brokers es una plataforma? Confiable? Nunca la escuche. La voy a buscar,Quick-Teacher-2379,merval,4,2024-11-28 22:37:13,t1_lzhux7v,t3_1h28kl3,comment
lzmh3nu,"Si compraste 100 a fin de año esos 100 son 105. No los vendes, .
Ponele el año siguiente el SPY da 6% ese 6% es por lo que ya tenías invertido o sea sobre 105. Ahora tenés 111,5
El año siguiente bajo 2%, ahora tenés 109,7
El otro subió 10%
 Ahora tenés 119,98

Y así en eternum. El tema es nunca sacar la plata hasta que realmente la quieras sacar de circulación",Ok-Travel8595,merval,1,2024-11-29 19:12:28,t1_lzkjh1i,t3_1h28kl3,comment
lzl2nbj,Estudie ingeniería electrónica.  Luego me especialice en ingeniería de datos.,123Eng123,merval,3,2024-11-29 14:21:48,t1_lzigd9f,t3_1h28kl3,comment
lzi4y4a,"Olvidate de Interactive Brokers a menos que tengas la plata afuera, los dividendos que vas a recibir son solo una pequeña parte de todo esto, se pagan cuatrimestralmente pero vas a recibir muuuuuuuuy poco, podes entrar un par de veces al año reinvertirlos y listo. Lo importante de esta inversion es el interes compuesto sobre el valor del CEDEAR, no tanto el dividendo.",sheikov,merval,6,2024-11-28 23:47:47,t1_lzhv5xh,t3_1h28kl3,comment
lzi525y,Te referis a mantener el cedear en posesion por muchos años y ya?,Quick-Teacher-2379,merval,3,2024-11-28 23:48:34,t1_lzi4y4a,t3_1h28kl3,comment
lzich8q,Si,Jonaa97,merval,2,2024-11-29 00:42:45,t1_lzi525y,t3_1h28kl3,comment
lzm2u5g,claro,sheikov,merval,1,2024-11-29 17:49:01,t1_lzi525y,t3_1h28kl3,comment
lz5a8lf,"Si tenes todo en blanco, los que quieras.",[deleted],merval,29,2024-11-26 19:04:19,t3_1h0o4u6,t3_1h0o4u6,comment
lz5gpr1,"Para comprar dólar MEP tenés que abrir una cuenta comitente en un banco o usar un broker.

Recordatorio de que el dólar MEP es la cantidad de dólares que se consigue por compra/venta de bonos.

Si vas a estar comprando dólar MEP, y no tenes ninguna forma de demostrar fondos ni al banco como para abrir cuenta comitente y compra de bonos, o de dólares provenientes de un broker hacia tu cuenta en usd del banco, casi te digo que no te arriesgues a comprar un solo USD MEP",CodesBen,merval,9,2024-11-26 19:39:49,t3_1h0o4u6,t3_1h0o4u6,comment
lz6a8mf,"En mercadopago 1800 usd mensuales si es que no actualizaron el monto. El tema es que tenés que pasarlos a alguna billetera que se puedan hacer débitos en dólares, en mp no se puede.",SuperLogicMadness,merval,4,2024-11-26 22:39:47,t3_1h0o4u6,t3_1h0o4u6,comment
lz5u3zd,En negro? 0,Plus_Sheepherder6926,merval,2,2024-11-26 20:59:21,t3_1h0o4u6,t3_1h0o4u6,comment
lzbn5py,"Loco, si tu economía es medio gris para que te complicas? Compra blue, además hoy está muy cerca del MEP para arriesgarse.",galileo634,merval,1,2024-11-27 20:21:30,t3_1h0o4u6,t3_1h0o4u6,comment
lz5nqk7,Lo que puedas justificar. Hacete un monotributo sino si tenés miedo que te pidan papeles y subís eso.,mayoruk,merval,0,2024-11-26 20:20:30,t3_1h0o4u6,t3_1h0o4u6,comment
lz6e0ma,Depende de cuanto ganes en blanco. Si es inconsistente te van a preguntar.,juancn,merval,0,2024-11-26 23:03:24,t3_1h0o4u6,t3_1h0o4u6,comment
lz5jarl,"Una salvedad que para los mortales no nos aplica: a menos que la hayan sacado en el último tiempo, existe una limitación para comprar hasta 100.000 nominales por semana... Pero bueno, calculo que quien puede comprar 70k USD debe tener otras maneras de hacerse de divisas...",SanD-82,merval,17,2024-11-26 19:54:22,t1_lz5a8lf,t3_1h0o4u6,comment
lz5w7c4,"Esto. Si me paso con los depositos que hago regularmente ya me llaman del broker que presente justificativo o me cierran la cuenta, me tiran la plata a la calle y no me dirigen la palabra ni en el colectivo.
Me pasa generalmente en los aguinaldos",Frauvalhallen,merval,3,2024-11-26 21:12:18,t1_lz5gpr1,t3_1h0o4u6,comment
lz7ze7o,"Es más, y el límite lo podes quitar si presentas constáncia de trabajo.",b14ck_jackal,merval,2,2024-11-27 07:10:23,t1_lz6a8mf,t3_1h0o4u6,comment
lzfmhtb,"NaranjaX permite comprar con la tarjeta de débito en dólares. No sé el resto de billeteras 

Si no, muchos bancos lo permiten también",FrancoR29,merval,1,2024-11-28 14:23:18,t1_lz6a8mf,t3_1h0o4u6,comment
lz5mm65,Y no estaria preguntando x aca tampoco (creo y espero),Tutenioo,merval,17,2024-11-26 20:13:47,t1_lz5jarl,t3_1h0o4u6,comment
lzb43wb,"naah solo 100.000 ptm y ahora que hago!! s/

OJALA algún dia tu data me sirva, pero tengo mas chances de cojer con el regen de pampita creo.",santiagoxllx,merval,3,2024-11-27 18:33:49,t1_lz5jarl,t3_1h0o4u6,comment
lz6851r,"Creo que esto existe, por eso hay una exepción para hipotecarios.",Jauretche,merval,1,2024-11-26 22:26:43,t1_lz5jarl,t3_1h0o4u6,comment
lzcbzvb,"Soy de boke, usted dice que máximo se pueden comprar 100.000 pesos por semana, o 100.000usd? No comprendo lo de 100.000 nominales.",Rack676,merval,1,2024-11-27 22:59:44,t1_lz5jarl,t3_1h0o4u6,comment
lz5z3jo,"Jajaja, quiero creer... pero bueno, si bien 100.000 nominales semanales creo nos escapa a los mortales, igual quería aclararlo ya que eso de ""los que quieras"" no es tan tan así...",SanD-82,merval,3,2024-11-26 21:30:23,t1_lz5mm65,t3_1h0o4u6,comment
lzcp4x3,"100k nominales contra el valor del al30, si mal no entiendo es un “valor” de referencia",[deleted],merval,1,2024-11-28 00:26:55,t1_lzcbzvb,t3_1h0o4u6,comment
lwrkt6e,Desde mi punto de vista lo que te conviene más es,tincho_ctrl,merval,74,2024-11-12 13:05:30,t3_1gpny70,t3_1gpny70,comment
lwrjwuz,"Mira, esto puede subir, puede bajar o puede lateralizar, hace lo que sientas correcto con esta información, saludos 

No es consejo de inversión /s",tinchomatador12,merval,45,2024-11-12 13:00:44,t3_1gpny70,t3_1gpny70,comment
lwrl66g,[removed],[deleted],merval,9,2024-11-12 13:07:24,t3_1gpny70,t3_1gpny70,comment
lwrm4fe,"Estas desde 17.000.... le ganaste un monton. Si tenes un uso para la plata, vende... sino quedatelo sabiendo que esto sube vertiginosamente y despues baja de la misma manera.

Lo bueno para la gente que esta hace rato como vos es que siempre encuentra piso un poco mas arriba que la ultima baja por lo cual a largo plazo vas capitalizandote.

El problema lo tienen los que se suben en la cresta de la ola porque te podes comer la bajada completa cuando llega.",crfenix,merval,9,2024-11-12 13:12:26,t3_1gpny70,t3_1gpny70,comment
lwrpk8e,"Opino que no va a mantener el mismo valor para mañana, vos mandate, re si. Pero no mucho por las dudas.",Timely-Name-821,merval,6,2024-11-12 13:30:24,t3_1gpny70,t3_1gpny70,comment
lwrkj3v,"Y ... Yo me imagino que un toque va a bajar ahora porque subió mucho, igual el que te dice que puede predecir el bitcoin miente. Yo compro cuando llora Twitter y vendo en momentos como estos.",tomazu07,merval,6,2024-11-12 13:04:00,t3_1gpny70,t3_1gpny70,comment
lwrt21d,"Si lo necesitas vende si no espera a que asuma el gobierno y fíjate que pasa.
Yo compré dogecoin y en la semana duplicó su valor por eso es mejor esperar o vende un poco y deja algo que siempre te puede salvar",Yuki-579,merval,3,2024-11-12 13:48:23,t3_1gpny70,t3_1gpny70,comment
lwt9yo7,La pregunta del millón. No hay respuesta correcta. Necesitas la guita? Vendé. Podes aguantar unos años más? Esperá. Necesitas una parte? Vendé un poco. Es muy personal. Hagas lo que hagas no te arrepientas. Peor le pasó al que vendió BTC para comprar pizzas.,galileo634,merval,3,2024-11-12 18:22:08,t3_1gpny70,t3_1gpny70,comment
lwv0vju,Compra PEPE,ZiYu14,merval,3,2024-11-13 00:23:50,t3_1gpny70,t3_1gpny70,comment
lwrr0ns,"Para mí depende de si cuando compraste la pensaste como una inversión a corto o larzo plazo. Si necesitás tener disponible la plata, vendé, porque en el corto plazo supongo que va a bajar dado que subió mucho. Si no la necesitás, guardá, que a la larga nunca vas a perder si sabés aguantar y no te desesperás cuando baja. Yo lo que hago es comprar cuando puedo, que es menos de lo que quisiera, y vender solamente cuando necesito la plata para algún extra. Me desentiendo del precio y me ahorro el stress, aunque trato  de no vender si está bajo (consigo la plata de otro modo si la necesito) y por el contrario trato de aprovechar esas bajadas. No siempre se puede. pero si lo pensás como una estrategia a largo plazo, no vas a perder nunca.",MajorVersion,merval,2,2024-11-12 13:38:01,t3_1gpny70,t3_1gpny70,comment
lwsmfuu,"La respuesta es: depende. Depende de tu objetivo, ¿qué querés hacer con ese plata? ¿Tenés la posibilidad de dejarlo invertido más tiempo sin que lo necesites o vas a requerirlo en el corto plazo?

En el corto plazo puede pasar cualquier cosa, es prácticamente imposible predecir. No te olvides de la historia del tipo que vendió todos sus Bitcoin cuando llegaron a 100 dólares con un x10 de ganancia y despues se quiso cortar los huevos.",WhitteMT,merval,2,2024-11-12 16:18:15,t3_1gpny70,t3_1gpny70,comment
lws9uqw,"Si de algo te sirve, a penas me animé a invertir en BTC hoy. Al parecer la especulacion es que llegara a 100k, y por lo que he escuchado, esto no tiene limite.",Redditor_2020_,merval,2,2024-11-12 15:14:09,t3_1gpny70,t3_1gpny70,comment
lwt5wr5,"Cuando yo venda, vende.",Firm_Translator_8623,merval,1,2024-11-12 17:58:08,t3_1gpny70,t3_1gpny70,comment
lwwnpwj,Hodl,Sea_Example1548,merval,1,2024-11-13 09:28:16,t3_1gpny70,t3_1gpny70,comment
lwrlw1d,Tus 1000 valen ahora 5000 si es un dinero que lo necesitas o lo reinvertiras te diría que  lo vendas pero si ni lo necesitas o lo vas a malgastar es preferible dejarlo a la larga siempre subirá.,mawy007,merval,1,2024-11-12 13:11:12,t3_1gpny70,t3_1gpny70,comment
lwryvb1,"Para mi la que es muy buena es retirar lo que pusiste y recuperar la inversión. El resto es ganancia, pero al menos al retirar tenés lo inicial, asi que ya de arranque no perdiste.

Se me hizo un trabalenguas. Si puse 1000 usd y ahora tengo 4600 usd, retiraria 1000 o 2000 usd y el resto especulo que puede subir mas.",EngineeR1ng,merval,1,2024-11-12 14:18:14,t3_1gpny70,t3_1gpny70,comment
lws8vje,"No vendas, aguantalo hasta septiembre/octubre 2025, el ciclo recién arranca",Lacaffeina,merval,1,2024-11-12 15:09:09,t3_1gpny70,t3_1gpny70,comment
lwrp2ku,Hajaajjaajaja,Living_Sky7251,merval,3,2024-11-12 13:27:50,t1_lwrkt6e,t3_1gpny70,comment
lwu8hk5,Hmmm y si llegara a suceder que,edvmreddit,merval,3,2024-11-12 21:34:20,t1_lwrkt6e,t3_1gpny70,comment
lwtbry8,Hmmm no sé no estoy muy de acuerdo con lo que planteás. Entiendo tu punto pero creo que OP debría considerar también que,-Linno,merval,6,2024-11-12 18:32:22,t1_lwrkt6e,t3_1gpny70,comment
lwrl04x,Espectacular tu consejo,lewolq,merval,5,2024-11-12 13:06:31,t1_lwrkt6e,t3_1gpny70,comment
lwzz6ki,Es justo lo que yo hice,Ciudadano_Ejemplar,merval,2,2024-11-13 20:14:30,t1_lwrkt6e,t3_1gpny70,comment
lwrk0xd,Por eso estoy escuchando segunda opinión de gente que sabe más que yo,lewolq,merval,1,2024-11-12 13:01:20,t1_lwrjwuz,t3_1gpny70,comment
lwrlbef,"No, estoy ahorrando para un objetivo en particular",lewolq,merval,3,2024-11-12 13:08:09,t1_lwrl66g,t3_1gpny70,comment
lwrvnmd,"Yo hice eso, ahora veo que está empezando a tener tendencia a la baja otra vez el perrito",grandkamikaze,merval,1,2024-11-12 14:01:34,t1_lwrt21d,t3_1gpny70,comment
lwrstxc,"Necesito a mediana.
No dependo de eso, por suerte",lewolq,merval,1,2024-11-12 13:47:15,t1_lwrr0ns,t3_1gpny70,comment
lwsmmjl,"Estoy apuntando a una casa de familia, a mediano plazo y es un buen refuerzo",lewolq,merval,1,2024-11-12 16:19:12,t1_lwsmfuu,t3_1gpny70,comment
lwteblk,Avísame,lewolq,merval,1,2024-11-12 18:45:54,t1_lwt5wr5,t3_1gpny70,comment
lwrrp70,Por qué subiría siempre a la larga ?,No_Cold5079,merval,1,2024-11-12 13:41:28,t1_lwrlw1d,t3_1gpny70,comment
lwzzsqb,Me toco el izq,Ciudadano_Ejemplar,merval,1,2024-11-13 20:18:04,t1_lws8vje,t3_1gpny70,comment
lwsavt1,ANULO MUFA,lewolq,merval,1,2024-11-12 15:19:22,t1_lws8vje,t3_1gpny70,comment
lwrqmtm,"Hmm, yo creo que si alguien supiera más que nosotros y supiera por ejemplo que cierta cosa va a subir/bajar, ese alguien se guardaría esa información o intentaría mentirnos para beneficiarse a si mismo. Decir la verdad y ayudar porque sí solo disminuiría sus ganancias un poco, aunque sea marginalmente, al ya no ser uno de los pocos que tomó la dirección correcta.",Timely-Name-821,merval,7,2024-11-12 13:36:01,t1_lwrk0xd,t3_1gpny70,comment
lws7d6z,"Si hiciste una inversión que para tu bolsillo fue considerable hace varios años de algo que te dio los tremendos rendimientos que se supone que te tuvo que haber dado BTC, no hay demasiada gente en posición de darte consejos a vos. Seguí la misma intuición y deducción que te llevó a comprar y holdear.",[deleted],merval,3,2024-11-12 15:01:25,t1_lwrk0xd,t3_1gpny70,comment
lwrsxra,el objetivo tiene que ver con algo material que después te va a quedar? o algo que a la larga te va a generar guita? o algo tipo vacaciones?,Glad-Butterfly806,merval,3,2024-11-12 13:47:47,t1_lwrlbef,t3_1gpny70,comment
lwso6yg,"No conozco bien tu perfil ni el tiempo que tenés en mente para construir la casa. **Yo vendería parcialmente**, pero dejaría como mínimo la inversión inicial. La ganancia la rotaría hacia activos más seguros. Sin embargo, si tenés la posibilidad de dejarlo invertido por 10 años más sin que te afecte, probablemente optaría por esa opción. (Obvio no es recomendacion de inversion)",WhitteMT,merval,2,2024-11-12 16:27:09,t1_lwsmmjl,t3_1gpny70,comment
lwxvxha,"Te avisare, tranca",Firm_Translator_8623,merval,2,2024-11-13 13:48:52,t1_lwteblk,t3_1gpny70,comment
lwrspp3,por la misma inflación que tiene el mundo. en dolares siempre a la larga va a seguir subiendo (a menos que haya una WW3 o algo muy extremo).,Glad-Butterfly806,merval,2,2024-11-12 13:46:39,t1_lwrrp70,t3_1gpny70,comment
lwrs9m2,Los bienes tienen un valor de acuerdo a la disponibilidad del mismo bitcoin es exponencialmente más difícil de minar y en algún momento ya no se podrá por lo tanto su valor en una línea temporal aumenta. En cambio el dolar se imprime básicamente y por eso pierde su valor a la larga.,mawy007,merval,1,2024-11-12 13:44:23,t1_lwrrp70,t3_1gpny70,comment
lwrv91h,"En teoría se puede asumir que más de una eprsona va tener esa información (generalmente de poco impacto) y eso ya está calculado en el precio actual. Se llama teoría del mercado eficiente. 

Alguien que sabe te va a decir o que es una mierda y que no tenes que tocarlo o que, si tenes la suerte de poder invertir, poner poco % porque es de alto riesgo, diversificado entre cosas crypto con aún más riesgo ya que el mercado es muy correlacionado
Salu2",FeelTheFish,merval,3,2024-11-12 13:59:29,t1_lwrqmtm,t3_1gpny70,comment
lwrt8br,"Si, voy a hacer un ALL IN en un inmueble dado que AirBnB es pérdida hoy en día, y el alquiler que me pagan de mi otro depa es bajo",lewolq,merval,3,2024-11-12 13:49:16,t1_lwrsxra,t3_1gpny70,comment
lwxwk3g,"No vendí, hoy volví a ganar!
Gracias!",lewolq,merval,1,2024-11-13 13:52:03,t1_lwxvxha,t3_1gpny70,comment
lwrsoaj,"Claro, pero el Bitcoin no es un bien tangible y su valor viene dado por la falopa del que lo compra.",No_Cold5079,merval,5,2024-11-12 13:46:27,t1_lwrs9m2,t3_1gpny70,comment
ly8nkof,"Hace poco hice un trabajo sobre Loma Negra en la universidad, te digo que es de las fabricantes de cemento mas grande, hace unos años(2017) se unio a intercement que es la agrupación de las empresas de cemento mas importantes del mundo.

Ahora que ya auspicie a Loma Negra te aconsejo que la plata la dejes un tiempo y que solo lo uses para cosas que a vos te parezcan importantes (Comprarle algo lindo a tu mama es algo importante por ejemplo)",Zekecraxcker,merval,11,2024-11-21 09:12:31,t3_1gwej9e,t3_1gwej9e,comment
ly8oaqq,Por que invertiste en LOMA desde un principio? Sabes algo? Tenes fe en que se reactive la construcción?,spender-2001,merval,5,2024-11-21 09:18:19,t3_1gwej9e,t3_1gwej9e,comment
ly8o07l,"Hay que esperar my friend, yo tambien creo que Loma Negra va a ser faro en el supuesto crecimiento que nos espera. Si pusiste para sacar ganancia en mediano plazo, cagaste.",PowerfulScallion_,merval,3,2024-11-21 09:15:59,t3_1gwej9e,t3_1gwej9e,comment
ly9gjz8,"Yo compre 150k hace 7 meses y les saque un 50%, me arrepiento de no haber metido mas, pero sigo pensando que el potencial que tiene de reactivarse el pais es brutal",Matkossj,merval,3,2024-11-21 13:04:17,t3_1gwej9e,t3_1gwej9e,comment
ly8mbes,"Por qué perderlos? Creo q depende de tus plazos, de q otras cosas tengas...

Yo creo q Loma va a ser una de las grandes ganadoras si sucede la reactivación de los proximos 2 años...",InevitableBit2367,merval,1,2024-11-21 09:02:12,t3_1gwej9e,t3_1gwej9e,comment
lyc4qcp,Tenés que comparar el PER de loma vs otras cementeras de LATAM y sacar tus conclusiones,LocksmithEven4085,merval,1,2024-11-21 21:28:55,t3_1gwej9e,t3_1gwej9e,comment
lym9y5x,"Che, es mucha guita para vos esos 40mil pesos? 🤔 si es así te recomiendo hacer money market, unos meses antes de meterte en renta variable. A menos que no necesites para nada esa guita.",Spiritual_Bottle_926,merval,1,2024-11-23 15:52:05,t3_1gwej9e,t3_1gwej9e,comment
lyo2wdy,"Pensá que LOMA tiene ticker en USD (LOMAD), y es menos volátil que ARS. Si compraste a buen precio en $, podes salir con ganancia en USD. 
Saludos. ",No_Version8319,merval,1,2024-11-23 22:07:18,t3_1gwej9e,t3_1gwej9e,comment
ly8o5yu,El merval en máximos históricos de ultimos probablemente 40 años. Ahora lo subo.,armonicoenfuga,merval,1,2024-11-21 09:17:17,t3_1gwej9e,t3_1gwej9e,comment
ly92ro7,Zhy,MrPlastilina,merval,2,2024-11-21 10:57:36,t1_ly8oaqq,t3_1gwej9e,comment
ly8qczq,si,chikibrikidamke,merval,0,2024-11-21 09:34:17,t1_ly8oaqq,t3_1gwej9e,comment
lymatno,money market y FCIs son lo mismo? Lei algo de eso en PPI pero hay tantos a donde meter la guita que no sé cuál me conviene. Me tiras un centro?,chikibrikidamke,merval,1,2024-11-23 15:56:49,t1_lym9y5x,t3_1gwej9e,comment
lybxgkd,Pedís ayuda y después no sos capas de contestar bien a alguien que te da bola,Nahueeeee,merval,0,2024-11-21 20:45:40,t1_ly8qczq,t3_1gwej9e,comment
lymc46f,"Depende, no todos los fci son money market. Yo cometí el error de ir directo a renta variable cuando comencé a invertir sin tener un fondo de emergencia. Por suerte no me paso nada, pero es primordial para gastos imprevistos. 
Para money market están los fondos que usan naranja, Uala y personal Pay, el FCI money market de cocos, el fci de balanz. Ahí tiene días que ver y legue cual rinde más, despues hay uno de renta fija de Brubank que paga arriba de 50% anual. 
La otra opción es los frascos de naranja. 
Loma es el único activo que tenes en cartera? 🤔",Spiritual_Bottle_926,merval,2,2024-11-23 16:03:48,t1_lymatno,t3_1gwej9e,comment
lybyxmx,"si, tengo fe de que se active la construcción",chikibrikidamke,merval,4,2024-11-21 20:54:28,t1_lybxgkd,t3_1gwej9e,comment
lymch3n,si es el único igual el mes que viene iba a diversificar. Empezamos este mes con unos amigos a ver qué onda y hemos ido probando y aprendiendo cosas a lo largo del mes.,chikibrikidamke,merval,2,2024-11-23 16:05:40,t1_lymc46f,t3_1gwej9e,comment
lymd3av,"Me fijé y coincidimos, tengo casi 40k en LOMA 🤣 pero es menos del 1% de mi cartera. Voy 14% arriba en pesos. Y casi 20% en usd. Voy a vender dentro de poco una parte porque suelo cerrar posiciones en 20%, aunque creo mucho en que se recupere la construcción, pero eso de estar en maximos me aleja del Merval. Por eso no pongo tanta guita en argy",Spiritual_Bottle_926,merval,1,2024-11-23 16:08:57,t1_lymc46f,t3_1gwej9e,comment
lyme413,"Buenísimo, está perfecto. Mientras sea guita que no necesites y ya tengas un ahorro aparte viene bien meterse, sabiendo que podes perder todo. Porque aprendes mucho y una banda de los errores, vos mándale mientras no quedes en bola. Invertir en activos financieros te abre muchas puertas.",Spiritual_Bottle_926,merval,1,2024-11-23 16:14:23,t1_lymch3n,t3_1gwej9e,comment
lymdi9h,"Igual puedo estar erradisimo y perderme el bull run, como desde mitad de año que la veo pasar 🤣 pero bueno, firme que igual estoy ganando, menos que argy pero ganar es ganar.",Spiritual_Bottle_926,merval,1,2024-11-23 16:11:10,t1_lymd3av,t3_1gwej9e,comment
lyqihzh,"Por como es ganancias actualmente, está perfecto. Entran en ganancias como cualquier trabajador, sólo que acá sería sueldo + propinas.",superpanchox,merval,3,2024-11-24 10:24:14,t3_1gy5jtg,t3_1gy5jtg,comment
lz2lj13,"meeting juggle public sharp sheet marry historical silky escape tender

 *This post was mass deleted and anonymized with [Redact](https://redact.dev/home)*",rogue-fox-m,merval,1,2024-11-26 10:33:44,t3_1gy5jtg,t3_1gy5jtg,comment
lzhq8nb,"Este, joven inversor y corazón financiero son buenos canales para empezar y/o cada tanto informarse

Después te vas a dar cuenta que los vas a dejar de mirar por experiencia y vas a ver otras cosas sin que te des cuenta

Son sinceros y dentro de todo serios

Dicho eso, no es más. No es para tirar flores",Osviiep,merval,18,2024-11-28 22:01:48,t3_1h28ky9,t3_1h28ky9,comment
lzhwykt,"Vi algunos de sus videos. Son más bien básicos. No me gusta mucho su estilo. No tiene ritmo y no es muy aplicado para mostrar las cosas. No es efectivo al explicar. Tarda mucho en explicar algo que podría explicar en menos tiempo y con mayor ritmo. Tampoco hay muchas ideas interesantes. Últimamente, las carátulas de sus videos son algo bait. En general, no es gran cosa. No le daría mucha importancia a lo que diga.",Real_Barracuda_6851,merval,6,2024-11-28 22:50:05,t3_1h28ky9,t3_1h28ky9,comment
lzjgg2j,"Se llama Ariel Mamani y es AF, creo que Inverarg es de él. Por lo general tira data bastante muy por arriba. Como ya te dijeron en los otros coment, es para quienes estén iniciando. Para arrancar está bastante bien.",goldencat31,merval,3,2024-11-29 07:05:12,t3_1h28ky9,t3_1h28ky9,comment
lzk6dat,"Hace videos para los giles que solo saben hacer plazo fijo, salu2",Xavi_Myosotis,merval,3,2024-11-29 11:04:40,t3_1h28ky9,t3_1h28ky9,comment
lzkk8du,"Este es medio criptobro, le das un peso y se apalanca por 30",RainEnvironmental881,merval,3,2024-11-29 12:35:10,t3_1h28ky9,t3_1h28ky9,comment
lzm6r6o,"Wow por todos los comentarios, me da a entender que el tipo explica cosas basicas para el principiante mas que nada. Estaría bueno si alguien recomienda canales aunque sean en ingles tenga contenido mas valioso",AugusVeca,merval,2,2024-11-29 18:11:51,t3_1h28ky9,t3_1h28ky9,comment
lzkitnj,"Está el canal de Patricio Piaggio también, que tal les parece?",No_Product_1678,merval,1,2024-11-29 12:26:32,t3_1h28ky9,t3_1h28ky9,comment
lzlpbtl,"No es idóneo en mercado de capitales, tampoco lo ubicas como agente productor. No puede dar recomendaciones y lo hace. Lo de staking a mi también me pareció absurdo. Cuidado. Toda info de páginas web da, ni un solo informe con datos propios.",armonicoenfuga,merval,1,2024-11-29 16:30:32,t3_1h28ky9,t3_1h28ky9,comment
lzjv6mx,""" si gana milei inviertan en dólares"" 🤡",Juaancho_88,merval,1,2024-11-29 09:38:47,t3_1h28ky9,t3_1h28ky9,comment
lzktchs,"Venden mas humo que un f16 funcionando

/s",Same-Stomach5677,merval,0,2024-11-29 13:28:23,t3_1h28ky9,t3_1h28ky9,comment
lzhzi5t,Corazon financiero es el mejor. Joven inversor es para muy principiantes y usa mucjo click bait. Inverarg es un punto medio,Efficient_Pomelo_583,merval,8,2024-11-28 23:08:31,t1_lzhq8nb,t3_1h28ky9,comment
lzmo84y,Yo veo bastante inverarg pero donde puedo conseguir información más específica para seguir aprendiendo? pensé en pagar la suscripción a sus cursos de Analisis fundamental,Leanmeza,merval,2,2024-11-29 19:55:30,t1_lzhq8nb,t3_1h28ky9,comment
lzjyaax,"A mi justamente me encanta la claridad de como explica, pero si es cierto q ultimamente está baiteando fuerte...",InevitableBit2367,merval,6,2024-11-29 10:04:26,t1_lzhwykt,t3_1h28ky9,comment
lzmongo,"Justo eso es lo que busco, pero como que todos son embudos de venta para cursos online",Leanmeza,merval,1,2024-11-29 19:58:10,t1_lzm6r6o,t3_1h28ky9,comment
lzmtke5,"Bastante toxico este comentario, como si no fuera valioso contenido para principiante.",possiblecefonicid,merval,0,2024-11-29 20:28:15,t1_lzm6r6o,t3_1h28ky9,comment
lzkk0rt,Llega tarde a todo,RainEnvironmental881,merval,2,2024-11-29 12:33:53,t1_lzkitnj,t3_1h28ky9,comment
lzmw5i9,"No sé... Yo a veces creo que busca lo que tenga tir más alta y lo recomienda sin explicar el contexto... Tipo, me recomiendas una ON con más de 10 de Tir cuando todas pagan 6 o 7... ¿Por qué ocurre eso? ¿Que dudas pueden haber de esa empresa? Pero no, tiene Tir alta así que fiesta, a recomendarla.

Me parece que podría profundizar un poco las explicaciones.",sebasspf89,merval,2,2024-11-29 20:45:04,t1_lzkitnj,t3_1h28ky9,comment
lzlevuk,De todos el de patricio me parece el peor.,equis64,merval,1,2024-11-29 15:30:53,t1_lzkitnj,t3_1h28ky9,comment
lzmtu2j,posta dijo eso?,possiblecefonicid,merval,2,2024-11-29 20:29:56,t1_lzjv6mx,t3_1h28ky9,comment
lzn1y5z,"Es que depende tu fin... Si es trading; si es a mediano plazo, etc

Personalmente, yo invierto y trato de olvidarme, aunque miro las noticias para saber si salir o ver otra oportunidad 

Si vos querés algo concreto seguí mirando por Youtube hasta que encontré a uno que te sientas a gusto

Ahora sí querés tener los conocimientos de los tipos... No queda otra más que estudiar a un nivel más institucional o cursos por internet sumado a prueba y error

A día de hora miro mucho cdecripto, salvador distefano, maxi Montenegro, clave versátil, etc... Va digo ""mucho"" y me da el tiempo para mirarme 1/2 stream por mes, no más",Osviiep,merval,3,2024-11-29 21:23:06,t1_lzmo84y,t3_1h28ky9,comment
lznlvxf,Todo es un embudo posta,AugusVeca,merval,1,2024-11-29 23:38:22,t1_lzmongo,t3_1h28ky9,comment
lznbd2c,"El no, un ""experto"" que estuvo en unos vídeos que ""falleció"" supuestamente .  O se metió en una cueva por lo payaso que queso con sus análisis de inversión si ganaba Massa y si ganaba milei jajaja",Juaancho_88,merval,2,2024-11-29 22:26:34,t1_lzmtu2j,t3_1h28ky9,comment
lzndnwj,"si ya se de quien hablas, pero si es el que se murio, dijo todo lo contrario",possiblecefonicid,merval,2,2024-11-29 22:42:08,t1_lznbd2c,t3_1h28ky9,comment
ly1pbfy,Creo que los ejemplos se entenderian mejor si los pones como tabla,ZurditoBagley,merval,0,2024-11-20 00:56:47,t3_1gv9c3v,t3_1gv9c3v,comment
ly07ia4,"Muy interesante, gracias!",adrius,merval,-4,2024-11-19 19:39:38,t3_1gv9c3v,t3_1gv9c3v,comment
lyta07l,Tu comentario fue eliminado por no cumplir con las reglas del sub. Por favor leerlas antes de postear de vuelta.,merval-ModTeam,merval,1,2024-11-24 19:24:52,t3_1gywnpe,t3_1gywnpe,comment
lysjip9,Vos me estás diciendo que una acción que acaba de subir 60% en un mes va a bajar?,PancuterM,merval,38,2024-11-24 17:07:31,t3_1gywnpe,t3_1gywnpe,comment
lyrtxgc,"No entiendo, cual es el punto del post?",rogue-fox-m,merval,48,2024-11-24 14:57:18,t3_1gywnpe,t3_1gywnpe,comment
lys1l7f,Cual sería entonces la recomendación respecto a ypf?,[deleted],merval,17,2024-11-24 15:37:16,t3_1gywnpe,t3_1gywnpe,comment
lys94rr,"soy de boquita, me lo explican?",Trickstertrick,merval,11,2024-11-24 16:14:48,t3_1gywnpe,t3_1gywnpe,comment
lyrx389,De dónde podes sacar este dato? Es interesante porque ayuda a evaluar el verdadero sentimiento sobre una acción y no el greed index que es un juguete.,WSSquab,merval,7,2024-11-24 15:14:20,t3_1gywnpe,t3_1gywnpe,comment
lys3i45,Alguien que me explique que significa esto? Tengo ypf en mi cartera,Marmolado13,merval,2,2024-11-24 15:46:50,t3_1gywnpe,t3_1gywnpe,comment
lyruj3a,[removed],[deleted],merval,4,2024-11-24 15:00:43,t3_1gywnpe,t3_1gywnpe,comment
lyrrj1j,"Por último: En porcentaje sobre el floating no es preocupante. Pero es algo para monitorear.

Ahora, GGAL están shorteado el doble de lo maximo que se ha hecho en los últimos años. Cuidado.",armonicoenfuga,merval,3,2024-11-24 14:44:09,t3_1gywnpe,t3_1gywnpe,comment
lys42qv,"Veo que la tenes clara, te meto follow.",magahrdonna,merval,-3,2024-11-24 15:49:40,t3_1gywnpe,t3_1gywnpe,comment
lys1qsr,"Crear FUD. Va a sacar chapa pero bue, fijate el historial.",OneCosmicOwl,merval,34,2024-11-24 15:38:04,t1_lyrtxgc,t3_1gywnpe,comment
lysio6d,"Que tengas cuidado, nada más.",armonicoenfuga,merval,-12,2024-11-24 17:03:12,t1_lys1l7f,t3_1gywnpe,comment
lysll32,"Mete todos tus ahorros que da renta de 60% mensual.
Para, mejor dame todos tus ahorros y los invierto yo",Humble-Kiwi-5272,merval,15,2024-11-24 17:18:09,t1_lys94rr,t3_1gywnpe,comment
lysa1oe,Lo saco de aca [https://www.marketbeat.com/stocks/NYSE/YPF/short-interest/](https://www.marketbeat.com/stocks/NYSE/YPF/short-interest/),rogue-fox-m,merval,10,2024-11-24 16:19:27,t1_lyrx389,t3_1gywnpe,comment
lysa6rl,OP cree que va a haber una corrección sobre la fuerte suba por la cantidad de personas que están shorteando YPF (apostando a que caiga la acción),Lechowski,merval,11,2024-11-24 16:20:08,t1_lys3i45,t3_1gywnpe,comment
lyrveab,"Me mata que vas a donde saco los datos y la pagina te dice que los puts estaban altos cuando el stock estaba subiendo banda, despues te dice que esta en 10% de baja del ultimo track y despues te dice que el nivel de short que hay es saludable. Onda vio 100% lo que queria ver sin leer nada",rogue-fox-m,merval,7,2024-11-24 15:05:30,t1_lyruj3a,t3_1gywnpe,comment
lyryt12,"No se permiten posteos que hagan menciones a cuestiones politicas, excepto en casos que estén estrictamente relacionadas con las tematicas del sub.

Tratemos de mantener el sub lo mas agnóstico a los partidos políticos posible, porque las discusiones de esta índole se descarrilan muy rápido y suelen aportar muy poco.",merval-ModTeam,merval,6,2024-11-24 15:23:09,t1_lyruj3a,t3_1gywnpe,comment
lys9uq2,"Parece un bot AI, no te voy a mentir 😂",rogue-fox-m,merval,16,2024-11-24 16:18:28,t1_lys1qsr,t3_1gywnpe,comment
lysae58,Gracias,WSSquab,merval,1,2024-11-24 16:21:10,t1_lysa1oe,t3_1gywnpe,comment
lyt2i20,No es obvio eso? Si compraste a short estás consciente de eso y si compraste para largo no debería moverte la aguja.,Andrescoo,merval,3,2024-11-24 18:44:01,t1_lysa6rl,t3_1gywnpe,comment
