id,text,author,subreddit,score,created_utc,parent_id,link_id,type
gst635g,"10/10, you can come work here as a cook. Have my upvote!",ap0r,argentina,369,2021-03-30 12:30:53,t3_mgia2i,t3_mgia2i,comment
gst5c9q,"uh, y yo aca con una tarta de jamon y queso.",Chichipio,argentina,315,2021-03-30 12:25:22,t3_mgia2i,t3_mgia2i,comment
gst4zft,[deleted],[deleted],argentina,570,2021-03-30 12:22:43,t3_mgia2i,t3_mgia2i,comment
gst5u8z,Looks tasty! I recommend you to try the empanadas de carne but without raisins,De_pinguino,argentina,180,2021-03-30 12:29:03,t3_mgia2i,t3_mgia2i,comment
gst5c96,What would be your opinion about chimichurri?,[deleted],argentina,37,2021-03-30 12:25:21,t3_mgia2i,t3_mgia2i,comment
gstatmx,"That looks fucking amazing, really digging the ""rougher"" chimichurri and those fries look to die for, great time to upload it as well it's just before lunch time here in Argentina.",CancerNami,argentina,68,2021-03-30 13:05:59,t3_mgia2i,t3_mgia2i,comment
gsta49a,"Well... That's good, but here in Córdoba we know one or two things about chimichurri (? 

A constructive recommendation: try to cut the ingredients in smaller pieces and make the entire thing less liquid, more solid, and for extra flavour... Let it... I don't know how to say... ""Macerate?"" Prepare the chimi the day before, so the ingredients will have time to generate the correct taste.

Extra: try putting the chimichurri in a chorizo sandwich and drinking a good Fernet with it, just the cordubesian way.",ElHombreDelBosque,argentina,96,2021-03-30 13:00:41,t3_mgia2i,t3_mgia2i,comment
gstfrkj,i see chimi i upvote,thonetcoil,argentina,33,2021-03-30 13:42:50,t3_mgia2i,t3_mgia2i,comment
gsth6xq,"we could make a deal,you give your nationality and I give you all my advices on Argentinian cuisine",rhcp2112,argentina,84,2021-03-30 13:53:27,t3_mgia2i,t3_mgia2i,comment
gst9pdq,How much does the kg of rib eye costs there?,Nach_rossi,argentina,18,2021-03-30 12:57:38,t3_mgia2i,t3_mgia2i,comment
gst4y6h,Looks appetizing. I say you did a great job,Miniatimat,argentina,19,2021-03-30 12:22:28,t3_mgia2i,t3_mgia2i,comment
gst5f9d,"holy shit, argentina's finest",tortugaordie,argentina,16,2021-03-30 12:25:59,t3_mgia2i,t3_mgia2i,comment
gst4aep,Looks delicious,lucasarg14,argentina,17,2021-03-30 12:17:34,t3_mgia2i,t3_mgia2i,comment
gstcefo,It’s cool but it’s no polenta,Toubaboliviano,argentina,26,2021-03-30 13:17:46,t3_mgia2i,t3_mgia2i,comment
gstd4u7,"Dude... it's around noon here, we're all hungry as shit and you post this delicious looking meal... 🤤",50kenel,argentina,12,2021-03-30 13:23:23,t3_mgia2i,t3_mgia2i,comment
gstw3mu,"That is an Argentinian meal, you have the seal of approval. Try not to have an alfajor for dessert or you'll enter true Argentinian mode and risk your financial stability.",palilu,argentina,8,2021-03-30 15:45:07,t3_mgia2i,t3_mgia2i,comment
gst4npj,manjar,mordelon2,argentina,7,2021-03-30 12:20:19,t3_mgia2i,t3_mgia2i,comment
gstih3h,what a lijaaa,Motoloso,argentina,10,2021-03-30 14:03:00,t3_mgia2i,t3_mgia2i,comment
gstcmly,"**It's fucking raw!**  
Jk, that looks tasty.",-Emiliano,argentina,16,2021-03-30 13:19:31,t3_mgia2i,t3_mgia2i,comment
gst68in,Better than most restaurants here I daresay. Real good job mate!,JGaute,argentina,7,2021-03-30 12:31:59,t3_mgia2i,t3_mgia2i,comment
gstnq5a,Triple cooked?,guillermohs9,argentina,8,2021-03-30 14:42:07,t3_mgia2i,t3_mgia2i,comment
gsth2oe,Looks good man. I actually saw your other post in the Denmark subreddit as well. What are you thinking of doing next?,[deleted],argentina,6,2021-03-30 13:52:33,t3_mgia2i,t3_mgia2i,comment
gston15,"Oh hey, I’ve seen you in other countries’ subreddits! I was waiting to see what you Argentinian dish you were going to go for. 
  

Great job on this one, you got a pretty authentic chimichurri going on and the steak looks perfectly cooked. Cheers mate",theproftw,argentina,5,2021-03-30 14:49:00,t3_mgia2i,t3_mgia2i,comment
gst5pid,Marry me,[deleted],argentina,9,2021-03-30 12:28:05,t3_mgia2i,t3_mgia2i,comment
gstmyf7,"Looks awesome my dude, I also enjoy pinkish beef and pepper over my fries. 

Argentineans usually cook their meat through long periods of time over consistent embers. This allows for the binding in the mucles to fall apart and the fat to render and permeate the rest of the muscle, resulting in a softer and tastier cut.   


The chimi looks great!",SweetSoursop,argentina,10,2021-03-30 14:36:19,t3_mgia2i,t3_mgia2i,comment
gstmsiq,"No, usted no puede publicar semejante barbaridad. Usted se tiene que arrepentir de lo que publicó, es horario de almuerzo y algunos no morfamos.",KarposT21,argentina,3,2021-03-30 14:35:05,t3_mgia2i,t3_mgia2i,comment
gstv5b3,"Oi! Fellow brit here, out of curiosity, where did you get the steak from?",Montein,argentina,5,2021-03-30 15:37:59,t3_mgia2i,t3_mgia2i,comment
gsul8ao,How do you triple cook chips?,anarcobanana,argentina,3,2021-03-30 18:59:18,t3_mgia2i,t3_mgia2i,comment
gsul9kb,Todo muy lindo pero el corte ese no es nada Argentino,luktaros,argentina,3,2021-03-30 18:59:35,t3_mgia2i,t3_mgia2i,comment
gsv0h71,Do you have some social network where I can follow you? That looks tasty.,[deleted],argentina,3,2021-03-30 21:11:19,t3_mgia2i,t3_mgia2i,comment
gsvb3i6,Tremenda pinta 😏 Soy de Uruguay,SoofiHanna,argentina,3,2021-03-30 22:47:28,t3_mgia2i,t3_mgia2i,comment
gsttyat,"Do you know where the name Chimichurri comes from? When the Argentine army was expanding the frontiers of the country, about two centuries ago, there was an assistant cook named Tim Mc Curry, an Irish man who was put at the service of our army.

This man began to invent ""condiments"" to accompany one of the main meals of the soldiers, which was meat, one of these condiments finally had wide acceptance of the army and then expanded as a custom to the rest of the population.

The people at that time did not know how to pronounce correctly the name of the inventor, Tim Mc Curry (or Timy Mc Curry) so they pronounced it phonetically in the most similar way they could: Chimi Churri.",Gati-Macro,argentina,7,2021-03-30 15:29:02,t3_mgia2i,t3_mgia2i,comment
gst6ipw,"Great job, it looks tasty 🤤🤤",TheKhalifaKush,argentina,2,2021-03-30 12:34:06,t3_mgia2i,t3_mgia2i,comment
gst7q23,It's just perfect.,[deleted],argentina,2,2021-03-30 12:43:03,t3_mgia2i,t3_mgia2i,comment
gst7vol,Looks like what you would from a restaurant in Argentina. 10/10 !,silentstorm45,argentina,2,2021-03-30 12:44:11,t3_mgia2i,t3_mgia2i,comment
gst956o,"That really looks delicious, good job! I hope you enjoyed!",Cardan0_,argentina,2,2021-03-30 12:53:28,t3_mgia2i,t3_mgia2i,comment
gsta5iw,"Moi bué papu

Pro tip: la próxima probá con salsa criolla también",ealmansi,argentina,2,2021-03-30 13:00:57,t3_mgia2i,t3_mgia2i,comment
gstajjy,Perfect. It Will be nice a green salad to. Did you know that here most of the cattle are brit races?,temuyin666,argentina,2,2021-03-30 13:03:52,t3_mgia2i,t3_mgia2i,comment
gstc1l9,Mmmm... so so delicious,Baby-bull-1972,argentina,2,2021-03-30 13:15:03,t3_mgia2i,t3_mgia2i,comment
gstfi8v,Looks amazing! Well done m8 :),argiem8,argentina,2,2021-03-30 13:40:54,t3_mgia2i,t3_mgia2i,comment
gstghjl,Looks a lot better than lots of restaurants I've been to,[deleted],argentina,2,2021-03-30 13:48:10,t3_mgia2i,t3_mgia2i,comment
gstgiko,Looks incredibly tasty. Good job fam!,Cheatkorita,argentina,2,2021-03-30 13:48:23,t3_mgia2i,t3_mgia2i,comment
gstiwzd,I literally finished eating 20 min ago AND this Made me More hungry,canserelberobero,argentina,2,2021-03-30 14:06:21,t3_mgia2i,t3_mgia2i,comment
gstjgus,"que buen plato, solidaricenlo!",akaarrlz,argentina,2,2021-03-30 14:10:30,t3_mgia2i,t3_mgia2i,comment
gstjxla,Uuuuuh mira ese chimichurri,ElCiscador,argentina,2,2021-03-30 14:13:54,t3_mgia2i,t3_mgia2i,comment
gstjxrp,It's definitely not raw. In my opinion that's how it's supposed to be. It looks really good,Redrumey,argentina,2,2021-03-30 14:13:56,t3_mgia2i,t3_mgia2i,comment
gstkdz4,ese chimi sapeeee,keeshond,argentina,2,2021-03-30 14:17:13,t3_mgia2i,t3_mgia2i,comment
gstkpzb,I see improvement,Canolicalamari,argentina,2,2021-03-30 14:19:41,t3_mgia2i,t3_mgia2i,comment
gstkz0j,"You hit the spot my Man, dm me if you wanna know about more simple and cool Argentinian recipes.",lulosan1,argentina,2,2021-03-30 14:21:33,t3_mgia2i,t3_mgia2i,comment
gstl02c,que pintuqui,RadioactiveButt,argentina,2,2021-03-30 14:21:47,t3_mgia2i,t3_mgia2i,comment
gstl23f,Looks delicious! Makes me miss my mom's cooking!,miaf1711,argentina,2,2021-03-30 14:22:12,t3_mgia2i,t3_mgia2i,comment
gstnmi5,"Looks great and, to be honest, a lot better than a parilla here where everything is overcooked and burnt.",riokid180,argentina,2,2021-03-30 14:41:21,t3_mgia2i,t3_mgia2i,comment
gsto2zy,"Buenardo bro, alta pinta. How did you cook those fries? What’s the procedure?",Spaghettis1,argentina,2,2021-03-30 14:44:46,t3_mgia2i,t3_mgia2i,comment
gstqq6n,Si te gusta lo realmente tradicional entonces deberias probar la polenta,According_Map1390,argentina,2,2021-03-30 15:04:39,t3_mgia2i,t3_mgia2i,comment
gstu2jj,Looks amazing,krayxay,argentina,2,2021-03-30 15:29:55,t3_mgia2i,t3_mgia2i,comment
gstwqw4,Espectacular,[deleted],argentina,2,2021-03-30 15:49:51,t3_mgia2i,t3_mgia2i,comment
gstx55c,"You beautiful, beautiful bastard!!",Archangel1313,argentina,2,2021-03-30 15:52:47,t3_mgia2i,t3_mgia2i,comment
gstxaa9,"That's very good, mate! Alto asadito",DRMProd,argentina,2,2021-03-30 15:53:51,t3_mgia2i,t3_mgia2i,comment
gstxofu,looks tasty,Imperialist_Marauder,argentina,2,2021-03-30 15:56:45,t3_mgia2i,t3_mgia2i,comment
gsu0935,I just made some chimichurri after seeing this,[deleted],argentina,2,2021-03-30 16:16:08,t3_mgia2i,t3_mgia2i,comment
gsu1unp,Sooo good! Well done amigo!,JuanitaAlSur,argentina,2,2021-03-30 16:28:11,t3_mgia2i,t3_mgia2i,comment
gsu2kul,Uyyy que ricoo necesito un asado ptm,THEPOL_00,argentina,2,2021-03-30 16:33:38,t3_mgia2i,t3_mgia2i,comment
gsu3n6p,Oh shit it's perfect...,[deleted],argentina,2,2021-03-30 16:41:45,t3_mgia2i,t3_mgia2i,comment
gsu4nrg,"You've got it, brilliant.",argentinothing,argentina,2,2021-03-30 16:49:27,t3_mgia2i,t3_mgia2i,comment
gsu4z19,I was about to ask what restaurant is that… it looks good 😌,kallari0509,argentina,2,2021-03-30 16:51:50,t3_mgia2i,t3_mgia2i,comment
gsu5v39,To be authentic you need to cook it to well done and leave off the salt and pepper.,jblaze5779,argentina,2,2021-03-30 16:58:31,t3_mgia2i,t3_mgia2i,comment
gsu5zoc,"That's champion, man! Hoy some owa here!",nsfwmodeme,argentina,2,2021-03-30 16:59:28,t3_mgia2i,t3_mgia2i,comment
gsu6etz,ho my gooood amigo!! that dish tiene un pinta beautiful!!!,yourname09,argentina,2,2021-03-30 17:02:37,t3_mgia2i,t3_mgia2i,comment
gsu7an1,This looks great,Responsible-Ad-2217,argentina,2,2021-03-30 17:09:22,t3_mgia2i,t3_mgia2i,comment
gsu99ao,"Hope it tasted as well as it looks op!! 


A los demás: manga de picantes, reciban mejor a las visitas que vienen a vernos! Son todas deliradas! (Igual morí con la del sandpaper)",karazjo,argentina,2,2021-03-30 17:24:26,t3_mgia2i,t3_mgia2i,comment
gsub0hb,Che le va a dar una úlcera al chabon,facucha,argentina,2,2021-03-30 17:37:55,t3_mgia2i,t3_mgia2i,comment
gsub20y,Esta cruda,amarillo2019,argentina,2,2021-03-30 17:38:15,t3_mgia2i,t3_mgia2i,comment
gsuil3h,"15 pounds is a hamburger here.....with 15 pounds, with 15 pounds I made myself a high stew!",TheCarpincho,argentina,2,2021-03-30 18:37:35,t3_mgia2i,t3_mgia2i,comment
gsuk7dm,"Se ve mortal!! Dude, that's looks good. I love to see people from other countries enjoy Argentine cuisine, it makes me happy. Food is the best bonding agent.",Eyeseeyou1313,argentina,2,2021-03-30 18:50:50,t3_mgia2i,t3_mgia2i,comment
gsuoy3y,Where did you get your steak? Local butchers? I can't find a half decent steak anywhere.,glieryn,argentina,2,2021-03-30 19:30:26,t3_mgia2i,t3_mgia2i,comment
gsuw90h,"Looks really tasty and good! Doesn't look like anything I've ever eaten here though, what did you use for the Chimichurri?",[deleted],argentina,2,2021-03-30 20:34:06,t3_mgia2i,t3_mgia2i,comment
gsuze5m,"No se maestro, no puedo comer una imagen",CanelonDoMacaco,argentina,2,2021-03-30 21:01:34,t3_mgia2i,t3_mgia2i,comment
gsvcfhv,Tell me how you make such crispy French fries at home,IFistForMuffins,argentina,2,2021-03-30 22:59:34,t3_mgia2i,t3_mgia2i,comment
gstiio5,"No podés postearlo justamente a esta hora capo.

Fuera de joda, tiene una pinta espectacular. Una consulta, porque no alcanzo a distinguir bien en la imagen: ¿te las mandaste medium?",VRichardsen,argentina,3,2021-03-30 14:03:20,t3_mgia2i,t3_mgia2i,comment
gsuddhb,Get me out of this living hell and I'll be your cook-slave for 5 years,ilb_89,argentina,3,2021-03-30 17:56:12,t3_mgia2i,t3_mgia2i,comment
gsuygoh,"1,9 k

mamita ese complejo",[deleted],argentina,3,2021-03-30 20:53:25,t3_mgia2i,t3_mgia2i,comment
gst4wwj,"Damn, it looks good! 

What did you use for the chimichurri?",Hecatusky,argentina,1,2021-03-30 12:22:11,t3_mgia2i,t3_mgia2i,comment
gst8yhv,"I think its a little bit raw , but still looks good",ivanacco1,argentina,1,2021-03-30 12:52:06,t3_mgia2i,t3_mgia2i,comment
gst5jrh,Looks nice! good job man.............  But the Malvinas are Argentinas.,juanchordas,argentina,1,2021-03-30 12:26:55,t3_mgia2i,t3_mgia2i,comment
gst68dv,"Look tasty, can I try humble gringo?",Top_Location9414,argentina,1,2021-03-30 12:31:57,t3_mgia2i,t3_mgia2i,comment
gst5r8m,very wanderful chimichurri and churrascow,[deleted],argentina,-27,2021-03-30 12:28:26,t3_mgia2i,t3_mgia2i,comment
gsup5rm,Lo hacen riquísimas en las Malvinas...,ihavenoidea81,argentina,-3,2021-03-30 19:32:15,t3_mgia2i,t3_mgia2i,comment
gsv9i5a,I bet that tastes so Uruguayan!! Theres none Argie on that dish mate. 🤣,[deleted],argentina,-1,2021-03-30 22:32:58,t3_mgia2i,t3_mgia2i,comment
gstwrde,Pirate,Good_Oil2690,argentina,-7,2021-03-30 15:49:57,t3_mgia2i,t3_mgia2i,comment
gstg3lj,"That'd be considered raw here, we usually eat meat well done in argentina, but it looks delicious tho",makesmewannacuack,argentina,-12,2021-03-30 13:45:20,t3_mgia2i,t3_mgia2i,comment
gst769p,[removed],[deleted],argentina,-14,2021-03-30 12:38:59,t3_mgia2i,t3_mgia2i,comment
gstavcs,"The fries can be better, but ir seems tasty af",Miserable_Long99,argentina,1,2021-03-30 13:06:20,t3_mgia2i,t3_mgia2i,comment
gstb7oa,It looks amazing,[deleted],argentina,1,2021-03-30 13:08:52,t3_mgia2i,t3_mgia2i,comment
gstjthp,WHERE'S THE LAMB SAUCE? JK xD.,Nachronix,argentina,1,2021-03-30 14:13:03,t3_mgia2i,t3_mgia2i,comment
gstmoxr,Now cook some fries with milanesa of merluza,nairazak,argentina,1,2021-03-30 14:34:20,t3_mgia2i,t3_mgia2i,comment
gstmtpa,"Lo que es la costumbre, yo no comeria esa carne ni loco, minimo 20 minutos mas en la plancha....

Cambia el sabor o solo la sensacion al comer?",thespiritofradio88,argentina,1,2021-03-30 14:35:20,t3_mgia2i,t3_mgia2i,comment
gstov8g,Those fries looks awesome too btw,availablesix-,argentina,1,2021-03-30 14:50:42,t3_mgia2i,t3_mgia2i,comment
gstpmvf,"Nice food porn! my dude! 

^(traduccion:alto porno para gordos tiro)",[deleted],argentina,1,2021-03-30 14:56:28,t3_mgia2i,t3_mgia2i,comment
gstpo3d,"I feel like there could be a little more charr on the meat, but otherwise, 10/10. The chimi and the chips especially look amazing.",[deleted],argentina,1,2021-03-30 14:56:43,t3_mgia2i,t3_mgia2i,comment
gstvtle,close but no cigar,patada_de_gaucho,argentina,1,2021-03-30 15:43:03,t3_mgia2i,t3_mgia2i,comment
gstxztu,Noise!,_khaz89_,argentina,1,2021-03-30 15:59:05,t3_mgia2i,t3_mgia2i,comment
gsty8rh,"Sir, those are Freedom Fries, not chips.",Hitshardest,argentina,1,2021-03-30 16:00:55,t3_mgia2i,t3_mgia2i,comment
gsu6rzc,"The prices gone sky high and so we've never ate that since a year ago, is this a declaration of war? 

/s",dual_blaster,argentina,1,2021-03-30 17:05:24,t3_mgia2i,t3_mgia2i,comment
gsuaomn,"oi mate. I just moved to Glasgow (Scotland), and I’ve found out it’s a shithole (not the first world crap I was advertised). Would you confirm or is it just my experience?",MMS18,argentina,1,2021-03-30 17:35:22,t3_mgia2i,t3_mgia2i,comment
gsucg3t,Mirá lo que son esas papas. Cómo haces para que te queden así??,cosapocha,argentina,1,2021-03-30 17:48:56,t3_mgia2i,t3_mgia2i,comment
gsudqzz,No mames wey,AsadoCriollo,argentina,1,2021-03-30 17:59:10,t3_mgia2i,t3_mgia2i,comment
gsuea0s,"""h o m e m a d e   C H I M I C H U R R I""

&#x200B;

DALEEEE BOOOOOOOOOOOOOOOOOOOOOOOOOOOOOOOOOOO",[deleted],argentina,1,2021-03-30 18:03:22,t3_mgia2i,t3_mgia2i,comment
gsuef0h,"que crudo esta esa carne papa! desde aca se esucha el muuuuuuuuuu de la vaca viva todavia....

&#x200B;

thath meet in the meedle red..ahhgggggggg gimme more cooking! black point!!!",vathcocoon,argentina,1,2021-03-30 18:04:29,t3_mgia2i,t3_mgia2i,comment
gsufuz6,"Muy rico!! La próxima quizás puedas cocinar un matrimonio también está muy bueno, un bonus si le agregas salsa criolla",Mateamargo_,argentina,1,2021-03-30 18:15:53,t3_mgia2i,t3_mgia2i,comment
gsugbrg,sabor sabroson,PirataDelAsfaltooff,argentina,1,2021-03-30 18:19:35,t3_mgia2i,t3_mgia2i,comment
gsuifc6,"Mate....you totally made it! Congrats!

Glad you can enjoy our food and culture!",TheCarpincho,argentina,1,2021-03-30 18:36:18,t3_mgia2i,t3_mgia2i,comment
gsuiygz,"no podes postear esto hermano, that FOOD PORN.",feitan-five,argentina,1,2021-03-30 18:40:34,t3_mgia2i,t3_mgia2i,comment
gsukwi3,"Keep the chimi, just send pounds",Rack676,argentina,1,2021-03-30 18:56:36,t3_mgia2i,t3_mgia2i,comment
gsuky5b,"Pro tip: in Argentina, any point under Well Done is ""raw"" or ""kinda raw""

Amazing nontheless",Ghostcraft413,argentina,1,2021-03-30 18:56:58,t3_mgia2i,t3_mgia2i,comment
gsupe6j,Me dio hambre xd,Salva15_,argentina,1,2021-03-30 19:34:18,t3_mgia2i,t3_mgia2i,comment
gsuqhus,Hello I’m Matt who enjoys eating food that looks this good. Well done my friend.,themrunnyeggs,argentina,1,2021-03-30 19:43:57,t3_mgia2i,t3_mgia2i,comment
gsut122,That look... Almost sexual...,Hawaiian-Fox,argentina,1,2021-03-30 20:06:11,t3_mgia2i,t3_mgia2i,comment
gsuuvia,"Wanna marry you, doesn't care if you're man, woman or a potus.

Edit: los comentarios de este post me alegraron el día.",nrctkno,argentina,1,2021-03-30 20:22:12,t3_mgia2i,t3_mgia2i,comment
gsuw9ur,"It made me so happy to see your dish. It looks really tasty! Hope you cook more cultural dishes from our country. And more than welcome if you wanna visit the country some day, post this pandemic crisis. I’ll prepare you an asado!",Kotapkmn,argentina,1,2021-03-30 20:34:18,t3_mgia2i,t3_mgia2i,comment
gsuyojx,"Im just cracking up at all the comments that mixes english and spanish, lmao.. if only you could understand the slangs that are being used.

Oh, nice dish btw. 

One advice though, argentinian cuisine is fine, our politicians not so much. 

¡Bon appletea!",DIleshend,argentina,1,2021-03-30 20:55:21,t3_mgia2i,t3_mgia2i,comment
gsv00pm,"imaginate vivir en un pais que se vive glorificando de su cultura de la carne y termina sobrecocinando esta misma en el 99% de los casos y  a un plato completamente inocuo para un adulto como el de la foto tacharlo como crudo o te va a matar o aasi no se hace. Asi somos, pelotudos y sobervios.",[deleted],argentina,1,2021-03-30 21:07:13,t3_mgia2i,t3_mgia2i,comment
gsv3bpe,Looks amaze balls!! Leftovers would make great tacos 🌮,narchunde,argentina,1,2021-03-30 21:36:55,t3_mgia2i,t3_mgia2i,comment
gsv4t40,"Looks better tha most chimichurri I've seen, that's for sure.",Sponge_N00b,argentina,1,2021-03-30 21:50:28,t3_mgia2i,t3_mgia2i,comment
gsv5loh,Flank steak with chimichurri is my absolute favorite at my local  Cuban restaurant. They do a red that is my favorite but the green is also delicious.,dkrbst,argentina,1,2021-03-30 21:57:46,t3_mgia2i,t3_mgia2i,comment
gsv5ys0,Looks awesome. Great work!,sauron_corriste,argentina,1,2021-03-30 22:01:04,t3_mgia2i,t3_mgia2i,comment
gsv8t2m,Flexing the sunshine......,OSUPatrick,argentina,1,2021-03-30 22:26:44,t3_mgia2i,t3_mgia2i,comment
gsvady8,"Hey man, that looks DELICIOUS, just one thing, here in Argentina we don't cut the meat in slices, we just serve the whole ribeye and cut it while eating it. Anyways, that looks fantastic, congrats!",L0KT4,argentina,1,2021-03-30 22:40:57,t3_mgia2i,t3_mgia2i,comment
gsvcbfo,"Que onda amigo? Eso un poco mas y te hace muuu, esra vivo eso",quemiraspelotudo5,argentina,1,2021-03-30 22:58:31,t3_mgia2i,t3_mgia2i,comment
gsvd4vq,"Va a caer el Cibercomando Irredentista Uruguayo a argumentar que en realidad ese plato es ""rioplatense"".",golpedeserpiente,argentina,1,2021-03-30 23:05:55,t3_mgia2i,t3_mgia2i,comment
gsvdfsv,It seems delicious also happy cake day.,joaco2005,argentina,1,2021-03-30 23:08:41,t3_mgia2i,t3_mgia2i,comment
gsvdnxn,Looks grand!  I’m from Pennsylvania let me know if you need a new recipe!,fotomachen48,argentina,1,2021-03-30 23:10:48,t3_mgia2i,t3_mgia2i,comment
gsvg4kt,Did u use coal for the fire? That is what makes asado asado,Radamantz,argentina,1,2021-03-30 23:34:03,t3_mgia2i,t3_mgia2i,comment
gsvhdez,"To be honest, at first sight it doesn't look like an Argentinian dish. It looks much better. And I bet the same of the taste too. Great job!",crnimjesec,argentina,1,2021-03-30 23:45:54,t3_mgia2i,t3_mgia2i,comment
gst68qc,Haha my pleasure!,Old-Blighty,argentina,138,2021-03-30 12:32:02,t1_gst635g,t3_mgia2i,comment
gst5jod,Still good!,Old-Blighty,argentina,168,2021-03-30 12:26:53,t1_gst5c9q,t3_mgia2i,comment
gstbi9z,[removed],[deleted],argentina,142,2021-03-30 13:11:03,t1_gst5c9q,t3_mgia2i,comment
gstkzad,"Si el chavón solo cocinara comida inglesa se caga de hambre, no tienen nada propio!",Hasso78,argentina,12,2021-03-30 14:21:37,t1_gst5c9q,t3_mgia2i,comment
gsu2iut,Lmao,THEPOL_00,argentina,1,2021-03-30 16:33:14,t1_gst5c9q,t3_mgia2i,comment
gst9wyk,Una sandpaper me dio,Saimonrlz,argentina,441,2021-03-30 12:59:11,t1_gst4zft,t3_mgia2i,comment
gstmr3s,Uff ahora me itch el catfish,TraderGabe_14,argentina,89,2021-03-30 14:34:47,t1_gst4zft,t3_mgia2i,comment
gstgs6y,un downer me dió,rhcp2112,argentina,72,2021-03-30 13:50:22,t1_gst4zft,t3_mgia2i,comment
gst8b5g,"A mí me dió un angry, con el precio de la carne...",UnPueblerino,argentina,36,2021-03-30 12:47:21,t1_gst4zft,t3_mgia2i,comment
gsvfee3,Unas ganas de put something above the chin and below the nose,maxwellmdc,argentina,1,2021-03-30 23:27:06,t1_gst4zft,t3_mgia2i,comment
gstgw6k,"if he tries fried empanadas,he'll automatically became an Argentinian",rhcp2112,argentina,65,2021-03-30 13:51:11,t1_gst5u8z,t3_mgia2i,comment
gstqopp,"I lived off of empanadas the 5 weeks I spent in Argentina. So. Fucking. Good. I haven't been able to find anything in the States under $3-$4 per empanada. You can get a dozen for that price in Argentina.  

On another note... let that steak rest my friend!! Wait 10 minutes before slicing so that the meat soaks up all of its own juices rather than sitting in them. I'm sure its still tastes delicious. Time for a maté after a meal like that!",RelevantTalkingHead,argentina,42,2021-03-30 15:04:20,t1_gst5u8z,t3_mgia2i,comment
gstgv9a,[deleted],[deleted],argentina,230,2021-03-30 13:50:59,t1_gst5u8z,t3_mgia2i,comment
gst6cam,God fucking pasas,Top_Location9414,argentina,16,2021-03-30 12:32:46,t1_gst5u8z,t3_mgia2i,comment
gstuhzs,Empanadas with Potatoe and egg supremacy!!!,MaxNamitzhian,argentina,9,2021-03-30 15:33:06,t1_gst5u8z,t3_mgia2i,comment
gsu69ze,"aguante las raisings... no entienden nada

you can check [chango empanadas](https://www.instagram.com/changoempanadasuk/) in the UK",AchalayMiNegra,argentina,5,2021-03-30 17:01:37,t1_gst5u8z,t3_mgia2i,comment
gst5fud,Really tasty! 100% I would make it again.,Old-Blighty,argentina,51,2021-03-30 12:26:06,t1_gst5c96,t3_mgia2i,comment
gstd6wy,Thanks! I want sure if I should have cut it finer but this worked well!,Old-Blighty,argentina,33,2021-03-30 13:23:49,t1_gstatmx,t3_mgia2i,comment
gstaag4,With a chorizo sandwich? Oh boy that sounds amazing! And thanks for the advice.,Old-Blighty,argentina,82,2021-03-30 13:01:59,t1_gsta49a,t3_mgia2i,comment
gstqnni,Your love of Fernet is the one thing I will never understand about Argentina.,[deleted],argentina,6,2021-03-30 15:04:06,t1_gsta49a,t3_mgia2i,comment
gstunik,Marinate haha,MW2JuggernautTheme,argentina,4,2021-03-30 15:34:16,t1_gsta49a,t3_mgia2i,comment
gstqwpz,Love Cordoba!! Missing Antares IPAs and papas fritas!,RelevantTalkingHead,argentina,3,2021-03-30 15:06:01,t1_gsta49a,t3_mgia2i,comment
gsvfl9x,"> I don't know how to say... ""Macerate?"" Prepare the chimi the day before, so the ingredients will have time to generate the correct taste.

My guess as a yanqui would be that the word you're looking for is ""marinate."" I could certainly be wrong though",PM_ME_UR_SURFBOARD,argentina,1,2021-03-30 23:28:55,t1_gsta49a,t3_mgia2i,comment
gsthbaq,Deal!,Old-Blighty,argentina,54,2021-03-30 13:54:21,t1_gsth6xq,t3_mgia2i,comment
gsuifp1,*el sub agitando banderitas al costado cual titanic zarpando*,Positive-Macaron-550,argentina,12,2021-03-30 18:36:23,t1_gsth6xq,t3_mgia2i,comment
gst9tfh,1kg? Around £15.,Old-Blighty,argentina,27,2021-03-30 12:58:28,t1_gst9pdq,t3_mgia2i,comment
gst502w,Thank you!,Old-Blighty,argentina,12,2021-03-30 12:22:51,t1_gst4y6h,t3_mgia2i,comment
gstkgcq,*Sad kirchnerist noises*,ElHombreDelBosque,argentina,24,2021-03-30 14:17:43,t1_gstcefo,t3_mgia2i,comment
gstczdd,Haha Gordon!,Old-Blighty,argentina,10,2021-03-30 13:22:13,t1_gstcmly,t3_mgia2i,comment
gstnxtw,"Boiled for 3 minutes, then fried at 160 Celsius, cooled and then fried again at 190 Celsius to get them crispy on the outside!",Old-Blighty,argentina,14,2021-03-30 14:43:42,t1_gstnq5a,t3_mgia2i,comment
gsth9pw,Do you know I don’t know? I haven’t done anywhere in Australasia yet so maybe something from there!,Old-Blighty,argentina,8,2021-03-30 13:54:01,t1_gsth2oe,t3_mgia2i,comment
gstp10l,Haha no problem! It was fun to make!,Old-Blighty,argentina,6,2021-03-30 14:51:54,t1_gston15,t3_mgia2i,comment
gstzmtx,wanna marry me ? i have a used fiat one. and i dont fear reving it.,[deleted],argentina,2,2021-03-30 16:11:27,t1_gst5pid,t3_mgia2i,comment
gstn85p,"Thanks.

You learn new things each day!",Old-Blighty,argentina,5,2021-03-30 14:38:19,t1_gstmyf7,t3_mgia2i,comment
gsun976,"Jaja con ese flair de las Malvinas, que grande",Keeping_It_Cool_,argentina,5,2021-03-30 19:16:07,t1_gstmyf7,t3_mgia2i,comment
gstq6aq,"Yo venía pisteando la lija como un campeón y se me cruzó, no sé que se me cruzó y quedé como un Gordon Ramsay en Máster Chef",FoxtrotAlfa0,argentina,2,2021-03-30 15:00:27,t1_gstmsiq,t3_mgia2i,comment
gsunfq6,jajaja. ponele la version latina de la pelea. pobre brit,CosacoXI,argentina,1,2021-03-30 19:17:39,t1_gstmsiq,t3_mgia2i,comment
gstv87n,Just the local supermarket.,Old-Blighty,argentina,3,2021-03-30 15:38:36,t1_gstv5b3,t3_mgia2i,comment
gsu2doz,[deleted],[deleted],argentina,19,2021-03-30 16:32:10,t1_gsttyat,t3_mgia2i,comment
gsudbpx,"wasnt that the british employeees of the railways would ask for curry and the gauchos wouldnt understand ""give me curry"" and eventually became ""chimichurri"". this sounds more accurate",CosacoXI,argentina,6,2021-03-30 17:55:48,t1_gsttyat,t3_mgia2i,comment
gsu9e0l,today I learned something new,[deleted],argentina,1,2021-03-30 17:25:26,t1_gsttyat,t3_mgia2i,comment
gsufsfz,r/thathappened,[deleted],argentina,1,2021-03-30 18:15:19,t1_gsttyat,t3_mgia2i,comment
gstoxck,"Chop the potatoes to chip sized.

Put in a pan of water, heat it until it’s simmering, keep it simmering for 3 minutes.

Drain the chips and pat them dry.

Then, fry in the fryer, 160 Celsius for 3 minutes.

Remove and cool.

Heat oil again but this time to 190 Celsius. 

Put chips in and fry for 5 minutes.

Done! The outside will be crispy and the inside will be nice and fluffy.",Old-Blighty,argentina,5,2021-03-30 14:51:09,t1_gsto2zy,t3_mgia2i,comment
gsue7nd,[removed],[deleted],argentina,2,2021-03-30 18:02:51,t1_gsu5zoc,t3_mgia2i,comment
gsuzq6m,por que decis eso? si se lo ve cocida.,[deleted],argentina,1,2021-03-30 21:04:33,t1_gsub20y,t3_mgia2i,comment
gstiuc3,"Ahhh I’ve tried to interpret that on Google.

Did I cook the steak to medium? It was probably closer to medium rare I would say!",Old-Blighty,argentina,5,2021-03-30 14:05:49,t1_gstiio5,t3_mgia2i,comment
gst9nu8,Aha fair comment - I like my steak a bit red but I appreciate everyone likes it different ways.,Old-Blighty,argentina,4,2021-03-30 12:57:19,t1_gst8yhv,t3_mgia2i,comment
gst5upv,Thank you!,Old-Blighty,argentina,9,2021-03-30 12:29:09,t1_gst5r8m,t3_mgia2i,comment
gsupcny,"no esta crudo para nada, esta ""medium rare"" no se como es en español, que yo sepa aca no comemos cuero, es mucho mas rica como la hizo el.",extremec9,argentina,1,2021-03-30 19:33:55,t1_gstg3lj,t3_mgia2i,comment
gst8cw9,llego el mala onda,silentstorm45,argentina,9,2021-03-30 12:47:43,t1_gst769p,t3_mgia2i,comment
gst8jh3,Full wachin,[deleted],argentina,4,2021-03-30 12:49:03,t1_gst769p,t3_mgia2i,comment
gstoy38,"Le agrega un poco más de sabor diría yo, especialmente si la condimentas un par de horas antes de cocinarla. Igual es un gusto adquirido, no le gusta a todos.",theproftw,argentina,3,2021-03-30 14:51:18,t1_gstmtpa,t3_mgia2i,comment
gsuzofs,"un corte  en ese termino es completamente inocuo para un adulto.Mientras mas antes lo saques mas jugo tiene y mas tierno esta, Difiero del termino blue porque ahi ni llegaron a soltarse los jugos, pero de rare para arriba esta la nota(yo prefiero medium tirando a medium rare)",[deleted],argentina,2,2021-03-30 21:04:07,t1_gstmtpa,t3_mgia2i,comment
gsughlw,"Punto suela te gusta a vos, no? Jaja",todosestanenuso,argentina,2,2021-03-30 18:20:54,t1_gsuef0h,t3_mgia2i,comment
gstegcd,[deleted],[deleted],argentina,262,2021-03-30 13:33:07,t1_gst68qc,t3_mgia2i,comment
gsuk0is,Please come the government needs your taxes,mikymikes95,argentina,28,2021-03-30 18:49:16,t1_gst68qc,t3_mgia2i,comment
gste9sa,Tarta de jq frita ??? De que me perdí???,0nkk,argentina,57,2021-03-30 13:31:47,t1_gstbi9z,t3_mgia2i,comment
gstiku5,Ud. tiene que arrepentirse de lo que dijo.,VRichardsen,argentina,8,2021-03-30 14:03:48,t1_gstbi9z,t3_mgia2i,comment
gstxi6f,Tarta de caballa supremacy,ElHombreDelBosque,argentina,1,2021-03-30 15:55:28,t1_gstbi9z,t3_mgia2i,comment
gstm35b,"Cuando estuve en Londres el menú en una gran parte de restaurantes era “Fish and Chips”, pescado (frito casi siempre) con papas fritas, era todo muy monótono. Los lugares donde había más cosas eran restaurantes extranjeros y cosas así. 

Obviamente hay más que pescado con papas pero era casi absurdo como en todos lados comían eso. Aunque es verdad que también comí muy ricas pastas allá.",Juanbo_8,argentina,16,2021-03-30 14:29:49,t1_gstkzad,t3_mgia2i,comment
gstylq8,Nosotros tampoco tenemos mucho propio,grimgroth,argentina,1,2021-03-30 16:03:37,t1_gstkzad,t3_mgia2i,comment
gstb8ir,High sandpaper!,vaexter,argentina,210,2021-03-30 13:09:02,t1_gst9wyk,t3_mgia2i,comment
gstjnbk,lastima que es fin de mes y estoy re dry.,akaarrlz,argentina,111,2021-03-30 14:11:49,t1_gst9wyk,t3_mgia2i,comment
gstp9qk,"Cargamento de empanadas a las Malvinas. Hacemos ley que comer empanadas te hace automáticamente argentino y listo pa, nuestras otra vez",FoxtrotAlfa0,argentina,37,2021-03-30 14:53:43,t1_gstgw6k,t3_mgia2i,comment
gsti7vx,Te fuiste expropiado pirata,De_pinguino,argentina,18,2021-03-30 14:01:06,t1_gstgw6k,t3_mgia2i,comment
gstv4j3,"now a dozen is about 1.5 usd, and i swear the fatter the cook is and how dirty is the place, makes em tastier",[deleted],argentina,35,2021-03-30 15:37:49,t1_gstqopp,t3_mgia2i,comment
gsuofr1,"isnt it better to seal the meat on the sides for that? sorry, i always eat meat with no red or pink parts, perhaps medium is something imdoing wrong and thats why i dont like it, just looking info",CosacoXI,argentina,1,2021-03-30 19:26:06,t1_gstqopp,t3_mgia2i,comment
gsv6s7x,"I am curious, how can you tell they didn't let it rest from the photo?

Maybe because its been cut up already?  That kind of bothered me, its just going to get cold faster, but I guess I assumed they rested it first.",fschwiet,argentina,1,2021-03-30 22:08:32,t1_gstqopp,t3_mgia2i,comment
gstgwqe,"[FUCK PASAS DE UVA ALL MY HOMIES HATE PASAS DE UVA](https://i.ibb.co/bPx73GH/b17dc27188fe.jpg)

^^^this ^^^has ^^^been ^^^an ^^^accessibility ^^^service ^^^from ^^^your ^^^friendly ^^^neighborhood ^^^bot",ReverseCaptioningBot,argentina,160,2021-03-30 13:51:18,t1_gstgv9a,t3_mgia2i,comment
gsugqea,[deleted],[deleted],argentina,15,2021-03-30 18:22:51,t1_gstgv9a,t3_mgia2i,comment
gsugybx,Es una gilada esto. La empanada con pasas de uva es una comida distinta de la empanada sin. Es absurda la comparación.,AndreasBrehme,argentina,4,2021-03-30 18:24:35,t1_gstgv9a,t3_mgia2i,comment
gstng9g,"Fuck no pasas de uva, all my homies love pasas de uva",xuxo94,argentina,-24,2021-03-30 14:40:02,t1_gstgv9a,t3_mgia2i,comment
gsv0vsz,How dare you,TotalmenteMati,argentina,0,2021-03-30 21:14:56,t1_gstgv9a,t3_mgia2i,comment
gsuhtac,Ugh. You have to regret what you said,Positive-Macaron-550,argentina,4,2021-03-30 18:31:22,t1_gstuhzs,t3_mgia2i,comment
gst6c0m,oh normally foreigners i know hated it taste haha ​​they thought it was quite strong. I'm glad you like it,[deleted],argentina,22,2021-03-30 12:32:43,t1_gst5fud,t3_mgia2i,comment
gsu5vl8,"Nah, it looks really good",nachouni10,argentina,1,2021-03-30 16:58:38,t1_gstd6wy,t3_mgia2i,comment
gstbpou,"recognise obtainable rhythm seed workable work library voracious airport knee

 *This post was mass deleted and anonymized with [Redact](https://redact.dev/home)*",mifamiliaejurio,argentina,64,2021-03-30 13:12:36,t1_gstaag4,t3_mgia2i,comment
gstezm5,Just some clarification: Argentinian chorizo is not the same as Spanish chorizo. Ours is more like a thick slightly spicy sausage.,[deleted],argentina,47,2021-03-30 13:37:03,t1_gstaag4,t3_mgia2i,comment
gstf0ks,"Yeah, we call it choripan, we love it and even have a big ass festival for it every year (with several kinds of chimichurri of course)",ElHombreDelBosque,argentina,6,2021-03-30 13:37:15,t1_gstaag4,t3_mgia2i,comment
gstgfwo,Our chorizo sandwich is your fish and chips mate,Positive-Macaron-550,argentina,3,2021-03-30 13:47:51,t1_gstaag4,t3_mgia2i,comment
gstmwp7,"I actually liked your take on bigger chunks, would have to try it",NoOneWalksInAtlanta,argentina,2,2021-03-30 14:35:58,t1_gstaag4,t3_mgia2i,comment
gstsqbf,"Well... You see, Argentina had a lot of Italian immigration (my own family for example) so... As Fernet is an italian drink, is kind of an heritage.

Here in Córdoba, my province, we drink a lot of it, and I mean... A lot, we are the second mayor consumers after Italy. But we do not drink it pure, we prepare ""Fernet con coca"", it's 70% CocaCola and 30% Fernet Branca (there is some variations but basically that). So the hard herbal taste of the drink is more... Soft.

A piece of advice: if you came here sometime never tell cordubesians that you don't like fernet or they will make you drink a lot of fernet in several ways of preparation until you like it (?",ElHombreDelBosque,argentina,11,2021-03-30 15:19:44,t1_gstqnni,t3_mgia2i,comment
gsuasml,"I'm argentinian and I despise fernet. But yeah, it's more of a cultural thing.",countach,argentina,1,2021-03-30 17:36:13,t1_gstqnni,t3_mgia2i,comment
gstz2aw,Thanks !,ElHombreDelBosque,argentina,1,2021-03-30 16:07:06,t1_gstunik,t3_mgia2i,comment
gstyulz,"Of course ! We have some quality beers here, there's a lot of breweries in the sierras, and some fries with cheddar, onion and bacon are an ideal accompaniment (?

I recommend Checa, a beer brand from Sacanta, they made really good beer, specially red ones.",ElHombreDelBosque,argentina,1,2021-03-30 16:05:29,t1_gstqwpz,t3_mgia2i,comment
gsthiin,I did it boys!,rhcp2112,argentina,86,2021-03-30 13:55:52,t1_gsthbaq,t3_mgia2i,comment
gstc7rm,"~$3000, una bicoca.",olbaidaxux,argentina,33,2021-03-30 13:16:21,t1_gst9tfh,t3_mgia2i,comment
gsu73f8,Are you in London? That’s a good price,todosestanenuso,argentina,7,2021-03-30 17:07:50,t1_gst9tfh,t3_mgia2i,comment
gstvcxs,Ah nice I thought it looked better than the regular tesco steak,Montein,argentina,1,2021-03-30 15:39:36,t1_gstv87n,t3_mgia2i,comment
gsu8hyu,[https://www.houstonpress.com/restaurants/recipe-of-the-week-argentine-chimichurri-6402790](https://www.houstonpress.com/restaurants/recipe-of-the-week-argentine-chimichurri-6402790),Gati-Macro,argentina,1,2021-03-30 17:18:39,t1_gsu2doz,t3_mgia2i,comment
gstrub7,"Awesome, definitely gonna try that recipe. Thanks lad!",Spaghettis1,argentina,3,2021-03-30 15:13:03,t1_gstoxck,t3_mgia2i,comment
gsvhm4e,"Ahm just from BA, sonny, it's just that ah leek geordie accent!  


*Note: Ah nee't subtitles, though.*

*Note 2: Heor, steak an' chips is neet three star Michelin, anywa. Mare pretentious stuff gets the prizes.*",nsfwmodeme,argentina,1,2021-03-30 23:48:14,t1_gsue7nd,t3_mgia2i,comment
gsvgdrg,"lo del medio esta rosado, no lo hizo a fuego lento",amarillo2019,argentina,1,2021-03-30 23:36:29,t1_gsuzq6m,t3_mgia2i,comment
gstji8e,"> Ahhh I’ve tried to interpret that on Google.

Here is my admittedly poor attempt at pouring all that slang into English:

> No podés postearlo justamente a esta hora capo.

""You can't just post this exactly at this time, man/homie"" 

(It is lunch time around here)

> Fuera de joda, tiene una pinta espectacular.

""I kid you not, it looks spectacular/amazing""

> It was probably closer to medium rare I would say!

Ah, I see. Around here pretty much everything is consumed well done. Sometimes if the asador serves something rare, his friends will jokingly tell him that they just heard the cow bellow :)",VRichardsen,argentina,7,2021-03-30 14:10:47,t1_gstiuc3,t3_mgia2i,comment
gstbc9y,"It's not raw at all though, OP's probably used to well done steak.",ThreeArr0ws,argentina,8,2021-03-30 13:09:49,t1_gst9nu8,t3_mgia2i,comment
gstbi0d,"In Argentina we only eat meat well done. We never undercook it/leave it a little raw. But it’s different, cause in Argentina meat is still very soft even cooked well done 

Just cultural difference 

My mom always told me that I’d die if I left anything red on the meat",[deleted],argentina,2,2021-03-30 13:11:00,t1_gst9nu8,t3_mgia2i,comment
gstjzg6,Haciendo chimi en las marchas,ElHombreDelBosque,argentina,89,2021-03-30 14:14:17,t1_gstegcd,t3_mgia2i,comment
gsv9asm,Una vez el decano de mi facultad dijo “antes muerto que lavando copas en Miami!!!” Y todos los zurdos aplaudían. Hay que ser pelotudo.,PositiveVibesNow,argentina,34,2021-03-30 22:31:10,t1_gstegcd,t3_mgia2i,comment
gstirnp,Jajaja,canserelberobero,argentina,6,2021-03-30 14:05:16,t1_gstegcd,t3_mgia2i,comment
gsv0awj,"They were fucked once over some tea bag tax, they won't make the same mistake all over again (I suppose).",[deleted],argentina,6,2021-03-30 21:09:45,t1_gsuk0is,t3_mgia2i,comment
gstgsms,Nadie dijo frita. Tus ojos solo leyeron lo que desean.,Conejiyo,argentina,168,2021-03-30 13:50:27,t1_gste9sa,t3_mgia2i,comment
gstj734,Comete una empanada de jyq frita y listo bro.,LowJayz,argentina,21,2021-03-30 14:08:30,t1_gste9sa,t3_mgia2i,comment
gstmjon,"El famoso ""Fish & Chips"" lo copiaron de los Alemanes. Las pastas son Italianas los más típico de aquí es el famoso té, robado de los Chinos y bebido en porcelana también China.",Hasso78,argentina,21,2021-03-30 14:33:14,t1_gstm35b,t3_mgia2i,comment
gstyo9c,Esto nunca lo voy a entender. como u/martoo6 al final los britanicos se robaron todas las especies del mundo.. para tener una comida de mierda,bigsurprise89,argentina,7,2021-03-30 16:04:09,t1_gstm35b,t3_mgia2i,comment
gstps9b,"Millones fueron asesinados para saquearles sus especias, para que terminen no usando ninguna en su unico buen plato. smh",ifitoldyou_tyrmw,argentina,13,2021-03-30 14:57:35,t1_gstm35b,t3_mgia2i,comment
gsuww2i,Arriba las papas fritas,Gwynbbleid,argentina,1,2021-03-30 20:39:42,t1_gstm35b,t3_mgia2i,comment
gsucjw1,Se infiltró un uruguayo chicos!,Lukerio1,argentina,6,2021-03-30 17:49:46,t1_gstylq8,t3_mgia2i,comment
gsu4a1r,"bocha de marzo me sobró al final de este sueldo, saqué el paté y todo",jw8ak64ggt,argentina,25,2021-03-30 16:46:34,t1_gstjnbk,t3_mgia2i,comment
gsv6io3,"oh hush, there ain't nobody selling a dozen empanadas for $1.5.",fschwiet,argentina,6,2021-03-30 22:06:07,t1_gstv4j3,t3_mgia2i,comment
gsuy3jj,"You can definitely sear the meat. But you should still let it rest. It does still reabsorb the juices (and technically finishes the cooking process).

I highly recommend you try a good medium rare steak at some point though.",jpieples,argentina,2,2021-03-30 20:50:10,t1_gsuofr1,t3_mgia2i,comment
gstjrb3,Good bot,burned_pixel,argentina,48,2021-03-30 14:12:38,t1_gstgwqe,t3_mgia2i,comment
gstkng8,Amazing bot,saucojulian,argentina,31,2021-03-30 14:19:10,t1_gstgwqe,t3_mgia2i,comment
gsu1q52,Good bot,JuanitaAlSur,argentina,15,2021-03-30 16:27:15,t1_gstgwqe,t3_mgia2i,comment
gsuqd3g,[deleted],[deleted],argentina,26,2021-03-30 19:42:47,t1_gsugqea,t3_mgia2i,comment
gsv1h8l,Aguante* y no.,AnonXplo1t,argentina,1,2021-03-30 21:20:15,t1_gsugqea,t3_mgia2i,comment
gsvcxt1,"Coincido 100%. Podré preferirlas de alguna manera, pero no discrimino ninguna, no hay que ser sectario.

PD: los que la comen sin picante al paredón.",golpedeserpiente,argentina,3,2021-03-30 23:04:07,t1_gsugybx,t3_mgia2i,comment
gsuqenf,[deleted],[deleted],argentina,4,2021-03-30 19:43:11,t1_gsugybx,t3_mgia2i,comment
gstrsr1,"Cállese, hombre horrible",Horrorpheliac,argentina,35,2021-03-30 15:12:43,t1_gstng9g,t3_mgia2i,comment
gsu40yt,Usted tiene que arrepentirse de lo que dijo!,Dartister,argentina,15,2021-03-30 16:44:39,t1_gstng9g,t3_mgia2i,comment
gsv0k9p,I support this,[deleted],argentina,3,2021-03-30 21:12:04,t1_gstng9g,t3_mgia2i,comment
gsumpoc,Como te gusta envenenarte solo eh,Jamb4juice,argentina,0,2021-03-30 19:11:39,t1_gstng9g,t3_mgia2i,comment
gst7ypr,I'm an American but my mother is from Argentina and she makes chimichurri all the time - everyone I've given it to has loved it.,Titus_Favonius,argentina,32,2021-03-30 12:44:49,t1_gst6c0m,t3_mgia2i,comment
gst6esn,It’s good to try new things.,Old-Blighty,argentina,12,2021-03-30 12:33:17,t1_gst6c0m,t3_mgia2i,comment
gstkx1d,[deleted],[deleted],argentina,66,2021-03-30 14:21:09,t1_gstbpou,t3_mgia2i,comment
gstiivr,"Aaaaaaaaaahh el buen choripán, por acá se dice que se inventó en Córdoba, en el parque Sarmiento.",ElHombreDelBosque,argentina,8,2021-03-30 14:03:22,t1_gstbpou,t3_mgia2i,comment
gstikv7,Very important,ElHombreDelBosque,argentina,15,2021-03-30 14:03:49,t1_gstezm5,t3_mgia2i,comment
gstpfv3,_thicc_,FoxtrotAlfa0,argentina,12,2021-03-30 14:55:01,t1_gstezm5,t3_mgia2i,comment
gsu9tfj,Use lots of ice,LinceGris,argentina,2,2021-03-30 17:28:41,t1_gstsqbf,t3_mgia2i,comment
gstrq2s,"Good ending, you escaped Argentina",[deleted],argentina,68,2021-03-30 15:12:10,t1_gsthiin,t3_mgia2i,comment
gsu7jxj,"Está consiguiéndolo MUY barato.
Acá por donde vivo el precio está el doble",todosestanenuso,argentina,3,2021-03-30 17:11:22,t1_gstc7rm,t3_mgia2i,comment
gsu7apd,"Nah, not too far. A place called Southend.",Old-Blighty,argentina,6,2021-03-30 17:09:23,t1_gsu73f8,t3_mgia2i,comment
gstjm74,"Haha, excellent.",Old-Blighty,argentina,5,2021-03-30 14:11:36,t1_gstji8e,t3_mgia2i,comment
gstixh2,Creo que acá todo el mundo lo cocina así. En Argentina hay dos graduaciones mayormente: well done o crudo.,VRichardsen,argentina,6,2021-03-30 14:06:28,t1_gstbc9y,t3_mgia2i,comment
gstjwf9,Ojos golosos,ElHombreDelBosque,argentina,84,2021-03-30 14:13:40,t1_gstgsms,t3_mgia2i,comment
gstn3k2,"Mejor al horno, la frita la agarras y te queda toda la mano grasienta",revelriders,argentina,3,2021-03-30 14:37:23,t1_gstj734,t3_mgia2i,comment
gstrza6,"Lo del té y las pasta lo sabía, pero no lo del “Fish and Chips”. No tenía idea que era una comida típica (supongo que se podría decir) de los alemanes.",Juanbo_8,argentina,3,2021-03-30 15:14:06,t1_gstmjon,t3_mgia2i,comment
gsud6dc,"Se robaron las especias tipo ""Si nuestra comida es una cagada, ahora la suya tambien""",ilb_89,argentina,9,2021-03-30 17:54:38,t1_gstyo9c,t3_mgia2i,comment
gsubzpu,El colmo de esto es que ahora su plato nacional es un curry desarollado por Indios por que a los ingleses se les hacia muy picante el curry clasico de India.,angryybaek,argentina,3,2021-03-30 17:45:27,t1_gstps9b,t3_mgia2i,comment
gsug7i7,La provincia rebelde ataca!!,Hasso78,argentina,6,2021-03-30 18:18:39,t1_gsucjw1,t3_mgia2i,comment
gsu5x19,Yo vengo arañando hace 10 días. Me queda una semana más hasta cobrar,CosmeBuzzanito,argentina,15,2021-03-30 16:58:56,t1_gsu4a1r,t3_mgia2i,comment
gsv8xvx,give me a nationality and i'll cook em everyday for you,[deleted],argentina,5,2021-03-30 22:27:56,t1_gsv6io3,t3_mgia2i,comment
gsuz5ud,"I think so, still wonder if i´ve ever tried a medium rare steak done properly.",CosacoXI,argentina,1,2021-03-30 20:59:31,t1_gsuy3jj,t3_mgia2i,comment
gsv0j1u,\*con voz secsi: Pasas de uva,[deleted],argentina,10,2021-03-30 21:11:46,t1_gsuqd3g,t3_mgia2i,comment
gsv5nk9,No.,AndreasBrehme,argentina,2,2021-03-30 21:58:14,t1_gsuqenf,t3_mgia2i,comment
gst9dow,"Home.made chimi is the best. There are some nasty chimis out there, tourists might get the wrong impression most of the time because of that!",anonssr,argentina,19,2021-03-30 12:55:12,t1_gst7ypr,t3_mgia2i,comment
gstm2mq,"I love to mix a bit of chimi in with mayonnaise for a very tasty spread on sandwiches. I've also tossed it into pasta as a sort of pesto, but better.",LV2107,argentina,3,2021-03-30 14:29:43,t1_gst6esn,t3_mgia2i,comment
gsud0pm,"Chori chori chori bread

Chori chori chori bread

The magic of chori and the glamour of the bread

They meet together to something that you will love

Chori chori chori bread

Chori chori chori bread",cTemur,argentina,16,2021-03-30 17:53:25,t1_gstkx1d,t3_mgia2i,comment
gsude1k,Corte butterfly,Limmmao,argentina,8,2021-03-30 17:56:19,t1_gstkx1d,t3_mgia2i,comment
gstvaf7,Si fuese cierto diria que ya tenemos el origen a lo mejor que le paso a latinoamerica,[deleted],argentina,4,2021-03-30 15:39:04,t1_gstiivr,t3_mgia2i,comment
gsuhm0x,"Todo en esa oración iría en cursiva...

*thicc spicy sausage*

Suena a una línea de peli porno.",KSanRa,argentina,9,2021-03-30 18:29:44,t1_gstpfv3,t3_mgia2i,comment
gsu8mpd,Achievement Unlocked,gleis00,argentina,17,2021-03-30 17:19:40,t1_gstrq2s,t3_mgia2i,comment
gsu7ehz,"Ah fair! Ribeye is quite expensive near my area:

https://london.thegingerpig.co.uk/products/beef-steak",todosestanenuso,argentina,5,2021-03-30 17:10:11,t1_gsu7apd,t3_mgia2i,comment
gsu4ybg,Acabo de leer el comentario devuelta. Efectivamente tenía hambre y mi cabeza ya se imagino como era una tarta frita de jq,0nkk,argentina,32,2021-03-30 16:51:41,t1_gstjwf9,t3_mgia2i,comment
gsuhcou,jajajaj no puedo evitar pensar que es un ficha bultos por culpa de tu comentario jaja,KSanRa,argentina,5,2021-03-30 18:27:42,t1_gstjwf9,t3_mgia2i,comment
gstqyis,ay esta grasa no se quita,TheEndlessWaltz,argentina,34,2021-03-30 15:06:23,t1_gstn3k2,t3_mgia2i,comment
gsvgt36,Sir this is a /r/argentina,fschwiet,argentina,4,2021-03-30 23:40:33,t1_gsv8xvx,t3_mgia2i,comment
gsv0jm5,"Use an instant read thermometer and it will make the cooking process nearly foolproof. For me, mid-rare is when the meat just melts in your mouth but everyone has their own preferences.",RelevantTalkingHead,argentina,1,2021-03-30 21:11:54,t1_gsuz5ud,t3_mgia2i,comment
gsvb1ni,I know a lot of people who haven't. So it wouldn't be out of the question.,jpieples,argentina,1,2021-03-30 22:47:00,t1_gsuz5ud,t3_mgia2i,comment
gst9luq,If you ever come to the USA and go to a steak house don't get the chimichurri if it's offered. The chimi at these places is usually bright green and blended to hell - looks like a green milkshake.,Titus_Favonius,argentina,17,2021-03-30 12:56:54,t1_gst9dow,t3_mgia2i,comment
gstrwng,"Oh, i do the same, it's amazing!",[deleted],argentina,2,2021-03-30 15:13:32,t1_gstm2mq,t3_mgia2i,comment
gstvzvx,"Jajajajjaja totalmente. Es una lástima que en cierta forma lo hayan politizado, como a la polenta, pero al menos acá en Córdoba no pasó... Acá sigue siendo lo que fue.

Pude encontrar esto: El historiador Daniel Balmaceda asegura que ""el matrimonio entre el pan y el chorizo, tal como lo conocemos hoy, se concretó en Córdoba "".

https://www.lanacion.com.ar/lifestyle/choripan-clasico-veggie-origen-se-remonta-cordoba-nid2299912/",ElHombreDelBosque,argentina,6,2021-03-30 15:44:21,t1_gstvaf7,t3_mgia2i,comment
gsujucz,_brit amateur cheff shows what he can do with his thicc spicy sausage_,FoxtrotAlfa0,argentina,8,2021-03-30 18:47:50,t1_gsuhm0x,t3_mgia2i,comment
gsuad9f,"""Goodbye Peronia""",[deleted],argentina,18,2021-03-30 17:32:56,t1_gsu8mpd,t3_mgia2i,comment
gsu9dzg,That looks top notch though!,Old-Blighty,argentina,2,2021-03-30 17:25:26,t1_gsu7ehz,t3_mgia2i,comment
gsu9h7a,Yo tambien compro ahi!,Shweicer,argentina,1,2021-03-30 17:26:06,t1_gsu7ehz,t3_mgia2i,comment
gsu5vm0,Podrías haber inventado una nueva receta eh yo no descartaría la tarta frita de jq,ElHombreDelBosque,argentina,15,2021-03-30 16:58:38,t1_gsu4ybg,t3_mgia2i,comment
gsvg73x,Jajaja,Zauqui,argentina,2,2021-03-30 23:34:43,t1_gsu4ybg,t3_mgia2i,comment
gsuj2da,( ͡° ͜ʖ ͡°),ElHombreDelBosque,argentina,3,2021-03-30 18:41:27,t1_gsuhcou,t3_mgia2i,comment
gst9sgw,Sounds like guacamole gone wrong,anonssr,argentina,11,2021-03-30 12:58:16,t1_gst9luq,t3_mgia2i,comment
gsua0cl,"Yeah, it’s a posh butcher.

If you want to get to these people’s heart you need to make some Milanesas!
Everyone loves milanesas.

I wish I had a milanesa right now 😞",todosestanenuso,argentina,5,2021-03-30 17:30:11,t1_gsu9dzg,t3_mgia2i,comment
gsucdq8,Casi como una empanada de jyq frita (?,Lukerio1,argentina,2,2021-03-30 17:48:25,t1_gsu5vm0,t3_mgia2i,comment
gsua2m4,Time to do some research!,Old-Blighty,argentina,3,2021-03-30 17:30:39,t1_gsua0cl,t3_mgia2i,comment
gparxo6,"Como cambiaron las cosas. En mis epocas era putearnos mutuamente (muchas veces por la joda mas que nada) con brasileros, chilenos, peruanos, uruguayos, .. ahora es mendigarle ayuda a todos",bigsurprise89,argentina,266,2021-03-01 10:58:18,t3_lv954a,t3_lv954a,comment
gpaq2ki,[deleted],[deleted],argentina,282,2021-03-01 10:40:05,t3_lv954a,t3_lv954a,comment
gparu64,Literalmente el dijo que lo van a hacer colonia y se puso contento.,MXM_SZ,argentina,472,2021-03-01 10:57:24,t3_lv954a,t3_lv954a,comment
gpawgdk,"""Me dijo en el conter me dijo"" 

\-Ojalá nos libere de la ignorancia.",Ibrahaim,argentina,122,2021-03-01 11:39:06,t3_lv954a,t3_lv954a,comment
gpberlf,"Me dijo: ""Voce e de Argentina, ya lo vamo a libeirar do socialismo"" y rusheó p90 manito",basoura,argentina,24,2021-03-01 14:03:17,t3_lv954a,t3_lv954a,comment
gpbw54g,"""No sé de política y no quiero saber"" el post",Sponge_N00b,argentina,14,2021-03-01 16:10:10,t3_lv954a,t3_lv954a,comment
gpc6ohd,Que socialismo ?,Gwynbbleid,argentina,10,2021-03-01 17:27:56,t3_lv954a,t3_lv954a,comment
gpapunm,"Ya lo sacaron Rosas una vez. Aunque estos bolsonaristas dan más miedo que otra cosa: mismo peludo con distinto collar. Ya les aumentó 3 veces la nafta en lo que va del año, está mandando a privatizar la electricidad y el correo, y los precios de todo aumentan. Nada, para que no se hagan los vivos que todavía les falta un pelín.",fedexp86,argentina,93,2021-03-01 10:37:51,t3_lv954a,t3_lv954a,comment
gpb0020,"Soy yo o que un brazuca le diga eso a un argentino o uruguayo me da abundante cringe? Brasil fue, es y seguirá siendo un infierno corrupto. Que se vienen de ""ejemplo""?",wanderlustcamis,argentina,42,2021-03-01 12:08:57,t3_lv954a,t3_lv954a,comment
gpaybro,Mientras vengan los trabas brasileros estoy feliz,Alive-Championship-5,argentina,16,2021-03-01 11:55:03,t3_lv954a,t3_lv954a,comment
gparsju,"https://www.occrp.org/en/poy/2020/

Esto es lo que nos viene a salvar?",Eraserhead310,argentina,26,2021-03-01 10:56:58,t3_lv954a,t3_lv954a,comment
gpauouq,[deleted],[deleted],argentina,14,2021-03-01 11:23:42,t3_lv954a,t3_lv954a,comment
gpb20ow,Manden garotas,Efirion,argentina,11,2021-03-01 12:25:19,t3_lv954a,t3_lv954a,comment
gpayryn,Qué quieren ayudar a otro país con el quilombo propio que tienen?! Si dentro de poco van a tener que ir a purgar Manaos como si fuera Stratholme  (referencia para woweros),Angry_argie,argentina,14,2021-03-01 11:58:50,t3_lv954a,t3_lv954a,comment
gpb8xon,"Socialismo en Argentina... Lo que hay es una tremenda corrupción, aca en Uruguay tuvimos un gobierno socialista por 15 años y nos fue bien.",elmonetta,argentina,24,2021-03-01 13:19:35,t3_lv954a,t3_lv954a,comment
gpb7nnb,Se viene la unión de naciones sudamericanas si desde ya que si,[deleted],argentina,5,2021-03-01 13:09:45,t3_lv954a,t3_lv954a,comment
gpbsvo0,Y le digo y me dice y le digo...,FranciscoFJM,argentina,4,2021-03-01 15:45:48,t3_lv954a,t3_lv954a,comment
gpbpotn,Por favor saqueme del socialismo jugador del counter,PANZER0007,argentina,3,2021-03-01 15:22:26,t3_lv954a,t3_lv954a,comment
gpawz6k,Tienen militares para mandarnos? Acá ni armas les han dejado,nMy11,argentina,8,2021-03-01 11:43:40,t3_lv954a,t3_lv954a,comment
gpd73hm,"Y estar en deuda con Bolsonaro, que es un desquiciado, machista, homófobo, y conspiracionista que cree que el COVID es mentira? No, gracias. Mejor la muerte.",mortadeloyfilemon,argentina,4,2021-03-01 22:27:33,t3_lv954a,t3_lv954a,comment
gpb5d24,"....también puede ser que nuestro problema sea que siempre estamos esperando que nos ayuden de afuera, y eso es que nos falla.

Entiendo el humor pero me duele cuando hay comentarios que dicen ""Podiamos ser como Australia..."" como si los problemas que tenemos se solucionaran siendo sumisos a otra potencia.....

Esto no esta dirigido a OP, es un comentario general. Pero veo mucho carpincho, mate y truco y al mismo tiempo gente argumentando si vamos a estar mas felices con dueños X o Y...me da una acidez...",plansprintrelease,argentina,5,2021-03-01 12:51:54,t3_lv954a,t3_lv954a,comment
gpc7bml,"Si tenemos que comer sopa do macaco, comemos sopa do macaco",unmomentoagradable,argentina,2,2021-03-01 17:32:39,t3_lv954a,t3_lv954a,comment
gpct0wn,"Bue, nos sacan a los K para meternos a Bolsoignaro, al menos Aumento Fernandez finje que le importa la gente del pais",wire-zz,argentina,2,2021-03-01 20:23:09,t3_lv954a,t3_lv954a,comment
gpcu2qy,redaccion a marzo,d0dewhat,argentina,2,2021-03-01 20:32:14,t3_lv954a,t3_lv954a,comment
gpcv07e,"Es muy fácil correrse del tema. Los ejemplos que te di no son para aplicar a la cantidad de servicios, la electricidad tiene una sola presentación, en tal caso puede ser que una empresa te garantice disponiblidad, servicio técnico, nivel de tensión pero no va más allá de eso.
Los ejemplos que te puse son para que veas que no necesariamente la competencia es un factor determinante de la innovación ni de la eficiencia (no para aplicarlos a la luz, en tal caso sería más propio usarlos en las telecomunicaciones pero ENTel no dió ese salto).
Un ejemplo que, desde tu óptica sería válido es ENTel Bolivia, empresa de capital público, fibra óptica bajo el Pacífico, satélite propio, mejores precios que las empresas privadas. Bolivia eh, no Suecia. Además es rentable. Da cable, internet, telefonía fija y móvil en todo el país, incluso donde a las privadas no les interesa llegar. Ahora entenderás por qué me tiene sin cuidado esa opinión de que no tiene que ser público. El problema no es que sea público, el problema es la gestión. No es un monopolio, no, es una competencia libre.
Vos muy tranquilamente decís que las personas son bobas y sólo se mueven por modas y consumo. ¿Y la obsolescencia programada, no existe? Eso es ineficiencia programada y por lo tanto, una práctica antieconómica. Pero dejemos ahí la cosa, todo es innovación y color rosa en el mundo del libremercado. Viva Carlos Saúl y el primer mundo. Chín chín.",fedexp86,argentina,2,2021-03-01 20:40:18,t3_lv954a,t3_lv954a,comment
gpbagqw,"Como dijo el titular de una catedra en la que estube ""es democracia, que lo respeten""

Pero cuando gano lacalle pou en uruguay dijo ""hay que militar para ayudarlos, hay que liberarlos de la derecha""",Mista_Dou,argentina,2,2021-03-01 13:31:14,t3_lv954a,t3_lv954a,comment
gpbv7r4,Lo más raro es que hoy /r/brasil está lleno de defensores del marxismo ortodoxo sin ironía. Salí de allá porque estaba insoportable,corote_com_dolly,argentina,2,2021-03-01 16:03:08,t3_lv954a,t3_lv954a,comment
gpap10j,"Gracias, ahora tengo una nueva foto de perfil para el telegram, nada mejor que un charizard tomando terere",[deleted],argentina,1,2021-03-01 10:29:24,t3_lv954a,t3_lv954a,comment
gpbi94b,VIVA A LIBERDADE CARALIO!,StoneBrainn,argentina,0,2021-03-01 14:28:43,t3_lv954a,t3_lv954a,comment
gpbs4wk,Se viene el asado de macaco a precios cuidados 😋😆🍻,kayman107,argentina,0,2021-03-01 15:40:21,t3_lv954a,t3_lv954a,comment
gpctpqt,"En las FF.AA. y FF.SS., NO HAY LUGAR PARA ZURDOS TRAIDORES A LA PATRIA.
OPOSICIÓN:
PIDAMOS AYUDA MILITAR A BRASIL, Y A URUGUAY.
ELLOS TIENEN AYUDA DE ZURDEZUELA.",eltordoboga,argentina,0,2021-03-01 20:29:03,t3_lv954a,t3_lv954a,comment
gpazemq,kkkkkkk voce super graciasiño macacooooo eh un macacoooo,King_of_Peronia,argentina,0,2021-03-01 12:04:01,t3_lv954a,t3_lv954a,comment
gpb73vk,"Muchas gracias por los UpVotes <3
No se de quien es el Tw originalmente, pero agradezco que lo tomen con tanta buena onda. Si lo encuentro lo publico acá. 
Son una comunidad muy piola, me sorprendió ver como debaten sin ningún tipo de insulto ni toxicidad, ojala sigamos asi...
En fin, que tengan lindo dia!",FranLoBiag,argentina,-3,2021-03-01 13:05:28,t3_lv954a,t3_lv954a,comment
gpel3j7,Busque el significado de lamebotas en google y me salto este subreddit,Blum95,argentina,0,2021-03-02 08:35:18,t3_lv954a,t3_lv954a,comment
gpb9er1,Conrason dice tal pelotudes..... Es brasuqiño,ToadBup,argentina,-2,2021-03-01 13:23:12,t3_lv954a,t3_lv954a,comment
gpc2dpz,"Para ser francos, Brasil tiene el Noveno mejor ejercito del mundo, es una verguenza que no vayan a destruir Venezuela y hacer borron y cuenta nueva.

La situacion de Venezuela nos esta haciendo re mal a todos en el cono sur, los zurdos de las farc ya le metieron la pija hasta la campanilla a Chile y aca en Argentina van a empezar a ver a monton de camporitas con acentos muy caribeños.

En Brasil los VZ destruyeron el Estado de Roraima, que ya estaba hecho mierda.

Brasil es el unico con el capital y autorizacion politica para hacerlo, U.S tiene las manos atadas y RU y CN no podrian hacer nada si Brasil interviene, el motivo por el cual no se hace es porque el presidente de turno no quiere lidiar con la izquierda pro-chavizta de BR y AR.",[deleted],argentina,-2,2021-03-01 16:56:27,t3_lv954a,t3_lv954a,comment
gpb1vvu,ja passou Fangio,[deleted],argentina,1,2021-03-01 12:24:14,t3_lv954a,t3_lv954a,comment
gpb8m7k,"La foto ni viene al caso igual, nada que ver",Dear-Significance260,argentina,1,2021-03-01 13:17:10,t3_lv954a,t3_lv954a,comment
gpbbqbf,"Ahhhh brazuca capitalista, neoliberal, amigo de macreeee, viva Peron",[deleted],argentina,1,2021-03-01 13:40:45,t3_lv954a,t3_lv954a,comment
gpbhasu,AGORA os mandos as Imachis,TotiBanzas,argentina,1,2021-03-01 14:21:48,t3_lv954a,t3_lv954a,comment
gpbskhl,como le roban a perroitachi,DefinitelyNotFde,argentina,1,2021-03-01 15:43:30,t3_lv954a,t3_lv954a,comment
gpbvh5d,Ser pentacampeón? See,aTypeB,argentina,1,2021-03-01 16:05:07,t3_lv954a,t3_lv954a,comment
gpd2h5e,Soy brasileño y no entiendí. Puedes explicar lo?,[deleted],argentina,1,2021-03-01 21:46:13,t3_lv954a,t3_lv954a,comment
gpdcdlz,Para qué dejar que nos invadan cuando podemos deshacernos de Bs As y listo.,NerdBene,argentina,1,2021-03-01 23:13:57,t3_lv954a,t3_lv954a,comment
gpdcq5w,Sopa du macaco uma delisia,ScrappyCocco1,argentina,1,2021-03-01 23:16:58,t3_lv954a,t3_lv954a,comment
gpddyvr,"Los viejos deben tener AÑOS de hacer pesas.
NADA DE VIEJOS DÉBILES.
Manden patoteros a Olivos, y TODOS LOS VSMOS A ATENDER COMO EN LOS '70.
CAPISCI?",eltordoboga,argentina,1,2021-03-01 23:28:12,t3_lv954a,t3_lv954a,comment
gpdrt7x,Me imagino que le rusheaste b re violento,Chocloretin,argentina,1,2021-03-02 01:36:31,t3_lv954a,t3_lv954a,comment
gpesbkz,Cipayo nivel 7000,Suripanto70s,argentina,1,2021-03-02 10:04:59,t3_lv954a,t3_lv954a,comment
gpf3uin,"Soy brasilero y solo digo esto...

Ayudame por favor, yo odio esta mierda de pais",Spirally-Boi,argentina,1,2021-03-02 11:50:25,t3_lv954a,t3_lv954a,comment
gpfuhgq,"No entiendo, por que Pepe Mujica se disfrazo de dragonite?",MegaSasukexxx666,argentina,1,2021-03-02 15:08:33,t3_lv954a,t3_lv954a,comment
gpleu5p,Liberate vos primero de Bolsonaro....,NefariousnessNo4015,argentina,1,2021-03-03 20:45:31,t3_lv954a,t3_lv954a,comment
grd1w5s,Voce por que se deija 1 kilo de yerba o 1 de azucar?POR NAIDA?,Affectionate-Newt731,argentina,1,2021-03-18 11:23:12,t3_lv954a,t3_lv954a,comment
grd24wr,Si queres mierda anda a buscarla a prensa.,Affectionate-Newt731,argentina,1,2021-03-18 11:24:33,t3_lv954a,t3_lv954a,comment
gs0rtl2,Alguien me explica la broma?,julia7435,argentina,1,2021-03-24 03:24:23,t3_lv954a,t3_lv954a,comment
gpatokr,"Hey, que los puteos siguen estando, pero con un poco mas de empatia",FranLoBiag,argentina,145,2021-03-01 11:14:38,t1_gparxo6,t3_lv954a,comment
gpeuy7c,"En la mayoria de los juegos si escribis en el chat ""Macaco"" es un ban automatico.",AnibalSatoshi,argentina,1,2021-03-02 10:32:02,t1_gparxo6,t3_lv954a,comment
gpbveid,[deleted],[deleted],argentina,15,2021-03-01 16:04:33,t1_gpaq2ki,t3_lv954a,comment
gpaq90p,"Nono es que me dijo el que te diga que le dijieron que alguien le dijo que el le dijo a otro pibe de por ahi me dijiera sobre que los churros son la mejor factura. Si, eso",FranLoBiag,argentina,74,2021-03-01 10:41:53,t1_gpaq2ki,t3_lv954a,comment
gpb6e1z,"Ooh esa referencia a invasor Zim.
¿Quién eres y por qué me hablas?",ILoveFoodFoodLovesMe,argentina,14,2021-03-01 12:59:50,t1_gpaq2ki,t3_lv954a,comment
gpb7d5s,"Pero tendríamos una divisa que vale más que la nuestra, por tanto, menos inflación, worth it.",Tuxecutor,argentina,184,2021-03-01 13:07:30,t1_gparu64,t3_lv954a,comment
gpatkjg,"Si nos conolizan vamos a estar igual, y vamos a seguir cayendo en picada :(",FranLoBiag,argentina,70,2021-03-01 11:13:35,t1_gparu64,t3_lv954a,comment
gpbh6gr,"Si somos realistas entre ser una colonia y un feudo, la colonia está más cerca de la civilización que el feudo... Si no, anda al Chaco :)

Convengamos que tenemos un régimen autoritario disfrazado de democracia, que deja ganar a la oposición cuando está todo por reventar y mete presión social así estalla y vuelven como los ""únicos capaces de solucionar las cosas"". Fíjate cómo sacudieron todo con Maldonado pero callaron con Facundo (y a uno, el estado si lo desapareció en ""democracia"")",berzeke-r,argentina,19,2021-03-01 14:20:56,t1_gparu64,t3_lv954a,comment
gpbpwqi,Preguntale a cuba y venezuela si no preferirían ser colonia. Pasaron australia y canada y se cagaron de risa.,JGaute,argentina,7,2021-03-01 15:24:02,t1_gparu64,t3_lv954a,comment
gpbxmg0,mejor colonia que regido por peronistas,elemock,argentina,2,2021-03-01 16:21:13,t1_gparu64,t3_lv954a,comment
gpc5lbp,"Si le pudiera vender mi casa a algún europeo o a algún Uruguayo así se transforma en territorio de ese país, lo haría.",MrKiwi24,argentina,-2,2021-03-01 17:20:04,t1_gparu64,t3_lv954a,comment
gpaxj6p,"Estaba emocionado, perdonalo",BadMint16_20,argentina,65,2021-03-01 11:48:28,t1_gpawgdk,t3_lv954a,comment
gpb82he,[deleted],[deleted],argentina,18,2021-03-01 13:12:57,t1_gpawgdk,t3_lv954a,comment
gpbctie,"""Me dijo en el conter que me diga que les digo esto que les estoy diciendo""",[deleted],argentina,6,2021-03-01 13:48:58,t1_gpawgdk,t3_lv954a,comment
gpb19g1,[deleted],[deleted],argentina,5,2021-03-01 12:19:12,t1_gpawgdk,t3_lv954a,comment
gpc0b9h,"Lo dijo un brazuca jugando cs, que mas se puede esperar",FranLoBiag,argentina,1,2021-03-01 16:41:11,t1_gpbw54g,t3_lv954a,comment
gpclzi0,El del Estado qué hace cosas,Matyas_,argentina,7,2021-03-01 19:24:26,t1_gpc6ohd,t3_lv954a,comment
gpaq1c5,"Estan a un paso de lo estar igual que nosotros, pero disfrazado de que estan tomando un camino diferente. La verdad una lástima. Ya vimos además lo que pasa cuando se privatizan empresas del estado, cof cof ypf cof cof",FranLoBiag,argentina,56,2021-03-01 10:39:45,t1_gpapunm,t3_lv954a,comment
gpax426,**Carlos Menemaldoinho**,SnooMacarons9624,argentina,6,2021-03-01 11:44:51,t1_gpapunm,t3_lv954a,comment
gpauiwd,"Amigo en cualquier país normal la electricidad es privada. Sin competencia no tenes mejora en los servicios. Te cortan la luz, llamas, y amenazas que te vas a cambiar a.... Quien? Si no tenes alternativa y lo saben.",RedScud,argentina,19,2021-03-01 11:22:14,t1_gpapunm,t3_lv954a,comment
gpau2qp,"Rosas, un consumado Socialista.

¿Por qué aumentan los precios? Pensé que las medidas de Bolsonaro no debían de crear inflación, todo lo contrario.",[deleted],argentina,4,2021-03-01 11:18:10,t1_gpapunm,t3_lv954a,comment
gpav40x,"""les aumento la Nafta"" que significa eso? aumento los impuestos de la nafta o simplemente aumento el precio de la nafta?

&#x200B;

Lo primero si es culpa del gobierno, lo segundo es lo esperado viendo la recuperacion del precio del petroleo.",Rodrigoecb,argentina,4,2021-03-01 11:27:22,t1_gpapunm,t3_lv954a,comment
gpbt38f,Comentario Ezeiza,kikodezonasur,argentina,1,2021-03-01 15:47:21,t1_gpapunm,t3_lv954a,comment
gpbdga7,"Qué se vienen a hacer... ¿cuántas copas tenés, Brasil? Uhm, bueno... quizás por ese lado mejor no.",VRichardsen,argentina,9,2021-03-01 13:53:35,t1_gpb0020,t3_lv954a,comment
gpb0oml,"Por lo menos, uno de sus presidentes corruptos está en cana. Acá, lo más cercano que tuvimos a eso fue Menem tomándose unas semanitas de descanso en la quinta de Gostanian.",mredko,argentina,21,2021-03-01 12:14:31,t1_gpb0020,t3_lv954a,comment
gpb1w7k,pero tienen una inflación del 3%,MateConCloroformo,argentina,10,2021-03-01 12:24:18,t1_gpb0020,t3_lv954a,comment
gpcu4og,"No nos vemos de ejemplos, odiamos nuestra política también",german_latino,argentina,2,2021-03-01 20:32:41,t1_gpb0020,t3_lv954a,comment
gpbrg94,"Soy de Brasil y me dijeron que muchos latinoamericanos piensan que Brasil está mejor que el resto de latinoamérica. Para mí eso no es verdad, acá está la misma mierda, mejor que en Argentina pero yo creo cerca del promedio latinoamericano",corote_com_dolly,argentina,2,2021-03-01 15:35:19,t1_gpb0020,t3_lv954a,comment
gpatczo,Los dos paises están hundidos. Es como que vayan a rescatar a la gente del titanic con una balsa de pesca que usarían en el Tigre. Terminan muriendo todos xD,FranLoBiag,argentina,5,2021-03-01 11:11:40,t1_gparsju,t3_lv954a,comment
gpaxwue,[https://www.occrp.org/en/aboutus/who-supports-our-work](https://www.occrp.org/en/aboutus/who-supports-our-work) solo para tener en cuenta quien habla,3mitad,argentina,3,2021-03-01 11:51:38,t1_gparsju,t3_lv954a,comment
gpdf0xp,Propaganda de izquierda.,quemacuenta,argentina,0,2021-03-01 23:37:35,t1_gparsju,t3_lv954a,comment
gpbigwy,es todo un tema la pronunciación,SilentPin7,argentina,7,2021-03-01 14:30:17,t1_gpauouq,t3_lv954a,comment
gpb4alm,"Te estaba a punto de decir: ""No te calentes es humor"" pero esa referencia fue demasiado buena para mi cerebro",FranLoBiag,argentina,6,2021-03-01 12:43:26,t1_gpayryn,t3_lv954a,comment
gpffc2n,"brasileros antes ""~~LA Luz~~ bolsonaro es mi fuerza""

brasileros ahora ""Fui un idiota confiando en ~~la Luz~~ bolsonaro""",wadeP_now,argentina,2,2021-03-02 13:18:08,t1_gpayryn,t3_lv954a,comment
gpeebnl,"INB4 *Que bom que você pôde vir, Uther*",MartinSeptimLives,argentina,1,2021-03-02 06:46:40,t1_gpayryn,t3_lv954a,comment
gpcio3f,Socialista≠socialdemocrata,Elbultodevidela,argentina,8,2021-03-01 18:58:03,t1_gpb8xon,t3_lv954a,comment
gpb9wlg,"Se podria decir que en uruguay robaron pero hicieron. Aca robaron y no hicieron, inaguraron los mismos hospitales 5 veces, licitaron una ruta por MILLONES mas de 3 veces, hasta el dia de hoy sigue sin estar, y los millones??? bien gracias ya no los encuentran ni los simuladores.",[deleted],argentina,12,2021-03-01 13:26:58,t1_gpb8xon,t3_lv954a,comment
gpcmiyu,En Uruguay no hubo socialismo,52496234620,argentina,1,2021-03-01 19:28:48,t1_gpb8xon,t3_lv954a,comment
gpbmplp,Y si les fue tan bien por que no esta mas?,ConfirmPassword,argentina,0,2021-03-01 15:00:49,t1_gpb8xon,t3_lv954a,comment
gpb42tc,"Nuestra milicia no creo que pueda ni contra el sindicato de camioneros, asi qje imaginate",FranLoBiag,argentina,7,2021-03-01 12:41:43,t1_gpawz6k,t3_lv954a,comment
gpb68fu,"Tenes razón, el problema es nuestro y tenemos que sacarlo adelante nosotros. El tema llega cuando la gente que lo deberia sacae adelante en un futuro (los jovenes) se estan tomando el palo de una forma increíble, incluyéndome. Como va a salir el pais adelante si la gente misma se rindió? No se, todo mal, y me da pena, porque en cuanto a recursos y cultura es un pais hermoso",FranLoBiag,argentina,3,2021-03-01 12:58:37,t1_gpb5d24,t3_lv954a,comment
gpcnwyc,Porque los subreddits de Brasil están dividos entre r/brasil (izquierda) y r/brasilivre (derecha).,pootisEagle,argentina,3,2021-03-01 19:40:14,t1_gpbv7r4,t3_lv954a,comment
gpc95z4,Marxismo? Simplemente tienen a Bolsonaro de presidente... Es eso nomas,elmonetta,argentina,0,2021-03-01 17:46:19,t1_gpbv7r4,t3_lv954a,comment
gpaubgz,es un Dragonite maldita bestia inculta,Azhurkral,argentina,46,2021-03-01 11:20:22,t1_gpap10j,t3_lv954a,comment
gpat6c3,Coincido,FranLoBiag,argentina,-2,2021-03-01 11:09:57,t1_gpap10j,t3_lv954a,comment
gpb4iyi,Anyways por que estaba tomando un tereré y no un mate?,Pbo1,argentina,1,2021-03-01 12:45:16,t1_gpap10j,t3_lv954a,comment
gpbqmew,"Tiene sus momentos, hay una masa de usuarios piola, que es la que está contestando el post. 

Personalmente estoy sorprendido, hace un tiempo que no entraba (la toxicidad había aumentando muchísimo al término del año pasado)",javifernandez_r,argentina,-5,2021-03-01 15:29:13,t1_gpb73vk,t3_lv954a,comment
gpf7xly,"Un jugador brasilero de Conter Strike le dice: Vos sos de Argentina, ya los vamos a sacar del socialismo
El resto es a ínterpretacion propia",FranLoBiag,argentina,1,2021-03-02 12:22:28,t1_gpd2h5e,t3_lv954a,comment
gpb8th2,Brazuca puto p90 de cagon. Naaa mentira era joda amigo jajaja che me puedo ir a tu pais porfavor sacame de argentinaaaa,alexvcrisis,argentina,86,2021-03-01 13:18:42,t1_gpatokr,t3_lv954a,comment
gpddfxw,Yyyy yo gracias a Dios estoy bien yyyy Él está ahi no sé  como jajaajaj,WeaknessFar7287,argentina,6,2021-03-01 23:23:26,t1_gpbveid,t3_lv954a,comment
gpaquzw,[deleted],[deleted],argentina,20,2021-03-01 10:47:57,t1_gpaq90p,t3_lv954a,comment
gpbblw3,No recuerdo esa referencia. Raro.,Alexis_Lonbel,argentina,4,2021-03-01 13:39:50,t1_gpb6e1z,t3_lv954a,comment
gpb91hq,"Sin exagerar, creo que una de las mejores oportunidades que tiene éste país de salir adelante es que nos invadan. Brasil no me entusiasma mucho, pero si nos invadiera Suiza estaríamos 10 puntos. O incluso menos, Uruguay estaría muy bien también",Mac-Kett,argentina,105,2021-03-01 13:20:23,t1_gpb7d5s,t3_lv954a,comment
gpbw6ja,Así no funciona capo,Sponge_N00b,argentina,9,2021-03-01 16:10:28,t1_gpb7d5s,t3_lv954a,comment
gpb4uo7,Pero esa sopa de macaco... uma delizia.,nkzuz,argentina,97,2021-03-01 12:47:51,t1_gpatkjg,t3_lv954a,comment
gpiu1i7,Esta gente piensa que necesitamos de Brasil que vota por Bolsonaro. Realmente este subreddit tiene la cabeza quemada.,FullMetalJ,argentina,2,2021-03-03 08:20:25,t1_gpatkjg,t3_lv954a,comment
gpb518r,"Nada que ver, nos iria mejor si fuéramos colonia",SanSebastian2023,argentina,1,2021-03-01 12:49:18,t1_gpatkjg,t3_lv954a,comment
gpc5hm8,Que ganas de perdonar y exonerar al pueblo Argentino que conscientemente lleva eligiendo estos gobiernos desde principio del siglo pasado.,Gwynbbleid,argentina,7,2021-03-01 17:19:19,t1_gpbh6gr,t3_lv954a,comment
gped56d,Venezuela esta a punto de ser una colonia China.,YoungPrideX,argentina,4,2021-03-02 06:26:30,t1_gpbpwqi,t3_lv954a,comment
gpcjuar,"Ninguno de los dos es colonia desde hace siglos (si, cuando eran *Dominions* eran efectivamente independientes, a lo sumo eran protectorados).",Deathsroke,argentina,2,2021-03-01 19:07:14,t1_gpbpwqi,t3_lv954a,comment
gpbjlso,"ah, no sabía que tenía 8 años el pibe. Disculpas",Ibrahaim,argentina,8,2021-03-01 14:38:33,t1_gpb82he,t3_lv954a,comment
gpbqfes,">  el futuro Ben Shapiro

una cita no podés¡?",Ibrahaim,argentina,3,2021-03-01 15:27:48,t1_gpb19g1,t3_lv954a,comment
gpaqeky,"Se la lleva toda Repsol. Hay cosas que no se pueden privatizar, definitivamente. Se pueden hacer mixtas -como en Bolivia con YPFB-, se pueden hacer autárquicas como era Petrobras hasta la semana pasada... Pero privadas? Yo quisiera ver si los gringos no le mandan un juicio a la Standard Oil si no hace lo que ellos quieren.",fedexp86,argentina,22,2021-03-01 10:43:24,t1_gpaq1c5,t3_lv954a,comment
gpc6vf1,"En Uruguay en los 90 no los dejamos privatizar y tenemos las mejores empresas públicas, igual por suerte el gobierno de Lacalle Pou (Liberal) no piensa en privatizaciones y cosas absurdas, Uruguay es muy batllista y socialdemocrata, tocar estos temas puede hacer que arda troya, la gente lo tuvo que decir 3 VECES en los 90 y hasta 2005 porque querian privatizar todo (A lo Menem) y luego por partes.

Lo gracioso es que empresas que si pudieron privatizar (Como Pluna, nuesta aerolinea) cayeron en quiebra casi todas...",elmonetta,argentina,0,2021-03-01 17:29:22,t1_gpaq1c5,t3_lv954a,comment
gpaxoy3,Se murió y le pasó su espíritu a Bolsonardo. Otro caso para Mulder y Scully.,fedexp86,argentina,7,2021-03-01 11:49:47,t1_gpax426,t3_lv954a,comment
gpbsfet,**[Carlos Menemaldoinho](https://c8.alamy.com/compes/a5phk7/el-presidente-argentino-carlos-menem-juega-un-partido-de-futbol-con-una-seleccion-de-los-mejores-jugadores-de-la-rioja-contra-un-equipo-compuesto-a5phk7.jpg)**,kikodezonasur,argentina,1,2021-03-01 15:42:28,t1_gpax426,t3_lv954a,comment
gpay9xb,Meanwhile in Texas...,dlp_matias,argentina,14,2021-03-01 11:54:38,t1_gpauiwd,t3_lv954a,comment
gpb0owo,"Esa opinión es un toque sesgada porque el progreso o no de la producción energética depende de una política de Estado. Por otra parte, el cooperativismo aplicado correctamente disminuye los costos operativos y administrativos.
Ahora lo que me da curiosidad es qué es un ""país normal"". Brasil tiene la electricidad Electrobras, pública. Al contrario, Suecia, tiene un sistema privado con el que el gobierno está teniendo conflictos por la contaminación y porque la empresa es deficitaria.
En Uruguay el servicio de UTE es público.
En Bolivia es mixto, producción pública distribución privada.

Digo, me parece que el punto no es lo normal o lo anormal. El punto es hacia dónde queremos ir. Si en lugar de subvencionar el consumo eléctrico por 12 años, se hubieran creado nuevas centrales eléctricas, el costo y la eficiencia hubieran mejorado.
Además no veo que el servicio eléctrico tenga que ser como la compañía del cable o internet. 
Con ánimo de reflexionar te lo digo.",fedexp86,argentina,3,2021-03-01 12:14:35,t1_gpauiwd,t3_lv954a,comment
gpb3q0c,"El tema es que ahi funciona. Aca no, la experiencia nos muestra que privatizar una empresa como se hace aca, siempre termina en deuda, crisis y quiebra",FranLoBiag,argentina,1,2021-03-01 12:38:55,t1_gpauiwd,t3_lv954a,comment
gpc81xb,"En Uruguay es pública (UTE) y es la empresa con mayor índice de satisfacción al cliente. Jamás corta la luz acá.

Edenor/Edesur por otro lado alla en Capital... 2 por 3 mis amigos de alla me dicen que estan sin luz, otras partes del pais igual o peor",elmonetta,argentina,1,2021-03-01 17:38:03,t1_gpauiwd,t3_lv954a,comment
gpayopq,"Jajaja no me refería a Rosas como socialista, todos sabemos que era peronista y más grande que San Martín según José María Rosa.
Lo que me cuentan amigos de Brasil más lo que se lee en la prensa no es muy alentador. Es un gobierno populista de derecha militarista y gracias. Si querés un paralelo pensá en Perón del 73 aggiornado en 50 años, tiene unas similitudes aceptables.",fedexp86,argentina,13,2021-03-01 11:58:04,t1_gpau2qp,t3_lv954a,comment
gpaxeof,"Hacía mucho tiempo que el etanol estaba en los 3 reales con algunos centavos, más o menos el precio internacional por litro de combustible (1 dólar y...). de diciembre a ahora el litro subió a 5.30 reales, casi dos dólares. Entre otras cosas por los impuestos que le puso al consumo de combustibles el gobierno... Que ahora por obra del espíritu Santo decidió sacar. (Oh qué casualidad, justo cuando la manda a intervenir).",fedexp86,argentina,6,2021-03-01 11:47:23,t1_gpav40x,t3_lv954a,comment
gpbrmk2,"Si hablás de Lula, la suprema corte le soltó hace como un año y medio",corote_com_dolly,argentina,11,2021-03-01 15:36:37,t1_gpb0oml,t3_lv954a,comment
gpb0rck,True. Pero el mas peligroso esta al mando.,wanderlustcamis,argentina,14,2021-03-01 12:15:08,t1_gpb0oml,t3_lv954a,comment
gpbioa7,Na prática é muito mais que isso.,parfeiro,argentina,6,2021-03-01 14:31:45,t1_gpb1w7k,t3_lv954a,comment
gpbrrn3,Inflación baja no es todo. Claro que una inflación alta es siempre malo pero si está baja ahora no quiere decir que las cosas no vengan a peorar en el futuro,corote_com_dolly,argentina,1,2021-03-01 15:37:38,t1_gpb1w7k,t3_lv954a,comment
gpbcr7s,Pero eso no demuestra que es más objetivo? EEUU y la UE tienen muy buenas relaciones con bolsonaro (excluyendo el momento de amazonas). Además si quisieran pasar su nombre por el barro tienen mil peores formas de hacerlo.,Eraserhead310,argentina,1,2021-03-01 13:48:29,t1_gpaxwue,t3_lv954a,comment
gpejq31,"""Todo lo que no me gusta es propaganda de la izquierda""",Eraserhead310,argentina,0,2021-03-02 08:14:55,t1_gpdf0xp,t3_lv954a,comment
gpb4nnd,"Hay gente salty que downvoteó antes de pensar jajaja

Con la aprobación de OP me alcanza.",Angry_argie,argentina,2,2021-03-01 12:46:18,t1_gpb4alm,t3_lv954a,comment
gpfjevx,Jajajajajja,Angry_argie,argentina,1,2021-03-02 13:48:12,t1_gpffc2n,t3_lv954a,comment
gpeznl1,En Argentina nunca hubo ninguna de las dos cosas.,grrizo,argentina,1,2021-03-02 11:15:36,t1_gpcio3f,t3_lv954a,comment
gpczmjl,En Argentina tampoco.,elmonetta,argentina,3,2021-03-01 21:20:46,t1_gpcmiyu,t3_lv954a,comment
gpc4w8z,"Porque gobernar por 15 años ininterrumpidos desgasta, y nuestro pais siempre fue igual: Socialdemócrata y Batllista con el Partido Colorado, que goberno de forma casi ininterrumpida (perdió en 1959 y en 1990) desde 1830 hasta 2005 y el Frente Amplio de 2005 a 2020.

El Partido Nacional (Liberal y conservador) gana elecciones cada muerte de un ovispo y siempre la cagan como los mejores... (El gobierno de 1990-1995 blanco se ha estudiado como ejemplo de corrupción en la Universidad)",elmonetta,argentina,0,2021-03-01 17:15:00,t1_gpbmplp,t3_lv954a,comment
gpblwct,"La mejor y mas rapida solucion a esto va a ser de adentro.

Yo ya no soy pendejo, te puedo decir que no es productivo o sano echar culpa asi a alguien que no tiene la experiencia. No es de ser joven o de ser  viejo, no podes cambiar la edad que tenes, y no podes tener culpa por no haber tenido  ciertas experiencias. 

Con edad me doy cuenta que fui boludo por  ser parte de la indignacion colectiva en noticias hace muchisimas decadas, los medios son una mierda de derecha o los de izquierda. Es un chupete para tenernos exactamente asi de entretenidos,  domados por la desesperación.

Los Argentinos somos muy cerrados en ciertas cosas y eso nos hace faciles de manipular. Hay que reconocerlo. si no podemos ver algo en comun  con un villero, fuimos porque cada vez son mas  y cada vez el gobierno  les dice que la razon de sus penas son los que no son villeros, los gorilas.

Si alguien fue afotunado de ver o vivir en otros paises un tiempo te das cuenta como otros paises arreglan o tapan ciertos problemas( y lo ves aca) y que pedos se crean con el tiempo. Argentina no es un pais tan unico como creemos... y eso es algo que tambien incorrectamente creemos.

Nada es eterno, Si aprendemos de como se cayo el imperio Romano vemos que esas mismas grietas en el Peronismo existen hace tiempo y lo que el gobierno hace para prevenir desorden. Pero dos o tres malas jugadas y se cae todo.

Hay ganas de laburar, hay gente inteligente,  nos falta organización, y nos faltan objetivos de corto plazo claros. Si se organiza y se  ponen propósitos se pierde el sentimiento de rendido. si realmente queres cambiar las cosas necesitas amigos con experiencia an Marketing, tenes que unir  objetivos  de alquien que viva en  Monte Grande o San Martin y alguien que viva an  Zona Norte.

Imaginate si un dia Aleberso se levanta y dice me cansé de la ladrona quiero toda la torta para mi...

No estamos tratando con un sistema de gobierno que funcione, estamos tratando con un grupo de personas con acuerdos y que se organizan mejores que nosotros, per no son una luz solo que se tiraron a esto y para no tener competencia descubrieron como tenernos distraidos y desmoralizados.",plansprintrelease,argentina,6,2021-03-01 14:55:04,t1_gpb68fu,t3_lv954a,comment
gpczmbf,O sea como acá pero al revés,Open_Trade,argentina,3,2021-03-01 21:20:42,t1_gpcnwyc,t3_lv954a,comment
gpcfll5,Así como en EEUU o mismo Argentina yo creo que el userbase de de /r/brasil no es ni un poco representativo de la población brasilera,corote_com_dolly,argentina,3,2021-03-01 18:34:24,t1_gpc95z4,t3_lv954a,comment
gpaujfo,"venia a decir lo mismo !

y para los q no saben, Dragonite es de piscis !",juancarlosrobin,argentina,15,2021-03-01 11:22:22,t1_gpaubgz,t3_lv954a,comment
gpb1w1m,Lo peor de todo es que el termo bajo el brazo y la boina me dan a entender que es un Dragonite yorugua,nandru,argentina,3,2021-03-01 12:24:16,t1_gpaubgz,t3_lv954a,comment
gpawjp0,vaya que eres lento para los comentarios irónicos,[deleted],argentina,1,2021-03-01 11:39:55,t1_gpaubgz,t3_lv954a,comment
gpb4r5w,Ah no es un mate,Pbo1,argentina,1,2021-03-01 12:47:05,t1_gpb4iyi,t3_lv954a,comment
gpc06wx,"igual ya se empezaron a leer algunos medio sacados, pero en general es bonito. Y como vos, estoy sumamente sorprendido xD",FranLoBiag,argentina,-4,2021-03-01 16:40:18,t1_gpbqmew,t3_lv954a,comment
gpar020,Es de lo único que me enorgullezco por ser Argentino,FranLoBiag,argentina,18,2021-03-01 10:49:20,t1_gpaquzw,t3_lv954a,comment
gpbybda,Disculpen señores de suiza no quieren un pais en latinoamerica baratito?,JackRNK,argentina,13,2021-03-01 16:26:20,t1_gpb91hq,t3_lv954a,comment
gpbej5h,"Que nos hagan el tratamiento de Japón, es decir, nos hacen mierda, nos ocupan unos años y en medio de eso hacen todas las reformas constitucionales y demás. Luego se van y empezamos a desarrollarnos.

Lo curioso es que tuvimos una especie de oportunidad de eso, cuando en la 2GM los milicos de acá simpatizaban con los nazis, un poco más y entrábamos en la guerra en el bando del Eje y podría haber pasado eso, pero arrugaron.",Tuxecutor,argentina,96,2021-03-01 14:01:30,t1_gpb91hq,t3_lv954a,comment
gpb9jz4,"uruguay no puede ni con los canguros, nosotros por lo menos nos guanteamos 1 cada 1",erikdavidh97,argentina,34,2021-03-01 13:24:18,t1_gpb91hq,t3_lv954a,comment
gpc882o,Fijate como esta guyana y varios paises africanos que estan colonizados por francia y inglaterra,fantasticbombastic1,argentina,8,2021-03-01 17:39:17,t1_gpb91hq,t3_lv954a,comment
gpcbk1n,Average r/argentina user,[deleted],argentina,17,2021-03-01 18:03:40,t1_gpb91hq,t3_lv954a,comment
gpbap7w,"Difícil que nos invada Suiza siendo un país pacífico y neutro que no se involucró en ningún conflicto hace 2 siglos mas o menos xD  


Hoy en día difícil que algún país invada, veo más factible algo tipo parecido al plan cóndor de Kissinger, que un gobierno de afuera arme un plan para bajar a un gobierno de acá y pongan a otro.",Croissant_Dog,argentina,8,2021-03-01 13:33:03,t1_gpb91hq,t3_lv954a,comment
gpdfrpg,Sería mejor que nos invadan los ingleses tendríamos manejando la libra esterlina sino pregúnteles a los de las falkans y nos olvidariamos de los pingüinos Alberto Guzmán y Gines basta de populismo,Consistent-Walk3944,argentina,4,2021-03-01 23:44:12,t1_gpb91hq,t3_lv954a,comment
gpedas9,"Ah si, Suiza, y su famosa flota colonial.",MaxNamitzhian,argentina,2,2021-03-02 06:29:07,t1_gpb91hq,t3_lv954a,comment
gpbnnw5,"Equivocado, hermano. Países como suiza colonizaron muchas tierras africanas y mira ahora como están. Eso no debe ser bueno.",Federico63,argentina,-1,2021-03-01 15:07:39,t1_gpb91hq,t3_lv954a,comment
gpd97m0,"Yo ruego que vengan los alemanes o ingleses, japoneses también me gustaría.",gero_r5,argentina,1,2021-03-01 22:46:04,t1_gpb91hq,t3_lv954a,comment
gperfqn,Les sugiero estudiar un poco de historia del colonialismo belga y holandés. Spoiler alert: el nivel de desarrollo actual de la potencia es proporcional al nivel de crueldad y despojo ejercido hacía las colonias.,Abogachi,argentina,1,2021-03-02 09:55:23,t1_gpb91hq,t3_lv954a,comment
gpc4ouv,"Te imaginas tener una divisa fuerte y a todos nos pagan dos mangos igual, el sueno mojado de los libertontos de reddit",A__paranoid_android,argentina,5,2021-03-01 17:13:33,t1_gpbw6ja,t3_lv954a,comment
gpb721p,usted si sabe de lo bueno.,juanchordas,argentina,20,2021-03-01 13:05:03,t1_gpb4uo7,t3_lv954a,comment
gpc54v5,Prioridades indeed,Gwynbbleid,argentina,4,2021-03-01 17:16:43,t1_gpb4uo7,t3_lv954a,comment
gpb5bjc,"No sabria decirtelo con mucha exactitud, pero Brasil no esta tan lejos de una crisis como la nuestra, a eso me refería 😔",FranLoBiag,argentina,21,2021-03-01 12:51:33,t1_gpb518r,t3_lv954a,comment
gpbcxik,¿De Brasil? Ni a palos...,VRichardsen,argentina,11,2021-03-01 13:49:48,t1_gpb518r,t3_lv954a,comment
gpbwsta,"Al contrario. De hecho, que nuestro país esté jodido es en parte porque hederamos las mismas corruptas e ineficientes instituciones del Imperio Español.",Sponge_N00b,argentina,8,2021-03-01 16:15:06,t1_gpb518r,t3_lv954a,comment
gpatuxt,Bolsonaro pone a un militar a cargo de Petrobras para quedarse con el control absoluto. Me hizo acordar a Maduro poniendo militares al frente de PDVSA para quedarse con la guita del petróleo. Sáquenme de Latinoamérica.,mustard96,argentina,42,2021-03-01 11:16:14,t1_gpaqeky,t3_lv954a,comment
gpaqo6w,"Me parece a mi o todos los políticos de América del Sur y central no saben hacer su trabajo? Digo, me parece que tampoco saben mirar hacia el pasado y comprobar históricamente sucesos anteriores. Te juro que veo y leo repetirse los mismos errores una y otra vez. Es impresionante, casi como una telenovela",FranLoBiag,argentina,19,2021-03-01 10:46:06,t1_gpaqeky,t3_lv954a,comment
gpcmeeu,"En EEUU no hay una petrolera publica, ni una aerolinea tampoco",52496234620,argentina,2,2021-03-01 19:27:46,t1_gpaqeky,t3_lv954a,comment
gpb0rro,"No es una comparacion muy valida, es un caso muy especial donde hay intereses de por medio en un estado que se especializa en sacar petroleo del piso y les interesa que no haya competencia ni eficiencia energetica por otros motivos, que los consolidaron con leyes que pudieron comprar con plata del crudo.",RedScud,argentina,7,2021-03-01 12:15:14,t1_gpay9xb,t3_lv954a,comment
gpb1hgp,"Vos me diras que empresas del estado en Argentina han sido bien gestionadas y con las cosas hechas de una manera en que el antes y el despues se diferencian por una mejora del servicio. Si queres te lo contesto yo, ninguna. 
Mismo si es un sistema en el que la estrategia de infraestructura esta liderada por el estado y lo que hay son empresas en competencia para darte el servicio de soporte al cliente, arreglos, reclamos, etc, seria suficientemente mejor que un monopolio del estado. Se presta a ineficiencias por falta de competencia.
No encontre el dato de Suecia. Lo que dice la wikipedia es que hay varias empresas privadas operando en el pais, y a su vez, hay una empresa estatal de produccion que esta operando en varios paises (donde entrara en competencia con otras locales).",RedScud,argentina,2,2021-03-01 12:20:59,t1_gpb0owo,t3_lv954a,comment
gpbd6db,"Deuda, crisis, recompra el Estado y pagan los boludos, ergo, nosotros todos por algo que, ¡oh!, ya era nuestro pero estaba concesionado.",fedexp86,argentina,1,2021-03-01 13:51:35,t1_gpb3q0c,t3_lv954a,comment
gpb1yb3,">por los impuestos que le puso al consumo de combustibles el gobierno

Lo impuesto sobre la nafta es estadual (la mayor parte), no federal..",backtotheprimitive,argentina,2,2021-03-01 12:24:46,t1_gpaxeof,t3_lv954a,comment
gpbs7yo,LPM. Son iguales a nosotros.,mredko,argentina,-1,2021-03-01 15:40:58,t1_gpbrmk2,t3_lv954a,comment
gpb1p5b,El que está al mando siempre es el más peligroso.,mredko,argentina,10,2021-03-01 12:22:42,t1_gpb0rck,t3_lv954a,comment
gpen6fk,[removed],[deleted],argentina,0,2021-03-02 09:04:14,t1_gpejq31,t3_lv954a,comment
gpb5tvv,"La sal esta en todos lados, pero de igual forma esta es una comundiad muy linda, mínimo te downvotaron y no putearon, no?",FranLoBiag,argentina,2,2021-03-01 12:55:32,t1_gpb4nnd,t3_lv954a,comment
gpe6m31,"No hubo estatizacion de los medios de produccion por si te referis a eso, pero hubo un modelo mucho mas de izquierda que en Uruguay, que es simplemente social democrata",52496234620,argentina,2,2021-03-02 04:41:44,t1_gpczmjl,t3_lv954a,comment
gpchsia,Socialdemócrata no es 100% socialista igual. No mezclemos las cosas.,ThatBadAssBoi,argentina,1,2021-03-01 18:51:21,t1_gpc4w8z,t3_lv954a,comment
gpg3zu5,"Lo del Partido Nacional es tu opinión personal, si me preguntas a mi este gobierno actual es mucho más transparente y correcto que la organización para delinquir en la que se fue convirtiendo el FA, o que siempre lo fueron pero al principio tuvieron menos descaro.",487dota,argentina,1,2021-03-02 16:16:09,t1_gpc4w8z,t3_lv954a,comment
gpc0jb8,"Wacho, escribís muy bien, sos el segundo dios que leo en esta publicación. Cuandl tenes razón, tenes razón",FranLoBiag,argentina,1,2021-03-01 16:42:50,t1_gpblwct,t3_lv954a,comment
gpcags9,COMO JASTIN BOLUDA!,NickNewAge,argentina,2,2021-03-01 17:55:52,t1_gpaujfo,t3_lv954a,comment
gpbyvt9,El dulce de leche y el asado,JackRNK,argentina,3,2021-03-01 16:30:34,t1_gpar020,t3_lv954a,comment
gpcfa74,Qué patriotismo más blandengue.,First_Ask2449,argentina,3,2021-03-01 18:31:56,t1_gpar020,t3_lv954a,comment
gpbqmj7,No sirven ni para eso.,Reapper97,argentina,60,2021-03-01 15:29:15,t1_gpbej5h,t3_lv954a,comment
gpc9tn8,"Pero la cosa es que los japoneses tienen cultura de trabajo, acá no",NickNewAge,argentina,28,2021-03-01 17:51:08,t1_gpbej5h,t3_lv954a,comment
gpc0qlk,"Durante todas esas ocupaciones, los Aliados , especialmente sovieticos y estado unidenses , violaron a las mujeres a diestra y siniestra.

Aun asi, las que peor sufrieron fueron las mujeres Alemanas.

https://www.youtube.com/watch?v=5Ywe5pFT928

Ya se que lo decias en joda y no te estoy diciendo ""con eso no se jode"" para nada , solamente quiero que sepas lo que normalmente no se cuenta y no se piensa de la guerra.",[deleted],argentina,31,2021-03-01 16:44:18,t1_gpbej5h,t3_lv954a,comment
gpfihms,"Ehhh, no. Argentina era lo más anglofila que había, solo un sector del ejército era fascista pero no comían vidrio, no querían entrar a la guerra.
Fué en el 43 cuando el sector anglofilo casi declara la guerra al eje, lo que fue parado por el golpe del 43. Estados Unidos presionaba para entrar pero nosotros a los Yankees los teníamos como un pais insignificante que no le llegaba ni a los talones a la entonces amada Inglaterra con la cual los políticos hacían negocios. Los ingleses apoyaron el golpe y se oponían a las presiones de Washington porque Argentina neutral les proveía del 40 % de la carne y trigo con la seguridad que los U-boats no los atacaban.",ARGENTVS_,argentina,2,2021-03-02 13:41:29,t1_gpbej5h,t3_lv954a,comment
gpc0yvn,"Las guerras sirvieron para limpiar a los fanáticos y los delincuentes. La inmigración permitió expulsar al resto de los indeseables. Esas son las características que definen la recuperación tras una guerra.

La mayoría de los nazis murieron en combate, huyeron, se suicidaron o decidieron hacer perfil bajo.",Diarrea_Cerebral,argentina,2,2021-03-01 16:46:00,t1_gpbej5h,t3_lv954a,comment
gpblm7u,Estamos más cerca de expropiar Uruguay a que seamos colonia de ellos.,chatoboy01,argentina,18,2021-03-01 14:53:06,t1_gpb9jz4,t3_lv954a,comment
gpc8lbf,Estados Unidos también es una colonia de Inglaterra,Mac-Kett,argentina,2,2021-03-01 17:42:02,t1_gpc882o,t3_lv954a,comment
gpbwkdl,"No es pacífico. Ser neutro no significa ser pacífico, al contrario, significa estar tan jodidamente armado y preparado para la guerra que nadie se te quiere acercar. Suiza tiraba abajo tanto aviones Alemanes como aviones aliados que violaran su espacio aéreo.",Sponge_N00b,argentina,10,2021-03-01 16:13:21,t1_gpbap7w,t3_lv954a,comment
gpbaxno,"Inglaterra quería las islas Malvinas, que se quede con todo el combo de última jajajaajja",Mac-Kett,argentina,21,2021-03-01 13:34:50,t1_gpbap7w,t3_lv954a,comment
gpff80k,"Mandamos una delegación argentina hasta Suiza y les decimos que le peguen despacito al que sea (si pegan fuerte los cagan a tiros) todo mientras gritan ""no hay huevos a invadir argentina""",[deleted],argentina,1,2021-03-02 13:17:18,t1_gpbap7w,t3_lv954a,comment
gpcu2si,Suiza con colonias? Fuiste a la escuelita por lo menos?,Vacamumu117,argentina,10,2021-03-01 20:32:14,t1_gpbnnw5,t3_lv954a,comment
gpbwbqc,Suiza no fue un imperio colonial para empezar nunca tuvo flota,Sponge_N00b,argentina,12,2021-03-01 16:11:33,t1_gpbnnw5,t3_lv954a,comment
gpcj0qu,Literalmente agarraste al unico ejemplo de Europa occidental sin colonias. Suiza ni puertos tiene.,Deathsroke,argentina,14,2021-03-01 19:00:43,t1_gpbnnw5,t3_lv954a,comment
gpcms61,Not sure if troll or..,laom20,argentina,4,2021-03-01 19:30:53,t1_gpbnnw5,t3_lv954a,comment
gpbriln,La gente de aca(Pendejos que ni saben hacerse la paja) tienen el mismo nivel de conocimiento sobre historia que History Channel,Maxrokur,argentina,21,2021-03-01 15:35:47,t1_gpbnnw5,t3_lv954a,comment
gpembbz,"Suiza, Bolivia y República Checa siempre a la vanguardia de las colonizaciones africanas.",Andrei-de-Rostov,argentina,2,2021-03-02 08:52:38,t1_gpbnnw5,t3_lv954a,comment
gpcjiim,Mal que mal podes ahorrar ahi. Ahora nos pagan dos mangos y tenemos divisa debil.,Deathsroke,argentina,12,2021-03-01 19:04:39,t1_gpc4ouv,t3_lv954a,comment
gps7lhs,"ViVa lA LiBeRtAd, cArAjO",ArgieGrit01,argentina,1,2021-03-05 12:45:06,t1_gpc4ouv,t3_lv954a,comment
gpauh5x,"Hmmm, estoy comenzando a creer que Bolsonaro no es el paladín del Liberalismo que creíamos.",[deleted],argentina,40,2021-03-01 11:21:48,t1_gpatuxt,t3_lv954a,comment
gpau007,Después critica a Venezuela. Seguro que él también lo hace por la salvación de la patria.,fedexp86,argentina,7,2021-03-01 11:17:28,t1_gpatuxt,t3_lv954a,comment
gpfcr7w,"Militar es militar. No deben llegar a cargos de elección popular nunca jamás. Hay que ser bien latinoamericano, para ser civil, y votarle a un militar para presidente de una república.",FuckYouZackSnyder,argentina,1,2021-03-02 12:58:58,t1_gpatuxt,t3_lv954a,comment
gpazdam,"Y... depende como se mire... o sea, calculo que aprenden politicas estudiando el pasado, viendo comos e manejan las cosas, empiezan a meterse superficialmente en la movida para aprender todo... y luego cuando logran ganar alguna eleccion y se meten de lleno al juego ahi se dan cuenta que todos y TODO es pura y absoluta corrupcion en america latina, se dan cuenta que sus ideales se los tienen que meter bien en el ojete porque ahora tienen que transar con todo corrupto suelto por ahi, tienen que calcular las coimas, los negociados, empezar a cambiar su discurso dependiendo quien le tira mas platita para darle el negocio a el, etc etc...

Y si, en amercia latina jamas va a aparecer el politico ""salvador"" que todos esperan... la unica forma de que las cosas cambien, LAMENTABLEMENTE es que el pueblo se deje de joder con la grieta esto la grieta aquello y se den cuenta de una vez que todos los SINDICALISTAS, POLITICOS, JUECES, CUALQUIER PERSONA QUE ESTE A CARGO DE UN PODER son los que los hacen mierda en el dia a dia y los saquen de una patada en el culo.  


Bueno eso",NoOneKnow5,argentina,19,2021-03-01 12:03:43,t1_gpaqo6w,t3_lv954a,comment
gpblcgm,"El trabajo de un politico es conseguir votos, aca en EEUU, en europa o donde sea. La diferencia que en esos otros paises el votante demanda mas que aca, donde se conforma con mirar el fulbito y masticar polenta.",ConfirmPassword,argentina,6,2021-03-01 14:51:09,t1_gpaqo6w,t3_lv954a,comment
gparyj6,"Son ciclos del imperialismo. Ayer era necesario desprenderse de los activos en otros países, como los FFCC o los puertos a precios decentes. Hoy que recuperaron plata, los recompran a precio de gallina muerta. Y así vamos. ¿Cuánto costó recomprar Aerolíneas? Que se chupó una deuda de 803 millones de pesos... En fin.",fedexp86,argentina,2,2021-03-01 10:58:32,t1_gpaqo6w,t3_lv954a,comment
gpc6iyp,"Algunos SI saben hacer, pero la gente va y vota a otros con “mejor propaganda” y con el cuento de “Esta bueno cambiar” (Y no soy argentino, no me caigan con Cambiemos o CFK porque no los apoyo)",elmonetta,argentina,1,2021-03-01 17:26:49,t1_gpaqo6w,t3_lv954a,comment
gpb2nwx,"Hubo 4 empresas con buen desempeño público en Argentina. Aerolíneas, YPF, Subterráneos de Buenos Aires y la Flota Mercante (antes de la intervención del peronismo y la compra de la flota de Dodero). Todas empresas superávitarias.
No creo que la solución sea que el Estado monopolice, creo que no me di a entender correctamente, pero tiene que participar en la gestión de recursos estratégicos, ya sea con empresas propias o con participaciones mixtas.
Respecto a la ineficiencia... Qué hay más ineficiente que un teléfono celular y lo fabrican todas empresas privadas en competencia -y feroz-. No es garantía la competencia tampoco.",fedexp86,argentina,6,2021-03-01 12:30:28,t1_gpb1hgp,t3_lv954a,comment
gpb31xv,"Tenía impuestos federales que los bajaron a cero ahora.
También hay impuestos estaduales, es cierto.
https://www.cnnbrasil.com.br/business/2021/01/15/bolsonaro-desafia-doria-a-zerar-imposto-sobre-combustivel",fedexp86,argentina,2,2021-03-01 12:33:35,t1_gpb1yb3,t3_lv954a,comment
gpbsznt,No me diga que la de Argentina también son una manga de pelotudos jajaja acá tenemos el juez Gilmar Mendes que se hizo meme por mandar soltar a chorros,corote_com_dolly,argentina,3,2021-03-01 15:46:37,t1_gpbs7yo,t3_lv954a,comment
gpep6n5,"El FA tuvo sus momentos de izquierdismo, asi como de liberalismo (Con las zonas francas y otras cosas) 😅",elmonetta,argentina,1,2021-03-02 09:29:17,t1_gpe6m31,t3_lv954a,comment
gpcltxk,Socialdemócrata es 0% socialista,Matyas_,argentina,3,2021-03-01 19:23:10,t1_gpchsia,t3_lv954a,comment
gpgncx3,"Si, fijate como son los blancos en el interior (Donde yo vivo). 

500$ y una canasta por votos, sin hablar de los acomodos y los “Favores sexuales” (Como en Colonia)",elmonetta,argentina,0,2021-03-02 18:33:57,t1_gpg3zu5,t3_lv954a,comment
gpc40vi,"Fuerza y ayudense entre amigos, si alguno quiere ser policia o  meterse en la politica  ayudalo, consegui mas amigos, movilizense, sino los que lo van a ayudar van a ser los mismos que nos hunden...",plansprintrelease,argentina,2,2021-03-01 17:08:44,t1_gpc0jb8,t3_lv954a,comment
gpbzodx,También,FranLoBiag,argentina,3,2021-03-01 16:36:30,t1_gpbyvt9,t3_lv954a,comment
gpf6x0y,Cosas que pasan,FranLoBiag,argentina,1,2021-03-02 12:14:35,t1_gpcfa74,t3_lv954a,comment
gpda6l1,"Mientras tanto japoneses suicidándose por la presión ocasionada por el trabajo, entre muchas otras cosas, y poniendo la infancia en un pedestal ya que es el único período de su vida en el que fueron felices: [...]",[deleted],argentina,17,2021-03-01 22:54:35,t1_gpc9tn8,t3_lv954a,comment
gpfhtu7,"Los alemanes violaron millones en el este, cientos de Miles de adolescentes ucranianas, bielorrusas y rusas se suicidaron antes de seguir siendo putas forzadas. Y los japoneses no se quedaron cortos.",ARGENTVS_,argentina,7,2021-03-02 13:36:38,t1_gpc0qlk,t3_lv954a,comment
gpcw73f,"No es por justificar, ya que literalmente no se puede justificar jamas un crimen tan atroz. Pero a las mujeres soviéticas y de todos los países ocupados por Alemania y sus aliados, fueron brutalmente violadas y tratadas en general, además de que el plan del nazismo era exterminar a los eslavos y los que queden usarlos de esclavos. Cuando se dio vuelta la cosa y Alemania empezó a perder, era obvio que la violencia ejercida por la Union Soviética iba a ser brutal.",gunofnuts,argentina,3,2021-03-01 20:50:39,t1_gpc0qlk,t3_lv954a,comment
gpdrim7,"Las violaciones es de las cosas más ""lindas"" que le hacen a los civiles mientras hay movimientos de ocupación. Los que van a la guerra no son sólo soldados, muy a menudo eran atormentados y deformados mentales entrenados como soldados, se los sacaba de su reclusión con promesas de libertad a cambio de su servicio y eran llevados al frente para morir, muchos de ellos conformaban batallones que no iban directo al frente, solo ocupaban pueblos que los alemanes dejaban al replegar sus soldados. Los civiles de pueblos franceses, belgas, holandeses, polacos, húngaros, austríacos, checos y rumanos se libraban de unos para caer en otros peores. 



(No es pa' tomarselo muy a pecho, pero sirve para redondear más tu comentario y que no haya que hondar de sobremanera el tema ya que solo alimenta el morbo)



PD (y medio que plot twist): Los cuerpos no reportados de la Guerra de Vietnam; en su mayoría eran periodistas y fotógrafos de guerra.",Defiant-Number-6075,argentina,2,2021-03-02 01:33:29,t1_gpc0qlk,t3_lv954a,comment
gpcf9bo,Fanáticos y delincuentes? Entonces la solución para Argentina es involucrarse en una guerra,Daro9x,argentina,13,2021-03-01 18:31:45,t1_gpc0yvn,t3_lv954a,comment
gpermgw,Username checks out,Abogachi,argentina,1,2021-03-02 09:57:28,t1_gpc0yvn,t3_lv954a,comment
gpcj54a,Hoy en día parece mas que fuera al revés.,Deathsroke,argentina,6,2021-03-01 19:01:39,t1_gpc8lbf,t3_lv954a,comment
gpc8nxc,Ademas es el pais mas armado del mundo,fantasticbombastic1,argentina,2,2021-03-01 17:42:35,t1_gpbwkdl,t3_lv954a,comment
gpbzawj,"Mal no estaría, fijate Singapur y Hong Kong que fueron colonias británicas y como están ahora(?",Croissant_Dog,argentina,2,2021-03-01 16:33:44,t1_gpbaxno,t3_lv954a,comment
gpc6iis,Tienen una flota comercial desde 1946 pero si no tenian colonias,Gwynbbleid,argentina,5,2021-03-01 17:26:43,t1_gpbwbqc,t3_lv954a,comment
gpcei5l,realmente,oficialismo,argentina,5,2021-03-01 18:25:58,t1_gpbriln,t3_lv954a,comment
gpc8hvn,"Lo mismo opino, pero lo mas lindo que aca rondan (supongo) entre los 18 y 40 años, osea ya son grandes para que esten hablando pelotudeces",fantasticbombastic1,argentina,11,2021-03-01 17:41:18,t1_gpbriln,t3_lv954a,comment
gpd9jr1,Que coincide con el mismo nivel de nuestros dirigentes,Trackersit,argentina,3,2021-03-01 22:49:02,t1_gpbriln,t3_lv954a,comment
gpaweye,"Lo mismo pasó con Milei y Espert. Mucha gente los venía bancando por oponerse a la corrupción, hasta que con la muerte de Menem, Milei publicó un [tweet](https://mobile.twitter.com/JMilei/status/1360968927371800580) diciendo que fue el mejor presidente de la historia argentina. Si, de la historia argentina. Lo empezaron a bardear hasta sus propios seguidores. Pensamos que venía la libertad y terminó siendo la resaca de los 90.",mustard96,argentina,29,2021-03-01 11:38:46,t1_gpauh5x,t3_lv954a,comment
gpb6v7n,"""...Y si, en amercia latina jamas va a aparecer el politico ""salvador"" que todos esperan...""

Concuerdo y quiero  añadir que hace falta que nos organizemos y nos involucremos en la politica no podemos mirar como pasan las cosas y esperar que algun dia cambien. 

Vemos la politica como el futbol... la politica es mas como tu salud hay que cuidar constantemente... y tenemos que poder aportar algo, horas de laburo, guita para los que tienen,  para poder preparargente que nos pueda representar y poseer cargos y apoyarlos. 

Y hay que empezar de abajo ya para las proximas 3-4 generaciones de presidente estan indoctrinados.  si queremos un buen presidente  hay que crear candidatos desde  intendentes y varios en muchas localidades para que no suba uno solo y se lo coma el sistema.

Hace falta comisarios buenos, etc.. etc... el cambio va a tener que nacer de nosostros.

El Peronismo es un cartel y hay que tratarlo como tal.",plansprintrelease,argentina,5,2021-03-01 13:03:33,t1_gpazdam,t3_lv954a,comment
gpb0zmv,"Pero con un rivotril para no terminar como el tano
 Pasman.",fedexp86,argentina,3,2021-03-01 12:17:01,t1_gpazdam,t3_lv954a,comment
gpb3kzo,Sos mi dios,FranLoBiag,argentina,1,2021-03-01 12:37:48,t1_gpazdam,t3_lv954a,comment
gpb3sm8,Indeed,Pbo1,argentina,1,2021-03-01 12:39:29,t1_gpazdam,t3_lv954a,comment
gpat4f6,"""En fin"", la mejor frase para usar en esta situación",FranLoBiag,argentina,7,2021-03-01 11:09:27,t1_gparyj6,t3_lv954a,comment
gpb4otf,"No entendi lo del telefono celular? Me queres decir que serian mejores si fuera un celular igual para todos hecho por una sola marca sin competencia ni ningun incentivo a mejorarlo?

Aerolineas habra tenido su momento de superavit pero cuando? Cuando se la vendio a Iberia ya no estaba en buena forma, con una flota envejecida y varios problemas mas. Igual no digo que fue bien vendida, fue regalada.

YPF bueno, es dificil tener una petrolera que le vaya mal cuando tenes produccion local de crudo. Pero igual no me quedan dudas que le hubiera ido mejor en mano de privados, y no hubiera acabado como lo hizo.",RedScud,argentina,6,2021-03-01 12:46:34,t1_gpb2nwx,t3_lv954a,comment
gpb3sge,"Si, los gobernadores están aumentando la alicota de lo ICMS ( impuesto sobre consumo) para bancar la pandemia. Bolsonaro quiere bajar el impuesto.

Yo prefiero la segunda opcion tbh.",backtotheprimitive,argentina,2,2021-03-01 12:39:27,t1_gpb31xv,t3_lv954a,comment
gpb3tjh,"Entonces es o no, culpa del gobierno federal? No entiendo portugues.",Rodrigoecb,argentina,1,2021-03-01 12:39:42,t1_gpb31xv,t3_lv954a,comment
gpbupdr,"Parece que es una pandemia mundial. Hoy lo condenaron a Sarkozy por corrupción. Tres años, pero dos son en suspenso y el otro año (el de cumplimiento efectivo) lo puede hacer cómodo en su domicilio. Encima, va a apelar.",mredko,argentina,6,2021-03-01 15:59:18,t1_gpbsznt,t3_lv954a,comment
gpff9n3,"Si pero hasta donde yo se nunca hubo cepo, retenciones, defaults por 14 años, duplicacion del gasto publico/pbi, duplicacion de empleo publico, ni nada parecido",52496234620,argentina,2,2021-03-02 13:17:39,t1_gpep6n5,t3_lv954a,comment
gpdlyqe,"Es que tiene razón, falta organización. La ""grieta"" es para mantenernos dispersos y no unir fuerzas.
 
 
Yo en particular me considero culpable de haber fomentado la grieta, la semana pasada sin ir más lejos discutí con uno que fomentaba la responsabilidad de Larreta con las vacunas, pero con Gines no se inmutaba, le parecía un ""mal esperable"". Y me hiciste reconsiderar si haber discutido no es hacerle el juego de la ""grieta"" a los políticos y que tal vez debería estar fomentando que íbamos fuerzas en vez de ponermelo en contra.",Mac-Kett,argentina,2,2021-03-02 00:40:16,t1_gpc40vi,t3_lv954a,comment
gq2icow,"No sos vos, es la resignación la que te hace escribir tal cosa.",First_Ask2449,argentina,1,2021-03-07 02:12:51,t1_gpf6x0y,t3_lv954a,comment
gpdaor1,"Dije por qué Japón fue potencia después de la guerra, por su cultura trabajadora, que sea bueno o malo es otro tema.",NickNewAge,argentina,12,2021-03-01 22:59:01,t1_gpda6l1,t3_lv954a,comment
gpchjms,"También perdés mucha gente talentosa que se refugia en otras países. Einstein huyó de la Alemania Nazi. Otros europeos del este huyeron del comunismo.

Edit: en los 70s murieron muchos pelotudos violentos pero sobrevivieron los sádicos hijos de p.",Diarrea_Cerebral,argentina,12,2021-03-01 18:49:27,t1_gpcf9bo,t3_lv954a,comment
gpfegw2,Ingleterra está en la B también pero hace raaaaaaato. Encima para colmo son un país re cuckeado con las leyes que son un embole.,[deleted],argentina,1,2021-03-02 13:11:45,t1_gpcj54a,t3_lv954a,comment
gpc1a1b,"India, Sud Afrika y Botswana tambien.",[deleted],argentina,7,2021-03-01 16:48:17,t1_gpbzawj,t3_lv954a,comment
gpcjbu3,"Igual como que el sistema para pequeñas islas puerto cuyo trabajo es servir de punto de carga y descarga para otros mercados como que no es de lo mejor.

A menos que te estuvieras refiriendo solo a CABA. En cuyo caso si, estás en lo correcto.",Deathsroke,argentina,2,2021-03-01 19:03:09,t1_gpbzawj,t3_lv954a,comment
gpcdf9e,Me refería a flota de guerra,Sponge_N00b,argentina,1,2021-03-01 18:17:46,t1_gpc6iis,t3_lv954a,comment
gpazfaj,eso lo decia siempre :/ pero desde la vuelta a la democracia,Jaehaerys_ARG,argentina,11,2021-03-01 12:04:10,t1_gpaweye,t3_lv954a,comment
gpax3i7,No entiendo esa infatuacion liberal con Mendes.,[deleted],argentina,8,2021-03-01 11:44:43,t1_gpaweye,t3_lv954a,comment
gpckbae,Se supone que eso es una sorpresa? Si en este mismo sub que es básicamente Liberlandia lo viven elogiando (no irónicamente) a Menem cada vez que sale el tema.,Deathsroke,argentina,4,2021-03-01 19:10:59,t1_gpaweye,t3_lv954a,comment
gpb9r09,">*Y hay que empezar de abajo ya para  las proximas 3-4 generaciones de presidente estan indoctrinados.  si  queremos un buen presidente  hay que crear candidatos desde  intendentes  y varios en muchas localidades para que no suba uno solo y se lo coma  el sistema.*  
>  
>*Hace falta comisarios buenos, etc.. etc... el cambio va a tener que nacer de nosostros.*

Por eso pienso que lamentablemente no hay otra forma de resolver esto que no sea con una union del pueblo (el pueblo posta) y forzando con violencia (si asi fuera necesario) para rajar a todos los politicos.

La hicieron re bien creando ""conciencia de clase"" aka: odiar al que tiene mas que uno. Odiar al otro porque piensa distinto. Darle migajas a expensas de otros para crear dependencia. Lavarle el bocho a personas con discursos de colores y luego por atras hacen lo contrario a lo que predican, etc etc etc... nunca mejor dicho el ""Divide et impera"".

Ahora que su base de votantes ya crecio al 50% y mas (*no me vengan con "" nooo es menos el % porque estan ""disgustados"" por alberso"" porque me juego los huevos que cuando el gordo salame de maximo se postule va a ganar con el 54%, asi de forros son en este pais*) empieza el punto de quiebre donde no van a tener mas resistencia y ahi va a empezar a acelerar **aun mas** la degradacion del pais. Cuando se quieran dar cuenta van a vivir en la inmundicia y el estado los va a tener tan pero tan de las bolas que ni se van a poder retobar contra ellos porque sino no comen (basicamente como ahora pero para el 80% de la poblacion).

Tan simple como eso y la gente no lo ve...

Bue no sigo porque me hace mal esto jsjfdhd..",NoOneKnow5,argentina,4,2021-03-01 13:25:47,t1_gpb6v7n,t3_lv954a,comment
gpb53kf,"Lo que queda claro es que la competencia por sí sola no es garantía ni de innovación (hace cuánto que no ves mejoras mecánicas en los autos? Te los venden por sus capacidades de conectividad) ni de eficiencia. Que puede promoverla más que un sistema monopólico, sí, puede ser pero no es el único factor decisivo.",fedexp86,argentina,-2,2021-03-01 12:49:49,t1_gpb4otf,t3_lv954a,comment
gpb4bza,"Ya lo bajó. El problema es que no da solución a la crisis sanitaria. Ya llegaron a los 250.000 muertos y el flaco dijo que si te vacunás, te convertís en yacaré. No hubo aislamiento pero tampoco hubo otras medidas. Eso sí, en lugar de vacunatorio VIP hubo vacunación falsa. Pinchaban a la gente y no le inyectaban nada. Una belleza.
Igual no veo con cariño lo que hacen los gobernadores.",fedexp86,argentina,2,2021-03-01 12:43:44,t1_gpb3sge,t3_lv954a,comment
gpb4qt4,"Hay de todo un poco, por un lado había impuestos federales que ahora son cero, hay impuestos estaduales que se ajustaron para bancar la pandemia y además está Petrobras que dice que el precio es bajo para los valores internacionales y hoy aumentó de nuevo.",fedexp86,argentina,1,2021-03-01 12:47:00,t1_gpb3tjh,t3_lv954a,comment
gpf9ndd,"Es bueno reconocerlo, eso significa que te estas dando cuenta de la manipulación. 
Ejemplos valen mas que palabras y toda persona tiene una historia. 
Yo diria que el 95% de nosotros  no esta alineados con ninguna opción  politica disponible,ni los mas K pueden decire que estan mejor hoy que ayer. Eso es bueno porque hay un espacio muy amplio para estar en comun. Pero nos aferramos a una tribu...y eso si esta mal,  discuimos sobre boludeces que solo afectan el 5% de nuestras vidas y periodismo de indignacion.
El escandalo no es si un politico es mas o menos que el otro, el escandalo es que estamos llenos de nerdos en el gobierno que abusan el poder,  si hay punto en común se empieza a cerrar la grieta. yo no puedo honestamente defender a Larreta, y no creo sea bueno decir ""Pero Larreta"" o ""Pero Vacunas VIP"", es una comparación en la cual todos perdemos. Es uno peor que el otro, absolutamente, pero es un escándalo mas boludo que el otro, definitivamente... Honestamente Larreta es un pelotudo porque cayo en un jueguito que un politico  tendría que conocer mejor.

Criando hijos de digo que aceptar mal comportamiento porque otros también lo hacen es una muy mala estrategia.",plansprintrelease,argentina,3,2021-03-02 12:35:39,t1_gpdlyqe,t3_lv954a,comment
gpdwd09,"Es cierto, tienen una cultura de trabajo insano, muy fuerte.  Eso los llevo a estar entre las potencias mundiales de la época. Aunque, es una lastima que para mantenerse a la vanguardia hayan tenido que moldear a su gente a una vida laboral cuasi esclava; y en ocasiones muy mal pagada. Lo veo como las viejas civilizaciones de la antigüedad, ya saben, que terminaron por autodestruirse a si mismos en un colapso social. Se que es improbable que una cultura y un pais asi desaparezca de la nada hoy por hoy, cuando la mayor parte del mundo tiene lazos entre si, pero imagino que eso mismo pensaban nuestros antepasados. Nunca va a pasar, hasta que termina pasando.",[deleted],argentina,5,2021-03-02 02:25:28,t1_gpdaor1,t3_lv954a,comment
gpcihyp,"Si si, fue un comentario irónico, no le desearía una guerra a ningún país",Daro9x,argentina,8,2021-03-01 18:56:45,t1_gpchjms,t3_lv954a,comment
gpc1ngn,"Y también estan joya, o no viste los videos de India donde tiran audis y bmw al agua y después compran uno nuevo como si nada?  


/s",Croissant_Dog,argentina,14,2021-03-01 16:51:05,t1_gpc1a1b,t3_lv954a,comment
gpckhmb,"No lo se Rick...

> Hasta siempre Dr. Carlos Menem
Partió quien no sólo fue el mejor Presidente después de la dictadura **sino también de la historia.**
En los '90s intentó volver al sendero de la LIBERTAD, logro aniquilado por la llegada de la izquierda.",Deathsroke,argentina,2,2021-03-01 19:12:23,t1_gpazfaj,t3_lv954a,comment
gpbbiye,Porque la mitad de los liberales son peronistas y ya ni lo caretean,[deleted],argentina,-4,2021-03-01 13:39:14,t1_gpax3i7,t3_lv954a,comment
gpbop2c,"si nosotros lo vemos, otros tambien lo pueden ver...
El aguante comprado es veleta...
solo hay que estar preparados para cuando eso pase porque va a ser triste no poder tener otra opcion al peronismo cuando pase.
Lo de Maximo es un hecho, va a pasar y si aprendi algo de los hijos de dictadores es que siempre terminan mal su mandato.",plansprintrelease,argentina,2,2021-03-01 15:15:10,t1_gpb9r09,t3_lv954a,comment
gpcldk7,"> La hicieron re bien creando ""conciencia de clase"" aka: odiar al que tiene mas que uno

Ni siquiera eso, porque bien que a sus señores feudales mega millonarios los aman ciegamente. 

Es incluso mas insidioso que odio de clase es double think. Es odiar al que me ordenen que odie.",Deathsroke,argentina,1,2021-03-01 19:19:30,t1_gpb9r09,t3_lv954a,comment
gpb6112,"Como que hace cuanto que no veo mejoras en los autos?? Hace 20 años tenias que dejar un riñon por un airbag y ahora tenes airbags hasta para el culo. Te avisan si te estas saliendo de tu carril, te alertan que te estas quedando dormido, llaman a los servicios de emergencia si detectan un choque y mandan tus coordenadas exactas, camaras para estacionar, camaras que detectan motos y otros autos en tus puntos ciegos y no te dejan chocarlos, frenos automaticos por radar de proximidad, motores hibridos y puramente electricos, manejo completamente autonomo certificado ya en muchos lugares. 

Vos te pensas que verias la mitad de las cosas que Apple pone en sus celulares hoy en dia, si Android no hubiera existido?

No se ahora si estas trolleando o ya es un cherry picking medio raro que estas haciendo para argumentar pero la verdad que no lo veo, o si estas usando temas de los cuales la verdad no te interesan mucho y por ende no tenes informacion pero justo autos y tecnologia le fuiste a pegar a dos que a mi si.",RedScud,argentina,6,2021-03-01 12:57:01,t1_gpb53kf,t3_lv954a,comment
gpb695k,">Ya llegaron a los 250.000 muertos

Pero hablábamos de impuestos lol

https://www.worldometers.info/coronavirus/

Los números absolutos no valen tanto. La mortalidad en Brasil es más baja que en muchos países europeos e de américa, como Mexico o Eua.

>te convertís en yacaré

Si, el es retrasado. Pero la política de su gobierno es mejor que la de la oposición

>Eso sí, en lugar de vacunatorio VIP hubo vacunación falsa

Bueno, Brasil ha vacunado 4 veces más que Argentina hasta ahora..

Lo principal es hacer las reformas. Si tiene éxito, habrá sido un buen gobierno, si no habrá sido un muy mal gobierno.  La pandemia no es un parámetro",backtotheprimitive,argentina,2,2021-03-01 12:58:46,t1_gpb4bza,t3_lv954a,comment
gpb5l62,"> Hay de todo un poco, por un lado había impuestos federales que ahora son cero.

Entonces tecnicamente Bolsonaro bajo la gasolina no? o por lo menos la parte del precio que corresponde al gobierno federal.


> hay impuestos estaduales que se ajustaron para bancar la pandemia

Esos impuestos no tendrian que ver con Bolsonaro?

> y además está Petrobras que dice que el precio es bajo para los valores internacionales y hoy aumentó de nuevo.

Pregunta, es en Brasil un monopolio de Petrobras la venta de gasolina? si es asi, pues tendria razon, si no lo es, pues no seria cuestion de ir a comprar a una gasolinera privada?",Rodrigoecb,argentina,0,2021-03-01 12:53:39,t1_gpb4qt4,t3_lv954a,comment
gpd845h,"Si es más o menos así, hay mucha pobreza pero hay muchísimos ricos también, acá también es así pero nos olvidamos de la parte de ""muchísimos ricos también""",Met4le,argentina,1,2021-03-01 22:36:31,t1_gpc1ngn,t3_lv954a,comment
gpcgj1y,¿Y si empezamos un partido o una corriente nueva?,First_Ask2449,argentina,1,2021-03-01 18:41:39,t1_gpbop2c,t3_lv954a,comment
gpb76ax,"Si te estuviera trolleando ya te hubiera faltado el respeto, ¿no te parece?
Ahora si vos me decís que, salvando los airbags y las camaritas para estacionar, todos esas innovaciones están al alcance de cualquiera, pues qué bien. Acá que todos los vehículos son japoneses, chinos y coreanos de última generación, no he visto la mayor parte de las cosas que nombrás.
Ahora, si vos podés actualizar tu teléfono sin tener que tirarlo y comprarte otro nuevo (cosa que sería altamente eficiente) me contás qué marca estás consumiendo.
También hay cohetes que aterrizan de parado y no veo que todo el mundo ande en cohete. Vo fi.
Por otro lado, para vos todas las empresas argentinas públicas eran deficitarias... Justo fuiste a dar con temas que a mí sí me interesan. Falacias ad-hominem no, por favor chamigo, vamos mal así.",fedexp86,argentina,1,2021-03-01 13:06:00,t1_gpb6112,t3_lv954a,comment
gpb80r4,"Hablamos de políticas de Estado en un período particular. 
Al contrario, opino que la pandemia ha sido la mejor prueba para los gobiernos. Como vos decís, Brasil lleva vacunando 4 veces más que la Argentina, gestión de los Estados, particularmente del opositor Sao Paulo que empezó a vacunar desde antes y no por política nacional, que se banca con esos impuestos a la nafta. Por eso está todo relacionado. Tampoco nos olvidemos que la oposición busca joder casi siempre porque entienden que eso es ser oposición. Tema aparte.",fedexp86,argentina,1,2021-03-01 13:12:35,t1_gpb695k,t3_lv954a,comment
gpb77eg,"> Entonces tecnicamente Bolsonaro bajo la gasolina no? o por lo menos la parte del precio que corresponde al gobierno federal.

Si.

>Esos impuestos no tendrian que ver con Bolsonaro?

Si

>Pregunta, es en Brasil un monopolio de Petrobras la venta de gasolina?

Si.Mira lo absurdo. Y la corte no permite que acabe el monopolio, tienes las manos atadas",backtotheprimitive,argentina,0,2021-03-01 13:06:14,t1_gpb5l62,t3_lv954a,comment
gpcqduf,":) ah ves? la democracia no esta muerta!

y no hace falta uno hacen faltan un monton.  Si el peronismo tiene mas sabores que una heladeria, harian  falta  alternativas en todo el pais es una estrategia demografica.

la diferencia es que  los Peronchos lo diseñan asi. si nosotros independientemente crearamos partidos que realmente reflejan a la localidad y que realmente consigan cambios locales ya eso toma forma, no tienen que cementarse a una ideologia  central de san Nestor o san Peron. Tiene que ser cambios positivos especificos con esa localidad. no somos la mama de nadie.

dos cosas que me preocupan:

1) Que pasa con la primer persona de  nuestro partido anti-status  que se encuentra un sobre de dinero en el escritorio...

2) Como arreglar el problema de seguridad una vez que los cambios empiezen a tomar efecto. Es dificil voltear un emperador.

Son dos problemas de dinero, que si en fin es lo mas facil de arreglar si realmente hay movida para esto, tampoco queremos estar influenciados por externos.

Hay que conocer nuestra limitaciones y va a haber que hacer cosas que no son comodas pero hay una linea muy fina entre saber gestionar y volverte el mismo tirano que volteaste.

Le estoy poniendo cabeza al asunto.",plansprintrelease,argentina,1,2021-03-01 20:00:42,t1_gpcgj1y,t3_lv954a,comment
gpcsw2f,"Estas confundiendo muchas cosas. Si lo que vos queres es un celular que haga llamadas y mande mensajes de texto, uno cualquiera con Android 1.0 te alcanza y sobra. La gente los tira y compra nuevos porque quiere y compra el marketing y la moda de tener lo ultimo y lo mejor. Lo que me estas comparando son peras y bananas y tendrias que decir algo como que las empresas de luz te ofrecen 2500 servicios mas hoy en dia que lo que te ofrecian hace 40 años y no tiene nada que ver. Sigue siendo un ejemplo malo. Los autos lo mismo, compara el auto mas barato que se compraba el tipo promedio en los 80s y el que se compra ahora y fijate la eficiencia energetica y los factores seguridad y confiabilidad y despues hablamos.

Edit - Por las dudas te dejo más cosas que tienen los autos de hoy que los de antes no, y esto si viene hasta en el mas choto: inyeccion electrónica, computadora de bordo, dirección asistida, frenos de disco, aire acondicionado, vidrios eléctricos, zonas de absorción de choques...",RedScud,argentina,2,2021-03-01 20:22:00,t1_gpb76ax,t3_lv954a,comment
gpc7pzs,San Pablo es opositor? La política de Brasil es mas dificil de entender que la Argentina,elmonetta,argentina,1,2021-03-01 17:35:35,t1_gpb80r4,t3_lv954a,comment
gpb7dyg,"> Si. Ver lo absurdo. Y la corte no permite que acabe el monopolio. tienes las manos atadas

Entonces si seria culpa del gobierno federal no?",Rodrigoecb,argentina,1,2021-03-01 13:07:40,t1_gpb77eg,t3_lv954a,comment
gpppb9u,"Los que dicen ""salvarnos"" de que nos roben los recurson y ""vendan el país"" a los yankees no saben hacer otra cosa que venderle el pais y el orto a China y Rusia.",Professor_Hobo31,argentina,184,2021-03-04 20:38:13,t3_lxwb6k,t3_lxwb6k,comment
gpq2l3s,Es que el noticiero no te dice cuando te roban los recursos pero cuando te roban un gol te lo repiten 83 veces de 180 ángulos diferentes,NickNewAge,argentina,23,2021-03-04 22:31:43,t3_lxwb6k,t3_lxwb6k,comment
gppk1vd,"Lo patetico es que con un sueldito ya se compra la moral de muchos argentinos, ya no importa el resto, solo platita y que el resto este pobre y del orto ni importa.
Hasta que se vaya esa enfermedad que tiene la mayoria argentina jamas va a mejorar, es el combustible kirchnerista.",mattfreemandude,argentina,62,2021-03-04 19:54:55,t3_lxwb6k,t3_lxwb6k,comment
gppjsoa,Sad but true.,Rack676,argentina,30,2021-03-04 19:52:54,t3_lxwb6k,t3_lxwb6k,comment
gppth2g,"Yo sé que por ahí sos medio trolo y no te gusta el futbol, pero cuántos mundiales tiene ese Recursos Naturales??",lichoxide,argentina,54,2021-03-04 21:13:42,t3_lxwb6k,t3_lxwb6k,comment
gppox1n,"Cambiaria la segunda parte por: ""Ah pero la Mano de Dios""",wire-zz,argentina,22,2021-03-04 20:34:53,t3_lxwb6k,t3_lxwb6k,comment
gppw7a1,es tan triste como cierto . gracias por arruinarme lo que queda del día.,bondiol,argentina,10,2021-03-04 21:36:44,t3_lxwb6k,t3_lxwb6k,comment
gppnbht,Prioridades /s,ALanN03,argentina,7,2021-03-04 20:21:34,t3_lxwb6k,t3_lxwb6k,comment
gprzrhc,Pense que estaba en r/Paraguay parece que estamos todos igual,[deleted],argentina,3,2021-03-05 11:45:32,t3_lxwb6k,t3_lxwb6k,comment
gpqb920,fun fact: la canción de ese jefe de cuphead es perfecta para una barra como por ej la de bokita,dfc007,argentina,3,2021-03-04 23:47:09,t3_lxwb6k,t3_lxwb6k,comment
gpqhz3e,Jajajan't,WinUEisded,argentina,3,2021-03-05 00:48:48,t3_lxwb6k,t3_lxwb6k,comment
gpps0hg,¿Seria posible que la República no es posible en Argentina?,[deleted],argentina,6,2021-03-04 21:01:14,t3_lxwb6k,t3_lxwb6k,comment
gppv4ik,Era gol de montiel 😭😭😭😭,exequiel_santacruz,argentina,5,2021-03-04 21:27:32,t3_lxwb6k,t3_lxwb6k,comment
gppmz05,pero hay que liberar el mercado!!!11¡¡¡!!¡!¡!!11¡,tomigodoy,argentina,10,2021-03-04 20:18:42,t3_lxwb6k,t3_lxwb6k,comment
gppr28b,Gatopardismo ilustrado,EvilDead91,argentina,2,2021-03-04 20:53:05,t3_lxwb6k,t3_lxwb6k,comment
gpq3qiv,La triste realidad de este pais,True_Elfert,argentina,2,2021-03-04 22:41:39,t3_lxwb6k,t3_lxwb6k,comment
gpqcdw3,es gracioso porque es verdad,Fran_1900,argentina,2,2021-03-04 23:57:16,t3_lxwb6k,t3_lxwb6k,comment
gprp1ii,"""Inserte titulo contra el gobierno""... Chicos por favor",PleuraZoom,argentina,2,2021-03-05 10:10:12,t3_lxwb6k,t3_lxwb6k,comment
gpq37gh,Un meme que se puede interpretar anti-futbol y anti-gobierno al mismo tiempo tiene que ser hitazo de r/arg,CristolPalace,argentina,4,2021-03-04 22:37:04,t3_lxwb6k,t3_lxwb6k,comment
gppzv2i,Ah pero Mcree,Kritzerd,argentina,1,2021-03-04 22:08:18,t3_lxwb6k,t3_lxwb6k,comment
gprzv0v,"Chicos,¿me pueden cagar a downvotes? Solo por los memes quiero derrotar al xulxul",nenfis,argentina,1,2021-03-05 11:46:19,t3_lxwb6k,t3_lxwb6k,comment
gpq9u2u,Inventaron el VAR,[deleted],argentina,-1,2021-03-04 23:34:53,t3_lxwb6k,t3_lxwb6k,comment
gpq4lww,"Más bien sería, 

""cuando nos roban los recursos ciertos partidos"", 

""cuando robamos nosotros"".",Morty_jeez,argentina,-6,2021-03-04 22:49:18,t3_lxwb6k,t3_lxwb6k,comment
gprbwtm,Le pondría me gusta. Pero eso de robar recursos naturales es tam falaz y zurdelli que no gracias.,Sesshaku,argentina,-3,2021-03-05 07:15:01,t3_lxwb6k,t3_lxwb6k,comment
gpw3wq9,"100 % real les importa más el fútbol, que la economía.",thegusano91,argentina,1,2021-03-06 05:07:46,t3_lxwb6k,t3_lxwb6k,comment
gr6yr88,"We, eso pasa en TODA Latinoamérica",narcqark,argentina,1,2021-03-16 22:58:14,t3_lxwb6k,t3_lxwb6k,comment
gppsrk4,"Lo peor de todo es que ambos lados son estupidamente erroneos, es triste que el Argentino promedio piense que la autarquía es un modelo viable. Los recursos naturales se tienen que consumir y si los podemos vender los vendemos para traerle un bien al pais y su población, pero si no existe el comerció, se abre paso al mercado ilegal que es imposible de regular y ahí si te van a terminar saqueando el pais.

A mi no le importa a quien vendamos nuestros recursos, si es Rusia, Estados Unidos o China. El punto es que hay que sacar provecho de ellos no dejarlos en el aire para que nos los afanen",JFSM01,argentina,82,2021-03-04 21:07:43,t1_gpppb9u,t3_lxwb6k,comment
gppxfca,"a todos, usa tambien. es culpa nuestra igual, no tenemos leverage",simonbleu,argentina,3,2021-03-04 21:47:16,t1_gpppb9u,t3_lxwb6k,comment
gpqicsz,"usa le vendió el orto a china y rusia, qué dice?",[deleted],argentina,-20,2021-03-05 00:52:24,t1_gpppb9u,t3_lxwb6k,comment
gpquixh,"Y a Iran, Israel y EEUU.",unclebiz02,argentina,1,2021-03-05 03:02:57,t1_gpppb9u,t3_lxwb6k,comment
gprn2m3,"Esto, es muy grave, como le decis a un peroncho vas a pasar de rascarte la pija cobrando 100.000 a conseguir laburo en privados, empezando con un sueldo de 40.000, creo que ni siquiera nosotros lo hariamos, saluden a formosa que se convierte en argentina",VividRecognition8,argentina,4,2021-03-05 09:48:59,t1_gppk1vd,t3_lxwb6k,comment
gppv89g,Dum... dum dum dum duuuum,bigredsun,argentina,10,2021-03-04 21:28:25,t1_gppjsoa,t3_lxwb6k,comment
gpq8akr,">Sad but true

Triste, pero real.",Gontattoo,argentina,1,2021-03-04 23:21:32,t1_gppjsoa,t3_lxwb6k,comment
gppyabp,amigo estás bien??,tomigodoy,argentina,5,2021-03-04 21:54:46,t1_gppw7a1,t3_lxwb6k,comment
gprkuee,EN Argentina? Si porque no? CON Argentinos...? Mmmhh,janosaudron,argentina,5,2021-03-05 09:22:53,t1_gpps0hg,t3_lxwb6k,comment
gprhjfa,"Feliz día de torta, che",IronicJeremyIrons,argentina,2,2021-03-05 08:39:33,t1_gppv4ik,t3_lxwb6k,comment
gppuxm1,Curioso que estando en r/Argentina no te hayan cagado a negativos 🤔,Gyzaru,argentina,8,2021-03-04 21:25:55,t1_gppmz05,t3_lxwb6k,comment
gppt2ty,"Si hubiese mercado, podríamos regularlo, la tristeza es que al estar todo tan poco controlado  en el aspecto de que hace cada quien, termina habiendo un mercado negro que se liquida los recursos de este pais. Lo que habría que hacer es controlar de manera muy estricta que esta haciendo cada quien, dejar que el mercado sea libre; pero a la minima que alguien se mande una cagada o hay un numero que no cuadra le metemos un patadon bien en el orto",JFSM01,argentina,10,2021-03-04 21:10:21,t1_gppmz05,t3_lxwb6k,comment
gppxpnh,no se a que se refiere el meme (aunque lo deduzco) pero si. una cosa igual es tener libre mercado y otra ser boludo. no porque te ofrezcan trabajo en negro debajo del minimo es eso o asaltar el negocio. no deberia al menos,simonbleu,argentina,2,2021-03-04 21:49:45,t1_gppmz05,t3_lxwb6k,comment
gpraycn,"Liberar el mercado no es dejar que te abran el orto, hay que se' ma' vivo viteh",YoungPrideX,argentina,0,2021-03-05 06:59:34,t1_gppmz05,t3_lxwb6k,comment
gptspmc,"Ya lo dije, solo soy una karma whore. Vengo por los upvotes, no por el humor de calidad",KingStrijder,argentina,1,2021-03-05 19:57:49,t1_gprp1ii,t3_lxwb6k,comment
gpq3v32,840 upvotes en 3hs. Que puedo decir? Soy una karma whore. Mi cerebro primitivo se llena de seratonina al ver numeritos sin sentido ni valor subir,KingStrijder,argentina,15,2021-03-04 22:42:45,t1_gpq37gh,t3_lxwb6k,comment
gps2xtl,[deleted],[deleted],argentina,2,2021-03-05 12:10:32,t1_gprzv0v,t3_lxwb6k,comment
gppx4u8,"Sería mejor si en vez de vender los recursos naturales a otros paises, pudieramos procesarlos acá y convertirlos en productos que se venden más caro... pero bueno, no veo a ningún gobierno fomentando esa clase de industria, salvo que fomentar signifique meterle más impuestos.",ZaphodB_,argentina,47,2021-03-04 21:44:45,t1_gppsrk4,t3_lxwb6k,comment
gppxhrj,obvio,simonbleu,argentina,1,2021-03-04 21:47:52,t1_gppsrk4,t3_lxwb6k,comment
gprlo7d,Completamente de acuerdo,gabechi90,argentina,1,2021-03-05 09:32:50,t1_gppsrk4,t3_lxwb6k,comment
gppw8z4,"Este tema me hace acordar al Pet Society, un jueguito de Facebook allá por 2009 cuando iba al colegio y escuchaba Metallica mientras. La ponía en loop para aprender la letra. 

Hay cosas muy puntuales que me recuerdan otras cosas muy puntuales que entre sí no tienen un choto que ver, como cuando huelo AxeMarine y me hace acordar a cuando era pendejito y jugaba al Half Life en la casa de mi tía, y como mi primo se tiraba pedos le gastaba el desodorante a mi tío por la baranda. Estaba podrido el hdp.
Entonces AxeMarine = olor a Half Life.",Rack676,argentina,11,2021-03-04 21:37:09,t1_gppv89g,t3_lxwb6k,comment
gprh7j0,"la verdad es que yo estoy mejor desde q decidí no leer más r/argentina, aunque el feed me tira una noticia o un meme alprincipio de la pagina, y después de leer este meme me vino a la cabeza la idea de ir creando un ejército de indignados para salir a romper todo. Si fuéramos 500 personas que salimos a matar chinos, por ejemplo, no podrían imputarnos. Podríamos decir , como hacen en bolivia, "" fuimos todos "" , creo que es una buena solución a los problemas argentinos, matarlos a todos, politicos first",bondiol,argentina,10,2021-03-05 08:34:54,t1_gppyabp,t3_lxwb6k,comment
gppv66y,xq saben que la teoría falla en estas cuestiones,tomigodoy,argentina,1,2021-03-04 21:27:56,t1_gppuxm1,t3_lxwb6k,comment
gps46no,"No me digas que hacer gordo macrista,seguro sos un puto machirulo de mierda opresor,deconstruite",nenfis,argentina,-1,2021-03-05 12:20:07,t1_gps2xtl,t3_lxwb6k,comment
gppxlwz,"Y, de algun lado hay que sacar el dinero para hacer una industrialización",JFSM01,argentina,19,2021-03-04 21:48:52,t1_gppx4u8,t3_lxwb6k,comment
gprhh6n,">pudieramos procesarlos acá y convertirlos en productos que se venden más caro

Eso es la mentira con la que vienen jodiendo al pais desde hace 50 años.",Thotila,argentina,10,2021-03-05 08:38:41,t1_gppx4u8,t3_lxwb6k,comment
gps094g,Hay industrias qué no deben ser fáciles de crear por ejemplo procesar silicio. Acá tenemos mucho pero no cualquier puede hacer un micro con eso.,BlckEagle89,argentina,1,2021-03-05 11:49:30,t1_gppx4u8,t3_lxwb6k,comment
gpq023i,[deleted],[deleted],argentina,24,2021-03-04 22:10:00,t1_gppw8z4,t3_lxwb6k,comment
gpq5248,Boludo yo me vicie tradeando cosas de TF2 mientras escuchaba Load y Reload. Me quedaron re asociados a esa etapa.,Breete,argentina,2,2021-03-04 22:53:13,t1_gppw8z4,t3_lxwb6k,comment
gpqhv6p,Pet society era lo más,Gwynbbleid,argentina,2,2021-03-05 00:47:45,t1_gppw8z4,t3_lxwb6k,comment
gpraudx,Que cagazo que me daba/da el puto ichthyosaur lpm (el pescado gigante),YoungPrideX,argentina,2,2021-03-05 06:57:49,t1_gppw8z4,t3_lxwb6k,comment
gpsen9n,Hey porque a los chinos? Al menos laburan.,nabael27,argentina,3,2021-03-05 13:35:46,t1_gprh7j0,t3_lxwb6k,comment
gps56rj,[deleted],[deleted],argentina,1,2021-03-05 12:27:38,t1_gps46no,t3_lxwb6k,comment
gppy7ae,"Vivimos pidiendo plata afuera para terminar quemandola en pagar sueldos y manteniendo el dólar planchado en años de elección. 
 
No se ponen las pilas con la industria solamente porque no pueden robar de la misma forma que roban con las cosas del estado",Professor_Hobo31,argentina,41,2021-03-04 21:54:03,t1_gppxlwz,t3_lxwb6k,comment
gpq07t0,"> Y, de algun lado hay que sacar el dinero para hacer una industrialización

Imprimo plata?",WhiteKnightC,argentina,12,2021-03-04 22:11:22,t1_gppxlwz,t3_lxwb6k,comment
gprhog8,Obvio. Rinde más robar que invertir.,ZaphodB_,argentina,3,2021-03-05 08:41:25,t1_gprhh6n,t3_lxwb6k,comment
gps0gl4,"Venimos hace más de 20 años así. No es algo que se logra del día a la noche, pero es un proyecto a futuro... Cosa que nadie hace porque no tiene crédito político. Lo va a recibir el que esté dentro de 20 años.",ZaphodB_,argentina,2,2021-03-05 11:51:10,t1_gps094g,t3_lxwb6k,comment
gpq0cwb,"- ""Ahora habla con la salsa de tomate, creo que está un poco tocado""",Rack676,argentina,5,2021-03-04 22:12:35,t1_gpq023i,t3_lxwb6k,comment
gpspl6r,"Aguante usar el cheat engine para que te dropeen monedas de más, y tener parva de cuentas de facebook asociadas para conprar objetos en esas cuentas y enviártelos como regalo en la cuenta principal. Jajaja la clásica estrategia (?)",Rack676,argentina,2,2021-03-05 14:53:53,t1_gpqhv6p,t3_lxwb6k,comment
gprjlsk,"Te hacia fruncir el ogt, encima cómo se mueve, en especial cómo rota, así de repente (es como cuando estás en fy_poolday, asi rotan nadando los jugadores también jaja)",Rack676,argentina,2,2021-03-05 09:07:12,t1_gpraudx,t3_lxwb6k,comment
gpsk4gr,"hablaba de los chinos que se están choreando los recursos de nuestro  oceano y nos lo venden como importado. si está en las noticias debe de ser cierto, verdad ?",bondiol,argentina,2,2021-03-05 14:15:08,t1_gpsen9n,t3_lxwb6k,comment
gptslre,Por que? No hay por que,KingStrijder,argentina,1,2021-03-05 19:56:52,t1_gpsen9n,t3_lxwb6k,comment
gps6k60,Gracias we,nenfis,argentina,1,2021-03-05 12:37:42,t1_gps56rj,t3_lxwb6k,comment
gpq0bjw,O vendemos recursos?,JFSM01,argentina,10,2021-03-04 22:12:16,t1_gpq07t0,t3_lxwb6k,comment
gprki08,"jaskasjas encima te acostumbras a que los enemigos son medio predecibles y vos podés correr para todos lados. Pero de la nada te tiran a un pozo lleno de agua, esta oscuro, te movés lento y un bicho monstruoso se te viene al humo... ahhh lindos recuerdos.",YoungPrideX,argentina,2,2021-03-05 09:18:37,t1_gprjlsk,t3_lxwb6k,comment
gq2l2ju,"ah los de los barcos, see que duerman con los peces esos.",nabael27,argentina,3,2021-03-07 02:42:40,t1_gpsk4gr,t3_lxwb6k,comment
gpq2bhw,Ok imprimo plata.,WhiteKnightC,argentina,13,2021-03-04 22:29:26,t1_gpq0bjw,t3_lxwb6k,comment
gpq30mm,Imprimimos plata y regalamos recursos.,anacardocashew,argentina,18,2021-03-04 22:35:26,t1_gpq2bhw,t3_lxwb6k,comment
gpq854f,si te voto me das un ministerio?,SnooDoubts2153,argentina,9,2021-03-04 23:20:14,t1_gpq30mm,t3_lxwb6k,comment
gpq3fne,Yo te voto.,WhiteKnightC,argentina,5,2021-03-04 22:39:02,t1_gpq30mm,t3_lxwb6k,comment
gsoagt3,"Y si mejor, simplificamos la burocracia estatal, creamos sindicatos paralelos, cumplimos con las obligaciones y respetamos las instituciones, formando gente de carrera que tengamos entrenada con vision nacional por encima de la grieta?, la plata aparece al toke 😁",Nice_NeedArdemine_29,argentina,1,2021-03-29 07:54:27,t1_gpq30mm,t3_lxwb6k,comment
gpqcxfr,Por esa actitud ganadora te daría el ministerio del café con leche,jjarg24,argentina,5,2021-03-05 00:02:07,t1_gpq854f,t3_lxwb6k,comment
gq4qt3k,_Más duro que el titanio_,[deleted],argentina,175,2021-03-07 17:00:57,t3_lzxcef,t3_lzxcef,comment
gq4w0us,[deleted],[deleted],argentina,160,2021-03-07 17:37:10,t3_lzxcef,t3_lzxcef,comment
gq4zgz7,Ven conmigo si quieres la copa.,[deleted],argentina,102,2021-03-07 18:01:14,t3_lzxcef,t3_lzxcef,comment
gq50mss,"Eh eso es cerca de mi casa, Victoria :). Sos de ahí?",Pbo1,argentina,47,2021-03-07 18:09:27,t3_lzxcef,t3_lzxcef,comment
gq4t45s,El M-10,reddNOOB2016,argentina,31,2021-03-07 17:17:03,t3_lzxcef,t3_lzxcef,comment
gq4kys2,TERMIDEITOR,GrandTusam,argentina,53,2021-03-07 16:20:46,t3_lzxcef,t3_lzxcef,comment
gq4oip0,"y pensar que una foto asi, pero con una Reflex de varios miles de dolares, hasta te entregan un premio.",Spetsimen,argentina,47,2021-03-07 16:45:09,t3_lzxcef,t3_lzxcef,comment
gq51exl,"Buenísima, ahora solo falta Terminestor Kirchner",DoiverDraccus,argentina,22,2021-03-07 18:14:51,t3_lzxcef,t3_lzxcef,comment
gq4r6no,Volveeeeeeeeeeeeeeeeeeeeeeeeeeeeeeeeeeeeeeeeeeeeeeeeeeeeeeeeeeereeeeeeeeeeeeeeeeeeeeeeeeeeeeeeeeeeeeeeeeeeeeeeeeee.,Sylarito,argentina,44,2021-03-07 17:03:35,t3_lzxcef,t3_lzxcef,comment
gq4yqaq,Viene a terminar con la droga.,FlaviFeels,argentina,14,2021-03-07 17:56:08,t3_lzxcef,t3_lzxcef,comment
gq4rwzy,Tremenda foto!!,sputnikbum,argentina,10,2021-03-07 17:08:38,t3_lzxcef,t3_lzxcef,comment
gq5gse9,Dónde está Sara Connor?,IronicJeremyIrons,argentina,9,2021-03-07 20:09:02,t3_lzxcef,t3_lzxcef,comment
gq55dvn,Dale 10 🍷,Baby-bull-1972,argentina,8,2021-03-07 18:42:44,t3_lzxcef,t3_lzxcef,comment
gq5izo3,I'll be back...to claim you as my kid.,Theo1130,argentina,7,2021-03-07 20:28:56,t3_lzxcef,t3_lzxcef,comment
gq4kyml,Jajajaja.,[deleted],argentina,5,2021-03-07 16:20:44,t3_lzxcef,t3_lzxcef,comment
gq5lj73,paso por ahi y me pregunto... ¿porque pusieron la cabeza en la esquina y el cuerpo sin cabeza en el otro muro?,dfc007,argentina,5,2021-03-07 20:51:54,t3_lzxcef,t3_lzxcef,comment
gq75pn5,"FAFA FA FAFA, FAFA FA FAFA.",Hipfire1,argentina,6,2021-03-08 07:58:27,t3_lzxcef,t3_lzxcef,comment
gq5d3ku,Kano wins,Feli999D,argentina,4,2021-03-07 19:38:16,t3_lzxcef,t3_lzxcef,comment
gq5enh2,Heeeeeeeeeeeeeeeeeeeeeeeeeeeeeeeeeeeeeeeeeeeeeeeeeeeeeeeeeeeeeeeeeeeeeeeeeeeeeeeeeeeeeeeeeeeeeeeeeeeeeeeeeeeeeeeeeeeeeeeeeeeeeeeeeeeeeeeeeeeeeeeeeeeeeeeeeeeeeeeeeeeeeeeeeeeeeeeeeeeeeeeeeeeeeeeeeeeeeeeeeeeeeeeeeeeeeeeeeee,SolGenesis,argentina,4,2021-03-07 19:50:15,t3_lzxcef,t3_lzxcef,comment
gq4zt6b,Seguro que a los hijos les decía: Hasta la vista baby..!,Lazzaro_Felice,argentina,5,2021-03-07 18:03:41,t3_lzxcef,t3_lzxcef,comment
gq5axtp,Dieguinsky,leocordobe,argentina,3,2021-03-07 19:21:40,t3_lzxcef,t3_lzxcef,comment
gq5liio,EEErminator,[deleted],argentina,3,2021-03-07 20:51:43,t3_lzxcef,t3_lzxcef,comment
gq79sna,"Necesito tus botines, tu pelota y tu merca",[deleted],argentina,3,2021-03-08 09:00:31,t3_lzxcef,t3_lzxcef,comment
gq5gx2j,amigo como fueron a cagar la cancha con ese dibujo del culo.,[deleted],argentina,2,2021-03-07 20:10:11,t3_lzxcef,t3_lzxcef,comment
gq5olwj,Fiorito Noir.,[deleted],argentina,2,2021-03-07 21:19:34,t3_lzxcef,t3_lzxcef,comment
gq5oxwd,¿Nuestro Sky Net sería Movistar?,[deleted],argentina,2,2021-03-07 21:22:33,t3_lzxcef,t3_lzxcef,comment
gq5smn8,*Hasta la vista falopa*,[deleted],argentina,2,2021-03-07 21:56:46,t3_lzxcef,t3_lzxcef,comment
gq6ci2v,You could be mine... Son,DorianGrayWilde,argentina,2,2021-03-08 01:03:06,t3_lzxcef,t3_lzxcef,comment
gq7b8xb,T800 model D13G0T3,pyromiko,argentina,2,2021-03-08 09:19:37,t3_lzxcef,t3_lzxcef,comment
gq7bi34,Come with me if you wanna sniff,berserker_b2k,argentina,2,2021-03-08 09:22:53,t3_lzxcef,t3_lzxcef,comment
gq4u1a5,Mas duro que puertas Pentagono,EvilDead91,argentina,1,2021-03-07 17:23:26,t3_lzxcef,t3_lzxcef,comment
gq5sdfq,Opaaaa,ZomBIeeeeARG,argentina,1,2021-03-07 21:54:19,t3_lzxcef,t3_lzxcef,comment
gq5y13u,"Hasta la vista, eeeeeeeeeeeeeeeeeeeeeeeeee",Sagara_,argentina,1,2021-03-07 22:46:26,t3_lzxcef,t3_lzxcef,comment
gq681nb,Ahh por eso le decian el diegote,[deleted],argentina,1,2021-03-08 00:20:04,t3_lzxcef,t3_lzxcef,comment
gq69snq,La cancha de tigre??,cinamor0l,argentina,1,2021-03-08 00:36:50,t3_lzxcef,t3_lzxcef,comment
gq6osgd,"Hasta la vista, piernas?",Xerachiel,argentina,1,2021-03-08 03:27:42,t3_lzxcef,t3_lzxcef,comment
gq7183u,"JAJAJAJAJA, EL DIEGO DE LA CANCHA DE TIGREEEEE. Paso siempre por ahí.",MercaChild,argentina,1,2021-03-08 06:42:29,t3_lzxcef,t3_lzxcef,comment
gq783wo,Ahora vuelvo.... Con merca,Alekid109,argentina,1,2021-03-08 08:36:30,t3_lzxcef,t3_lzxcef,comment
gq87f1o,Terminator E-1000,fugaza,argentina,1,2021-03-08 13:51:02,t3_lzxcef,t3_lzxcef,comment
gq8mlga,"Asimilado por los borg.

Le hicieron un favor.",saraseitor,argentina,1,2021-03-08 15:36:43,t3_lzxcef,t3_lzxcef,comment
gq952qd,Merkaneitor,[deleted],argentina,1,2021-03-08 17:49:46,t3_lzxcef,t3_lzxcef,comment
gq98mea,"Che amigo es una poronga este posteo, saludos",bangaloro,argentina,1,2021-03-08 18:15:30,t3_lzxcef,t3_lzxcef,comment
gq98uk5,Cuidado con la cala,bangaloro,argentina,1,2021-03-08 18:17:08,t3_lzxcef,t3_lzxcef,comment
gq9bnx6,Come with me if you want to high.,kuals,argentina,1,2021-03-08 18:37:59,t3_lzxcef,t3_lzxcef,comment
gq9ceun,Mecha-Diegote,L0rD_V3G3T4,argentina,1,2021-03-08 18:43:37,t3_lzxcef,t3_lzxcef,comment
gqamc7i,Te aspira la vida,False_After,argentina,1,2021-03-09 01:34:06,t3_lzxcef,t3_lzxcef,comment
gqr0ebo,Termidiego,Mart873tin,argentina,1,2021-03-12 21:21:43,t3_lzxcef,t3_lzxcef,comment
gq5r2jd,Ven conmigo si quieres ~~la copa~~ falopa.,[deleted],argentina,66,2021-03-07 21:42:07,t1_gq4zgz7,t3_lzxcef,comment
gq5jl14,Si! A unas cuadras,MartoARG00,argentina,32,2021-03-07 20:34:13,t1_gq50mss,t3_lzxcef,comment
gq6822g,"Eh yo también vivo ahí cerca, en Beccar",Basatalio,argentina,8,2021-03-08 00:20:11,t1_gq50mss,t3_lzxcef,comment
gq78jgh,"EN EL BARRIO DE VICTORIA HAY UNA BANDA LOCA MUY DESCONTROLADAAAA, ES LA QUE LO SIGUE A TIGRE, LA QUE PONE HUEVO Y NO LE IMPORTA NADAAAAA, Y VAAAMOS VICTOOOORIA, TRANSPIRE LA CAMISEEETAAA, Y VAAAMOS VICTORIA, QUE VAMOS A DAR LA VUEEEELTAAAA",metalcabeza,argentina,2,2021-03-08 08:42:48,t1_gq50mss,t3_lzxcef,comment
gq50lka,COCAINEITOR,-Emiliano,argentina,34,2021-03-07 18:09:12,t1_gq4kys2,t3_lzxcef,comment
gq6avks,TERMIDIEGOR,netheroth,argentina,2,2021-03-08 00:47:10,t1_gq4kys2,t3_lzxcef,comment
gq7gdci,Termituertor,matupunk,argentina,4,2021-03-08 10:17:40,t1_gq51exl,t3_lzxcef,comment
gq8rtwi,I'll be back.,kodos4444,argentina,1,2021-03-08 16:14:08,t1_gq4r6no,t3_lzxcef,comment
gq5o69h,"como? jamas lo sabremos, pero lo sospechamos",VividRecognition8,argentina,6,2021-03-07 21:15:39,t1_gq4yqaq,t3_lzxcef,comment
gq6j5eg,Cómo el Robocop 2 que consumía Nuke.,ThecaTTony,argentina,4,2021-03-08 02:14:56,t1_gq4yqaq,t3_lzxcef,comment
gq5n4n8,Dónde está Rocío Oliva ?,WeaknessFar7287,argentina,15,2021-03-07 21:06:11,t1_gq5gse9,t3_lzxcef,comment
gq5uret,la Claudia Hamilton.,Ok-Natural1506,argentina,5,2021-03-07 22:16:46,t1_gq5gse9,t3_lzxcef,comment
gq6axpv,"Pero el Diego vino a dejar hijos, no a eliminarlos.",netheroth,argentina,5,2021-03-08 00:47:46,t1_gq5gse9,t3_lzxcef,comment
gq5r69a,Porque perdió la cabeza,[deleted],argentina,6,2021-03-07 21:43:07,t1_gq5lj73,t3_lzxcef,comment
gq5lmlo,Nunca sabremos,MartoARG00,argentina,3,2021-03-07 20:52:45,t1_gq5lj73,t3_lzxcef,comment
gq7edz6,Hablale a la mano!!,esplasmosico51,argentina,1,2021-03-08 09:56:53,t1_gq79sna,t3_lzxcef,comment
gq7an7k,♪♫♫♪,VRichardsen,argentina,1,2021-03-08 09:11:52,t1_gq6ci2v,t3_lzxcef,comment
gq7191j,Edit: Vivo ahí no más por eso xd,MercaChild,argentina,2,2021-03-08 06:42:56,t1_gq7183u,t3_lzxcef,comment
gq68nhn,Si quiero o si tengo?,maxwellmdc,argentina,26,2021-03-08 00:25:53,t1_gq5r2jd,t3_lzxcef,comment
gq5lghi,bueno haber cojan,Chapita22,argentina,109,2021-03-07 20:51:11,t1_gq5jl14,t3_lzxcef,comment
gq75c9j,"Yo también, ya somos 4 para el truco",luktaros,argentina,9,2021-03-08 07:52:17,t1_gq6822g,t3_lzxcef,comment
gq7alcu,Jajaja,VRichardsen,argentina,2,2021-03-08 09:11:14,t1_gq6j5eg,t3_lzxcef,comment
gq7eb49,"Vivo, ahi no, mas por eso xD",esplasmosico51,argentina,3,2021-03-08 09:55:57,t1_gq7191j,t3_lzxcef,comment
gq7apo2,Ojo con la puntuación. Se puede interpretar que elegiste vivir ahí para poder apreciar el mural :),VRichardsen,argentina,2,2021-03-08 09:12:44,t1_gq7191j,t3_lzxcef,comment
gq7g9q3,Es y no es,matupunk,argentina,11,2021-03-08 10:16:36,t1_gq68nhn,t3_lzxcef,comment
gq8j9lh,Si.,JudioErrante1,argentina,1,2021-03-08 15:13:02,t1_gq68nhn,t3_lzxcef,comment
gq5mz2u,Y si están cerca... 😏,WeaknessFar7287,argentina,26,2021-03-07 21:04:48,t1_gq5lghi,t3_lzxcef,comment
gq5oijy,"""A ver""",[deleted],argentina,27,2021-03-07 21:18:44,t1_gq5lghi,t3_lzxcef,comment
gs0svuy,Me encanta este comentario,julia7435,argentina,1,2021-03-24 03:40:40,t1_gq5lghi,t3_lzxcef,comment
gq7l45i,"vivo a la vuelta, me subo, llevo 1 mas",Matthews40,argentina,4,2021-03-08 11:02:22,t1_gq75c9j,t3_lzxcef,comment
gq7i1ci,De una,Basatalio,argentina,2,2021-03-08 10:34:11,t1_gq75c9j,t3_lzxcef,comment
gq8krxr,Quién no viviría ahí solo para apreciar el mural del Diegote?!?!,[deleted],argentina,2,2021-03-08 15:23:43,t1_gq7apo2,t3_lzxcef,comment
gq5pac1,Aber,smcarre,argentina,33,2021-03-07 21:25:48,t1_gq5oijy,t3_lzxcef,comment
gq7jwt9,Filmen el cuartetazo,brazonegro,argentina,3,2021-03-08 10:51:41,t1_gq7i1ci,t3_lzxcef,comment
gq5tmao,Haver,Patito_22,argentina,20,2021-03-07 22:06:05,t1_gq5pac1,t3_lzxcef,comment
gq5uucc,Javier,rojocapo73,argentina,41,2021-03-07 22:17:31,t1_gq5tmao,t3_lzxcef,comment
gq6i7ea,Que yo qué?,jakeojavo,argentina,20,2021-03-08 02:03:54,t1_gq5uucc,t3_lzxcef,comment
gq997cq,"adios pibe bart...

bueno era algo parecido",Erwin2147,argentina,244,2021-03-08 18:19:45,t3_m0p7fa,t3_m0p7fa,comment
gq9c5rd,Hold on for a sec wachin... Ese del jinetes del horóscopo chino  es posta argentino o solo para el meme?,PerpetualDistortion,argentina,150,2021-03-08 18:41:42,t3_m0p7fa,t3_m0p7fa,comment
gq9dptr,"""tiro, lio, sos inimputable!""",plansprintrelease,argentina,45,2021-03-08 18:53:32,t3_m0p7fa,t3_m0p7fa,comment
gq9e517,[deleted],[deleted],argentina,116,2021-03-08 18:56:43,t3_m0p7fa,t3_m0p7fa,comment
gq9ucd9,"En goleadores (un anime parecido a super campeones pero con jugadores adultos), decian que los argentinos aprendiamos a jugar al futbol antes de aprender a caminar.",chabri2000,argentina,37,2021-03-08 21:13:03,t3_m0p7fa,t3_m0p7fa,comment
gq97j0q,¡Cocha golda!,Fab_Manzana,argentina,66,2021-03-08 18:07:30,t3_m0p7fa,t3_m0p7fa,comment
gq9unkx,"No sé si cuenta, pero Nick Riviera, el médico chanta de los Simpson, en el doblaje de España habla con acento argentino.",technociclos,argentina,30,2021-03-08 21:15:52,t3_m0p7fa,t3_m0p7fa,comment
gq9tmta,"Ah, dato de color; la nueva Carmen San Diego es Argentina",B-Al,argentina,25,2021-03-08 21:06:41,t3_m0p7fa,t3_m0p7fa,comment
gqa2fmb,"Me gustaria una serie de Hijitus post-apocaliptico donde Oaki es un villano terrateniente que mata peronistas e Hijitus trata de detenerlo.

Aunque mas que villano seria un heroe.",pappo4ever,argentina,14,2021-03-08 22:26:36,t3_m0p7fa,t3_m0p7fa,comment
gqacgck,"Una vuelta les digo a los homies del WoW que soy de Argentina y me tiran un ""oh yeah, south Mexico"".",nemezote,argentina,10,2021-03-08 23:58:22,t3_m0p7fa,t3_m0p7fa,comment
gq971v1,Yoga era argentino?,sputnikbum,argentina,24,2021-03-08 18:03:58,t3_m0p7fa,t3_m0p7fa,comment
gq9loqt,Obviamente el nuestro es el más cercano a la verdad,Yearlaren,argentina,9,2021-03-08 19:57:10,t3_m0p7fa,t3_m0p7fa,comment
gqaz99d,"Y AHORA TENEMOS [OPERADOR DE RAINBOW SIX SIEGE ARGENTINO](https://www.ubisoft.com/en-us/game/rainbow-six/siege/game-info/operators/flores), CHICOS!",passerby-,argentina,6,2021-03-09 04:17:06,t3_m0p7fa,t3_m0p7fa,comment
gqbg3ee,"Madre luchona: mi bendi e' un buen pibe.

La bendi:",WinUEisded,argentina,6,2021-03-09 08:43:58,t3_m0p7fa,t3_m0p7fa,comment
gq9t2yp,[deleted],[deleted],argentina,15,2021-03-08 21:01:46,t3_m0p7fa,t3_m0p7fa,comment
gq9he2r,Pensé que sólo Daidalos (la versión del manga) era argentino,EricWeichhart,argentina,4,2021-03-08 19:21:58,t3_m0p7fa,t3_m0p7fa,comment
gqa9an6,OAKY !!! estos son dibujitos y faltan PUCHO y LARGUIRUCHO!!!,gastonmdq,argentina,6,2021-03-08 23:29:21,t3_m0p7fa,t3_m0p7fa,comment
gqapavs,Turro desde el chupete,Picoton,argentina,4,2021-03-09 02:06:33,t3_m0p7fa,t3_m0p7fa,comment
gqbffub,Hay que bajar la edad de imputabilidad urgente.,sujetonoidentificado,argentina,5,2021-03-09 08:34:52,t3_m0p7fa,t3_m0p7fa,comment
gq9y3nu,Oaki faro moral de la nacion,veeectorm2,argentina,3,2021-03-08 21:47:04,t3_m0p7fa,t3_m0p7fa,comment
gqa3tip,Cosha gollldaa,luciopaolucci75,argentina,3,2021-03-08 22:39:18,t3_m0p7fa,t3_m0p7fa,comment
gq9dkmp,Parece que tuviera tetas el bebe,twisteer94,argentina,14,2021-03-08 18:52:26,t3_m0p7fa,t3_m0p7fa,comment
gq9zbv0,"Como olvidar que en Baki está el Che Guevara como el ""Tercer hombre más fuerte de todos""",juli0000,argentina,3,2021-03-08 21:58:22,t3_m0p7fa,t3_m0p7fa,comment
gqa092g,"Ay qué tierno, es Espert",[deleted],argentina,3,2021-03-08 22:06:43,t3_m0p7fa,t3_m0p7fa,comment
gqalvk8,I’m loving this meme going all over every countries subreddits,OuchieMyPwussy,argentina,3,2021-03-09 01:29:18,t3_m0p7fa,t3_m0p7fa,comment
gqae8da,"Un Caballero del Zodiaco argentino, ¿qué?",[deleted],argentina,2,2021-03-09 00:14:50,t3_m0p7fa,t3_m0p7fa,comment
gqaln5o,Alguna vez bailaron tango?,Gwynbbleid,argentina,2,2021-03-09 01:26:54,t3_m0p7fa,t3_m0p7fa,comment
gqb4eic,And there I was thinking y’all were just a bunch of Nazis,[deleted],argentina,2,2021-03-09 05:37:07,t3_m0p7fa,t3_m0p7fa,comment
gqcoin2,Lompo el alma *pum pum*,Enough-Elderberry511,argentina,1,2021-03-09 14:37:17,t3_m0p7fa,t3_m0p7fa,comment
gqcxdwg,Oaki como potencial votante del Kirchnerismo,[deleted],argentina,1,2021-03-09 15:45:08,t3_m0p7fa,t3_m0p7fa,comment
gqdjbo5,"hoy a la mañana estaba viendo un capítulo de Los Simpsons donde Lisa se hacía amiga de una nena supuestamente argentina (la misma nena dice serlo), de derecha extrema y cuando Lisa se entera de eso la empieza a ver como una enemiga/mala persona XD",TheJoxxter,argentina,1,2021-03-09 18:28:22,t3_m0p7fa,t3_m0p7fa,comment
gq9q7d9,*lease con un horroroso acento pseudo italiano que no tiene absolutamente nada que ver con el acento argentino*,Blackened17,argentina,122,2021-03-08 20:36:41,t1_gq997cq,t3_m0p7fa,comment
gqc0l37,Que capitulo era ese ?,comopezenelagua,argentina,2,2021-03-09 12:00:34,t1_gq997cq,t3_m0p7fa,comment
gq9dfvf,Es posta. Pero no fue muy importante.,Wachitanga,argentina,110,2021-03-08 18:51:24,t1_gq9c5rd,t3_m0p7fa,comment
gq9qlkk,Nunca me ví ~~jinetes del horóscopo chino~~ Caballeros del zodiaco. Ta bueno?,Dassarion,argentina,34,2021-03-08 20:40:10,t1_gq9c5rd,t3_m0p7fa,comment
gqbckwl,https://saintseiya.fandom.com/es/wiki/Daidalos_de_Cepheus,[deleted],argentina,3,2021-03-09 07:51:59,t1_gq9c5rd,t3_m0p7fa,comment
gq9i4lk,Mexicanos del sur,Kaiba-Booi,argentina,85,2021-03-08 19:27:51,t1_gq9e517,t3_m0p7fa,comment
gq9nniy,"Hay cortos de Disney de los 40 de goofy siendo gaucho que explica bien lo que es la pampa, el asado y los mares, así que masomenos tienen una idea, al menos algunos de ellos.",MXM_SZ,argentina,53,2021-03-08 20:14:13,t1_gq9e517,t3_m0p7fa,comment
gq9qdhv,Qué van a saber si para los yanquis el mundo empieza en New York y termina en California,Blackened17,argentina,15,2021-03-08 20:38:13,t1_gq9e517,t3_m0p7fa,comment
gqe5te9,"Mirá, yo doy clases de español a yankees fundamentalmente y, la verdad, te sorprendería el nivel cultural de la mayor parte de ellos. Me hablan acerca de que una gran cantidad de la gente es ""poco curiosa"" (en sus propios términos) y, verdaderamente, no les importa mucho nada que no sean ellos mismos. Sin embargo, esa gente pertenece a la clase trabajadora (para que nos entendamos, sin título universitario) y que hay diferencias extremadamente perceptibles entre estos últimos y la gente que tiene estudios superiores. Literalmente, de dos mundos distintos. Todos los alumnos que he tenido han sido gente inteligente, muy culta y con intereses que ni a palos te imaginás; gente que conoce a La Mona, que te preguntan acerca de folkloristas reconocidos, que tienen una mínima idea de historia argentina y latinoamericana... como te digo, no todo yankee es el típico imbécil, inculto y *pseudoredneck* que tenemos como estereotipo del estadounidense.",O_lenik,argentina,3,2021-03-09 21:32:39,t1_gq9e517,t3_m0p7fa,comment
gqa0oo8,"Confirmo, yo era la pelota cuando estaba en la panza",BadMint16_20,argentina,47,2021-03-08 22:10:42,t1_gq9ucd9,t3_m0p7fa,comment
gqalgqi,En hungry hearths (lo mismo) mencionan a Maradona y lo tienen bien arriba.,kingveller,argentina,8,2021-03-09 01:25:05,t1_gq9ucd9,t3_m0p7fa,comment
gqaaaw4,Fat pussy,Tumamafat,argentina,14,2021-03-08 23:38:31,t1_gq97j0q,t3_m0p7fa,comment
gqamj37,Cual de todos?,kingveller,argentina,8,2021-03-09 01:36:06,t1_gq9unkx,t3_m0p7fa,comment
gqcmz34,"Yo lo vi y nisiquiera pensaron en contratar a un argentino para hacerlo. Da cringe cuando en una de esas suelta un ""tío""",Enough-Elderberry511,argentina,2,2021-03-09 14:26:02,t1_gq9unkx,t3_m0p7fa,comment
gq9w10y,"TIL

https://carmensandiego.fandom.com/wiki/Carmen_Sandiego_(2019_character)",Yearlaren,argentina,17,2021-03-08 21:28:11,t1_gq9tmta,t3_m0p7fa,comment
gqa0e8i,Hora de comprar el set del pyro en tf2,BadMint16_20,argentina,12,2021-03-08 22:08:02,t1_gq9tmta,t3_m0p7fa,comment
gqaxhsd,Descubrieron a Cristina jajaj,AshRavenEyes,argentina,12,2021-03-09 03:51:32,t1_gq9tmta,t3_m0p7fa,comment
gqcznki,"""Sorry, I dont speak school shooting""",EMFCK,argentina,3,2021-03-09 16:02:34,t1_gqacgck,t3_m0p7fa,comment
gqcobdi,Stupid gringos,Enough-Elderberry511,argentina,3,2021-03-09 14:35:46,t1_gqacgck,t3_m0p7fa,comment
gq98c0e,"Es Albiore; si, es argentino

PD: *argentina is white confirmed /s*",LazyTechnology,argentina,65,2021-03-08 18:13:23,t1_gq971v1,t3_m0p7fa,comment
gq97h9q,"No es Hyuga (era USSR), pero no puedo dicer quien és, tambien, no sé.",[deleted],argentina,10,2021-03-08 18:07:09,t1_gq971v1,t3_m0p7fa,comment
gqbhqbf,Que es gay.,Montykoro,argentina,3,2021-03-09 09:05:04,t1_gqaz99d,t3_m0p7fa,comment
gqa06xu,Hasta nos hicieron un anime,BadMint16_20,argentina,7,2021-03-08 22:06:12,t1_gq9t2yp,t3_m0p7fa,comment
gq9t4qg,"Como ""el bebé""? Es Oaky, mirá que Lopez Rega no perdona dos veces!",BroBrodin,argentina,39,2021-03-08 21:02:11,t1_gq9dkmp,t3_m0p7fa,comment
gq9hhzl,me representa mas!,dfc007,argentina,9,2021-03-08 19:22:51,t1_gq9dkmp,t3_m0p7fa,comment
gq9kf3o,Veo lo mismo.,[deleted],argentina,4,2021-03-08 19:46:32,t1_gq9dkmp,t3_m0p7fa,comment
gqa0y1f,Lo dibujaron bastante raro,BadMint16_20,argentina,4,2021-03-08 22:13:06,t1_gq9zbv0,t3_m0p7fa,comment
gqaxg1k,Mira q tenian cosas para representar argentina....onda...lo tenes a monson...y elegis al che.....nani the fuck japon....,AshRavenEyes,argentina,4,2021-03-09 03:50:50,t1_gq9zbv0,t3_m0p7fa,comment
gqa5vu5,[Related](https://twitter.com/jlespert/status/1298452291956232194?lang=es),[deleted],argentina,3,2021-03-08 22:58:08,t1_gqa092g,t3_m0p7fa,comment
gqd0v2q,Y Aldebaran de Tauro es brazuca.,EMFCK,argentina,1,2021-03-09 16:11:44,t1_gqae8da,t3_m0p7fa,comment
gqbrvr8,Si,luchopistolas,argentina,1,2021-03-09 10:51:05,t1_gqaln5o,t3_m0p7fa,comment
gqb5dx4,Sorta,agachateyconocelos,argentina,2,2021-03-09 05:53:28,t1_gqb4eic,t3_m0p7fa,comment
gq9rlw7,"Ni existe el acento argentino. Salís de CABA/GBA y el acento cambia. Vas a Córdoba y nada que ver. Vas a cualquier otra provincia, misma historia el acento no coincide con ningún otro.",Shemsu_Hor_9,argentina,114,2021-03-08 20:48:55,t1_gq9q7d9,t3_m0p7fa,comment
gq9f5sb,"Si ni siquiera existe en el manga, fue un invento del anime para vender muñequitos, aunque se te arma tremendo quilombo cuando llegas a la saga de Hades....",[deleted],argentina,66,2021-03-08 19:04:33,t1_gq9dfvf,t3_m0p7fa,comment
gqahxt8,"igual se le re paraba de manos a los caballeros dorados, tremendos huevos",germanxger,argentina,8,2021-03-09 00:49:45,t1_gq9dfvf,t3_m0p7fa,comment
gqaobal,"Igual al parecer era re fuerte, según he visto el tipo  era tan poderoso como un caballero de oro",Danloke,argentina,4,2021-03-09 01:55:32,t1_gq9dfvf,t3_m0p7fa,comment
gq9tgo7,"Bastante. Incluso con sus inconsistencias es de lo mejor que vas a encontrar de los 90'. Hacenos un favor a todos y mirá hasta la saga de las 12 casas, después si seguís estas bajo tu propio riesgo.",GoblinFarmer,argentina,26,2021-03-08 21:05:10,t1_gq9qlkk,t3_m0p7fa,comment
gqbm519,"Si le sacas el drama, te quedan episodios de 4:28 min.",filosofo_i,argentina,5,2021-03-09 09:55:25,t1_gq9qlkk,t3_m0p7fa,comment
gqa90l9,En mi opinion es mi anime favorito. Mas que dragon ball asi que.....algo interesante tiene que estar para que llegue a ese lugar,[deleted],argentina,5,2021-03-08 23:26:50,t1_gq9qlkk,t3_m0p7fa,comment
gqavwjr,"No, una reverenda cagada, no te perdiste de nada, lo digo en serio",Chechar51,argentina,4,2021-03-09 03:28:59,t1_gq9qlkk,t3_m0p7fa,comment
gq9svox,Meat mexico,Izikiel23,argentina,31,2021-03-08 21:00:02,t1_gq9i4lk,t3_m0p7fa,comment
gq9oawk,"Era la época de grandeza Argentina, o sea, antes de Perón.",onniro,argentina,68,2021-03-08 20:19:52,t1_gq9nniy,t3_m0p7fa,comment
gq9smzp,"Eso es de cuando Argentina era un país, ahora somos injunables",B-Al,argentina,28,2021-03-08 20:57:55,t1_gq9nniy,t3_m0p7fa,comment
gqe6kg0,o sea que si le hablo a un universitario norteamericano es probable que sepa algo de nosotros más allá de messi? nice,[deleted],argentina,3,2021-03-09 21:39:15,t1_gqe5te9,t3_m0p7fa,comment
gqcmswx,A oliver no lo salvó la virgen de guadalupe sino la virgen de luján,Enough-Elderberry511,argentina,6,2021-03-09 14:24:47,t1_gqa0oo8,t3_m0p7fa,comment
gqc0pmj,El que dice hola a todo el mundo y todos le responden hola dr nick,httptom,argentina,4,2021-03-09 12:01:28,t1_gqamj37,t3_m0p7fa,comment
gqcdmez,[El que todos los hispanohablantes hacen cuando nos imitan](https://www.youtube.com/watch?v=z_GClgj-Xv8),technociclos,argentina,4,2021-03-09 13:25:26,t1_gqamj37,t3_m0p7fa,comment
gq9dcyx,"The correct sentence would be ""argentians are white except for Rosarians and Santsfesinians"" /S",sputnikbum,argentina,27,2021-03-08 18:50:47,t1_gq98c0e,t3_m0p7fa,comment
gq98h6t,"Albiore de Cefeo, el maestro de Shun, lo mata Milo de Escorpio con ayuda de Afrodita de Piscis (si, 2 santos de oros para matar a un santo de plata)

Y luego de ese comentario nerd me retiro en silencio a aumentar mi cosmos",Erudain,argentina,72,2021-03-08 18:14:25,t1_gq97h9q,t3_m0p7fa,comment
gq97rdj,"Tenés razón pensé que era el caballero cisne pero dsp me acordé que ése no usaba cadenas...

Edit: Momento!! Es el maestro de Yoga! Interesante ,🤔",sputnikbum,argentina,3,2021-03-08 18:09:12,t1_gq97h9q,t3_m0p7fa,comment
gq9rzkf,"Salir ... de ... CABA ...?  No, no entiendo.",Ld_Khyron,argentina,197,2021-03-08 20:52:11,t1_gq9rlw7,t3_m0p7fa,comment
gq9s5hv,">Salís de CABA

Pero afuera de CABA ya no es Argentina",Blackened17,argentina,108,2021-03-08 20:53:38,t1_gq9rlw7,t3_m0p7fa,comment
gq9uvhq,"Igual con esa lógica no existe ningún acento. Esta el acento de New York, el acento de Luisiana, el acento de Roman, el acento de Florencia, etc.",Deathsroke,argentina,29,2021-03-08 21:17:52,t1_gq9rlw7,t3_m0p7fa,comment
gqbld3i,"No sé, he conocido gente de Chubut que habían vivido ahí toda su vida y el acento era indistinguible del porteño. Supongo que es más por región que otra cosa (onda, el acento cordobés es casi único de Córdoba, Misiones-Corrientes tienen esa mezcla con portugués/guaraní, etc.)",MartinSeptimLives,argentina,3,2021-03-09 09:47:02,t1_gq9rlw7,t3_m0p7fa,comment
gqcefx9,"No nos ponemos de acuerdo ni en como hablar, mirá si nos vamos a poner de acuerdo en como votar",EvilDead91,argentina,2,2021-03-09 13:30:19,t1_gq9rlw7,t3_m0p7fa,comment
gq9i76q,"Existe, pero se llama Daidalos y no albiore. Ambas versiones son argentinos.  El que no existe en el manga es el maestro cristal de Hyoga.",voldur12,argentina,99,2021-03-08 19:28:26,t1_gq9f5sb,t3_m0p7fa,comment
gq9kyuw,"El de la foto es Albiore de Cefeo, del anime.

Pero el del manga, Daidalos de Cefeo (morocho) también es argento.",El_Pibe_Bart,argentina,25,2021-03-08 19:51:07,t1_gq9f5sb,t3_m0p7fa,comment
gqahkb5,"Ud no me puede menospreciar la saga de Asgard. Prueba cabal de que se puede ""hacer relleno"" de calidad. Ud. Se tiene que arrepentir de lo que dijo",Erudain,argentina,11,2021-03-09 00:46:09,t1_gq9tgo7,t3_m0p7fa,comment
gqa34d3,"No seas malo, la saga de hades es impresionante tmb",putifarrix,argentina,9,2021-03-08 22:32:50,t1_gq9tgo7,t3_m0p7fa,comment
gqai3xh,aclarale que no se mire por ningun motivo la garcha monumental que es la adaptacion de netflix en 3D,germanxger,argentina,4,2021-03-09 00:51:24,t1_gq9tgo7,t3_m0p7fa,comment
gq9u9e2,"Uh, y donde la puedo piratear",DefaultNameN1,argentina,1,2021-03-08 21:12:17,t1_gq9tgo7,t3_m0p7fa,comment
gqbo6bu,"Decís eso, pero Evita es una figura muy famosa y conocida. Gracias a la película y el musical muchas gente sabe que Argentina \= México",souse03,argentina,16,2021-03-09 10:16:24,t1_gq9oawk,t3_m0p7fa,comment
gqe81qx,"Sí, la verdad que sí y yo también me sorprendí bastante. Obvio que conocen muchas cosas gracias al fútbol: la mayoría de mis alumnos (me especializo en gente que quiere venir al país) me comentan que se interesaron en Argentina por medio del fútbol (deporte que está creciendo muchísimo en popularidad allá) y que después se pusieron a investigar acerca de otras cosas y terminaron decidiendo venir a visitar o, incluso, mudarse acá (manteniendo trabajo en dólares, obvio). Así que sí, en mi experiencia son unos maestros.",O_lenik,argentina,2,2021-03-09 21:52:17,t1_gqe6kg0,t3_m0p7fa,comment
gq9pnjh,Los monos want to know your location,[deleted],argentina,15,2021-03-08 20:31:49,t1_gq9dcyx,t3_m0p7fa,comment
gq9kq40,where tucumano,[deleted],argentina,17,2021-03-08 19:49:05,t1_gq9dcyx,t3_m0p7fa,comment
gq9x1yw,_Confused Correntinian noises_,Ich_bin_du88,argentina,6,2021-03-08 21:37:34,t1_gq9dcyx,t3_m0p7fa,comment
gqamfrp,"Well some Italians se cruzaron con los moros, the same paso con los españoles, debido a que estos conquistaron mucho territorio europeo y se terminaron cruazando entre si, asi que no te extrañe ver a un pibe/a de color negro en una familia blanca. Yo por ejemplo soy blanco, pero mi hermano mayor es negro, lo mismo le ocurrio a mi primo que es negro y su hermana blanca, mi vieja era mas tostadita que negra tho. Eso si, tienen caras mas europeas. Tambien hay cruza con arabes, mi amigo es mas arabe que Aladino.

Y si, soy mas Rosarino que Bulldog (ah re que seguro nadie reconoce la banda) y el Fito.",kingveller,argentina,2,2021-03-09 01:35:08,t1_gq9dcyx,t3_m0p7fa,comment
gq9a4zs,[deleted],[deleted],argentina,27,2021-03-08 18:26:37,t1_gq98h6t,t3_m0p7fa,comment
gq9fwye,This guy *saint seiyas*,leomonster,argentina,10,2021-03-08 19:10:23,t1_gq98h6t,t3_m0p7fa,comment
gq9d4p1,https://www.youtube.com/watch?v=_o-5x_fFRdc,Kosme-ARG,argentina,3,2021-03-08 18:49:01,t1_gq98h6t,t3_m0p7fa,comment
gqbm8gq,jalar tu cosmos?,filosofo_i,argentina,2,2021-03-09 09:56:26,t1_gq98h6t,t3_m0p7fa,comment
gqcz12f,"> (si, 2 santos de oros para matar a un santo de plata)

Y, viendo que los 5 de bronce llegan a nivel de poder de los dioses, no queda tan raro que algunos de plata sean regrosos. En la saga de Hades introducen a Orpheo de Lira que tambien dicen era groso como un caballero de Oro.",EMFCK,argentina,1,2021-03-09 15:57:49,t1_gq98h6t,t3_m0p7fa,comment
gq9kkrv,"> me acordé que ése no usaba cadenas...

Afuera de la habitación",Picolete,argentina,3,2021-03-08 19:47:51,t1_gq97rdj,t3_m0p7fa,comment
gqcyekq,">  Es el maestro de Yoga

Tampoco. El maestro de Hyoga era Cristal en el anime, y directamente Camus en el manga. El de la foto de OP es el maestro de Shun, otro invento del anime.",EMFCK,argentina,1,2021-03-09 15:53:09,t1_gq97rdj,t3_m0p7fa,comment
gq9up6h,Solo anda a la parte fea del caba,Dark_Reaper115,argentina,61,2021-03-08 21:16:16,t1_gq9rzkf,t3_m0p7fa,comment
gqa45hb,Creo que quiso decir salir de arg?,Kahlimdoor,argentina,43,2021-03-08 22:42:18,t1_gq9rzkf,t3_m0p7fa,comment
gqcek9e,Pero si después de CABA está Chile,EvilDead91,argentina,4,2021-03-09 13:31:05,t1_gq9rzkf,t3_m0p7fa,comment
gqc1fpc,Argentina'nt,ChicoDeLasEmpanadas,argentina,3,2021-03-09 12:06:25,t1_gq9rzkf,t3_m0p7fa,comment
gq9sfbj,Aren'tgentina,PinManGa,argentina,79,2021-03-08 20:56:02,t1_gq9s5hv,t3_m0p7fa,comment
gq9sb9c,"Eh, CABA es un mix de otros latinoamericanos y locales. Tampoco es Argentina, si vamos al caso.",Shemsu_Hor_9,argentina,27,2021-03-08 20:55:03,t1_gq9s5hv,t3_m0p7fa,comment
gq9x1mv,r/unitariansdidnothingwrong,NinjaAlf,argentina,8,2021-03-08 21:37:29,t1_gq9s5hv,t3_m0p7fa,comment
gqdxkba,"Yo digo que argentina esta encerrada en la general paz, el rio de la plata, y rivadavia.",[deleted],argentina,2,2021-03-09 20:20:41,t1_gq9s5hv,t3_m0p7fa,comment
gq9wlk2,"de hecho, acabas de decir que existen miles de acentos :P",[deleted],argentina,13,2021-03-08 21:33:22,t1_gq9uvhq,t3_m0p7fa,comment
gq9jihn,Cierto me confundí con Cristal mala mia,[deleted],argentina,23,2021-03-08 19:38:58,t1_gq9i76q,t3_m0p7fa,comment
gqa71mz,"che pero no encuentro que sea argentino en la wiki, la vi muy de pibe no me acuerdo un pomo la verdad",lukini26,argentina,3,2021-03-08 23:08:56,t1_gq9i76q,t3_m0p7fa,comment
gqbeen8,Hyoga no existía? Toda mi infancia es una mentira ahora...,FullMetalJ,argentina,2,2021-03-09 08:19:39,t1_gq9i76q,t3_m0p7fa,comment
gqa2kzm,¿Con ese nombre es argentino? Debería llamarse Braian Bacigaluppi o algo así.,golpedeserpiente,argentina,17,2021-03-08 22:27:57,t1_gq9kyuw,t3_m0p7fa,comment
gqbg5rs,"Ey calmese un poco buen hombre, que a mi tmb me gustó pero al fandom ya no se. Aguante el caballero amatista locooooooo!!!",GoblinFarmer,argentina,3,2021-03-09 08:44:52,t1_gqahkb5,t3_m0p7fa,comment
gqa4kio,Vale la pena ver la del norte y la de poseidon solo por ver despues la de hades creo,Kaiba-Booi,argentina,4,2021-03-08 22:46:02,t1_gqa34d3,t3_m0p7fa,comment
gq9uo5x,[e](http://foro.unionfansub.com/showthread.php?tid=1514)sta en unionfansub,procolHarumLaSecuela,argentina,5,2021-03-08 21:16:01,t1_gq9u9e2,t3_m0p7fa,comment
gq9umap,Mmm creo que está en animeflv para verla,GoblinFarmer,argentina,1,2021-03-08 21:15:32,t1_gq9u9e2,t3_m0p7fa,comment
gqe8lme,"qué grandes, pensar que somos unos cuantos acá que queremos rajar (por razones obvias) y hay gente en países del primer mundo que quieren venirse a vivir, increíble",[deleted],argentina,3,2021-03-09 21:57:10,t1_gqe81qx,t3_m0p7fa,comment
gq9zzsu,"If tucumano good, why morocho?",BadMint16_20,argentina,14,2021-03-08 22:04:24,t1_gq9kq40,t3_m0p7fa,comment
gqco42w,Aah con razón mi ex es negro y el hermano blanco,Enough-Elderberry511,argentina,2,2021-03-09 14:34:17,t1_gqamfrp,t3_m0p7fa,comment
gq9e6py,Y cual es la nacionalidad de Daidalos?,vectorpropio,argentina,15,2021-03-08 18:57:04,t1_gq9a4zs,t3_m0p7fa,comment
gq9vzx5,Aren'tina?,itsashebitch,argentina,39,2021-03-08 21:27:55,t1_gq9sfbj,t3_m0p7fa,comment
gq9t92d,Plot twist: Argentina no existe,gustaf49,argentina,76,2021-03-08 21:03:17,t1_gq9sb9c,t3_m0p7fa,comment
gq9sv2e,">otros latinoamericanos

Si pero esos no cuentan",Blackened17,argentina,30,2021-03-08 20:59:53,t1_gq9sb9c,t3_m0p7fa,comment
gqa20ht,"Argentina es un mix de europeos y locales, tampoco es argentina, si vamos al caso.",[deleted],argentina,15,2021-03-08 22:22:47,t1_gq9sb9c,t3_m0p7fa,comment
gqa4hni,"Para mí uno de los ""what if"" más interesantes de la historia argentina fue qué hubiera pasado si no hubieran boleado el caballo de José María Paz.",VRichardsen,argentina,24,2021-03-08 22:45:18,t1_gq9x1mv,t3_m0p7fa,comment
gq9xzw4,"Ese es mi punto. El argumento del flaco no era ""acento de pais no existe"", era el tipico circlejerk de ""ARGENTINA= BAD"". 

""Bla bla bla, no hay acento argentino, bla bla bla vos con un jujeño no tenes nada en común, bla bla bla la identidad nacional es una mentira"" etc. Es un discurso super repetitivo en el sub.",Deathsroke,argentina,25,2021-03-08 21:46:07,t1_gq9wlk2,t3_m0p7fa,comment
gqahbno,"En los tomos oficiales de Shueisha (y adaptaciones locales como fue la de Ivrea) al final de cada arco principal venían unas últimas páginas del tomo con una especie de ""ficha tecnica"" de cada santo. Decían el nombre, edad, país de origen, grupo sanguíneo, etc.",Erudain,argentina,14,2021-03-09 00:43:51,t1_gqa71mz,t3_m0p7fa,comment
gqbjlk4,[removed],[deleted],argentina,7,2021-03-09 09:27:20,t1_gqbeen8,t3_m0p7fa,comment
gqa4viy,"Hay un español llamado Shura, es obvio que a Kurumada le chupaba un huevo que tuviesen sentido los nombres con respecto a sus países.",GalaxyNeir,argentina,10,2021-03-08 22:48:53,t1_gqa2kzm,t3_m0p7fa,comment
gqal69r,"No ameo, era el Kevin, pero se iso cheto se fue del varrio y no volbio ma', se re olvido de las juntadas ese trolo.",kingveller,argentina,5,2021-03-09 01:22:09,t1_gqa2kzm,t3_m0p7fa,comment
gqarlcp,"No hace falta ver la del norte, que es anime only por cierto.",JohnnyFriendzone,argentina,3,2021-03-09 02:33:16,t1_gqa4kio,t3_m0p7fa,comment
gqal6nm,"tucumano filthy foot, friend of the gorra, save yourself, cat",[deleted],argentina,8,2021-03-09 01:22:15,t1_gq9zzsu,t3_m0p7fa,comment
gq9ektc,También argentino.,messiah666rc,argentina,20,2021-03-08 19:00:02,t1_gq9e6py,t3_m0p7fa,comment
gqa9yot,Orangina?,MoCapBartender,argentina,13,2021-03-08 23:35:24,t1_gq9vzx5,t3_m0p7fa,comment
gqakql6,Ain'tina,kingveller,argentina,10,2021-03-09 01:17:39,t1_gq9vzx5,t3_m0p7fa,comment
gqbu93w,También son los padres!?,akgnia,argentina,4,2021-03-09 11:11:46,t1_gq9t92d,t3_m0p7fa,comment
gqbm91d,"Argentina es un mix de Bolivianos y locales, tampoco es Argentina, si vamos al caso",alan_chavez1,argentina,14,2021-03-09 09:56:37,t1_gqa20ht,t3_m0p7fa,comment
gqa6abl,"casi nada que ver pero........

CABRAAAAAAAAAAAAAAAAAAAAAL SOLDADO HEROIIICOOO",lukini26,argentina,14,2021-03-08 23:01:51,t1_gqa4hni,t3_m0p7fa,comment
gqewdjx,"Otro, que hubiese pasado, si Napoleón se hubiese sentado en su garcha en vez de ir a meter preso a Fernando VII.",Difficult-Treat-2429,argentina,1,2021-03-10 01:40:25,t1_gqa4hni,t3_m0p7fa,comment
gqa0g4v,"mmm el tema es que lo re banco. Y te re banco a vos diciendo que hay miles de acentos, jaja re gata flora.

Y re pasa, podes saber mas o menos de donde es un cordobés por si dice culeado, culia, culeao, etc, y es totalmente distinta a la tonada 'pajuerana', que es mas o menos consistente en toda la pampa humeda, es muy distinto al porteño y no se asemeja a el acento de bahia blanca (ponele). Por eso te banco lo de que hay mil acentos.

Y como pasa eso, el acento del país no existe (y ahi lo banco a el). Incluso la mayoria de los porteños no se dan cuenta que tienen acento (algunos pocos llegan a decirte 'habla bien').

La identidad nacional existe por otras cosas (la forma de putear, +100 años teniendo los políticos que tenemos, la identidad creada por el plan de educacion de sarmiento, actores, musicos, deportes, gastronomia, etc), pero el acento no es necesariamente una de ellas.  


Edit: No es mi anecdota, pero tenia una amiga que laburo para teleperformance con alguna empresa yankee (creo que AT&T o Nextel, no recuerdo), y a pesar de que tenia el first con nota re alta, le dieron un curso de acentos de los distintos estados de USA, y que una palabra la podes decir si es de X lugar pero no la podes decir si el cliente es de Z lugar. Eso no quita que exista una cultura nacional (la de invadir otros paises por ej va de este a oeste :P)",[deleted],argentina,12,2021-03-08 22:08:31,t1_gq9xzw4,t3_m0p7fa,comment
gqa7m9d,">El argumento del flaco no era ""acento de pais no existe"", era el tipico circlejerk de ""ARGENTINA= BAD"".

Eh, no. Para nada, si acaso el país tiene virtudes de sobra, pero enterradas bajo la mugre de la política o de las idioteces que hacen algunos pelotudos for export.

>""Bla bla bla, no hay acento argentino, bla bla bla vos con un jujeño no  tenes nada en común, bla bla bla la identidad nacional es una mentira""

Identidad nacional hay, por lo menos hay cosas que a lo ancho y a lo largo del país podés mencionar y todos están de acuerdo que es algo propio.

Pero definitivamente no los acentos. Son demasiados diferentes de una región a otra.",Shemsu_Hor_9,argentina,6,2021-03-08 23:14:08,t1_gq9xzw4,t3_m0p7fa,comment
gqbjum1,"Ahh, gracias por la explicación!",FullMetalJ,argentina,2,2021-03-09 09:30:12,t1_gqbjlk4,t3_m0p7fa,comment
gqbroc8,Inentendible para que lo inventaron. Le saca todo el drama a la pelea d las 12 casas con camus,voldur12,argentina,1,2021-03-09 10:49:18,t1_gqbjlk4,t3_m0p7fa,comment
gqbnjir,"Cómo olvidar ese momento cuando te enteras que hay fillers en los animes para estirar la serie y te das cuenta todos los capítulos innecesarios que viste de pibe jaja.

Yu gi oh tiene por lejos el peor filler Arc metido en el medio de la trama, la mayoría de la series suelen al menos ponerlos entre tramas separadas",souse03,argentina,4,2021-03-09 10:10:05,t1_gqarlcp,t3_m0p7fa,comment
gq9hy26,[deleted],[deleted],argentina,14,2021-03-08 19:26:24,t1_gq9ektc,t3_m0p7fa,comment
gqamq0g,Orangutina,daryo1990,argentina,15,2021-03-09 01:38:10,t1_gqa9yot,t3_m0p7fa,comment
gqevnqp,"Argentina es un mix de Paraguayos y locales, tampoco es Argentina, si vamos al caso",Difficult-Treat-2429,argentina,1,2021-03-10 01:32:37,t1_gqbm91d,t3_m0p7fa,comment
gqa6nhy,♪ *Cubriéndose de gloria* ♫,VRichardsen,argentina,9,2021-03-08 23:05:18,t1_gqa6abl,t3_m0p7fa,comment
gqa3r3d,"Si claro. Low acentos ""de pais"" no existen. Cualquier tipo de ""neutro"" es nomás agarrar el acento del area mas cosmopolita y decir que es el ""estándar""",Deathsroke,argentina,4,2021-03-08 22:38:42,t1_gqa0g4v,t3_m0p7fa,comment
gqznwk6,"Si decis eso, claramente no viste Naruto o DBZ (de grande)",JohnnyFriendzone,argentina,2,2021-03-15 04:18:12,t1_gqbnjir,t3_m0p7fa,comment
gq9ir9b,De hecho mata a Mila de Soja con ayuda de Línea de Merca de un cabezazo pero si ~~ves bien el video~~ lees bien el manga se ve que le pega con la mano.,BroBrodin,argentina,34,2021-03-08 19:32:54,t1_gq9hy26,t3_m0p7fa,comment
gsrttnl,Yo ahora hace poco termine de ver Naruto y la verdad que fue insoportable el relleno. Habré visto 2 sagas de relleno y después ya me lo iba salteando.,tvcoprxd,argentina,1,2021-03-30 02:45:00,t1_gqznwk6,t3_m0p7fa,comment
gq9oilp,Finally a comment worthy of my free award.,onniro,argentina,13,2021-03-08 20:21:45,t1_gq9ir9b,t3_m0p7fa,comment
gsuuwdt,Yo lo vi con una lista de fillers que saltear de entrada.,JohnnyFriendzone,argentina,2,2021-03-30 20:22:24,t1_gsrttnl,t3_m0p7fa,comment
gqpk7hl,Sports fans when their team wins*,xXJorgeteleche4Xx,argentina,333,2021-03-12 14:18:45,t3_m3m8do,t3_m3m8do,comment
gqpnao6,Gane o pierda boca el que siempre termina perdiendo es ese McDonald's.,R4Z0Rfer,argentina,265,2021-03-12 14:41:39,t3_m3m8do,t3_m3m8do,comment
gqpp7ot,"Los hinchas cuando:

1. Su equipo pierde.

2. Su equipo gana.

3. Fallece un ídolo.

4. Su rival gana.

5. Su rival pierde.

6. Ganan las elecciones los dirigentes que le pagan para que alienten.

7. Pierden las elecciones los dirigentes que le pagan para que alienten.

8. Que vuelva el fútbol con tribunas locales con gente.

9. Que vuelva el fútbol con tribunas visitantes con gente.

Y siguen las firmas...",[deleted],argentina,140,2021-03-12 14:55:56,t3_m3m8do,t3_m3m8do,comment
gqplzqp,Causo tanto revuelo ese evento que hasta me parece que cortan la estación carlos Pellegrini en cada final jajaj,ElPibeDe_LentesRojos,argentina,34,2021-03-12 14:31:56,t3_m3m8do,t3_m3m8do,comment
gqpl6zi,*December 12th intensifies*,[deleted],argentina,36,2021-03-12 14:26:02,t3_m3m8do,t3_m3m8do,comment
gqpmlb8,Prohiban el futbol que causa mas violencia que los videojuegos,Reiner99,argentina,54,2021-03-12 14:36:22,t3_m3m8do,t3_m3m8do,comment
gqpwjel,[deleted],[deleted],argentina,27,2021-03-12 15:50:41,t3_m3m8do,t3_m3m8do,comment
gqqk2v5,"Me pregunto si éste será uno de los inmuebles *más* cotizados de la Argentina, por su ubicación, o uno de los inmuebles *menos* cotizados de la Argentina, por su eterno sello de destrucción.",DasArchitect,argentina,8,2021-03-12 18:55:21,t3_m3m8do,t3_m3m8do,comment
gqqyl02,"el macdonalds ese se debe quedar donde esta nada mas porque ya es meme hacerlo mierda sin importar lo que pase, el negocio que trae la publicidad gratis debe cubrir todos los costos de reparacion",CrashParade,argentina,6,2021-03-12 21:04:30,t3_m3m8do,t3_m3m8do,comment
gqqkjzf,Return to boke,Lemon_Girl,argentina,9,2021-03-12 18:59:16,t3_m3m8do,t3_m3m8do,comment
gqqu1bk,Nose si viene al caso pero tengo que decirlo... Vivimos en un país de boomers,Dex2310,argentina,4,2021-03-12 20:22:25,t3_m3m8do,t3_m3m8do,comment
gqr14bi,Rompiendo el mcdonald's como tiene que ser,JGaute,argentina,5,2021-03-12 21:28:31,t3_m3m8do,t3_m3m8do,comment
gqpmth2,Era mas gráfico ver el gallinero ardiendo.,RRDD80,argentina,15,2021-03-12 14:38:05,t3_m3m8do,t3_m3m8do,comment
gqqbsdk,BOKE,Blackened17,argentina,3,2021-03-12 17:48:56,t3_m3m8do,t3_m3m8do,comment
gqqgadt,McClausurado por reparaciones,Alekid109,argentina,3,2021-03-12 18:24:28,t3_m3m8do,t3_m3m8do,comment
gqqw7hv,"Me hace acordar al hincha de boca que adelantó el propio kilombo que iban a armar

[Acá el video](https://www.youtube.com/watch?v=Vz5WbCVda2o)",TheCarpincho,argentina,3,2021-03-12 20:42:29,t3_m3m8do,t3_m3m8do,comment
gqrb8lb,"si nos hicieran violentos los videojuegos, las sedes de EA, ativicion/blizzard, ubisoft y konami estarian bajo constante ataque terrorista.",elemock,argentina,3,2021-03-12 23:06:49,t3_m3m8do,t3_m3m8do,comment
gqqb946,Nada importa salvo bokita,IronicJeremyIrons,argentina,5,2021-03-12 17:44:45,t3_m3m8do,t3_m3m8do,comment
gqpvi9h,El TRU siempre pierde.,juancn,argentina,2,2021-03-12 15:42:53,t3_m3m8do,t3_m3m8do,comment
gqq988w,Facts,SolidSnakexf,argentina,2,2021-03-12 17:28:45,t3_m3m8do,t3_m3m8do,comment
gqsls9f,"Violence is inherent to the human being, and especially to the amount of steroids that regulate our endocrine system in such a way that excess provokes irrational anger that, if not positively channeled within the moral limits of human actions, cause these estropelines. In other words ""make love not war"" or sport but love is better.. ;-)",rikyvarela90,argentina,2,2021-03-13 09:48:38,t3_m3m8do,t3_m3m8do,comment
gqqf9hg,"xq esta en inglés che, es un meme de bokita",L-Freeze,argentina,4,2021-03-12 18:16:12,t3_m3m8do,t3_m3m8do,comment
gqqcfxg,Eso es una imagen  del Resident Evil Nemesis,FaustoD,argentina,1,2021-03-12 17:54:00,t3_m3m8do,t3_m3m8do,comment
gqrbfcf,Sports fans when their team se va a la B,MaximoCozzetti_,argentina,1,2021-03-12 23:08:39,t3_m3m8do,t3_m3m8do,comment
gqpns04,OJala rompieran el mc donalds por lo tan mala que son sus hamburguesas,[deleted],argentina,-5,2021-03-12 14:45:15,t3_m3m8do,t3_m3m8do,comment
gqr1pks,“ ARGENTINIAN sports fans” when their team loses.,fito_pin,argentina,0,2021-03-12 21:34:07,t3_m3m8do,t3_m3m8do,comment
gqq0yxe,Gracias por contarnos que sabes ingles rey,MrMars05,argentina,-17,2021-03-12 16:24:34,t3_m3m8do,t3_m3m8do,comment
gqpvuu0,"¿Alguien se acuerda cuando fue la última vez? Había una cuenta de Twitter, pero no sé si manejaban un contador.",crnimjesec,argentina,1,2021-03-12 15:45:29,t3_m3m8do,t3_m3m8do,comment
gqq8tn3,The table/wall/keyboard/controller of some gamers also doesn’t look to well lol,[deleted],argentina,1,2021-03-12 17:25:34,t3_m3m8do,t3_m3m8do,comment
gqrhkr3,Cuantos comentarios de argentinos hermosos,Porrita74,argentina,1,2021-03-13 00:08:32,t3_m3m8do,t3_m3m8do,comment
gqs4fvg,"Muy bueno, me da cringe que la mayoría de los memes sean solo política, necesitamos más momos así └( ＾ω＾)」",whilneville,argentina,1,2021-03-13 04:54:59,t3_m3m8do,t3_m3m8do,comment
gqsmidq,Te aseguro que triples no van a pedir...,[deleted],argentina,1,2021-03-13 09:58:21,t3_m3m8do,t3_m3m8do,comment
gqsrclv,boca sho te amo,[deleted],argentina,1,2021-03-13 10:56:15,t3_m3m8do,t3_m3m8do,comment
gqsris1,*Boca sho te amo*,[deleted],argentina,1,2021-03-13 10:58:09,t3_m3m8do,t3_m3m8do,comment
gqxqq7v,"ahre que rompen el mc cuando ganan, cuando meten gol, cuando cumple años el club etc etc",AgusFloyd,argentina,1,2021-03-14 17:10:34,t3_m3m8do,t3_m3m8do,comment
gqpktk3,Sports fans*,RunTheCryptos,argentina,220,2021-03-12 14:23:18,t1_gqpk7hl,t3_m3m8do,comment
gqqmm8h,Sports fans after their team plays*,[deleted],argentina,18,2021-03-12 19:16:49,t1_gqpk7hl,t3_m3m8do,comment
gqprf86,Su aseguradora también.,Bazz07,argentina,113,2021-03-12 15:12:25,t1_gqpnao6,t3_m3m8do,comment
gqqg1jm,"Imagina que McDonald's tiene sucursales en paises en conflicto pero nunca se imagino que un grupo de fanaticos causaran tantos estragos. Fanaticos de un deporte, no de una ideologia politica o religiosa.",WeaknessFar7287,argentina,81,2021-03-12 18:22:30,t1_gqpnao6,t3_m3m8do,comment
gqqew7b,"Aunque ganes o pierdas

No me importa una mierda


Vua romper el mc'do


Boca de mi corazón",James_Land,argentina,17,2021-03-12 18:13:14,t1_gqpnao6,t3_m3m8do,comment
gqrq3qd,"no entiendo con la guita que maneja McDonald's como no contratan seguridad privada, yo lo convertiria en un bunker inexpugnable, nidos de ametralladora, de todo, al primer boke que asome la nariz queda como un colador... ahh si fuera el CEO de Coca Cola las cosas que haria!! East India Company y la United Fruit Corporation, un poroto... el ejercito privado de Coca Cola seria epico, con la guita que manejan... cuanta maldad podria desatar con la guita de Elon Musk a mi disposicion... uy creo que me acabe encima pensando en esas MG42",musk_charlatan,argentina,1,2021-03-13 01:37:09,t1_gqpnao6,t3_m3m8do,comment
gqsn5u1,Es lo único seguro de toda la Argentina,ElHombreDelBosque,argentina,1,2021-03-13 10:06:40,t1_gqpnao6,t3_m3m8do,comment
gqpr6tz,10 . Cuando no hay futbol,BadMint16_20,argentina,85,2021-03-12 15:10:40,t1_gqpp7ot,t3_m3m8do,comment
gqqe6bu,Aniversario del club.,JAM_JRZ,argentina,12,2021-03-12 18:07:27,t1_gqpp7ot,t3_m3m8do,comment
gqqg6qf,12. Cuando la estrella del equipo se va... o vuelve.,WeaknessFar7287,argentina,12,2021-03-12 18:23:39,t1_gqpp7ot,t3_m3m8do,comment
gqpvc6v,tengo entendido que ese McDonalds cambio toda la fachada despues de eso para evitar que se le sigan subiendo,Caltroop2480,argentina,29,2021-03-12 15:41:37,t1_gqplzqp,t3_m3m8do,comment
gqqe3pn,"Hay que hacer un registro de propietarios de Playstation. Si solo compraron el PES,/FIFA, que se active una alarma de potencial violento",[deleted],argentina,19,2021-03-12 18:06:52,t1_gqpmlb8,t3_m3m8do,comment
gqq6yj9,[deleted],[deleted],argentina,25,2021-03-12 17:10:59,t1_gqpmlb8,t3_m3m8do,comment
gqqgdai,"> nunca le hice un uppercut a nadie 

Ni siqueira para ver si salia el tipo que aparecia abajo de la pantalla que decia ""toasty""?",BizarrePork98,argentina,18,2021-03-12 18:25:08,t1_gqpwjel,t3_m3m8do,comment
gqqnydi,Primero viene Boca y después pagar impuestos paaa,[deleted],argentina,5,2021-03-12 19:28:24,t1_gqqb946,t3_m3m8do,comment
gqqpdou,es inspiración de otro meme. Es un metameme,_alimaq,argentina,6,2021-03-12 19:40:49,t1_gqqf9hg,t3_m3m8do,comment
gqpvey1,*se ríe en un cotización en bolsa de 168 mil millones de dólares*,marcos_marp,argentina,13,2021-03-12 15:42:11,t1_gqpns04,t3_m3m8do,comment
gqpopoz,"Es una franquicia, por eso nadie invierte en Argentina.",[deleted],argentina,12,2021-03-12 14:52:15,t1_gqpns04,t3_m3m8do,comment
gqq184e,Reina*,_alimaq,argentina,14,2021-03-12 16:26:32,t1_gqq0yxe,t3_m3m8do,comment
gqr4naq,Había una cuenta que era “ElMcDonaldsDelObelisco” y siempre se ponía a rezar cuando boca jugaba algún partido importante,ShittyThoughts_,argentina,6,2021-03-12 22:02:22,t1_gqpvuu0,t3_m3m8do,comment
gqqn0er,"Yeah, but those people have anger issues or built up stress, it's a different case from that of sports where it's premeditated",[deleted],argentina,5,2021-03-12 19:20:12,t1_gqq8tn3,t3_m3m8do,comment
gqpqtqt,Fans*,Bazz07,argentina,102,2021-03-12 15:07:58,t1_gqpktk3,t3_m3m8do,comment
gqrhhu1,Argentinos 👏🏻👏🏻👏🏻👏🏻👏🏻 cansados del éxito,Porrita74,argentina,6,2021-03-13 00:07:44,t1_gqqmm8h,t3_m3m8do,comment
gqrm3mj,"Noe quiero imaginar lo que debe ser la.prima de ese McDonald's. Los seguros casi nunca pierden, y a la larga siempre ganan",9erflr,argentina,16,2021-03-13 00:54:06,t1_gqprf86,t3_m3m8do,comment
gqsngt9,Como una vez escuche... MC Donald no es una franquicia de comidas... Es una agencia de Bienes raíces.,[deleted],argentina,9,2021-03-13 10:10:28,t1_gqprf86,t3_m3m8do,comment
gqqgut1,Eque madonal e una empresa capitalista. Dicho por un hincha de boca en una entrevista.,R4Z0Rfer,argentina,48,2021-03-12 18:29:01,t1_gqqg1jm,t3_m3m8do,comment
gqqyvud,"y bueno, metamos sucursales de las barras en zonas en conflicto, cuando se vuelvan el problema mas grande de tal o cual pais los terroristas y las fuerzas armadas se unen para bajarlos a tiros y terminan todos amigos",CrashParade,argentina,9,2021-03-12 21:07:21,t1_gqqg1jm,t3_m3m8do,comment
gqrcce6,"""Fanaticos de un deporte, no de una ideologia politica o religiosa.""

_management wants you to find the difference_",fakuivan,argentina,10,2021-03-12 23:17:40,t1_gqqg1jm,t3_m3m8do,comment
gqpvb8b,12. En el aniversario del club,onniro,argentina,63,2021-03-12 15:41:25,t1_gqpr6tz,t3_m3m8do,comment
gqpwvvs,11. Cuando hay futbol,sorude27,argentina,46,2021-03-12 15:53:14,t1_gqpr6tz,t3_m3m8do,comment
gqqg8b9,13.*,WeaknessFar7287,argentina,5,2021-03-12 18:24:00,t1_gqqg6qf,t3_m3m8do,comment
gqqgwe1,Espera que sigan teniendo que tomar medidas así hasta que en 10 años los días de final sean onda la pelea final de la segunda del Señor de los Anillos.,4deCopas,argentina,16,2021-03-12 18:29:23,t1_gqpvc6v,t3_m3m8do,comment
gqqjsmj,"[Efectivamente le sacaron la marquesina](https://www.google.com/maps/@-34.6036282,-58.3808797,3a,75y,148.32h,92.05t/data=!3m7!1e1!3m5!1s5mZwGrshwmhBrnJ34-VE_A!2e0!6shttps:%2F%2Fstreetviewpixels-pa.googleapis.com%2Fv1%2Fthumbnail%3Fpanoid%3D5mZwGrshwmhBrnJ34-VE_A%26cb_client%3Dmaps_sv.tactile.gps%26w%3D203%26h%3D100%26yaw%3D26.61876%26pitch%3D0%26thumbfov%3D100!7i16384!8i8192), aparentemente en alrededores de [Abril de 2014](https://www.google.com/maps/@-34.6036327,-58.3808654,3a,75y,148.32h,92.05t/data=!3m7!1e1!3m5!1s7ER_98WgGm2uHW3UeE2XBA!2e0!5s20140401T000000!7i13312!8i6656).",DasArchitect,argentina,7,2021-03-12 18:53:04,t1_gqpvc6v,t3_m3m8do,comment
gqqe1t5,me atrevo a decir que despues del golpe militar el futbol es lo peor que le paso a la argentina,lukini26,argentina,30,2021-03-12 18:06:27,t1_gqq6yj9,t3_m3m8do,comment
gqqi7qu,Prohibir una cosa sola ≠ Pasión,Reiner99,argentina,0,2021-03-12 18:40:09,t1_gqq6yj9,t3_m3m8do,comment
gqqgqcl,UNA MUJER **\*ruidos de mono agitandose\***,YoungPrideX,argentina,8,2021-03-12 18:28:02,t1_gqq184e,t3_m3m8do,comment
gqqvhst,Queen*,Axitas,argentina,1,2021-03-12 20:35:46,t1_gqq184e,t3_m3m8do,comment
gqqnber,That’s true. I can’t stand people who destroy other people’s stuff. Truely the scum of society. (Not talking about legitimate destruction crews of course:),[deleted],argentina,2,2021-03-12 19:22:52,t1_gqqn0er,t3_m3m8do,comment
gqpwirv,Bokita,basoura,argentina,115,2021-03-12 15:50:32,t1_gqpqtqt,t3_m3m8do,comment
gqpuc82,[removed],[deleted],argentina,16,2021-03-12 15:34:06,t1_gqpqtqt,t3_m3m8do,comment
gqsx4b2,Hay o había un documental muy copado en Netflix que explica bien eso.,Bazz07,argentina,3,2021-03-13 11:56:07,t1_gqsngt9,t3_m3m8do,comment
gqr50mf,"ese chabón fue un capo, al toque se avivó que si decía éso iba a hacer enojar y reír por igual, encima como de la nada se le ocurrió

hasta el día de hoy con éso solo da más risa que todos los influencers de humor  juntos",[deleted],argentina,14,2021-03-12 22:05:57,t1_gqqgut1,t3_m3m8do,comment
gqqh293,Y Patriarcal dirian las FemiNazis!,WeaknessFar7287,argentina,9,2021-03-12 18:30:42,t1_gqqgut1,t3_m3m8do,comment
gqqzrlo,This guy Lelouch's.,Deathsroke,argentina,8,2021-03-12 21:15:44,t1_gqqyvud,t3_m3m8do,comment
gqrbqte,el haberte saltado directo a la 12 lo hace mejor,[deleted],argentina,16,2021-03-12 23:11:46,t1_gqpvb8b,t3_m3m8do,comment
gqrmy68,12. La 12,DoiverDraccus,argentina,7,2021-03-13 01:03:04,t1_gqpvb8b,t3_m3m8do,comment
gqqgf76,13. Cuando no hay fulbo para todOs,YoungPrideX,argentina,23,2021-03-12 18:25:33,t1_gqpwvvs,t3_m3m8do,comment
gqqjj8m,[deleted],[deleted],argentina,12,2021-03-12 18:50:58,t1_gqqe1t5,t3_m3m8do,comment
gqqjut8,"El del 43, no?",DasArchitect,argentina,4,2021-03-12 18:53:33,t1_gqqe1t5,t3_m3m8do,comment
gqr4qgz,HOLA ME LLAMO JUAN,ShittyThoughts_,argentina,3,2021-03-12 22:03:13,t1_gqqgqcl,t3_m3m8do,comment
gqqngqq,Not without their permission you mean,[deleted],argentina,2,2021-03-12 19:24:10,t1_gqqnber,t3_m3m8do,comment
gqquqw3,Boki,Axitas,argentina,16,2021-03-12 20:28:53,t1_gqpwirv,t3_m3m8do,comment
gqsj920,I,laom20,argentina,2,2021-03-13 09:12:22,t1_gqpuc82,t3_m3m8do,comment
gqsxk7b,Ah sisi yo no lo vi pero hace años lo habia escuchado... O sea! Mc donalds gana con el sector inmobiliario pero no significa que el dueño de la franquicia numero blablabla ubicada en pipipi gane por lo inmobiliario... Cuando se habla de mc donalds no se habla del local si no de la cabeza de la firma,[deleted],argentina,3,2021-03-13 12:00:27,t1_gqsx4b2,t3_m3m8do,comment
gqr59vq,Jajaja la verdad si causa gracia el chabon,R4Z0Rfer,argentina,2,2021-03-12 22:08:26,t1_gqr50mf,t3_m3m8do,comment
gqqody1,_La M es una mujer abierta de piernas_ dirían,nrctkno,argentina,23,2021-03-12 19:32:09,t1_gqqh293,t3_m3m8do,comment
gqrrvfn,"Aja, y sinembargo la falopa esta prohibida, es así de choto el mundo",lukini26,argentina,1,2021-03-13 01:57:50,t1_gqqjj8m,t3_m3m8do,comment
gqrt6t5,"Lo deje a la libre interpretación de cada uno, cualquiera de los últimos 3 nos hicieron mierda",lukini26,argentina,2,2021-03-13 02:13:40,t1_gqqjut8,t3_m3m8do,comment
gqqnk9i,If I used that word my sentence would’ve indeed been a lot shorter haha,[deleted],argentina,2,2021-03-12 19:25:01,t1_gqqngqq,t3_m3m8do,comment
gqtl03b,Booo,scrambledeggs42,argentina,3,2021-03-13 15:29:17,t1_gqquqw3,t3_m3m8do,comment
gqqzpze,"M de ""machirulo"".",Deathsroke,argentina,14,2021-03-12 21:15:18,t1_gqqody1,t3_m3m8do,comment
gqr1uui,La M de arcos dorados le hace manspreading a Mostaza por llevar artículo femenino.,fito_pin,argentina,7,2021-03-12 21:35:32,t1_gqqody1,t3_m3m8do,comment
gqx08cm,POV: Decís que programar es lo mejor de la vida,Sirio8,argentina,473,2021-03-14 14:30:44,t3_m4z1o3,t3_m4z1o3,comment
gqxhfi0,POV: sacaste la ciudadanía italiana,[deleted],argentina,85,2021-03-14 16:15:25,t3_m4z1o3,t3_m4z1o3,comment
gqwzrq0,Hey guys !,Timoalfi123,argentina,345,2021-03-14 14:28:04,t3_m4z1o3,t3_m4z1o3,comment
gqxeu90,Hey guys! I'm from Canada. What does this say? No entiendo mucho.,pootisEagle,argentina,277,2021-03-14 15:59:17,t3_m4z1o3,t3_m4z1o3,comment
gqxmigx,"Pero luego aclaras que sos boliviano
*sad downvote sounds*",Admirable-Gain,argentina,119,2021-03-14 16:45:47,t3_m4z1o3,t3_m4z1o3,comment
gqx4ht5,[deleted],[deleted],argentina,210,2021-03-14 14:57:52,t3_m4z1o3,t3_m4z1o3,comment
gqx5ksj,"Vivi en Buenos Aires desde el 2006 hasta 2017, y si o si, casi todos que me pusieron Diego Yanqui.",GroovinWithAPict,argentina,51,2021-03-14 15:04:03,t3_m4z1o3,t3_m4z1o3,comment
gqxd3lw,[deleted],[deleted],argentina,91,2021-03-14 15:48:47,t3_m4z1o3,t3_m4z1o3,comment
gqxi2wc,POV: decis que odias tu país en cualquier sub de latam.,[deleted],argentina,84,2021-03-14 16:19:17,t3_m4z1o3,t3_m4z1o3,comment
gqxn92p,"Hello,Italian here,who wants citizenship?",[deleted],argentina,36,2021-03-14 16:50:07,t3_m4z1o3,t3_m4z1o3,comment
gqxmndx,POV: Decís que el trap es una mierda en r/argentina,Relojero,argentina,29,2021-03-14 16:46:36,t3_m4z1o3,t3_m4z1o3,comment
gqxy2l4,"Abraços do Brasil! 
*comendo a sopa de macaco*",[deleted],argentina,29,2021-03-14 17:57:15,t3_m4z1o3,t3_m4z1o3,comment
gqx5ozf,La esperanza de hacerse amigo y te saquen del país...,rodraghh,argentina,95,2021-03-14 15:04:42,t3_m4z1o3,t3_m4z1o3,comment
gqxyg4l,"Hey guys, I am the King of Wakanda, give me your credit card information and I'll give you 300K dollars back",NegroSidoso750,argentina,17,2021-03-14 17:59:26,t3_m4z1o3,t3_m4z1o3,comment
gqx7lxi,nO vEnGaS qUe Te VaS a MoRiRrRR!,LipsumX,argentina,74,2021-03-14 15:15:37,t3_m4z1o3,t3_m4z1o3,comment
gqx69f2,"Hello r/argentina, I'm Ramón from Paraguay!",SouthernElf,argentina,135,2021-03-14 15:07:52,t3_m4z1o3,t3_m4z1o3,comment
gqxzlsh,"Yo solía ser tranjero, eso me hace ser ex-tranjero?",hangfromthisone,argentina,12,2021-03-14 18:07:10,t3_m4z1o3,t3_m4z1o3,comment
gqwyj2z,Es cierto.,Revolutionary-Ad3085,argentina,11,2021-03-14 14:20:56,t3_m4z1o3,t3_m4z1o3,comment
gqx8os8,[removed],[deleted],argentina,11,2021-03-14 15:23:22,t3_m4z1o3,t3_m4z1o3,comment
gqxc3bt,[deleted],[deleted],argentina,34,2021-03-14 15:42:54,t3_m4z1o3,t3_m4z1o3,comment
gqyg6vy,"POV: Decís que sos uruguayo. 

Los argentinos en r/argentina:
- Que buenos son los uruguayos.
- Uruguay que país!
- Luis es tremendo presidente.",nonameuy,argentina,10,2021-03-14 20:10:19,t3_m4z1o3,t3_m4z1o3,comment
gqypgl6,"No es un tema del sub.  
Hay hasta youtubes de afuera que se dieron cuenta de que mucha gente de acá les empieza a dejar likes y comentarios por haberse filmado ""reaccionando a un tema de soda stereo"" y decir WOAOHH AMAZING !.

O cualquier extranjero que cae al grupo en una fiesta, o que entra a laburar es automáticamente el centro de atención con todo el mundo consultandole giladas.",ricardoruben,argentina,9,2021-03-14 21:36:48,t3_m4z1o3,t3_m4z1o3,comment
gqx9gfk,que es POV ? yo lo tengo relacionado al porno unicamente,YamDiscombobulated,argentina,32,2021-03-14 15:27:44,t3_m4z1o3,t3_m4z1o3,comment
gqxy3o4,"Buenas tardes, mexicano aquí, saludos pibes",[deleted],argentina,8,2021-03-14 17:57:25,t3_m4z1o3,t3_m4z1o3,comment
gqxuo1o,que rara forma de decir no latino,RkN-rOlL,argentina,8,2021-03-14 17:37:08,t3_m4z1o3,t3_m4z1o3,comment
gqxfmvp,"Tener ciudadanía europea y seguir viviendo en esta piedra de mierda me convierte en extranjero?

(Además de pelotudo, digo)",[deleted],argentina,19,2021-03-14 16:04:53,t3_m4z1o3,t3_m4z1o3,comment
gqy7rbs,Hola soy de Bolivia,canserelberobero,argentina,7,2021-03-14 19:01:00,t3_m4z1o3,t3_m4z1o3,comment
gqxsr9i,"No hay suficientes ""sAcAmE dE EsTe pAiS"" ni ""MaNdA dOlAreS"". 0/10",Deathsroke,argentina,11,2021-03-14 17:25:45,t3_m4z1o3,t3_m4z1o3,comment
gqy8ptp,"""Alguien de X lado del mundo reacciona a algo argentino""  
\*stonks",GeorgePilgrim,argentina,5,2021-03-14 19:07:58,t3_m4z1o3,t3_m4z1o3,comment
gr01hz5,[deleted],[deleted],argentina,4,2021-03-15 08:07:44,t3_m4z1o3,t3_m4z1o3,comment
gqxlq6z,Ja das ist richtig,Germanismyname,argentina,5,2021-03-14 16:41:08,t3_m4z1o3,t3_m4z1o3,comment
gqyb3hw,Soy mexicano,LeoKotov,argentina,3,2021-03-14 19:25:22,t3_m4z1o3,t3_m4z1o3,comment
gqxs9ly,"Como brasileño, me gusta :p",Dehast,argentina,3,2021-03-14 17:22:05,t3_m4z1o3,t3_m4z1o3,comment
gqy8a6r,Te van a banear xD,Blackened17,argentina,3,2021-03-14 19:04:26,t3_m4z1o3,t3_m4z1o3,comment
gqxg0z3,Los gordos tetones se entusiasman,[deleted],argentina,8,2021-03-14 16:07:08,t3_m4z1o3,t3_m4z1o3,comment
gqyy9pi,soy estadounidense upvotes to the left porfa,JiggleFisher,argentina,4,2021-03-14 23:02:06,t3_m4z1o3,t3_m4z1o3,comment
gqxfbv6,Saludos californianos,pixer12,argentina,2,2021-03-14 16:03:05,t3_m4z1o3,t3_m4z1o3,comment
gqxyc2t,Recomiendan migrar de México a Argentina? O ustedes creen que sería un retroceso?,[deleted],argentina,2,2021-03-14 17:58:46,t3_m4z1o3,t3_m4z1o3,comment
gqy0d32,Me voy del país,nec3dg,argentina,2,2021-03-14 18:11:34,t3_m4z1o3,t3_m4z1o3,comment
gqyyhlc,En la matanza son mayoría los extranjeros,Consistent-Walk3944,argentina,2,2021-03-14 23:04:16,t3_m4z1o3,t3_m4z1o3,comment
gqz4eh4,soy extranjero voy cada 6 meses a ver las boludeces de mis clientes y cobrarles 100 USD por hora que me hacen perder por que no leen la documentación de los productos...,satanic-surfer,argentina,2,2021-03-15 00:03:46,t3_m4z1o3,t3_m4z1o3,comment
gr0f6t0,"Soy de la Isla del Encanto mi gente, Puerto Rico,  Argentina espero pronto visitarlo me cuentan es hermoso",[deleted],argentina,2,2021-03-15 10:45:05,t3_m4z1o3,t3_m4z1o3,comment
gr0v7un,los awards de pobre le dan el toque nacional,manoffit,argentina,2,2021-03-15 12:53:45,t3_m4z1o3,t3_m4z1o3,comment
gr11glr,"\*Cualquier interacción social\*  
""Sos venezolana, verdad?""  
Todo el tiempo xd",[deleted],argentina,2,2021-03-15 13:39:54,t3_m4z1o3,t3_m4z1o3,comment
gqy6iv7,"E aí, pessoal! Saudações brasileiras! 😁",EduardoBX,argentina,1,2021-03-14 18:52:13,t3_m4z1o3,t3_m4z1o3,comment
gqyqytk,"Soy de Inglaterra, dame upvotes por favor",JuicyJalapeno77,argentina,1,2021-03-14 21:51:21,t3_m4z1o3,t3_m4z1o3,comment
gqyynih,"Soy Brasilero (brasileño), ayer el 13 de. Marzo cumplí 8 años aquí, pero en 3 meses me mudo a Brasil con mi esposa argentina.",Netossauro,argentina,1,2021-03-14 23:05:55,t3_m4z1o3,t3_m4z1o3,comment
gqyejjj,Y si!,[deleted],argentina,1,2021-03-14 19:55:21,t3_m4z1o3,t3_m4z1o3,comment
gqy71gn,cuando leí extranjera/o supe que el que  tipeó eso era un boludo,Low-Cat-4251,argentina,-2,2021-03-14 18:55:33,t3_m4z1o3,t3_m4z1o3,comment
gqysyqb,"Se dice ""eres"", no ""sos"".",[deleted],argentina,-6,2021-03-14 22:10:39,t3_m4z1o3,t3_m4z1o3,comment
gqxbsdl,¿El problema es..?,[deleted],argentina,-25,2021-03-14 15:41:08,t3_m4z1o3,t3_m4z1o3,comment
gqyuosi,Hola yo soy argentina de Santiago del Estero,Short_Chemical6222,argentina,-5,2021-03-14 22:27:18,t3_m4z1o3,t3_m4z1o3,comment
gqz0sun,"Como puede ser que un comentario extranjero farmee más karma que un comentario **nacional y popular**
 
~~Jorgito mira que López Rega no perdona dos veces...~~",facho_opresor45,argentina,1,2021-03-14 23:27:07,t3_m4z1o3,t3_m4z1o3,comment
gqzh5u9,This is the truth and nothing but the truth.,itsMeUseek,argentina,1,2021-03-15 02:34:49,t3_m4z1o3,t3_m4z1o3,comment
gr06k8m,Son todos pelados con anteojos.,JudioErrante1,argentina,1,2021-03-15 09:15:50,t3_m4z1o3,t3_m4z1o3,comment
gr0fz5r,Por que son todos pelados con barba?,[deleted],argentina,1,2021-03-15 10:52:08,t3_m4z1o3,t3_m4z1o3,comment
gqyhhb5,"[Esos malditos estudiantes de sociales, mira como aprendo con mi curso de Python de Udemy.](https://i.kym-cdn.com/entries/icons/original/000/023/946/lemon.jpg)",ayymadd,argentina,61,2021-03-14 20:22:14,t1_gqx08cm,t3_m4z1o3,comment
gqxo6zr,*flashbacks de la pendeja de 14 años que hacía dibujitos*,siendohonesto,argentina,201,2021-03-14 16:55:38,t1_gqwzrq0,t3_m4z1o3,comment
gqxg3u9,"Miren, un extranjero!",juani2929,argentina,51,2021-03-14 16:07:37,t1_gqwzrq0,t3_m4z1o3,comment
gqx12x0,Happy cake day!,Arirac,argentina,49,2021-03-14 14:36:30,t1_gqwzrq0,t3_m4z1o3,comment
gqxp890,Werariufron!!?,feraltraveler,argentina,1,2021-03-14 17:01:39,t1_gqwzrq0,t3_m4z1o3,comment
gqxxb8s,"You're from Agentina, Canada?",joshtwo,argentina,92,2021-03-14 17:52:47,t1_gqxeu90,t3_m4z1o3,comment
gqyxkpq,La calle canada en Tortuguitas,Gargamel611,argentina,22,2021-03-14 22:55:21,t1_gqxeu90,t3_m4z1o3,comment
gqxf2f5,"se dice ""mi no entender""",haegC,argentina,70,2021-03-14 16:01:13,t1_gqxeu90,t3_m4z1o3,comment
gqxs02u,POV: You say you're a foreigner in r/Argentina,piberancio,argentina,66,2021-03-14 17:19:47,t1_gqxeu90,t3_m4z1o3,comment
gr07ptg,"""I don't speak Aumento Fernandez"". I'm sorry man.",Anomaly020,argentina,5,2021-03-15 09:29:25,t1_gqxeu90,t3_m4z1o3,comment
gqyvc0a,"Say: Pele es peor que Maradona mano, kkkkkkkk",Kloyzzz,argentina,2,2021-03-14 22:33:30,t1_gqxeu90,t3_m4z1o3,comment
gqzbve3,"Lol, I'm actually from Montreal, Canada lol. I was born in Argentina but came here at a very young age. I fuck around in this sub to just to see what's up in Argentina.",[deleted],argentina,-5,2021-03-15 01:25:07,t1_gqxeu90,t3_m4z1o3,comment
gr09yz2,en canada estuviste gordo tranza,Efirion,argentina,1,2021-03-15 09:54:08,t1_gqxeu90,t3_m4z1o3,comment
gqy6iq4,is it pretty common that argentines dislike bolivians?,USBayernChelseaLCFC,argentina,24,2021-03-14 18:52:12,t1_gqxmigx,t3_m4z1o3,comment
gqxkyf3,En Twitter es incluso peor,YoungPrideX,argentina,23,2021-03-14 16:36:14,t1_gqx4ht5,t3_m4z1o3,comment
gqxavro,Te fuiste en el momento justo,gauchosubversivo,argentina,40,2021-03-14 15:35:54,t1_gqx5ksj,t3_m4z1o3,comment
gqzuu3y,Except Uruguay ?,notramus,argentina,4,2021-03-15 06:16:46,t1_gqxd3lw,t3_m4z1o3,comment
gqzzi1m,yo soy mitad ingles mitad español AMA,[deleted],argentina,-2,2021-03-15 07:36:34,t1_gqxd3lw,t3_m4z1o3,comment
gr11b12,"En Venezuela es normal xD  
\-odio mi país  
\-marico y quién no",[deleted],argentina,2,2021-03-15 13:38:44,t1_gqxi2wc,t3_m4z1o3,comment
gqy3uze,Hey tano dont play with our feelings now...,unclebiz02,argentina,27,2021-03-14 18:33:17,t1_gqxn92p,t3_m4z1o3,comment
gqxrxv2,i would suck ya dick,evasor_en_potencia,argentina,23,2021-03-14 17:19:15,t1_gqxn92p,t3_m4z1o3,comment
gqzk7iu,"Already have it bruh, now I just gotta pay for the passport and then theoretically I could leave whenever I want.",machinematrix,argentina,3,2021-03-15 03:20:06,t1_gqxn92p,t3_m4z1o3,comment
gsrsvjz,Eh tanito 😎👊,tvcoprxd,argentina,2,2021-03-30 02:31:46,t1_gqxn92p,t3_m4z1o3,comment
gqy3372,Es que lo es...,Kevinglas-HM,argentina,23,2021-03-14 18:27:25,t1_gqxmndx,t3_m4z1o3,comment
gqyp1lq,Uma delicia,gunofnuts,argentina,12,2021-03-14 21:32:48,t1_gqxy2l4,t3_m4z1o3,comment
gqxe396,cuando le das vacunas a tus amigos para que te hagan embajador y te  saquen del país,roberp81,argentina,31,2021-03-14 15:54:30,t1_gqx5ozf,t3_m4z1o3,comment
gqxdaf9,Alto fracasado,flaquirri,argentina,-39,2021-03-14 15:49:53,t1_gqx5ozf,t3_m4z1o3,comment
gqxf2ya,Pero quiero ver capibaras :(,MajespecterNekomata,argentina,23,2021-03-14 16:01:21,t1_gqx7lxi,t3_m4z1o3,comment
gqx8xr4,No funciona si sos latino,JonyAlexis,argentina,216,2021-03-14 15:24:49,t1_gqx69f2,t3_m4z1o3,comment
gqxaz33,[removed],[deleted],argentina,14,2021-03-14 15:36:25,t1_gqx69f2,t3_m4z1o3,comment
gqz78sw,si dejas de serlo podes ser un ex granjero,[deleted],argentina,8,2021-03-15 00:32:56,t1_gqx8os8,t3_m4z1o3,comment
gqxk5te,"I’m an American too, although I’ve been in Argentina for 12 years. Wish I had a peso for every time a I get the “pero porque vivis acá?!?” Usually followed by “Mi primo vive en Miami y le encanta”",BlueVBK,argentina,44,2021-03-14 16:31:36,t1_gqxc3bt,t3_m4z1o3,comment
gqxjdon,What the fuck is soyfacing?,OK6502,argentina,15,2021-03-14 16:27:00,t1_gqxc3bt,t3_m4z1o3,comment
gqxjsn5,"Seriously dude, why?",ElPayoKundsen,argentina,14,2021-03-14 16:29:27,t1_gqxc3bt,t3_m4z1o3,comment
gqy58dt,"Sooo...

Reddit no acepta ñ en los nombres, no la tenias en el teclado, o simplemente te pareció gracioso cien anos solitarios?",Drakonid,argentina,9,2021-03-14 18:43:02,t1_gqxc3bt,t3_m4z1o3,comment
gr18pbe,"somos tan irrelevantes que cualquiera que nos da bola le hacemos una fiesta

somos el pibe sin amigos pero en forma de pais",tux_pirata,argentina,1,2021-03-15 14:33:10,t1_gqypgl6,t3_m4z1o3,comment
gqxap5f,"Point of view (punto de vista). En este caso, te estás poniendo en el lugar de un extranjero y esto es lo que verías",Arirac,argentina,33,2021-03-14 15:34:51,t1_gqx9gfk,t3_m4z1o3,comment
gqxeasv,punto o vista,roberp81,argentina,17,2021-03-14 15:55:46,t1_gqx9gfk,t3_m4z1o3,comment
gqxbvce,Lo mismo que el porno... Point of view,CristolPalace,argentina,28,2021-03-14 15:41:37,t1_gqx9gfk,t3_m4z1o3,comment
gqxa2qh,Point Of View,siendohonesto,argentina,8,2021-03-14 15:31:16,t1_gqx9gfk,t3_m4z1o3,comment
gqxtxs6,"Es la misma lógica, ves en primera persona lo que ve el tipo del meme",Polenta_Con_Pajarito,argentina,3,2021-03-14 17:32:45,t1_gqx9gfk,t3_m4z1o3,comment
gqxl50w,Solo boludo y capaz un rediturro te quiera chamullar por matrimonio,Maxrokur,argentina,17,2021-03-14 16:37:20,t1_gqxfmvp,t3_m4z1o3,comment
gqxnnsb,Nono....pelotudo nomas....pero estamos todos en argentina igual asi que.....pelotudos somos todos,AshRavenEyes,argentina,6,2021-03-14 16:52:31,t1_gqxfmvp,t3_m4z1o3,comment
gqync62,"¡Saludos, vecino!",juan-lean,argentina,3,2021-03-14 21:16:49,t1_gqy7rbs,t3_m4z1o3,comment
gqynjli,\**no aplica si es latinoamericano*,juan-lean,argentina,3,2021-03-14 21:18:43,t1_gqy8ptp,t3_m4z1o3,comment
gr07ye0,"No se hablar danés pero sí inglés, sirve?",Arirac,argentina,1,2021-03-15 09:32:05,t1_gr01hz5,t3_m4z1o3,comment
gqyrn1i,"Hermano!

*Se saluda como cuando te encuentras a un mexa en un viaje. Siempre pinches pasa.",jesus360glez,argentina,2,2021-03-14 21:57:46,t1_gqyb3hw,t3_m4z1o3,comment
gqy1a2q,"Sería un gran retroceso, la economía no da para mas en Argentina",Bluesmanz,argentina,7,2021-03-14 18:16:52,t1_gqxyc2t,t3_m4z1o3,comment
gqy2ap0,"México por el momento, está mejor que Argentina económicamente hablando. 
Igual no se sabe cuando irá a cambiar la situación y tienen el tema de los narcos asique depende de vos pero no es tan mala opción, la verdad.",Faust_the_Faustinian,argentina,6,2021-03-14 18:22:48,t1_gqxyc2t,t3_m4z1o3,comment
gqy372a,"Depende, en q moneda cobrarías tu sueldo?",Kevinglas-HM,argentina,5,2021-03-14 18:28:03,t1_gqxyc2t,t3_m4z1o3,comment
gr0pfya,Saludos Puerto Rico!,Arirac,argentina,1,2021-03-15 12:11:32,t1_gr0f6t0,t3_m4z1o3,comment
gqytslp,Can you have a little conversation in English?,Arirac,argentina,2,2021-03-14 22:18:33,t1_gqyqytk,t3_m4z1o3,comment
gqytxvz,"Son idénticos. Varía en cada región. Al igual que ""Tu"" o ""vos""",Arirac,argentina,3,2021-03-14 22:19:58,t1_gqysyqb,t3_m4z1o3,comment
gqylln9,el clasico curso de udemi que estaba gratis por un dia xd,NihilisticCrow,argentina,29,2021-03-14 21:00:31,t1_gqyhhb5,t3_m4z1o3,comment
gqxyhtv,Momento turbina del sub,huici10,argentina,111,2021-03-14 17:59:43,t1_gqxo6zr,t3_m4z1o3,comment
gqy0z62,Algún anciano del sub que me cuente de ese episodio? Yo estoy acá hace poco,Gaudio590,argentina,35,2021-03-14 18:15:07,t1_gqxo6zr,t3_m4z1o3,comment
gqyk6vv,Se le subió la fama a la cabeza a le pibe (porque no sabe que quiere ser todavía) de vez en cuando me manda un mensaje,[deleted],argentina,7,2021-03-14 20:47:24,t1_gqxo6zr,t3_m4z1o3,comment
gr17qu1,alto cringe fue eso,tux_pirata,argentina,1,2021-03-15 14:26:11,t1_gqxo6zr,t3_m4z1o3,comment
gqxzn81,Agarrenlo!,noob_promedio,argentina,29,2021-03-14 18:07:25,t1_gqxg3u9,t3_m4z1o3,comment
gqy82vc,No dejen que se escape!!!,bread_with_dulce,argentina,20,2021-03-14 19:02:59,t1_gqxg3u9,t3_m4z1o3,comment
gqyoydo,Detras de ti! Imbecil,esplasmosico51,argentina,17,2021-03-14 21:31:58,t1_gqxg3u9,t3_m4z1o3,comment
gr0equm,"cerebros,cerebros, cerebros",i_stole_your_cookies,argentina,2,2021-03-15 10:41:02,t1_gqxg3u9,t3_m4z1o3,comment
gsrsjnr,JAJAJAJAJJA,tvcoprxd,argentina,1,2021-03-30 02:27:15,t1_gqyxkpq,t3_m4z1o3,comment
gqxtgeb,"""Mi espanol es no bueno""",Polenta_Con_Pajarito,argentina,64,2021-03-14 17:29:53,t1_gqxf2f5,t3_m4z1o3,comment
gqy88sq,Bastante,bread_with_dulce,argentina,38,2021-03-14 19:04:06,t1_gqy6iq4,t3_m4z1o3,comment
gqyllzr,"Sadly yes, and Peruvians and Paraguayans too.",juan-lean,argentina,13,2021-03-14 21:00:36,t1_gqy6iq4,t3_m4z1o3,comment
gqzzxhf,"Yes, because of the stererotype (even if it happens a lot) that they only come in droves to use our public services. Its the same with Paraguayans",Ikari_desde_la_cueva,argentina,4,2021-03-15 07:43:32,t1_gqy6iq4,t3_m4z1o3,comment
gr0bzq8,"only if those are from Buenos Aires or Santa Fe. skin stuff, you know.",getkozmo,argentina,1,2021-03-15 10:14:46,t1_gqy6iq4,t3_m4z1o3,comment
gqz4y3j,"Yeah. Xenophobia. Reminds me of how some Americans dislike Mexicans.

""In social and political reality, xenophobia manifests itself in accordance with the division of the world into one's own race, nation, ethnic group, and culture, and other races, nations, ethnic groups, and cultures. [...] Focus on an object is less relevant when one fears something, than when one hates. Hatred of what is strange or foreign, therefore, always calls for naming and objectification. Labeling is the first step towards constructing the object against which xenophobic hate can be directed."" For this reason, I say it is xenophobic to strongly dislike Bolivians and call them names. I have heard many (BUT NOT All-this is an important distinction) Argentinians do this in a non joking manner. I'd say some fear their presence in the country ("" they're stealing our jobs!"") more than hate it (which is still xenophobia). [Source](https://www.sciencedirect.com/topics/social-sciences/xenophobia).",UsernamesAreRuthless,argentina,-3,2021-03-15 00:09:12,t1_gqy6iq4,t3_m4z1o3,comment
gqytrmj,"Yes, we won't admit it but we think that european blood is ""superior""",YoVoteATicTac,argentina,-9,2021-03-14 22:18:18,t1_gqy6iq4,t3_m4z1o3,comment
gqyzj5z,"Sinceramente no sé dónde se mete la gente de Reddit para encontrar más mala onda en Twitter que acá mismo. (Sin ánimos de ofender eh) pero encuentro mucha más mala onda y bronca hacia el país acá que en twitter, capaz estoy en otro lado de la red del pajarito",TheMisterCool8,argentina,18,2021-03-14 23:14:43,t1_gqxkyf3,t3_m4z1o3,comment
gqxzgmd,Mal. En el 2018 se fue todo a la bosta y ahora ni hablar,Saave200,argentina,16,2021-03-14 18:06:21,t1_gqxavro,t3_m4z1o3,comment
gqya1d4,"trap? HAHA more like CRAP

updoot if you listen to REAL music like QUEEN",mati_as15,argentina,42,2021-03-14 19:16:47,t1_gqy3372,t3_m4z1o3,comment
gqxfjfd,"> capibaras

López Rega no perdona dos veces",juan-lean,argentina,50,2021-03-14 16:04:18,t1_gqxf2ya,t3_m4z1o3,comment
gqxab8r,ahhh sabia que no era tan facil,Watari97,argentina,65,2021-03-14 15:32:37,t1_gqx8xr4,t3_m4z1o3,comment
gqxdih3,Efecto inverso si sos de Peru-Bolivia-Paraguay.,[deleted],argentina,88,2021-03-14 15:51:09,t1_gqx8xr4,t3_m4z1o3,comment
gqxadbe,Can confirm,juan-lean,argentina,10,2021-03-14 15:32:57,t1_gqx8xr4,t3_m4z1o3,comment
gqxl2f4,Escupí todo el mate,YoungPrideX,argentina,2,2021-03-14 16:36:53,t1_gqxaz33,t3_m4z1o3,comment
gqxru47, pero porque vivis acá?!?,evasor_en_potencia,argentina,47,2021-03-14 17:18:21,t1_gqxk5te,t3_m4z1o3,comment
gqxt61a,">Wish I had a peso for every time a I get the “pero porque vivis acá?!?” 

Then you wouldn't have much anyway...",Deathsroke,argentina,39,2021-03-14 17:28:11,t1_gqxk5te,t3_m4z1o3,comment
gqy07nk,[deleted],[deleted],argentina,17,2021-03-14 18:10:42,t1_gqxk5te,t3_m4z1o3,comment
gqy1gyl,"To be fair, they say that for a very good reason.
I mean, why would you want to live in a country that is slowly turning into Venezuela's ugly cousin?. 
I just don't get it.",Faust_the_Faustinian,argentina,12,2021-03-14 18:18:00,t1_gqxk5te,t3_m4z1o3,comment
gqxm3tu,La caras que ponen en la imagen de soy boy + face + ing....,MonteSplashArg,argentina,14,2021-03-14 16:43:22,t1_gqxjdon,t3_m4z1o3,comment
gqxlgwl,"Because they get their money from their original country and likely likes the local culture, the same thing with expats living on Egypt, Nigeria, and Thailand.",Maxrokur,argentina,19,2021-03-14 16:39:38,t1_gqxjsn5,t3_m4z1o3,comment
gqy1u28,[deleted],[deleted],argentina,20,2021-03-14 18:20:07,t1_gqxjsn5,t3_m4z1o3,comment
gqy6kms,"Reddit no acepta letras que no son parte del alfabeto inglés, por eso /r/España no puede existir.",juan-lean,argentina,5,2021-03-14 18:52:40,t1_gqy58dt,t3_m4z1o3,comment
gqxsec9,"> punto o vista

sos un genio te amo nohomo.",[deleted],argentina,11,2021-03-14 17:23:12,t1_gqxeasv,t3_m4z1o3,comment
gr16lvk,"Sí, basta saber inglés para estar cómodo acá. El danés no es un idioma muy grande así que no tenemos la misma cultura de doblar y traducir contenido como en otros países, por lo que tenemos todos un nivel decente de inglés. Los inmigrantes que se quedan acá por muchos años o permanentemente sí que aprenden el danés, porque para trabajar es bastante útil. Solamente en ciertos sectores como la programación no hace falta saber danés para conseguir un puesto bien pagado, pero es necesario en muchos casos.",martyfenqu,argentina,1,2021-03-15 14:17:40,t1_gr07ye0,t3_m4z1o3,comment
gqz54qd,pinches pendejos chingados,roberp81,argentina,2,2021-03-15 00:11:04,t1_gqyrn1i,t3_m4z1o3,comment
gqyfqs2,[deleted],[deleted],argentina,5,2021-03-14 20:06:10,t1_gqy2ap0,t3_m4z1o3,comment
gr0nksa,I'm sure he can lol,makesmewannacuack,argentina,1,2021-03-15 11:56:50,t1_gqytslp,t3_m4z1o3,comment
gqyu1ka,"Ya sé. Era parte del chiste, lo arruinaste. :'(",[deleted],argentina,-6,2021-03-14 22:20:58,t1_gqytxvz,t3_m4z1o3,comment
gqyx61k,"Porque se meten a cursos asi? Lo raro es que hay y hay, muchos cursos gratuitos de Python y más de lenguajes de programación de forma totalmente gratuita y libre (cabe destacar, que en español y con ejercicios).
Ah y que loco, a mi tambien me gusta r/unixporn, puro unix aqui.",[deleted],argentina,5,2021-03-14 22:51:21,t1_gqylln9,t3_m4z1o3,comment
gqy6fj7,[deleted],[deleted],argentina,159,2021-03-14 18:51:27,t1_gqxyhtv,t3_m4z1o3,comment
gqy3n81,"Hola buenas tardes!
Hace un par de meses (creo que ya casi hace medio año) r/Argentina hizo su saludo a todos los demás Reddits de países. En eso una chica de Canadá nos respondió con un dibujo saludandonos.

El post de la chica recibió muchos upvotes, viendo nuestra cálida bienvenida siguió mandando posts de este estilo. En uno de ellos, decidió revelar su edad actual (menor de edad) y digamos que algunos miembros de esta comunidad hicieron comentarios muy poco apropiados al respecto.

En fin, no recuerdo muy bien cuál fue el desenlace de esta historia,  ahí es hasta donde se. Espero haberte ayudado!",[deleted],argentina,92,2021-03-14 18:31:26,t1_gqy0z62,t3_m4z1o3,comment
gqy3ky4,Una chica canadiense de 14 años hacía unos dibujitos de afecto y cariño al sub y al país,Arirac,argentina,30,2021-03-14 18:30:52,t1_gqy0z62,t3_m4z1o3,comment
gqyqb7t,"Mejor ignorale, no vaya a ser que después te comas un garrón de la gran flauta.",siendohonesto,argentina,6,2021-03-14 21:45:00,t1_gqyk6vv,t3_m4z1o3,comment
gqyn38i,UN FORASTERO,nokensmok,argentina,30,2021-03-14 21:14:30,t1_gqy82vc,t3_m4z1o3,comment
gqz9kj5,Que! Hora! Es!,LyingCuzIAmBored,argentina,12,2021-03-15 00:58:22,t1_gqxtgeb,t3_m4z1o3,comment
gqyre7l,Por qué?,jesus360glez,argentina,7,2021-03-14 21:55:27,t1_gqy88sq,t3_m4z1o3,comment
gqyx9a2,"Y yo no creo q sea por lo de la sangre europea. La mayoría de los que veo despreciar a los bolivianos/paraguayos es bajo la premisa de que vienen de a montones al país a aprovecharse de los servicios gratuitos, delinquir, muchos se hacen manteros, etc... 
Al menos eso noto...",bread_with_dulce,argentina,22,2021-03-14 22:52:14,t1_gqy88sq,t3_m4z1o3,comment
gqyvq1x,"Mayormente porteños, se putean con todo el mundo",Leather-Start-9932,argentina,7,2021-03-14 22:37:15,t1_gqy88sq,t3_m4z1o3,comment
gr180xf,not a stereotype if it happens a lot,tux_pirata,argentina,1,2021-03-15 14:28:13,t1_gqzzxhf,t3_m4z1o3,comment
gqzvvo6,"Que xenofobia? Vienen de a montones a usar los servicios de salud y educación, no tributan un carajo y toman tierras",Untorrrnado,argentina,7,2021-03-15 06:34:55,t1_gqz4y3j,t3_m4z1o3,comment
gr02f41,"Me da gracia que el resto también dicen lo mismo, pero porque usaste la palabra ""xenofobia"" te downvotean",ElvirGolin,argentina,2,2021-03-15 08:21:15,t1_gqz4y3j,t3_m4z1o3,comment
gqz4s1e,Speak for yourself,UsernamesAreRuthless,argentina,16,2021-03-15 00:07:32,t1_gqytrmj,t3_m4z1o3,comment
gqzvwja,Nada que ver,Untorrrnado,argentina,4,2021-03-15 06:35:20,t1_gqytrmj,t3_m4z1o3,comment
gqz0u95,"Twitter politico es una reverenda poronga al punto de que creen que hacen algo ""importante ""solo por inventar hashtags y seguir al gordo bufarra de Maslaton, en verdad los odio profundamente. Si estas en Twitter por cosas piolas quedate ahí, no toques la politica porque solo te va a envenenar más, encima esa red es de por sí toxica.",YoungPrideX,argentina,13,2021-03-14 23:27:30,t1_gqyzj5z,t3_m4z1o3,comment
gr0bqsb,"[Quizás twitter logró darte tu ""lugar seguro""](https://www.youtube.com/watch?v=sXQkXXBqj_U). Felicidades, que seas muy feliz.",getkozmo,argentina,2,2021-03-15 10:12:17,t1_gqyzj5z,t3_m4z1o3,comment
gqytbhk,"yeah, i only listen to INDIE BANDS like ARCTIC MONKEYS",Mast3r99,argentina,14,2021-03-14 22:14:03,t1_gqya1d4,t3_m4z1o3,comment
gqxfsyy,"Ah, perdón. 

\*Pero quiero ver *hydrochoerus hydrochaeris* :( (?)",MajespecterNekomata,argentina,33,2021-03-14 16:05:51,t1_gqxfjfd,t3_m4z1o3,comment
gqxdp2t,Exacto,JonyAlexis,argentina,19,2021-03-14 15:52:14,t1_gqxdih3,t3_m4z1o3,comment
gqxf3pd,[deleted],[deleted],argentina,12,2021-03-14 16:01:31,t1_gqxdih3,t3_m4z1o3,comment
gr09dqv,paraguay esta mejor que nosotros eh,evasor_en_potencia,argentina,1,2021-03-15 09:47:55,t1_gqxdih3,t3_m4z1o3,comment
gqy3o38,"Haha you get it. And to have the same conversation with every elevator stranger.
Good times.

On another note- Nice username! I’m actually reading 100 years of solitude right now. It’s a goodie.",BlueVBK,argentina,10,2021-03-14 18:31:39,t1_gqy07nk,t3_m4z1o3,comment
gqy0bi3,[deleted],[deleted],argentina,6,2021-03-14 18:11:19,t1_gqxm3tu,t3_m4z1o3,comment
gqxrqy6,but afip....,evasor_en_potencia,argentina,14,2021-03-14 17:17:36,t1_gqxlgwl,t3_m4z1o3,comment
gqy3bmn,Can I be your friend? Just pretend we are friends and slowly smuggle me into the U.S? Or maybe you have a friend mostlikely a girl thats shes feeling lonely and maybe... youknow hook me up? So i can get that precious greencard? Much love hope you dont see this as a joke im dyin ova here.,unclebiz02,argentina,4,2021-03-14 18:28:48,t1_gqy1u28,t3_m4z1o3,comment
gqy7f34,"Ok, i can understand about your partner and friends and working 7/8 hs a week sound great. But i see Argentina as a hostile place to live. 

I have been living in the U.S. For the last 6 months and i can't even imagine moving back to Argentina (my wife and I have Italian passport and we'd move there in some years when the visa be over).

I know, we are working 9 hours (like in Argentina) but we will able to save in two months what we saved in Argentina a whole year (even when I have a non-qualified-job bacause my English is still too shitty). 

I don't know, maybe if I could earn dollars in Argentina I'd change my mind, but at this moment I'm enjoying so much living here. Almost everything works as expected, people are respectful about laws and insecurity isn't an issue at all. Maybe people always want they don't have.",ElPayoKundsen,argentina,7,2021-03-14 18:58:23,t1_gqy1u28,t3_m4z1o3,comment
gr080wq,"I'll never understand why an American living in, let's say, Mexico, is called an expat, yet a Mexican living in the US is called an immigrant. It's one of those US centric things that reeks superiority, never heard a single American abroad calling himself an immigrant.

Edit: nothing personal, just an observation from many years living abroad.",[deleted],argentina,1,2021-03-15 09:32:52,t1_gqy1u28,t3_m4z1o3,comment
gr18fap,"I mean here you have cheaper rent, restaurants and some services, but everything else (clothes, cars, electronics) is easily twice the price than abroad",tux_pirata,argentina,1,2021-03-15 14:31:08,t1_gqy1u28,t3_m4z1o3,comment
gqyg135,"No, no, ya sé que varia del lugar. Tengo entendido que las zonas más al norte como Sinaloa son las más afectadas,  creo que en el centro y sur del país no están tan mal con el tema.",Faust_the_Faustinian,argentina,3,2021-03-14 20:08:49,t1_gqyfqs2,t3_m4z1o3,comment
gqz4uf3,"si hay, en 2016 cuando fui a puerto vallarta al dia siguiente fue que mataron como 50 policias jaja y habia control de narcos en la ruta",roberp81,argentina,1,2021-03-15 00:08:11,t1_gqyfqs2,t3_m4z1o3,comment
gqyukjj,Oh perdón 🥴,Arirac,argentina,1,2021-03-14 22:26:10,t1_gqyu1ka,t3_m4z1o3,comment
gqyyicu,[removed],[deleted],argentina,2,2021-03-14 23:04:29,t1_gqyx61k,t3_m4z1o3,comment
gqz8ire,Pasa data,awolf__,argentina,2,2021-03-15 00:46:36,t1_gqyx61k,t3_m4z1o3,comment
gr8gqbi,"Che tengo que aprender python y en udemy solo tengo el curso de automate the boring stuff, que es muy basico para lo que quiero hacer, pasame recomendaciones de cursos.",sammunfox,argentina,1,2021-03-17 10:30:24,t1_gqyx61k,t3_m4z1o3,comment
gqyhf5g,Pense que ibas a decir Voxed,MikiVainillaOrDead,argentina,17,2021-03-14 20:21:41,t1_gqy6fj7,t3_m4z1o3,comment
gqy5bfh,El desenlace fue que la banearon por varios días y la chica terminó haciendo su propio sub para publicar sus dibujos (y varios de acá fueron para allá...).,juan-lean,argentina,68,2021-03-14 18:43:46,t1_gqy3n81,t3_m4z1o3,comment
gqy7csm,"Yo me comí un ban de 15 días por hacer una joda, desde ya no hago más chistes de ese tipo.",[deleted],argentina,30,2021-03-14 18:57:50,t1_gqy3n81,t3_m4z1o3,comment
gqy7e7u,Y la cagaron baneando por eso.,[deleted],argentina,19,2021-03-14 18:58:11,t1_gqy3ky4,t3_m4z1o3,comment
gr092ox,"inmigracion descontrolada, por lo general los gobiernos los utilizan para ganar votos, no suelen ser profesionales, entran aca y ya les dan un plan, una manaos y un chori",evasor_en_potencia,argentina,14,2021-03-15 09:44:38,t1_gqyre7l,t3_m4z1o3,comment
gr1jlw7,Bue es que estoy intentando esquivar la puteada entendeme,Ikari_desde_la_cueva,argentina,3,2021-03-15 15:53:55,t1_gr180xf,t3_m4z1o3,comment
gr0dvy3,[removed],[deleted],argentina,3,2021-03-15 10:32:50,t1_gqzvvo6,t3_m4z1o3,comment
gr18w24,"Es una posibilidad, viendo la poca gente relacionada a la política que sigo, no me sorprendería que sea por eso",TheMisterCool8,argentina,2,2021-03-15 14:34:31,t1_gr0bqsb,t3_m4z1o3,comment
gqyuhoi,[Macacos gelados](https://pbs.twimg.com/media/EqGRY_CW8AQbEXz.jpg),mati_as15,argentina,9,2021-03-14 22:25:23,t1_gqytbhk,t3_m4z1o3,comment
gqxoy2f,*Carpincho* is the word they are alluding to.,VRichardsen,argentina,28,2021-03-14 17:00:01,t1_gqxfsyy,t3_m4z1o3,comment
gqy0y0s,"*prepara el falcón verde*

No digas que no te advertimos.",Faust_the_Faustinian,argentina,17,2021-03-14 18:14:55,t1_gqxfsyy,t3_m4z1o3,comment
gqxswno,"\*A menos que sepas programar/seas programador y ames el ""liberalismo"".",Deathsroke,argentina,11,2021-03-14 17:26:39,t1_gqxf3pd,t3_m4z1o3,comment
gqy5kd1,I lost respect is a video thumbnails súper fake expresion... duck face for men...,MonteSplashArg,argentina,5,2021-03-14 18:45:47,t1_gqy0bi3,t3_m4z1o3,comment
gqxtdit,"Si estas sacando ponele 150 lucas cada mes medio que te chupa un huevo si afip te caga un poco. Eso sin mencionar que la mayoria de este tipo de gente tiene arreglos para evadir, similares a los que son locales pero laburan para afuera.",Deathsroke,argentina,15,2021-03-14 17:29:24,t1_gqxrqy6,t3_m4z1o3,comment
gqy6ool,[deleted],[deleted],argentina,11,2021-03-14 18:53:27,t1_gqy3bmn,t3_m4z1o3,comment
gqy8op3,[deleted],[deleted],argentina,13,2021-03-14 19:07:46,t1_gqy7f34,t3_m4z1o3,comment
gqzjkca,"Hace 5 años que vivo en EEUU, y a fines de este año pego la vuelta para Argentina, voluntariamente.  
Mi opinión controversial: Con un buen sueldo Argentina le pasa el trapo a EEUU.  
Viví con muy buenos sueldos en ambos lados y disfrutaba mucho más en Argentina.  
Obvio, familia y amigos son una parte enorme, tengo mucha familia y amigos de toda la vida allá vs amigos al pasar acá.  
Y como decía el amigo gringo, si pensas en la cantidad de guita que gastas acá en EEUU por mes contra lo que sale vivir allá terminas inventando la forma de vivir en Argentina ganando en dólares y fiesta.",--Quartz--,argentina,3,2021-03-15 03:10:16,t1_gqy7f34,t3_m4z1o3,comment
gr18i4e,what visa you got?,tux_pirata,argentina,1,2021-03-15 14:31:42,t1_gqy7f34,t3_m4z1o3,comment
gr31wxw,[deleted],[deleted],argentina,2,2021-03-16 00:06:32,t1_gr18fap,t3_m4z1o3,comment
gqz0hy3,"Aunque, estoy haciendo un curso de Khan Academy de Ciencias de la computacion porque estaba haciendo mis ejercicios de Probabilidad y estadistica de la escuela ahí.
Aunque no es lo mismo un libro y tu, que a una persona que te lo explique a detalle.",[deleted],argentina,7,2021-03-14 23:24:09,t1_gqyyicu,t3_m4z1o3,comment
gr8in78,"[Con esto te informas](https://www.wikiversity.org/) y [con esto aprendes](https://www.khanacademy.org/), suerte, y hay mas, solo busca una [alternativa](https://alternativeto.net/)",[deleted],argentina,1,2021-03-17 10:47:24,t1_gr8gqbi,t3_m4z1o3,comment
gqyhjnf,"Cual es? Lpm ahora me da curiosidad. Es como cuando te dicen ""No te des vuelta pero...""",MikiVainillaOrDead,argentina,18,2021-03-14 20:22:51,t1_gqy5bfh,t3_m4z1o3,comment
gqybaju,Algo habrás hecho,CosmeBuzzanito,argentina,18,2021-03-14 19:27:05,t1_gqy7csm,t3_m4z1o3,comment
gqyau8d,La banearon por spamear,Dumloko,argentina,35,2021-03-14 19:23:06,t1_gqy7e7u,t3_m4z1o3,comment
gr1gind,A los extranjeros les permiten votar?,jesus360glez,argentina,6,2021-03-15 15:31:06,t1_gr092ox,t3_m4z1o3,comment
gr0k1jy,"(pst, curious foreigner, this isn't an explanation but an example of the actual prejudice against bolivians)",CalaveraManny,argentina,11,2021-03-15 11:27:43,t1_gr092ox,t3_m4z1o3,comment
gr0k8dv,?,Untorrrnado,argentina,0,2021-03-15 11:29:18,t1_gr0dvy3,t3_m4z1o3,comment
gr1d421,"Igual ahora hablando en serio, a vos te parece que estemos lo suficientemente bien para que haya ""buena onda""? No te parece que la estadística aceptada por el oficialismo, que estipula que hay 47% de pobreza en el país, no debería estar reflejada en algún lado, en alguna opinión?

Twitter, al igual que instagram, otras redes sociales u otros subreddits, no son específicamente del país. Podés entrar a r/Alfajor para comprobarlo.",getkozmo,argentina,1,2021-03-15 15:05:28,t1_gr18w24,t3_m4z1o3,comment
gqz4ml2,Creo que te referís a los Chigüires,satanic-surfer,argentina,3,2021-03-15 00:06:02,t1_gqxoy2f,t3_m4z1o3,comment
gqym8jj,*Relevant flair*,juan-lean,argentina,7,2021-03-14 21:06:33,t1_gqy0y0s,t3_m4z1o3,comment
gqyjahv,"Liberalismo AKA ""Videos de Milei vs. Sol Perez""",Harlens,argentina,9,2021-03-14 20:39:02,t1_gqxswno,t3_m4z1o3,comment
gqyugq3,Does it work if I have a small pee-pee?,EpicChiguire,argentina,3,2021-03-14 22:25:07,t1_gqy6ool,t3_m4z1o3,comment
gqzjopo,"Argentinian, living the past 5 years in the US and chose to go back home soon.  
I 100% subscribe to this.",--Quartz--,argentina,5,2021-03-15 03:12:08,t1_gqy8op3,t3_m4z1o3,comment
gqygw71,"Thank you for giving to me your point of view. Just to know, did you move from a big city ?",ElPayoKundsen,argentina,4,2021-03-14 20:16:49,t1_gqy8op3,t3_m4z1o3,comment
gr18plc,We have a non-inmigrant visa (J).,ElPayoKundsen,argentina,1,2021-03-15 14:33:13,t1_gr18i4e,t3_m4z1o3,comment
gr6x9jp,"you need to compare quality too, that samsung phone for example has not the same specs as the US version, and the kwid lacks many of the features of the spark specially in safety",tux_pirata,argentina,1,2021-03-16 22:44:59,t1_gr31wxw,t3_m4z1o3,comment
gqz22af,que tal el curso?,Vennominom,argentina,1,2021-03-14 23:40:05,t1_gqz0hy3,t3_m4z1o3,comment
gqyj2a0,r/argentinaxcanada creo que era,CatNaffy,argentina,20,2021-03-14 20:36:54,t1_gqyhjnf,t3_m4z1o3,comment
gqyca1t,"El mismo chiste que hacen con la cara de Perón pero sin Perón, algo así como el Peronismo sin Perón.",[deleted],argentina,24,2021-03-14 19:35:28,t1_gqybaju,t3_m4z1o3,comment
gqyc777,Le daba un toque de color al sub que cada día deprime más y más con tantas noticias de política que amargan el día.,[deleted],argentina,26,2021-03-14 19:34:46,t1_gqyau8d,t3_m4z1o3,comment
gr00w98,Ese término no lo conocía. ¿Dónde lo usan?,VRichardsen,argentina,1,2021-03-15 07:58:39,t1_gqz4ml2,t3_m4z1o3,comment
gr0bivk,"Imaginate este: Milei + Sol Perez = el orto de Sol con la peluca de Milei.

Que tenga buen lunes, estimado.",bed892904,argentina,1,2021-03-15 10:10:05,t1_gqyjahv,t3_m4z1o3,comment
gr2xu23,[deleted],[deleted],argentina,1,2021-03-15 23:29:24,t1_gqzjopo,t3_m4z1o3,comment
gr2xqjr,[deleted],[deleted],argentina,1,2021-03-15 23:28:30,t1_gqygw71,t3_m4z1o3,comment
gr18w7q,student visa?,tux_pirata,argentina,1,2021-03-15 14:34:33,t1_gr18plc,t3_m4z1o3,comment
gqz5rt4,"Solo te dire que, es mil veces mejor que estar de imbecil en la ""escuela virtual"" pretendiendo aprender algo.

Y al finalizarlo te dan reconocimientos.",[deleted],argentina,5,2021-03-15 00:17:29,t1_gqz22af,t3_m4z1o3,comment
gqyz3hx,"Me metí a ver que onda y es la ternura hecha subredit, en un post de hace cómo dos meses la pibita pregunta si hace un face reveal y están todos los comentarios full papá diciéndole que no es buena idea <3",Ramaxx1,argentina,37,2021-03-14 23:10:20,t1_gqyj2a0,t3_m4z1o3,comment
gqykycs,Yo no habría dicho el sub...,juan-lean,argentina,20,2021-03-14 20:54:30,t1_gqyj2a0,t3_m4z1o3,comment
gqyent2,Subir los mismos dibujos sin contenido por 10 días seguidos es spam,vladimirnovak,argentina,41,2021-03-14 19:56:25,t1_gqyc777,t3_m4z1o3,comment
gqyjxee,Le sugirieron a la adolescente canadiense que postee sus dibujos en el thread de Martes de Arte pero ella decidió no participar más en el sub.,juan-lean,argentina,14,2021-03-14 20:44:57,t1_gqyc777,t3_m4z1o3,comment
gqz4yz9,"pienso que es a propósito, he visto como tumban post míos y de otros usuarios por mas que tengan que ver con argentina, por cada cosa que no sean noticias de política, economía y crimen te lo borran y exigen que vayas a otro rant.

 los mods parecen de esos que solo quieren generar indignación y bronca.",MIO-OTRA-CUENTA,argentina,6,2021-03-15 00:09:26,t1_gqyc777,t3_m4z1o3,comment
gqycz2y,"Sigue siendo spam

Si no te interesan los posts de politica sos libre de filtrarlos, que para eso ahora estan exigiendo flairs obligatorios",fede142857,argentina,9,2021-03-14 19:41:29,t1_gqyc777,t3_m4z1o3,comment
gr01bj7,"En Venezuela... lo sé por que una vez dije que quería ver capibaras y nadie me entendió hasta que me dijeron que así les dicen allá...

Por otro lado como mexicano se me hizo muy gracioso que cuando algo les da gracia dicen ""esta muy charro""",satanic-surfer,argentina,3,2021-03-15 08:04:59,t1_gr00w98,t3_m4z1o3,comment
gr39rbj,"The healthcare system alone did half the job, haha.  
We had a good time here though, no regrets and we learned a lot, this is truly a melting pot of cultures and people from all over.  
We just have too many friends and family in Argentina, and aim to achieve the same you're doing.  
2k USD a month should get us a nice enough lifestyle in Argentina, and is doable, rather than needing 9k in the US.",--Quartz--,argentina,1,2021-03-16 01:28:02,t1_gr2xu23,t3_m4z1o3,comment
gr5698t,"Oh ok, I moved to a medium city, it helps me a lot because it's very quiet.",ElPayoKundsen,argentina,1,2021-03-16 14:20:57,t1_gr2xqjr,t3_m4z1o3,comment
gr19j5i,"More or less yes, knowledge exchange (post doc fellow). I know people they were in the same condition who applied to the permanent residence and they got it, but we don't want to think about that. Our visa is for 5 years, we have some time to think about our future yet.",ElPayoKundsen,argentina,1,2021-03-15 14:39:14,t1_gr18w7q,t3_m4z1o3,comment
gr08mxv,"en esto es lo que estoy de acuerdo totalmente. ademas de aprender mejor, ya que recibes la informacion de alguien que lo explique bien durante todo el aprendizaje, obtienes reconocimientos y titulos que avalan todo lo que hayas aprendido, y es importantisimo tener alguien o algo que te respalde, algo que un libro no puede hacer.",[deleted],argentina,2,2021-03-15 09:39:47,t1_gqz5rt4,t3_m4z1o3,comment
gr17vrh,"y cringe, eran dibujitos de paint",tux_pirata,argentina,3,2021-03-15 14:27:10,t1_gqyent2,t3_m4z1o3,comment
gqyyfs6,"Bueno, tampoco daba para cagarla baneando, creo yo, supongo que tienen razón.",[deleted],argentina,5,2021-03-14 23:03:46,t1_gqyent2,t3_m4z1o3,comment
gqyyc8g,"Y después de un ban ya no da, sin mencionar que si tiene 14 por más que sea una boludez le habrá caído mal.",[deleted],argentina,4,2021-03-14 23:02:48,t1_gqyjxee,t3_m4z1o3,comment
gr0f1ps,"Tu último post borrado fue una noticia a la que le cambiaste el título, habiendo una regla que dice No editorializar títulos y contenido.

También tenés borrado un post de autos de clásicos de domingo -durante el breve tiempo que se borraron- pero ahora están de vuelta, así que podés volver a postearlo.

Y.. también tenés un post borrado que sólo decía ""i just want to say ""LITTLE MOUTH THE MOST BIG""

Hay razones concretas por las que se borran posts.",ysatters-kajsa,argentina,5,2021-03-15 10:43:49,t1_gqz4yz9,t3_m4z1o3,comment
gqye3hr,"Pero podían darle un flair a ella y listo, la gente la filtraba igual.",[deleted],argentina,1,2021-03-14 19:51:21,t1_gqycz2y,t3_m4z1o3,comment
gr0414m,Muchas gracias por la aclaración.,VRichardsen,argentina,1,2021-03-15 08:43:39,t1_gr01bj7,t3_m4z1o3,comment
gqz5ke7,El ban fue porque hizo un post con texto ranteando contra el sub luego de que le pidieramos que fuera al martes de arte porque ya era un toque spam meter varios post al día de lo mismo.,Tensz,argentina,12,2021-03-15 00:15:25,t1_gqyyc8g,t3_m4z1o3,comment
gqbxyhy,Cuando sacas lo peor de los genes de tus viejos,FXris,argentina,318,2021-03-09 11:42:06,t3_m16xcg,t3_m16xcg,comment
gqc4yji,ahhh la corrupción italiana y la inoperancia española.,twolinebadadvice,argentina,287,2021-03-09 12:30:16,t3_m16xcg,t3_m16xcg,comment
gqc39vd,"Falta Francia, el tío violín y mala influencia agarrando a Argentina de los hombros",lucasarg14,argentina,82,2021-03-09 12:19:16,t3_m16xcg,t3_m16xcg,comment
gqc41pk,[deleted],[deleted],argentina,29,2021-03-09 12:24:10,t3_m16xcg,t3_m16xcg,comment
gqc5c5g,Culpa de los hijos de mil putas que le tiraron aceite a los ingleses,Blackened17,argentina,93,2021-03-09 12:32:47,t3_m16xcg,t3_m16xcg,comment
gqc6iu2,"Tendría que ser al revés, el elefante Italia y el pingüino españa..!",Lazzaro_Felice,argentina,22,2021-03-09 12:40:21,t3_m16xcg,t3_m16xcg,comment
gqc8znw,Somos más hijos de las tolderias que de los barcos,Kaiser9345,argentina,21,2021-03-09 12:56:33,t3_m16xcg,t3_m16xcg,comment
gqcfg1d,"Sumale que queremos ser ingleses viviendo en París, insultando como los irlandeses",erturko_kundo,argentina,12,2021-03-09 13:36:27,t3_m16xcg,t3_m16xcg,comment
gqcjr9p,Latinoamérica viene de los países que fueron colonizados o son descendientes de países latinos. Y como somos mezcla de españa e italia somos mas latinos que otros países 😎,Enough-Elderberry511,argentina,9,2021-03-09 14:02:34,t3_m16xcg,t3_m16xcg,comment
gqcqoxy,Falta Alemania por razónes obviamente.,CursedSurrogate,argentina,4,2021-03-09 14:53:06,t3_m16xcg,t3_m16xcg,comment
gqdal76,Argentina un pais con Nazis y comunista buena gente,Elretraca,argentina,4,2021-03-09 17:24:36,t3_m16xcg,t3_m16xcg,comment
gqdsc2q,Lo mejor que vi hasta ahora en el año.,DarkChemon,argentina,3,2021-03-09 19:37:49,t3_m16xcg,t3_m16xcg,comment
gqcnul9,Pinguino reporting in,[deleted],argentina,2,2021-03-09 14:32:21,t3_m16xcg,t3_m16xcg,comment
gqde2b3,"Oldie but goldie

\+1",Moustachelance,argentina,2,2021-03-09 17:50:32,t3_m16xcg,t3_m16xcg,comment
gqdk7ul,Me encantó,nrctkno,argentina,2,2021-03-09 18:35:02,t3_m16xcg,t3_m16xcg,comment
gqdx3ew,por que me dio ternura T_T,tiroriii,argentina,2,2021-03-09 20:16:44,t3_m16xcg,t3_m16xcg,comment
gqe3uro,Virgin Europa católica vs Chad Europa Protestante,[deleted],argentina,2,2021-03-09 21:15:20,t3_m16xcg,t3_m16xcg,comment
gqe7fgw,"Si no tuviéramos ese cinismo y egoismo que dió a luz a tantos problemas nuestros (Peronismo , Viveza Criolla , et cetera) , seríamos la mejor nación en la tierra .",TackyKaky,argentina,2,2021-03-09 21:46:48,t3_m16xcg,t3_m16xcg,comment
gqc3v6i,Asi estamos.,patada_de_gaucho,argentina,4,2021-03-09 12:23:02,t3_m16xcg,t3_m16xcg,comment
gqd6304,🤣🤣🤣 excelente 👏👏👏,Josellumi,argentina,1,2021-03-09 16:50:56,t3_m16xcg,t3_m16xcg,comment
gqdqy9s,Podriamos haber sido como una colonia inglesa!,Fontideck,argentina,0,2021-03-09 19:26:59,t3_m16xcg,t3_m16xcg,comment
gqfgs80,Como si Argentina fuera mitad y mitad de dos países europeos jajsjsjjs,kimer4,argentina,0,2021-03-10 06:27:04,t3_m16xcg,t3_m16xcg,comment
gqen6ui,Jajaja Bene bene,xx_deleted_x,argentina,1,2021-03-10 00:08:16,t3_m16xcg,t3_m16xcg,comment
gqf3rh8,thats is argentian lol learn your flags,Objective-Factor5531,argentina,1,2021-03-10 03:09:27,t3_m16xcg,t3_m16xcg,comment
gqhr9ji,"Asi y todo, nadie te quita lo europeo!

Gracias Nonna!!!",[deleted],argentina,1,2021-03-10 18:00:08,t3_m16xcg,t3_m16xcg,comment
gqc3qvm,"Sacamos lo vago de los españoles y lo corrupto de los italianos, sin duda",pentium_lagoon,argentina,219,2021-03-09 12:22:18,t1_gqbxyhy,t3_m16xcg,comment
gqbyijk,Es que no tenemos la UE que nos traccione para arriba.,Kosme-ARG,argentina,120,2021-03-09 11:46:15,t1_gqbxyhy,t3_m16xcg,comment
gqbz31v,asi debe sentirse liquid,Erwin2147,argentina,25,2021-03-09 11:50:05,t1_gqbxyhy,t3_m16xcg,comment
gqc06tn,Todos los comunistas y anarquistas vinieron...,Bazz07,argentina,30,2021-03-09 11:57:47,t1_gqbxyhy,t3_m16xcg,comment
gqc3k06,medio boludos y mafiosos?,RunTheCryptos,argentina,2,2021-03-09 12:21:05,t1_gqbxyhy,t3_m16xcg,comment
gqdccc6,"No te olvides del fascismo, allá siguen idolatrando a Mussolini, aqui a Perón.",[deleted],argentina,41,2021-03-09 17:37:42,t1_gqc4yji,t3_m16xcg,comment
gqd0vc1,"corrupcion y cultura, seguridad e inoperancia

argentina: corrupcion e inoperancia",simonbleu,argentina,47,2021-03-09 16:11:47,t1_gqc4yji,t3_m16xcg,comment
gqdidfz,vamos a cruzar a las gentes para crear un una nacion con la virtud de los italianos  y la eficacia de los españoles!,elemock,argentina,3,2021-03-09 18:21:29,t1_gqc4yji,t3_m16xcg,comment
gqcbryz,">Falta Francia, el tío violín y mala influencia agarrando a ~~Argentina~~ Santiago del Estero de los hombros",[deleted],argentina,39,2021-03-09 13:14:10,t1_gqc39vd,t3_m16xcg,comment
gqd7x64,Nah Francia más bien era el tío con guita al que intentabas imitar comprandote un reloj trucho con plata que deberías haber usado para comprar la cena,bigsurprise89,argentina,31,2021-03-09 17:04:35,t1_gqc39vd,t3_m16xcg,comment
gqck20g,Vinieron muchos franceses pero la mayoría se volvieron a Francia.,Entropia138,argentina,23,2021-03-09 14:04:46,t1_gqc39vd,t3_m16xcg,comment
gqdptsv,"Venia a decir eso. De donde se piensan que sacamos nuestras ideologías?

Francia nos marcó desde la aristocracia de fines de siglo XIX hasta los “intelectuales” de la segunda mitad del siglo XX.",TheJix,argentina,6,2021-03-09 19:18:02,t1_gqc39vd,t3_m16xcg,comment
gqdc53j,"Si los culpables de todo son Francia,España e Italia nada de peronismo nada de corrupcion nada de malas elecciones presindenciales que cobraron miles de vidas y nada de los 160 y pico de impuestos",Elretraca,argentina,10,2021-03-09 17:36:12,t1_gqc39vd,t3_m16xcg,comment
gqelsv3,"Oh, oui, oui!

-- Santiago del Estero",riffito,argentina,2,2021-03-09 23:55:18,t1_gqc41pk,t3_m16xcg,comment
gqck6ak,Igual si nos hubieran colonizado los ingleses quedaríamos como esas islas que se independizaron hace dos décadas y recién ahora están tratando de salir adelante. O sino pasamos a ser otra base militar de USA como guam o hawaii,Enough-Elderberry511,argentina,43,2021-03-09 14:05:38,t1_gqc5c5g,t3_m16xcg,comment
gqcom9o,Podriamos haber sido como una colonia inglesa! como La India!,[deleted],argentina,39,2021-03-09 14:38:01,t1_gqc5c5g,t3_m16xcg,comment
gqci5a9,Agua caliente,Tumamafat,argentina,26,2021-03-09 13:52:37,t1_gqc5c5g,t3_m16xcg,comment
gqcmfq9,Imagina ser tan sumiso de querer ser colonizado,Gwynbbleid,argentina,-13,2021-03-09 14:22:11,t1_gqc5c5g,t3_m16xcg,comment
gqc8s49,Iluminame,Leolcdtm,argentina,20,2021-03-09 12:55:16,t1_gqc6iu2,t3_m16xcg,comment
gqd7ieb,">corrupto de los italianos

Que decís? Si somos rectos como tronco de parra.",[deleted],argentina,43,2021-03-09 17:01:30,t1_gqc3qvm,t3_m16xcg,comment
gqeglzx,Ambos valores son intercambiables entre ambas naciones,JFSM01,argentina,2,2021-03-09 23:08:35,t1_gqc3qvm,t3_m16xcg,comment
gqbz94m,Seríamos la Formosa de la UE,randomuserarg,argentina,105,2021-03-09 11:51:15,t1_gqbyijk,t3_m16xcg,comment
gqcob40,"lo principal que hace la UE es que no puedas devaluar e imprimir lo que queres, si no que tenes que hacer politicas de verdad para arreglar tus problemas",urielsalis,argentina,50,2021-03-09 14:35:43,t1_gqbyijk,t3_m16xcg,comment
gqebxt5,"Europa no es lo que es por la UE, es lo que es por los siglos de haberse enriquecido a costas de sus numerosas colonias en el resto del mundo",tomdevincenzi,argentina,0,2021-03-09 22:26:57,t1_gqbyijk,t3_m16xcg,comment
gqcmx5e,"Mis abuelos con mi viejo vinieron y creéme que nada que ver las ideologías con lo que sucede ahora.... Mi papá vino con 14 años y siempre decía que le debía mucho a la Argentina, pero los gobiernos se encargaban de ensuciar y quedarse con todo.",sebapf,argentina,16,2021-03-09 14:25:39,t1_gqc06tn,t3_m16xcg,comment
gqc4h6e,"""Vinieron"" es una forma muy divertida de decir que se escapan de la guerra porque eran perseguidos y asesinados.",Tinch088,argentina,42,2021-03-09 12:27:05,t1_gqc06tn,t3_m16xcg,comment
gqde8kk,[deleted],[deleted],argentina,6,2021-03-09 17:51:47,t1_gqc06tn,t3_m16xcg,comment
gqegwju,Y asi nos va. De verdad que la inmigración del periodo de entre guerras y pos 2gm nos hizo chota,JFSM01,argentina,2,2021-03-09 23:11:14,t1_gqc06tn,t3_m16xcg,comment
gqd631g,[removed],[deleted],argentina,1,2021-03-09 16:50:56,t1_gqc06tn,t3_m16xcg,comment
gqdehab,"Bueno pero por lo menos alla no hay un ""Partido Mussolinista"" rompiendo las pelotas desde hace 75 años. Ademas, sacando a la pendejada neonazi/fascista, la mayoria de los que lo siguen admirando son viejos. Aca no. Tenes fanaticos de todas las edades y colores. Y no nos olvidemos de la condena social. Alla la gente ""normal""; los medios; etc condenan socialmente (me imagino) la exhibición de simbolos fascistas. Aca no importa que el lider supremo haya sido un pedofilo; que hayan torturado a estudiantes y trabajadoras como Ernesto Bravo o Nieves Boschi; que hayan cometido una masacre contra los indigenas pilagas; etc. Aca es normal y aceptable ser peronista y exhibir simbolos peronistas.",Niko97-,argentina,49,2021-03-09 17:53:33,t1_gqdccc6,t3_m16xcg,comment
gqd8de1,Es buena también,lucasarg14,argentina,10,2021-03-09 17:08:01,t1_gqd7x64,t3_m16xcg,comment
gqcvrou,Franceses pero no boludos,mwheelup,argentina,54,2021-03-09 15:31:16,t1_gqck20g,t3_m16xcg,comment
gqcvkk1,"Aca todos los revolucionarios siguieron el modelo frances, por eso lo de mala influencia del tio",Picolete,argentina,17,2021-03-09 15:29:43,t1_gqck20g,t3_m16xcg,comment
gqdcu80,"Las ideas boludas como el anarquismo y el fascismo las importamos de Italia, de Francia importamos comunismo y progresismo, todo tiene que ver con todo",lucasarg14,argentina,10,2021-03-09 17:41:24,t1_gqdc53j,t3_m16xcg,comment
gqls1lx,Es mas fácil culpar a los viejos que a las decisiones que hace uno de grande,Enough-Elderberry511,argentina,1,2021-03-11 16:07:08,t1_gqdc53j,t3_m16xcg,comment
gqcmq9z,Messirve,Blackened17,argentina,45,2021-03-09 14:24:16,t1_gqck6ak,t3_m16xcg,comment
gqcwe2n,"> guam o hawaii

uy si que mal",milanganesa,argentina,27,2021-03-09 15:36:01,t1_gqck6ak,t3_m16xcg,comment
gqdfcmc,"No veo como eso seria pwor a nuwstra siruacion actual, o a donde vamos encaminados",nandru,argentina,9,2021-03-09 17:59:44,t1_gqck6ak,t3_m16xcg,comment
gqd2zu3,"nunca se sabe, la gente dice ""las ex colonias inglesas funcionan mejor"" y, quiza en promedio si, pero inglaterra colonizo a lo pelotudo y ni cerca esta la mayoria en una posicion que decis ""esto es el paraiso"" tampoco imho",simonbleu,argentina,14,2021-03-09 16:27:43,t1_gqck6ak,t3_m16xcg,comment
gqght10,"Nah no creo, seriamos en todo caso una pais decente, recorda que la diferencia entre las colonias inglesas y españolas es que la segunda eran mas que nada campamentos mineros para extraer recursos y la gente solo vivia por casualidad(razon la cual no tenemos buena infraestructura en nuestras ciudades).  


Mientras los Ingleses si veían América y sus otras colonias como lugares para poblar y expandir su poderío económico, es por esta razón que ninguna nacían de Sudamérica compite siquiera con Australia o la jodida Nueva Zelanda",Maxrokur,argentina,1,2021-03-10 13:00:34,t1_gqck6ak,t3_m16xcg,comment
gqdhyfg,"Mas que a la India en ese caso Argentina hubiese sido algo mas parecido a Sudáfrica, con los colonos ingleses (y de otros países germánicos) segregando racialmente a la población local",alfd96,argentina,6,2021-03-09 18:18:27,t1_gqcom9o,t3_m16xcg,comment
gqcpom6,Mejor que la basura que tenemos ahora,Blackened17,argentina,20,2021-03-09 14:45:46,t1_gqcom9o,t3_m16xcg,comment
gqcz4ll,"Te reis pero la India es potencia tecnológica. Hasta programa espacial tienen.

Y acá nosotros con eterna corrupción, impuestos al viento y viviendo a polenta.",Hitman-Pred,argentina,10,2021-03-09 15:58:33,t1_gqcom9o,t3_m16xcg,comment
gqd7nvd,"Ya Colon le erro en ese tiempo imaginate si las ve ahora no sabria distinguir cual es cual,igual no quedaria mal Indias del sur o Surindias",xxbluedevilsxx,argentina,3,2021-03-09 17:02:39,t1_gqcom9o,t3_m16xcg,comment
gqd2pwv,"como alguien con una quemadura de agua hirviendo de esta semana, basicamente, que mal que la deben haber pasado",simonbleu,argentina,10,2021-03-09 16:25:38,t1_gqci5a9,t3_m16xcg,comment
gqd38io,"Era imposible que nadie hubiera oclonizado estas tierras en esa epoca, nadie habla de ser una colonia hoy, fuera de un chiste... la pregunta en cambio es ""seriamos mejor como ex colonia inglesa?"" Y la respuesta no existe porque nadie puede ver un futuro alterno del pasado",simonbleu,argentina,7,2021-03-09 16:29:31,t1_gqcmfq9,t3_m16xcg,comment
gqcmxl1,No me vengas con patriotismo barato,Blackened17,argentina,22,2021-03-09 14:25:43,t1_gqcmfq9,t3_m16xcg,comment
gqca2ff,"El Censo de 1914 indica que la población de la República era de 7.900.000 habitantes, de los cuales el 43 por ciento eran extranjeros, de ellos el 50,1 por ciento italianos, el 20,2 por ciento españoles, el 9,6 por ciento franceses y el 3,2 ingleses.",Lazzaro_Felice,argentina,40,2021-03-09 13:03:33,t1_gqc8s49,t3_m16xcg,comment
gqdb205,Ah y casi se me olvida el arroz con gorgojos,Elretraca,argentina,18,2021-03-09 17:28:01,t1_gqd7ieb,t3_m16xcg,comment
gqdaaup,"De seguro Alverso invierte una gran cantidad de los 166 impuestos en el sistema de salud,en proyectos y no se robado la plata de los jubilados ademas de los 13 ceros que le quitaron la moneda de ustedes los argentinos en lo largo y ancho de sus cantidaturas",Elretraca,argentina,7,2021-03-09 17:22:28,t1_gqd7ieb,t3_m16xcg,comment
gqc23lz,Ah pero la UE...,Lokofachaa,argentina,66,2021-03-09 12:11:01,t1_gqbz94m,t3_m16xcg,comment
gqctm73,"Y si osas imprimir más de lo debido viene Merkel, te agarra del forro del orto y te lleva personalmente a que pares la maquinita
Por eso se fueron los ingleses en parte, ya estaban cansados de tener que bancar a los gallegos y a los tanos y sus malas gestiones",Wasa701,argentina,49,2021-03-09 15:14:41,t1_gqcob40,t3_m16xcg,comment
gqft4ul,"Explica Noruega, Suecia, Suiza, Alemania, etc que nunca tuvieron colonias.",Kosme-ARG,argentina,2,2021-03-10 09:29:46,t1_gqebxt5,t3_m16xcg,comment
gqfdc4m,"Y ahora se la llevan con sutileza. Yo labure para un banco español que opera acá y la verdad un asco. Lo mismo las energéticas y las comunicaciones, tenemos servicios de mierda y lo que pagamos termina en los bolsillos de empresarios extranjeros y en coimas que le pagan a politicos de acá para operar tranquilos",[deleted],argentina,-2,2021-03-10 05:32:27,t1_gqebxt5,t3_m16xcg,comment
gqhrihb,"Respuesta tipica de estudiante de escuela publica Argenta guionada por el Z\*Word.

Tristisimo.",[deleted],argentina,0,2021-03-10 18:01:54,t1_gqebxt5,t3_m16xcg,comment
gqc4o3m,"Tal vez si no iban solitos de noche con el pelo largo y esas banderas rojas no les pasaba nada.


Por las dudas pongo el /s nunca se sabe",[deleted],argentina,42,2021-03-09 12:28:24,t1_gqc4h6e,t3_m16xcg,comment
gqdenkm,"Muy lindo hasta que tenés gente como la mafia italiana que se aprovechaba de ese sistema para reclutar ya sea mano de obra o negocios para brindarles *""protección.""*",Bazz07,argentina,5,2021-03-09 17:54:46,t1_gqde8kk,t3_m16xcg,comment
gqd67oy,"Se dice ""leer"", o alguien te lo leyó?",Bazz07,argentina,2,2021-03-09 16:51:54,t1_gqd631g,t3_m16xcg,comment
gqlrhaj,"Aunque no lo creas si existen partidos fascistas en italia, una de sus líderes es la nieta de mussolini",Enough-Elderberry511,argentina,2,2021-03-11 16:03:11,t1_gqdehab,t3_m16xcg,comment
gqd3jyk,"Serán sucios, raros, feos, musulmanes pero nunca boludos.",[deleted],argentina,26,2021-03-09 16:31:55,t1_gqcvrou,t3_m16xcg,comment
gqd89qc,"Gracias por entender la referencia

Siempre quisimos imitar a Francia, desde lo estético hasta lo boludo",lucasarg14,argentina,15,2021-03-09 17:07:15,t1_gqcvkk1,t3_m16xcg,comment
gqddchr,"Si es verdad pero hay naciones que tuvieron influencia alemana o algun contacto con naciones a favor del facismo,el anarquismo y el comunismo (Japon,Reino Unido,China) y no veo que esten como Argentina",Elretraca,argentina,4,2021-03-09 17:45:13,t1_gqdcu80,t3_m16xcg,comment
gqdg6rk,"La gente flasha que seriamos Canada o Australia si la invasión inglesa hubiera funcionado y nos hubiesen colonizado los británicos.

La realidad es que seriamos India.",Ninten_DOS,argentina,21,2021-03-09 18:05:43,t1_gqd2zu3,t3_m16xcg,comment
gqht7xb,"Efectivamente los modelos inglés y español de colonización eran muy distintos, pero no como vos decís. Es verdad que la corona española básicamente se dedicó a llevarse todos los metales que encontraron. Sin embargo, la presencia peninsular en america fue fuertísima. De hecho, este modelo se caracteriza por se ""directo"", a diferencia del ""indirecto"" que practicaba el imperio británico. El problema es que vos estás pensando en EEUU, Australia, Nueva Zelanda... esos lugares sí, los poblaron. Pero el resto de las colonias —la mayoría— funcionaban de otra manera. Se ocupaban militarmente, se ponía un gobierno nativo que respondiera a los ingleses (muy distinto al gobierno directo y la fuerte presencia del modelo español), se establecían mercados para ubicar sus propios bienes y explotaciones para llevarse la materia prima local.

Como consecuencia, en las colonias españolas hubo mucho poblamiento y mezcla con las poblaciones nativas, mientras que en las inglesas no. Además, los movimientos de independencia de las colonias españolas fueron muy temprano. Acá hay muchos factores en juego pero uno de ellos es el modelo colonial. En cambio, con algunas excepciones, particularmente de esas colonias que sí poblaron, las inglesas se independizaron en el siglo 20 y generalmente en la segunda mitad.

Estoy de acuerdo con el comentario del otro pibe. De haber sido colonia inglesa, seguramente nuestro país sería muy reciente y todavía muy dependiente. Fijate Birmania, India, Sudan, Egipto, Papua y el resto de las islas del Pacífico. ¿Quién te dice que estaríamos como Australia y no como alguno de esos otros?",tomdevincenzi,argentina,3,2021-03-10 18:14:26,t1_gqght10,t3_m16xcg,comment
gqlqwwt,Vos crees que en áfrica las colonias inglesas no fueron a extraer minerales y a dejarlos secos a los africanos? Muchas empresas siguen ahí todavía,Enough-Elderberry511,argentina,2,2021-03-11 15:59:09,t1_gqght10,t3_m16xcg,comment
gqdtsqe,[deleted],[deleted],argentina,4,2021-03-09 19:49:25,t1_gqdhyfg,t3_m16xcg,comment
gqd8c4c,"Pero no tienen cloacas y la desigualdad es bestial.
Estuve por laburo hace unos años en Bangalore. La matanza es Brooklyn al lado de eso.",YoVoteATicTac,argentina,22,2021-03-09 17:07:45,t1_gqcz4ll,t3_m16xcg,comment
gqdhaya,"Y aca tenemos reactores diseñados aca, la india puede tener cosas chetas como programas espaciales con misiones a marte porque son un monton, no porque sean un pais decente",IngFavalli,argentina,6,2021-03-09 18:13:47,t1_gqcz4ll,t3_m16xcg,comment
gqdbtu4,"Que tiene de patriotismo no querer ser colonizado?

Es como decir que no dejar que el vecino te robe es elitismo...",pentamache,argentina,5,2021-03-09 17:33:48,t1_gqcmxl1,t3_m16xcg,comment
gqcqycv,No me vengas con chuparle la pija a inglaterra.,Gwynbbleid,argentina,-15,2021-03-09 14:54:59,t1_gqcmxl1,t3_m16xcg,comment
gqcae4z,Iluminado,Leolcdtm,argentina,49,2021-03-09 13:05:35,t1_gqca2ff,t3_m16xcg,comment
gqcbfg9,Alemanes no había?,sLypk,argentina,10,2021-03-09 13:11:58,t1_gqca2ff,t3_m16xcg,comment
gqcfvg4,"Eso significa que de 7.900.000 habitantes, 1.701.897 (el 50.1% del 43%) eran italianos o descendientes de italianos y 6.198.103 eran españoles o descendientes de españoles. Porque no creo que en 1914 los nacionales fuesen todos mapuches. Por ejemplo.",sildurin,argentina,11,2021-03-09 13:39:04,t1_gqca2ff,t3_m16xcg,comment
gqdhe1l,"Claro, pero los que no eran inmigrantes también descendían (por lo menos parcialmente) de españoles o eran todos indígenas ?",alfd96,argentina,3,2021-03-09 18:14:24,t1_gqca2ff,t3_m16xcg,comment
gqdex33,43% de extranjeros de raza blanca y yo vengo a descender de mestizos ptm,McFork_True,argentina,2,2021-03-09 17:56:42,t1_gqca2ff,t3_m16xcg,comment
gqdkefr,">El Censo de 1914 indica que la población de la República era de 7.900.000 habitantes, de los cuales el 43 por ciento eran extranjeros, de ellos el 50,1 por ciento italianos, el 20,2 por ciento españoles, el 9,6 por ciento franceses y el 3,2 ingleses.

Estás implicando que el tamaño de una especie influye en cuán dominante es su carga genética al cruzarse con otra hipotéticamente?",Innate_flammer,argentina,2,2021-03-09 18:36:23,t1_gqca2ff,t3_m16xcg,comment
gqchwfh,"Así es, y es interesante porque pasó todo lo que no quería Sarmiento y Alberdi, un influjo de inmigrantes anglosajones. La inmigración de las zonas atrasadas de Europa después la aprovecharía Roca con su política agropastoril pseudoesclavizadora.",awatsurra,argentina,2,2021-03-09 13:51:07,t1_gqca2ff,t3_m16xcg,comment
gqclf0n,Menos mal que nunca hubo aborigenes,nukit,argentina,0,2021-03-09 14:14:49,t1_gqca2ff,t3_m16xcg,comment
gqed765,[removed],[deleted],argentina,4,2021-03-09 22:38:06,t1_gqdaaup,t3_m16xcg,comment
gqe4ggp,Pará la mano UE!!!,RemarkablePast,argentina,7,2021-03-09 21:20:37,t1_gqc23lz,t3_m16xcg,comment
gqdcahh,En todo caso fue por Grecia,MeC0195,argentina,18,2021-03-09 17:37:18,t1_gqctm73,t3_m16xcg,comment
gqd1lon,Y así de bien les está yendo.,vectorpropio,argentina,12,2021-03-09 16:17:20,t1_gqctm73,t3_m16xcg,comment
gqfygyc,Italia es un contribuidor neto a la union europea,acqualunae,argentina,1,2021-03-10 10:27:44,t1_gqctm73,t3_m16xcg,comment
gqgfg0x,"Tecnicamente Alemania si tenia colonias en Africa, pero si apoyoto que Tom es un completo idiota y que no sabe ni lo que habla",Maxrokur,argentina,3,2021-03-10 12:44:52,t1_gqft4ul,t3_m16xcg,comment
gqhp7n2,"- te puedo argumentar lo mismo: explicá los otros 2/3 de la UE que no son potencia ni están cerca de serlo
- Noruega no está en la UE jaja.
- Alemania sí tuvo colonias. En menor cantidad que el imperio británico, el neerlandés, la corona española, etc. Pero más que prácticamente todo el resto de los países de la UE
- la UE es bastante reciente, muchos países ya eran potencia antes
- la constitución de Europa como el centro social, político y económico mundial (sobre todo hasta mediados del siglo pasado) está directamente relacionada con las políticas coloniales e imperiales, aunque no todos los estados hayan participado de igual manera
- incluso países que no tuvieron colonias se beneficiaron económicamente de la enorme disponibilidad de territorios, mercados y mano de obra barata o esclava. No es tan simple como “tuvieron colonias o no tuvieron colonias”. De hecho, si bien Suecia no tuvo, sí es importante para la historia del colonialismo europeo. La publicación de Systema naturae de Linneo se considera uno de los hitos que marcan el comienzo de la época imperial europea
- neocolonialismo. La estructura de explotación es completamente distinta y no funciona con el modelo clásico de dominio directo de los siglos pasados. A este subreddit le cuesta aceptar que la mayoría de los países mejor posicionados se ubicaron allí directamente a costa del tercer mundo",tomdevincenzi,argentina,3,2021-03-10 17:45:39,t1_gqft4ul,t3_m16xcg,comment
gqhthjh,Iluminame,tomdevincenzi,argentina,2,2021-03-10 18:16:24,t1_gqhrihb,t3_m16xcg,comment
gqctv2p,"Perdón por lo noob pero soy bastante nuevo, que es eso de /s o /woosh o algo así?
Estoy perdido 😕",Wasa701,argentina,9,2021-03-09 15:16:30,t1_gqc4o3m,t3_m16xcg,comment
gqcgho3,Pero entonces vestían *subversivamente*,Bazz07,argentina,14,2021-03-09 13:42:46,t1_gqc4o3m,t3_m16xcg,comment
gqdjf5g,De hecho lo peor de la inmigración italiana fue a Estados Unidos y Australia,alfd96,argentina,9,2021-03-09 18:29:04,t1_gqdenkm,t3_m16xcg,comment
gqdb2sf,text2speech mientras haces otra cosa (?,pentamache,argentina,3,2021-03-09 17:28:11,t1_gqd67oy,t3_m16xcg,comment
gqdeo9k,"Japón y China particularmente tienen su historia de malas decisiones, Reino Unido es muy interesante, pero para que no tratemos de entender por qué a Argentina le va cómo le va, voy a decir que todos tienen sus teorías y es algo que se estudia a nivel internacional, y por supuesto que no hay nadie a quién culpar más que a nosotros mismos",lucasarg14,argentina,7,2021-03-09 17:54:54,t1_gqddchr,t3_m16xcg,comment
gqggh49,"Porque los ves desde ahora, Japon era una mierda en calidad de vida y cultura(el culto a Peron es un poroto comparado al del Emperador de Japon) y China vivia de revoluciones/guerras civiles y hambrunas casi anuales(lo cual se hizo peor con Mao hasta los 90s donde China se convirtió la mano de obra barata del mundo)  


Inglaterra luego de varias guerras para presentarse como los pija largas, tuvo que dejar sus colonias porque la guita no le daba mas",Maxrokur,argentina,5,2021-03-10 12:52:01,t1_gqddchr,t3_m16xcg,comment
gqdiofn,Es posible,simonbleu,argentina,6,2021-03-09 18:23:44,t1_gqdg6rk,t3_m16xcg,comment
gqdvi76,"La segregación es algo típico de las culturas  germanicas. Todos los lugares colonizados por países germanicos (Alemania, Reino Unido, Holanda) tuvieron formas de segregación racial.

Los argentinos de ascendencia española existen desde los tiempos de la colonia, su estatus en una Argentina colonizada por los ingleses habría sido el mismo de los negros en USA antes de 1965",alfd96,argentina,5,2021-03-09 20:03:17,t1_gqdtsqe,t3_m16xcg,comment
gqe8sa9,"> Pero no tienen cloacas y la desigualdad es bestial 

De que país estas hablando? jaja

No, en serio. Todo el norte de nuestro país básicamente no tiene cloacas. Y tenemos pobreza arriba del 40%.

La diferencia es que la India sale adelante igual, nosotros que hacemos? Tenemos litio y no lo minamos. Tenemos gas natural a cagarse y lo importamos... tranquilamente con el litio que tenemos podríamos ser lideres mundiales en la transición a vehículos eléctricos. Es tristísimo todo.",Hitman-Pred,argentina,3,2021-03-09 21:58:49,t1_gqd8c4c,t3_m16xcg,comment
gqeli9y,"Te falta darte una vuelta por el interior de Argentina, entonces.",riffito,argentina,3,2021-03-09 23:52:35,t1_gqd8c4c,t3_m16xcg,comment
gqcurqr,"Bueno, mostrame en este muñeco donde te lastimó Inglaterra",Blackened17,argentina,11,2021-03-09 15:23:22,t1_gqcqycv,t3_m16xcg,comment
gqcmqrj,"Alemanes de Volga por lo que se, onda, ""Ruso""-Alemanes",Gwynbbleid,argentina,7,2021-03-09 14:24:22,t1_gqcbfg9,t3_m16xcg,comment
gqcchab,"Hay algunos pueblitos que están llenos de rubios, pero más allá de eso los alemanes son una minoría en Argentina.",Badracha,argentina,14,2021-03-09 13:18:32,t1_gqcbfg9,t3_m16xcg,comment
gqcdxqt,"Eso era en el 14, antes de los nazis",NickNewAge,argentina,7,2021-03-09 13:27:20,t1_gqcbfg9,t3_m16xcg,comment
gqdetxo,[deleted],[deleted],argentina,4,2021-03-09 17:56:03,t1_gqcfvg4,t3_m16xcg,comment
gqefl5s,La ultima cifra de la que me entere era de 166 si mal no recuerdo,Elretraca,argentina,1,2021-03-09 22:59:24,t1_gqed765,t3_m16xcg,comment
gqdf3ku,*¿Porqué siempre que pasa algo son ustedes 3?*,nandru,argentina,29,2021-03-09 17:57:59,t1_gqdcahh,t3_m16xcg,comment
gqd2w83,Eso porque boris Johnson es terrible inutil y encima que tienen housing crisis les caen refugiados africanos a rolete.,JGaute,argentina,16,2021-03-09 16:26:58,t1_gqd1lon,t3_m16xcg,comment
gqcwmru,"/s es para aclarar que el comentario es sarcástico.

woosh se dice cuando te pasó el chiste/sarcasmo volando y no lo captaste.",a_bourgeois_commie,argentina,18,2021-03-09 15:37:58,t1_gqctv2p,t3_m16xcg,comment
gqcvequ,"Indica que lo anteriormente dicho era sarcástico/ironico, que no siempre es evidente",Z3t4,argentina,5,2021-03-09 15:28:27,t1_gqctv2p,t3_m16xcg,comment
gqdexpk,Y eso es a lo que muchos comunistas faltos de una educacion sin doctrina no quieren entender y viendo tu reflexion queda claro que no quedas en ese grupito,Elretraca,argentina,5,2021-03-09 17:56:49,t1_gqdeo9k,t3_m16xcg,comment
gqgilam,"Todos los imperios europeas los tenian, te pensas que España no?

Literalmente teníamos un sistemas de castas para cada tipo de mulato(africano esclavo con indigena, negro con blanco, blanco con indigena). Ahora si te admito que si fueramos conquistados(diferente de colonizar) seriamos la India",Maxrokur,argentina,2,2021-03-10 13:06:09,t1_gqdvi76,t3_m16xcg,comment
gqelu6r,Pegate una vuelta por allá y después me contas en qué país preferís vivir.,YoVoteATicTac,argentina,9,2021-03-09 23:55:38,t1_gqe8sa9,t3_m16xcg,comment
gqemk61,"Tengo la suerte haber viajado por el país, y si bien tenemos hambre y miseria, no se compara.
Solo por dar un ejemplo, la alfabetización en la india no llega al 80%.",YoVoteATicTac,argentina,7,2021-03-10 00:02:22,t1_gqeli9y,t3_m16xcg,comment
gqcvpbz,_señala el pacto Roca-Runciman_,netheroth,argentina,11,2021-03-09 15:30:44,t1_gqcurqr,t3_m16xcg,comment
gqclsm6,"Como descendientes de alemanes, wiiii soy una minoría",Enough-Elderberry511,argentina,13,2021-03-09 14:17:32,t1_gqcchab,t3_m16xcg,comment
gqdmpbl,"Seguro. Pero fueron minoría. Y culturalmente prácticamente inexistentes. Es decir, la cultura argentina es una mezcla de la cultura española e italiana con trazas de indígena.",sildurin,argentina,5,2021-03-09 18:53:44,t1_gqdetxo,t3_m16xcg,comment
gqdz27j,"También se fueron por los immigrantes, yo igual creo que no les está yendo tan mal dadas las circunstancias",quemacuenta,argentina,3,2021-03-09 20:33:34,t1_gqd2w83,t3_m16xcg,comment
gqeai92,"Gracias compa, hay unos cuantos que no se pero algo es",Wasa701,argentina,3,2021-03-09 22:14:08,t1_gqcwmru,t3_m16xcg,comment
gqf3b9b,"""Ah pero la India...""",Hitman-Pred,argentina,4,2021-03-10 03:03:25,t1_gqelu6r,t3_m16xcg,comment
gqirfp9,"Mira que entiendo que no les guste argentina, pero decir que es mejor la India...",grbl10,argentina,3,2021-03-10 22:57:05,t1_gqelu6r,t3_m16xcg,comment
gqeout3,"Entiendo, pero lo de las cloacas y lo de la desigualdad bestial... sonó demasiadio Porteño-céntrico :-D",riffito,argentina,3,2021-03-10 00:24:06,t1_gqemk61,t3_m16xcg,comment
gqd32z1,Que llorón hermano. No es nada comparado con todo lo que vino después,Blackened17,argentina,4,2021-03-09 16:28:22,t1_gqcvpbz,t3_m16xcg,comment
gqcnltq,Podés usar la n-word?,JuanRomanPalermo,argentina,9,2021-03-09 14:30:34,t1_gqclsm6,t3_m16xcg,comment
gqdqf98,"Para nada fueron minoría. Hay algunas cuestiones a tener en cuenta acá. Las poblaciones indígenas fueron históricamente oprimidas e invisiblizadas (es clásico el ejemplo de la concepción de la Patagonia como desierto cuando en realidad estaba bastante habitado), aún cuando ya no eran directamente masacradas.

En los censos pasó algo parecido. Durante muchísimos años no se tuvo en cuenta la ascendencia indígena (con excepción de uno u otro censo con décadas de separación) ni tampoco era algo abiertamente aceptado por las personas, que preferían ocultar su origen por la baja posición social con la que estaba asociado.

Por eso vas a ver que en las últimas décadas hubo un aparente resurgimiento de poblaciones indígenas, que no es más que la aceptación por parte de muchas personas y particularmente de generaciones jóvenes de su identidad. Lo que suele suceder es que haya ancianos que hablan la lengua nativa, comunmente con poca competencia de español; adultos que usan mucho más el español y manejan la lengua nativa en ámbitos privados, y jóvenes que primero aprenden español pero luego buscan recuperar sus lenguas nativas. Es muy significativo en este tema que con los últimos censos aumentaron muchísimo las personas que se reconocían indígenas, pero encima reaparecieron pueblos y lenguas que se creían desaparecidos hace muchísimas décadas. Simplemente estaban ocultos por las presiones sociales para no ser indígena.

Conclusión: las poblaciones indígenas son muy numerosas en Argentina. En cuanto a ""adscripción"" sí, son menos que quienes no se consideran indígenas. Pero esto no es lineal. No se puede ignorar el hecho de que los descendientes de europeos hayan sido bienvenidos (más allá de que españoles e italianos no fueran lo que se esperaba recibir) mientras que los indígenas hayan sido masacrados y discriminados durante 5 siglos. En términos genéticos es más la población argentina con sangre nativa que con sangre europea. Vivir en CABA puede generar confusiones porque acá las proporciones son otras, pero ni en pedo es representativo de todo el país (a pesar de la masividad de Buenos Aires, en CABA y GBA está ""sólo"" el 16% de la población indígena del país).

Mis fuentes son trabajos de sociolingüistica, etnolingüística y antropología biológica para el último cachito.

Alguna data interesante:  
\- los censos son problemáticos. Por ejemplo, suelen asociar pertenencia étnica a competencia lingüística. Sin embargo, según el INDEC, sólo un 35% de quienes se reconocen indígenas hablan la lengua vernácula.  
\- por lo menos medio millón de personas (en 2005) reconocían tener una lengua indígena como **primera** lengua.  
\- el primer censo que incluyó indígenas fue en 1869, hecho por el ejército, y los contaba como enemigos  
\- el siguiente fue en 1966, pero quedó parado cuando derrocaron a Illia. Afirmaba que había unos 165.000 indígenas en el país.  
\- recién a partir del reconocimiento de los pueblos indígenas con la reforma constitucional del '94 se empezaron a incluir en los censos.

edit:

otras cosas a tener en cuenta  
\- fronteras argentinas al momento de los distintos censos  
\- el hecho de que a poblaciones indígenas se les fueran negados documentos de identidad hasta por lo menos la segunda mitad del siglo 20

edit 2: agrego datos",tomdevincenzi,argentina,7,2021-03-09 19:22:47,t1_gqdmpbl,t3_m16xcg,comment
gqfv1i2,"Capo, yo te cuento la experiencia que tuve. Hay cosas que te abren la cabeza.
No es mi intención convencer a nadie.",YoVoteATicTac,argentina,4,2021-03-10 09:51:55,t1_gqf3b9b,t3_m16xcg,comment
gqfvipz,"Mirá, yo crecí en el conurbano. Muchas calles las fueron asfaltando cuando era pibe, y cloacas nos pusieron cuando tenía 14 años. 
La pobreza tiene muchos niveles. Cuando conocí el NOA me sentí millonario. Aún asi hay cosas que no se comparan con la realidad que viven en otros países.",YoVoteATicTac,argentina,3,2021-03-10 09:57:08,t1_gqeout3,t3_m16xcg,comment
gqisp74,"JAHSJAJDHHDJAJS esto es lo más  ""ah pero macri"" que leí hoy",grbl10,argentina,1,2021-03-10 23:08:00,t1_gqd32z1,t3_m16xcg,comment
gqcu4i4,Nain,Wasa701,argentina,39,2021-03-09 15:18:27,t1_gqcnltq,t3_m16xcg,comment
gqecfcg,"Tuve discusiones en foros de internet por esto. A muchos les cuesta aceptar que Argentina es un pais lleno de personas con antepasados indígenas. En cierto punto rechazan su identidad.

Me re sirve tu info.",[deleted],argentina,3,2021-03-09 22:31:17,t1_gqdqf98,t3_m16xcg,comment
gqdxagy,"Creo que en líneas generales estamos de acuerdo. Cuando digo que eran minoría no digo que en inicio lo fueran. Pero debido a la política de aquel tiempo, de exterminio y absorción, en 1914 los que se identificaban como indígenas eran minoría. Y al final... Eso es lo que cuenta. Tú puedes tener un octavo de mapuche por ejemplo. Y yo seguramente tenga algo de sangre árabe en algún lado (ocho siglos de presencia árabe dan para mucho juego). Y probablemente tú también la tengas, si eres de ascendencia española. 

Pero yo culturalmente no soy árabe. Y tú probablemente tampoco seas mapuche, culturalmente. Así que al final, básicamente Argentina en ese momento eran principalmente (descendientes de) españoles e italianos a efectos prácticos. Que tampoco me parece bien, por cierto. No soy fan de aniquilar culturas. En el País Vasco lo hemos vivido de primera mano. Así que me alegra todo lo que se haga para recuperarlas.",sildurin,argentina,2,2021-03-09 20:18:23,t1_gqdqf98,t3_m16xcg,comment
gqiygkd,Ya sé pero tengo razón,Blackened17,argentina,1,2021-03-10 23:58:56,t1_gqisp74,t3_m16xcg,comment
gqe8urm,"No estoy del todo de acuerdo. Efectivamente la adscripción identitaria es lo que cuenta. Pero los que eran minoría eran los que se identificaban **públicamente** como indígenas. Eso no significa que no lo fueran, ni que ya no existieran en mayor o menor medida sus prácticas culturales. Pero nadie va a ir por ahí anunciando su identidad si le va a traer complicaciones.

El punto es que estaban invisiblizados socialmente. Por eso en los registros oficiales no aparecen. No porque no existieran ni porque no fueran indígenas, sino por el esfuerzo sistemático por parte de la colonia y luego del estado argentino por europeizar la identidad nacional. El censo, como cualquier otra herramienta estatal, es una herramienta política. El resultado de estas políticas fue, justamente, la imagen de un país de descendientes de europeos, cuando en realidad la presencia indígena (y la africana también, aunque en menor medida) fue y es importantísima.

Esto es una situación muy común que tiene sus correlatos lingüísticos en un tipo de sociedad bilingüe que se llama ""diglósica"",  en la que hay una lengua (o dialecto) oficial —el español— asociada a la nación y a ciertos ámbitos institucionales, y una lengua ""baja"" —la indígena— relegada a ámbitos privados o cotidianos. Éste es el caso con la gran cantidad de lenguas indígenas que hay en Argentina. Históricamente la población indígena del país pasó desapercibida porque tuvieron que hablar español y ocultar su identidad indígena para encajar en la sociedad. Hay una asociación directa: en los núcleos indígenas es más común que los varones sean bilingües porque se movilizaban a centros urbanos para conseguir trabajo.

También en la escuela (más allá de que haya Educación Intercultural Bilingüe) se enseñó el español, se ridiculizó y discriminó al indígena.",tomdevincenzi,argentina,2,2021-03-09 21:59:27,t1_gqdxagy,t3_m16xcg,comment
gsn8nim,Hola Granaderos a Caballo? Si este post de acá.,[deleted],argentina,51,2021-03-28 23:20:08,t3_mffm57,t3_mffm57,comment
gsn8qhz,"bart, la escopeta",YamDiscombobulated,argentina,46,2021-03-28 23:20:55,t3_mffm57,t3_mffm57,comment
gsnaguf,Necesito downvotear mas fuerte a este hereje,Knispelf,argentina,29,2021-03-28 23:38:15,t3_mffm57,t3_mffm57,comment
gsn9z2e,Cursed image,K10967,argentina,17,2021-03-28 23:33:14,t3_mffm57,t3_mffm57,comment
gsnd6li,Usted se tiene que arrepentir de lo que hizo,onniro,argentina,16,2021-03-29 00:06:14,t3_mffm57,t3_mffm57,comment
gsndc7k,Por gente como vos me quiero tomar el palo de este ispa.,alintros,argentina,16,2021-03-29 00:07:52,t3_mffm57,t3_mffm57,comment
gsncxjw,En una época a gente como el OP la quemaban viva.,Loco_72,argentina,13,2021-03-29 00:03:34,t3_mffm57,t3_mffm57,comment
gsnaw86,La única excusa aceptable para esto es que hayas fumado muchísimo porro.,availablesix-,argentina,20,2021-03-28 23:42:41,t3_mffm57,t3_mffm57,comment
gsn97ls,"Pan con pan, comida de zonzo",Nartub,argentina,10,2021-03-28 23:25:34,t3_mffm57,t3_mffm57,comment
gsn9lj3,No flaco a vos hay que matarte,Canolicalamari,argentina,15,2021-03-28 23:29:28,t3_mffm57,t3_mffm57,comment
gsnmsrc,Tenemos el mismo mantel jajajaja,Killersoul_,argentina,7,2021-03-29 01:55:51,t3_mffm57,t3_mffm57,comment
gsnab8c,La sangre de Cristo tiene poder.,[deleted],argentina,5,2021-03-28 23:36:39,t3_mffm57,t3_mffm57,comment
gsneuyy,"Ta bien, esta cursed, pero esta bien. Sabias que iba a estar cursed, y sabes ahora que no lo vas a volver a hacer.",sunblaze1480,argentina,5,2021-03-29 00:23:57,t3_mffm57,t3_mffm57,comment
gsnfeo7,"señor/ita, le pido que deje el DNI en mesa de entrada y se retire",Erudain,argentina,6,2021-03-29 00:29:49,t3_mffm57,t3_mffm57,comment
gsn9xf9,Como quedo?,Poohmanwea,argentina,5,2021-03-28 23:32:45,t3_mffm57,t3_mffm57,comment
gsnaubm,[deleted],[deleted],argentina,3,2021-03-28 23:42:09,t3_mffm57,t3_mffm57,comment
gsnc7fu,Cursed sanguchito,Throwaway1029835,argentina,4,2021-03-28 23:56:08,t3_mffm57,t3_mffm57,comment
gsngtn3,"Para eso deci que tenés prueba para mandar en cana a la ladrona de la nación Argentina, y tenés una muerte con menos dolor",ku199,argentina,3,2021-03-29 00:45:21,t3_mffm57,t3_mffm57,comment
gsnip4j,Donde carajo están los mods para banear estas imagenes,dni39,argentina,4,2021-03-29 01:06:20,t3_mffm57,t3_mffm57,comment
gso34zs,Gente: rosarino come gato. >>>>>>>Éste Chavón: doubt,Big_Boss19,argentina,4,2021-03-29 05:58:07,t3_mffm57,t3_mffm57,comment
gso8s98,"AFIP, es por acá, se está comiendo un salamin picado fino. 

Vas a tener que declarar de donde provienen los fondos para hacer este tipo de compras.",basoura,argentina,4,2021-03-29 07:29:06,t3_mffm57,t3_mffm57,comment
gsngcvj,Estas cosas pasan cuando le pegas mucho a tu hijo........ O muy poco,ElGordoDamito,argentina,7,2021-03-29 00:40:14,t3_mffm57,t3_mffm57,comment
gsowm8r,Existen mejores formas de acabar con tu vida,Ich_bin_hinter_dir,argentina,3,2021-03-29 11:38:45,t3_mffm57,t3_mffm57,comment
gsozxi4,Creí que ya habían prohibido el shitpost,Reiner99,argentina,3,2021-03-29 12:04:31,t3_mffm57,t3_mffm57,comment
gsn8mbp,No tenes perdón de Dios!!! 🙏🏽‼️,Doctincho,argentina,2,2021-03-28 23:19:48,t3_mffm57,t3_mffm57,comment
gsnaupf,"Bueno, yo como queso de rallar o duros con dulce de leche.",Miserable_Long99,argentina,2,2021-03-28 23:42:15,t3_mffm57,t3_mffm57,comment
gsnmx90,Uma delicia,42millones,argentina,2,2021-03-29 01:57:26,t3_mffm57,t3_mffm57,comment
gsnppeh,Si se puede!,fabripiano85,argentina,2,2021-03-29 02:33:25,t3_mffm57,t3_mffm57,comment
gspliim,Va con cariño: En el infierno hay un lugar dedicado a la gente como vos :),Journalist_Available,argentina,2,2021-03-29 14:49:26,t3_mffm57,t3_mffm57,comment
gstdqu5,"Te van a hacer limpiar el inodoro con la lengua hdp, vas a estar 1 semana con cagadera",Aiza2019,argentina,2,2021-03-30 13:27:57,t3_mffm57,t3_mffm57,comment
gsnikcr,"ex adicta de la torta de chocolate con dulce de leche con lluvia de papas fritas lays o las que sean, yo te banco.",Anoniland,argentina,3,2021-03-29 01:04:48,t3_mffm57,t3_mffm57,comment
gsng80p,Yo una vez hice sanguchito con dulce de leche y Doritos...Uma delicia.,Poztre77,argentina,1,2021-03-29 00:38:46,t3_mffm57,t3_mffm57,comment
gsretpu,El nuevo u/lamantita.,KSanRa,argentina,1,2021-03-29 23:52:35,t3_mffm57,t3_mffm57,comment
gsnfgsv,"Marge, la pistola",ElGordoDamito,argentina,21,2021-03-29 00:30:26,t1_gsn8qhz,t3_mffm57,comment
gso32nm,Jajaja chuwut,Big_Boss19,argentina,7,2021-03-29 05:57:04,t1_gsn9z2e,t3_mffm57,comment
gsnb6r2,Ni siquiera alcohol. Quería captar todos los sabores,ixanol,argentina,7,2021-03-28 23:45:39,t1_gsnaw86,t3_mffm57,comment
gsnki9f,No lo digas tan brusco que pierde la gracia,NotYetAnArtista,argentina,5,2021-03-29 01:27:36,t1_gsn9lj3,t3_mffm57,comment
gsna6z1,"¿Viste cuando le ponés queso/queso untable/manteca al dulce de leche? Bueno, te juro que lo que más prevalece es el dulce de leche, y el salame apenas se siente. Es como si lo pudieses mezclar con cualquier cosa y sale rico",ixanol,argentina,3,2021-03-28 23:35:27,t1_gsn9xf9,t3_mffm57,comment
gsnb0pd,Paladini,ixanol,argentina,1,2021-03-28 23:43:59,t1_gsnaubm,t3_mffm57,comment
gsnnfa3,"Lisa, la miel",Dontoucheme,argentina,6,2021-03-29 02:03:48,t1_gsnfgsv,t3_mffm57,comment
gsncxmq,Posta? Entonces no sos inimputable :(,availablesix-,argentina,13,2021-03-29 00:03:35,t1_gsnb6r2,t3_mffm57,comment
gsobqow,Incluso con polenta?,kitopizzas,argentina,3,2021-03-29 08:12:14,t1_gsna6z1,t3_mffm57,comment
gso03ay,"Maggie, el pan",Rodrisi,argentina,4,2021-03-29 05:07:52,t1_gsnnfa3,t3_mffm57,comment
gsozt3l,"Barney, la cerveza",Reiner99,argentina,5,2021-03-29 12:03:33,t1_gso03ay,t3_mffm57,comment
