id,text,author,subreddit,score,created_utc,parent_id,link_id,type
mdg4rx9,inyectaron en el Merval los 107M de $libra 😛 /s,NineThunders,merval,154,2025-02-18 13:04:34,t3_1isfr75,t3_1isfr75,comment
mdggdq6,"Los inversores no hacemos política, hacemos guita. La cantidad de randoms que hubo estos días que vinieron hasta a tirar mierda acá sin saber nada de inversiones fue tremenda. 

PD: ayer tomandome un café escuchaba un viejo diciendo ""siii, milei estafó a mi hijo con esto de la ""criptografía"""" ¿?¿?",dank-monkl,merval,43,2025-02-18 13:59:48,t3_1isfr75,t3_1isfr75,comment
mdg3ti3,¿No es muy demente que festejen que al mercado le vaya mal?,[deleted],merval,53,2025-02-18 12:59:55,t3_1isfr75,t3_1isfr75,comment
mdgbddl,q bueno ayer compre como un degenerado.... hoy ya vendi una parte con profit +5% en 1 dia... aguante la mervaleta !!,EndzeiT420,merval,15,2025-02-18 13:36:17,t3_1isfr75,t3_1isfr75,comment
mdg7p0r,"Lo mejor es que todo quede en un mal (y gracioso) recuerdo, se confirma que el presi es más boludo de lo que pensamos pero el rumbo de la economía debe seguir normalizandose",Upstairs-Iron-5014,merval,20,2025-02-18 13:18:44,t3_1isfr75,t3_1isfr75,comment
mdghhqw,Nooooo como puede ser loco!?!? Si mi gurú Maslechon me dijo que venda todo ayer pq hoy el Merval iba a -30%😭,SatisfactionEither16,merval,10,2025-02-18 14:05:02,t3_1isfr75,t3_1isfr75,comment
mdgcanx,"Aproveche para liquidar lo que me quedaba de bonos y tgno4
Nos vimos en el qqq , brasil  y en intc",ResponseEastern1458,merval,2,2025-02-18 13:40:38,t3_1isfr75,t3_1isfr75,comment
mdigw04,Tanto quilombo con libra para que el mervalito termine casi 6% arribaa,Mundane-Equivalent51,merval,2,2025-02-18 19:36:29,t3_1isfr75,t3_1isfr75,comment
mdg8h5y,"Estos posteos hacen saltar a todos los libertarios entusiastas jajajaja


Personalmente creo que lo del cripto-virgos gate va a impactar (poco) en las relaciones del estado con organismos, instituciones y demás estados mas que con las acciones del país. P/D hay que ver los bonos para ver qué onda",Working-Plantain-708,merval,6,2025-02-18 13:22:28,t3_1isfr75,t3_1isfr75,comment
mdi1zxz,"Que pena me dan los que festejan DIA a DIA lo que pase o no con el gobierno. Cómo cuando festejan que compre o venda el BCRA en el día cuando a largo plazo ni se movieron las reservas para un lado o para el otro.

Un día están eufóricos y al otro día destrozados. Dan vergüenza ajena.

El merval subió pero apenas recupero la caída de ayer. Pero a su vez la caída de ayer había borrado la ganancia de los últimos 3 días que venía recuperando la perdida del día 4 y así.

Miren el gráfico semanal mejor y déjense de ponerse como locas. Les va a hacer mal a la salud mental.",Far_Cartographer903,merval,2,2025-02-18 18:23:51,t3_1isfr75,t3_1isfr75,comment
mdg4ufy,merval se convirtio en un sub de politica tan gradualmente que no me di cuenta,[deleted],merval,3,2025-02-18 13:04:55,t3_1isfr75,t3_1isfr75,comment
mdgklng,"pero un sector andaba diciendo que de postear algo en X por error, no se vuelve y que la economia iba a ir a pique, y no se qué....",Nick_Blcor,merval,2,2025-02-18 14:19:35,t3_1isfr75,t3_1isfr75,comment
mdhswjr,"Pregunta, esto tiene algo que ver con Acciones Argentinas? (No sé un qlo de finanzas)
Invierto desde brubank en SBS Acciones Argentinas y ante el desconocimiento, tengo miedo de lo que vaya a pasar :(",ABen-821,merval,1,2025-02-18 17:43:06,t3_1isfr75,t3_1isfr75,comment
mdlm9ge,Consulta; hay forma de ver valores históricos día por día de las cuotapartes de un FCI?,juanchi74,merval,1,2025-02-19 08:59:11,t3_1isfr75,t3_1isfr75,comment
mdo7p6z,"Entró la balan't sería que un gobierno ""libertario"" queme 1b USD de la nuestra entre  reservas q reventaron y acciones compradas por orden ejecutiva desde la anses contra deuda FGS. 

  
Literalmente no va a poder jubilarse la próxima generación para que no salte tanto la ficha 1 día de gestión Milei. 



Es increíble la gente que piensa que esto es una señal positivo. Comen vidrio a otro level",libertardos,merval,1,2025-02-19 16:51:10,t3_1isfr75,t3_1isfr75,comment
mdg2onb,Claro qur entró. La legitimidad que perdió no se puede medir en porcentajes de acciones.,True-Grapefruit4904,merval,-3,2025-02-18 12:54:28,t3_1isfr75,t3_1isfr75,comment
mdgfapm,"Estas viendo en pesos, porque en USD por ejemplo YPF en NYSE está 0,16% positiva.

Ojo, no vaya a ser que se coman un empome hoy.",armonicoenfuga,merval,1,2025-02-18 13:54:44,t3_1isfr75,t3_1isfr75,comment
mdgmbbx,"Como lloran los kukas querían que Milei le pase el bastón a la cretina por esto, si el país no estalló por los aires cuando Cristina se robó un PBI menos va a suceder por una está a 100 cryptobros chinos",Few_Geologist_2082,merval,0,2025-02-18 14:27:29,t3_1isfr75,t3_1isfr75,comment
mdhxjv9,"Se intervino con reservas del BCRA:   
Brutas caen 410 Millones de dolares:   
Fuente BCRA: [https://x.com/BancoCentral\_AR/status/1891928314748518887](https://x.com/BancoCentral_AR/status/1891928314748518887)",Diegam,merval,0,2025-02-18 18:03:53,t3_1isfr75,t3_1isfr75,comment
mdg5qes,"Es capitovcomprando acciones con la plata del ANSES sjsjd, totalmente intervenido.",ian-codes-stuff,merval,-8,2025-02-18 13:09:14,t3_1isfr75,t3_1isfr75,comment
mdh70fv,"Lo están diciendo posta! 😂


https://www.reddit.com/r/merval/comments/1isfr75/comment/mdh1cpa/?utm_source=share&utm_medium=mweb3x&utm_name=mweb3xcss&utm_term=1&utm_content=share_button




https://www.reddit.com/r/merval/comments/1isfr75/comment/mdg2zds/?utm_source=share&utm_medium=mweb3x&utm_name=mweb3xcss&utm_term=1&utm_content=share_button


Edito:


https://www.reddit.com/r/merval/comments/1isfr75/comment/mdg5qes/?utm_source=share&utm_medium=mweb3x&utm_name=mweb3xcss&utm_term=1&utm_content=share_button",ObiFlanKenobi,merval,16,2025-02-18 16:02:41,t1_mdg4rx9,t3_1isfr75,comment
mdhxe42,"No, lamentablemente fueron reservas: (341 millones de dolares)  
[https://x.com/BancoCentral\_AR/status/1891928314748518887](https://x.com/BancoCentral_AR/status/1891928314748518887)",Diegam,merval,2,2025-02-18 18:03:10,t1_mdg4rx9,t3_1isfr75,comment
mdi0efp,Yo compré ayer cuotapartes de FCI Merval y me estoy cagando de risa gané 6% en un día. Ya vendí y vuelvo a tasa para esperar. Si seguía bajando compraba más.,mr_cosme_fulanito,merval,10,2025-02-18 18:16:44,t1_mdg3y8s,t3_1isfr75,comment
mdkdl9j,El tema fue la operacion que se dio con mucho volumen si hubieransido mas con el mismo volumen la que te cambia la tendencia no hubierapasado nada. La realidad es que despues del tweet del viernes se derrumbo el merval.,ShallotNew3476,merval,0,2025-02-19 02:09:16,t1_mdg3907,t3_1isfr75,comment
mdjsmzj,"Acá estoy aunque no dije lo que has dicho, que ya usado la plata de Anses para mantener el mercado es preocupante. Un besoo.",Successful_Tip_8072,merval,-1,2025-02-18 23:54:24,t1_mdg3907,t3_1isfr75,comment
mdkdct9,Ya lo puse en come tarios anteriores se dio una operacion con mucho volumen que cambio la tendencia por eso es todo este quilombo. Mira el historial de. Compra/venta en yahoo finance sobre el merval,ShallotNew3476,merval,-1,2025-02-19 02:07:32,t1_mdggdq6,t3_1isfr75,comment
mdgc95c,"Fue llamativo lo de ayer. Los regulares del merval no lo festejaron, hubo un ingreso masivo desde los subs K a festejar la baja.",afanacio,merval,17,2025-02-18 13:40:26,t1_mdg3ti3,t3_1isfr75,comment
mdhcx7d,Yo cuando tengo plata para comprar me alegro del mercado en rojo porque es hora de meter guita,01ares,merval,2,2025-02-18 16:29:51,t1_mdg3ti3,t3_1isfr75,comment
mdgfmgm,"cuando vendes, claro, cuando compras no. Es asi el mercado.",armonicoenfuga,merval,0,2025-02-18 13:56:16,t1_mdg3ti3,t3_1isfr75,comment
mdi2ot8,"En la misma. Qué compraste? Yo FCI merval así me aseguraba el diferencial entre el menor precio de ayer y el cierre de hoy. Vendí cuando vi que hoy terminaba bien arriba porque si seguia bajando compraba más. Nos ayudó que hubiera feriado en USA, todos estaban pensando que iban a evitarse el empome vendiendo antes que abra USA. Ahora vuelvo a tasa.",mr_cosme_fulanito,merval,2,2025-02-18 18:26:53,t1_mdgbddl,t3_1isfr75,comment
mdq2z0g,Consulta porque veo que muchos se alegran por sacar 5%... cuánto es 5%? (Desde mi ignorancia porque no soy inversor),DirtyDan097,merval,1,2025-02-19 22:15:46,t1_mdgbddl,t3_1isfr75,comment
mdpwe65,"Tengo poquitas, pero que diferencia tiene con el merval??",Tobination_00,merval,2,2025-02-19 21:40:15,t1_mdholmw,t3_1isfr75,comment
mdga6xj,\*Mervaleros entusiastas,elrond_lariel,merval,6,2025-02-18 13:30:38,t1_mdg8h5y,t3_1isfr75,comment
mdgrhk1,"Argentina ya estuvo en default. Varias veces. Cagó a medio mundo (el Congreso aplaudía).

También realizó estatizaciones en forma irregular, ocasionando pérdidas enormes al Estado (el Congreso también aplaudía).

Dudo que la reputación de la Argentina pueda verse afectada por unas chirolas que afectaron a unos pocos cryptobros.",reddNOOB2016,merval,7,2025-02-18 14:51:31,t1_mdg8h5y,t3_1isfr75,comment
mdmrqe4,"Tal cual, es como mirar el valor diario de bitcoin sin ser un trader, es de locos.

Una de las principales reglas de una inversión es definir un horizonte temporal, donde ignorás eso, no estás invirtiendo.",alpacareloaded,merval,1,2025-02-19 12:57:49,t1_mdi1zxz,t3_1isfr75,comment
mdg653g,"no creo, es un post valido y los comentarios tambien... habia mucho lobby en el mercado argentino y esta bueno el debate. No lo veo a favor ni en contra de nadie.",AcidoFueguino,merval,11,2025-02-18 13:11:13,t1_mdg4ufy,t3_1isfr75,comment
mdgmbsj,No se puede separar el mercado de la política por más que le incomode a algunos.,Pearl_Jam_,merval,2,2025-02-18 14:27:33,t1_mdg4ufy,t3_1isfr75,comment
mdnndog,https://www.cafci.org.ar/,JonyM68,merval,2,2025-02-19 15:20:30,t1_mdlm9ge,t3_1isfr75,comment
mdg4172,El resultado de los mercados indica como te ve y la confianza que te tiene el resto del mundo,LeBroneta,merval,11,2025-02-18 13:00:56,t1_mdg2onb,t3_1isfr75,comment
mdghszf,El merval en usd viene 5% arriba,Kooky_Quiet3247,merval,5,2025-02-18 14:06:31,t1_mdgfapm,t3_1isfr75,comment
mdgwaxm,"Repito lo que dije antes.

Para mi energéticas está sobrecomprado: Ucrania, OPEP+, Trump.

Como el Brent rompa los 70 dólares se les va a llenar el culo de preguntas.",arlistan,merval,0,2025-02-18 15:13:48,t1_mdgfapm,t3_1isfr75,comment
mdhuptm,Caputo usa los ahorros de tu abuela para hacer subir las acciones,p_unch_i,merval,4,2025-02-18 17:51:13,t1_mdg5qes,t3_1isfr75,comment
mdhfccf,"Eso leí por ahi y quería preguntar, sin debate político, ¿Tiene el Fondo de Garantia de Sustentabilidad del ANSES suficientes recursos para poner todo el panel verde? ¿De qué volumen estaríamos hablando?",mono_bostero,merval,2,2025-02-18 16:41:01,t1_mdg5qes,t3_1isfr75,comment
mdiajos,El que más entiende de economía y finanzas,elrond_lariel,merval,10,2025-02-18 19:03:17,t1_mdhxe42,t3_1isfr75,comment
mdi1u43,De donde es la fci?,Andrescoo,merval,2,2025-02-18 18:23:08,t1_mdi0efp,t3_1isfr75,comment
mdhr9eu,"Si, infumables, ninguno preguntando de inversiones, todos con pelotudeces políticas. Me cruce uno que me dijo ""no invierto en Argentina"" y le pregunte que carajo hacía en el sub del merval entonces. No hubo respuesta.",BNeutral,merval,11,2025-02-18 17:35:41,t1_mdh0d4z,t3_1isfr75,comment
mdgn16a,"no creo que sea rentable vender todo por una noticia catastrofica falopa, mas bien demuestra que algunos no estan hechos para esto de las inversiones.",Opinologodelnorte,merval,0,2025-02-18 14:30:48,t1_mdgmp05,t3_1isfr75,comment
mdgpdk6,"Te meten palabras como cripto, blockchain, IA, y demas sarta de estupideces... se olvidan que la nube es la computadora del otro, que USA le chupp un ovelin nuestro mercado y que Milei siempre habla para auto enaltecer su confianza...

es un tipo q llego a presidente pero se quedó con la calentura de adolescente 80toso que se paj... con los gatos del rengo Sofovich

los q jugamos a largo tenemos que tener las 3P bien puestas",Luscypher,merval,5,2025-02-18 14:41:45,t1_mdggwxm,t3_1isfr75,comment
mdq3rvl," **ByMA es un nuevo mercado, que reemplaza al MerVal, e incorpora los criterios tecnológicos y normativos que vienen utilizándose en las plazas bursátiles de los países desarrollados**.

supongo que la diferencia viene en la parte de como paga y el manejo... supongo",Additional-Film4035,merval,1,2025-02-19 22:20:11,t1_mdpwe65,t3_1isfr75,comment
mdgc2rf,"estuvo buenisimo porque quisieron lograr un panico, un crash de la bolsa. estos tipos se imaginaban que iban a tirar al piso el merval y con el merval, el gobierno.

y lo unico que lograron fue regalar acciones y que gente menos tonta se llene de guita hoy.",hjf2014,merval,9,2025-02-18 13:39:36,t1_mdg653g,t3_1isfr75,comment
mdg4fa2,"No importan más los votantes, veo (ya sé que éste es un grupo de finanzas)",True-Grapefruit4904,merval,-12,2025-02-18 13:02:50,t1_mdg4172,t3_1isfr75,comment
mdgu4c4,"Tranqui, yo entre en merval de 400 y salí en merval de 1800 a 2200. Que la siga otro. Ya gane.",armonicoenfuga,merval,0,2025-02-18 15:03:39,t1_mdghszf,t3_1isfr75,comment
mdgu9fl,"Hay que ver cómo sigue, está muy al palo el mercado. Es inevitable una corrección mas fuerte.",armonicoenfuga,merval,1,2025-02-18 15:04:18,t1_mdgtt8u,t3_1isfr75,comment
mdg819a,https://www.lapoliticaonline.com/economia/caputo-ordena-a-la-anses-a-hacer-compras-masivas-de-acciones-para-atenuar-el-golpe-del-criptogate/,ian-codes-stuff,merval,-1,2025-02-18 13:20:23,t1_mdg714g,t3_1isfr75,comment
mdibb0a,"Loco sos un ignorante, comparalo con el de ayer  
[https://x.com/BancoCentral\_AR/status/1891564860506329597](https://x.com/BancoCentral_AR/status/1891564860506329597)

cayeron 341 millones de dolares las brutas",Diegam,merval,-2,2025-02-18 19:07:09,t1_mdiajos,t3_1isfr75,comment
mdi34gn,El FCI (Fondo Comun de Inversion) es de Santander. Pero cada banco debe tener algún FCI que copia Merval. Si vas a corto fíjate que no tenga comisión de entrada o salida,mr_cosme_fulanito,merval,3,2025-02-18 18:28:50,t1_mdi1u43,t3_1isfr75,comment
mdgiujk,"> pero eso no le quita la culpabilidad al pibe.

me re chupa un huevo. Estoy en /r/merval",Moebiuzz,merval,13,2025-02-18 14:11:27,t1_mdgfhqf,t3_1isfr75,comment
mdi6n8h,"No lo juzgan a Trump que saco dos monedas OFICIALES y lo van a juzgar a milei. Entiendan que las cryptos no son estafas, si entras a una meme coin bien sabes que te estás metiendo en una timba similar a irte al Casino, no hay jubilados con la mínima comprando memecoins en el kiosko.",landers52,merval,1,2025-02-18 18:44:43,t1_mdgfhqf,t3_1isfr75,comment
mdhshn2,Y esos son los que nos venden las acciones baratas,willtab,merval,4,2025-02-18 17:41:14,t1_mdgn16a,t3_1isfr75,comment
mdg4y3m,"Todos mis conocidos 40+ no tienen idea de lo que son los criptos y ni les interesa. No mueve la aguja de la gente mayor, esto solo le importa a los opositores y a los libertarios cryptobros, que en 1 mes se olvidan.",Some_Visual1357,merval,11,2025-02-18 13:05:24,t1_mdg4fa2,t3_1isfr75,comment
mdlhif8,Si por la operacion de ayer te ibas unos dias atras y parecia el tablero del impotente HULK el merval.,ShallotNew3476,merval,2,2025-02-19 08:18:36,t1_mdlh3mj,t3_1isfr75,comment
mdo3cdy,Cuanto te quedo neto de comisiones de broker y mercado?,Martin_Perril,merval,2,2025-02-19 16:31:44,t1_mdlh3mj,t3_1isfr75,comment
mdic30r,"La disputa no es si cayeron o no, la burrada es decir que esta caída de 341 millones fue porque usaron esa guita para hacer subir el MERVAL lo que subió hoy. Te lo digo así, más allá de la ridiculez de la proposición en sí, matemáticamente 341 millones no te alcanzan para mover un milímetro el MERVAL.",elrond_lariel,merval,10,2025-02-18 19:11:09,t1_mdibb0a,t3_1isfr75,comment
mdi4dv9,"Sisi, pero quería saber si era de un broker o alguno falopa que se hacen los bancos. Cada uno le pone nombre distinto. 

Gracias rey",Andrescoo,merval,1,2025-02-18 18:34:32,t1_mdi34gn,t3_1isfr75,comment
mdh811b,"Es una estafa por eso los creadores de la moneda tienen 100 millones de dólares, lo que podes debatir si querés es si Milei sabía o no (aunque esté subreddit no es para eso)

Pero la moneda fue creada y planeada para estafar personas, es un pump and dump",Sweaty-Ad-4202,merval,4,2025-02-18 16:07:21,t1_mdglkcg,t3_1isfr75,comment
mdikud9,No sabes mucho por lo que veo.. con 341 palos sos el dueño de merval por 1 o 2 días,JuJitosisOk,merval,-4,2025-02-18 19:56:38,t1_mdic30r,t3_1isfr75,comment
mdirbb0,"en realidad es para intervenir el dólar, el merval lo intervienen de otra manera menos directa y tarda unos días en repercutir en los balances del BCRA.


yo creo que intervinieron el merval con por lo menos 600 millones, y si que alcanza para frenar una caida, estamos hablando de 600 millones en una hora. UNA HORA es un montón, es el 6% de lo que quieren pedir al FMI para reforzar reservas, patinados en 1 hora",Diegam,merval,-3,2025-02-18 20:30:35,t1_mdic30r,t3_1isfr75,comment
mdgzdwy,"Bueno, veo que sos broker. Es entendible que seas ignorante en materia legal. Uno no puede entender de todo.",reddNOOB2016,merval,3,2025-02-18 15:27:59,t1_mdgtgyh,t3_1isfr75,comment
mdjmh1h,"manijeo? leiste el tweet? No leo mas que la difusion de un proyecto, no invito a nadie a invertir, mañana el presi publica una foto de un pozo y 40mil giles van a se tiran a un pozo, es culpa de Milei? Hay culpa de kicillof en difundir un casino y que la gente vaya y se timbee todo?   
  
Sos asesor de inversiones, me imagino te haces responsable de las perdidas, o solo asesoras y el inversor es el responsable de la decision? Porque de las ganancias seguro tomas parte...",M4tut310,merval,2,2025-02-18 23:19:02,t1_mdgtgyh,t3_1isfr75,comment
mdj4wfa,Vos decís que con 341 palos convertís un selloff de todo el MERVAL en una suba de 6%?,elrond_lariel,merval,12,2025-02-18 21:43:03,t1_mdikud9,t3_1isfr75,comment
mej4rq1,Caguenme a downvotes como lo hicieron pero con 340 palos verdes moves el merval como se te canta el cul0 por un par de días. Miren los montos operados al finalizar el día quitando al30/gd30 y se nota,JuJitosisOk,merval,1,2025-02-24 12:31:10,t1_mdj4wfa,t3_1isfr75,comment
mdje5x5,"No necesitas pumpear los 341 de una, por algo afuera GGAL, YPF y otros están en negativo o un positivo mínimo. Todo pelota dirán desde el mercado local",JuJitosisOk,merval,-5,2025-02-18 22:33:15,t1_mdj4wfa,t3_1isfr75,comment
mdwum4f,"Mirá, el FMI está en contra de las ciptos porque no las pueden emitir, no las pueden controlar y no pueden saber quienes son los dueños de las cuentas.

El FMI le puso como condición a Milei que devalue el peso y deje solo un tipo de cambio, o sea, solo el oficial, además de regulaciones para las criptomonedas.  
  
El plan de Milei-Caputo se basa en la intervención del dolar y el Merval, si no pueden intervenir el dolar se les cae el plan, y si no consiguen credito del FMI para seguir interviniendo también se les cae el plan.  


Idea loca que leí por ahí... mas conspiranoica que otra cosa... y si Milei les ofreció cagar la imagen de las criptomonedas? esta noticia fue zarpada en argentina y con repercusión mundial... el que ya opera cripto no va a perder confianza por algo así, pero espanta a nuevos usuarios y no deja que las criptos crezcan... la idea es loca, pero no tan loca",Diegam,merval,1,2025-02-20 22:44:45,t1_mdr8xgi,t3_1isfr75,comment
mdjhqir,Estás diciendo boludeces. Las criptomonedas son activos digitales. El recomendó una. Mercado no regulado. Sin respaldo de ningun tipo. No lo puede ni debe hacer. Yo tengo claramente más formación en leyes que vos. Así que anda a jugar a los jueguitos y a mirar fútbol.,armonicoenfuga,merval,2,2025-02-18 22:52:45,t1_mdjaax7,t3_1isfr75,comment
medr9sa,"Ni SPY ni VTI.

La única repuesta válida es VT o VWRA.

Broker? IBKR.",[deleted],merval,28,2025-02-23 15:29:12,t3_1iwgi64,t3_1iwgi64,comment
medrwdt,"En lugar de esos ETF que son de EEUU y por lo tanto vas a pagar 30% de impuestos sobre los dividendos, probablemente te convenga un ETF basado en Irlanda que sea acumulativo, esto quiere decir que no te va a pagar dividendos y los dividendos que pagan las acciones dentro pagarán el 15% de impuestos (nunca te enteras de esto)
Por ahí te sirve el VWRA, que es global aunque obviamente el 60% es EEUU, tambien hay varios sp500 domiciliado en Irlanda.

Que broker tenes y en que país?",DrOcid,merval,19,2025-02-23 15:32:10,t3_1iwgi64,t3_1iwgi64,comment
medrkpz,"Si no es bait te diría que te asesores con un contador. Primero que nada bienes personales te fajaria mucha rentabilidad para hacer la típica de vivir a base del S&P , fíjate bien la cuestión impositiva. Spy o vti Iria la que tenga menos comisiones. Me imagino que vas a pasar la guita a un broker yanki Como IBKR",boyozenjoyer,merval,17,2025-02-23 15:30:38,t3_1iwgi64,t3_1iwgi64,comment
medqc7d,"No tengo consejo solo te felicito por haber hecho esa movida y que te salga bien, sin lugar a dudas podes vivir el resto de tu vida en Argentina incluso con una inversión que no sea tan buena si mantenes tus gastos normales, si aspiras a vivir tranquilo y austero creo que solo con poner en dos o tres ETF te alcanza y sobra, lo que yo haría es pensar que hacer con el tiempo libre, personalmente creo que viviría viajando",inflaciont,merval,20,2025-02-23 15:24:46,t3_1iwgi64,t3_1iwgi64,comment
medvc4v,"80% VTI + 20% VXUS

Ajustar acorde a medida que pasen las decadas y cambien las tendencias del mercado global

Para más información, r/bogleheads",kdolmiu,merval,4,2025-02-23 15:48:11,t3_1iwgi64,t3_1iwgi64,comment
mei63f8,"Estimado,

Las opciones de inversiones financieras tienen el riesgo  
asociado al instrumento en el que estas invirtiendo. Respecto de “en qué invertir”  
con un análisis de las opciones que, según riesgo y rentabilidad histórica, se  
ajustan a tus expectativas, lo resuelves.

El tema por el que te me pareció interesante tu post es la ganancia que has obtenido con crypto (bitcoin). Estas rentas están sometidas al impuesto a las ganancias (Art. 2, inc. 4) Ley 20.628) y, según lo que has relatado, la ganancia que has obtenido (que es legítima) debería ser declarada en el ejercicio fiscal en que has vendido la crypto.

El origen de fondos está justificado (según tu relato) con lo cual ese jamás sería un problema. Lo que no debes es convertir tus fondos lícitos en un problema al haber generado rentas y no declaradas en el IIGG. Desde la reforma dada en 2018 (Ley 27.430) se ha gravado este tipo de renta para personas humanas no habitualistas (tu caso).

Luego, si vas a estar realizando inversiones financieras (corto o largo plazo es lo mismo) deberías llevar cuentas en Excel de la cual se pueda conocer cada detalle de toda operación de compra y de venta de activos financieros (fechas, costos, comisiones, precios de venta, etc) tanto en moneda dura como en pesos dado que no todos tributan bajo la misma determinación de base o, incluso, bajo el mismo sistema de liquidación.

Resumen: es importante tengas en cuenta (a) obligación de presentar y liquidar ganancias por el ejercicio en que has generado la renta y (b) si vas a invertir en instrumentos financieros es recomendable lleves buenos registros y cuentas para que luego se pueda realizar la DDJJ de IIGG sin problemas a fin de año.

 

Espero haberte ayudado",ContadorCarbone,merval,4,2025-02-24 08:59:10,t3_1iwgi64,t3_1iwgi64,comment
medr5u5,"Yo iría al 50% Bonos del tesoro EEUU, 25% acciones (Ahí en algún ETF como SPY o más tranqui) y 25% BTC, y haces la plancha el resto de tu vida, vas a trabajar solo de lo que quieras y cuando quieras.",WSSquab,merval,3,2025-02-23 15:28:40,t3_1iwgi64,t3_1iwgi64,comment
medsc41,"Poniendome en tu lugar pondria una buena parte en bonos del tesoro. 

Creo que la apuesta a btc te salió bien pero si buscas algo a largo plazo iría por algo más conservador. 

Si bien hay que aceptar que te los vas a ir comiendo, creo que podes sacar la cuenta y vivir tranquilo sin lugar a dudas. 

Te felicito por la movida. 

Broker solo probé IBKR y la verdad lo recomiendo muchísimo.",Inevitable-Goat-5439,merval,2,2025-02-23 15:34:12,t3_1iwgi64,t3_1iwgi64,comment
medsj9l,"Con obligaciones negociables en USD podes vivir tranquilamente en Argentina, unos 6/7K USD mensuales si invertís 1M USD. Mira este tweet de Franco Tealdi, muy interesante:

[https://x.com/tealdif/status/1816207934998577559](https://x.com/tealdif/status/1816207934998577559)

  
Los ETFs te van a dar el pago de dividendos, una renta mensual no creo, porque para eso tenes que vender posiciones...",0III,merval,2,2025-02-23 15:35:08,t3_1iwgi64,t3_1iwgi64,comment
medvk1r,Primero ponete a aprender como invertir. Si querés ganar algo mientras tanto ponelo en cauciones de dólares.,msvs4571,merval,2,2025-02-23 15:49:13,t3_1iwgi64,t3_1iwgi64,comment
merjikw,"Yo los pondria en el fondo de cocos, rinde 6% anual mientras espero que baje el spy.",Awkward_Pause1683,merval,2,2025-02-25 17:36:06,t3_1iwgi64,t3_1iwgi64,comment
mezx2pi,Este fue el que hizo caer al bitcoin 😬,Cautious-Pop5412,merval,2,2025-02-26 22:48:03,t3_1iwgi64,t3_1iwgi64,comment
medrkwq,"Si llegaste al 1m de usd, hace renta fija y espera oportunidades. Inclusive puedes volver a invertir en Bitcoin pero sigue su ciclo. Las compras em Bitcoin seran en 2027 para el halving del 2028 y su posterior bull run.

En 2025 es venta, 2026 comienza el bear market y 2027 se preparan carteras para el bull run siguiente",Firm_Translator_8623,merval,1,2025-02-23 15:30:40,t3_1iwgi64,t3_1iwgi64,comment
medvw2t,"compra 20 propiedades y alquilalas, o guardatelos a plazo fijo total si con 1k al mes vivis tenes para 83 años",ghio1234,merval,3,2025-02-23 15:50:50,t3_1iwgi64,t3_1iwgi64,comment
medxkun,Recompra btc en el próximo mercado bajista por el amor de dios. Podías vender 20k de btc y meter esa plata en sp500 vti y bonos para los gastos corrientes.,Spirited-Hippo-5673,merval,1,2025-02-23 15:58:57,t3_1iwgi64,t3_1iwgi64,comment
meej0vw,"Felicitaciones!!! SPY te va a dejar 1% de dividendos y con eso podrias vivir de eso con un lindo colchon. Sin sumar intereses compuesto. Sino la otra es buscar algo con mejores dividendos y menor rendimiento. Mirate HYG. Deja 5,93% de dividendos y esta atado a bonos corporativos. Es decir, aseguras ingresos de $50k anual que se te depositan en cash. Lo que si, sacalos a algun broker seguro.",ski_slalom,merval,1,2025-02-23 17:43:41,t3_1iwgi64,t3_1iwgi64,comment
meeuxq8,Analizando tu perfil de inversor diria que todo al rojo,HVolker_,merval,1,2025-02-23 18:42:54,t3_1iwgi64,t3_1iwgi64,comment
mef287p,"Si tuviese 1 millón de dólares. Y no tengo idea de cómo invertir. 

Me compraría 10 departamentos de u$d 100.000 y los alquilaría en promedio de $400.000 c/u.

Eso me da un ingreso promedio de $4.000.000 por mes. 

Ponele que tenga que pagar inmobiliaria y dejar algo por si se rompe, recontra exagerado dejando $1.000.000 por mes. Me quedan $3.000.000 limpios por mes. 


Igual no se nada, es lo que yo haría. Abrazo y buena semana a todos.",Shovelx,merval,1,2025-02-23 19:19:57,t3_1iwgi64,t3_1iwgi64,comment
mefivpw,"Yo pondría la guita en un etf de dividendos, me chuparía un huevo el valor en si mientras los dividendos vengan todos los meses",Spiritual-Client3372,merval,1,2025-02-23 20:49:56,t3_1iwgi64,t3_1iwgi64,comment
mefm4j8,"Tenés que organtlo contable, porque vas a pagar algunos impuestos (te puedo asesorar en eso, trabajo de eso) y tenés que conocer y entender cuánto te queda de renta al final del año. Yo iría por más opciones que solamente eso. Vti puede ser una opción. Soy asesor en varios brokers, según tu perfil te puedo recomendar uno.",armonicoenfuga,merval,1,2025-02-23 21:08:00,t3_1iwgi64,t3_1iwgi64,comment
mefryh1,"Para invertir estos montos, mejor hacerlo con una cuenta en USA con un broker. Con eso más una cuenta bancaria que te permita retirar guita aquí, estás de fiesta. Retirando 1k o 2k por mes tenés para rato, las estadísticas dicen que nunca se te va a acabar la plata. Si necesitas ayuda con algo de ésto avisa, es lo que yo hice con mi plata.",Drorta,merval,1,2025-02-23 21:40:46,t3_1iwgi64,t3_1iwgi64,comment
mej80ik,"Te tiro data:

1. Elegí cualquier broker americano
1. invertí en fondos irlandeses que ACUMULEN y NO distribuyan dividendos
1. Recomiendo CSPX para stocks e IB01 para bonos
1. Mi split sería 20 acciones, 75 bonos, 5 cash. Para dormir tranquilo

Abrazo",jcm95,merval,1,2025-02-24 12:47:17,t3_1iwgi64,t3_1iwgi64,comment
mejg3hs,"Busca asesoria para diversificar tu dinero. CDTs, Cuentas de ahorros de alta rentabilidad, seguir haciendo trading, invierte en vivienda y/o brokers de inversión de proyectos de vivienda. 

Sea lo que sea, diversifica, no pongas todo en un solo lugar.",RonxlDMJ,merval,1,2025-02-24 13:26:48,t3_1iwgi64,t3_1iwgi64,comment
mepfg9e,"Yo te entiendo pero si tenes 1 m usd.. si podes vivir con 1k usd mes.. porque no tomas 12k usd de ese millon para pensar\\estudiar 1 anio tranqui??? que te apura? y digo 1 anio como para poner un periodo, capaz antes de ese periodo te das cuenta, pero bueno

Y los fondos estan ok, pero se vende mucho la mentira de que dan, no se ""5% anual"" pero hay años que baja 20%, otros que sube y asi.. y no es lo mismo enganchar el año en el que bajo que el año en el que subio

en fin op, yo diversificaria, pero vos tenes la posta

pd: tener usd en un banco argentino... prefiero tenerlo todo en btc.. jajajajaja",Potential_Bath5210,merval,1,2025-02-25 11:30:28,t3_1iwgi64,t3_1iwgi64,comment
meppdkv,"Veo que nadie responde la pregunta. Si sos una persona sola y no pagás alquiler, con 1.4 palos-pesos deberías arreglártelas. Ahora, arreglártelas no necesariamente es vivir bien; todo depende de tus expectativas, salidas, consumos en electrónica, ropa y demás. Pero bueno, esto es Argentina, así que eso aplica solo por este mes. Cuando suban la salud y los alimentos, veremos. Suerte.",Recent_Mountain571,merval,1,2025-02-25 12:22:54,t3_1iwgi64,t3_1iwgi64,comment
meec4xl,"La pala la vas a tener que seguir agarrando, nadie sobrevive sin ""hacer nada"". La cuestión psicológica te va a jugar un papel a futuro, y que mejor tener un plan B (quizás un laburo de menor responsabilidad?).

Las inversiones requieren tiempo, ya sea ajustar cuando sea necesario, leer y mantenerte al tanto, etc. Si por algún factor lo invertido se fuera a pique, tu mente podría jugarte en contra.

My 2 cents.",netz3r,merval,1,2025-02-23 17:09:32,t3_1iwgi64,t3_1iwgi64,comment
mee97ad,"Te hago un planteo fácil. Lo ideal es conseguir un asesor, pero le vas a tener que pagar y lidiar con muchos chantas. Especialmente en bancos que solamente quieren plata para ganar ellos.

Primero: 

Si alquilas. Compra una casa o departamento , preferiblemente según tus gustos, obvio centrándote en que sea zona tranquila, precios promedio de vivienda y costo de vida.

Segundo: 

Con lo restante. Vas a tener que tener dinero liquido(acceso instantáneo), ahorro con ingreso fijo e inversión.

Por lo general el dinero liquido o de acceso instantáneo podes indexarlo en la idea de que podes vivir cierta cantidad de tiempo sin tocar el ahorro o inversión. 

3-4 años(36-48meses x 2 mil) ahí tenes entre 72 y 96mil usd.

Te quedan en teoría 900mil usd.(si tenes casa de antemano)

Se que conoces btc y seguramente criptos y movidas. Lo más fácil y rápido de hacer es Earn flexible o bloqueado de USDT/USDC por interés anual fijo.
Creo que actualmente el fijo a 180 días en Bybit es 3,83% anual en USDT. Y Binance 1,98. Y el flexible el doble(pero el real va a ser menor)

Si deseas asegurar 1k de usd por mes sin riesgo de otros instrumentos. Necesitas 350k de USDT en Bybit y 100k de USDT en Binance en EARN bloqueado de USDT. 450k el monto. puede ser la 1/3 menor si tomas el flexible.

Te quedan teóricamente 450mil.

Tercero: 

Mira, acá ya es cosa de asesores de inversión. Pero lo básico u importante sería que consigas un contacto, gente del sector inmobiliario para comprar un departamento. Decentes prestaciones. Fácil de mantener y alquilarlo. Con ese departamento podes tener la posibilidad de adquirir otro departamento por vía hipotecaria y que se pague en parte con el propio alquiler del primer departamento y el alquiler del departamento hipotecado. No vas a ver ganancias hasta el fin de la hipoteca seguramente a 10-15 años según monto de entrega, pero son es un departamento que podes decidir vender y otro cuando se termine la hipoteca.

Hipotéticamente te quedarían 250k usd(si es que te sale 200k el departamento original y parte de la entrega para el segundo. Y acá, ya tenes que preguntarle a un asesor financiero. Pero seguramente la rentabilidad se te agregaría como extra al asegurar el 1k mensual solo con EARN de USDT. 

La otra alternativa es mandarte todo a EARN de USDT. Diversificar en top 5 exchanges para que nunca arriesgues todo en una canasta y literalmente tener un celular, notebook o tablet específica y solamente de uso para acceder a los exchanges.",DebtTaker-ARG,merval,1,2025-02-23 16:55:16,t3_1iwgi64,t3_1iwgi64,comment
meds22i,"Es evidente que no sabes nada de inversiones… Y el hecho que hayas corrido con suerte en esa ocasión no significa que siempre la tendrás.  Si ves tu dinero como un instrumento para apostar, pues dejarás tu futuro a la suerte.  El mejor consejo que te puedo dar, es que antes de que sigas arriesgándote a perder todo el esfuerzo y sacrificio de tus padres, te metas a estudiar sobre salud financiera, administración del dinero, análisis fundamental, análisis técnico, análisis cualitativo y Mercado.  Una cosa es invertir y otra muy diferente es apostar.",AggravatingCheck7980,merval,-2,2025-02-23 15:32:55,t3_1iwgi64,t3_1iwgi64,comment
meh1qxm,"No entiendo, perdon no soy inversor, no entiendo naden, porque no entraria",[deleted],merval,1,2025-02-24 02:32:35,t1_medqzfv,t3_1iwgi64,comment
meibm1l,Que brokers recomendas para ETF basados en Irlanda?,gordamaciel,merval,1,2025-02-24 09:41:01,t1_medrwdt,t3_1iwgi64,comment
meim8h2,Se puede invertir en esos fondos de Irlanda desde un broker local tipo IO?,AldaronGau,merval,1,2025-02-24 10:49:38,t1_medrwdt,t3_1iwgi64,comment
meglnns,"Para mí es por acá. Incluso con 2 departamentos podés sacar 1 palo por mes, al menos. 
Lo sé, tengo 2 departamentos.
Eso sí, cada tanto piden alguna reparación y una cagada cuando es urgencia pero, estoy justo por irme de la empresa en la que estoy, aceptar la indemnizacion, construir una vivienda fija(alquilo actualmente).
Si, es laburo pero es tranqui dentro de todo laburar con rentas si tenés buenos inquilinos. 
Igual no recomendaría a nadie no laburar, más si laburar en algo que te apasione(aunque pueda no darte dinero, en mi caso el arte) total si ya tenés un ingreso fijo te podés dar ese lujo. 
Tenés opciones, inversiones yo no me lo banco soy muy cagón y necesito tener la vaca a mano.",AccomplishedWin579,merval,2,2025-02-24 00:36:58,t1_medvw2t,t3_1iwgi64,comment
mefawid,"No haces nada con 3 millones. Invertiste 1 palo para ganas 3 millones de pesos?? Yo pondria 200.000 en SPY y esperaria wue en 10 años sean 300? No se, y de paso con 800.000 dólares vivo",niko3100,merval,1,2025-02-23 20:05:41,t1_mef287p,t3_1iwgi64,comment
meeuuth,Argentina es mas cara q suiza o nueva york. Vivis con 5 mil dolares al mes ajustado,LeadershipDry8242,merval,0,2025-02-23 18:42:30,t1_meepl7k,t3_1iwgi64,comment
memgu4m,"Nah la inversión en bitcoin en 2023 era una apuesta segura. Todo el mundo sabía que llegaba el halving y se duplicaba el precio, yo me arrepiento de no haber tenido mas plata para poner en BTC nomas.",Jaded-Influence,merval,1,2025-02-24 22:14:20,t1_mee8s53,t3_1iwgi64,comment
mem0ti2,"En schwab no podes invertir fuera de EEUU, entoces ahí no queda otra que ir por VT o similar. La unica diferencia es que va a pagar dividendos y sobre esos, vas a perder el 30% lamentablemente",DrOcid,merval,1,2025-02-24 20:48:01,t1_meex1vt,t3_1iwgi64,comment
meikp0x,"Por ahora, el único broker que acepta residentes argentinos y que ofrece ETFs irlandeses es Interactive Brokers.

>Charles Schwab ofrece EFTs irlandeses solo a residentes de USA.",Unfair-Truck-2692,merval,2,2025-02-24 10:40:26,t1_meibm1l,t3_1iwgi64,comment
mem1gzt,"Me imagino que algunos te dejan invertir afuera, aunque se que la mayoría permite invertir en EEUU pero si la idea es invertir en ETFs domiciliados en Irlanda, lo ideal seria que puedan operar en la bolsa de Londres, que conseguir muchas alternativas, si no en Italia o Alemania (hay que revisar depende cada bolsa)",DrOcid,merval,1,2025-02-24 20:51:27,t1_meim8h2,t3_1iwgi64,comment
mefv2fb,ya se que usted está picarón pero este es un sub de inversión señor,nitrodoggo,merval,12,2025-02-23 21:58:16,t1_meeblbk,t3_1iwgi64,comment
mefrtd8,"Es verdad, no es absolutamente nada. Pero no te olvides de que estás poniendo el dinero en un mercado bursátil. 

Si mañana se va todo a la miércoles, perdés todo. Entiendo también que spy500 hace mucho que está y es confiable. Pero no deja de ser un mercado. 

Si, está bien tu idea. De última pones 1/4 del millón. Sería diversificar no ?",Shovelx,merval,1,2025-02-23 21:39:58,t1_mefawid,t3_1iwgi64,comment
meejz8l,"Y tampoco tan austera, hace poco con unos amigos calculamos con medio metiendo en plazos fijos te caen 5 millones de pesos al mes. Es un cago de risa mal  
Obviamente no vas a meter medio millon de dolares en plazo fijo, pero se entiende la idea",MrPantufla1559,merval,1,2025-02-23 17:48:26,t1_mee0d7h,t3_1iwgi64,comment
meeu9fu,Argentina esta mucho mas cara que suiza. Una persona solteta necedita 4 mil o 5 mil dolares al mes para vivir,LeadershipDry8242,merval,1,2025-02-23 18:39:34,t1_meeepnn,t3_1iwgi64,comment
meg35e5,"15 % de la diferencia entre pventa-pcompra, es el impuesto a la renta, no me parece tan grave.",chescov77,merval,8,2025-02-23 22:44:26,t1_mef3yrs,t3_1iwgi64,comment
mejai66,"this, el valor fiscal de las propiedades (menos los autos, esos estan altos) suele ser mucho menor que el cotizado real del mercado",DiMolto420,merval,1,2025-02-24 12:59:29,t1_meggo8m,t3_1iwgi64,comment
meez0kp,"Lo que se entiende es que les falta experiencia si vas a proyectar para tu retiro en base a las tasas de los plazos fijos o billeteras virtuales hoy.  
Contame en 12 meses cuánto te dan las billeteras virtuales/FCI/plazo fijo. O mira cómo cambio eso (y el mundo) durante los 40 años anteriores y date cuenta lo IMPOSIBLE que es saber cómo serán cosas básicas, mucho más aún una tasa que cambia cada 2 meses.  

Tenés que estar MUCHO más sobrado que OP para poder retirarte tranquilo a su edad, o estar dispuesto a vivir bien básico.  

Y la velocidad de cambio se acelera y acelera, de 1950 a 1980 fue mucho más lento que de los 80 a 2010, y de 2010 para acá ya es una locura y 2040 está lejísimos todavía.",--Quartz--,merval,0,2025-02-23 19:03:28,t1_meejz8l,t3_1iwgi64,comment
megnfst,Y va a volver a perder cada vez que venda de su nueva inversión.,Choriciento,merval,-2,2025-02-24 00:48:26,t1_meg35e5,t3_1iwgi64,comment
medxylq,"Si es tu vivienda no es inversion, cuando lo van a entender ?",matextrem10,merval,6,2025-02-23 16:00:47,t1_medtv5j,t3_1iwgi64,comment
medvzvd,"Ahh se me escapó una pregunta básica… ¿Vives en casa propia, alquilada o en la copa de un árbol?  Si es casa propia, debes pagar impuestos, mantenimiento y eso TODOS los años sube.  Si es alquilada, debes pagar el alquiler y darle mantenimiento y también sube todos los años… Bueno, si vives en la copa de un árbol, no pagas alquiler pero tendrás que comprar repelente para insectos, más ropa y zapatos por el desgaste y TODO eso SIEMPRE sube de precio.
Ahora bien… La respuesta es basada en la pregunta del que quiere vivir sin hacer nada el resto de sus días… NO EXISTE ni un solo fondo que sea estable o que te asegure que siempre te dará ganancias, por algo se llama renta variable y si vamos a renta fija, las ganancias son muy bajas porque sacrifica ganancia por seguridad y aún así existe el riesgo que en algún momento no puedan cumplir con los pagos de dividendos o intereses",AggravatingCheck7980,merval,-7,2025-02-23 15:51:20,t1_medu4s4,t3_1iwgi64,comment
medyl34,Vos no invertirías en tu calidad de vida? Solo los secos piensan en sacarle rendimiento a cada peso que pasa por sus manos,sreimsin,merval,4,2025-02-23 16:03:49,t1_medxylq,t3_1iwgi64,comment
mef75fc,"Mí punto es que no podes ni en pedo confiar en que 1000 o 2000 dólares te alcancen para vivir dentro de 40 años, no con lo rápido que cambia todo en el mundo hoy.  
Hace 40 años 1 palo verde era una locura difícil de alcanzar, hoy son 5 años de un sueldo lindo en EEUU (ninguna locura, sueldo de un ingeniero apenas senior en petróleo o software).  
En 40 años no tenemos idea de cómo vamos a vivir.  
Con 800k largas acomodado, nadie lo discute, pero ni en pedo estás como para meterlo en un lugar y ""olvidarte"", un par de giros complicados y estás complicado.",--Quartz--,merval,0,2025-02-23 19:45:36,t1_mef00e9,t3_1iwgi64,comment
medz31f,"Obvio que si, pero no lo defino como una inversion, sino como un gasto. Esta bien hacer gastos para uno, ahora definirlo como inversion esta mal porque no lo es.",matextrem10,merval,6,2025-02-23 16:06:15,t1_medyl34,t3_1iwgi64,comment
mef9rdj,">hoy son 5 años de un sueldo lindo en EEUU

Un sueldo MUY lindo. No cualquiera gana 200k al año en estados unidos. Es cierto que no es la locura de hace 40 años pero ni en pedo son sueldos sencillos de alcanzar y requieren muchos años de estudios en universidades que, a diferencia de aca, son privadas.

Ni hablar que el costo de vida de Argentina es significativamente inferior al de USA, aca un soltero puede vivir tranquilo con 15k al año. Obvio eso puede cambiar pero cuanto? No te va a aumentar a 50k por año en 10 años y si lo hiciese, los rendimientos de tus inversiones tambien cambiarian.",01ares,merval,2,2025-02-23 19:59:31,t1_mef75fc,t3_1iwgi64,comment
mejnyr6,"Eso sería irse al extremo.

Literalmente se podría vivir de rentas con 600k usd, pero para hacerlo en Argentina necesitas reunir 400k más porque de cada retiro te sacan una parte.

Es dinero que ya pago impuestos y encima que esta arriesgando uno.

Pero como dicen, el gob es tu socio en las buenas solamente.",Choriciento,merval,1,2025-02-24 14:03:39,t1_mejn13h,t3_1iwgi64,comment
mcpumsj,"La mejor formula la tenes que hacer vos guardando los tickets del super y demas gastos fijos mensuales, como obra social, seguro, expensas, servicios e impuestos.  
Comparas mes a mes, año a año. Ese es tu IPC.

Es como el PBI per capita, para el pais capaz te da usd 1000 pero la gran mayoria esta casi a la mitad porque Mercado Libre y otras grandes empresas te suben en mucho el promedio.",lic_ek,merval,12,2025-02-14 09:02:28,t3_1ioqo7x,t3_1ioqo7x,comment
mclnu2m,"Che, que avisen a que supermercado van a comprar los del indec, evidentemente a mi me están cagando.",dorakus,merval,30,2025-02-13 16:25:50,t3_1ioqo7x,t3_1ioqo7x,comment
mcts4ep,"[https://www.indec.gob.ar/indec/web/Institucional-Indec-mi\_propio\_IPC](https://www.indec.gob.ar/indec/web/Institucional-Indec-mi_propio_IPC)

El indec tiene una seccion para calcular tu propio IPC. El mio dio 3.5. El tema es que tambien hay que llevar un registro de gastos para poner los numeros correctos.",Beneficial-Raccoon40,merval,2,2025-02-14 21:43:31,t3_1ioqo7x,t3_1ioqo7x,comment
mclmm3p,"con cuanta inflación dicen que cerramos el año?

hagan sus pronósticos y después vemos si alguno le pego. 

yo digo 22,9",Spirited-Hippo-5673,merval,2,2025-02-13 16:20:13,t3_1ioqo7x,t3_1ioqo7x,comment
mcm3ivu,"Necesito ir al supermercado INDEC, porque el Carrefour no la está viendo.",Happy_Bad_Lucky,merval,6,2025-02-13 17:38:07,t3_1ioqo7x,t3_1ioqo7x,comment
mcoj0xl,en el alquiler el IPC se le suma al primer pago cierto? no cada vez que se aumenta,Ok_Finding2069,merval,1,2025-02-14 01:38:57,t3_1ioqo7x,t3_1ioqo7x,comment
md4k1uy,Bro tuvimos más 100 por ciento de inflación en dolares no se q festejan,[deleted],merval,1,2025-02-16 16:54:11,t3_1ioqo7x,t3_1ioqo7x,comment
mcmvvtl,"Hacen falta más bolseros en r/merval 

Se veía venir y agarré justo la baja de bonos CER que siempre pasa con estas noticias. Me salí de NVIDIA que desde la llorería en reddit por deepseek subió como 18% y pase todo ahí.",elrond_lariel,merval,1,2025-02-13 19:54:24,t3_1ioqo7x,t3_1ioqo7x,comment
mcmgp8i,"Porque tenes una inflación pero en dólares y aumenta el costo de vida. Los servicios son más caros, cada vez necesitas más plata para poder vivir y tener el mismo costo de vida que antes",Grouchy_Report9373,merval,-5,2025-02-13 18:39:47,t3_1ioqo7x,t3_1ioqo7x,comment
mcr0044,"Nada viene aumentando en los terminos que pone el INDEC, o estan tocados los números o estan mintiendo directamente. Hay productos que directamente aumentan un 25% de un saque como si nada, y las promociones que usaban para disimular el sobreprecio ya pararon.",Spiritual-Big-4302,merval,5,2025-02-14 13:09:46,t1_mclp4my,t3_1ioqo7x,comment
mclrpgs,"Eso venía a decir. Hay gente muy basura q sigue en la misma, especialmente supermercados grandes. Voy a La Gallega todos los meses a comprar las mismas cosas, y hay productos a los q le meten unos cuantos pesos de aumento por mes.",caption-this-,merval,7,2025-02-13 16:43:32,t1_mclp4my,t3_1ioqo7x,comment
mcpsygv,"Oferta y demanda.  
Cuando un pais tiene la economia destrozada, y encima con leyes laborales obsoletas y una industria del juicio laboral, el incentivo para contratar en blanco es muy bajo. Crece la oferta, es decir, la cantidad de gente que necesita laburar y por lo tanto los sueldos caen.

En palabras simples, le pagas a un empleado en blanco 100 pero tenes que poner 160 para la jubilacion, y el resto para los Gordos de la CGT y el Estado. Excluyendo el aporte jubilatorio del lado patronal, con el resto podrian contratar a una persona media jornada en blanco.  
Mas aun, con 50% de laburo en negro se destroza el sistema jubilatorio.",lic_ek,merval,2,2025-02-14 08:48:14,t1_mclp4my,t3_1ioqo7x,comment
mcmt1j9,"Pero nadie dice que no haya inflación, sino que desaceleró, inflación sigue habiendo los precios van a seguir aumentando a un menor ritmo.",CucarachaRosarina,merval,7,2025-02-13 19:40:00,t1_mclnu2m,t3_1ioqo7x,comment
mcltxfp,"Imaginate si hubieran cambiado la forma de medición, dirían que es por eso que da a la baja.

Por eso mantuvieron sin cambios hasta las autoridades del INDEC.",LStofenmacher,merval,45,2025-02-13 16:53:34,t1_mclsp3z,t3_1ioqo7x,comment
mclzjpy,"el tema metodologico es super importante, creí que habian dicho que mejorarian esto hace un par de meses pero no se en que quedó.... todavia usan canasta de 2005 ""con ajustes y adecuaciones"", pero no dicen cuales son.

Para el curioso, se puede ver que hay en la canasta (hoja Ponderaciones): [https://www.indec.gob.ar/ftp/cuadros/economia/sh\_ipc\_aperturas.xls](https://www.indec.gob.ar/ftp/cuadros/economia/sh_ipc_aperturas.xls)

Y algunos precios promedios (columna CY hoja Nacional), que tientan compararlos con tu super/almacen a ver que tan cerca esta la cosa:

[https://www.indec.gob.ar/ftp/cuadros/economia/sh\_ipc\_precios\_promedio.xls](https://www.indec.gob.ar/ftp/cuadros/economia/sh_ipc_precios_promedio.xls)",polentx,merval,5,2025-02-13 17:19:33,t1_mclsp3z,t3_1ioqo7x,comment
mcmlq4b,"El Gobierno anterior literalmente congelaba precios de la canasta básica (Precios Cuidados) para intentar frenar el IPC.

Lo que vos decís no tiene comparación a eso.",-Longchamps-,merval,9,2025-02-13 19:03:40,t1_mclsp3z,t3_1ioqo7x,comment
mclz7zy,"Porque si están pisando el dólar no se dispara la brecha con el blue, es entendible que parte de la oferta se vaya al mep que es más barato, pero los que están en negro igual deberían ejercer presión compradora como para que suba. Que otra variante puede haber",Spirited-Hippo-5673,merval,1,2025-02-13 17:18:03,t1_mclsp3z,t3_1ioqo7x,comment
mcmoima,"Pero eso es porque el peso argentino se fortaleció más de un 40% en 2024.  Prefiero una moneda fuerte y una economía en recuperación que la devaluación constante y sin rumbo que sufrimos antes.

Resultados a la vista. Moneda Estable, Inflación del 2,2%, mensual, acuerdos salariales por encima del IPC hace varios meses consecutivos. El mes que viene sale el nuevo índice de pobreza, no hay una sola estimación privada que niegue que la pobreza bajó.",-Longchamps-,merval,9,2025-02-13 19:17:20,t1_mcmgp8i,t3_1ioqo7x,comment
mcopk0x,"Los salarios medidos en dolares cumplieron 9 meses seguidos aumentando más que la inflación.

Datos, no relato.",tincho5,merval,0,2025-02-14 02:27:56,t1_mcmgp8i,t3_1ioqo7x,comment
mdfitnb,"Solo de expensas tengo un subidon de usd 25 con Ma$$a a casi usd 100 con $Milibra (asi no se enoja nadie)  
Se veia venir un aumento de los precios en dolares, mas tarde o mas temprano, independientemente de quien ganase en 2023.  
En los dias del Turco pagaba usd 30-50 de luz. Hace un año pague usd 1. A ver, mas alla de que quisiera pagar cero, algo no estaba bien.  
  
Pero esto es motivo para otro post.",lic_ek,merval,1,2025-02-18 11:09:38,t1_mcuioyt,t3_1ioqo7x,comment
mcpt5zk,"O la famosa ""por los hechos de público conocimiento"", también conocida como te subo el precio y jodete, fin de la discusión. Que lo aplican aquellos productos/servicios imprescindibles o difícilmente reemplazables como salud, educación y otros indispensables.

Yo ahora estoy rebelde y cada vez que me aplican un aumento +10% intermensual, onda dentista, psicólogo, etc. les pregunto directamente ""por qué aumentás 15% si la inflación es 2%?""... imaginte la respuesta, no...

Y estos son los precios cuyos aumentos son fácilmente identificables, imaginate aquellos que no consumo en forma frecuente, con lo cual no puedo retener el precio de referencia en mi cabeza y me olvido, entoces me dicen X, y o Z y no tengo ni idea si es caro o barato.",Ignacio_sanmiguel,merval,7,2025-02-14 08:50:03,t1_mclqk4q,t3_1ioqo7x,comment
mcooxhl,"El IPC publicado es siempre del mes anterior.

El mes que viene va a subir un poco por estos aumentos, de la carne, y de algunas cosas más.",tincho5,merval,4,2025-02-14 02:23:03,t1_mcnjyhl,t3_1ioqo7x,comment
md0b4kp,"Yo como carne, verduras, frutas, tomo agua embotellada porque donde vivo (gobierna peronismo hace 30 años) no tenemos agua corriente y noto que la inflación es muchisimo mayor a la indicada por el INDEC.

Yo creo que nos están chamullando",Diegam,merval,1,2025-02-15 23:24:53,t1_mcv2co1,t3_1ioqo7x,comment
mcsetns,"primer aumento ejemplo: 300k + 2% ipc  
segundo aumento como se aplica?: 300k + 2% = total + 2%

o es 300k +2%IPC + 2%ipc ?",Ok_Finding2069,merval,1,2025-02-14 17:17:56,t1_mcpwew6,t3_1ioqo7x,comment
mcmypz8,"Interesante. Pero es una cosa que no me termina de enganchar Discord (en gral) no sé por qué

\[EDIT\] No dije nada muy bueno el discord de merval

\[EDIT 2\] No dije nada me tengo que verificar con el cel, hmm no",elrond_lariel,merval,1,2025-02-13 20:09:09,t1_mcmwhxr,t3_1ioqo7x,comment
mcmukin,"Pero que la moneda sea estable y la inflación en dólares son dos cosas distintas. Cada vez necesidad más pesos para pagar la luz, gas, un boleto de colectivo, etc. si cada vez necesitas más pesos pasa pagar lo mismo que tenías y el dólar sigue igual, necesitas más dólares para poder vivir.
 

Por ahora, tenemos una moneda “estable”. Si tiene q intervenir el estado para q el dólar no suba, no es una moneda estable ( y está está interviniendo)
 

Si todo estaría bien, no estaríamos a la espera del FMI y su préstamo",Grouchy_Report9373,merval,4,2025-02-13 19:47:42,t1_mcmoima,t3_1ioqo7x,comment
mcntekf,"Es esto

Muchas veces la gente te dice ""pero a donde voy a ir si no hay laburo""

Le preguntas cuántos cvs mando y vuelven a la misma frase

No digo q sea fácil, lo que digo es que si no lo buscas no lo vas a encontrar 

Y la otra, hay q ir mejorando para ofrecer algo más al mercado sino otro te gana porq tiene mejor calificación",Correct-Sandwich4982,merval,-8,2025-02-13 23:00:06,t1_mcm3kc9,t3_1ioqo7x,comment
mcm6czt,https://www.infobae.com/economia/2025/02/12/en-medio-del-impacto-por-los-aranceles-de-eeuu-la-siderurgica-acindar-suspendio-a-1000-empleados/?outputType=amp-type,invisible92,merval,3,2025-02-13 17:51:16,t1_mcm50ts,t3_1ioqo7x,comment
mcm6mhj,https://www.lanacion.com.ar/economia/negocios/danica-cerro-su-historica-planta-de-llavallol-y-terceriza-la-produccion-nid07012025/,invisible92,merval,3,2025-02-13 17:52:29,t1_mcm50ts,t3_1ioqo7x,comment
mcqcwo3,"Y entonces contame por favor, dónde averiguo un índice porcentual de aumento intermensual REAL, que me informe concretamente lo que me importa a mí y me impacta el bolsillo:

* colegios
* salud
* prepagas
* supermercado
* servicios
* restaurantes

Por que sino todas las respuestas son elusivas de keyboard-warriors tipo ""estos tarados no entienden lo que es un índice ponderado""... ""estos kirchos no la ven, no entienden que su caso anecdótico no es estadísticamente representativo""...

Si nene, ya te vimos mi amor qué lindo todo lo que sabés... pero yo la información que necesito concretamente es cuánto están aumentando las cosas de mi canasta básica de chabón de clase media/media-alta, porque siento que todos los días me siguen aumentando todos los precios en forma descontrolada y no les puedo seguir el ritmo sin una referencia clara para poder comparar.

Así que gracias desde ya si alguien me puede indicar a una fuente confiable que me ofrezca la información que concretamente necesito... porque ese 1 ó 2% es falopa.

Gracias desde ya.",Ignacio_sanmiguel,merval,0,2025-02-14 11:07:08,t1_mclxlju,t3_1ioqo7x,comment
mcqdt0o,"Sí, pero el INMAG, que es como el CAC de la carne solo subió 50% interanual (perdió mal contra la inflación), con la gran parte de la suba registrada acumulada solamente de noviembre24 para acá... y el dolar planchadito hace un año y medio. O sea, sube el precio más por las argentinadas tipo ""uh... es que me subió el alquiler del local"" y otros chamuyos similares que por un aumento real del animal en pie ó en gancho.",Ignacio_sanmiguel,merval,3,2025-02-14 11:12:26,t1_mcm2p9x,t3_1ioqo7x,comment
mclscsf,"Los que releva el Indec, y gracias",EconomicsDirect7490,merval,-4,2025-02-13 16:46:27,t1_mclpbyz,t3_1ioqo7x,comment
mclunm6,"No importa, la gente se olvida del aumento de la carne para el 13 del mes que viene... ahi te mandan un 1.7% de IPC",Diegam,merval,0,2025-02-13 16:56:55,t1_mclp63n,t3_1ioqo7x,comment
mco9573,"3900... Una coca de mierda, dale hermano,  como no va a estar clavada? Que querés que salga, 5 dólares una coca?
Es tremendo esto, el precio tiene que bajar, o los salarios subir mucho más o hay que devaluar, pero totalmente desorbitados los precios y aplauden que la coquita está clavada",Prudent_Potato_4379,merval,5,2025-02-14 00:34:00,t1_mclxhh8,t3_1ioqo7x,comment
mcm5729,"Un poco coexisten, el IPC de CABA tiene la canasta actualizada (que es la que recomienda el INDEC, aunque no la aplique).",Jauretche,merval,8,2025-02-13 17:45:51,t1_mclzd8l,t3_1ioqo7x,comment
mcm33dg,"lo podrían hacer una vez que liberen el dolar y lo dejen flotar libremente... si se llega a escapar hacia arriba, igual no es responsabilidad del gobierno porque ya no estaría manejando la moneda, sino que sería el resultado entre compra venta de privados...",InevitableBit2367,merval,-4,2025-02-13 17:36:07,t1_mclzd8l,t3_1ioqo7x,comment
mcnu8gw,"Exacto, los gobiernos peronistas devaluan constantemente para abaratar los productos en dolares. Volviendo al tema de las inversiones: hace un tiempo puse toda mi guita en una empresa llamada Generación Zoe. Espero grandes ganancias este año cuando retire mis fondos!



/s",spender-2001,merval,0,2025-02-13 23:04:56,t1_mcmukin,t3_1ioqo7x,comment
mcx1kz3,"Informe del Indec:

https://www.indec.gob.ar/uploads/informesdeprensa/salarios_02_2540E7BC430E.pdf

Por ejemplo, inflación Enero 2.2%, sueldos subieron 3.1%.

Hace 9 meses seguidos que suben más que la inflación.",tincho5,merval,2,2025-02-15 12:59:20,t1_mcuit4v,t3_1ioqo7x,comment
mcqbr2z,Le regalan cada vez más dólares por mes a Mirian la empleada administrativa con 25 años de antigüedad... así nos va a explotar todo en la cara.,Ignacio_sanmiguel,merval,1,2025-02-14 11:00:10,t1_mcm8n4b,t3_1ioqo7x,comment
mcqb162,"es un sinsentido lo que decis, como te va a aumentar 20% intermensual lol. es dificil que te de exactamente como el indec porque depende en como distribuis tu gasto en el mes y donde vivis",Swimming_Teaching_75,merval,-1,2025-02-14 10:55:52,t1_mcptqco,t3_1ioqo7x,comment
mcqsugm,"Arma tu canasta básica con lo que normalmente gastas agrupados en distintas categorias, y de ahí anda midiendolo mes a mes. Las diferencias de precios en dichas categorías te da la inflación que te afecta, en función de lo que vos haces. Otra manera más sencilla no hay lamentablemente. 

Si buscas alguno publicado, dentro del mismo Excel del IPC muestra los indices por rubro, por zona, etc. Pero sigue siendo un promedio, difiere mucho de la realidad que vos vivas.",amorningstudent,merval,3,2025-02-14 12:34:12,t1_mcqcwo3,t3_1ioqo7x,comment
mcrmqe7,"No existe ese indice porque la ponderacion es personal, tenes que armartelo vos. No es tan complicado con spreadsheets, pones en una tabla los productos en cada fila y una columna o sheet por cada mes y despues sacas las cuentas que quieras.

En el reporte del indec podes ver los desgloses por cada categoria, tal vez en el de CABA o de tu provincia tenga mas sentido. 

No solo cada uno tiene su canasta, tambien los precios a los que podes acceder varian. Depende de que locales tengas cerca, si compras minorista, mayorista o usas descuentos, etc.",HwanZike,merval,2,2025-02-14 15:00:25,t1_mcqcwo3,t3_1ioqo7x,comment
mcm5vhk,Mantener el valor de la moneda es responsabilidad del gobierno aunque tengamos tipo de cambio libre... Se supone para eso está el BCRA.,Jauretche,merval,8,2025-02-13 17:49:01,t1_mcm33dg,t3_1ioqo7x,comment
mcx91oj,"Desde el 2019 que está Lavagna en el INDEC.
El mismo de siempre.

Con la K era honesto, y ahora no?",tincho5,merval,2,2025-02-15 13:38:16,t1_mcx810w,t3_1ioqo7x,comment
mcxaffx,"Y todas las Research privadas que coinciden aproximadamente con el INDEC?
Qué excusa ponés ahí? A ver, que me quiero reír.

Incluso investigaciones de Universidades que son re contra kuka tienen que admitir que los números les dan igual que el INDEC. Cómo es la mano entonces?",tincho5,merval,2,2025-02-15 13:45:22,t1_mcx9f0y,t3_1ioqo7x,comment
mdzunbh,"Hice una venta de al30d hace unos dias, lei lo que dijiste, fui a mirar y es verdad. Es todavia peor porque habia retirado lo que vendi y deje un resto que ya lo tenia en la plataforma, hicieron el retiro y tomaron lo que tenia para meterlo en el fondo!!",m2juan,merval,26,2025-02-21 11:48:28,t3_1iurr80,t3_1iurr80,comment
mdzoc07,"PPI / Balanz Master Race.

El resto, en mi experiencia, es para renegar (soy inversor hace 10 años).",[deleted],merval,43,2025-02-21 11:14:47,t3_1iurr80,t3_1iurr80,comment
mdzr3l8,"Como dijo alguno por ahi, los únicos brokers serios que conozco son Balanz y sobre todo Ppi",Ready-Cherry-2638,merval,33,2025-02-21 11:29:42,t3_1iurr80,t3_1iurr80,comment
me0offs,"Acabo de simular una venta de algo en especie D y en el último paso aparece bien en claro ""Elegi que hacer con tu dinero""

•Invertir en IOL Dolar Ahorro Plus
•Acumular en IOL invertironline
•transferencia a tu cuenta bancaria.

Esto desde la app.


Y en la pagina, lo mismo.
En el último paso tenes un campo donde elegis que hacer con la plata.

No subo foto porque no veo la opcion

Me parece que te apuraste y ni lo viste",Orange01car,merval,23,2025-02-21 14:10:47,t3_1iurr80,t3_1iurr80,comment
me0x290,"El broker no es tu amigo, es cierto , algo a tener siempre en cuenta. Sabes si hay alguna forma de cambiar esa configuración ?",[deleted],merval,4,2025-02-21 14:50:21,t3_1iurr80,t3_1iurr80,comment
mdzztvv,"Cuando compras te da la opción de elegir donde depositar los dolares. Si comprás sin leer, no culpes a los demás.",MondongoLisergico,merval,12,2025-02-21 12:14:47,t3_1iurr80,t3_1iurr80,comment
me0gw22,"Yo compré acciones en dólares y hace días que no me figuran pero las operaciones están hechas , y no me contestan !
Deci q estoy de viaje , porque cuando vuelvo les caigo a las Oficna mala onda",-tommy003,merval,3,2025-02-21 13:35:52,t3_1iurr80,t3_1iurr80,comment
me3efdp,Tenía entendido que los dólares provenientes de cualquier operación de dólar mep tienen que ir a una cuenta bancaria primero,Terodius,merval,3,2025-02-21 23:06:45,t3_1iurr80,t3_1iurr80,comment
me0jodv,"Resumen nivel 5:

>Cuando se configura una operación donde como resultado recibís dólares, hay un menú en la app donde elegís si querés dejar los dólares en la cuenta o suscribirlos a su FCI. Por defecto esta opción está puesta en lo segundo (mal por IOL), OP le dio siguiente sin ver y se ejecutó este modo por defecto.

Por cierto, es perfectamente normal que un FCI que no es money market tenga días, semanas, incluso meses donde el valor baja, ya sea si el FCI es en pesos o en dólares. Esos 6-8% de rendimiento que suelen mostrar los FCI en dólares es un rendimiento total anual, donde en el medio hubo períodos donde subió y bajó.",elrond_lariel,merval,4,2025-02-21 13:48:46,t3_1iurr80,t3_1iurr80,comment
me0wx8r,"Tengo 500 k en cedears y acciones, un portafolio muy escueto pero tenia todo mi interés en desarrollarlo en ""iOL"", me recomendarían que me mude a otro broker?
Incluso había pensado en usar la wallet de criptomonedas aunque es una basura, solo por la interfaz y por como me incentivaron e incentivan a invertir.",Savings-Fig-3603,merval,2,2025-02-21 14:49:43,t3_1iurr80,t3_1iurr80,comment
me3cej7,Algo que no entiendo... no era que no se pueden invertir los dólares después de una venta?  O sacaron esa restricción?,Desmo4,merval,2,2025-02-21 22:54:42,t3_1iurr80,t3_1iurr80,comment
me0dgzr,"Ok. Yo estoy probando IOL pero entonces BALANZ es mas serio?? Me paso enseguida porque solo tengo 100 dolares en CEDEAR SPY 500 y 100 dolares a subscribir en su FCI que da 6.25%, solo estoy probando. Tambien se habla muy bien de buenbit si queres invertir directo con los ETF de USA.",niko3100,merval,1,2025-02-21 13:19:56,t3_1iurr80,t3_1iurr80,comment
me0bugj,Que FCI en dolares recomendarias? aprovecho para preguntar jaj,YamiNoKenshi_,merval,1,2025-02-21 13:12:12,t3_1iurr80,t3_1iurr80,comment
me13eox,"Pero te pone la opción de que hacer con los dólares, que seas medio colgado y no prestes atención es problema tuyo rey, no de iol. Cada amateur invirtiendo",Andrescoo,merval,-1,2025-02-21 15:19:34,t3_1iurr80,t3_1iurr80,comment
me2a8v6,"INVIU tiene esa opcion para los fondos en pesos (pero caucionan en lugar de meter en un FCI si mal no recuerdo). Al igual que IOL es totalmente opcional, te pasa por goloso clickeador compulsivo.",adrius,merval,0,2025-02-21 18:43:50,t3_1iurr80,t3_1iurr80,comment
mdzvpa9,"Para que se entienda mejor porque es inaudito lo que hicieron  
Hace unos dias compre dolar mep, vendi unos al30D y retire el dinero comprometido a una caja de ahorro en dolares, por otra parte en IOL tenia unos fondos en dolares en la comitente liquidos, lo que hicieron fue procesar el retiro, enviarme lo que resulto de la venta del AL30D y tomar los dolares liquidos que tenia en la comitente para suscribir el fondo",m2juan,merval,11,2025-02-21 11:53:56,t1_mdzunbh,t3_1iurr80,comment
mdzpo8h,"Te da a elegir, pero la opción por defecto es suscribir al fci.

En qué cabeza cabe que si vos ponés en venta tus activos en dólares es porque querés suscribir el fci pedorro ese? Te tienen que dejar la guita y vos después si querés suscribir lo suscribís.",sbd0223,merval,13,2025-02-21 11:22:03,t1_mdzpc9d,t3_1iurr80,comment
me0se75,"Sí, ya puse en otro comentario que lo quise hacer rápido y ni lo ví. 

Igual es raro porque ya había vendido en especie D otros bonos hace no mucho y esos me los acreditaron sin problemas (y tampoco había tocado nada de esa opción).

En fin, mi servicio está hecho, ojalá a nadie más le suscriban sin quererlo.",sbd0223,merval,-7,2025-02-21 14:28:59,t1_me0offs,t3_1iurr80,comment
me16zhl,"Ahí me contestaron del soporte, no hay forma de cambiar la configuración por defecto del destino de los dólares ni de deshabilitar que te los suscriba al fci si no tocás nada.

En resumen, van a seguir pescando gente que no toque la configuración para suscribirlos a su fci de mala muerte.",sbd0223,merval,6,2025-02-21 15:36:05,t1_me0x290,t3_1iurr80,comment
me0l2x3,">Por cierto, es perfectamente normal que un FCI que no es money market tenga días, semanas, incluso meses donde el valor baja, ya sea si el FCI es en pesos o en dólares

Y exactamente esa es la razón por la que no deberían suscribirte automáticamente. Si fuera un fondo MM *poneeeeeele* (de hecho es lo que hacen con los pesos y dólares que están como saldo en la comitente y así te dan rendimiento con el saldo), pero este es de renta fija.

Voy un paso más allá, ponele que vos cuando vendés en D querés suscribir a este fondo porque ""rendimiento en dólares y bla bla"", nada impide que la composición del fondo cambie un día y tengas otra cosa que no sea renta fija en ese fondo. Capaz los tipos dicen ""che, al cedear de AAPL hay que darle liquidez en especie D así que lo metemos al fondo que se suscribe solo"" y un día AAPL mete un bajón de 5%, para cuando te des cuenta qué pasó ya es tarde.

Me pueden decir que no leí todo lo que quieran, lo cierto es que la gente de iol se está tomando una atribución que no deberían al poner esta opción por defecto y los que la usan están corriendo un riesgo que no deberían.",sbd0223,merval,2,2025-02-21 13:55:16,t1_me0jodv,t3_1iurr80,comment
me17fcs,"Después de esta fantochada ya no puedo recomendar iol como broker. 

Veré si Balanz es mejor cuando abra una cuenta. A priori lo único que puedo decir es que las comisiones son un poco más altas en Balanz.",sbd0223,merval,3,2025-02-21 15:38:07,t1_me0wx8r,t3_1iurr80,comment
me3ctgr,"Eso mismo pregunté, y esto me contestaron.

> Actualmente, el sistema solo te permite usar el saldo comprometido en la Suscripción de este FCI

O sea que alguna tramoya hacen por atrás para poder invertirlos, porque la restricción sigue vigente.",sbd0223,merval,2,2025-02-21 22:57:09,t1_me3cej7,t3_1iurr80,comment
mede8kh,"Vendí activos en otras ocasiones y todo anduvo bien. 

Incluso esta feature debe ser medio nueva porque vendí bonos en enero y no me hizo esta tramoya.

Como dije, no perdí mucho; el post era más para avisarle a otros para que no les pase y como recordatorio de que el broker nunca es tu amigo.",sbd0223,merval,1,2025-02-23 14:26:43,t1_mec6orn,t3_1iurr80,comment
me0jreq,Qué cosa hacen desde muchísimos años? Vender en D y meter la guita en su fci?,sbd0223,merval,5,2025-02-21 13:49:09,t1_me0g5ju,t3_1iurr80,comment
me17uym,"Otro boludo defendiendo al broker. 

En serio chicos, a mí me habrán agarrado con esta huevada que me costó un puñado de dólares pero no va a volver a pasar. Ahora, espero que les den guita desde iol porque si no son los trabajadores explotados defendiendo al dueño de la fábrica que anda en un BMW.",sbd0223,merval,4,2025-02-21 15:40:08,t1_me13eox,t3_1iurr80,comment
mdzpsyw,Cocos debe ser el peor broker de la historia. No lo tocaría ni aunque me pagaran.,[deleted],merval,41,2025-02-21 11:22:45,t1_mdzozz9,t3_1iurr80,comment
me0lxda,"Mi comentario iba más a informar al que lea. En mi opinión aunque hubiera sido el FCI de dios que nunca baja y sube 20% por año y podés rescatar en un segundo, aún así la opción por defecto nunca debería llevarte a una operación de ningún tipo. Esto es 100% culpa de IOL.",elrond_lariel,merval,5,2025-02-21 13:59:08,t1_me0l2x3,t3_1iurr80,comment
me3fsso,Y si lo sacas del fci lo podes invertir? Tal vez no sea mala jaja,Desmo4,merval,2,2025-02-21 23:15:05,t1_me3ctgr,t3_1iurr80,comment
me0lxf7,"Jajaja así como leiste mí mensaje lees lo que te dice Iol. Gente que conozco lo hace ""hace muchísimo"", no Iol. Y lo del FCI la propia app te avisa si querés que lo haga.",luzbelito95,merval,-2,2025-02-21 13:59:09,t1_me0jreq,t3_1iurr80,comment
me17zlb,"No defiendo al broker, vos le echas la culpa al broker de tu inoperancia.",Andrescoo,merval,-2,2025-02-21 15:40:43,t1_me17uym,t3_1iurr80,comment
me389kh,"Literalmente fue asi, tengo el reclamo hecho en ""la mesa de operaciones"" de IOL, no me vengas a decir que paso con mi cuenta  
El resultante de la operaciones habia quedado comprometido y elegi la opcion de retirar a mi cuenta, despues de eso otro saldo que tenia disponible en la comitente se suscribio en el fondo sin que yo lo pida",m2juan,merval,6,2025-02-21 21:42:29,t1_me2k3ca,t3_1iurr80,comment
mdztetr,"En parte sí, fue culpa mía porque tenía que meter la operación rápido y solamente marqué la DDJJ que siempre te ponen para las ventas en especie D. 

Ahora, te parece que iol tuvo las mejores intenciones al poner como opción por defecto en las ventas en dólares la suscripción a SU fci?

Por mi parte esto significa que no solamente el broker no es mi amigo, sino que no puedo confiar en ellos para hacer una operación tan sencilla como una venta.",sbd0223,merval,9,2025-02-21 11:42:01,t1_mdzsg9r,t3_1iurr80,comment
mdzqnep,"Muchas veces con una primera vez es suficiente.

Hasta antes de que me pasara a mí, el único broker que te podía recomendar era PPI porque me parecían serios y la atención era muy buena.",sbd0223,merval,4,2025-02-21 11:27:18,t1_mdzpo11,t3_1iurr80,comment
mdzuwji,"Había estado un tiempo viviendo fuera de Argentina, mi cuenta siguió abierta con mis activos ahí. Nunca más hice un movimiento, ni metí guita, ni saqué guita, ni compré nada, ni vendí nada.

Un día me pidieron unos datos y cometí el error de poner otro teléfono (el que tenía de afuera, porque el argentino no lo tenía más y tenía miedo que me implementaran 2FA con número de teléfono y perder el acceso). Tiempo después vendí algunos cedears para comprar bonos, todo con la guita que ya estaba en la cuenta.

Un día, de la nada y sin previo aviso, cuando intento loguear me dicen que mi cuenta estaba bloqueada por compliance. Después de preguntar y varias idas y vueltas me dijeron que ""me bloqueaban la cuenta porque por una disposición de la CNV los no residentes tenían que informar las ventas de bonos en especie D con 5 días hábiles de antelación y, para que no me mande nunca macana, por las dudas me bloquearon la cuenta"" (lo de que no me mande nunca macana es una cita textual). La disposición de la CNV en ningún lugar decía algo semejante, me la leí toda 4 o 5 veces.

Yo les dije que no había drama, no pensaba vender en el corto plazo pero que si así fuese les iba a avisar con la debida antelación, pero que me desbloquearan la cuenta. No hubo caso. El representante me dijo que podía operar con normalidad pero que tenía que hacerlo diciéndole las órdenes a él por WhatsApp o mail y él las cargaba.

La única orden que cargué fue la de mover todas mis tenencias a otro broker y nunca más volví (ni volveré).",sbd0223,merval,20,2025-02-21 11:49:48,t1_mdzt8ku,t3_1iurr80,comment
me1u223,Son tramposos en poner como default la opción de su fondo... por default tendría q ir a la comitente...,InevitableBit2367,merval,8,2025-02-21 17:24:44,t1_me0uqmh,t3_1iurr80,comment
me0n8lc,"Ese es mi punto, que implícitamente te están suscribiendo a ese fondo escudándose en que hay un dropdown que dice ""mirá que tus dólares no van a tu cuenta eh, van a la nuestra"". 

Lo peor es que acá hay gente que defiende eso. Espero que sean empleados de iol o mínimanente que iol les pase una cometa.",sbd0223,merval,1,2025-02-21 14:05:14,t1_me0lxda,t3_1iurr80,comment
me04ptl,"Sí, está el dropdown ahí para elegir qué hacer con los dólares resultantes.

Mi rant viene por el lado de que, por defecto, te suscriben su fci (encima con dólares). No se si en otro broker hacen eso también, lo hacen?",sbd0223,merval,4,2025-02-21 12:38:28,t1_me00hbz,t3_1iurr80,comment
me18tbz,"Está bien, el inoperante fui yo. 

Ojalá iol (o el broker de tu preferencia, si operás en Argentina) no te emperne con algo peor que esto a vos que sos tan vivo, y si pasa buena suerte reclamándole.",sbd0223,merval,3,2025-02-21 15:44:31,t1_me17zlb,t3_1iurr80,comment
me2baci,"No tengo mucho de inversor pero si de diseñador. Que te metan por defecto una opción que te suscribe a algo es de malaleche hijo de puta, corta. Se hace a propósito para que el que no lee se meta ahi, sea un newsletter o esta que le mandaron a OP. Incluso poner que haya una opción por defecto preseleccionada es una hijaputez, aunque sea la que favorece al usuario.",kirbag,merval,22,2025-02-21 18:48:45,t1_me0flf2,t3_1iurr80,comment
mdzvr8i,"Es que tampoco lo quería mandar al banco, quería vender y tener los dólares ahí en la cuenta, quietitos.

Si quieren promocionar que manden mails como todos esos mails de ON sodomizadoras que mandan día por medio. En lo que a mí respecta, lo publicitaron bastante mal a su fondo, yo ahora no lo quiero ver ni de lejos xD.",sbd0223,merval,0,2025-02-21 11:54:13,t1_mdzv3v7,t3_1iurr80,comment
me24l25,"Eso si... pero te doy un ejemplo... cada vez q operas cedears tenes un check ""acepto los terminos y condiciones""... obviamente q no lees cada vez las condiciones, no siquiera lo q dice el check... automaticamente sabes q hay un check q es para aceptar terminos y le das click...

Si un día cambian y en ese check dice ""Acepto regalar todos mis cedears a Don Ramón"" jajaja es obvio q la gran mayoría no va a detenerse a leer exacto, asume q es ""como siempre"" los terminos y condiciones y le da click...",InevitableBit2367,merval,6,2025-02-21 18:17:08,t1_me201nr,t3_1iurr80,comment
meu6lx9,"Discreparás todo lo que quieras, pero estás equivocado, la opción por defecto es importante y una fuente de problemas constante en las apps, serás inversor hace tres años, pero muchos acá trabajamos con apps y webs hace más años. 

Es una mala práctica y claramente una manipulación colocar una opción por defecto de ese estilo, podría compararse con:

- Poner una licorería en la salida de una sede de alcohólicos anónimos.
- Un paso peatonal luego de una curva en una autopista.
- Poner medio centímetro extra en un escalón cercano a una clínica de traumatología.

Obvio que quien diseña el sistema te va a decir que el error es de quien lo cometió y que el sistema no tiene nada que ver, a veces error, y a veces a propósito para conseguir un beneficio, al final tienes dos opciones o bien es ineptitud o maldad y poner toda la responsabilidad sobre quien comete el error es absurdo.",cesarmaximo91,merval,1,2025-02-26 02:15:22,t1_me201nr,t3_1iurr80,comment
mf3126h,"> Solo 3 de cada 10 usuarios los invirtió alguna vez

Es que solo puedo moverlos a cuentas bancarias en dólares y no tengo eso :/

Si fuera en cripto sería mucho más fácil",AestheticNoAzteca,merval,17,2025-02-27 12:33:38,t3_1izibiw,t3_1izibiw,comment
mf30zl7,"Hay muchas mejores opciones (creo que el FCI da 1.1% anual), pero sospecho que quienes no operan en brokers van a meter guita ahí porque confían en mercado pago (y entre 0% y 1.1% la elección no es muy difícil)",Psafon,merval,53,2025-02-27 12:33:16,t3_1izibiw,t3_1izibiw,comment
mf3jnwk,Creo que no se pueden meter dólares a mercado pago de ninguna plataforma o banco incluso si son titular de las dos cuentas. La única manera de tener dólares en mercado pago es si se los compras a mercado pago.,tektelgmail,merval,12,2025-02-27 14:02:07,t3_1izibiw,t3_1izibiw,comment
mf3hci2,Los FCI de Los brokers están dando entre 5 y 7% anual. Las cuentas remuneradas (IOL tiene y creo que hay otros también) dan 2%,Kaji157,merval,12,2025-02-27 13:51:17,t3_1izibiw,t3_1izibiw,comment
mf30v23,Nadie que sepa de inversiones pondría 1 solo dolar ahí. Hasta prefiero tenerlos liquidos en la comitente ante cualquier oportunidad.,Efficient_Pomelo_583,merval,22,2025-02-27 12:32:40,t3_1izibiw,t3_1izibiw,comment
mf51m57,A Galperin ni le daría 500 pesos para que me cuide el coche.,Pearl_Jam_,merval,7,2025-02-27 18:16:28,t3_1izibiw,t3_1izibiw,comment
mf3itu8,"Para la tía Mirta que tiene unos dólares guardados en la cuenta le va a venir bárbaro. Para el que quiera hacer rendir los dólares posta, es mínimo lo que te dan. Las letras del tesoro de EEUU dan como 5% y con un riesgo bajísimo. No tiene sentido engancharse con estas cosas.",Ramax2,merval,3,2025-02-27 13:58:14,t3_1izibiw,t3_1izibiw,comment
mf3sjiu,Se viene un montón de gente quejándose de que mercado libre les robo cuando baje,plantul,merval,3,2025-02-27 14:43:39,t3_1izibiw,t3_1izibiw,comment
mf3tqjk,"Excelente medida. Cualquier vosa va a ser mas alto que el 0% de tenerlos en el colchón.

Teniendo en cuenta que es mucho mas riesgoso tener dolares en una cuenta argentina que en una estadounidense, es rarisimo que pague mas un plazo fijo yanqui (certificado de deposito en USA) que uno de aca. Obvio, es por el hecho de que esos dolares no tienen a quien prestarselo los bancos y por ende no generan el spread para pagarte una tasa atractiva. Pero me sigue pareciendo raro que en algunos bancos paguen 0.1% anual, un chiste 

Se sabe en que va a invertir ese fondo de MP?",MartinSLArg,merval,5,2025-02-27 14:49:14,t3_1izibiw,t3_1izibiw,comment
mf59416,es una tasa de mierda pero es casi el triple de lo q te dan los dinosaurios del banco por plazo fijo,type_any_enjoyer,merval,2,2025-02-27 18:51:51,t3_1izibiw,t3_1izibiw,comment
mf3jdh0,"si choca el pais mercadopago te lo cobra a vos, acordate que ya paso en 2017 por ahi",sadroulette,merval,4,2025-02-27 14:00:45,t3_1izibiw,t3_1izibiw,comment
mf4yc0x,"Si yo compro dólar mep en MP, puedo pasarlos a una cuenta como Brubank para más adelante comprar cosas en amazon.it y mandarlo a la casa de un familiar ? 

O cuál sería la mejor opción ?",Reikcs,merval,1,2025-02-27 18:00:55,t3_1izibiw,t3_1izibiw,comment
mf5cjtt,"Alguien ya pudo poner a invertir? No me aparece la opción.

Y creo que todavía no se puede mandarle dólares no?",jpreddituser1,merval,1,2025-02-27 19:08:44,t3_1izibiw,t3_1izibiw,comment
mf4ls38,"No tengo idea de nada de lo que dicen los comentarios, por eso pregunto, hay algún lugar donde dejar los dólares y que de un rendimiento en dólares? No importa si son solo 50 centavos de dólar por 200 dólares que dejo ahí, a mí me sirve eso igual.",Affected456,merval,1,2025-02-27 17:01:24,t3_1izibiw,t3_1izibiw,comment
mf4z0fy,"Bueno, ""en todo momento"" no, es una fintech, no tiene ningún respaldo de fondos, no tiene la seriedad de un banco y te pueden bloquear la salida porque se les canta el orto.

  
Si quieren invertir en dólares es hasta más seguro Binance (y eso que lo odio)",Crypto-S,merval,0,2025-02-27 18:04:09,t3_1izibiw,t3_1izibiw,comment
mf3ibrd,Qué pasaría si tengo 10mil dólares en el MEP de mercadopago y Milei de un día para otro decide eliminar el cepo? No pasaría nada?,CalmSituation1302,merval,0,2025-02-27 13:55:52,t3_1izibiw,t3_1izibiw,comment
mf31bpc,"En el banco te dan 0.05% (en plazo fijo encima), y abajo del colchón ni te cuento...",Zenndler,merval,105,2025-02-27 12:34:57,t1_mf30o24,t3_1izibiw,comment
mf35rph,Brubank te abre caja en usd y de ahí lo podes mandar tranquilamente a un broker.,Opening-Ad-2494,merval,18,2025-02-27 12:56:19,t1_mf3126h,t3_1izibiw,comment
mf34tff,"Pregunto desde la ignorancia, hay mejores opciones a corto plazo y con buena liquidez? Ponele que tengo unos dólares que sé que voy a necesitar ir sacando mes a mes para pagar cosas, en qué los pondrías?",chulmi,merval,4,2025-02-27 12:51:44,t1_mf30zl7,t3_1izibiw,comment
mf3rwt5,"Debería ser en algún instrumento, sino esta en la cuenta del broker y si quiebran o hay corralito es peor",Desmo4,merval,4,2025-02-27 14:40:44,t1_mf30v23,t3_1izibiw,comment
mf5jj1e,500? ni 2 pesos le doy,kaiggue_,merval,1,2025-02-27 19:44:09,t1_mf51m57,t3_1izibiw,comment
mf3y03t,y uno como invierte en dichos fondos de letras del tesoro de eeuu?,Creepy-Car9047,merval,4,2025-02-27 15:09:23,t1_mf3itu8,t3_1izibiw,comment
mf4nbe4,"Mayor rendimiento, menor liquidez. Capaz algun FCI que tiene una gran variedad de ONs + bonos usa o con deuda mercosu te va a permitir una mayor liquidez porque tiene mayor diversificación. Igualmente es posible que tengas rendimientos negativos en ciertos plazos.",Martin_Perril,merval,1,2025-02-27 17:08:43,t1_mf3gtmt,t3_1izibiw,comment
mf6sp06,"Invertir online.
2% anual por tener los dólares ahí.",Schifio,merval,1,2025-02-27 23:58:43,t1_mf4ls38,t3_1izibiw,comment
mf6drv2,"igual la inversión es un FCI de IAM no es que los dólares se los queda mercadopago como para que necesite tenerlo respaldado, están haciendo de intermediario nada más, las cuotapartes que se suscriben tienen que estar a nombre del usuario",bubblegum-flavour,merval,1,2025-02-27 22:31:17,t1_mf4z0fy,t3_1izibiw,comment
mf3khnz,Nop. Lo que va a variar es el monto en pesos final. Puede aumentar mucho o nada.,mozartxs,merval,3,2025-02-27 14:06:01,t1_mf3ibrd,t3_1izibiw,comment
mf386sk,"Y no te olvides de descontar el sellado, en la gloriosa época de cfk había que jugar con el plazo para mantener la cantidad de dólares, creo que a menos de 180 días el sellado era mayor que a la ganancia y tenías unos centavos menos de dólar cada vez que renovabas.",GordonGekko437,merval,20,2025-02-27 13:07:54,t1_mf31bpc,t3_1izibiw,comment
mf4z8d7,2% anual no vale el riesgo de mierda de tener los dólares en la Argentina en otro lugar que no sea tu casa. Muchísimo menos una fintech y ni siquiera hablando de un banco.,Crypto-S,merval,19,2025-02-27 18:05:11,t1_mf31bpc,t3_1izibiw,comment
mf6ekia,Confirmo que Brubank te permite hacer compras en dólares con la tarjeta de débito. Solo tenés que configurarlo en la app.,BraveSoldat,merval,2,2025-02-27 22:35:54,t1_mf3yqfl,t3_1izibiw,comment
mf36nej,"AstroPay ofrece 4,1% de rendimiento

Edit: Ahora recordé que no podes depositar dolares directamente, tendrias que depositar pesos y luego convertirlos a dolares así que a vos no te sirve",LeBroneta,merval,7,2025-02-27 13:00:29,t1_mf34tff,t3_1izibiw,comment
mf3e0h6,"En el post dice que ""el dinero podrá transferirse a otras cuentas de MP que tengan habilitada la función Dolar MEP"". Significa que si yo la habilito, compro MEP, debería poder transferir a cualquiera de MP que tenga habilitado también.
Y si le transfiero al MP de un amigo que tiene cuenta de banco en USD, a él le llega al MP y puede retirar a su banco, y con eso pagar la tarjeta de crédito por ejemplo. A eso me refería.",5amMane,merval,3,2025-02-27 13:35:41,t1_mf3d3yu,t3_1izibiw,comment
mf3ze2a,"En Buenbit podés comprar un ETF que se llama SGOV e invierte justamente en esas letras. Es la única alternativa que conozco con brokers de acá. Sino tenés que sacar los dólares a algún broker de afuera como IBKR y ahí tenés otras opciones parecidas (USFR, TFLO, TBIL, etc).",Ramax2,merval,5,2025-02-27 15:15:59,t1_mf3y03t,t3_1izibiw,comment
mf3shg2,"Si exportás servicios, recibís dólares (con factura y por el MULC) y vendes esos dólares por MEP, no podés invertir en ningún instrumento salvo acciones en pesos y FCI en pesos. FCI en dólares tampoco.",preguntaleacomex,merval,4,2025-02-27 14:43:23,t1_mf3fpoi,t3_1izibiw,comment
mf4hcqn,Con Cristina en 2009 ni siquiera se podía tener cuenta en USD en el banco. Te pesificaban automáticamente con un dólar a la mitad del valor real. Un poco hipérbole llamarle igual o peor que con Cristina.,preguntaleacomex,merval,4,2025-02-27 16:40:43,t1_mf4a0tr,t3_1izibiw,comment
mf3opjf,"Si, que aun asi es relativamente bajo para un FCI en dolares internacional.",eunuch_unicorn,merval,3,2025-02-27 14:25:46,t1_mf39oh2,t3_1izibiw,comment
mf3hnp6,A mi me bloquearon los fondos y la cuenta por más de 1 mes donde la atención era cordial e inmediata pero no me daban certezas ni solución para rescatar mis fondos,Poincenot,merval,5,2025-02-27 13:52:46,t1_mf3bk3w,t3_1izibiw,comment
mf3d0m9,Cobra mantenimiento y/o comisión? Ya sea en pesos o dólares?,roostercabj,merval,1,2025-02-27 13:30:55,t1_mf36nej,t3_1izibiw,comment
mf4f9pd,No se como va a ser ahora. Pero hasta ahora si comprabas por MP dolar MEP solo podías transferirlo a otra cuenta a tu nombre.,Low-Concentrate2162,merval,1,2025-02-27 16:30:54,t1_mf3e0h6,t3_1izibiw,comment
mf43hmb,Si podes invertir en FCI en dólares. Lo q no podes es comprar dólar MEP ni invertir en cedears.,kriss_arg,merval,8,2025-02-27 15:35:20,t1_mf3shg2,t3_1izibiw,comment
mf56ait,"buee que? hace años que hago eso. Lo unico que estas excluido es de comprar MEP y cedears. Y creo que ciertas ONs tambien, pero tenes una gran cantidad de instrumentos en dolares para operar tranquilamente.",chescov77,merval,1,2025-02-27 18:38:30,t1_mf3shg2,t3_1izibiw,comment
mf6a17l,"jajajaja te juro que sin ofender tu comentario delata tu corta edad.

A mi me robaron dólares una vez en mi vida y fue en un banco, no en mi casa.

Edit: Igual al decir ""en casa"" también se refiere a en una caja de seguridad si tenés la cantidad suficiente para que lo valga.",Crypto-S,merval,-2,2025-02-27 22:09:39,t1_mf69qf5,t3_1izibiw,comment
mf5uem7,"En serio? Creía no se podía. Es más, es algo que se discutió en este sub y leyendo las regulaciones, se suponía que FCI en dólares no se podía. Pregunta, invertis y vendes MEP en diferentes brokers/bancos?",preguntaleacomex,merval,1,2025-02-27 20:43:01,t1_mf56ait,t3_1izibiw,comment
meipbis,"400 mil dólares al 5% anual son 1600 dólares mensuales, de ahí para arriba.",marcos_huck,merval,38,2025-02-24 11:07:53,t3_1ix2m0p,t3_1ix2m0p,comment
meitp1x,"1 palo verde al rojo, si sale bien te compras unos departamentos y vivis de la renta, si sale mal volate la gorra, es un win-win.",Facu5230,merval,46,2025-02-24 11:32:52,t3_1ix2m0p,t3_1ix2m0p,comment
meiybos,"1. De la forma estándar, se construye el capital con una cartera que tiende al alto riesgo (renta variable) y a medida que se llega al monto/edad de retiro, se va rotando hacia la renta fija.
2. Con intereses de renta fija.

La meta ideal del fondo de retiro estándar es al final tener todo (o la gran mayoría) en renta fija y que los intereses te alcancen para retirar la cantidad mensual que querés y que aún así el capital se preserve contra la inflación. No entiendo por qué tanta gente piensa tener tanto en renta variable al momento de retiro, te agarra un mercado bajista y fuiste, por más diversificada que sea tu cartera.

Mi ideal son 1,5k USD mensuales, que a 4-8% de interés anual estándar para la renta fija de bajo riesgo y 3% de inflación (ponele) me da 360.000\~1.800.000 USD. Claro que esto es un ideal, un overshooting, después se verá dónde caigo.

Creo que no tienen sentido las preguntas 3 a 8 porque ya está incluido en la respuesta de con cuánta plata dejaría de laburar, son de chusma nomás jaja",elrond_lariel,merval,9,2025-02-24 11:58:04,t3_1ix2m0p,t3_1ix2m0p,comment
meisvvn,"En Argentina no es difícil armar una cartera de obligaciones negociables de 7% anual en dólares.

De esa inversión, reinvertís 3% para paliar la inflación del dólar, y vivís con el 4% restante.

Si vivís con el 4% de la inversión, significa que tenés que invertir 25 veces más que lo que querés ganar por mes. Como el retorno está anualizado, aparte lo tenés que multiplicar por 12. 25x12 = 300.

Así que, groso modo, multiplicás tus gastos por 300, y ese es el número que necesitás para vivir sin laburar el resto de tu vida. 

Mi pareja tiene ingresos (y jamás mantendría económicamente a una pareja), así que solamente necesito cubrir el 50% de los gastos del hogar. Me acabo de gastar todo lo que tenía en una casa, así que ya no pago alquiler. Con 1500 dólares podría mantener mi nivel de vida actual, y con 1000 no pasaría ninguna necesidad pero tendría que ajustar gastos.

Conclusión: necesito entre 300 y 450 lucas verdes invertidas al 7% para retirarme.",RicardoGaturro,merval,8,2025-02-24 11:28:16,t3_1ix2m0p,t3_1ix2m0p,comment
mepbdyw,"vivo en el exterior y gano relativamente bien e invierto buena parte de lo que gano...He pensado bastante el tema de FIRE in Argentina, 



El problema más grande es la inestabilidad del país, hoy en día es carísimo en dolares, pero mañana el costo se puede duplicar incluso porque el país es una ruleta rusa.

  
Sambién está el tema de dodne vivir, CABA es probablemente 4x el costo de muchos otros lugares del país",[deleted],merval,3,2025-02-25 11:07:41,t3_1ix2m0p,t3_1ix2m0p,comment
meiu8nh,"100k dólares, hoy en día gasto 4k/año en vivir aprox así que ya con 100k me da para vivir y ganar cada vez más por interés compuesto.

Todo a SP500, iría vendiendo mensualmente, costos de vida mensuales 320USD aprox, 30 años expectativa de 80, tengo casa, vivo con mi novia, cobraría jubilación a partir de los 65",Frandaero,merval,4,2025-02-24 11:35:57,t3_1ix2m0p,t3_1ix2m0p,comment
mek4707,"0. Necesito aprox 2.5M de usd
1. Invierto en fondo indexado global de acciones
2. Pago costos con dividendos y retiro aproximado de 3.5% anual
3. Costo mensual 8.000usd
4. Edad impredecible, espero entre los 40 y largos y 50 cortos
5. Soy dueño de inmueble
6. Familia, 3 hijos
7. No pondero jubilación
8. Considero todos los gastos presentes y futuros. Debería ser más que suficiente.",KeySurpriseMan,merval,4,2025-02-24 15:18:52,t3_1ix2m0p,t3_1ix2m0p,comment
mejej46,"Usen la formual de renta permanente con progresio geometrica para ajustarla por inflacion.

es la forma mas sencilla para saber cuanto capital necesitaran para vivir tranca palanca.",Agile_Veterinarian60,merval,2,2025-02-24 13:19:16,t3_1ix2m0p,t3_1ix2m0p,comment
melji7w,"Millon de dolares aprox, asi puedo gastar 35k al año, que según si cambian BBPP con el gobierno de turno o sarasa será menos guita.  Esto se habla siempre asi que no dire mucho más salvo postear el paper de siempre [https://thepoorswiss.com/updated-trinity-study/](https://thepoorswiss.com/updated-trinity-study/)",BNeutral,merval,2,2025-02-24 19:19:47,t3_1ix2m0p,t3_1ix2m0p,comment
meszwut,"Con 1 palo verde puedo estar tranquilo, aunque seguiria laburando. Creo que haria 50% acciones, 30% bonos y 10% propiedades.

Sacandole un 3% anual, me aseguraria unos 2500 usd al mes sin descapitalizarme y mi costo de vida actual son 500 usd.

Por suerte soy propietario y estoy a un 10% de esta meta (sin contar mi propiedad, contandola y considerando que la pueda vender, creo que estaria a un 25%, pero no lo veo en el corto plazo), estoy apuntando llegar a esto en unos 10 o 15 años.

Lo calculo solo para mi porque de momento estoy soltero jajaj,  tengo 30 años, aporto con MT para facturar asi que tendría la minima. Igual dudo que vaya a existir esa jubilacion cuando tenga esa edad si no cambia el sistema de reparto.

Mi familia es bastante longeva, así que espero vivir hasta los 90 por lo menos tranqui",EngineeR1ng,merval,2,2025-02-25 21:59:50,t3_1ix2m0p,t3_1ix2m0p,comment
mejgq64,"Deje de laburar a los 29 años, hoy tengo 33. Me hice millo en el bull market 2020-2021. 

Mira,  me hice millo invirtiendo en instrumento de baja capitalizacion ya sea bolsa y cripto. Los instrumentos de alta capitalizacion son para multimillonarios que quieren ""vacacionar"" en los mercados por la baja volatilidad y retorno asegurado. 

Es decir, de esa forma sigo invirtiendo.Me jubile, no tengo hijos, buen salario.",Firm_Translator_8623,merval,3,2025-02-24 13:29:49,t3_1ix2m0p,t3_1ix2m0p,comment
mekcfod,"1 palo verde, pareja sin hijos viviendo en una de las tres ciudades grandes del interior. 

Distribución del capital: 

50% bienes raíces (en mi ciudad, rosario, todavía hay barrios de clase media donde familias con trabajo en blanco están dispuestas a alquilar a 60K USD la casa, de gente propietaria de toda la vida que se fue muriendo y sus herederos venden). 

Compraría varias casas chicas lo más baratas posibles para tener margen de guita para renovarlas y poder apuntar a alquiler de mínimo 250 mil USD por mes. Distribuiría mi compra en al menos 5 casas en cuadras distintas y en al menos dos barrios distintos en dos zonas distintas del macrocentro con buen acceso a colectivo para el centro.

Con el cashflow de los alquileres sigo viviendo como ahora. 

La otra mitad del capital lo divido en 75% activos brasileros que pagan buenos dividendos sin pagar los impuestos de usa y 25% en bonos americanos. Esta parte de la cartera la tendría haciendo full compuesto, no usaría esta guita para vivir.",LocksmithEven4085,merval,4,2025-02-24 15:57:59,t3_1ix2m0p,t3_1ix2m0p,comment
mevvubv,Soy muy frugal. Con unos buenos dolares los invertirá y después trabajaría de lo que me gusta nomas. No necesito mucha guita para vivir. Pero en este país te garcan todos. Y hay inflación y cosas raras habría q tener una reserva. Por las dudas con los gobiernos q tenemos.,ElegantAlbatross1165,merval,1,2025-02-26 10:55:39,t3_1ix2m0p,t3_1ix2m0p,comment
mejffo1,"Asi tenga toda la plata del mundo, jamas dejaria de trabajar en mi pais. Amo mi trabajo y amo mi pais. Amo mi familia y me amo a mi.

Sese, aguante bitcoin papa. Larga vida a satoshi nakamoto. Este año nos llenamos de plataaaaa.",enfermerocrypto,merval,0,2025-02-24 13:23:38,t3_1ix2m0p,t3_1ix2m0p,comment
mekxck7,"Actualmente  tengo unos 2.000.000 ARS de gastos de vida con 200.000.000 ARS estoy cómodo y hago plata... al 26.5% anual

2.20% traducido son 4.416.666 ARS el doble de mi nivel de vida... uso lo que necesito el resto lo invierto en cedears qué  den regalías mensuales 
Coca cola McDonald  Walmart  etc.",Gordito_dolobu,merval,0,2025-02-24 17:36:07,t3_1ix2m0p,t3_1ix2m0p,comment
merb41l,1 millon fua? Dominando trading de elliot con cryptos con tan solo 30 dolares podes amasar una fortuna... haciendo interés compuesto del 0.5% diario en 6 años según la calculadora daría mas de 1.5 millon de usd. Logicamente eso siendo muy conservador ya que hay traders que hacen mucho mas.,sdcaza,merval,0,2025-02-25 16:56:30,t3_1ix2m0p,t3_1ix2m0p,comment
mej4aq0,"el 4% withdrawal rate no es con una cartera 100% en acciones. El intervalo de confianza para un horizonte largo no es tan bueno. El cálculo esta hecho para un protfolio 50/50 bonos y acciones, y con esquema tributario de EEUU.",GAV17,merval,6,2025-02-24 12:28:49,t1_meip3q5,t3_1ix2m0p,comment
meoey06,"Bien ahi, podes tambien retirarte pero hacer tipo barista fire. Y hacer alguna gilada que te guste y te consuma poco tiempo.

Conozco varias personas en SG que se aburrieron del Fat FIRE y terminaron haciendo algun laburo. Se han retirado entre los 35 y 41.

Conozco uno que hasta termino laburando de nuevo porque se aburrio demasiado. Hay gente que es medio workaholic o simplemente no se ve sin acumular dinero mas alla de las inversiones.

Felicitaciones por tu road map.",diyexageh,merval,2,2025-02-25 07:02:05,t1_meip3q5,t3_1ix2m0p,comment
meja2x8,"Menos impuesto a la venta de acciones, menos contador, menos bienes personales, menos, menos...",DisabledStripper,merval,9,2025-02-24 12:57:23,t1_meipbis,t3_1ix2m0p,comment
mekpana,Perdón pero esa ese porcentaje es casi la inflación de EEUU... Me refiero a que si haces eso te vas descapitalizando y te alcanzará para menos cada vez. Necesitás mínimo un rendimiento del 10% para retirar el cinco y conservar el capital,Vegetable_Wolf6194,merval,2,2025-02-24 16:58:27,t1_meipbis,t3_1ix2m0p,comment
meiy2hc,"Entre BBPP, ganancias y bajos dividendos. Si lo metés en la bolsa, a lo sumo conservás capital. ( Sé que bajaron BBPP, pero al primer cambio de gobierno los devuelven a 2,25%).",jamesnaranja90,merval,5,2025-02-24 11:56:43,t1_meitlas,t3_1ix2m0p,comment
met6v68,Tambien todos los meses te va quedando menos vida por vivir. A menos que te lleves tu cartera de inversiones al mas alla...,AutomaticDragonfly27,merval,1,2025-02-25 22:37:57,t1_mesbxza,t3_1ix2m0p,comment
mej7f5l,"Exacto. Pero eso es algo a ver cuando llegue a los 50, donde voy a cambiar la cartera para sumar bonos (de hecho a los 45 voy a arrancar a sumar hasta llegar a 70/30 aprox.). 
En mi caso no tengo 4% withdrawal. Hoy lo tengo en 3,5%. Un toque más ajustado que lo recomendable de USA.",[deleted],merval,6,2025-02-24 12:44:21,t1_mej4aq0,t3_1ix2m0p,comment
mej6n4s,"FAT FIRE: La salud está contemplada.
Que seria gastar en salud? Laburo con muchos 50+ y no veo a ninguno desembolsando fortunas en salud.",[deleted],merval,4,2025-02-24 12:40:30,t1_mej5wqw,t3_1ix2m0p,comment
meplr0g,"La inflación promedio es 3.30%, pero si, es un buen punto para arrancar. 10% me parece mucho riesgo para una edad donde no queres asumirlos.",marcos_huck,merval,1,2025-02-25 12:04:17,t1_mekpana,t3_1ix2m0p,comment
meplk63,"Con 667 dolares podes costearte una vida simple, por eso dije de base eso, si queres una vida con lujos, no alcanza.",marcos_huck,merval,2,2025-02-25 12:03:18,t1_mekurdo,t3_1ix2m0p,comment
mej0g27,"Si totalmente. Ningúno considera esto en todos los posts que preguntan lo mismo , vivir de la bolsa es casi imposible acá por qué te re Cogen con BBPP",boyozenjoyer,merval,9,2025-02-24 12:09:13,t1_meiy2hc,t3_1ix2m0p,comment
meixriq,"Con alrededor de una luca verde mensual tengo margen para reemplazar el termotanque en 12 cuotas. Un vehículo, ya tanto no, pero por el momento vivo en CABA: tengo transporte público y Uber.

Aparte intuyo que después de un año de rascarme los huevos, tarde o temprano voy a caer en una actividad que tenga algún tipo de retorno, así sea cuidar mascotas, o escribir un libro que venda 10 ejemplares por mes. Un par de cientos de dólares siempre voy a estar generando.",RicardoGaturro,merval,4,2025-02-24 11:55:08,t1_meivzy6,t3_1ix2m0p,comment
mejqpj8,"Yo sí me voy de vacaciones: el mes pasado me fui 10 días a la Patagonia y gasté unos 500 dólares: 400 dólares de hospedaje (compartidos con mi pareja), excursiones, un par de cenas a todo trapo y cocinar en cabaña el resto del tiempo. De 1,5k puedo separarme 50-100 por mes para viajar.

Me parece que la diferencia es que no compro cosas caras: me visto en el Once y cambio el celular cada 4 ó 5 años. No me gustan las cosas caras porque me obligan a trabajar.",RicardoGaturro,merval,3,2025-02-24 14:16:24,t1_mejm5n6,t3_1ix2m0p,comment
meox0ui,"Es mayor a la canasta básica total del Indec, creo que está en 335k ARS. Y es más que el salario mínimo.",bcmfranco,merval,1,2025-02-25 09:39:40,t1_mek1anf,t3_1ix2m0p,comment
mej2431,"Algo estoy en esa, pero bueno los ETF yankis me llevaron adonde estoy. Hay estudios/textos sobre riesgos y alocaciones de inversiones y son distintos segun rango etario por ej 20-30, 30-40, 40-50, etc. No me guio al 100% por eso pero si tiene sentido, ej meter mas en bonos siendo mas viejo que es mas conservador y asi. Eso y algunos riesgos medidos, que todavia puedo seguir tomando mientras tenga la espalda laboral, si me ayudan a maximizar los años en que todavia me puedo mover, viajar y hacer cosas, bienvenido sea. Y si no sale super igual puedo vivir mas low cost tranquilamente tambien. En tantos años cuando todos piensan que baja el mercado gringo, sigue subiendo. Varios amagues de China que nunca arranca. Por otro lado las empresas mas confiables y top (globales) casualmente estan en el S&P 500 y te hacen una diferencia. En el punto que se quiera tranquilidad por no laburar o laburar menos si, dejar estacionado mucho ahi en ETF global es valido, comprando de a poco y a otra cosa, totalmente",guido1987,merval,4,2025-02-24 12:17:47,t1_meiy4kg,t3_1ix2m0p,comment
meiz7ce,"Qué gran comentario!!

Sabes que yo quería buscar etf de renta fija y me pareció súper complicado no perder el capital, una garcha.",Rudy_Clausius,merval,1,2025-02-24 12:02:44,t1_meiy4kg,t3_1ix2m0p,comment
metz54o,"Arriba pusiste un monto de 500K USD. Haciendo una cuenta rápida tenés que laburar unos 10 años ganando 6-7K para poder ahorrar 5 y juntarlo en 10 años (difícil).

Me genera curiosidad saber hace cuanto tiempo venís ahorrando mas o menos como para llegar a ese monto antes de los 50. Tipo arrancaste a los +- 26 años? Teniendo en cuenta que al empezar a trabajar es raro ganar esas cantidades.

Has ido generando interés compuesto con las inversiones que has hecho?",Acceptable_Dot7590,merval,1,2025-02-26 01:23:07,t1_mek4btn,t3_1ix2m0p,comment
mejpxfd,"Bbpp se paga por el excendente, si tenes 400k, pagarias entre 0,5 y 1,5 sobre 100mil. Que seria 500 a 1500 usd, ganancias algunos cedears y bonos estan exentos la compra y venta. Entonces si tenes 400k invertidos al 8%, podrias sacar 32mil, menos ponele 2mil o 3mil que pgues de impuesto. Te quedan 30 mil ganancia neta por año, porque decis que seria imposible?",pabloroq,merval,7,2025-02-24 14:12:46,t1_mej0g27,t3_1ix2m0p,comment
mej9izt,"VT o VWRa. Los opero en IBKR. 
Tienen acciones de todo el mundo. Disminuís el riesgo USA al invertir en muchas más empresas.",[deleted],merval,4,2025-02-24 12:54:42,t1_mej5oes,t3_1ix2m0p,comment
mejoy55,Hay un tema respecto a la titularidad real de las acciones lamentablemente invertir en ETF me parece que termina siendo un esquema ponzi global. Ojo me encantaría confiar en los ETF pero me hacen mucho ruido,DolarCaraChica,merval,1,2025-02-24 14:08:12,t1_mej5oes,t3_1ix2m0p,comment
meizmmf,"De renta fija tenes solamente en el exterior. 

Si no queres salir de Argentina, anda por FCI de ON. Pagan 6-8% anual.",[deleted],merval,4,2025-02-24 12:04:58,t1_meiz7ce,t3_1ix2m0p,comment
mekddfi,Leete toda la wikia de Bogleheads. Tiene una sección para inversores no US.,[deleted],merval,3,2025-02-24 16:02:25,t1_mek9uw9,t3_1ix2m0p,comment
mejg3uu,"Por eso me retiro siendo FATFIRE.

En cuanto al segundo párrafo, es falopa pura. Que tiene que ver mi vieja con mi salud? (que era lo que vos planteaste al principio). Es un supuesto totalmente sacado de contexto. Bajo el supuesto de que puede pasar cualquier cosa, no ahorro un peso que mañana me puede chocar un tren. 

  
Bonus para vos: Mi vieja ya tuvo cáncer y la prepaga le cubrió el 100% de los medicamentos.",[deleted],merval,12,2025-02-24 13:26:51,t1_mejejad,t3_1ix2m0p,comment
mejitzm,"Por algo la gente con guita en argentina generalmente vive de rentas. Impositivamente tiene mucho más sentido , el valor fiscal de una propiedad siempre es menor al valor real entonces pagas menos bbpp",boyozenjoyer,merval,4,2025-02-24 13:39:51,t1_mejhiit,t3_1ix2m0p,comment
mepkb74,"Gasto bastante similar en verduleria que en supermercado.  
Yo ultimamente empece a mejorar % en mi dieta, sumando muchas más frutas en desayuno, merienda y postre, y tb comiendo 
más verduras en las comidas, en detrimentro de ir bajando en harinas (procesados, galletitas, pan, facturas, pastas, arroz, pizza, empanadas).",Rnmkr,merval,3,2025-02-25 11:56:46,t1_menvizf,t3_1ix2m0p,comment
mejb7ve,"interesante... VT es de Vanguard? Es este?  
[https://investor.vanguard.com/investment-products/etfs/profile/vt](https://investor.vanguard.com/investment-products/etfs/profile/vt)

y este?

[https://www.vanguardmexico.com/es/producto/etf/renta-variable/9679/vanguard-ftse-all-world-ucits-etf-usd-accumulating](https://www.vanguardmexico.com/es/producto/etf/renta-variable/9679/vanguard-ftse-all-world-ucits-etf-usd-accumulating)",niko3100,merval,1,2025-02-24 13:03:00,t1_mej9izt,t3_1ix2m0p,comment
mejqp72,"No, viven de rentas porque l generacion pasada no tiene nocion de lo que son los bonos acciones etc. hace poco tiempo la gente se empezo a formar en lo que son el mercado de capitales.",pabloroq,merval,3,2025-02-24 14:16:21,t1_mejitzm,t3_1ix2m0p,comment
mejcsl9,"Claro son esos. Fijate que según el broker es cual tiene.

En XTB esta VT. En IBKR esta VWRA.",[deleted],merval,2,2025-02-24 13:10:47,t1_mejb7ve,t3_1ix2m0p,comment
mf0eixc,"Hice un pago y salió el nombre de Wallbit LLC, calculo que funciona igual que el pago de servicios, a vos te descuentan dolares pero el que paga es otra sociedad en arg y no queda pegado tu nombre",lighttray,merval,43,2025-02-27 00:28:34,t3_1iz2noz,t3_1iz2noz,comment
mezjpzu,Wallbit no te da cuenta propia en pesos asi que supongo que los consumos figuran a nombre de la entidad que tiene los fondos.,IpsenPro,merval,20,2025-02-26 21:35:28,t3_1iz2noz,t3_1iz2noz,comment
mf5tcnr,"Vos compras, paga otro con tus fondos. Los datos del pagador de tus gastos son los de wallbit. Por ende, si tenes plata negra y te la deliraste con la tarj de credito, no justificas fondos ;)",Main-Score6569,merval,3,2025-02-27 20:37:12,t1_mf4e037,t3_1iz2noz,comment
mdnbmx5,"Lo que están diciendo acá ninguno es capaz de argumentarlo...

**Aritméticamente son conceptos equivalentes:** decir ""dolar atrasado"" o ""precios adelantados"" en términos numéricos ES LO MISMO. Para que se acomoden los precios con la región o bien el dolar sube o bien los precios bajan, es un despeje.

Ahora fundamentado en la economía actual del país, para equiparar los precios de la región (y del mundo) necesitamos que caigan entre 20% y 40% los precios ¿va a suceder que tengamos deflación del 20% o vamos a terminar el año con 30% de inflación? ¿el dolar flota libremente a la baja o se interviene día a día para que no suba?

Bueno... la respuesta es evidente. Salu2",Strong-Motor175,merval,146,2025-02-19 14:28:00,t3_1itall2,t3_1itall2,comment
mdoccs2,"No voy a responder tu pregunta, ni tampoco justificar los precios que hoy hay en argentina porque si me parece que hay muchas cosas carísimas en dólares.

Creo que lo que te pasa es que estás sintiendo el cachetazo de pasar de ganar en dólares en un país barato a hacerlo en uno caro, yo soy desarrollador en relación de dependencia, gano en pesos y siento lo contrario a lo que sentís vos salvo algunas excepciones como cuando veo el precio de la ropa en dólares jajaja.",dario1913,merval,32,2025-02-19 17:11:53,t3_1itall2,t3_1itall2,comment
mdn8llg,"Ninguna situación es permanente en economía. Yo creo que maximo año y medio y se acomoda todo todo como tarde. Pero es pura especulación.

Si te querés mudar valora otras cosas ademas de la economía.",FirmApricot8428,merval,32,2025-02-19 14:14:26,t3_1itall2,t3_1itall2,comment
mdp4zh8,"No hay ninguna subjetividad, el país está carísimo en dólares y es insostenible en el tiempo. Tarde o temprano o devalúan o abren importaciones a lo pavote y revientan todo lo nacional para que los precios bajen",Gabriel-p,merval,19,2025-02-19 19:20:00,t3_1itall2,t3_1itall2,comment
mdoonhq,"Argentina nunca fue barato.

Si vos cobrabas en divisa dura, pagabas 1/10 de impuestos y despues hacias uso y abuso de un spread imposible entre el dolar libre y oficial vivias en una burbuja. Se acabo lo que se daba.

Se puede volver a esa situacion? Si, totalmente.

El costo es nuevamente embargar el futuro como se venia haciendo.



>¿deberia considerar mudarme a un pais donde haya mejor relacion precio/calidad?

Si, siempre. 



Este tipo de comentarios me da la pauta que los que pregonaban la dolarizacion hasta el hartazgo pre elecciones siguen sin entender como es que realmente funcionaria una dolarizacion.",diyexageh,merval,35,2025-02-19 18:06:16,t3_1itall2,t3_1itall2,comment
mdnlxur,"Tenemos tarifas a importaciones ALTISIMAS que antes estaban ""abajo de la alfombra"" por el CEPO/brecha cambiaria. Todos los precios de la economía se acomodan a eso.",GTR-37,merval,7,2025-02-19 15:14:01,t3_1itall2,t3_1itall2,comment
mdptcyc,Ya no sos millonario cobrando 1000 dólares locon,p_unch_i,merval,7,2025-02-19 21:23:58,t3_1itall2,t3_1itall2,comment
mdob4lz,"El dolar esta barato en relación al peso, el peso está caro en relación al dólar y otras monedas.

Sí, el peso ""vale"" (en términos relativos a otros paises) más que cuando estabamos en suiza con Cristina 2015. 

Hubo 9 años de saqueo estatal desde el 2015. Reventaron los mejores pozos petroleros para amiguitos, tomaron deuda descomunal que ya defaultearon varias veces y volvieron a tomar más aún, nos fallaron en juicios en contra, privatizaron y malvendieron empresas y recursos, achicaron mercado de empresas estatales, relegaron recaudación por populismo de ricos, y aún así vale el peso lo mismo que antes de todo ese daño?



Claramente algo no está bien con el tipo de cambio ni con los niveles del merval. No es resultado de un balance de oferta y demanda ni por asomo, si toman deuda y malvenden reservas periódicamente para sostenerlo (a duras penas) como un fiambre embalsamado. 

Eventualmente se empieza a descongelar la cosa y se pudre la tortilla si no se vuelve a acercar al plano de la realidad y se dejan de joder con intentar ganar unas elecciones pelotudas cuando gobiernan por decreto y empiezan a hacer bien las cosas.",libertardos,merval,15,2025-02-19 17:06:25,t3_1itall2,t3_1itall2,comment
mdr2eyo,"Con dólares Argentina era un país ""barato"" hace un año. Ahora sale lo mismo una pizza acá que en París. no sé mucho de economía, pero es raro.",Duivel66,merval,5,2025-02-20 01:48:22,t3_1itall2,t3_1itall2,comment
mdoir49,"Si el dólar está atrasado o los precios adelantados da igual, el resultado es que Argentina es cara en dólares y es lo que importa.


Si las cosas se le dan bien a este gobierno, esto se puede estirar por muchos años como paso en los 90s.


Se pronóstica una entrada grande de dólares por vaca muerta, mineras y energía. El tema está en que esos dólares lleguen a la gente y no se concentren.


No se en que rubro estarás ni cuánto ganarás, pero lo que te pasa a vos le pasa a mucha gente. La industria del conocimiento se puede llegar a trasladar a otros paises para abaratar costos.


Si sentís que tenés un buen sueldo y Argentina no te da nada a cambio, proba con irte temporalmente a otro país para experimentar.",RequirementSavings23,merval,8,2025-02-19 17:40:17,t3_1itall2,t3_1itall2,comment
mdnd5j6,"Estoy en la misma, es increíble como subió el costo de vida en argentina en dólares. Yo posta estoy pensando en irme a Brasil.",Glass-Tumbleweed8523,merval,28,2025-02-19 14:34:46,t3_1itall2,t3_1itall2,comment
mdnhxxb,"No existe un gurú que te lo vaya a confirmar, si te puedo confirmar que es una cuestión local, la inflación del peso sigue siendo superior que la del dólar. 

Ocurre qué dentro de la economía local del país las inversiones en pesos dejan más rentabilidad, entonces a la gente que antes prefería traerla en dólares, hoy por hoy les es más redituable dejarla en pesos. 

El valor de la moneda está basado en gran parte en la confianza que se tiene en la misma, no es que el dólar haya perdido confianza, sino que el peso en el que nadie confiaba, hoy en día es más confiable.

Para resumir, te pagan mal en tu trabajo, y lo que está ocurriendo es que un poco más de estabilidad en tu país lo pone en evidencia. 


¿Opciones? 

- Mudarte un país aún menos estable 
- Apostar a que el peso argentino va a volver a perder confianza (Más de 40 años de historial a favor de ello)
- Buscar otro trabajo / Discutir el salario con el.",Individual_Help1484,merval,4,2025-02-19 14:56:11,t3_1itall2,t3_1itall2,comment
mdpgblh,"La única opción que veo es que el mercado se regule solo a través de una desregulación estatal, estratégica y responsable.


Esto con miras de alcanzar un tipo de cambio libre sin que el peso se devalúe a un ritmo lo suficientemente grande, justamente para evitar un descalabro inflacionario, financiero y una crisis en la balanza comercial.


Un activo nunca va a estar realmente en equilibrio si su adquisición o disposición están reguladas, tanto el precio, como cantidades. Los precios en dólares van a ser ""justos"" cuando se pase a un cambio libre, todo el resto es especulación pura, desde cuando se dispara el dólar hasta a cuanto se dispara, meterse a buscar respuestas es como querer descubrir que hay más allá de la vida (o la muerte).",[deleted],merval,5,2025-02-19 20:15:30,t3_1itall2,t3_1itall2,comment
mdqxhie,"Lo de ""barato"" en dolares solo era un sueño pasajero apenas se termino la plata para sostener la mentira se cayo a todo a pedazos desde hace AÑOS , la sitaucion va a seguir hasta que el pais aprenda a dejar de gastar en boludeces o se extingan en el hambre , y ese cambio va a llevar como 50 - 100 años , si es que se hace , deberias considerar otro pais donde tenga un costo de vida mas bajo en dolares y haya estabilidad financiera",[deleted],merval,4,2025-02-20 01:14:47,t3_1itall2,t3_1itall2,comment
mdndrv8,"Argentina es uno de los paises mas caro del mundo en dolares. Sin ir mas lejos por comparar precios, un auto de gama alta en Chile ronda los 20 mil dolares y en Argentina un vehiculo de alta gama ronda los 70 mil dolares.

Comida, servicios, ropa, etc todo es mas barato en otras parte que en Argentina.

El dolar esta atrasado, de hecho bancos no bajan la tasa de los creditos precisamente porque esperan una devaluacion. El tema es que Milei interviene constantemente en el mercado para planchar al dolar. Si el Fmi le da el dinero que ellos quieren, seguira planchado, sino le dan el dinero, no tendran municion y se le puede disparar.

La mejor opcion al corto plazo si te lo permite tu trabajo, es mudarte.",Firm_Translator_8623,merval,18,2025-02-19 14:37:34,t3_1itall2,t3_1itall2,comment
mdszlxe,Los mismos que siempre dicen que el dolar está atrasado (como el hijo de puta de Ratazzi) son los que suben los precios cuando el dolar sube  jaja,ElMolador,merval,3,2025-02-20 11:19:15,t3_1itall2,t3_1itall2,comment
mdwwkl2,"No apuestes a una devaluación y volver a lo de antes porque eso ya no vuelve. Vivimos una burbuja durante 2 décadas y el contractor que pudo la levantó con pala. Ahora estamos entre Chile y Uruguay, que es donde estuvimos históricamente. Los precios van a estar acordes con los de los países de la región, porque la burbuja se pincho y somos parte de sudamérica.",quehacesman,merval,3,2025-02-20 22:55:18,t3_1itall2,t3_1itall2,comment
mdpnl60,"Hoy subieron una nota en la nación sobre inflación vs salarios y el costo de vida.

https://www.lanacion.com.ar/economia/es-una-sensacion-por-que-la-plata-no-alcanza-si-baja-la-inflacion-y-suben-los-sueldos-nid19022025/

Sería un análisis sobre salarios locales, caso distinto al tuyo.

Igualmente a noviembre del 2024 el salario promedio (formal e informal) era de ~650k (INDEC), si lo actualizamos a una suba del 7% a febrero de 2025 serían ~700k salario promedio, o unos ~575usd.",milfenjoyer_69,merval,2,2025-02-19 20:53:44,t3_1itall2,t3_1itall2,comment
mdq1aix,"Me pasa lo mismo que vos, cobro en dólares y me resulta todo caro. Tengo curiosidad de que país sería igual de caro pero con mayor calidad,",Content-Maybe9136,merval,2,2025-02-19 22:06:35,t3_1itall2,t3_1itall2,comment
mdtd7cr,"El dolar esta atrasado en el sentido de que esta atras de un cepo, y no esta atrasado en el sentido de que el cambio aunque flote siempre va a ser relativmaente arbitrario, no es facil hacer un cambio ""objetivo"". Los movimientos del dolar paralelo son absolutamente irrelevante porque juegan con la especulacion.

En cuanto a los precios no estan ni adelantados ni atrasados, estan abusados ya de entrada, y ademas de eso se le sumo una burbuja mas devaluacion gigante. 

Es imposible saber si es permanente o no... salvo que hicieran un tratado en el mercosur a la union europea, NO va a haber presion suficiente da igual que hagas con las importaciones, como para que los precios bajen, y es muy probable que por mucha o poca devalaucion que haya la inflacion siga; Se desinflo un poco comparado con el año pasado, pero si, sigue altisimo, a niveles ridiculos, y no hay realmente mucho que se pueda hacer al respecto lamentablemente. A lo sumo podrias hacer una terapia de ""shock"" devaluando y limitando los aumentos, pero al ser una medida general va a afectar a unos muchisimo mas que otros, por lo que tiene que ser mas organico (con devaluacion o no e sirrelevante pero a largo plazo plazo y liderado por el comercio)

En cuanto a mudarte, eso depende de vos. Si a mi me dicen de irme a vivir a suiza, por mas que sea mas caro, ni lo pienso, pero bueno, cada uno con su tema",simonbleu,merval,2,2025-02-20 12:28:36,t3_1itall2,t3_1itall2,comment
mdvprb6,"Si, en epocas de poca inflacion suben los precios en dolares. Unos años depues hay una crisis y se descontrola el dolar, baja el peso y el pais se vuelve barato en dolares, pero alta inflacion
..y asi, es un ciclo...somos como un planeta con condiciones no compatibles con la vida, para algunos.",PlasticContact2137,merval,2,2025-02-20 18:58:00,t3_1itall2,t3_1itall2,comment
mdo8hn5,"Si se continúa en este camino ( de achicar inflación y achicar estado) se podrán bajar impuestos, en consecuencia costos y así  ser más competitivos .
Como bien decís en el post Argentina está cara, precios adelantados. Hay que bajar costos.
Si en cambio consideramos que el dólar está alto y devaluamos, ni hace falta que te explique, de allá venimos. Sólo los que trabajen para afuera podrían vivir decentemente (aunque cobrando cada día menos, porque total en Argentina rinde ..)

Para mí estamos iniciando el proceso. Si tenés/tenemos  paciencia bien, si no empezá a ver qué país te conviene más....",Vegetable_Wolf6194,merval,7,2025-02-19 16:54:40,t3_1itall2,t3_1itall2,comment
mdn9ik4,"Dolar atrasado era cuando el blue estaba 1500 y el oficial 400. Los precios están adelantados, sino tendrías a todo el mundo escapandose al dolar link, y nadie (nisiquiera los más k anti gobierno) lo compra.

Si sos contractor y la calidad precio de argentina no te sirve tenes 2 opciones, o mudarte o conseguir un mejor sueldo, porque aparte si se evalúa los precios van a aumentar en consecuencia y te va a pasar lo mismo",NearHyperinflation,merval,7,2025-02-19 14:18:32,t3_1itall2,t3_1itall2,comment
mdpjxpl,"uno peor q el otro en las otras respuestas:  
1- También soy contractor y si, nos estan haciendo mierda quemando usd a lo loco para vivir igual o incluso peor (x tener q recortar un monton de gastos). Es muy dificil q alguien vaya a empatizar con nosotros xq te van a decir q te aprovechas del pais, q te malacostumbraste a vivir como un rey con $100 usd y un sin fin de cosas parecidas cuando la realidad es q nosotros traemos divisas al pais y si fuera algo tan facil todos laburarían para afuera jajaja.  
Ellos ahora se están malacostumbrando a que un ingeniero o dev junior tiene que cobrar lo mismo que un mesero o un vendedor de comercio. ¿Lo estoy desmereciendo? No. Lo que quiero decir es que hay un desfase de precios increibles causado por estas politicas, donde lo ""caro"" está casi al mismo precio que lo ""barato"" y pasa lo mismo con los sueldos, todos cobran mas o menos lo mismo porque con un dolar barato también aumentan los salarios en usd medidos en pesos.

2- ¿Está atrasado? SI. Eso de ""están los precios aumentados"" es una hijaputez de caradura q dijo Caputo como siempre. Podés fijarte como se iba a disparar en Julio 2024 y abiertamente Caputo dijo que iban a empezar a intervenir (con lo cual después lo bajaron). También podés fijarte abiertamente el Indice Big Mac (no es oficialista ni de la oposicion sino internacional) y vas a ver que estamos casi un 60% más caros en dolares..

3-¿Que nos conviene a nosotros? Mirá, yo estoy en modo recesión y no pienso darle de comer a nadie hasta que me quieran dejar de romper el orto por un cafe con 3 medialunas a $8 usd. No estoy militando devaluación (aunque a nosotros SI nos serviría con los no transables que no aumentarian de la misma forma), pero sí que haya libre flotación y que si están tan confiados de que ese es el valor entonces que saquen el cepo y somos todos felices.  
De todas formas ya pasó con Macri en el 2016 y en el 2018 volvimos a reinar nosotros porque la realidad es que el dolar siempre termina ganando en un pais bananero como este con aires de europa (donde garpas $10usd el café con leche y despues te asaltan en la esquina o te ponen cartelitos de colores sobre av corrientes pero cuando caminas tenés cirujas x todos lados) kjj.",darkman066,merval,2,2025-02-19 20:34:20,t3_1itall2,t3_1itall2,comment
mdof0kt,">¿es esta una situación permantente?

Debería serlo mientras exista la estabilidad económica. Lo del gobierno de Alberto donde se hizo re pija el país fue la anomalía, podes mirar el gráfico de TCRM y vas a ver que en los 90s, Macri, ahora, anda similar a ahora [https://www.bcra.gob.ar/PublicacionesEstadisticas/Indices\_tipo\_cambio\_multilateral.asp](https://www.bcra.gob.ar/PublicacionesEstadisticas/Indices_tipo_cambio_multilateral.asp) y encima ojo que el gráfico es a tipo de cambio oficial, si tomas el CCL en los periodos de brecha es muchisimo más barato todo relativamente.

Ahora, Argentina pasa más tiempo hecho pija economicamente que estando bien, asi que basicamente la pregunta es si va a seguir este rumbo el gobierno, o les va mal, o pierden las elecciones.

>¿deberia considerar mudarme a un pais donde haya mejor relacion precio/calidad?

Deberías intentar ganar más guita para mi. Tipo, si querés mudate a Vietnam como hacen varios para pagar menos, dale, pero yo cuando me fui del país fue a Europa durante el gobierno de Alberto porque no podía cobrar legalmente sin que me quiten el 60-80%, y me fui a lugares de mejor calidad de vida, no más baratos. Me volvi por temas familiares. También están los que se mudan a Georgia que me parece una verga y en Argentina andan siempre evadiendo a 2 manos y les chupa un huevo. En fin, cada uno hace su vida.",BNeutral,merval,2,2025-02-19 17:23:41,t3_1itall2,t3_1itall2,comment
mdornjc,"uno solo puede especular, pero lo que yo creo es que ahora esta todo caro en dolares, y pronto los que cobran pesos no van a poder comprar prácticamente nada… Así que si estas considerando Ezeiza… anda maquina",nijvsdf1,merval,1,2025-02-19 18:19:39,t3_1itall2,t3_1itall2,comment
mdpk1f2,"Para mí los precios se adelantaron zarpado a principios del año pasado, lo que me preocupa es que después de un año siguen sin estar en un punto donde los podría considerar ""acomodados"", me siguen pareciendo caras muchas cosas en dólares todavía.

Entiendo que todo cambio es gradual y que de la teoría a la práctica siempre hay un trecho bastante grande pero me están entrando unas dudas fuertes de que volvamos a ser relativamente baratos en el corto plazo. Y si no se hace en el corto plazo dudo que en el mediano tengamos al mismo gobierno, lo cual implica todo un despelote y desajuste de políticas económicas y la economía ooooooooooootra vez.

Quiero vivir en un país aburrido donde me cobren el mismo cafecito que vengo tomando hace 10 años entre un 1% y 3% más caro anualmente (como mucho) y listo.",LibritoDeGrasa,merval,1,2025-02-19 20:34:53,t3_1itall2,t3_1itall2,comment
mdqi5dw,"Creo que ninguna de las dos en forma absoluta. 
Argentina siempre fue un país caro,  somos ineficientes, burocráticos, con corrupción, sin buena infraestructura, hasta hace muy poco con déficit energético...no hay forma de que tengamos buena productividad y bajos costos si eso no cambia.
El tema es que antes no lo veías porque cobrabas en otra moneda y acá artificialmente se mantenía el dólar bajo. Pero compara ese país barato con el que tenés como modelo,:¿era igual o solo era barato?
Hoy en esencia el país es todavía el mismo, por lo cual hoy se está viendo el costo real que tenemos, y está quedado bien claro que no somos baratos.
Hace falta recorrer un largo camino para  transformar el pais y mejorar la situación. De entrada nadie debería necesitar cobrar en otra moneda para que su salario le rinda.",GoGelp,merval,1,2025-02-19 23:41:39,t3_1itall2,t3_1itall2,comment
mdst7et,"Dólar ok. Precios deben ajustar, debe subir competencia, productividad.",Meneldur,merval,1,2025-02-20 10:42:39,t3_1itall2,t3_1itall2,comment
mdsuznt,"Para mi si esta atrasadito pero no se si eso signifique que va a corregir en un corto plazo, significaria +inflacion y que se derrumbe todo el plan economico, yo creo que lo pueden mantener asi unos años (prestamos FMI + exportaciones agricolas + exportaciones hidrocarburos historicas + inversion en mineria + confianza externa) hasta que termine el plan de estabilizacion  
Por otro lado respecto a tu pregunta, la unica manera en que se vuelva a vivir con los precios en dolares de 2022/2023 es teniendo a la izquierda mas extremista otra vez en el poder y que todos huyan al dolar (que gobierne Kiciloff en 2027/2031).   
Yo creo que si el plan economico tiene exito en un largo plazo vamos a tener precios en dolares un poco mas bajos que ahora pero mas caros que el resto de la region",m2juan,merval,1,2025-02-20 10:53:07,t3_1itall2,t3_1itall2,comment
mdu34n2,"Si hubiera atraso cambiario el banco central vendería dólares todos los días pero compra casi siempre.. los dólares del central empezaron a bajar en diciembre por la cantidad de gente que se fue afuera a vacacionar y gastan dólares oficiales a través de tarjeta pero eso no se considera venta de dólares, No hay atraso cambiario, los armadores de precio no acompañaron la dinámica inflacionaria, no creyeron en la desinflacion que prometió el gobierno y quedaron adelantados.",LucasMazzuka,merval,1,2025-02-20 14:29:15,t3_1itall2,t3_1itall2,comment
mdvrik0,"A tu pregunta de dólar atrasado o precios adelantados, en mí opinión los precios están adelantados. El mercado que veo más ridículamente desequilibrado es el automotor..",[deleted],merval,1,2025-02-20 19:06:22,t3_1itall2,t3_1itall2,comment
mdvrsnz,"Los precios no están atados tan al dolar como crees (en argentina)
Varios impuestos...
Importadores ponen el precio que se les canta el orto...
Sindicatos de transporte que cobran fortuna por mover cosas...
Y argentinos que aceptan los precios que les ponen....
Basicamente estamos atados al nivel de pelotudeo base... 
Y ni hablar que el argentino promedio quiere salvarse con 1 venta al mes...

Y la frutilla del pastel es básicamente que nadie te va a bajar precios así bajen los costos",ErChacar,merval,1,2025-02-20 19:07:42,t3_1itall2,t3_1itall2,comment
mdwdkin,"Yo me voy del país en unos meses, posiblemente en Abril. Tenía un pequeño ingreso en dólares y hace 2 años y medio me servía, pero ahora está más caro acá en dólares que donde vivía antes. La infraestructura (o falta de), la inseguridad y la economía están igual o peor, así que no me sirve que me sigan rompiendo el cul0 como monotributista. Si podés irte, andá. Obvio solo es mi opinión, pero no creo que ninguna de esas tres cosas mejore a corto plazo.",couplecraze,merval,1,2025-02-20 20:58:17,t3_1itall2,t3_1itall2,comment
mdwrmq3,"Los salarios y costos van a bajar?No?Entonces esta atrasadisimo, y no me vengan con el blue porque estan dumpeando parte de lo que le afanan a los exportadores ahi, no lograron nada suprimen la inflacion en pesos a costa de generar inflacion en dolares y para colmo el unico grupo beneficiado es empleados en blanco a largo plazo, el resto esta como el orto con salarios y ganancias estancados y costos crecientes, es insostenible porque no creo que ninguna industria licita que se dedique a exportar se banque esto por mucho mas.

Veo muchos delirantes aca hablando que ""si se abren las importaciones los precios bajan"" no entienden nada hermano, si se abren las importaciones tenes que pagarlas para eso tenes que tener dolares y para tener usd tenes que tener exportadores que les convenga exportar a un tipo de cambio, el modelo que ustedes quieren solo funciona con tipo de cambio flotante y caputo y milei vienen militando el peso fuerte artificialmente trucho este.

Las unicas importaciones que realmente crecieron son las compras via amazon porque al gobierno le chupa un huevo porque la gente las paga con sus usd fisicos y de todas formas les esta generando deficit porque muchos las andan pagando con pesos.",Single_Explorer_5452,merval,1,2025-02-20 22:28:35,t3_1itall2,t3_1itall2,comment
mdx2ol3,"Está re barato.

Remis a Ezeiza 45k. 
Uber JFK 120 usd.

Pizza acá 20k pesos con 6 empanadas.
Litle italy pizza 30 usd +tax


Coca cola de 2.25 litros 3500pe
Coca cola de 2 litros 3 usd

Alquiler 3 amb en Brooklyn 3000 usd
Alquiler en Núñez 900k

Empleada doméstica Arg 3k x hora
Usa: 17 usd x hora


Y así.... Si no ahorras acá que se yo",Single-Bill1086,merval,1,2025-02-20 23:28:55,t3_1itall2,t3_1itall2,comment
me01ji7,"Si cobras en dólares quédate, aguanta un poquito y ya verás",Cool-Device-4828,merval,1,2025-02-21 12:23:07,t3_1itall2,t3_1itall2,comment
me9qio2,"quien te mete preocupacion por el dolar? los mismos q antes te decian q el dolar no les importaba porque cobraban en pesos?

Todos se la dan de sabiondos inventando explicaciones pedorras, que cuando gobiernan ellos te dicen q vivimos en el paraiso, cuando gobiernan otros te dicen q el fin del mundo es mañana.

Ahora todos te quieren hacer creer q se la saben todas, y te mandan una explicacion falopa fatalista, pero cuando toca explicar el futuro y predecir las cosas... te dicen q milei se va en diciembre, no perdon, en enero, no perdon, en febrero, no perdon, en marzo, no perdon, en abril... zaraza zaraza zaraza zaraza zaraza",Acrobatic-South-9558,merval,1,2025-02-22 22:45:47,t3_1itall2,t3_1itall2,comment
mdnbova,"Habría que ver tema impuestos. Pero si vas al mercado negro(donde no tenes tanta carga tributaria). Las cosas cuestan la mitad o mucho menos. Hasta algunas importaciones, te cuestan mas barato.",Gullible-Pay4973,merval,1,2025-02-19 14:28:14,t3_1itall2,t3_1itall2,comment
mdnqnzv,"estabas abusando de una situación terrible para él pais.

ahora están más acomodadas las cosas, de hecho si cobras en pesos en el año te dieron 120% a 150% de aumento ppr la inflación, pero el dolar está más barato que el año pasado, eso significa que cobras más del doble en dolares que antes.

eso es beneficioso para todos",roberp81,merval,-1,2025-02-19 15:35:05,t3_1itall2,t3_1itall2,comment
mdommfv,"Cuando se habla de precio adelantados se habla de algunos, no de todos, ademas no todos los precios dependen 100% del dolar, basicamente lo que se dice es que algunos ponen el precio pensando en un salto cambiario e inflacionario  pronto y otros no",niconline,merval,9,2025-02-19 17:57:18,t1_mdnbmx5,t3_1itall2,comment
mdud7x3,"Permitime discrepar estimado, por que el hecho de que sean matemáticamente idénticos no aplica cuando estás haciendo una proyección a futuro con datos del pasado.

Cuando en el Vox Populi se nombra el “dolar atrasado” la gente entiende que este, está a punto de subir.

Caso contrario, cuando se menciona “Precios adelantados” la gente entiende que estos están a punto de bajar.

A ver despejemos un par de puntos básicos:

Nosotros no podemos influir en el poder adquisitivo del dolar, solo del peso, y elegimos anclar contra el dolar como punto referencial por que es la moneda estándar de intercambio en el comercio internacional.

Si podemos influir en el poder adquisitivo del peso es importante entender como, y la forma es a través de la emisión, como se ha demostrado este pasado 2024. Cortás el chorro y la moneda se estanca.

Cuando el chorro estaba abierto, los “malvados empresarios” se veían en la dicotomía de subir los precios previendo el salto cambiario, escudándose así contra la compra del mes siguiente.

Cuando el chorro se cerró, la pelota pasó a estar del lado del consumidor. El empresario nunca va a bajar los precios si la gente le sigue comprando.

Yo vivo en Mar del Plata y el mes pasado compré una bolsa de papas de 20kg, de muy buena calidad, a $6000. En ese momento en las verdulerías, el kilo de papa, de mismo tipo y sabor, estaba $1800 el kilo (promo 2kg x $3000).

En resumen, los precios están adelantados de cara al público, pero los márgenes de ganancia para (por mi ejemplo anterior) el verdulero, es gigante.

Los precios van a bajar cuando abra una verdulería cerca de esta y venda mas barato, por que todavía le va a quedar márgen, puesto que el de antes tiene mucho, o cuando la gente deje de comprar y se le entren a pudrir las papas.",megatronchote,merval,4,2025-02-20 15:14:50,t1_mdnbmx5,t3_1itall2,comment
mdnfqn1,El dólar blue y cripto flotan libremente a la baja y valen lo mismo que los dólares financieros. Si el dólar sube suben los precios me parece que a esta altura del partido después de más de 60 años viviendo esto no debería de haber más dudas por lo tanto el problema es otro no el tipo de cambio.,Spirited-Hippo-5673,merval,17,2025-02-19 14:46:24,t1_mdnbmx5,t3_1itall2,comment
mdspyab,"\>**Aritméticamente son conceptos equivalentes:** decir ""dolar atrasado"" o ""precios adelantados"" en términos numéricos ES LO MISMO.

Welcome back relatividad",SirLimonada,merval,1,2025-02-20 10:22:50,t1_mdnbmx5,t3_1itall2,comment
mdof21c,"Hoy fui a comprar una roseta de plastico cromada fv para el gas, y sale 11 mil pesos. Son 10 dolares al oficial. Es algo super comun en miles de casas argentinas para llave de paso del gas y es un plastico recontra generico. No tiene sentido",romerit0,merval,22,2025-02-19 17:23:52,t1_mdoccs2,t3_1itall2,comment
mdrt7n8,la cosa es que con 1000 dólares vivís acá o en España de la misma forma. hasta te digo que es más barato España.,WiselyChoosen23,merval,4,2025-02-20 05:41:03,t1_mdptcyc,t3_1itall2,comment
mdpg4e7,"Valor y precio son dos cosas distintas, ni eso saben y se hacen los entendidos de economía...mamita. después el presidente los estafa con una criptomoneda y se quejan...",lectordelaclau,merval,5,2025-02-19 20:14:29,t1_mdob4lz,t3_1itall2,comment
mdnppy7,"Pobre la gente que cobra en dólares, debemos devaluar para que ese 1% que cobra en dólares y los turistas  la pasen mejor",LeBroneta,merval,-11,2025-02-19 15:30:50,t1_mdnd5j6,t3_1itall2,comment
mdnpzgf,"pero también subieron los sueldos en dolares.  actualmente estamos cobrando el doble en dolares que el año pasado entonces la balanza sigue pareja.

brasil es carisimo",roberp81,merval,-9,2025-02-19 15:32:02,t1_mdnd5j6,t3_1itall2,comment
mdo3war,"Jaja, que chico es tu mundo si pensas que somos uno de los países más caros!!  
Que auto de ""alta gama"" compras por 20k?? Son mucho más baratos los autos en chile, pero tampoco decir boludeces las hace ciertas.  

Está caro en dólares, si, porque hasta que la tasa de interés de los pesos no baje más, es un negocio muy fácil tener pesos y hacer tasa con un gobierno tan prolijo en lo fiscal.  
Están aterrizando un avión sin motores de a poco, no podes bajar la tasa de una antes de que todos estén convencidos de que su plan funciona porque se te van todos al dólar y te joden todo.  
Post elecciones si sacan un buen resultado y la economía confirma que está remontando ya podes llegar a una tasa de país normal sin corrida, y soltarle la mano al dólar.  
Si logran desregular y seguir sacando costos para que sea justa la competencia y abren la importación para que no se puedan abusar de los precios inflados ya podemos pensar en funcionar como un país más (ni de los mejores ni de los peores, simplemente uno del montón, con eso ya es una fiesta)",--Quartz--,merval,-3,2025-02-19 16:34:13,t1_mdndrv8,t3_1itall2,comment
mdwty5y,"Esto va a ser peor que con macri, los boludos que estan apoyando a milei ahora son los que militaban contra el hace 2 años, estan chapita en serio, se piensan que es normal que los salarios en blanco aumenten todo los meses y los costos en usd todo los meses.

Te das cuenta que esto no se traslada a la economia productiva porque la construccion se paro, porque si te pedis un uber o cabify te vas de una punta a otra de capital por 5 usd de la cantidad de gente laburando de eso de extra porque no llegan a fin de mes, o porque hasta la comida ya esta mas cara que en paises limitrofes y costos mas altos que europa y japon.

Cuanto se banca el campo y la industria esto?Todo lindo con la recuperacion de los salarios pero solo se recuperan los salarios de los que estaban en blanco de antes quien carajo va a contratar a alguien asi a largo plazo?

Imaginate a musk tratando de abrir una fabrica de bateria de litio y todo los meses le suben los costos de construccion 10% en usd, cuantos meses decis que tarda en cancelar el proyecto?",Single_Explorer_5452,merval,6,2025-02-20 22:41:12,t1_mdpjxpl,t3_1itall2,comment
mdoa75k,Uf. Toda África (Sudáfrica por ejemplo lleno de rubios como elon) toda Europa del este (más fría que Karina Milei) emmmm supongo que el resto de caribe/médico y Latinoamérica. Creo que ahí tenemos más de 100 países donde podrías vivir mejor con 3mil dólares (sin contar la india y asia) 😳,Emotional_vandida,merval,4,2025-02-19 17:02:14,t1_mdncf10,t3_1itall2,comment
mdo893i,Y qué tal los costos en dólares?,ssanfilippo,merval,8,2025-02-19 16:53:37,t1_mdnqnzv,t3_1itall2,comment
mdubn3y,"""cobrás más del doble en dólares que antes"" excelente, entonces puedo comprar más del el doble de cosas que el año pasado con el mismo sueldo, no??",ProtectionNo514,merval,2,2025-02-20 15:07:43,t1_mdnqnzv,t3_1itall2,comment
mdobyp9,"No se nada de economía pero debe tener que haber un periodo de ""stress"" para que se acomode la cosa. La gente con poca plata sabe bien ""cuanto cuesta vivir"" y el que labura por hora empieza a pedir más plata. 

O ciertos rubros dejan de vender y frenan aumentos, bajan precios o compiten mas. 

No creo que pueda ajustarse la economía sin que empresarios o laburantes sufran y sean obligados a adaptarse.

Lo seguro es que con una inflación más planchada, ahora es todo un poco más previsible. Pero bueno, muchos vivían con aumentos de sueldo de tipo 100% anual ( pero escalonado ) entonces medio que un mes ganabas bien, al otro la inflación, etc",SaleYvale2,merval,2,2025-02-19 17:10:08,t1_mdn94o2,t3_1itall2,comment
mdv0jsg,"Aclare ambos puntos en mi comentarios... de hecho hasta di las preguntan que resuelven la dicotomía de ""precios adelantado o si dolar atrasado"".

\-> Si hay deflación del 20% efectivamente los precios estaban adelantados.  
\-> Si hay inflación del 30% y el dolar debe ser contenido para que no estalle, es el dolar que esta atrasado.  


Sin dar la respuesta, creo uno sabe en que escenario aplica más la situación del país.",Strong-Motor175,merval,1,2025-02-20 17:00:35,t1_mdud7x3,t3_1itall2,comment
mdtbbpc,r/merval se volvió r/republica_argentina tan gradualmente que no me di cuenta,drunkmers,merval,5,2025-02-20 12:19:33,t1_mdq6b6l,t3_1itall2,comment
mdngzrk,"Creería que los dólares crypto siguen a los financieros/blue. Las empresas grandes, que son las que pueden mover la aguja, se manejan con los financieros, no?",lucn323,merval,16,2025-02-19 14:52:00,t1_mdnfqn1,t3_1itall2,comment
mdnkhhk,"Solo para aclarar fíjate que yo no di ninguna respuesta, solo hice las preguntas (a mi me parece que vos sabes las respuestas).

Sobre los dolares paralelos tanto blue o cripto, estas diciendo varias cosas que están mal. No ""flotan libremente a la baja"":  
  
\-El primer concepto mal es que ""están a la baja"" cuando en el mes llevan un aumento del 8%, la baja más rara del mundo.  
  
\-El segundo concepto mal es que ""flotan libremente"", basta con que haya un mercado intervenido para alterar el resto porque se genera un arbitraje. Supongamos que fuera posible tener un dolar MEP a $1200 y un dolar cripto a $1500, existiría un arbitraje con un \~25% de rentabilidad donde compras MEP y vendes cripto y obtenés $300 por dolar, por lo tanto tienen que converger...",Strong-Motor175,merval,17,2025-02-19 15:07:31,t1_mdnfqn1,t3_1itall2,comment
mdnlzhc,Esto es FALSO. Interviene el central con los fondos de garantia de sustentabilidad. Y el blue no ocupa mas que el 5% de todas las operaciones del dolar. El blue es el promedio del ccl con el oficial. Y el ccl es el que mueve el blue.,ShallotNew3476,merval,6,2025-02-19 15:14:13,t1_mdnfqn1,t3_1itall2,comment
mdnrxak,"A qué va tu comentario, no aporta en nada. Argentina está cara en dólares y eso es una desventaja comparativa frente a competidores. Muy de envidia tu comentario.",Glass-Tumbleweed8523,merval,37,2025-02-19 15:40:42,t1_mdnppy7,t3_1itall2,comment
mdo96a3,"En dólares estoy ganando lo mismo, y re ajustada. Este país es una reverenda bosta. Lo siento, no hablo del territorio en si, sino de los colonizados.",Emotional_vandida,merval,8,2025-02-19 16:57:42,t1_mdnpzgf,t3_1itall2,comment
mdoaqc9,pero el OP supuestamente cobra en dolares.,minderbinder,merval,1,2025-02-19 17:04:40,t1_mdnpzgf,t3_1itall2,comment
mdq7rkd,"El problema es que el costo de las cosas subio bastante mas que los salarios, y subió en dólares, y ahora podes comprar menos cosas que antes. No importa cuanto subio el salario en dolares si el 80% de tus gastos son alquiler y servicios y antes la distribucion era 40%. Contá el cuento completo.",Anyulinela,merval,1,2025-02-19 22:42:33,t1_mdnpzgf,t3_1itall2,comment
mdp7psu,En tus sueños la balanza sigue pareja. Agarra el precio de prácticamente cualquier cosa pasalo a dólares y vas a ver que sale lo mismo o más que en países donde el sueldo en dólares es cuatro veces más altos que acá con un sueldo actual promedio que es menor a los USD 700,Gabriel-p,merval,0,2025-02-19 19:33:02,t1_mdnpzgf,t3_1itall2,comment
mdsbcj6,"Me da la impresión que mientras los numeros le den positivos, es decir, que mantenga 2,5 pesos de superavit cada mes, va a sostener el esquema. 

Para empezar, a la gente le chupa un huevo cosas como que haya cagado a varias docenas de yanquis con una memecoin, pero que la carne suba $1000 es algo que te quita votos en serio. Asi que mientras logre mantenerse a flote va a sostener el modelo porque es lo unico que garantiza una estabilizacion de la inflacion.",Kenshin_Hyuuga,merval,6,2025-02-20 08:38:08,t1_mdqncxj,t3_1itall2,comment
mepb3xp,"I will be messaging you in 9 months on [**2025-12-01 00:00:00 UTC**](http://www.wolframalpha.com/input/?i=2025-12-01%2000:00:00%20UTC%20To%20Local%20Time) to remind you of [**this link**](https://www.reddit.com/r/merval/comments/1itall2/el_dolar_esta_atrasado_o_los_precios_adelantados/mepaz9k/?context=3)

[**CLICK THIS LINK**](https://www.reddit.com/message/compose/?to=RemindMeBot&subject=Reminder&message=%5Bhttps%3A%2F%2Fwww.reddit.com%2Fr%2Fmerval%2Fcomments%2F1itall2%2Fel_dolar_esta_atrasado_o_los_precios_adelantados%2Fmepaz9k%2F%5D%0A%0ARemindMe%21%202025-12-01%2000%3A00%3A00%20UTC) to send a PM to also be reminded and to reduce spam.

^(Parent commenter can ) [^(delete this message to hide from others.)](https://www.reddit.com/message/compose/?to=RemindMeBot&subject=Delete%20Comment&message=Delete%21%201itall2)

*****

|[^(Info)](https://www.reddit.com/r/RemindMeBot/comments/e1bko7/remindmebot_info_v21/)|[^(Custom)](https://www.reddit.com/message/compose/?to=RemindMeBot&subject=Reminder&message=%5BLink%20or%20message%20inside%20square%20brackets%5D%0A%0ARemindMe%21%20Time%20period%20here)|[^(Your Reminders)](https://www.reddit.com/message/compose/?to=RemindMeBot&subject=List%20Of%20Reminders&message=MyReminders%21)|[^(Feedback)](https://www.reddit.com/message/compose/?to=Watchful1&subject=RemindMeBot%20Feedback)|
|-|-|-|-|",RemindMeBot,merval,1,2025-02-25 11:06:05,t1_mepaz9k,t3_1itall2,comment
mdp55da,"no te quiero pinchar el globo pero eso no es ganar bien como contractor. Por esa guita, si sos dev, conseguis en el mercado local todo en blanco",deucalion1994,merval,0,2025-02-19 19:20:46,t1_mdna7c3,t3_1itall2,comment
mdrw1qp,"bajo todo, si el dolar esta 1200 y el año pasado 1400.",roberp81,merval,0,2025-02-20 06:10:14,t1_mdo893i,t3_1itall2,comment
mdpjgv4,"Coincido con esto pero hay cosas que no entiendo cómo no bajan. La ropa no baja un carajo, ¿Me vas a decir que la gente compra ropa todos los días? Me niego a pagar 15-20 dólares una remera estampada nueva, es una aberración y encima son de tela de recontra remil mierda, y para comprar ropa de mierda voy a la feria donde me sale 7 dólares una remera lisa y bueno, me durará una temporada o dos y a la basura. He tocado tela que juraría es más finita que un pelo humano.

Ni te digo si querés algo de ropa un poco más compleja que una remera, una camisa de lino livianita para el verano de marca genérica 35-40 dólares, lo mismo que cuesta  en Europa, pero la pagamos con nuestros sueldos  ¿Quién compra camisas de 40 dólares? No puede ser el promedio de la gente. Y los que están por sobre el promedio tampoco, porque ellos compran camisas de 100-150 dólares que es lo que cuestan en cualquier local de shopping tipo La Martina o Lacoste.

Le llego a decir a un yanki del laburo que pagué 150 dólares una camisa Lacoste y se muere de un infarto.",LibritoDeGrasa,merval,2,2025-02-19 20:31:49,t1_mdndnj4,t3_1itall2,comment
mdveh97,"De nuevo estimado, discrepamos. 

Para que el dólar esté atrasado como vos insinuás que debe estarlo, se tendrían que estár vendiendo reservas, y lo único que se está haciendo es pagar deudas.

Tu ejemplo de la inflación vs la deflación tendría sentido si hiciese 3 años que la inflación está planchada, no podés reponer una economía tan sistemáticamente hecha mierda como la nuestra, con la cantidad de deudas que acumula, y que recién en algunos sectores está mostrando repuntes como para pedir que el mercado convalide una deflación ahora mismo.

La solución nunca va a ser devaluar, eso se demostró paténtemente que no funciona y que a la larga lo tenés que hacer de nuevo, en el proceso haciendo concha a la gente.",megatronchote,merval,3,2025-02-20 18:05:13,t1_mdv0jsg,t3_1itall2,comment
mdzlles,"Cuando decís que no aportaron? Te referis a los que tuvo que rescatar el estado de las AFJP que se fundieron timbeandose todos los fondos en la crisis subprime del 2007? O estás diciendo a los que se jubilaron por moratoria, a los que se les descuenta un % por los aportes faltantes. Capaz si no los hubieran tenido en negro podrían haber aportado como corresponde, pero nunca vemos multas para los empleadores, no? 


El IVA lo metió Cavallo al 21% y nunca lo bajo nadie más. Un IVA/VAT de entre 20% y 25% es lo más común si no mal recuerdo, pero estamos de acuerdo que es el más regresivo de los impuestos, estoy totalmente a favor de lo bajen y compensen por otro lado con impuestos más progresivos y que afecten a ese % de población muy menor (sí estoy diciendo lo que crees que estoy diciendo).


Y con el ""costo"" de empleados, si tenés en cuenta a los países nordicos se aporta mucho en concepto de seguridad social, acá aporta un 19 el trabajador y un 24 el empleador en el 931, lo cual sigue siendo bajo -por no tanto- para países nórdicos. Claro allá las jubilaciones son muchísimo mejor que acá, pero también es otra relación de la pirámide poblacional. Googleand rapido oda la región nórdica tiene algo así como 27 millones de habitantes, de eso debe ser alrededor de un 20% de jubilados o sea unos 6 millones. Acá somos 45 millones y medio y los jubilados son 7 y medio. 


Ya así, de pasada rápida capaz que tendrías que darte cuenta que presupuestar un país no es cosa para andar haciendo en Reddit,  ciertamente largarte tremendo tratado -y basico por sobre todo- para argumentar qué? Todos podemos ver qué estamos carísimos en dólares y que los sueldos están siendo una reverenda poronga. Mientras la torta de plata no me la estoy llevando ni vos ni yo. Yo ando dentro de todo bien, y vengo acá para tratar de ver cómo capitalizar sin quedarla de acá a 20 años, pero no me como el viaje de que voy a mover la aguja. Vos pensás que Paolo Rocca o Galperin andan lurkeando por acá?",soundofsatellites,merval,5,2025-02-21 10:59:23,t1_mdyf7bc,t3_1itall2,comment
mdnilng,"Totalmente, pero en una situación de tipo de cambio artificial pisado un 50 por ciento o más como algunos postulan tendrías más brecha entre los dólares libres y los financieros. El que anda en negro solo puede comprar dólar para cubrirse de una devaluación. El blue y el cripto debería estar más alto pq no todos pueden acceder al mep.",Spirited-Hippo-5673,merval,15,2025-02-19 14:59:03,t1_mdngzrk,t3_1itall2,comment
mdq6zqu,"El usdt en p2p esta por encima del dolar blue. Hace 3 años que compro y vendo en binance y nunca vi eso antes. La primera vez fue hace 2 semanas atras y todavia no habiamos tenido el episodio de libra. Si mirás ahora, es igual. Gente deshaciéndose de los pesos. No es buena señal.",Anyulinela,merval,2,2025-02-19 22:38:13,t1_mdngzrk,t3_1itall2,comment
mdnwiv6,"No me deja subir una foto del gráfico, pero el dólar efectivamente bajo en el último mes.

[https://www.ambito.com/contenidos/dolar-informal-historico.html](https://www.ambito.com/contenidos/dolar-informal-historico.html)

de 1235 a 1225 no veo el aumento del 8 por ciento. Si quisieras tomar el momento de mayor aumento osea de 1205 a 1235 te daría una suba de menos del 3 porciento. Si comparamos ese 1205 con hoy 1225 la suba es de menos del 2 porciento. 

¿El mercado esta intervenido? sí porque hay cepo, se venden dólares para contener la volatilidad del tipo de cambio y para esterilizar pesos. En el supuesto que planteas que no se condice con la realidad actual, la convergencia seria hacia el precio del dólar cripto. Algo que ya vimos en el pasado.",Spirited-Hippo-5673,merval,18,2025-02-19 16:01:11,t1_mdnkhhk,t3_1itall2,comment
mdnx1m1,"Que tiene que ver que sea el 5 por ciento es un mercado aparte que no se puede intervenir al igual que el cripto. No reflejan lo que dicen, es sencillo.",Spirited-Hippo-5673,merval,3,2025-02-19 16:03:32,t1_mdnlzhc,t3_1itall2,comment
mdryane,"version corta, sin poner mucha negatividad pero sin suavizarlo mucho tampoco

cosas para poner en claro y dar contexto, cuando digo Europa, digo específicamente Alemania, para que no salte nadie a decir *pero yo vivo en villa margarita, España y eso no pasa, o yo vivo Ortohügel , Suiza y eso no es así*, bien por vos yo no vivo en esos lugares, asi que todo es **Alemania**


mi pareja y yo somos desarrolladores/IT, nos mudamos un poquito después de terminar la pandemia, por razones de publico conocimiento y a probar salir del barrio, los dos somos de CABA y teníamos nuestros salarios en dólares/dolarizados

Alemania es un país bastante estancado, social, económica, política y culturalmente, en mi opinion, la mejor metáfora que puedo pensar, es el familiar con plata que nunca tuvo que trabajar un día de su vida y cree que todos se quejan mucho de que todo esta caro. Hay muchas cosas que el argentino da por sentado que cree que así es en todos lados.

primero que nada, podes ser las persona mas rubia y de ojos azules que vos quieras ser, pero para los alemanes solo existen los Alemanes y el resto, ya esta. Siempre vas a ser un ciudadano de segunda para ellos así hagas todo bien.


también, nosotros en argentina estábamos/estamos en el sector que seria ""acomodado"", aquí pasas a ser un clase media mas, yo diría que Alemania es un buen país para ser pobre o millonario, no queda nada para todo lo que esta en medio, te explotan a impuestos y no recibís nada, porque ni salud publica tiene, y bueno como dije arriba, vas a ser lavacopas? trabajador de linea en una fabrica? si entre argentina y Alemania obvio que Alemania, pero para profesionales clase media-alta? horrible país, los únicos en ese grupo que deberían venir a Alemania es que sos un ingeniero Iraní que esta en medio la guerra del medio oriente, o sos un doctor del congo en medio de la plaga y la hambruna, porque ahí si para vos Alemania esta en el año 3025, pero para mi que estoy cómodo en argentina? no hay mucha mejora en Alemania en cuanto a servicios/salario/etc

en cuanto a salarios, por lo menos en mi area, gano lo mismo o mas en Argentina que aqui, y en argentina no pago alquiler

también, para venir aquí a mantener vagos, los mantengo en Argentina y me como un asado, todos los impuestos que te sacan van a gente que no trabaja y vive del estado alemán, yo hice un curso de alemán publico, había gente aquí que tenia 4 o 5 años en Alemania y seguían repitiendo el curso de alemán, por que? el estado se los pagaba, no tenían que esforzarse en pagarlo o habia consecuencias y mientras hicieran el curso el estado les daba la platita, habían un par de mujeres que estaban sin trabajo, pero siempre las veias con corte de pelo nuevo y cartera nueva, y yo sali de argentina porque eso estaba mal, pero aqui es lo mismo, entonces, cual es el chiste de salir?

alemania es un país que redondea para abajo, muy difícil subir de estrato social en alemania y hay una discriminación institucional fuerte, para alquilar tu nombre tiene que ""sonar"" alemán o lo mas europeo (no europa latina, osea, espana, italia, etc) para que te alquilen, como te dije para ellos esta alemania y todo lo demas

hay mas que podria contar, pero creo que ya esta largo como esta

una ultima nota, yo siempre fui una persona muy internacional, tengo amigos en todos lados, soy bien viajado, estudie en escuela internacional, siempre dije no hay lugar donde yo no pueda adaptarme porque mi vision del mundo es amplia, bueno, Alemania fue mi nemesis, siempre me considere tolerante de otras culturas y formas de ver el mundo, alemania me quito una parte de esa tolerancia, pais extremadamente retrogrado",Book-Parade,merval,30,2025-02-20 06:32:51,t1_mdr9k1t,t3_1itall2,comment
mdnz4kh,"Que devaluar no sirve, no es bueno para un país, no genera competitividad a largo plazo, nada, solo es un maquillaje temporal que crea desconfianza, tendría que ser lo ultimo a lo que recurrir. Tienen que sacarse de la cabeza que vivir con 300 dolares es algo normal.

Lo que se debe hacer para ser competivo es organizar las cuentas para poder sacar el cepo, reducir impuestos y trabas burocráticas a las empresas y del lado de estas tienen que cooperar ajustando sus gastos y bajando precios, pasa que el empresario promedio no quiere perder ni medio punto de ganancia.",LeBroneta,merval,7,2025-02-19 16:12:56,t1_mdnrxak,t3_1itall2,comment
mdo9efx,Envidia de que? Del que gana en dólares? Ahí lo tenes al colonizado …. 🇺🇸,Emotional_vandida,merval,-1,2025-02-19 16:58:42,t1_mdnrxak,t3_1itall2,comment
mdrwei9,"y es un depende. si tenes un trabajo de mierda si, si tenes un trabajo normal no.

ponele el año pasado ganaba 3 millones este año gano 6 millones (aumento por inflación eh nada loco) el año pasado pagaba ponia 100k a la prepaga( extra al 3% q pones vos y 6% tu empleador) este año pongo 130k  a lo q aporta el laburo,  la mayoría q veinte queja sin sacar una sola cuenta.

si la prepaga aumento pero también aumento mi aporte. entonces a valor final pago menos en usd qué el año pasado y cobro el doble.",roberp81,merval,1,2025-02-20 06:13:45,t1_mdnsei5,t3_1itall2,comment
mdq8ns7,"Sii querés votemos al supuesto ""normal"" así emite dinero como loco y llegamos hacer más barato que Brasil pero más pobre que Angola, me parece que tenés que hablar con tus jefes o busques otro trabajo, yo ahora cobro más del doble de dólares , este calculo siempre con el blue, te cuento que va a pasar si devalúan? Si sos inteligente conoces la respuesta, la argentina en eso nunca te defrauda, siempre se muy predecible",gabytoto2000,merval,3,2025-02-19 22:47:33,t1_mdo96a3,t3_1itall2,comment
mdo2dk6,"Se mantuvo igual para las cosas que subieron como la inflación, y trepó muchísimo para las cosas que están en dólares.  
Hoy un sueldo tranca son 600 dólares, en 2023 eran 300.  
Seguro, con ninguno de los dos podes vivir por tu cuenta acá, pero para comprar por ejemplo una computadora tu poder de compra se duplicó.  

Para el súper seguís igual de complicado (capaz mejorando un cacho), pero el que dice que está peor es porque lo están cagando en su laburo más que por la economía del país.",--Quartz--,merval,10,2025-02-19 16:27:24,t1_mdnsq35,t3_1itall2,comment
mdrvyek,no dijo cuanto cobra pero vi muchos de sistemas q labura cobrando  600 dolares cuando si cobrará en pesos estaría en 3 o 4 millones.,roberp81,merval,2,2025-02-20 06:09:16,t1_mdoaqc9,t3_1itall2,comment
me0mvd6,"El problema es que la oposicion es muy pelotuda los anteriores terminaron el gobierno con bienes personales arrancando a 4k usd mientras que un auto nuevo para un taxista valia 4 veces mas que eso y alberto al final tiene departamento en puerto madero que nadie lo sabia y la propuesta de massa era agregar bienes personales al campo es decir tambien estan chapita.

Si no se presenta una alternativa no chapita a esto estos chapitas van a seguir porque al menos son los locos que no intervienen directamente en tu vida lo hacen de forma indirecta con estas medidas delirantes que te hacen artificialmente caros y la oposicion es tan pelotuda que no se da cuenta de las cagadas que se mandaron en el segundo kirchnerismo para adelante, que el blanqueo ayudara a milei a mantener el dolar barato por tanto tiempo agregando liquidez en usd es una clara muestra de que politicas como bienes personales a niveles tan bajo en usd es terrible y solo genera corridas al usd fisico pero pareciera que la oposicion es un rejunte de repelotudos, si llegan a ganar y hacen alberto 3.0 pero sin economia cerrada por pandemia, dolares del fmi de macri, y con un sistema bancario que se va a vaciar en los 30 dias antes de que asuman, literal se van en helicoptero en 3 meses.

Si el fmi banca esto de caputo estamos en el horno llegamos a las elecciones mas caros que la estacion espacial internacional y explota todo a la mierda despues porque no van a poder salir del tipo de cambio este a flotante para sacar el cepo.",Single_Explorer_5452,merval,2,2025-02-21 14:03:31,t1_mdy5da2,t3_1itall2,comment
mdol5cn,"Te guste o no, las partes más turisticas de Brazil no es muy distinto a capital federal en criminalidad. Y con la economia como la tienen, más barato que Argentina es.",Significant-Battle-1,merval,1,2025-02-19 17:50:51,t1_mdoj4f6,t3_1itall2,comment
mdojl36,"Ni te gastes, estos son los boludos que te dicen ""pero el paquete de papitas esta más barato en Manhattan"" y después pagan 3mil dolares al mes para alquilar 40 metros cuadrados pero de eso no hay que hablar. No se donde verga se habrá alojado para gastar menos en un mes en Japón cuando literalmente yo en 1 semana de hotel allá gaste más que el alquiler de todo un mes en Argentina.",BNeutral,merval,0,2025-02-19 17:43:58,t1_mdnegl4,t3_1itall2,comment
mds9aj2,"Veo que no entendes mucho, te dije el costo en dólares, no el valor del dólar. Veamos un ejemplo concreto: Cuanta nafta comprabas con un dólar en febrero 2024 y cuanta compras hoy? 

PD: Entendes que el valor del dólar actual lo tienen planchado a fuerza de intervenir en el mercado y no levantar el cepo, no?",ssanfilippo,merval,3,2025-02-20 08:19:54,t1_mdrw1qp,t3_1itall2,comment
mdpfeho,"Si la oferta de dólares ""libres"" es dependiente del dólar financiero, no veo como puede existir una gran brecha como argumentas.


El MEP, CCL y CRIPTO van de la mano en gran grado, con sus respectivas brechas obviamente.


El BLUE depende principalmente del MEP y el CRIPTO justamente por como operan las cuevas. Si el MEP está muy bajo la gente hace rulos y empuja el BLUE para abajo y el MEP para arriba disminuyendo la brecha.


Similar con MEP y CCL.


Así que difícil que exista una brecha grande, en mi caso no coincido con los que planteas por la interdependencia.


Por otro lado no es que la gente suponga que hay intervención, es que hay intervención declarada por el propio gobierno y BCRA. De que sea bueno o malo es una cosa, pero la realidad es que si hay intervención.",[deleted],merval,12,2025-02-19 20:10:48,t1_mdnilng,t3_1itall2,comment
mdphy7f,"O no... Si mantienes el flujo de dólares con el suficiente caudal, el dólar paralelo no sube porque no existe la necesidad de ese mercado (más allá de quienes no pueden justificar su compra), podes mantenerlo ""pisado"" quemando dólares.",Dersoc,merval,2,2025-02-19 20:23:53,t1_mdnilng,t3_1itall2,comment
mdqv751,el p2p esta por encima del dolar en cualquier lugar donde compres .... porque todos quieren sacar redito cambiando .. no hay que ser un genio para saber lo ideal seria usar la conversion que te ofrece cada exchange,[deleted],merval,6,2025-02-20 00:59:57,t1_mdq6zqu,t3_1itall2,comment
mdxa361,Gente deshaciéndose de los pesos... Que película que tienen algunos,WaracheProd,merval,2,2025-02-21 00:10:24,t1_mdq6zqu,t3_1itall2,comment
mdo4njk,"Coincido con vos.. Antes con dolar pisado/intervenido, el blue estaba mucho más alto y con mucha más brecha..",eoZul,merval,10,2025-02-19 16:37:35,t1_mdnwiv6,t3_1itall2,comment
mdocppv,"""de 1235 a 1225 no veo el aumento del 8 por ciento.""

Me estas citando el valor del blue y particularmente hablaba del cripto (deben converger +/- el costo de hacer el arbitraje y el volumen operado). Si miras la película completa, nada indica una tendencia a la baja del dolar mep/blue/cripto...

""¿El mercado esta intervenido? sí porque hay cepo, se venden dólares para contener la volatilidad del tipo de cambio y para esterilizar pesos""

Ni considero al dolar oficial como mercado porque directamente no se puede acceder. hablo del mercado de los dolares financieros, y si esta intervenido, busca la explicación creativa que te guste para ""contener la volatilidad"", ""esterilizar pesos"" (¿¿??) Se queman más de mil millones de dolares al mes para contener el financiero, por lo que no hay libre flotación.

""La convergencia sería hacia el precio del dolar cripto""  
Esto esta MAL, no podes decir que el cripto rige el valor del dolar en la economía... el volumen es ordenes de magnitudes inferior a las operaciones de los dolares financieros y lo explique fácil: de no ser así existe un arbitraje, se utiliza el arbitraje, luego deben converger con una pequeña diferencia del costo de hacer el arbitraje, es decir cuando deje de ser rentable, y la convergencia es el paralelos hacía los financieros.

Creo que no lo pude explicar más simple.",Strong-Motor175,merval,4,2025-02-19 17:13:29,t1_mdnwiv6,t3_1itall2,comment
mdwlg4p,"El único factor que no están tomando en consideración es el empleo. La industria no va a poder bajar los precios tanto para mantenerse rentable, van a cerrar y va a haber un desempleo crónico. Solo con importaciones abiertas no mantenemos a los 17 millones de la población económicamente activa laburando, ganando guita y consumiendo.",[deleted],merval,2,2025-02-20 21:54:15,t1_mdssamm,t3_1itall2,comment
mdnnuh9,"No discuto eso está todo carísimo y veníamos de estar baratísimos. El tipo de cambio cambia la ecuación en el corto plazo. Vos podés devaluar, pero más temprano que tarde los precios van a acompañar. Lo que hace cara a la comida es la falta de competencia, falta de tecnologia, falta de infraestructura, impuestos elevados, legislación idiota etc.

Si poner un tambo fuera más fácil desde la parte impositiva y de habilitaciones, si importar la última tecnología es más barato y fácil, Si bajan las cargas sociales, Si baja el coste del flete, Si no hay oligopolios en las fabrica y tmp lo hay en los supermercados sumado a la libre importación tiene que bajar si o sí. Pensa que en Argentina tenes coto, carrefour, dia y el grupo cencosud. Los almaceneros le compran tmb a 4 mayoristas que se reparten el mercado y así es casi todo en este pais.",Spirited-Hippo-5673,merval,2,2025-02-19 15:22:37,t1_mdnhp4a,t3_1itall2,comment
mdogok0,"[https://www.ambito.com/contenidos/dolar-mep-historico.html](https://www.ambito.com/contenidos/dolar-mep-historico.html)

Subió 3 por ciento en el último mes, menos de 2,7 desde que arrancó el año.

¿Porque en las administraciones anteriores no pudieron contener el dólar jamás a pesar de quemar miles de dólares por mes?

La convergencia es hacia el precio del dólar más libre. Lo vimos en 2023 y en tantos otros años.",Spirited-Hippo-5673,merval,2,2025-02-19 17:31:06,t1_mdocppv,t3_1itall2,comment
mepa29l,">Se queman más de mil millones de dolares al mes para contener el financiero, por lo que no hay libre flotación.

Eso fue este mes. No los anteriores.

De hecho si miras las reservas del BCRA, estan mas o menos igual que en Febrero 2024. Se han comprado y vendido dolares por igual.",Anxious-Guarantee-12,merval,1,2025-02-25 10:59:54,t1_mdocppv,t3_1itall2,comment
mdse6fa,"Que mensaje estas hablando? No es algo que compras todos los días de consumo masivo como el supermercado o ropa. Cuantas llaves de paso de gas podes tener en una casa? Probablemente menos de cinco. Quizas la llave te dura fácilmente 50 años. Me ofrecieron una alternativa y no era de la misma forma. Es una pavada el ejemplo que di, no me quedo sin gas sino la tengo pero esta pasando con todo esto",romerit0,merval,3,2025-02-20 09:01:27,t1_mds8mh0,t3_1itall2,comment
mdut5cx,"diria que eso es circunstancial, porque muy dificil adivinar cuando viene una guerra o catastrofe

fue un mas, quererse hacer los vivos y les salio mal, ellos importaron un monton de migrantes (musulmanes mas que nada) creyendo que los iban a poder domar para que les trabajaran los trabajos bajo nivel y no les salio bien y ahora estan en el horno con gente que depende del estado, y vos podes ser el mejor doctor del mundo o el ingeniero mas brillante y te van a tratar igual de mal que mohamed que vino a esparcir el islam

porque al final todo esto de los migrantes no es ninguna patria grande, es simplemente necesito a alguien que quiera trabajar 14 horas en una fabrica o que trabaje 16 horas entregando correos en la nieve para que la Oma  y el Opa puedan tener pension

porque alemania es un geriatrico a cielo abierto, un pais donde la mayoria de la poblacion es vieja


otra cosa es tambien lo estancado que estan por lo retrógrados que son, alemania no tiene innovacion, dejo de innovar en los 80s o por ahi y la misma burocracia obsoleta que tiene no los deja innovar, imagina que queres registrar una marca o empresa y el ñoqui publico de turno tiene todo el poder de decir que tu empresa o servicio no es necesario y por lo tanto no lo podes registrar o no podes abrir tu empresa, bueno, eso pasa aca, hubo todo un post largisimo hace unos meses en los subs alemanes de eso, un extranjero que le fue bien, tenia empresa tenia cartera de clientes, tenia  empleados, fue a hacer todo su papeleo y el ñoqui de turno le dijo no, no creo que tu empresa sea necesaria, a tu casa",Book-Parade,merval,3,2025-02-20 16:27:01,t1_mdsi9sy,t3_1itall2,comment
mdofqiq,"por un lado tenes los impuestos, que podriamos bajar, pero el otro tema son otros costos falopa que no son especificamente impuestos. por ejemplo los inspectores de aduana que te pueden parar containers a dedo (= te piden coima, en criollo). y estan entongados con el dueño del deposito fiscal. si llega un container te dan 5 dias ""gratis"" en el depo fiscal y despues te empiezan a cobrar. sabias que ningun container sale antes de los 5 dias de la aduana? adivinas por que?

igual ahora muchas cosas importadas bajaron de precio porque amazon se los esta llevando puestos. por ejemplo compramos un escritorio motorizado en amazon por 300 dolares cuando aca ninguno bajaba de un palo. oh casualidad ahora Meli esta lleno de escritorios motorizados de 300 lucas

en definitiva necesitas mas jugadores en el mercado de lo que sea. pero como todo, hay 5 tipos que se atornillaron a sus kioskos y no les sacas nada. roemmers te cobra lo que quiere por medicamentos porque no tiene competencia. el gobierno lo protege y es un tipo que te rompe el culo con sus productos porque el gobierno se asegura que no tenga competencia, y a a la vez [se patina 6 millones de dolares en una fiesta de cumpleaños](https://www.infobae.com/sociedad/2018/02/11/el-excentrico-cumpleanos-del-empresario-alejandro-roemmers-600-invitados-todo-pago-a-marruecos-travesias-y-ricky-martin/).

otro tema son las ""promociones bancarias"". ese ""40% de descuento en ricky sarkany pagando con tarjeta santander el miercoles"", vos crees que es en serio? si sarkany puede ganar plata haciendote el 40 es porque a precio normal te esta re cagando. pero es al pedo: si no vendes caro y ofreces descuentos falopa, la gente NO TE COMPRA. eso esta comprobadisimo.

en definitiva, nada, es una serie de problemas y cuando miras todo junto te das cuenta que los impuestos son altos, pero los precios no tienen una correlacion con el nivel de impuestos. es basicamente ""te cobro caro porque puedo, porque sos un boludo que sigue comprando"".",hjf2014,merval,17,2025-02-19 17:26:54,t1_mdnz03b,t3_1itall2,comment
mdodb5e,"Sí. 

Achicar. 

Un estado más chico y eficiente puede bajar impuestos y simplificarlos. Impuestos mas bajos y simples hacen que sean más fáciles  de pagar y de controlar . Más contribuyentes hacen que se recaude más, en consecuencia nuevamente puede haber una merma de carga impositiva. 

Esa misma lógica de eficiencia aplicada en todos los estratos de la sociedad nos suma competitividad ,y capacidad de ahorro, en consecuencia también capacidad de inversión y de crecimiento.

Esto sería un círculo virtuoso.

Tienen que pasar muchas cosas para que suceda.

Pero otros países lo han logrado.",Vegetable_Wolf6194,merval,5,2025-02-19 17:16:08,t1_mdnz03b,t3_1itall2,comment
mdobqpj,">No paso en el 2002

kjjj porque literalmente no habia UN MANGO. no podian subir precios. igual la pesificacion asimetrica no duro nada. el dolar a 1,40 era en realidad a 2,50 y en pocos meses a 3 pesos

>y no le paso a Brasil ahora

no, no pasa en ningun otro pais, solamente argentina esta pendiente del dolar. eso es sabido. al brazuca promedio le preguntas cuanto sale el dolar y no tiene la mas remota idea. ellos viven con reales. lo que pasa es que a los brazucas no les pegan devaluetas del 20% en un dia como nos hacen a nosotros todo el tiempo",hjf2014,merval,8,2025-02-19 17:09:09,t1_mdoa96a,t3_1itall2,comment
mdp5hw5,"Con 2800 dólares para una familia tipo es clase media con suerte.

No vivís mal pero tampoco te sobra tanto.",RequirementSavings23,merval,4,2025-02-19 19:22:25,t1_mdp15wk,t3_1itall2,comment
mdoijvy,"La tendencia del dolar no es a la baja... hace el cherry pick que quieras, al mes se queman mas de mil millones de dolares para contener el tipo de cambio, si tu apreciación fuera cierta, esto no debería pasar.

Basta con tener un mercado intervenido, para que exista un arbitraje, por lo que ""el cripto y el blue"" no flotan libremente, esto es el ABC de los mercados.

Salu2",Strong-Motor175,merval,2,2025-02-19 17:39:23,t1_mdogok0,t3_1itall2,comment
mern8c9,"Son todos los meses desde que se anunció ""la esterilización de pesos""... dinero que le sacan a los exportadores en lugar de ir las reservas, se queman en el mercado de cambios para contener al dolar, el JP Morgan estima que se gastaron más de 20 mil millones de dolares para intervenir la brecha

[https://www.infobae.com/economia/2025/02/15/wall-street-proyecta-que-las-reservas-netas-seguiran-en-negativo-pese-a-un-acuerdo-con-el-fmi/](https://www.infobae.com/economia/2025/02/15/wall-street-proyecta-que-las-reservas-netas-seguiran-en-negativo-pese-a-un-acuerdo-con-el-fmi/)

Son muy creativos con las explicaciones acá.",Strong-Motor175,merval,1,2025-02-25 17:53:14,t1_mepa29l,t3_1itall2,comment
meikwua,Por que ese no es para la gente. Si aracre dijo que hay dividendos impagos y importaciones impagas. Deben ser bonos o papelitos que los comppran con diferencial,ShallotNew3476,merval,1,2025-02-24 10:41:46,t1_mdo2m1q,t3_1itall2,comment
mdu9chu,"Si está pasando con todo pero al menos a mí hay cosas que me duelen más que otras. Tomando tu ejemplo, una llave de gas no es algo que voy a comprar todos los años y aunque no tengo idea cuánto sale en otro país, 11 mil pesos no me parece mucho y no me mueve la aguja, pero por ejemplo ver los precios de la ropa que es algo uno compra todos los años si me duele al bolsillo, no puede ser que una remera que vale 33 dólares afuera acá salga 110K, me rehuso a comprar ropa a ese precio.",dario1913,merval,2,2025-02-20 14:57:27,t1_mdse6fa,t3_1itall2,comment
mdpevsv,"en qué país un ajuste estructural mejoró la competitividad de la economía, y en especial de la exportaciones?",lectordelaclau,merval,1,2025-02-19 20:08:10,t1_mdodb5e,t3_1itall2,comment
mdpzk5i,"No, el sabe. Sabe sobre clases sociales. El es clase alta, es de la aristocracia que sabe googlear. Yo estudié abogacía al recontra pedo, porque el que me representa invento que con 2000 mil dólares por mes sos clase media alta y se lo hizo creer a través de twits",Emotional_vandida,merval,0,2025-02-19 21:57:06,t1_mdp5hw5,t3_1itall2,comment
mdub3ns,"jamás entendí ese argumento de ""tu sueldo en pesos vale más dólares que antes"" si en dólares estamos carísimos. O sea es un argumento que capaz le conviene a extranjeros que facturan acá, pero totalmente irrelevante y contraproducente para un ciudadano argentino. Es como tener hiperinflación y argumentar que ahora recibo más billetitos que antes",ProtectionNo514,merval,2,2025-02-20 15:05:19,t1_mdu0g4y,t3_1itall2,comment
mdomlfh,"24 de enero de 2024 el dólar blue estaba 1255 pesos hoy esta 1225

12-07-2024 dólar blue 1500 pesos hoy esta 1225

No respondiste mi pregunta. porque en las administraciones anteriores el dólar rompía máximos históricos prácticamente todos los días si vendían miles de millones de dólares?

Hoy no hay rulo como si había antes, es incongruente lo que decís.",Spirited-Hippo-5673,merval,7,2025-02-19 17:57:11,t1_mdoijvy,t3_1itall2,comment
mdq5b4b,"Irlanda.

Aunque lo de ' en especial las exportaciones' lo estás agregando vos.  Yo me refiero al crecimiento y las inversiones en general.",Vegetable_Wolf6194,merval,4,2025-02-19 22:28:44,t1_mdpevsv,t3_1itall2,comment
mdzfnc3,"Depende tu situación eso puede ser algo bueno.


Para la gran mayoría eso no afecta en nada porque no tienen capacidad de ahorro. El costo de vida siguió igual o más caro así que les re chupa un huevo el sueldo en dólares.


Por otra parte tenés una minoría que se ve beneficiada. Los que tiene buen poder adquisitivo tienen sus necesidades cubiertas y buen ahorro. Ese ahorro se revalorizo en dólares entonces se pueden dar más gustos en cosas totalmente dolarizadas como viajes o electrónica.",RequirementSavings23,merval,1,2025-02-21 10:24:21,t1_mdub3ns,t3_1itall2,comment
mdplfym,"Es un tema de disponibilidad/accesibilidad del dolar, los precios de los dolares no intervenidos tienden al dolar mas accesible. Con el cepo actual implementado por Macri, y manoseado por los gobiernos que le siguieron, el dolar mas accesible (y probablemente de mayor volumen) es el financiero por lo que los demas dolares “libres” van a tener una tendencia hacia esa cotizacion, de lo contrario se crearia un rulo que estresaria la cotizacion intervenida por lo que haria que se tengan que salir a vender todavia mas dolares para mantener la cotizacion. Las fechas que das de dolar son con dolar blue y los financieros rondaban por precios similares durante ese tiempo.",foofede,merval,1,2025-02-19 20:42:24,t1_mdomlfh,t3_1itall2,comment
mdpu858,"Tratas de llevar el debate a otro lado porque te duele el culo en reconocerlo ¿qué tiene que ver lo que hacía el gobierno anterior?... no es incongruente, es básico, no hay libre flotación porque un mercado esta intervenido, y los otros convergen por arbitraje, no voy a gastar más tiempo en explicarte, googealo o preguntale a chat gpt.",Strong-Motor175,merval,1,2025-02-19 21:28:39,t1_mdomlfh,t3_1itall2,comment
mdyg6p0,O te ponés una ferretería que tenga menos margen de ganancia y te llenas de clientes jaja. Por eso los chinos se vienen acá a poner supermercados,PracticalCap6297,merval,5,2025-02-21 05:20:20,t1_mdxmjp1,t3_1itall2,comment
mdtgeuk,"La competitividad de una economía se mide por la dinámica de sus exportaciones...qué vas a medir sino, los caramelos? Y ya que estamos, me decís en qué sectores mejoró la competitividad Irlanda? Porque funcionar de guarida fiscal no es muy sostenible que digamos...ni tampoco muy replicable a la Argentina; y también, por qué pensás que la izquierda radical es el primer partido político en Irlanda? Por el éxito del ajuste?",lectordelaclau,merval,-1,2025-02-20 12:43:53,t1_mdq5b4b,t3_1itall2,comment
me17e1l,"pasa que los nabos estos te dicen ""antes te beneficiabas con una situación perjudicial para todos y la economía"" y es exactamente lo que está pasando ahora con el dólar intervenido, le conviene a los flacos que vacacionan afuera o gente con mucha plata, 0 beneficio local.",ProtectionNo514,merval,1,2025-02-21 15:37:57,t1_mdzfnc3,t3_1itall2,comment
mcvt01c,"Solo afecta la imagen del presidente, esa plata dentro de lo que es el mundo cripto ni siquiera te mueve la aguja y no afecta en nada a acciones fuera del mundo cripto, en 1 semana nadie se acuerda del tema, lo voté, pero este Javi debería dejar el Twitter un ratito, parece un pendejo choto de 18 años.",TropicalSoul123,merval,373,2025-02-15 07:42:55,t3_1ipypxd,t3_1ipypxd,comment
mcwaqgr,Creo que a los mercados no va a afectar. Sí afecta mucho su imagen y la confianza de la gente.,Vegetable_Wolf6194,merval,15,2025-02-15 10:21:50,t3_1ipypxd,t3_1ipypxd,comment
mcwsjax,"No tiene impacto en el mercado financiero no cripto, el lunes día normal",Mammoth-Law-1291,merval,9,2025-02-15 12:11:06,t3_1ipypxd,t3_1ipypxd,comment
mcwnewr,"el que opero eso sabia operar en defi de solana por lo que sabe bastante del tema crypto asi qeu se cague, asi es la timba

Milei deberia ir preso, y eso que soy el primer libertario",ZiYu14,merval,39,2025-02-15 11:41:53,t3_1ipypxd,t3_1ipypxd,comment
mcwd30i,"Impacto en la economía cero, el tema es tanto la imagen de él por promover abiertamente una estafa y las acciones que puedan tomar sus opositores.",AmazonSilver,merval,26,2025-02-15 10:37:54,t3_1ipypxd,t3_1ipypxd,comment
mcwzf1i,"En la economía real, nada. Solo los idiotas que entraron como caballos a comprar esa meme moneda, principalmente yanquis",NachoXX,merval,11,2025-02-15 12:48:03,t3_1ipypxd,t3_1ipypxd,comment
mcx07tk,"Depende cuánto escale y quienes hayan sido los afectados que perdieron esta guita.

Sea cual sea el escenario, no es nada bueno para el país y mucho menos para el presidente. Seguramente se acentúe la baja en los mercados locales y comience un rush de puja por el poder con pedidos de enjuiciamiento como motor. 

Las acciones de empresas locales que cotizan en el exterior pueden también tener un impacto.",revertBugFix,merval,4,2025-02-15 12:52:13,t3_1ipypxd,t3_1ipypxd,comment
mcw4hsb,Que cierre de mercado? las criptos no cierran!,bplt640,merval,12,2025-02-15 09:34:12,t3_1ipypxd,t3_1ipypxd,comment
mcw2xxj,La verdad que es muy irresponsable con lo que publica. Antes de ser presidente también promovió una estafa crypto. Deberia asesorarse mejor o abstenerse de hablar del tema,EngineeR1ng,merval,15,2025-02-15 09:20:53,t3_1ipypxd,t3_1ipypxd,comment
mcw42t8,"Cae la imagen del presidente. El lunes habra que ver si impacta en el mercado, la caida de confianza en el gobierno. Si pega, a los botes a remar hasta las elecciones o la costa mas cercana. Eso preocupa, Argentina es verticalista. Y el presi es un enano que se rodea de oportunistas y no tolera críticas. 

Yo tengo cedear / dolares y propiedades hace rato por suerte. Nada de bonos ni un pingo.",don_maidana,merval,18,2025-02-15 09:30:39,t3_1ipypxd,t3_1ipypxd,comment
mcwo2ok,"No va a pasar absolutamente nada, cagada grande de Milei que se tendrá que asesorar mejor, el proyecto no estaba vinculado a él o al gobierno (solo el tweet) y si compras eso sos un pelotudo.

El argentino promedio recién está entendiendo el QR para pagar, no saben que es una crypto ni que es un rug pull, van a repetir como loros la mierda que diga la tele, que saben menos que Milei, y en una semana esto queda en el olvido.",Slion12,merval,8,2025-02-15 11:45:43,t3_1ipypxd,t3_1ipypxd,comment
mcvufpz,"Y... Da algo de miedito. 
Tengo operaciones abiertas en el mercado Arg Jaja 

Cualquiera fue esa 0,20  ví que está ahora  -66% abajo de ayer a la noche 😅

Para mí era mejor estrategia decir SI HA SUFRIDO UN HACKEO

 que asumir la clásica de pumpear una CRYPTO xD nunca dió resultado eso.  Desde el tiempo de los NFT para acá todos sabemos que es pura bullshit",adry4242,merval,6,2025-02-15 07:57:54,t3_1ipypxd,t3_1ipypxd,comment
mcwnkdc,"En lo único q puede cambiar es en la confianza de los q entienden poco del mundo cripto.. Entones puede haber una ""fuga"" de capitales por falta de confianza en las cripto.. En el mercado la verdad q no creo q cambie nada.. La imagen del presidente es otra cosa, no creo q afecte al mercado, solo lo va a afectar a él..",eoZul,merval,1,2025-02-15 11:42:45,t3_1ipypxd,t3_1ipypxd,comment
mcvtj28,"Ninguno, no afecta al mercado. Es un papelon nomás para la imagen del presidente un poco, y igual en una semana nadie se va a acordar.",BNeutral,merval,-6,2025-02-15 07:48:27,t3_1ipypxd,t3_1ipypxd,comment
mcwxw5h,"No le mueve la aguja al mundo cripto pero si sos un tipo que metió guita ahí y la perdiste en 2 horas te querés matar.

Entre esto y la moneda de trump, hacen que yo desconfíe más y más de todo lo que sea cripto, a excepción de bitcoin.  Lo demás es para sacarle plata a los desprevenidos.",metalcabeza,merval,18,2025-02-15 12:39:54,t1_mcvt01c,t3_1ipypxd,comment
mcvww04,"Algunos la viven como si fuera el fin del mundo y vuelve Kicillof mañana jajaja. Es un papelón pero qué me importa mientras sigan bajando la inflación y saquen el cepo, mirá lo que hay del otro lado... olvidate.",OneCosmicOwl,merval,-63,2025-02-15 08:23:09,t1_mcvt01c,t3_1ipypxd,comment
mcwwbym,un boludo es alguien que se le rompe un plato no cuando estafa por millones de dolares,CrositoDefectuoso,merval,65,2025-02-15 12:31:41,t1_mcvt91f,t3_1ipypxd,comment
mcw4ww5,Lo aclaré al principio. Soy una ignorante en cuanto a lo que es moneda crypto. Cierre de mercado es un viernes después de las 3 pm. Por eso me generó dudas y preguntaba si tiene algún impacto en la economía pero si no mueve la aguja mucho no me preocupa,Important-Item652,merval,11,2025-02-15 09:37:44,t1_mcw4hsb,t3_1ipypxd,comment
mcw9ear,"Es trading, se gana y se pierde xq alguien deberia devolverte algo jajaj",AcidoFueguino,merval,-9,2025-02-15 10:12:16,t1_mcw6hq6,t3_1ipypxd,comment
mcwnsv1,"Apoyar públicamente una crypto scam siendo el presidente de un país y además siendo economista = papelón.

Lo que hay que leer.",milfenjoyer_69,merval,8,2025-02-15 11:44:08,t1_mcvtj28,t3_1ipypxd,comment
mcvyhto,"Kirchnerista de derecha sos, avalas las mismas cosas que hacen los k con la excusa de la economía. Esto esta MUY mal lo haga el partido que lo haga",Gcande,merval,40,2025-02-15 08:39:21,t1_mcvww04,t3_1ipypxd,comment
mcwo1wy,"las crypto no cierran, tengo entendido que tienen un movimiento de mercado las 24 horas, y no se, seguramente no le den mucha bola, con todo lo que esta haciendo trump las noticias va a estar mas en velo con lo que haga ese muñeco, pero si te deja en una posición un poco 🙃 respecto a que pensar del presidente",LaTengoGordita,merval,7,2025-02-15 11:45:35,t1_mcw4ww5,t3_1ipypxd,comment
mcwycrg,TRADING JAJAJAJAJAJAJAJAJ ES UN RUG PULL DE MANUAL,AlanAFK,merval,13,2025-02-15 12:42:21,t1_mcw9ear,t3_1ipypxd,comment
mcw7fgn,"No creo que nadie en todo Reddit esté capacitado para saber realmente qué le  influye o no a un tipo con mucho capital al momento de decidir si invertir en un país como este. Te importa la inflación, las leyes laborales y demás. Porque presidentes delirantes en el mundo sobran y sin embargo reciben inversiones (o no, pero no porque el presidente haga tal o cual cosa por twitter).",OneCosmicOwl,merval,7,2025-02-15 09:57:32,t1_mcw0k6p,t3_1ipypxd,comment
mddbcw0,"Tengo el 70% en ONs y el otro en CEDEARs. Planeo holdear, y si bajan las ONs, comprar mas",demonius122,merval,57,2025-02-18 00:20:09,t3_1is30pm,t3_1is30pm,comment
mddcmlu,Sos Nuevo en esto de las inversiones o estás consumiendo muchas redes. Al final del día terminan siendo funcionales a los que invierten con cabeza y no se dejan llevar por especulaciones.,Andrescoo,merval,58,2025-02-18 00:27:51,t3_1is30pm,t3_1is30pm,comment
mdddkzu,"No va a pasar nada... Es gilada, todos los meses tenes gente que dice que todo va a explotar... Es cuestión de ver el largo plazo. Tenes gente que dice que se va a la mierda porque el dólar cripto esta en 1250, se olvidan que hace año y medio toco los 1500p...",NearHyperinflation,merval,38,2025-02-18 00:33:44,t3_1is30pm,t3_1is30pm,comment
mdddcbf,solo vengo a decir q regaladisimo el verde y carisimos los bonos,darkman066,merval,4,2025-02-18 00:32:15,t3_1is30pm,t3_1is30pm,comment
mddhe5a,El ADR de YPF abrió 0.6% abajo en el mercado 24hs de RobinHood si te sirve (generalmente no es referencia de nada; las whales arrancan a las 9:30am ET); MELI 0.23% arriba,polentx,merval,1,2025-02-18 00:58:00,t3_1is30pm,t3_1is30pm,comment
mddowd6,"Que completa exageración es todo esto... Estaban esperando hace 1 año un desliz de Milei para atacarlo, eso ya te dice lo bien que está haciendo las cosas

Como mucho bajarán las acciones un poco mañana por aquellos pocos que se asustan fácil y venden, pero la realidad es que Argentina se está recuperando economicamente y todo apunta a que se va para arriba estos años.

Ojalá vendan así compro barato que justo tengo que ir mañana al banco a depositar",Frandaero,merval,-6,2025-02-18 01:49:57,t3_1is30pm,t3_1is30pm,comment
mddgrk2,"Primero los mercados no tienen nada que ver con lo economico y politico. Contestando a lo segundo, en 2022 se holdeaba, ahora se vende. El merval deade 2022 lleva un 3000% de subida.

Con respeto a la politica, los mercados ya tienen la famosa noticia para justificar el bear market de Milei. Los mercados se mueven por narrativas y el Javo cumple todas las condiciones.",Firm_Translator_8623,merval,-4,2025-02-18 00:53:52,t3_1is30pm,t3_1is30pm,comment
mddcndp,"El mercado argentino tiene alta volatilidad y mucho riesgo (por tanto mucha ganancia).

No es medio inseguro jugar a long term en un mercado asi? Prefiero el SYP500 PARA ESO",Typical_Ad5183,merval,-33,2025-02-18 00:27:59,t1_mddcata,t3_1is30pm,comment
mddd2gf,"Yyy... Me parece que la estabilidad política (y por tanto de las políticas económicas) del país es pieza fundamental para saber si invertir o no. Más cuando el estado sigue siendo muy grande y uno de los principales actores de la economía de nuestro país. 

Nuevo no soy, pero la incertidumbre de si Milei lograra garantizarse el poder está presente. 


Lo de TN fue deliberado. Es traición y ruptura del espacio político. Ojalá me equivoqué",Typical_Ad5183,merval,-28,2025-02-18 00:30:32,t1_mddcmlu,t3_1is30pm,comment
mddfcju,"Literal, Massa con la recompra de bonos sigue libre y no le pasó nada, mira si por esta boludes van a hacer algo…",0III,merval,45,2025-02-18 00:44:50,t1_mddckk6,t3_1is30pm,comment
mddc1gn,"Lo peor es que realmente veníamos decente. Economía creciendo (lento pero creciendo), riesgo país a la baja, estabilidad cambiará, pagando deudas... 

Y el pelotudo va y la choca toda.. 

Ojalá que no lpm, estoy cansado de vivir en Argentina...",Typical_Ad5183,merval,1,2025-02-18 00:24:17,t1_mddbrao,t3_1is30pm,comment
mdddb5d,"Claro! Tengo por ahora lo siguiente como inversiones:

65% aprox afuera via cedears todo tech (tambien qqq / s&p)  
35% locales en las mas confiables (ypf, galicia, pampa, etc)",mynameismati,merval,26,2025-02-18 00:32:03,t1_mddcndp,t3_1is30pm,comment
mdddvtp,seguro shorteo ggal transener ypf antes de hacer toda la movida. no puedo creer que lo sigan tomando de bldo. 4 veces hizo la estafa esta ya,Illustrious_Ad_3618,merval,3,2025-02-18 00:35:38,t1_mddc1gn,t3_1is30pm,comment
mddid39,"Una maestra de religión una vez me dijo: no atribuyas a la maldad, lo que puede ser atribuido a la estupidez.

El mes que viene la inflación da 1,99% y se terminaron todas las pavadas estas.",Kenshin_Hyuuga,merval,-2,2025-02-18 01:04:26,t1_mdde7ya,t3_1is30pm,comment
mddiuws,"Disculpa, capaz me fui algo por las ramas, por otro lado, escuche por youtubers inversores, que dicen que cuando vos consideras hacer una inversion, tenes que considerarla para hacerla a largo plazo, 8+ años, asi que van a tener que ser mas alla del politico que este de turno.

Te soy sincero, el año pasado yo empeze con inversiones. Pero este año, estoy empezando con las inversiones ""seriamente"" asi que puedo tener mucho menos experiencia que muchos de aca.

si me preguntas ami, yo veo que este gobierno, tiene equipo y tiene espalda, asi que por ahora, (porque tambien tenes la decision de invertir afuera) yo decido invertir en Argentina.

Igual que lo que fue esta timba crypto, puedo salir ganando o perdiendo, pero ya puse mi voto de confianza.

Otra frase que escuche, es que el mercado en general, es como la caminata de un hombre borracho, por eso tampoco me hago tanto el bocho (podemos agarrar de ejemplo lo que le paso a Nvidia). yyyy buenoo quien sabe, el tiempo dira. Saludossss",Pableti123,merval,-1,2025-02-18 01:07:44,t1_mddg0er,t3_1is30pm,comment
mddhg9z,"Milei llego al poder no por la banca política, lo banca la gente.

A vos en serio te parece que la gente va a preferir a Macri o algún otro peronista antes que al tipo que pasó a la inflación del 20% al 2% en un año?

Estás delirando",AestheticNoAzteca,merval,16,2025-02-18 00:58:24,t1_mddh3vn,t3_1is30pm,comment
mddhxmm,"Vos lees lo que escribís? No hizo nada ilegal Milei, no tiene sustento un juicio político. Ilegal fue la cuarentena, ilegal la recompra de bonos, y no pasó nada, este país es siempre y en todo momento una joda.",0III,merval,-7,2025-02-18 01:01:34,t1_mddh3vn,t3_1is30pm,comment
mddjgpy,"Ojalá que si. Es lo que más quiero. 


Cuando le preguntaron a los Afganos si preferían a los Talibanes o a EEUU contestaron: ""No queremos más bombas.""


En menor medida creo que muchos argentinos somos afganos traumados. 

""Preferís al tontito de las cryptos o a los corruptos de siempre?""

""No quiero más incertidumbre.""",Typical_Ad5183,merval,1,2025-02-18 01:11:48,t1_mddid39,t3_1is30pm,comment
mddjr2i,"1. No es un error, eso es más que evidente.

2. Tampoco me pareció para tanto, es la mano derecha del presidente diciéndole que debería o no decir.

3. Si tu preocupación es específicamente que va a pasar mañana en el merval: seguramente baje. Ahora si a vos lo que te preocupa es un juicio político y una destitución por esta boludez quédate tranquilo, 60 y pico de imagen positiva no se esfuma en un fin de semana.

PD: este sería el séptimo pedido de juicio político a Milei jaja y nunca pasa nada. Para un juicio político necesitan 2/3 y no tienen ni la mitad.",itsdarcray,merval,39,2025-02-18 01:13:46,t1_mddhdgv,t3_1is30pm,comment
mddisn1,"El juicio político no requiere de un crimen, por eso es político. 

Si la mayoría de senadores y de diputados votan afirmativo a la destitución, listo. 

Y si estoy de acuerdo con vos. Otros gobiernos han hecho cosas mil veces peores (panamá papers, CFK y la intervención del INDEC, la fiestita de olivos, el yate de putas en marbella, etc.) 

La diferencia entre Milei y ellos es que Milei no tiene apoyo de senadores y diputados suficientes para salvarse del juicio.",Typical_Ad5183,merval,5,2025-02-18 01:07:18,t1_mddhxmm,t3_1is30pm,comment
mddo7oj,"La candidata a la que Milei acusaba de poner bombas en jardines de infantes 2 meses antes de nombrarla ministra de seguridad. Los politicos cambian de lealtades mas seguido de lo que yo me cambio las medias.

Tampoco quiere decir que vaya a haber juicio politico, ni que suba o baje el merval, ni que suba o baje el dólar. Andan todos delirando catástrofe apocalíptica o fingiendo demencia ciega.",Happy_Bad_Lucky,merval,4,2025-02-18 01:44:57,t1_mddf2jr,t3_1is30pm,comment
md34fwp,"Alguien me aclara una cosa, Libra fue verdaderamente una estafa ? (alguien se fue con toda la guita)

 o solo una boludez astronómica con una shitcoin? (el valor subió mucho y después bajo mucho como con todo lanzamiento de cripto hypeado en redes)

Más allá de que venderlo como inversión ya es deshonesto",Im_older_now,merval,7,2025-02-16 12:44:48,t3_1iqtj6w,t3_1iqtj6w,comment
md2yv2p,"Digan lo que digan estamos en periodo de ajuste hace semanas con el merval cayendo. Mañana seguro van a seguir cayendo las cosas a razón de 1% o 2% pero igual el titular de ""ahora si, se va todo a la mierda"" lo vas a tener.

Todo el que te diga que se va todo a la mierda mañana, si tiene un 5% en renta variable argentina es mucho.",dank-monkl,merval,13,2025-02-16 12:15:13,t3_1iqtj6w,t3_1iqtj6w,comment
md3irg6,No hay caída de nada. Las cryptos nada tienen que ver con el merval,Charming-Ad3264,merval,5,2025-02-16 13:56:01,t3_1iqtj6w,t3_1iqtj6w,comment
md2t0dj,Un poco va a arrancar para abajo. El merval esta muy politizado,MrYeta89,merval,7,2025-02-16 11:41:46,t3_1iqtj6w,t3_1iqtj6w,comment
md2wova,"Olvídate de la estafa en si

El presidente lo primero que dijo después fue ""es que me la paso posteando cosas sin estar interiorizado""

Excelente señal de confianza en la idoneidad del que dirige. Si tuviese algo en el mercado local lo saco",teteban79,merval,13,2025-02-16 12:03:14,t3_1iqtj6w,t3_1iqtj6w,comment
md2tgol,Por estas cosas no pongo un peso en la bolsa argentina,Investor491,merval,6,2025-02-16 11:44:26,t3_1iqtj6w,t3_1iqtj6w,comment
md384pu,"Como ya dijeron, es feriado en EEUU asi que lo unico que activa es el Merval y no creo que pase nada.

Lo unico que creo que puede afectar es la imagen de este gobierno para traer inversiones extranjeras, de las cuales depende para poder avanzar con su plan de gobierno (la quita del cepo principalmente). Argentina no es EEUU ni Milei es Trump, haber promocionado una shitcoin no va a ser gratis en términos de imágen.",kirbag,merval,3,2025-02-16 13:03:38,t3_1iqtj6w,t3_1iqtj6w,comment
md2u476,Con esto subió un 70% mi desconfianza y voy pasando lentamente mi guita a mi broker de arafue.,[deleted],merval,7,2025-02-16 11:48:15,t3_1iqtj6w,t3_1iqtj6w,comment
md3iwsg,"Si soy inversionista: 

No iria a comer a un restaurant donde el cocinero/chef caga en la cocina.

  
Si soy un especulador:

Compro barato y me pongo a cagar con el cocinero en la cocina.",Locuraboy,merval,3,2025-02-16 13:56:43,t3_1iqtj6w,t3_1iqtj6w,comment
md2t4mh,Na no creo q caiga nada. Tampoco es q destituyeron al pte o que el ptr echó al ministro de economía.,caption-this-,merval,4,2025-02-16 11:42:28,t3_1iqtj6w,t3_1iqtj6w,comment
md2z2nt,con todo lo crypto related siempre pienso lo mismo. util para transacciones. inutil para cualquier clase de inversion para meros mortales que no estan haciendo trading. todo lo que sea crypto y no tenga una demanda  como un servicio (como paso con el BAT y brave) va a terminar bajando porque la gente no lo ve como reserva de valor. se la va a pegar. si. creo eso. pero la pregunta es cuando.,weener69420,merval,2,2025-02-16 12:16:22,t3_1iqtj6w,t3_1iqtj6w,comment
md3eupr,"Para mí no es solo la confianza de los mercados en Milei, sino también como afecta su imágen de cara a las elecciones.


Si las encuestas empeoran, se puede ir todo al demonio ",RequirementSavings23,merval,2,2025-02-16 13:37:13,t3_1iqtj6w,t3_1iqtj6w,comment
md39l4q,"No pasa nada, ademas del otro lado del ring le decían a la gente que inviertan en pesos y todos sabemos como termino",Dependent-Biscotti82,merval,3,2025-02-16 13:11:03,t3_1iqtj6w,t3_1iqtj6w,comment
md2xw6t,"Tengo cagazo de eso
 Pero sigo optimista tengo abiertas 

* YPF 
* GALICIA 
* PAMPA 
* MACRO 
* MOLINOS RIO DE LA PLATA 

🙏",adry4242,merval,1,2025-02-16 12:09:52,t3_1iqtj6w,t3_1iqtj6w,comment
md38id6,"Es muy grave lo que pasó. A nivel de credibilidad del gobierno y del país. Me reservo adjetivar o desarrollar más ya que no vale la pena politizar el comentario.

Por suerte mañana es feriado en EEUU. Si mañana baja todo, el martes puede continuar la sangría cuando se abra el mercado allá y quieran salir de los adr.

Por suerte tengo muy poco argy... Si ves que algún papel de calidad que no te importaría aguantar en el largo plazo se destruye, podría poner una ficha. Ejemplo, ypf o vista. Para buscar un rebote. Pero es arriesgado obvio.",finanon99,merval,0,2025-02-16 13:05:33,t3_1iqtj6w,t3_1iqtj6w,comment
md3m2ro,"por qué habría de afectar? La mayoría de las operaciones fueron hechas por ""inversores"" del exterior, y las de acá por fanáticos ignorantes que probablemente no tengan ninguna experiencia en inversiones. Al mercado real no lo toca ni de cerca",AbleInvestment2866,merval,1,2025-02-16 14:11:50,t3_1iqtj6w,t3_1iqtj6w,comment
md2v529,Que flashean jajajaja hubo cosas peores como la recompra de bonos de Massa y no pasó nunca nada,0III,merval,-5,2025-02-16 11:54:19,t3_1iqtj6w,t3_1iqtj6w,comment
md32h6c,"Lo de libra es grave, es la mayor estafa criptografica jamas vista en la historia, donde hubo fraude por 4 mil millones de dolares. Van a demandar no solo a Milei, sino tambien al estado Argentino como OFAC, otros estudios juridicos internacionales, etc etc. Se puede venir embargos contra bienes argentinos en el exterior, etc etc.... Ademas de eso, se perdio la confianza de los criptobros allegados a Trump y Musk, a eso sumale la mala imagen que deja el presidente y destruye la confianza del inversor, pierde popularidad y con ello el fenomeno barrial queda destruido.

Independiente lo que pase el Lunes, a mediano y largo plazo, la bolsa argenta pinta feo. Ya tienen la famosa noticia que justifique el bear market argento. Obviamente yo por lo menos me sali de la bolsa argenta en diciembre, liquide todo y volvere en 2027",Firm_Translator_8623,merval,-9,2025-02-16 12:34:25,t3_1iqtj6w,t3_1iqtj6w,comment
md3clgm,"En mi opinión, no voy a ignorar si está bien o mal. Está mal y eso es más importante que si el lunes sube o cae el merval.",Happy_Bad_Lucky,merval,-2,2025-02-16 13:26:04,t3_1iqtj6w,t3_1iqtj6w,comment
md3kmzk,"El mercado se adelanta siempre, Ergo, podría haber una baja mañana. Por infraponderacion de los inversores a Argentina.",armonicoenfuga,merval,8,2025-02-16 14:04:57,t1_md2xfwk,t3_1iqtj6w,comment
md3ibhd,"""Este es un sub serio de inversiones""

Proceden a intentar predecir si el lunes sube o baja un precio en lugar de discutir los fundamentos.",Happy_Bad_Lucky,merval,4,2025-02-16 13:53:55,t1_md2t33x,t3_1iqtj6w,comment
md3ex9i,"Encima que no entienden los riesgos de la renta variable, también quieren timmear al mercado... ",PomberitoFan,merval,1,2025-02-16 13:37:35,t1_md2t33x,t3_1iqtj6w,comment
md3lsbc,Un 5% en un día más el noenos de 20% que cayó el merval es una baja enorme en poco tiempo. Necesitas un gran año de sp500 para recuperar un 30% al alza. Hablemos de pormenorizar perdidas.,armonicoenfuga,merval,-3,2025-02-16 14:10:26,t1_md2yv2p,t3_1iqtj6w,comment
md3giq2,"Hay una diferencia clave, que esa se promociono desde el vamos como una memecoin, con todo lo que eso implica.
Libra se presentó como un proyecto serio de inversión en el país por el presidente en funciones de dicho país.
Esa sutil diferencia hace que una sea una timba y otra una estafa.",Actual_Seesaw4741,merval,12,2025-02-16 13:45:17,t1_md3ai2q,t3_1iqtj6w,comment
md3n1b9,imaginate invertir en pesos,unoptimusprime,merval,-1,2025-02-16 14:16:24,t1_md2tgol,t3_1iqtj6w,comment
md383fo,"Es grave. 

Pero se nota que no entendés del tema. 

La tasación de 4000 millones fue el market CAP momentáneo por la escasez momentánea de tokens  (nunca estuvieron todos comerciandose) en momentos de FOMO y alta especulación. Es decir que es sólo un  cálculo, no es la guita real que la gente invirtió .

El daño es a la imagen del presidente, no hay víctimas reales. 

Todo el que invirtió en esas horas ya tenía que tener cierto conocimiento en cryptos y siendo así, sólo entraron especuladores. 

Nadie que invierte seriamente en cryptos lo hace sin DYOR, ( es casi un mantra en el mundo crypto) por algo al principio se pensaba que le habían hackeado la cuenta, para todos saltaba a la vista que no era un proyecto serio.",Vegetable_Wolf6194,merval,8,2025-02-16 13:03:26,t1_md32h6c,t3_1iqtj6w,comment
md36h24,"Pero la crypto sigue estando ahí no? No desapareció ni dejo de funcionar, ni vale 0",Im_older_now,merval,-1,2025-02-16 12:55:15,t1_md35rbf,t3_1iqtj6w,comment
md3kdly,Con un merval en casi USD 2000 no tenés ninguna oportunidad.,armonicoenfuga,merval,1,2025-02-16 14:03:42,t1_md2tkf8,t3_1iqtj6w,comment
md3kiy3,"Cada día que paso acá entiendo a los antiguos(? Aquellos que estuvieron cuando fueron escritas las sagradas reglas(?. 


Ya no participan como antes y es entendible si la calidad de preguntas es onda pongo 10 puedo sacar 1000? O de dónde puedo ingresar ilegalmente dólares sin perder 0,0001% porque es demasiado(? Y así. 


Encima se me rompió la bola de cristal LPM.",mozartxs,merval,10,2025-02-16 14:04:25,t1_md3ibhd,t3_1iqtj6w,comment
md3hi2b,"Claro , ando con ventas call de las que salieron para  Abril en  Galicia con eso me hice algo extra para cubrirme ( por las PRIMAS) , no tire recompra vendí bien.

Y con la acciones hago Trading así que la tengo que  chu**ar  hasta el TP o SL  no tengo otra 

Racha desde Enero  -3 ( x cada una ) 🥵",adry4242,merval,1,2025-02-16 13:50:02,t1_md3f9ht,t3_1iqtj6w,comment
md3dtpv,"Parece que no entendes como funcionan las criptomonedas y menos las memes. 

1: Para lanzar la meme, todo el supply lo tienes que bloquear y quemar, cuestion que no se hizo. Es decir, a parte de las wallets que tenian un alto % del supply, la wallet principal tiene el control total del supply.

2: la meme de Milei fue agregada en varios exchanges cuando Milei recomendo su moneda. Para agregar una moneda en un exchange, debes pagar y dar un % del supply para que se pueda comercializar. Es mas, fue agregado en Ripio, exchange regulado Argentino.

3: Milei, su circulo intimo y titulares de brokers recomendaban comprar la meme, con tan solo 1 clic comprabas inclusive en exchange regulado Argentino

4:  El creador y asesor de Milei confirmo que solamente pudieron extraer 100 millones de los cuales volvera a injectar al meme, bloqueara la liquidez y la quemara, dijo que no sabe donde esta el otro dinero y pidio ayuda que lo devuelvan.

A ver, lo que sabemos de cripto, ellos se robaron toda la guita y Milei tambien se la robo. Por la blockchain queda registrado que robaron 107 millones por ahi ya que solo sacando la liquidez, sin mencionar las operaciones en CEX.

See de cripto muchisimo y maa de memes ya que lanzo memes en diferente redes como la de eth, bnb y sol.",Firm_Translator_8623,merval,-1,2025-02-16 13:32:06,t1_md383fo,t3_1iqtj6w,comment
md3fab9,"Entiendo pero tambien el que ande en el mundo cripto sabe perfectamente que no puedes dar recomendaciom de inversion encima peor aun, siendo figura publica.

Todo es una loteria, no solo cripto, tambien la bolsa o te olvidas que en 2022 acciones bancarias se fueron a cero. El problema esta en que cometio un delito 

Operar los mercados con emociones es lo peor que se puede hacer.",Firm_Translator_8623,merval,4,2025-02-16 13:39:21,t1_md37cdz,t3_1iqtj6w,comment
mb056ue,"Recordatorio de que el sub no está para debatir de politica. Sí para debatir de macroeconomía y como puede afectar en las finanzas personales e inversiones. Insultos, trolleos, shitposting, politiquerí, etc van a ser eliminados y ban. Si el thread se descontrola, se cierra. Usar el boton de reportar ayuda.",HwanZike,merval,1,2025-02-04 19:30:15,t3_1ihs1pc,t3_1ihs1pc,comment
maztbda,"Hace 20 años que estamos con el verso del consumo. El consumo aparece cuando están dadas las condiciones orgánicas para consumir. La inflación se arregla controlando el déficit y la deuda para no tener que emitir, no hay ningun misterio.

Una vez se arregle la inflación, vuelve el ahorro, el ahorro genera inversión y la inversion genera la oferta que te trae consumo. Todo depende si la inflación baja lo suficiente antes de las elecciones de medio termino o no, sino todo tiene chances de irse al garete por cualquier cabarulo electoral clásico de argentina.

O podes cagarte en todo y emitir a lo imbécil para inventar consumo por 1 año otra vez para que todos los terraplanistas estén contentos por un tiempo y volver al principio. Siempre se puede elegir.",holyknight00,merval,54,2025-02-04 18:31:50,t3_1ihs1pc,t3_1ihs1pc,comment
mazx08a,">sin aumento del consumo, no hay crecimiento económico.

 Simplificación excesiva. Si bien el consumo es un componente importante del crecimiento económico, no es el único factor. La inversión, el gasto público y las exportaciones también contribuyen al crecimiento.

>Si se busca que bajen los precios por apertura comercial, va a aumentar la demanda de dólares que Argentina no tiene, por lo que va a subir el tipo de cambio y a su vez haría subir la inflación.

Otra simplificación excesiva, si bien es cierto que una apertura comercial puede generar una mayor demanda de dólares, esta no es la única consecuencia posible. Si la apertura comercial se acompaña de medidas para aumentar la oferta de dólares, como la promoción de exportaciones o la atracción de inversión extranjera, el impacto en el tipo de cambio y la inflación puede ser menor.

>Tampoco puede abrir indiscriminadamente la economía xq fundiría a miles de pymes y empresas nacionales no competitivas, lo que aumentaría el desempleo y disminuiría el consumo y aumentaría la demanda de ayudas sociales.

 Otra simplificación excesiva, una apertura comercial puede generar desafíos para algunas empresas nacionales, pero esto no significa que todas las empresas sean no competitivas o que vayan a desaparecer. Además, la apertura comercial puede generar nuevas oportunidades para empresas innovadoras y competitivas.",dani96dnll,merval,22,2025-02-04 18:49:36,t3_1ihs1pc,t3_1ihs1pc,comment
mazmymm,"La economía a veces es más sencilla de lo q parece..

Todo lo q decís es cierto. Y hasta peor diría.

Pero pasar de ser importador a exportador de energía por lo q produce una minúscula fracción del territorio, es donde está la clave.

Vaca muerta va a dar una fuente de dólares constante y sonante. Algo q no se tiene desde la supersoja de Néstor.. si, exactamente. Ese fue el último tiempo q la Argentina creció en serio.. simplemente porque había más ingresos.


Obvio, hay q ver q tan bien se maneja esto. Es una actividad concentrada en 5 empresas y q emplea poquisima gente.

Pero desparrama gas y petróleo a lo largo y ancho del país.  Y ahí creo yo q está la ventaja comparativa a explotar.

Sea milei, Karl Marx o los reptilianos. Claramente estamos frente a una oportunidad. Pero no por eso significa q estemos salvados o q si o si crezcamos. Pero al menos existe una esperanza bien fundamentada.",lapachoVolador,merval,30,2025-02-04 18:01:35,t3_1ihs1pc,t3_1ihs1pc,comment
mazoq53,"No está mal tu razonamiento, expresa justamente lo complicado que es arreglar los problemas fundamentales que tenemos.

Creo que parte de la estrategia del gobierno es atraer las inversiones con beneficios descomunales (más de lo que pedían), que como contrapartida, nos pueden dar menos retornos para las reservas y vaciarnos de recursos más rápido. En riesgo/beneficio, no sé si es una buena o una mala idea. La baja del riesgo país contribuye también a que vengan esas inversiones. Si salís del cepo de una buena manera, puede incluso ser mejor aún. Con un riesgo país bajo, podes tomar deuda a mejores tasas para financiarte y crecer más rápido (siempre y cuando el plan con la deuda esté bien pensado y no sea como pasó con Macri). Todo esto podría mejorar la productividad, aumentar la oferta, bajar costos, etc.

El riesgo es, estas inversiones un día pueden irse. Si cambia de gobierno y no hay continuidad económica (no hay una posibilidad de acuerdo político que garantice esto, ya que estamos muy polarizados), gran parte de las inversiones se van a ir. O, si los inversores empiezan a ver problemas importantes, como un dolar demasiado atrasado que no permite el crecimiento del país, o una sequía muy importante, o algo que esperaban que pase que no se terminó dando. El equilibrio es muy frágil.

Pero yo no creo que sea imposible, ni que tampoco dependa de este gobierno únicamente. Eventualmente, va a volver el peronismo o algún partido de centro. Así es la democracia. Lo importante es que no vuelvan todo para atrás, que construyan a partir de lo que ya tenemos y aprendan de sus propios errores. Se puede ser progresista y tener responsabilidad fiscal. Si hacen eso, quizás podamos seguir creciendo.",Green_Goblin_10,merval,5,2025-02-04 18:10:05,t3_1ihs1pc,t3_1ihs1pc,comment
maztcnl,"Tu planteo no es del todo correcto porque basás todo tu texto en que el consumo es el pilar del crecimiento, y no necesariamente es así.

Pensá que Argentina puede crecer por la exportación y la inversión.

SIN EMBARGO, me parece que sí se vienen años duros para ""las mayorías"" (sectores empobrecidos, pymes, trabajos informales, cooperativas financiadas por el estado) porque los sectores que van a crecer son sectores que emplean a relativamente poca gente: servicios informáticos, oil & gas, agro, finanzas.

Puede llegar a haber una gran guita que entre por ese lado, pero eso no beneficiaría a la mayoría de la población porque el gobierno actual no aumentaría el gasto público ni los subsidios a medida que crezcan las exportaciones, sino que piensa en achicar el estado un poco más.",Lost_Alternative_170,merval,2,2025-02-04 18:32:00,t3_1ihs1pc,t3_1ihs1pc,comment
mazrdi9,"Es tan facil como buscar cuanto aumenta el GDP de los países que descubren un yacimiento petrolero ,en nuestro caso vaca muerta, en los proximos 5 a 10 años. Y como afecta eso a su respectiva moneda nacional.  Si el peso gana valor el sueldo de todos aumenta en poder adquisitivo, no por nada el merval tuvo el mejor año de su historia.",scoutmain33,merval,4,2025-02-04 18:22:39,t3_1ihs1pc,t3_1ihs1pc,comment
mazlgw7,">No encuentro fundamentos para creer que la economía argentina se vaya a recuperar o crecer extraordinariamente en un futuro próximo

/thread",Izaike,merval,2,2025-02-04 17:54:22,t3_1ihs1pc,t3_1ihs1pc,comment
mb044et,"> y partiendo de esta premisa podemos decir que sin aumento del consumo, no hay crecimiento económico.

Tiene base cientifica esta premisa? Se puede exportar. Pueden subir los salarios sin que suban ni bajen los precios de todas las cosas. Etc.

Me parece demasiado simplista el analisis, si bien es correcto que estamos a años luz de ser un país bueno para los negocios, hay basicamente 2 pensamientos sobre Argentina, el 1° es ""Tenemos todo lo que hace falta solo nos tiene que dejar de hacer la vida imposible el gobierno y despegamos"", el 2° es ""El problema son los argentinos y nunca va a progresar el país"". Y puede haber algun 3° de los que se creen que Venezuela es un modelo a seguir, pero en ese no ahondaremos.

Para dar un ejemplo boludo, el RIPTE en dolares del gobierno anterior eran 400 USD aprox. Hoy anda por 1000. Entonces, la tecnología por ejemplo, que se importa, es mucho más accessible. Y vos dirás ""ah pero eso entonces reduce el consumo interno"", yyyy en realidad muchas cosas tecnológicas son herramientas de trabajo, deberían subir la productividad por más que estes comprando algo importado.

La predicción que tiran varios (JP Morgan, REM, etc) da cerca de 5% de crecimiento del PBI aprox para 2025, si querés ir contra eso hace falta un analisis un poco más complejo me parece. Tipo... por lo menos que tenga números, sino es hablar al pedo.",BNeutral,merval,2,2025-02-04 19:24:49,t3_1ihs1pc,t3_1ihs1pc,comment
mb09lyg,"Pensar que el crecimiento economico es solamente que el kiosquero venda mas gaseosas o que vos cambies el auto todos los años es bastante simplista.

Tenes a vaca muerta cada ves produciendo mas , en camino al millon de barriles de petroleo , cerrando acuerdos con india y europa para vender gas licuado eso es tambien crecimiento.

Tenes gracias al rigi empresas empezando a invertir mas en el cobre oro y litio eso es crecimiento economico.

El propio sector agropecuario que si seguis bajando retenciones incentivas a que aumenten mas su productividad eso es tambien crecimiento economico.

Para mi lo que vos estas viendo tiene mas que ver con una duda de como se va a redistribuir ese crecimiento mas de si va a crecer o no.

Esos tres motores , mas que argentina siga bajando el riesgo pais y logre empezar a rollovear su deuda , te van a dar dolares suficientes para que sigas abriendo las importaciones.

El superavit te da la posibilidad sigas bajando impuestos y aranceles eso va a llevar a deflacion en pesos y dolares de los precios.

Y si van a quebrar y cerrar varias empresas eso es seguro porque no todas van a aguantar una fuerte baja de precios con la estructura de costos fijos que tienen (alquileres , salarios , etc)",Livid_Trip_8032,merval,1,2025-02-04 19:53:00,t3_1ihs1pc,t3_1ihs1pc,comment
mb4rdqd,"Ok, y como vas a configurar tus inversiones en base a todo lo que escribiste? Esa es la parte que me interesa.",lichatrovero,merval,1,2025-02-05 13:49:34,t3_1ihs1pc,t3_1ihs1pc,comment
mazu1qc,"Es a propósito. Estas políticas económicas son para beneficiar a una minoría, no a las 47 millones de personas que viven acá. Bajó la inflación, pero porque todo está tan caro que bajó el consumo.

El 77% del empleo privado en Argentina es generado desde las PYMEs. Una economía contra las PYMEs es una economía contra la Argentina. Con Milei quebraron entre 10 mil y 16 mil PYMEs según la fuente. Las PYMEs que no quebraron están manteniéndose a flote porque se quedaron con parte del mercado de las PYMEs que no aguantaron, pero eso no puede durar mucho. No tienen perspectiva de crecer, sino de resistir.

A menos que vengan inversiones creadoras de empleo, esta pseudo estabilidad va a estallar. Por el lado de las empresas extractivas no es. Por más garantías de impunidad que les den a las transnacionales del fracking (un sector en caída) y a las mineras, emplean poquísima gente y no crean capital a largo plazo. Todo lo contrario: dejan pasivos ambientales y las economías locales quedan perjudicadas. Bajarles las retenciones a la Mesa de Enlace tampoco va a crear empleo.

Argentina es un país PYME, entonces ese es el sector a beneficiar. O si se quiere beneficiar a grandes empresas, que sea con la condición de que creen miles y miles de puestos de trabajo estables y registrados.",Little-Low-5358,merval,0,2025-02-04 18:35:21,t3_1ihs1pc,t3_1ihs1pc,comment
maztetw,"Ta bien, pensá y hacé lo que quieras pa. Yo desde mediados de 2023 estoy comprando YPF y Pampa",Filthy-Pirate-6342,merval,1,2025-02-04 18:32:17,t3_1ihs1pc,t3_1ihs1pc,comment
mb02a1y,"Otra forma de que bajen los precios es continuar achicando el estado y hacerlo más eficiente, así se pueden reducir los impuestos. En consecuencia nos podemos volver más competitivos y así reactivar la economía",Vegetable_Wolf6194,merval,1,2025-02-04 19:15:26,t3_1ihs1pc,t3_1ihs1pc,comment
mb07ij5,"Tu razonamiento está bien pensando, y estoy de acuerdo en varios puntos...pero, y sé que parece raro pero lo voy a explicar, te estás centrando mucho en el mecanismo simple de oferta y demanda para intentar predecir el movimiento de los precios.

Me explico: claramente el dinero tiene oferta y demanda, y por lo tanto no está mal en principio hacer un análisis como el tuyo; pero creo que es más simplista de lo que debería. La teoría de moda en economía sobre la inflación, y por buenos motivos, es la que postula un economista groso llamado Sargent. Resumiendo (y simplificando, tal vez un poco mucho) lo que dice: la inflación es un fenómeno fiscal, y nace de un déficit fiscal continuo + dominancia fiscal. Cuando tu gobierno mantiene niveles de déficits fiscales crónicos y continuos (te estamos mirando, Alberto...), y no tiene acceso al mercado de crédito internacional para financiar dichos déficits, recurre a la emisión monetaria. Obviamente, y aquí sí meto al mecanismo de oferta y demanda, la expansión continúa de la oferta monetaria va a llevar, sin ninguna duda, a mayor inflación. La gente, en especial los empresarios más importantes, ven esto y no son boludos, así que se desprenden de los pesos, demandando dólares y tal. Por eso esto mismo tienes al típico tío de la familia que desde el 2022 compra y compra dólares. La teoría de Sargent, por más que en algunos países tal vez no se aplique del todo, está bastante buena, desde mi opinión, para explicar la inflación que ha tenido Argentina. 

El foco que quiero hacer es sobre las expectativas. Tu razonamiento tiene sentido, pero el ejemplito que te dí arriba ilustra lo que, para mí, es la clave de la inflación: las expectativas. Sí tu gobierno mantiene una tasa de crecimiento de emisión monetaria más o menos constante (lo que viene haciendo el banco central desde julio) junto con superávits fiscales (lo que viene haciendo el gobierno desde que asumió), no hay motivos para las expectativas inflacionarias no mejoren. Eso es exactamente lo que hizo que la inflación bajase de 25% mensual en diciembre a 2,7% en octubre. ¿Van a seguir bajando? Sí, mientras el gobierno haga crecer la confianza en que va a mantener el régimen fiscal y monetario intacto. 

En resumen: analizar oferta y demanda es útil en varios casos, pero sin expectativas te comés una parte importantísima de lo qué es la inflación. Sí los precios son una función de la oferta monetaria (que hoy en día parece ya sentido común), un gobierno que mantiene una ""promesa"" monetaria creíble no \*debería\* tener problemas de expectativas inflacionarias en el futuro...y sí la gente no espera ""cosas malas"" de la inflación, el entorno económico se estabiliza mucho más. Y ahí, esperamos, capaz podemos crecer de verdad.",default_name2000,merval,1,2025-02-04 19:42:08,t3_1ihs1pc,t3_1ihs1pc,comment
mazud9a,"Lamentablemente en Argentina para progresar, debes improvisar. Milei mismo dijo que en 20 años seremos Italia y en 35 años seremos potencial mundial.

Es decir, hablar de politica y economia en argentina es sinonimo de perder el tiempo, es al pedo.",Firm_Translator_8623,merval,0,2025-02-04 18:36:54,t3_1ihs1pc,t3_1ihs1pc,comment
mazmkqn,"La única forma es pedir mucha guita prestada al FMI, achicar el estado, bajar los impuestos para reactivar la economía, vivir del préstamo durante unos años mientras estamos en un déficit 'manejable' y rogar que la economía rebote y la deuda se licúe con respecto al crecimiento del PBI. Osea, es una apuesta arriesgada, pero no se puede arreglar de otra forma.",PancuterM,merval,-2,2025-02-04 17:59:45,t3_1ihs1pc,t3_1ihs1pc,comment
mb0an5e,"La inflación no depende únicamente de la emisión, como este mismo gobierno reconoce al mantener pisado el dólar y los salarios.",Moist_Explorer3249,merval,0,2025-02-04 19:58:23,t1_maztbda,t3_1ihs1pc,comment
mb0b5d7,Justamente la economía se basa en hacer simplificaciones absurdas. Por eso ningún economista la pega,Investor491,merval,5,2025-02-04 20:01:06,t1_mazx08a,t3_1ihs1pc,comment
mazwy3t,"Hay que recordar, ya que mencionas a Macri, que tenemos el mismo ministro de economía que tenía el, aunque desconozco si ese ministro tenía la libertad de acción que tiene hoy.",Matebandido,merval,4,2025-02-04 18:49:19,t1_mazoq53,t3_1ihs1pc,comment
maztqg5,"Sí, pero que un sector aumente exponencialmente (como todos dicen que va a hacer Vaca Muerta) y las exportaciones exploten por ese lado no significa que al resto de la economía le vaya bien. Leer ""Mal holandés"":",Lost_Alternative_170,merval,5,2025-02-04 18:33:51,t1_mazrdi9,t3_1ihs1pc,comment
mb17ig0,"Te tomo cualquier punto menos el de las predicciones de JP Morgan, el REM y demás. Te invito a invertir en base a eso y que lo veas por vos mismo. Según el REM de mayo 2024 el dolar tendría que estar unos $1600 hoy.",Magi_ner,merval,1,2025-02-04 22:58:03,t1_mb044et,t3_1ihs1pc,comment
mb0e5of,"Necesitas del congreso. Hoy es difícil (o imposible) lograr las modificaciones impositivas ahí, tenes que esperar estás elecciones legislativas o las próximas para que aumente el % de representatividad afin al oficialismo y ahí si se aprueben más sencillamente. 


Es un BIG IF gigantesco. Se parte de supuestos muy frágiles, onda que la economía de eleve majestuosamente, la inflación caiga más en picada y los salarios suban a la estratósfera y así. 


Y eso son contar que no se duerman en los laureles de baja inflación y se queden ahí y no quieran mejorar nada más. 


Es todo un tema je",mozartxs,merval,2,2025-02-04 20:17:28,t1_mb07nj4,t3_1ihs1pc,comment
mb59vb1,70% dólares 30% pesos. La mitad de los pesos en acciones de energía y bancos.,Magi_ner,merval,1,2025-02-05 15:14:57,t1_mb4rdqd,t3_1ihs1pc,comment
mbbo0t6,"Entiendo.. me referí al peronismo/izquierda xq generalmente llevan a cabo politicas ""anti"" mercado. Obvio que lo de Milei constituye una muestra de inseguridad juridica y es un cambio muy fragil y fácilmente retractable. Es decir, contribuye a la incertidumbre.",Magi_ner,merval,1,2025-02-06 14:18:28,t1_mbbmnog,t3_1ihs1pc,comment
mb0azqw,"Los salarios no están pisados.

Están literalmente al doble, en términos reales (dolares) con respecto al año pasado.",BondiolaPeluda,merval,4,2025-02-04 20:00:16,t1_mb0an5e,t3_1ihs1pc,comment
mb0hyei,"deficit y deuda, se controlo parte del deficit todavía falta una tonelada de deuda y no hay forma de pagarla en el corto plazo, la unica esperanza es conseguir un buen plan de pagos. 

Y a todo esto, la inflación ya bajó a la mitad en 1 año.",holyknight00,merval,1,2025-02-04 20:38:29,t1_mb0an5e,t3_1ihs1pc,comment
mccj9pa,"técnicamente no. era ministro de ""finanzas"". los ministros de economía fueron Prat gay, dujovne, lacunza. 


básicamente Caputo hacia toda la parte técnica dentro de los lineamientos del poder ejecutivo y los objetivos del ministerio de economía.


hoy Caputo tiene la suma de esos dos poderes y no tiene que negociar nada con economía. responde solo a Milei que lo viene bancando en todo",hjf2014,merval,1,2025-02-12 08:13:17,t1_mazwy3t,t3_1ihs1pc,comment
mb04hzm,"En serio baja de gasto en el super?

Yo compro siempre lo mismo y cada mes gasto más. Y aprovecho toda promo que se cruce, modo, mercado pago, 2da unidad y lo que venga.

Rosario, por las dudas.",Happy_Bad_Lucky,merval,3,2025-02-04 19:26:44,t1_mazw4vs,t3_1ihs1pc,comment
mb2lqm6,"El que invierte en Argentina en base a ""todo va a salir bien y vamos a tener crecimiento continuo y estable"" igual está super perdido. La bolsa local es la timba timeadora de resultados electorales, no mucho más.

Igual, en general todas las predicciones son malisimas, tanto por la positiva como por la negativa, en todos lugares del mundo, por eso la gente compra fondos indexados de USA y a otra cosa en vez de escuchar las boludeces que predicen en CNBC o lo que sea.",BNeutral,merval,1,2025-02-05 04:42:28,t1_mb17ig0,t3_1ihs1pc,comment
mb5g37s,"Mas confianza que yo tenes jaja. Yo tengo creo que 5% pesos nomas.

Tengo VIST, pero no la cuento como pesos.

La parte en usd la tenes afuera?",lichatrovero,merval,1,2025-02-05 15:43:31,t1_mb59vb1,t3_1ihs1pc,comment
mb0hkan,"El salario real está por el piso, vos no viste la inflación en dólares que tenemos?",CienPorCientoCacao,merval,7,2025-02-04 20:36:16,t1_mb0azqw,t3_1ihs1pc,comment
mb0ek1x,"Salario en USD =/= salario real. El salario real se mide en bienes y si bien el salario en dolares aumento con fuerza, los precios en dolares aunentaron mas aun por lo que el salario real cayo. Todo esto hablando en promedios, obviamente.",gomerfield,merval,4,2025-02-04 20:19:38,t1_mb0azqw,t3_1ihs1pc,comment
mazx9n3,"Si, pero eran una fracción de lo que son ahora, y están dejando de ser.

Me imagino que sabes que el kirchnerato triplicó el peso del estado en relación al pbi en los últimos 20 años, no?",dani96dnll,merval,0,2025-02-04 18:50:51,t1_mazvex6,t3_1ihs1pc,comment
mb086rl,"Hola vecino.

Esas promos sin una baja real de los precios son imposibles que existan. Si fueran, por ejemplo, de servicios de pago que recién arrancan y quieren ganar clientes, sería una cosa, pero la mayoría vienen desde hace más de un año así.

Hay productos por los que pago lo mismo desde mediados de 2024, otros que aumentaron (hace poco) una minúscula parte de la inflación que hubo desde entonces y otros que directamente consigo a menos que antes ya sea en el super, o Meli, o cualquier servicio de delivery incluyendo los de los super que no tengo cerca. El ""camine señora, camine"" de Lita de Lazzari está más vigente que nunca, gracias al comercio electrónico.

Hay que dejar de pagar huevadas por una comodidad que ya ni siquiera es tal.",LinksPB,merval,4,2025-02-04 19:45:35,t1_mb04hzm,t3_1ihs1pc,comment
mb00c30,"Si bien yo no comulgo para nada con el kirchnerismo, ni el modo de hacer las cosas ni el resultado de sus políticas para nada. te digo que Néstor Kirchner tenía una política de distribución significativa que incluía políticas de ingreso, subsidios e incentivos a la producción (con aciertos y errores). Es decir, el ""mal holandés"" no se produjo porque el gobierno canalizó el ingreso extraordinario mediante las retenciones y lo usó en políticas estatales.

No obstante, te digo que Milei yo (personalmente hablando) lo veo como más parecido a Menem, en el sentido de que  va a haber una gran corriente de dólares entrando a la Argentina, y esto va a beneficiar a pocos sectores como mencioné arriba, a los sectores poco productivos los va a desfavorecer muchísimo, el peso se va a fortalecer mucho, y la economía se va a concentrar.

SALVO QUE:

Realmente quieran una Argentina desarrollada e incentiven el valor agregado acá,  y tengan políticas de desarrollo. Eso se podría dar bajo distintas maneras, pero realmente como vienen haciendo las cosas, no las estoy viendo por el momento.",Lost_Alternative_170,merval,3,2025-02-04 19:05:43,t1_mazuv8z,t3_1ihs1pc,comment
mb6d6fw,El año pasado estaba 50-50. Tengo vista también pero lo cuento como dólares xq es cedear. Nada afuera para que no me cobren impuestos.,Magi_ner,merval,2,2025-02-05 18:13:59,t1_mb5g37s,t3_1ihs1pc,comment
mb0qu9v,"Si, yo hago lo mismo. Pero me parece una locura. Los precios están totalmente distorsionados. Se pierde la referencia de lo que valen las cosas.

El ticket dice que sale 100.000. Los descuentos del supermercado me restan 25.000. Modo me resta otros 20.000.

Termino pagando 55.000. Entonces cuánto valen las cosas? Lo que pagué o lo que dice el ticket antes de los descuentos? O será que las cosas tienen 45.000 de sobreprecio? Y que pasa cuándo se acaben los descuentos?

No sé, no me parece que sean signos de una economía que mejora ni tampoco se siente en el bolsillo que baje la inflación.",Happy_Bad_Lucky,merval,1,2025-02-04 21:28:10,t1_mb0m5js,t3_1ihs1pc,comment
mb0j50w,"No hace falta, menciono el mínimo porque es el que regula el estado. Si interviene para fijarlo y para mantener el precio del dólar, es un reconocimiento implícito de que desregularlos o ""liberarlos"" mueve la inflación, refutando aquello de que ""es siempre y en todo lugar un fenómeno de emisión monetaria"".",Moist_Explorer3249,merval,4,2025-02-04 20:45:11,t1_mb0c488,t3_1ihs1pc,comment
mb0d870,"Cuando tenés un desvío estándar tan grande, por la desigualdad de ingresos que tenemos en el país. Una medida más fiable del ingreso más probable es la mediana y no el promedio.

Igualmente el salario promedio (formal e informal) es de ~650k. Que para el gran aumento del costo de vida (que es diferente a la inflación, ya que el cálculo de inflación no toma en cuenta muchas variables y los gastos en particular de cada familia pueden variar mucho a este) diría que nos deja similar a como veníamos antes en términos de calidad de vida.

Te dijo que los salarios están pisados porque el gobierno no quiere aumentos salariales arriba del 1-2% para contener la inflación, lo podés leer en varios portales de noticias.

En cuanto al dólar pisado, se podría decir que es real, vienen vendiendo bastantes dólares para mantener el MEP y CCL por debajo de $1200.",milfenjoyer_69,merval,7,2025-02-04 20:12:22,t1_mb0c488,t3_1ihs1pc,comment
mb0j9t1,"No sé a qué recorte te
referís, capaz me enganché mal.
Lo que digo con respecto a lo que dice OP es que hay muchas variables a mejorar para que la economía repunte. Una son los impuestos excesivos y superpuestos que hasta ahora sólo se agregaban 🤷🏻‍♂️ Y recién se podrán ir sacando si el estado  se vuelve más 'normal' y eficiente",Vegetable_Wolf6194,merval,1,2025-02-04 20:45:55,t1_mb0cmjs,t3_1ihs1pc,comment
mdaug7o,No creo que haya tenido un efecto significativo. De todas formas hay que esperar a la reapertura del mercado de EEUU mañana.,DelightfulPoster,merval,24,2025-02-17 16:37:32,t3_1irsfcv,t3_1irsfcv,comment
mdb138j,Un día más en el mercado.,Choriciento,merval,7,2025-02-17 17:08:15,t3_1irsfcv,t3_1irsfcv,comment
mdcijiz,Mañana bajan bonos y adrs lo que va hacer que las acciones acá bajen aún más. Compren atún va a valer mas,unoptimusprime,merval,3,2025-02-17 21:35:03,t3_1irsfcv,t3_1irsfcv,comment
mdaz1dv,"Si operas para largo plazo, independiente lo que haga Milei, la bolsa Argentina es muy sobrecomprada. Veo el grafico mensual y da miedo, minimo debe corregir un 60% para volver a empezar a recomprar.

Si haces trading, el merval no debe perder la ema de 100, sino se ira a la ema de 200 en diario. Si tiene rebote en la ema de 100, en la subida sera venta, venta, venta y venta, short ahort. Inclusive grafico semanal que son de 3 a 6 meses desarrollo tiene mas divergencias que una montaña.

Ahora sale la famosa noticia que justificara la caida en un futuro, los que sabemos de psicologia del trading, esto es de manual",Firm_Translator_8623,merval,7,2025-02-17 16:58:41,t3_1irsfcv,t3_1irsfcv,comment
mday0w6,"Tenia molinos - YPF - Galicia - pampa  y macro


Banco Macro:  Sl
Galicia : me sacó Pero gane con ventas de  opciones así q estoy igual

Mañana espero perspectiva alsista nuevamente 📈

Ya es hora que suba che",adry4242,merval,5,2025-02-17 16:53:59,t3_1irsfcv,t3_1irsfcv,comment
mdbxca2,"Feliz. El mercado local subió mucho el año pasado, necesitamos que baje",Luzblanca02,merval,1,2025-02-17 19:41:09,t3_1irsfcv,t3_1irsfcv,comment
mdcfh44,"Estoy perdiendo con BYMA... Espero que mañana se empiece a revertir todo , en lo personal esto no debería afectar las acciones , bonos etc 
Si a la credibilidad del gobierno , son dos cosas diferentes",Additional-Film4035,merval,1,2025-02-17 21:18:10,t3_1irsfcv,t3_1irsfcv,comment
mdd8njz,"Nadie hasta dónde va a llegar la caída de la mervaleta, hasta ahora bajó aprox. 22%, el año pasado en febrero y marzo bajó aprox. 30% y después vino la suba que llegó hasta enero. Ojalá se repita el ciclo. A pesar del influencer.",[deleted],merval,1,2025-02-18 00:03:52,t3_1irsfcv,t3_1irsfcv,comment
mdbrbam,"""Es solo otra corrección del mercado""


Jaja, que lindo que son. ",Pearl_Jam_,merval,1,2025-02-17 19:11:22,t3_1irsfcv,t3_1irsfcv,comment
mdbirbj,"Porqué está sobrecomprada? La última vez que estuve metiendole a la bolsa arg fue post junio 2024, entiendo la parte de que los precios para la calidad son caros y que no es competitivo, va por ahí o le pifio con el argumento? Pregunto desde la ignorancia, lo del ema de 100 y ema de 200 no lo terminé de entender bien",Miztr,merval,1,2025-02-17 18:30:46,t1_mdaz1dv,t3_1irsfcv,comment
mddeyib,"No rey, eso es mercado yankee",Ladafonetapai,merval,1,2025-02-18 00:42:21,t1_mdd7rue,t3_1irsfcv,comment
mdbsx4m,"Las emas se utilizan para medir la tendencia del instrumento. Cada instrumento esta compuesto en temporalidades ya sea grafico diario ""D"", grafico semanal ""S"" y grafico mensual ""M"". El precio del instrumento se mueve y comienza a formar tendencias en varias temporalidades desde la mas pequeña hasta la mas grande.

Grafico diario significa desarrollo de 2 semanas aproximadamente, Grafico semanal significa desarrollo de 3 a 6 meses aproximadamente. Grafico mensual significa desarrollo de 1 a 2 años aprox...

Las emas mas utilizadas son de 10 periodos, 50, 100 y 200.

Cuando el precio esta en una tendencia alcista, sus emas se ubican de acuerdo a la tendencia 10, 50, 100 y 200. Cuando el precio presenta debilidad por sobrecompra, el precio suele ir a buscar esas emas para testearla y probar su tendencia.

En una tendencia bajista, las emas estan al reves: 200, 100, 50, 10 y cuando se produce un cambio de tendencia, las emas se cruzan para acoplarse bien ""10, 50, 100, 200""

En merval cambio su tendencia en julio del 2022, paso de bajista a alcista en grafico diario. Desde ese entonces, cada que ves que testeaba la ema de 100, el precio rebotara y retomaba su tendencia.

Es decir, el merval no puede perder esa ema de 100 porque sino, ira a buscar la de 200 y por consiguiente, arrastrara la tendencia del semanal y este ira a buscar su ema de 50 en dicha temporalidad lo que se traduce en una caida aproximada de un 20% en semanal.

El merval subio un 3000% desde 2022 hasta ahora en grafico semanal y tiene espacio para caer ""acumulacion/distribucion"" cualquiera de las 2 se puede dar. Lo que yo haria si voy a largo plazo en merval, seria esperar una caida en semanal a la ema de 50. Es decir, si ves el merval testeando esa ema, compraria las mejores acciones argentina y si cae hasta la de 100 en semanal, volveria a comprar y asi para prepararme para el bull market del 2028, 2029.

Si operaria en corto plazo, ahora mismo compraria acciones por lo que te dije en grafico diario, es muy probable que rebote y si rebota , sube un x % jugoso, venderia otra ves y asi.

Porque venderia? porque tiene espacio para caer.",Firm_Translator_8623,merval,8,2025-02-17 19:19:12,t1_mdbirbj,t3_1irsfcv,comment
mdb1jxe,Bueno aún estoy en carrera con las otras acciones no obstante estoy cubierto. Pero si fue un pj4so la caída que pegó aunque en porcentaje es poquito así que estamos en tiempo  que suban ( hablando de volumen claramente),adry4242,merval,0,2025-02-17 17:10:27,t1_mdb13zj,t3_1irsfcv,comment
mddgea0,"Gracias rey, piso el acelerador a fondo",niko3100,merval,1,2025-02-18 00:51:30,t1_mddeyib,t3_1irsfcv,comment
md9p031,"Para mi no va a pasar absolutamente nada.

Teoria 1: Si el precio del dolar blue lo mueve la gente de a pie, entonces quedate tranquilo por que lo de LIBRA no afecto a nadie de a pie aca en Argy. El 90% de la gente no entiende ni como funciona la bolsa, solo van a leer titulares de diario, por ende, los pro gobierno van a quedarse callados o desestiman la noticia, y la oposicion va a tener un titular mas para reclamar. Nadie va a mover sus ahorros por algo que no entiende.

Teoria 2: Si el dolar blue lo mueven los peces gordos, que tanto te mueve la ""confianza"" como entelequia si lo que les importa es generar guita? El precio se va a mover cuando toquen la taza o pase algo con las reservas, o se caiga el acuerdo con el FMI, o se acabe el superavit, etc. Si tenes guita en pesos haciendo plata, esto no te cambia el panorama.

Por que menciono los 2 escenarios? Por que de los 2 lados politicos te decian en diferentes momentos quien movia el precio del dolar, si la gente de a pie o las grandes fortunas.

Corrijanme si me equivoco eh, para mi la posta es esa.",Kirman123,merval,38,2025-02-17 13:25:14,t3_1irnf4l,t3_1irnf4l,comment
mda4du4,Sigan el interés en que se presta la plata. Porque hablar podemos todos. Y plata de presta por el mismo interés de viernes. Y 5% de la bolwa es el porcentaje de pelotudos que saltan comprando e vendiendo y siempre perdiendo  cuando por su naturaleza cobarde a lo sumo deberían invertir en plazo fijo como.mas arriesgado en su vida. Y mañana bolsa va a subir o bajar a noticias de negociaciones  de Ucrania y no de milei. Hoy Europa está volando.,5ofDecember,merval,3,2025-02-17 14:39:14,t3_1irnf4l,t3_1irnf4l,comment
md9qsjv,"Enserio piensan que la macroeconomía del país va a afectarse porque 4 gordos en wyoming tradeando crypto falopa cayeron en un rugpull que el presidente posteo en Twitter por 4 horas? 

Después nos sorprendemos cuando la gente votaba a los que querían bajar la inflación mandando gordos con chalecos a medir góndolas, o policías a cerrar cuevas para que baje el blue.",0ToTheLeft,merval,20,2025-02-17 13:34:06,t3_1irnf4l,t3_1irnf4l,comment
mdda6ka,habría que reelaborar la pregunta: ¿Puede subir el dolar con el bardo de la cripto y el video fitrado de la entrevista?,Oliverio_Funes,merval,2,2025-02-18 00:13:01,t3_1irnf4l,t3_1irnf4l,comment
md9mx7l,"Espera a mañana, se puede mantener un poco mas. Cuanto no sé, en cualquier momento se va al choto. El dolar está barato porque esta intervenido con reservas, no por la confianza que haya o no en Milei. Si no hay guita se va alv.",[deleted],merval,4,2025-02-17 13:14:56,t3_1irnf4l,t3_1irnf4l,comment
mda50rm,"Tengo la loca teoria de que milei (que dijo que no podia liquidar los dolares que estaba obligado a comprar por el cepo, porque le bajaba en TC a 700) armo este quilombo a proposito para que el TC tienda a la suba y poder vender esos USD para mantenerlo estable.

Tantearon con el bono dolar link a ver si subia solo... no subio, entocnes metieron milei cryptobro masivo.",MyOtherAcctsAPorsche,merval,2,2025-02-17 14:42:07,t3_1irnf4l,t3_1irnf4l,comment
mdac0nn,"el dólar va a subir, no por este quilombo, sino porque no hay chances de sostenerlo al menos hasta las elecciones, o capaz antes. Nadie le libera ni un préstamo y con más recortes no logra mucho, es insostenible a largo plazo el esquema actual",ProtectionNo514,merval,1,2025-02-17 15:13:57,t3_1irnf4l,t3_1irnf4l,comment
mdaj031,Es 50 50. Pero hoy bajaron cedears de argentina y subio el blue. Asi que yo apostaria que si pero que no va a ser la gran cosa y se va a estabilizar rapido. Sera un 5%. Pero es pura opinion mia. Optimista.,AnakinSkyWaffle,merval,1,2025-02-17 15:45:22,t3_1irnf4l,t3_1irnf4l,comment
mdalnlb,Hoy YA! están todos los dólares verdes asique algo esta pasando y va seguir pasando,southernrolo,merval,1,2025-02-17 15:57:19,t3_1irnf4l,t3_1irnf4l,comment
mday4ve,Yo vendi mis 100 pesos en ypf asi hago caer mas rapido el merval. Tiemblen.,dorakus,merval,1,2025-02-17 16:54:30,t3_1irnf4l,t3_1irnf4l,comment
mdb0eo4,"El dolar es futurología total.

Con respecto a la confianza, la gente en un mes se olvida, hablan mucho afuera pero a la hora de votar ven la cara del que bajó la inflación al lado de los que no. Si la justicia es corrupta no va a pasar nada por obvias razones. Si la justicia no es corrupta no va a pasar nada porque el que sabe lo suficiente como para llevar adelante el caso sabe que no va a llegar a nada.",Rodri_w_fritas,merval,1,2025-02-17 17:05:03,t3_1irnf4l,t3_1irnf4l,comment
mdc2cj4,"Psiquiatric man fogonea una estafa => Pierde credibilidad interna y externa => Baja la confianza => Los inversores retiran su dinero de la bolsa => Se refugian en el dolar que es ""la vieja confiable en épocas de desconfianza"" => El MERVAL se hace torta => La demanda de dolares financieros presiona al alza => Sube el valor del dolar.",Motoviajero,merval,1,2025-02-17 20:06:38,t3_1irnf4l,t3_1irnf4l,comment
mdc7cp1,"Puede y subirá, mañana habrá un salto (no mucho) pero empezará un camino gradual de devaluación",Alhazred--,merval,1,2025-02-17 20:33:32,t3_1irnf4l,t3_1irnf4l,comment
mdck614,"Si. Al rajar los inversores se van a cedears, Ergo, sube dólar ccl",armonicoenfuga,merval,1,2025-02-17 21:43:58,t3_1irnf4l,t3_1irnf4l,comment
mddumv8,"Cuando la infla semanal da por arriba del 2% pero la mensual da 2.7%, algo raro hay.. 

El indec no mide los elementos canasta básica promedio,  usa otra canasta básica.. este.. emm es como decir q porque haya un barrio llamado Lugano, ya sos  Suiza",Facund0_ok,merval,1,2025-02-18 02:33:27,t3_1irnf4l,t3_1irnf4l,comment
mdfx0y7,"La estabilidad del dolar PARALELO se basa en la confianza del gobierno en cuanto a pago de bonos (MEP/CCL) o especulacion respecto a devaluacion (no es el caso). Sumado a otros factores ocmo la presion que meta el gobierno comprando o vendiendo al divisa.

EN teoria al menos obvio, pero, en teoria al menos, no tiene nada que ver, son tipos de confianza distinta. 

Pero argentian es argnetina, es impredecible",simonbleu,merval,1,2025-02-18 12:26:30,t3_1irnf4l,t3_1irnf4l,comment
mdknr4j,"Mira, voy a citar a amigos y amigas de finanzas ""siempre es bueno comprar dolares"". No importa en q momento, en algun momento va a subir amigo. No se si en estos meses, pero siempre sube y con todo el quilombo este a fin de año no se q va a pasar, pero el dolar en nuestro caso sirve",Not_Leonardo,merval,1,2025-02-19 03:30:40,t3_1irnf4l,t3_1irnf4l,comment
mdraf1g,"Si, podría, pero realmente lo que ocurrió no es algo que deba importarle a la mayoría de la población inversora en argentina, aún queda bastante tiempo de gobierno de Milei seguirá siendo igual de rentable invertir en pesos sobre en dólares. Maybe si algo así ocurriese su último año de mandato, sería más decisivo",Individual_Help1484,merval,1,2025-02-20 02:47:32,t3_1irnf4l,t3_1irnf4l,comment
mdaabxk,"No creo. De lo que tengo miedo es de un corralito, tenemos todos los dólares blanqueados en el banco y mucha deuda externa. Supuse que sería después de las elecciones de medio término pero este incidente me puso nervioso.",umagon2,merval,1,2025-02-17 15:06:18,t3_1irnf4l,t3_1irnf4l,comment
md9rs5w,"El que apuesta al dolar.nunca pierde. Ya se que los fans de Milei me van a decir, pe pe pedo el pedo se valorizo. El ejemplo de bitcoin. 1 bitcoin= 1 pizza. Ahora 1 Bitcoin = 1 billon de pizza. Es decir, eso es cuando algo se se valoriza. Hace un año, 5000 peso = 1 pizza y hoy 20000 pesos = 1 pizza, simple",Firm_Translator_8623,merval,0,2025-02-17 13:39:00,t3_1irnf4l,t3_1irnf4l,comment
md9xhvo,"Corrijanme si me equivoco

Entonces, en general, los ""peces gordos"" solo actuan cuando se mueven indicadores de la macroeconomía y los demas cambios son solo correcciones, hasta que son cambios significativos y ahí todo el mundo corre a comprar dolar!",Expensive_Slice_2755,merval,4,2025-02-17 14:07:04,t1_md9p031,t3_1irnf4l,comment
mda0fbx,Y pero es peor aun si la mayoría no son inversores locales la denuncia tiene mayor ingerencia sobre lo que paso,FederalAd5361,merval,2,2025-02-17 14:20:58,t1_md9p031,t3_1irnf4l,comment
mdfxt97,"\> cuando toquen la taza

Cafecito?

Pero si. Esto puede tener consecuencias politicas pero no \*deberia\* mover al dolar, aun el blue",simonbleu,merval,1,2025-02-18 12:30:25,t1_md9p031,t3_1irnf4l,comment
mdko7hw,"che re bien amigo, banco. Igual agregaria q me parece q ningun politico nos dijo la posta de que es lo q mueve el precio del dolar y seguramente sean más factores y quizas esas 2 mencionados sean los más principales",Not_Leonardo,merval,1,2025-02-19 03:34:34,t1_md9p031,t3_1irnf4l,comment
md9vfgq,"Pasa que no la vez. Los 4 gordos cryptos que se comieron el rug no importa.

  
La repercusion mundial en la reputacion de milei, SI IMPORTA.",Ryogadrb22,merval,16,2025-02-17 13:56:56,t1_md9qsjv,t3_1irnf4l,comment
md9w2e7,"Es una boludez de termo restarle importancia, puede que no pase nada pero también puede que, si sigue escalando a nivel internacional, algunos le suelten la mano para no quedar pegados, Trump, Elon tal vez? También muchos inversores extranjeros pusieron plata en el mercado invirtiendo mas en Milei que en las empresas, realmente la cagada fue grande.",LeBroneta,merval,3,2025-02-17 14:00:02,t1_md9qsjv,t3_1irnf4l,comment
md9vacl,Parte del mercado se maneja por expectativas. Imagínate ser un inversor extranjero y te cae el Messi de las finanzas de la mano de un presidente econochanta a pedirte guita. Pregúntale al ceo de blackrock,unoptimusprime,merval,3,2025-02-17 13:56:14,t1_md9qsjv,t3_1irnf4l,comment
md9vsdy,Bueno a mí me sacaron en 2 operaciones de acciones que tenía  y las otras la estoy bancando y mirando de reojo pero si entro el mercado con TREMENDO MECHAZO a la baja  por mi Parte SIGO COMPRAS,adry4242,merval,1,2025-02-17 13:58:40,t1_md9qsjv,t3_1irnf4l,comment
mdaadjz,Hasta ahora parece que al Merval le afectó mucho lo que hicieron esos cuatro gordos de Wyoming.,bcmfranco,merval,-1,2025-02-17 15:06:30,t1_md9qsjv,t3_1irnf4l,comment
md9umvq,El dólar perdió como loco todo el 2024 🤌,Andrescoo,merval,3,2025-02-17 13:53:02,t1_md9rs5w,t3_1irnf4l,comment
mdc7pms,"Si subirá, un poco mañana y gradualmente más . Guarda tus dolares",Alhazred--,merval,2,2025-02-17 20:35:33,t1_md9mz45,t3_1irnf4l,comment
mda0znm,si la reputacion importara el dolar con alberto tendria que haber estado en 8000,soy_Jevus,merval,9,2025-02-17 14:23:34,t1_md9vfgq,t3_1irnf4l,comment
md9xnxb,"Trump lleva años haciendo meme coins y NFTs con crypto. Elon estuvo años pumpeando dogecoin y haciendo subir/bajar el precio de BTC con sus posteos.

Enserio hay que ser muy pelotudo para pensar que esto tiene impacto real, escalar internacionalmente? el mundo esta mirando lo que hace trump con las tarifas y la guerra en Ucrania, no si el boludo de Milei promociono en twitter una crypto falopa que afecto a 4 boludos que tradean crypto memes.

No es ser termo, es tener los pies en la tierra y no pensar que esta idiotez tiene impacto internacional o que le van a hacer juicio politico y derrocarlo por un tema que el 99% de los argentinos ni entiende.",0ToTheLeft,merval,9,2025-02-17 14:07:54,t1_md9w2e7,t3_1irnf4l,comment
mda00xd,"Blackrock quedo pegado en la estafa de FTX y muchas otras falopas crypto.

Una coin falopa en solana que duro 4 horas no es el mercado flaco, abri los ojos.",0ToTheLeft,merval,2,2025-02-17 14:19:06,t1_md9vacl,t3_1irnf4l,comment
mdabscn,"feriado en USA, el volumen del merval es ridiculo en dias asi, 3 boludos te mueven el precio del galpon este, no marca ningun referencia de nada en precio el merval en pesos en un dia como hoy.",0ToTheLeft,merval,3,2025-02-17 15:12:55,t1_mdaadjz,t3_1irnf4l,comment
md9ovze,"Dolar blend, hablar de compras y nunca de venta.",Ryogadrb22,merval,5,2025-02-17 13:24:40,t1_md9nrqo,t3_1irnf4l,comment
md9oa70,"las reservas netas están igual que al comienzo del gov en 2024, cada vez q compraron fueron vendiendo para mantener el dolar, solo que fueron promocionando las compras que hacían y no las ventas.  
[https://www.bcra.gob.ar/PublicacionesEstadisticas/Principales\_variables\_datos.asp](https://www.bcra.gob.ar/PublicacionesEstadisticas/Principales_variables_datos.asp)  
podes buscar por fechas acá",Great-Introduction81,merval,9,2025-02-17 13:21:40,t1_md9nrqo,t3_1irnf4l,comment
mdb5imm,Después del blanqueo debe haber mucha más guita que antes en el sistema bancario. Claramente el que sabe lo que le conviene deja los dólares abajo del colchón (a menos que los este invirtiendo).,umagon2,merval,1,2025-02-17 17:29:07,t1_mdaejna,t3_1irnf4l,comment
mda6met,Trump no los vendio como vehiculo de inversión en las empresas de USA. La moneda se abria ido al cielo y el a la carcel,Oquendoteam1968,merval,4,2025-02-17 14:49:25,t1_md9w1ls,t3_1irnf4l,comment
md9yxi5,"Estoy de acuerdo con vos. Es más, yo me imagino una caida del merval por 2 o 3 días y después una remontada lenta pero segura",ZateoManone,merval,-3,2025-02-17 14:13:56,t1_md9xnxb,t3_1irnf4l,comment
md9ya4a,"[https://bcra.gob.ar/](https://bcra.gob.ar/) dice 28 mil millones, como llegas a -10 mil millones?",ap0r,merval,2,2025-02-17 14:10:52,t1_md9ogh6,t3_1irnf4l,comment
mda5xg1,"lo hizo antes, durante y despues de ser presidente (y candidato). Y lo sigue haciendo

Esto no perjudica al pais, en todo caso es un daño a la imagen de Milei como politico, que la oposicion va a tratar de capitalizar. Es un tema netamente politico que nada tiene que ver con la economia del pais, esto no movio 1 centavo las finanzas de Argentina porque el estado no estuvo involucrado en absoluto.

Dejen de buscar parabolas catastroficas para el pais, no sean ridiculos.",0ToTheLeft,merval,4,2025-02-17 14:46:15,t1_mda57b8,t3_1irnf4l,comment
md9zf97,"Tanto trump como elon tiene multiples pump and dump en su haber. El mundo crypto es asi, lleno de estafas, Milei no es el 1er ni el ultimo politico en caer en estas boludeces.

Es vergonzoso y patetico? si, sin dudas. Pero mas que del papelon no pasa",0ToTheLeft,merval,10,2025-02-17 14:16:15,t1_md9z0mf,t3_1irnf4l,comment
mda2r7m,"No, te vas a borrar y nunca vas reconocer que no tenias razon, como me suele pasar siempre por aca. Todavia estoy esperando que vengan a pedir perdon los que me dijeron que BTC de iba a 0 y era una estafa cuando cayo a 18k.

Tengo la costumbre de tener razon con estos temas de crypto, sera que llevo muchos años en el rubro y no soy un paracaidista opinologo.",0ToTheLeft,merval,6,2025-02-17 14:31:43,t1_mda16fr,t3_1irnf4l,comment
mdg4cku,"Merval positivo, besitos en la cola! chauchis.",0ToTheLeft,merval,2,2025-02-18 13:02:28,t1_mdadzsi,t3_1irnf4l,comment
mdd7zbt,"si te vas a mandar cagadas si, si necesitas urgente inversión no",CantinPal0,merval,2,2025-02-17 23:59:51,t1_mdbog22,t3_1irnf4l,comment
mda35hd,Porque sos un gordo crypto tenés razon?,unoptimusprime,merval,2,2025-02-17 14:33:33,t1_mda2r7m,t3_1irnf4l,comment
mdg9h9p,"merval +10% arriba y bonos a la suba......PeRo La CoNFiAnZa InTeRnArCiOnAL

Ves la diferencia entre un pelotudo y alguien que entiende de mercados? Chau salamin, ponete cremita en la cola.",0ToTheLeft,merval,1,2025-02-18 13:27:15,t1_mda1m0q,t3_1irnf4l,comment
mdadpgx,"I will be messaging you in 1 month on [**2025-03-17 18:20:52 UTC**](http://www.wolframalpha.com/input/?i=2025-03-17%2018:20:52%20UTC%20To%20Local%20Time) to remind you of [**this link**](https://www.reddit.com/r/merval/comments/1irnf4l/puede_subir_el_dolar_con_el_bardo_de_la_cripto/mdadjyo/?context=3)

[**3 OTHERS CLICKED THIS LINK**](https://www.reddit.com/message/compose/?to=RemindMeBot&subject=Reminder&message=%5Bhttps%3A%2F%2Fwww.reddit.com%2Fr%2Fmerval%2Fcomments%2F1irnf4l%2Fpuede_subir_el_dolar_con_el_bardo_de_la_cripto%2Fmdadjyo%2F%5D%0A%0ARemindMe%21%202025-03-17%2018%3A20%3A52%20UTC) to send a PM to also be reminded and to reduce spam.

^(Parent commenter can ) [^(delete this message to hide from others.)](https://www.reddit.com/message/compose/?to=RemindMeBot&subject=Delete%20Comment&message=Delete%21%201irnf4l)

*****

|[^(Info)](https://www.reddit.com/r/RemindMeBot/comments/e1bko7/remindmebot_info_v21/)|[^(Custom)](https://www.reddit.com/message/compose/?to=RemindMeBot&subject=Reminder&message=%5BLink%20or%20message%20inside%20square%20brackets%5D%0A%0ARemindMe%21%20Time%20period%20here)|[^(Your Reminders)](https://www.reddit.com/message/compose/?to=RemindMeBot&subject=List%20Of%20Reminders&message=MyReminders%21)|[^(Feedback)](https://www.reddit.com/message/compose/?to=Watchful1&subject=RemindMeBot%20Feedback)|
|-|-|-|-|",RemindMeBot,merval,1,2025-02-17 15:21:33,t1_mdadjyo,t3_1irnf4l,comment
mc0hycd,"por otro lado, en caso de que aun quieras mandarlo por otro medio (o que otro venga en busqueda de información), lo mejor sería potencialmente mandar cryptomonedas. Pasa que mucha gente complica la situación igual usando cuevas con alta comision o no sabiendo usar la tecnologia.",pelado06,merval,5,2025-02-10 10:43:36,t3_1im5lzd,t3_1im5lzd,comment
mc4czmv,Crypto,External_Pollution_1,merval,2,2025-02-11 00:08:57,t3_1im5lzd,t3_1im5lzd,comment
mc1z5i8,"Lo normal es mandarte una SWIFT desde un banco local al extranjero. Posiblemente necesites que ambas cuentas bancarias estén a tu nombre? No me acuerdo si sigue vigente esa normativa. Pero es lo más normal del mundo mandar estos montos de dinero pors swift, cualquier banco debería permitirlo salvo que sean muy pobres en manejo de comex. Las comisiones suelen ser del 0.x% con un minimo entre 70 y 120 dolares.

La otra alternative es tener una cuenta en USA y operar dolar CCL y después de USA a Colombia. Y después sino crypto y etc pero es más opaco fiscalmente y con el spread de entrada y salida perderías mucho dinero.

Ahora, fijate bien la reglamentación de Colombia para recibir esos montos, en lineas generales uno no puede recibir 40 mil dolares ""porque si"" de un familiar.",BNeutral,merval,2,2025-02-10 15:18:27,t3_1im5lzd,t3_1im5lzd,comment
mc3nyr5,"Con DolarApp podes enviar sin costo a cuentas colombianas, y a una muy buena tasa de cambio",javargasp,merval,1,2025-02-10 21:48:55,t3_1im5lzd,t3_1im5lzd,comment
mc6wu51,Crypto,adry4242,merval,1,2025-02-11 12:00:59,t3_1im5lzd,t3_1im5lzd,comment
mca418d,Comprá crypto y no transfieras nada.,Brilliant-Parfait-12,merval,1,2025-02-11 21:11:13,t3_1im5lzd,t3_1im5lzd,comment
mcaishk,El mayor problema lo tiene en Colombia. Porque ahí tiene que justificar de dónde salió ese dinero. A mi hace 3 años en el banco davivienda por una trasferencia desde USA al banco me pidieron hasta el ADN de la persona que me transfirió (tenga en cuenta que en Colombia se ponen más nerviosos por el lavado de dinero) y eran 2250dls…yo lo que hago ahora es enviar por medio de DolarApp Argentina a DolarApp Colombia y Que Ella se Los vaya pasando de a poco a la cuenta de banco de Colombia.,Careless_Fun_6849,merval,1,2025-02-11 22:32:14,t3_1im5lzd,t3_1im5lzd,comment
mchnm4s,"El tema es que te van a pedir tener esos fondos en blancos y quiza si hablamos de colombia sonaste, te van a tildar de una de narco.",FuaOtraCuentaMas,merval,1,2025-02-13 00:20:27,t3_1im5lzd,t3_1im5lzd,comment
mc1h8zj,"Tenés cuenta en dólares en Colombia a tu nombre? Sería como transferir tus dolares de cuenta a cuenta, no habría problemas,",[deleted],merval,1,2025-02-10 13:52:38,t3_1im5lzd,t3_1im5lzd,comment
mc4819b,Bitcoin solve this,Commercial_Ruin1063,merval,0,2025-02-10 23:40:59,t3_1im5lzd,t3_1im5lzd,comment
mc1uyj8,"La cuenta está a nombre de mi vieja, la casa va a quedar a nombre mío con ella de usufructo vitalicio, los dólares los tengo en efectivo y en blanco",MiguelAngeloac,merval,1,2025-02-10 14:58:26,t1_mc0y1km,t3_1im5lzd,comment
mc3o97t,"El paso a paso sería:

Te creas la cuenta en DolarApp, Recargas con tu cuenta argentina, Cambias a dólares, Agregas la cuenta colombiana de tu mamá como destinatario, Envías los dólares que se convierten a pesos colombianos",javargasp,merval,1,2025-02-10 21:50:34,t1_mc3nyr5,t3_1im5lzd,comment
mcai8w3,"El tema de los verdes es irrelevante en Colombia porque las propiedades se negocian en pesos, el asunto no es allá, allá la operatoria es muy sencilla, el tema es transferir desde aquí",MiguelAngeloac,merval,1,2025-02-11 22:29:12,t1_mc8lzxg,t3_1im5lzd,comment
mc1xyi4,"Si, 40.000 dolares, la comision es de 125 USD. Recomendaría dejar las drogas antes de hablar de pobreza mental.",BNeutral,merval,35,2025-02-10 15:12:49,t1_mc121y5,t3_1im5lzd,comment
mc1kncg,"El tema es como demuestra tu madre que ese dinero es blanco allá , porque la operatoria en crypto es bastante simple.
Tu madre se abre un Rabby o Metamask le transferís unos POL para probar si se  maneja y si sí, le transferís las stablecoins. Luego puede hacer P2P por Paydece.
También averiguar si le aceptan stablecoins...sería más simple!
 Acá ya hay gente que acepta cryptos en operaciones inmobiliarias",Vegetable_Wolf6194,merval,3,2025-02-10 14:08:59,t1_mc0itmz,t3_1im5lzd,comment
mc67j5c,"??? Estás del orto man.

Por otro lado, hacer una transferencia no debería costar 125 USD es una GUASADA. Aguante crypto.",-riddler,merval,3,2025-02-11 09:27:54,t1_mc224v6,t3_1im5lzd,comment
mc0xqza,te garchan con el cambio si haces eso. Podes hacer P2P para que te llegue pero no es igual a transferirtelo de tu cuenta a tu cuenta. Ni hablar de si tenes dolares.,pelado06,merval,0,2025-02-10 12:15:35,t1_mc0voml,t3_1im5lzd,comment
mc10110,"el fee es de 1%, es alto por la comodidad pero si hiciste profir 1% no es mucho en crypto al final. El cambio es un poco mas que el mep, pero es igual a cualquier otro exchange. 

Ahora si es para cobrar el sueldo si es caro, hay otras opciones que tienen el fee fijo",chantts,merval,2,2025-02-10 12:27:30,t1_mc0xqza,t3_1im5lzd,comment
mckug2u,"Bienvenido! En general los posts de ""tengo X y quiero invertir"" o ""por donde empezar a invertir?"" son muy comunes y muy repetitivos. Las respuestas son siempre mas o menos las mismas y no aportan a subir la calidad del sub por su naturaleza, ademas de que suelen ser poco completas porque solo son recomendaciones sueltas que NO es lo que debería estar recibiendo alguien que recién arranca en el mundo de las inversiones.

Por esto, desde la moderación solemos cerrar este tipo de threads cuando se vuelven muy repetitivos y recomendarle a los usuarios los siguientes tips:

1. Leer las [guias para principiantes](https://www.reddit.com/r/merval/collection/e6a7524c-6445-470e-a2b1-2246387c0c15/) (usar new reddit para ver bien los posts).

2. Leer posts anteriores de [PRIMEROS PASOS](https://www.reddit.com/r/merval/search?q=flair_name%3A%22PRIMEROS%20PASOS%22&restrict_sr=1).

3. Leer la [wiki](https://new.reddit.com/r/merval/wiki/index).

4. Usar el buscador para ver si la consulta ya fue tratada.

5. Usar el [THREAD DE CONSULTAS DIARIAS](https://www.reddit.com/r/merval/?f=flair_name%3A%22CONSULTAS%20BASICAS%22) para evacuar consultas puntuales que no ameritan un thread.

6. Usar el filtro de [TUTORIALES](https://new.reddit.com/r/merval/search?sort=new&restrict_sr=on&q=flair%3A%22TUTORIALES%22) para encontrar guías aprobadas sobre distintas temáticas.

Suerte!",merval-ModTeam,merval,1,2025-02-13 14:07:37,t3_1iojlul,t3_1iojlul,comment
mcjujyv,"si, te conviene un fci.",Hot-Decision4957,merval,12,2025-02-13 11:08:12,t3_1iojlul,t3_1iojlul,comment
mck2xqi,Viendo tu situación en particular te recomendaría dejar el dinero en un FCI de money market.  Bajo riesgo y liquidez.,justhereforcuriosity,merval,4,2025-02-13 11:54:40,t3_1iojlul,t3_1iojlul,comment
mck8e7f,"si, fci si sos conservador.",campesinoProgramador,merval,1,2025-02-13 12:22:48,t3_1iojlul,t3_1iojlul,comment
mckbdam,"Sí, después que arme la cartera de trolas como quiera.",ObiFlanKenobi,merval,3,2025-02-13 12:37:30,t1_mcka4ll,t3_1iojlul,comment
me53eck,"No creo que te reintegren mucho, probablemente nada, en la parte de import fees, que son los impuestos, antes era mucho más alto, y quizás pagaban menos de impuestos aduaneros y luego se un tiempo te devolvían la diferencia. Ahora es bastante menos, si no me equivoco, el 21% como el IVA, entonces ni hay que estar adivinando. 

Con respecto al dólar MEP, tenés que usar una tarjeta de crédito a la que tenés que hacer stop debit, y depositar los dólares (pagar la tarjeta unos días antes del vencimiento) que compraste en el MEP. También podes con débito, solo tenés que asegurarte que las compras internacionales de las descuenten de la caja de ahorros en dólares. Tené en cuenta que recién te cobran cuando te lo mandan, no es en el momento que confirmas la compra (pueden llegar a ser un par de semanas después)",zone,merval,3,2025-02-22 07:02:49,t3_1ivb3p7,t3_1ivb3p7,comment
me7xgga,"this. y algunos por ahi son medio nabos y no compran en amazon porque dicen ""ay que barbaro mira lo que te cobran de impuestos"". y si hermano pero si miras en mercadolibre vas a encontrar el mismo producto pero al triple.",hjf2014,merval,0,2025-02-22 16:55:35,t1_me7u06x,t3_1ivb3p7,comment
mcx2x9e,Se discutió acá tambien: [https://www.reddit.com/r/merval/comments/1ipypxd/cu%C3%A1l\_es\_el\_impacto\_del\_rug\_pull\_de\_libra/](https://www.reddit.com/r/merval/comments/1ipypxd/cu%C3%A1l_es_el_impacto_del_rug_pull_de_libra/),HwanZike,merval,1,2025-02-15 13:06:25,t3_1iq09k1,t3_1iq09k1,comment
mcw5l15,"Es un quilombito de twitter. Esto va a tener repercusión en los medios y en los debates parlamentarios seguramente usen esto para agitarla. En una semana va a pasar algo superador bueno o malo, de parte del gobierno o la oposición, estamos en Argentina después de todo.

En cuanto al mercado, no creo que pase nada, por ahí tenés alguna movida el lunes relativamente chica pero nada que el martes no esté como estaba, siempre hay un grupo de gente que tiene plata pero no tiene idea de lo que hace y compra/vende por motivos medio meme. Por ejemplo NVDA, ya está en 138 y estaba en 116. Personalmente me jijee y lamenté no haber tenido más liquidez para hacerme una monedita.",ThatAmazingHorse,merval,21,2025-02-15 09:43:11,t3_1iq09k1,t3_1iq09k1,comment
mcwd0k5,"Primero debemos aclarar que la bolsa no tiene nada que ver con la politica y economia aunque parezca ilogico. Te puedo dar muchisimos ejemplo, ya que el bull market argento comenzo en la presidencia dw Alberto, el bull market aleman donde tiene su politica y economia destruida y su bolsa en maximos, etc etc etc.

Dicho esto, los mercados se mueven por narrativas y sentimientos ""confianza"".

Es decir, los mercados se adelantan a lo que pasara en el futuro. Milei cometio varios delitos, esta prohibido por ley promocionar un proyecto mientras ejerce un cargo publico. Trump cuando lanzo su meme, lo hizo antes de que asuma su cargo publico.

Es decir, Milei puede ir preso, no esta mentalmente capacitado para ser presidente, estafo a la gente y no es la primera ves. Esto puede generar desconfianza en la gente y por ende en los mercados y de la desconfianza viene la narrativa.

Biden por ejemplo, estaba re loquito, hablaba con la pared, tenia amigos imaginarios pero no piso el palito.

Bajo mi punto de vista y lo vengo diciendo desde hace rato, independiente lo que haga Milei, el bear market mundial comenzara entre finales 2025, principio 2026, ahora el mercado argentino tiene una ""excusa"" para justificar la caida y caer al abismo. Los mini warren buffett van a sufrir",Firm_Translator_8623,merval,4,2025-02-15 10:37:25,t3_1iq09k1,t3_1iq09k1,comment
mcw5xiv,"No creo que afecte al mercado, pero definitivamente la imagen del presidente si se va a ver muy afectada. Porque no fue una movida se hdp, quedó como un boludo, y eso es peor.",SimilarBeautiful2207,merval,3,2025-02-15 09:45:56,t3_1iq09k1,t3_1iq09k1,comment
mcw7epo,"Lo único que te digo. Que con todos estos loquitos dando manija al merval, y el récord de apertura de cuentas comitentes en Argentina registrado en estos últimos 2 años, prepárate, porque cuando caigamos el 2001 va quedar chico al lado del colapso bursátil y especulativo que vamos a vivir en la Argentina post Milei.

Ojalá no sea así, pero con la radicalización ideológica de hoy en día, siento que después de un milei no va ganar un peronista, va ganar un negro zurdo, ambientalista transgénero, hijo de un matrimonio gay de religión menonita anti mercado y se van a comer el pijazo de sus vidas.",Ok-Investment944,merval,-4,2025-02-15 09:57:22,t3_1iq09k1,t3_1iq09k1,comment
mcw4jn2,"Dudo que sea neutro frente a las potenciales entradas de capital el hecho de tener al mando a un crédulo o a un scammer. Si fuera así, o bien el mercado ya internalizó que esas entradas no existirán, o bien que es un pelele que más allá del circo de las redes y la batalla cultural no corta ni pincha y lo que mueve la aguja es su entorno.",nnenneplex,merval,2,2025-02-15 09:34:39,t1_mcw3tu8,t3_1iq09k1,comment
mcwuwus,"> Primero debemos aclarar que la bolsa no tiene nada que ver con la politica y economia

Entonces lo del lunes después de las PASO 2019 qué fue?",szkasin,merval,4,2025-02-15 12:24:10,t1_mcwd0k5,t3_1iq09k1,comment
mcwsk7j,"sumale que no es cualquier usuario de Twitter, es el presidente. más allá de la intención esto no pasa desapercibido para los inversores. Un país que está negociando un préstamo con el FMI y necesita credibilidad en los mercados no se puede dar el lujo de que su presidente ande promocionando una shitcoin. Eso puede afectar la confianza, influir en la percepción del riesgo país y, en consecuencia, golpear bonos y acciones en el Merval. No es solo 'una cosita de Twitter', por lo menos asi lo veo",juanchi74,merval,2,2025-02-15 12:11:15,t1_mcwqvg5,t3_1iq09k1,comment
mcw6iki,"Explicando que le vendieron un príncipe nigeriano y tardó horas en darse cuenta. Si el lunes no pasa nada es porque los que juegan ya descontaron eso. No necesariamente me doy manija, pero por una cuestión de descarte es un boludo o un estafador, y para el mercado el tipo es irrelevante o no. Pronto se verá.",nnenneplex,merval,-2,2025-02-15 09:50:32,t1_mcw5v0g,t3_1iq09k1,comment
mcw94q2,"\> Dudo que sea neutro frente a las potenciales entradas de capital el hecho de tener al mando a un crédulo o a un scammer. Si fuera así, o bien el mercado ya internalizó

Estoy diciendo que si fuera neutro es porque ya está cargado en precios, que de por sí que se destape la inmoralidad o la ineptitud de un líder no debería ser neutro. Igual, ya me cansé. Saludos.",nnenneplex,merval,0,2025-02-15 10:10:18,t1_mcw8nxa,t3_1iq09k1,comment
me6vplk,"Si, seria arbittaje. Puedes comprar mep y vender a blue o usdt. El usdt  esta mañana estaba a 1235. Con 1000 dolares, sacarias con comisiones y todo, 36 mil pesos por vuelta por ahi. En 3 vueltas con 1000 dolaritos serian mas de 100k pesos.

Algo es algo",Firm_Translator_8623,merval,3,2025-02-22 13:56:11,t3_1ivlz8a,t3_1ivlz8a,comment
me9kdh4,"Si, conviene hacer el arbitraje y guardar un poco para la devaluación que inevitablemente va a pasar.",Working-Plantain-708,merval,1,2025-02-22 22:09:38,t3_1ivlz8a,t3_1ivlz8a,comment
me93e6r,"No es inversión, no importa cuanto tiempo pase.",Choriciento,merval,12,2025-02-22 20:34:26,t1_me7rz4l,t3_1ivlz8a,comment
mefmidm,"No es inversión, por que seguís teniendo la misma cantidad de usd, incluso si miras la inflación yankeee, perdés un poco",MayonesaCasera,merval,4,2025-02-23 21:10:10,t1_me7rz4l,t3_1ivlz8a,comment
me7s524,"I will be messaging you in 6 months on [**2025-08-22 19:28:55 UTC**](http://www.wolframalpha.com/input/?i=2025-08-22%2019:28:55%20UTC%20To%20Local%20Time) to remind you of [**this link**](https://www.reddit.com/r/merval/comments/1ivlz8a/conviene_invertir_en_dólar_mep/me7rz4l/?context=3)

[**1 OTHERS CLICKED THIS LINK**](https://www.reddit.com/message/compose/?to=RemindMeBot&subject=Reminder&message=%5Bhttps%3A%2F%2Fwww.reddit.com%2Fr%2Fmerval%2Fcomments%2F1ivlz8a%2Fconviene_invertir_en_d%C3%B3lar_mep%2Fme7rz4l%2F%5D%0A%0ARemindMe%21%202025-08-22%2019%3A28%3A55%20UTC) to send a PM to also be reminded and to reduce spam.

^(Parent commenter can ) [^(delete this message to hide from others.)](https://www.reddit.com/message/compose/?to=RemindMeBot&subject=Delete%20Comment&message=Delete%21%201ivlz8a)

*****

|[^(Info)](https://www.reddit.com/r/RemindMeBot/comments/e1bko7/remindmebot_info_v21/)|[^(Custom)](https://www.reddit.com/message/compose/?to=RemindMeBot&subject=Reminder&message=%5BLink%20or%20message%20inside%20square%20brackets%5D%0A%0ARemindMe%21%20Time%20period%20here)|[^(Your Reminders)](https://www.reddit.com/message/compose/?to=RemindMeBot&subject=List%20Of%20Reminders&message=MyReminders%21)|[^(Feedback)](https://www.reddit.com/message/compose/?to=Watchful1&subject=RemindMeBot%20Feedback)|
|-|-|-|-|",RemindMeBot,merval,3,2025-02-22 16:29:43,t1_me7rz4l,t3_1ivlz8a,comment
md5ifs1,"Un amigo me hizo rugpull

2 años ayudandome a hacer guita(lo normal, cosas con interes compuesto y pavadas) y un dia me pide 10 usd(600 pesos) para meter en publipaid y comprar clicks y no se que. Me lo devuelve al toque. Despues me dice que se hizo cajero de la pagina, que gana con cada venta que hace. Me pide 200 usd, y aprovechó lo del cepo de Alberso saga para vueltearme con devolverme la plata y despues se borró

Pero 200 usd no es mala ""inversion"" para deshacerme de un hdp asi de mi vida",Fair_Equivalent_4427,merval,32,2025-02-16 19:48:37,t3_1ir1u4m,t3_1ir1u4m,comment
md597vl,"En 2017 estaba minado eth y había una moneda qué podías minar con el mismo programa sía coin, que era como un sistema de información en la nube usando tu disco y te pagaba en esa moneda. Osea podías minar a la par. Así que estuve minando un tiempo y había juntado como 100k de unidades de la moneda. Más o menos valía 0.003 centavos cada una. En enero de 2018 una mañana de la nada un amigo que también minaba me avisa que estaba subiendo muy fuerte. Nos pusimos a ver y dijimos Chau si llega a 0.10 vendemos y ganamos banda. Nunca llegó, cuando tocó los 0.08 cayó re zarpado.

Perdimos al final la oportunidad de salir ganando y lo que teníamos termino devaluada como en la mitad por mucho tiempo.

Ah y con luna no caí, me paso lo contrario compre luna cuando estaba por el piso. Metí unos 10 dólares para boludear y saque como 120 cuando recuperó unas semanas después.",Signy_,merval,10,2025-02-16 19:00:08,t3_1ir1u4m,t3_1ir1u4m,comment
md55tlk,"Me pasó una banda de veces amigo jaja, antes no había tanta difusión del tema crypto, pero nunca me pasó por algún influencer o boludeces así, si no en proyectos medio suicidas cuando todo empezó.. 
Después aparecieron las certificaciones,auditorias, las validaciones y bueno cambio las cosas un poco..
Antes era como una lotería jaja",[deleted],merval,10,2025-02-16 18:42:54,t3_1ir1u4m,t3_1ir1u4m,comment
md5nljq,"Me comí uno en 2021, con un juego NFT que se llamaba crypto cars. Pintaba bien, habian armado un ecosistema lindo, el roadmap se veia prometedor y el modelo económico se veia sostenible. Puse cerca de 800 dolares, la cosa crecio hasta unos 1300 dólares y como un boludo en lugar de tomar ganancias holdee. De un dia para el otro la plataforma cerró los retiros, minteó una cantidad ridicula de tokens multiplicando el max supply por 100 y ""recompraron"" todos los activos del juego con los tokens minteados, que obviamente pasaron a valer una centesima parte de lo que valían. Una semana después cerraron la plataforma, dieron de baja todas las cuentas de redes sociales, discord, canales de telegram, etc.

800 dolares salió la lección.",GordoMondiola,merval,9,2025-02-16 20:17:00,t3_1ir1u4m,t3_1ir1u4m,comment
md5nm14,"Sep, varias, las dos que recuerdo:

HectorDAO

UnusDAO

En una epoca si seguias al gil chileno que crypto emprende o algo asi el vago te metia en un rugpull todas las semanas, no se como no esta en cana.

En ninguno perdi realmente guita y de hecho en Hector sali con ganancias pero eran todos proyectos turbina, pleno 2021 o por ahi",Appropriate_Sort1591,merval,3,2025-02-16 20:17:04,t3_1ir1u4m,t3_1ir1u4m,comment
md58plh,"Perdí casi 670mil con la crypto de la ardilla (PNUT). Bajó un poco y creí que iba a subir de nuevo así que compré, pero se desplomó.",Low-Concentrate2162,merval,3,2025-02-16 18:57:31,t3_1ir1u4m,t3_1ir1u4m,comment
md5fzsy,No soy del mundo crypto pero con todo esto me surge una duda: qué pasa luego del rug-pull? Seguís teniendo el token aunque no valga nada? Alguna vez puede recuperar algo o sencillamente desaparece de tu wallet?,Lele_Chemical,merval,4,2025-02-16 19:35:32,t3_1ir1u4m,t3_1ir1u4m,comment
md5ct3y,"Obvio, cada tanto veo una moneda que está interesante y le meto unos dólares, y obvio que el 99% sale mal",throwaway275275275,merval,2,2025-02-16 19:18:41,t3_1ir1u4m,t3_1ir1u4m,comment
md5cuwy,"No pero si compré rose a 45 centavos de dólar y también compre gala. Aprendí mucho sobre no comprar altcoins.

Por suerte no caí en los NFT",Giorgio-1991,merval,2,2025-02-16 19:18:56,t3_1ir1u4m,t3_1ir1u4m,comment
mdb4mui,"Si, Luna! Ahí aprendí que salvo BTC todo lo que sea un ""proyecto"" es una estafa y BTC tampoco debería representar nunca más del 10% de una cartera diversificada de acciones y bonos",LocksmithEven4085,merval,2,2025-02-17 17:24:56,t3_1ir1u4m,t3_1ir1u4m,comment
mdnk0xg,No porque no timbeo. Estadísticamente tenes mejores chances en el casino que operando desquiciadamente en crypto.,pirrorri,merval,2,2025-02-19 15:05:26,t3_1ir1u4m,t3_1ir1u4m,comment
md50lyi,"Ma' vale papá ... El que no cayo nunca en nada similar  que tire la primer piedra ... Jajaja


Bueno hoy por hoy es complejo por si que hay data información en mis tiempos pindonga... Nadie sabía que era una puta crypto


Y mira te soy sincero  caí tantas  Pero tantas veces en cosas similares camufladas que eso fue el impulso a tratar de buscarle la vuelta a como recuperar todo aprendiendo gráficas ( y me volvieron a ca**r ) jaja.

Pero aprendí al fin 

El dicho dice: de los errores  se aprende",adry4242,merval,5,2025-02-16 18:16:53,t3_1ir1u4m,t3_1ir1u4m,comment
md550rd,USDC cuando prometían el 20%. Me embocaron un pucho de 700 dólares. Al tiempo devolvieron cerca de 200.,Se7enDoorS,merval,1,2025-02-16 18:38:55,t3_1ir1u4m,t3_1ir1u4m,comment
md6185i,"si, aunque no tan obvios claro. Cryptocars fue un rugpull por ejemplo, prometiendo un juego que era mas que obvio que 3 indios no iban a poder cumplir. Entré con 120 usd, me fui con 4000. Bastante rentable. Tambien perdí con plants vs undead, ahi fue 200 usd de perdida",Comento_Boludeces,merval,1,2025-02-16 21:32:34,t3_1ir1u4m,t3_1ir1u4m,comment
md6c5sm,"Me hice rugpull a mi mismo entre 2015 a 2018 aprox.

Hace años laburaba en una empresa de forma remota y nos daban bonificaciones en un dinero digital divertido que no valía nada, pero como era una startup innovadora, pachamamesca y coso les pintó.

En algún momento acumulé bastante dinero divertido y aprendí a cambiarlo por otro dinero divertido con un poquito más de valor, aún siendo relativamente poco.

Después de gastar el segundo dinero divertido en cosas intangibles (una key de minecraft, hosting, dominios, vps) que era casi lo único que se podía comprar justo van y durante 2016/2017 habilitan en Steam un medio de pago divertido y digital donde usar esta segunda moneda virtual divertida.

Me gasté lo último que me quedaba de dinero divertido en juegos de steam, se me viene el recuerdo de comprar rust alpha o beta, no sé en qué estado estaba.

El primer dinero divertido fue Ethereum. El segundo era Bitcoin.

En algún momento compré dogecoin xq usaban una canción muy pegajosa de dunderpatrullen, to the moon en su ""marketing"" y la gente comoraba por diversión, parecía muy estúpido hacerlo. Wow, much money, very digital.

No perdí sumas astronómicas de dinero, solo parece mucho dinero si calculás el valor de lo que gasté vs holdearlo hasta su valor máximo o ahora.

Nunca compré memecoins fuera de doge y nunca fue por ganar plata, sonaba tan estúpido que nos resultaba divertido.

Creo que jamás compré ninguna cosas que no fuera USDT/USDC después que se volvieran más mainstream las crypto.",ThatAmazingHorse,merval,1,2025-02-16 22:35:30,t3_1ir1u4m,t3_1ir1u4m,comment
md6l7u6,"No un crypto pero me comí el verso del SPAC de los autobuses electricos de Proterra y se fueron a la bancarrota. Después separaron la compania, todos los insiders ganaron plata y los retail traders nos fuimos al carajo.",OliverAtom,merval,1,2025-02-16 23:28:24,t3_1ir1u4m,t3_1ir1u4m,comment
md8ecxw,No compro boludeces. Prefiero la economía real y no tengo ganas de estar todo el día atento a las noticias.,Zoopexz,merval,1,2025-02-17 08:35:59,t3_1ir1u4m,t3_1ir1u4m,comment
mdudl79,"Si vivís en cualquier país que sufrió hiperinflación, técnicamente estuviste en un rug pull",CccaamiloO,merval,1,2025-02-20 15:16:30,t3_1ir1u4m,t3_1ir1u4m,comment
md66ie5,"Había una época hace varios años que había proyectos por todos lados y uno timbeaba shitcoins. Varias ruggeaban, otras andaban. Hice unos mangos shorteando XRP cuando la demandaron, hice buena guita con pancake con su dex falopa (me acuerdo que salí con 600 dolares pero no me acuerdo si meti 10 o 100), otras tantas monedas quedaron en la nada, de la únicas que me acuerdo porque no parecia full shitcoin pero termino en la nada fue de RSR.

Comprar tokens es una mezcla de ""inversor en startups $2"" y timbear en el casino igual, el que piense que va a comprar una shitcoin random y hacer un x100 sin un 99.9% de chances de perderlo todo, está medio perdido.

Hoy en día ando más preocupado por ""no perder dinero"" que por andar en inversiones de alto riesgo con retornos falopa, acordemente a como ha mejorado mi situación financiera. Además es una paja impositiva lo de las shitcoins.

Y bue, después mi viejo tenía guita en la AFJP y los rugpulleo el gobierno, igual que con el corralito y con el bonex. Ah también habia comprado acciones de grupo SEVEL y no se que quiebra/venta hicieron que el no supo operar el cambio de titulo y los perdió. Y de bonos defaulteados ni hablemos.

Ah, y en tema acciones, había comprado un pucho de BIOR cuando escuche que la reestructuraban a modo timba, pero termino en $0 basicamente.",BNeutral,merval,0,2025-02-16 22:02:33,t3_1ir1u4m,t3_1ir1u4m,comment
md7caxn,No porque no soy imbecil (no manejo crypto),b14ck_jackal,merval,0,2025-02-17 02:29:47,t3_1ir1u4m,t3_1ir1u4m,comment
md5dmve,"*Mi historia de terror con $LIBRA*

Recuerdo el día que descubrí $LIBRA como si fuera ayer. Era una memecoin que había surgido de la nada y estaba ganando popularidad en las redes sociales. Todos hablaban de ella, decían que era la próxima gran cosa, que iba a revolucionar el mundo de las criptomonedas.

Me picó la curiosidad y decidí investigar un poco más. Leí artículos, vi videos y hablé con otros inversores. Todos parecían estar de acuerdo en que $LIBRA era una excelente inversión.

Así que, con la confianza de que estaba haciendo lo correcto, decidí invertir una parte de mis ahorros en $LIBRA. Compré 1000 tokens a un precio de $0.50 cada uno.

Al principio, todo parecía ir bien. El precio de $LIBRA subió un poco, y me sentí emocionado de haber tomado la decisión correcta. Pero entonces, de repente, el precio comenzó a caer. Y no solo un poco, sino que se desplomó.

Me enteré de que los creadores de $LIBRA habían organizado una rugpull, una estafa en la que los desarrolladores de una criptomoneda desaparecen con los fondos de los inversores después de haber creado una falsa expectativa de valor.

Me sentí estafado, engañado. Había perdido todo mi dinero, y no había nada que pudiera hacer al respecto. La comunidad de $LIBRA se había desvanecido, y los creadores habían desaparecido con los fondos.

Aprendí una lección muy valiosa ese día. La codicia y la falta de investigación pueden llevar a consecuencias desastrosas. Nunca más volveré a invertir en una criptomoneda sin hacer una investigación exhaustiva y sin entender los riesgos involucrados.

La experiencia me dejó un sabor amargo, pero también me enseñó a ser más cauteloso y a no dejar que la emoción me nuble la razón.",benditormenta07,merval,-2,2025-02-16 19:22:59,t3_1ir1u4m,t3_1ir1u4m,comment
md8gq6p,"Exacto, ya cuando la info se filtra hacia nosotros los inversores comunes, por la general ya es demasiado tarde.",nik045,merval,12,2025-02-17 08:57:21,t1_md5cwmh,t3_1ir1u4m,comment
md8yc9y,"Me hiciste acordar a algo que me dijo mi viejo cuando se metio en el tema inversiones por primera vez (parafraseando )""hay que ir a lo seguro portel que trata cosas arriesgadas y después hace mucha plata nunca vamos a ser ni vos ni yo. El que compra a dos pesos y vende a 100 es uno y los boludos que pierden son 10k""",Deathsroke,merval,6,2025-02-17 11:02:55,t1_md5cwmh,t3_1ir1u4m,comment
md5o8um,"Yo me metí en la OG de las memecoins, DOGE, a poco de salir. Cuando pasó lo de WSB con Gamestop los del subreddit de DOGE creyeron que podían hacer lo mismo y empezaron a comprar como locos sin entender que no tenían un mecanismo subyacente similar que pudiera disparar el precio (no había shorters a quienes forzar a comprar). Vi el writing on the wall y vendí. 

Me hice de un par de decenas de miles de USD gracias a eso. Me sentí un genio de las finanzas, aunque francamente estoy muy, pero muy lejos de serlo. Pero bueno, alguna vez me tocaba ser tuerto en el mundo de los ciegos.",jungle,merval,19,2025-02-16 20:20:37,t1_md4zurj,t3_1ir1u4m,comment
md5nyga,">Ah y con luna no caí, me paso lo contrario compre luna cuando estaba por el piso. Metí unos 10 dólares para boludear y saque como 120 cuando recuperó unas semanas después.

Yo hice lo mismo con Luna, me acuerdo poner tipo 100 dólares para timbear y sali con casi 300",GordoMondiola,merval,1,2025-02-16 20:19:00,t1_md597vl,t3_1ir1u4m,comment
md8t2kz,"Le metí pero perdí poco en esa, la clave siempre es sacar tu inversion iniciial y timbearte el profit, pero nos solemos poner greedys, hoy por hoy igual ni entro a shitcoins, los rugpull antes duraban un par de días ahora no sobreviven ni horas, todo murió con los grupos privados de telegram que tenias que pagar para entrar y ser de los primeros en comprar, te chorean dos veces, al entrar al grupo y al comprar el token...",Matkossj,merval,3,2025-02-17 10:29:55,t1_md5nljq,t3_1ir1u4m,comment
md8mc4o,Con CryptoCars me hice la casa,BarklightCh,merval,1,2025-02-17 09:42:56,t1_md5nljq,t3_1ir1u4m,comment
md567hb,"Yo los que conozco que se hypearon un toque pero no les metieron un peso son gente que no invierte pero se mete con los jueguitos crypto que te ""regalan"" plata por jugar. 

Tenían medio pie adentro porque habían ido a escanarse el hoyo por lo de las world coins.",63n_,merval,3,2025-02-16 18:44:50,t1_md4xky9,t3_1ir1u4m,comment
md5v1c4,"En realidad la adopción de cryptos en Argentina es bastante alta en relación a otros países, pero no es tanta la gente que se mete en tokens de alto riesgo",Vegetable_Wolf6194,merval,2,2025-02-16 20:58:37,t1_md4xky9,t3_1ir1u4m,comment
md5wjp7,"No tenías que guiarte por nadie , sino analizar el contrato del token. Nunca pareció una buena inversión, sí una oportunidad de especular. Cuando es así, no hay que ser avaro y salir a tiempo.
Los creadores no desaparecieron, vendieron muchos tokens de golpe.",Vegetable_Wolf6194,merval,1,2025-02-16 21:06:57,t1_md5dmve,t3_1ir1u4m,comment
md66ydx,"Bueno, de lejos se veia que era medio asi. Comia arroz todo el mes y la poca guita que tenia la invertia. A la señora y la hija no le compraba nada, ni las sacaba a pasear, ni se iba de viaje, todo iba para pagar su curso de no se que de aduanas(otra flag) y sus inversiones

Cuando me bloqueó, el estaba en portugal. Y la señora se habia mudado, le escribí a ella pero no supo que decirme, que el tipo se habia ido de viaje por 6 meses por laburo. Como se que ella no veia ni un peso de ahi, decidi optar por no hacerme mas mala sangre. La dejé ahi. Es un pobre tipo que algun dia las va a pagar en vida, cuando caiga en alguna o por cuestiones de la vida algo le pase. No era ningun genio asi que dudo este viviendo la gran vida",Fair_Equivalent_4427,merval,13,2025-02-16 22:05:08,t1_md63wf1,t3_1ir1u4m,comment
md53ubl,"Han de ser los elegidos. Quien nunca se llevó un garrón ( y se metió al mundo de las finanzas ) es un agraciado.

No normalizo nada . Me chupa una p**ja la política , de hecho ni voté ... y si ! son cosas que pasan si NO ESTAS ""BIEN INFORMADO"" , Normal",adry4242,merval,-2,2025-02-16 18:33:01,t1_md52t6d,t3_1ir1u4m,comment
md8sc0h,"Boludo, tenía 3 jade cuando valía como 700c/y y después se fue a 40 dólares tenía 2500usd y terminé con 120.",Gabothecenturion,merval,2,2025-02-17 10:25:07,t1_md8s67k,t3_1ir1u4m,comment
md9djvo,Si bajan Pampa e YPF voy a comprar más ,Filthy-Pirate-6342,merval,21,2025-02-17 12:27:54,t3_1irlfk4,t3_1irlfk4,comment
md98vna,"Yo me salí a mitad de enero y me fui con buena ganancia.

Para mi está todo sobrecomprado aún a estos precios.

Energéticas eran muchos de los papelitos que tenía y creo que si la guerra de Ucrania termina van a corregir más fuerte que el resto.

Yo me guardaría un rato con las acciones argentinas (excepto BIOX)",arlistan,merval,34,2025-02-17 12:03:30,t3_1irlfk4,t3_1irlfk4,comment
md97gay,"Todo depende de tu estrategia. No operes por operar o sin estrategia.

Y depende tambien de como tengas tu cartera armada.

Si no tenes nada en Acciones Argentinas y vas a largo plazo puede ser una buena idea comprar hoy un poco (30 / 40% de todo lo que quisieras comprar) y el resto esperar para promediar si el mercado sigue corrigiendo.

La realidad es que todavia esta en niveles logicos despues de la suba que vimos. 
Ademas las proyecciones para Argentina siguen siendo buenas por ahora",UniversityWorldly199,merval,12,2025-02-17 11:55:43,t3_1irlfk4,t3_1irlfk4,comment
md98ona,"Recién me despierto che...
No tengo nada en Argentina, bueno excepto YPF. 
Posta es algo tan notorio? Encima faltan los yankees

Edit:
... acabo de ver una nota que lo denunciaron en el fbi?????",9acca9,merval,12,2025-02-17 12:02:27,t3_1irlfk4,t3_1irlfk4,comment
md9erzc,¿Ahora? Hace dos meses que veo caer varias acciones. Yo salí algo tarda. Ahora no tengo acción argentina alguna. CEDEAR y algunos bonos. Lo que estoy viendo que algunos CEDEAR chinos vienen bien.,Real_Barracuda_6851,merval,8,2025-02-17 12:34:10,t3_1irlfk4,t3_1irlfk4,comment
md9nakg,"Todos los robotitos/tarotistas están esperando que el MERVAL llegue a la media de 100, esa va a ser la gran oportunidad de compra.

Yo sigo haciendo DCA, por lo pronto no tengo un mango líquido ni otros activos que me interese mover.",elrond_lariel,merval,3,2025-02-17 13:16:46,t3_1irlfk4,t3_1irlfk4,comment
md9x9ww,Unas ganas de comprar YPF a 30 dolarucos tengo... jajaja,Frandaero,merval,3,2025-02-17 14:05:59,t3_1irlfk4,t3_1irlfk4,comment
md97ja3,Vendi todo. Hasta los bonos. A ver si me rugpullea tambien ahi.,wishmaster2000,merval,24,2025-02-17 11:56:11,t3_1irlfk4,t3_1irlfk4,comment
mda6u69,"Teoria 1: El presidente es un pelotudo y apoyo un shitcoin de solana y se dio cuenta de la cagada 5 horas despues y lo hizo antes de la reunion con el fondo monetario donde lo corren de izquierda y derecha por suprimir el tipo de cambio artificialmente en medidas monetarias ponzistas estilo martinez de hoz.

Teoria 2:El presidente tiene IQ de 150 y quiere que le hagan juicio politico para que el carry trade peso usd explote apenas lo rajan tirandole la culpa la oposicion.

Teoria 3: El presidente tiene IQ de 130 y es un martir y hace esto porque el FMI no le presta guita y tiene que justificar una megadevaluacion porque no llega a las elecciones si una hamburguesa de burger king va a costar 45 usd con la actual politica monetaria y esta tan chapita que lo hace para salvar su causa a costa de que le hagan juicios a su persona.

Teoria 4: La cagada se la mando Karina Milei el proyecto era honesto pero manejado por unos zoomer pelotudos que querian recolectar usd para invertir en argentina y despues quemar tokens con las ganancias pero como Milei no entiende una pija de crypto y evidentemente de politica monetaria lo cancelo y quedo mal parado porque ahora recolectaron 100 millones de usd para un proyecto que ahora esta siendo acusado de estafa.

Ya 3 de estas teorias le pintan mal al pais apenas abra el mercado yanki mañana, todo este plan de mierda martinez de hoz delirante esta bancado en suprimir el usd y pagarle a trolls a bancar que la inflacion en usd es lo que votaron y todo se banca en conseguir usd para seguir suprimiendo el dolar artificialmente mientras el valor real de mercado sigue subiendo como se ve en la inflacion de productos tipo autos o motos o construccion que ve sus costos aumentar en dolares.
Honestamente la veo mal en el mundo todo lo que se va a ver es ""milei risk impeachment due to scaming solana degens"" combina eso con un programa monetario atado con alambres y que justo ahora le tenias que pedir plata al fmi para seguir haciendo esto y creo que las consecuencias van a ser mas graves de lo que se piensa.

Lo ironico es que si llega a haber una megadevalueta y a milei no lo rajan va a llegar sorpendentemente bien parado a las elecciones porque el riesgo de este plan honda martinez de hoz es que siempre explota porque los costos altos en usd te paran la economia",Single_Explorer_5452,merval,6,2025-02-17 14:50:24,t3_1irlfk4,t3_1irlfk4,comment
md9mrk7,"Voy a mantenerme al tanto por esta semana, a ver qué pasa, hoy arranco a la baja el mercado, vendí todo ayer.",loboestepario626,merval,2,2025-02-17 13:14:10,t3_1irlfk4,t3_1irlfk4,comment
md9by55,Yo vendí toda mi posición en el Merval hace unos dias,unoptimusprime,merval,2,2025-02-17 12:19:43,t3_1irlfk4,t3_1irlfk4,comment
md9ps4r,"No se ni que hacer che. Por lo pronto no compro ni vendo, entre a invertir mas fuerte en enero cuando habia llegadose a picos jaja la vengo comiendo mal. Supongo mañana se recuperara algo por los que aprovechen a comprar hoy. De ahi en adelante, ni idea. Va a tener que hacer malabares caputo.

De ahora en adelante, solo dolar mep.",Boring-Hospital7276,merval,1,2025-02-17 13:29:05,t3_1irlfk4,t3_1irlfk4,comment
mdbt08w,"Yo entré en un FCI Merval hoy. Osea mi entrada sería con  la cotización final del día de hoy. Puede ser que baje un poco más, pero caída de 5,6% por esta boludes. Demasiado. Si mañana sigue bajando compro más y después a esperar.",mr_cosme_fulanito,merval,1,2025-02-17 19:19:37,t3_1irlfk4,t3_1irlfk4,comment
mdcw8mn,"donde puedo comprar acciones?

y cuales me recomiendan?",lgokar,merval,1,2025-02-17 22:51:06,t3_1irlfk4,t3_1irlfk4,comment
mdd03d3,Hace un par de semanas que vengo leyendo que el merval puede corregir hasta los 1800 dólares. Esto fue sólo una excusa para corregir más rápido,FranzMauer85,merval,1,2025-02-17 23:13:04,t3_1irlfk4,t3_1irlfk4,comment
mdjd9rd,"Mensaje directo aquellos que quieran comprar acciones, yo vendo unas de una compañía que va a subir",[deleted],merval,1,2025-02-18 22:28:21,t3_1irlfk4,t3_1irlfk4,comment
md9bx9l,Es buen momento para cambiar todos los serepesos a usd?,jimihendrixxxxx,merval,1,2025-02-17 12:19:35,t3_1irlfk4,t3_1irlfk4,comment
md9nm6s,El psiquiátrico arruino la tendencia positiva que estaba arrastrando el merval desde el jueves pasado.,Motoviajero,merval,-1,2025-02-17 13:18:22,t3_1irlfk4,t3_1irlfk4,comment
md97rqk,"Independientemente de lo que hizo Milei y toda la bola, el merval en grafico diario deberia tener un rebote porque no perdio la ema de 100 periodos. Mediano plazo el merval deberia caer un 30% mas y largo plazo grafico mensual, el merval debe caer entre 60 a 70% para ser bueno digamos. 

Pasa que ahora los creadores del mercados tienen la famosa noticia que justifique el bear market Argento pero lo que sabemos, ya nos salimos en diciembre papu como yo. Deben distribuir mas y mas. Yo volvere a comprar acciones argentinas para largo plazo en 2026-2027 con proyeccion a 2028, 2029",Firm_Translator_8623,merval,-2,2025-02-17 11:57:29,t3_1irlfk4,t3_1irlfk4,comment
md971hk,"El mercado es realmente una locura.   
Caen acciones, MEP pasa los 1200. Todo por un twit de mierda.",ElMolador,merval,-11,2025-02-17 11:53:26,t3_1irlfk4,t3_1irlfk4,comment
mdcn4mn,"Cuando baje de 85% a 10% mi posición en argentina entre 2024 paulatinamente a 20% (al viernes pasado que baje de 14% a 7%) estaban acá todos esos alcistas tardíos hablando de comprar con la baja y que esto se vuela. Merval en 2400. Era bastante obvio y no la ven.

Esto puede que recién empiece. Cuiden el mango. Estudien o asesorense bien.

Mis felicitaciones a los que salieron en enero.",armonicoenfuga,merval,-1,2025-02-17 22:00:15,t3_1irlfk4,t3_1irlfk4,comment
md9htgh,"Estas como Yo querido, el 3 de Enero vendi todo (Edenor, Pampa y alguna de las gasíferas) y me quede mirando desde arriba el caos que empezo desde el 10 de enero del 2025. Todos sabian que estabamos sobrevalorados, que habria toma de ganancias, que el año electoral trae incertidumbres, etc. 

Además, como coincidimos vos y Yo, si termina la guerra en Ucrania quizás se corrijan las acciones armamentisticas y caigan el petróleo y los cereales debido a que Rusia va a vender de muevo y hará una contracción real del precio del barril.


 Quizás yo entre de nuevo en el mercado cuando terminen de dividir a Ucrania en dos porciones y tantee el ambiente. 

Ja! Para estar acá no siempre debes saber de economia/finanzas, sino tambien politica, geografia y geopolitica.",Chambaconsueno,merval,24,2025-02-17 12:49:26,t1_md98vna,t3_1irlfk4,comment
md9aszc,"Yy, acá no paso nada, el tema es afuera... Sin saber mucho diría que varios inversores se van a retirar por desconfianza",Left-Blacksmith7619,merval,5,2025-02-17 12:13:48,t1_md98ona,t3_1irlfk4,comment
mda19sh,"CEDEARS chinos, tipo cuales? estoy medio escapando, hace rato venia en baja y me la tanqueaba, pero a partir de hoy, mucho riesgo en acciones argentinas. Solo PAMP y ya esta.",Skyclad9,merval,2,2025-02-17 14:24:53,t1_md9erzc,t3_1irlfk4,comment
mdc4wp3,"Estan caros los calls todavia, aguanta 2 semanas que corrijan el delta y el merval un poco mas.

Ah y COME esta en minimos.",OldGPMain,merval,1,2025-02-17 20:20:13,t1_md9blow,t3_1irlfk4,comment
mdaw8c4,"Teoria 6: Milei tiene 300iq y está creando una gran especulación para que las ballenas accionistas, judios billonarios, crypto bros, etc;  tengan miedo de invertir y que los Argentinos puedan invertir en bolsa cuando las acciones están a la baja aprovechando que está barato.",[deleted],merval,2,2025-02-17 16:45:43,t1_mda6u69,t3_1irlfk4,comment
md9cwku,"siempre. Posta hay gente que tiene en pesos la cosa? no es un poco obvio que va a haber una devaluaciòn del orto en cualquier momento? es verdad que la quieren aguantar hasta las elecciones pero.......... llegan? el fmi que no la larga, etc. Ahora esto, supongo que menos guita... pesos? no gracias. No por el peso en sì, obviamente, sino por el gobierno de turno.",9acca9,merval,2,2025-02-17 12:24:34,t1_md9bx9l,t3_1irlfk4,comment
md9hc6l,"Mi pregunta va a poner en evidencia mi total ignorancia. Porque decis ""los que sabemos ya nos salimos en diciembre""?
Y porque decis que debería el merval caer un 60-70%? 
Perdón si te hago escribir mucho",Haunting-Ad9315,merval,1,2025-02-17 12:47:00,t1_md97rqk,t3_1irlfk4,comment
md97kax,una locura que el mercado desconfie de que el pais esta en manos de un ponzista ???,[deleted],merval,14,2025-02-17 11:56:20,t1_md971hk,t3_1irlfk4,comment
mdajg08,"yo tengo la misma  lectura, pregunte hace 1 semana y me dijeron basicamente que era un cagon, que el mercado de renta variable no era para mi, que me haga un plazo fijo, que hay que holdear y bancarsela... 

la verdad no se que pensar de la gente que comenta aca.",hjf2014,merval,2,2025-02-17 15:47:21,t1_md9htgh,t3_1irlfk4,comment
mdckm3e,Compra un terreno una casa la renta variable es enferma.,Connect_Dish_6079,merval,1,2025-02-17 21:46:25,t1_mdas9j4,t3_1irlfk4,comment
mdbgte0,"Technicals: Está en mínimos históricos, quiebra o sube como pedo de buzo.

Fundamentals: Es la única de las ""agro"" que capea la tormenta. 

No estaba apalancada como los Grobo, sigue pagando ONs y le toca la sequía con ~~dolar soja~~ baja de retenciones y commodities por el piso.

Plazo estimado: 18 meses.",arlistan,merval,1,2025-02-17 18:21:42,t1_mdbf52m,t3_1irlfk4,comment
mda0s6l,"Si tenes una estrategia no deberias reaccionar a las noticias sino a las tendencias. Por ejemplo lo de NVDA y Deepseek, en un dia tuvo una caida enorme, pero ahora esta cerca de sus niveles de noviembre. Si vendias al toque y ahora queres volver a comprar hubieses perdido.

Muchos opinan que no deberia afectar el mercado. No es que nos estuvieran llenando de inversiones. Los que llegaron fueron porque ven una oportunidad por los cambios regulatorios. Obviamente el pedido de juicio politico y todo lo de alrededor hace ruido. Todo deberia seguir como hasta ahora, uno o dos anuncios esporadicos por inversiones ""chicas"". Despues de las elecciones parlamentarias segun como quede el congreso tomaran decisiones segun como quede la camara.",fogalmam,merval,6,2025-02-17 14:22:37,t1_md9x4f6,t3_1irlfk4,comment
mdf77zk,"No todo está en alza, pero no están en baja. BABA estuvo subiendo un mes. FXI, un ETF del mercado chino, muestra el mismo crecimiento, aunque parece que muestra un pico. Posible baja posterior.  NTES sube lento en comparación. BIDU también sube.  Conservadoramente, subirá un 10% en los próximos 30 días. Estaría en 10% por mes en los últimos tres. JD y NIO lateralizan. Pareciera que todos los quilombos del lado occidental les deja algún lugar a lo oriental.

También mira Brasil. Tengo a ITUB que me parece que crecerá un 15% al menos este mes. Luego, cuando alcance la cima habrá que reevaluar y ver como sigue. Por el momento, el jueves es fecha para entrar a los dividendos, así que es muy probable que suba un poco estos días, que se mantenga al menos. Debería ver más en detalle Brasil. Quizás hay algo más ahí.",Real_Barracuda_6851,merval,2,2025-02-18 09:57:32,t1_mda19sh,t3_1irlfk4,comment
mda0mpn,"...No sé si se pisó  con algún término de moda en twitter o algo, pero con robotitos/tarotistas acá nos referimos a bots que operan en el mercado y analistas técnicos respectivamente.",elrond_lariel,merval,2,2025-02-17 14:21:55,t1_md9yr3v,t3_1irlfk4,comment
md9xn87,Efectivo en dolares en casa por el momento...,Oquendoteam1968,merval,1,2025-02-17 14:07:48,t1_md980w2,t3_1irlfk4,comment
mdaadhi,En el fabuloso y confiable dolar,Gnosin_Porta,merval,1,2025-02-17 15:06:29,t1_md980w2,t3_1irlfk4,comment
mdcm066,El máximo del merval fue 2843 hoy cerró 2254 estamos 20% abajo.,mr_cosme_fulanito,merval,2,2025-02-17 21:54:03,t1_mdc7al8,t3_1irlfk4,comment
md9e1s5,lo mismo dicen desde que asumió y los cogieron a todos. Quiero creer que compraste dolar link o solo sos hablador de mercado? Payaso,Nico-qac,merval,0,2025-02-17 12:30:27,t1_md9cwku,t3_1irlfk4,comment
mdfzuwv,"Mi grano de arena, el mercado es impredecible. Los tira postas que están seguros de lo que va a pasar, es medio chamuyo.",GAV17,merval,2,2025-02-18 12:40:34,t1_md9hc6l,t3_1irlfk4,comment
mdazvi4,"Porque en diciembre arranco la corrección del merval, el mismo creció una barbaridad estos últimos años es momento de una contracción.",Spirited-Hippo-5673,merval,1,2025-02-17 17:02:33,t1_md9hc6l,t3_1irlfk4,comment
mdgqtv4,"[https://www.lapoliticaonline.com/economia/caputo-ordena-a-la-anses-a-hacer-compras-masivas-de-acciones-para-atenuar-el-golpe-del-criptogate/](https://www.lapoliticaonline.com/economia/caputo-ordena-a-la-anses-a-hacer-compras-masivas-de-acciones-para-atenuar-el-golpe-del-criptogate/)

Esto es muy delincuente",LeadershipDry8242,merval,-3,2025-02-18 14:48:30,t1_mdg2ft3,t3_1irlfk4,comment
mdcjqzb,"Masivo bro, gracias por darme ru futuro, te dare un rendimiento en un 120% en un año, un pibe re fisura me dio 100 dolares y ahora esta en corea del sur bro, masivo bro, generacion zoe y aguante colombia te dara bonos a pagar en 2099 con bonos ""ortitis"".",Chambaconsueno,merval,3,2025-02-17 21:41:39,t1_mda00oa,t3_1irlfk4,comment
mdcishg,"Jajaja esos comentarios puro hate. Yo holdeo y si baja mucho compro más. Pero tengo un motivo que es que si saco la plata de ahí donde la meto? Me objetivo siempre es a largo plazo, mercado por experiencia siempre recupera ",Ok-Concert-6120,merval,5,2025-02-17 21:36:24,t1_mdajg08,t3_1irlfk4,comment
mda34uw,"Nvidia es la 2a empresa mas grande del mundo. Y su CEO no salió a vender crypto, etc... no se ni para que argumentar nada, suerte argentina... uff",Oquendoteam1968,merval,-4,2025-02-17 14:33:29,t1_mda0s6l,t3_1irlfk4,comment
mdje3gx,"Si lo dice ""La Politica Online"" debe ser verdad... Estas en el sub Merval amigo, acá se habla de inversiones y cosas reales, no de lo que le pinte a un diario así publicar. Volve a los otros subs para eso.",JohnCent90,merval,4,2025-02-18 22:32:53,t1_mdgqtv4,t3_1irlfk4,comment
mdciwm2,plazo fijo jeje,hjf2014,merval,2,2025-02-17 21:37:02,t1_mdcishg,t3_1irlfk4,comment
mda7xry,"Justo me estas dando la razon. Como inversor no hay que reaccionar a las noticias, sino a la estrategia y las condiciones del mercado. 

De todos modos si no te interesa perder el tiempo con Argentina para que entras a los subs argentinos? Anda a comprar DOGE antes que es la favorita de Elon.",fogalmam,merval,5,2025-02-17 14:55:23,t1_mda34uw,t3_1irlfk4,comment
mdb3ylw,"I will be messaging you in 1 year on [**2026-02-17 20:21:07 UTC**](http://www.wolframalpha.com/input/?i=2026-02-17%2020:21:07%20UTC%20To%20Local%20Time) to remind you of [**this link**](https://www.reddit.com/r/merval/comments/1irlfk4/caen_acciones_argentinas/mdb3tro/?context=3)

[**CLICK THIS LINK**](https://www.reddit.com/message/compose/?to=RemindMeBot&subject=Reminder&message=%5Bhttps%3A%2F%2Fwww.reddit.com%2Fr%2Fmerval%2Fcomments%2F1irlfk4%2Fcaen_acciones_argentinas%2Fmdb3tro%2F%5D%0A%0ARemindMe%21%202026-02-17%2020%3A21%3A07%20UTC) to send a PM to also be reminded and to reduce spam.

^(Parent commenter can ) [^(delete this message to hide from others.)](https://www.reddit.com/message/compose/?to=RemindMeBot&subject=Delete%20Comment&message=Delete%21%201irlfk4)

*****

|[^(Info)](https://www.reddit.com/r/RemindMeBot/comments/e1bko7/remindmebot_info_v21/)|[^(Custom)](https://www.reddit.com/message/compose/?to=RemindMeBot&subject=Reminder&message=%5BLink%20or%20message%20inside%20square%20brackets%5D%0A%0ARemindMe%21%20Time%20period%20here)|[^(Your Reminders)](https://www.reddit.com/message/compose/?to=RemindMeBot&subject=List%20Of%20Reminders&message=MyReminders%21)|[^(Feedback)](https://www.reddit.com/message/compose/?to=Watchful1&subject=RemindMeBot%20Feedback)|
|-|-|-|-|",RemindMeBot,merval,1,2025-02-17 17:21:45,t1_mdb3tro,t3_1irlfk4,comment
mdcjsjm,Cagate de risa pero tengo un buen monto en los fresquitos de naranja x y uala con el monto máximo que los uso para cuando caen demasiado las acciones. Si mañana vuelven a caer uso eso para comprar más. Hoy hablo milei y mañana abre mercado yankee vamos a ver que sucede,Ok-Concert-6120,merval,1,2025-02-17 21:41:53,t1_mdciwm2,t3_1irlfk4,comment
mda9n2v,"Las noticias como esta obviamente crean tendencia, no se puede estar en el mercado sin mirar a la realidad. 

Ya me he ido de este sub y de todos los subs argentinos. 

Os deseo suerte",Oquendoteam1968,merval,0,2025-02-17 15:03:08,t1_mda7xry,t3_1irlfk4,comment
maqr4p8,"Solo una pequeña minoría puede comprar dólar oficial. A lo largo de estos 5 años se fue llenando de medidas y burocracia para impedir que cada vez más gente lo haga. Por ejemplo, yo por haber cobrado parte de un sueldo por el ATP de 2020 durante la cuarentena nunca más pude comprar dólar oficial.

Hasta que no saquen el cepo que hoy en día abarca toda esta batería de medidas algunas incluso olvidadas la mayoría no podemos comprar.",OneCosmicOwl,merval,21,2025-02-03 11:44:54,t3_1igqixy,t3_1igqixy,comment
maqrfj7,"Si compras dólar oficial no vas a poder comprar mep hasta pasado 3 meses si mal no recuerdo.

Así que si querés comprar dólares con lo que te sobra y es menos de 200usd entonces no estaría mal que compres el oficial.

El tema es cuando te empiece a sobrar un monto superior a 200usd y quieras comprar mep.",el-vissio,merval,6,2025-02-03 11:46:33,t3_1igqixy,t3_1igqixy,comment
mc6qqa2,"Justamente si no entendes que el precio fluctua no entendes  como funciona el bono.
1 vos compras el bono en pesitos
2 tenes que esperar hasta el otro dia pars venderlo
3 entre ese periodo de tiempo el precio fluctua haciendo que se pueda quedar un precio mas caro, o incluso más  barato y vos salir  comprando  más  dolares
4 no se puede topear el precio sino el banco tendria que asumir la perdida
5 no compres por santander. Compra mejor en un broker tipo bullmarket, tienen menos comision.",Xavi_Myosotis,merval,54,2025-02-11 11:28:09,t3_1imzoya,t3_1imzoya,comment
mc6v3wo,"Con Santander me di cuenta que cuando quiero vender dólar MEP, te retrasan la orden hasta que el dólar baje lo más posible y recién ahí te hacen el cambio, no me sorprende que hagan lo mismo para la compra.
Me doy cuenta porque cuando el dólar anda estable o arranca el día a precios bajos te cambian enseguida, pero cuando el dólar está bajando durante el día te cambian al precio más bajo posible.
Supongo que están en su derecho pero no deja de sentirse como una avivada",NewCivEngineer,merval,15,2025-02-11 11:51:59,t3_1imzoya,t3_1imzoya,comment
mc6rtsy,"Dolar MEP funciona exactamente como lo describiste. 

Si querés la opción de tener un precio fijo y hacer la transaccion instantánea tenes muchas otras formas de comprar dolares pero todas son más caras que esa variación que tenes en el MEP.",Material_Basis1960,merval,3,2025-02-11 11:34:18,t3_1imzoya,t3_1imzoya,comment
mc6t9hg,"Busca la cotización de los bonos que vas a comprar y vender. Sólo compra Mep si ayer subieron o se mantuvieron los bonos. Si bajaron el día anterior no compres por las dudas, espera un día más. Puede fallar pero en general me funciona, me respeta la cotización que estimo. Uso IOL por las comisiones.",waramess,merval,4,2025-02-11 11:42:11,t3_1imzoya,t3_1imzoya,comment
mc6w11e,"Si queres tener el mayor control posible (y menos costos), podes probar con un broker, haciendo las ordenes manualmente. Ahi vos fijas el precio al cual compras el bono con pesos y vendes por dolares. Dicho esto, nada te asegura que el precio que ves hoy es el que vas a conseguir mañana (porque por reglamentacion tenes 1 dia de parking y el precio puede subir o puede bajar; vos pones el precio al cual queres que se ejecute la orden, si del otro lado hay alguien que pague ese precio, se hace, si no tendras que esperar o ajustar). De ultima, hace la prueba. Para mi, a menos que sean montos grandes, no vale la pena.",AddressFair4059,merval,2,2025-02-11 11:56:47,t3_1imzoya,t3_1imzoya,comment
mc6w9ma,"Pasa que siempre los bancos tienen comisiones más altas y costos que solo ellos saben 
..  por ejemplo en Acciones te rompen el tuje en mep supongo también. En cambio si vas a brokers baratos en comisión es más barato todo.
En mi caso uso BullMarket y va bien. No sé si hay otro mejor ( si es que alguien lee y tiene uno barato me chifla  , yo súper agradecido). Pero x trade meten 0,50% de comisión y si ya SOS de usar diariamente la plataforma te hacen más descuentos x operativa.
Depósitos bastante rápidos 10 minutos demoran aprox y
Retiros casi inmediatos


La única desventaja que ví es que si invertis en FCI ( QUE SON BASTANTES LOS QUE TIENE ) si demoran bastante  y si en caso necesitas la plata para algo de urgencia o una inversión paralela sea acciones u otra oportunidad aveces demoran más de lo que usualmente está pactado aunque sea C.I. ( en este caso si conviene banco x el rescate inmediato o a lo sumo 24h) 
Pero por lo otro  TODO MUY BIEN,  
BUENO LA ESTETICA MAYBE... pero funciona todo funciona bien",adry4242,merval,2,2025-02-11 11:58:01,t3_1imzoya,t3_1imzoya,comment
mc8d07z,"Primero, no uses el banco como broker que las comisiones son altisimas. Segundo, el precio lo pones vos operando con ordenes limit, después que alguien acepte el precio que vos ponés es otro tema. Y si pones ordenes a precio de mercado siempre vas a salir perdiendo.",BNeutral,merval,2,2025-02-11 16:08:10,t3_1imzoya,t3_1imzoya,comment
mc753qw,"En la app de cocos capital, hay una opción que es dólar MEP fijo. (Siempre es un poco mas caro, entiendo que ellos toman el riesgo de si sube o baja en el medio).

Si no también podes comprar dólar MEP normal, con las variaciones que puedan pasar en esas 24hs que tenés que esperar.",BootFriendly4880,merval,1,2025-02-11 12:42:21,t3_1imzoya,t3_1imzoya,comment
mc782rn,"Lo peor que podes hacer es comprar en el banco, cualquiera sea.

Abrite Balanz, o cualquier otro broker, muchos incorporaron un botón para que no andes comprando y vendiendo bonos.

Los bancos te matan con el spread y las comisiones. Nunca operes por banco.",revertBugFix,merval,1,2025-02-11 12:56:36,t3_1imzoya,t3_1imzoya,comment
mc7sqwk,"Pusiste que los valores de compra/venta operen ""a precio de mercado""? Ahí Santander acuesta fuerte sino se ingresa manualmente los montos máximos/mínimos.",GURBO_z,merval,1,2025-02-11 14:34:06,t3_1imzoya,t3_1imzoya,comment
mc9lz0e,"Si queres sacar el precio exacto, tenes que hacer órdenes en un broker para la compra/venta al precio tuyo y no de mercado.",possiblecefonicid,merval,1,2025-02-11 19:35:44,t3_1imzoya,t3_1imzoya,comment
mcaiajr,"Si queres congerlar el precio en em banco y en algunos brokers te dejan hacerli cuando el monto es grande.

Sino mientras compres Mep nunca vas a saber el tipo de cambio real hasta q vendas",UniversityWorldly199,merval,1,2025-02-11 22:29:28,t3_1imzoya,t3_1imzoya,comment
mckefru,"El mejor consejo es nunca comprar dolar MEP en las plataformas de los bancos, cobran demasiada comision. Siempre hay que hacerlo en broker. Pero como tenes el parking de 24 horas, nada te garantiza que la cotizacion que viste cuando decidiste comprar sea la que efectivamente se ejecuta al dia siguiente, peor incluso en tu caso que lo hiciste un viernes, por lo que cualquier noticia del fin de semana puede afectar mucho a los bonos en cuestion.",TomasLuther,merval,1,2025-02-13 12:52:20,t3_1imzoya,t3_1imzoya,comment
mcl8nm4,Yo estoy comprando en mercado pago. Que tanto me están pencando?,sergiotkaczek,merval,1,2025-02-13 15:14:24,t3_1imzoya,t3_1imzoya,comment
mcm2ual,"Cocos tiene algo asi como un MEP inmediato. Es decir que no tenes el parking, tenes los dolares en el momento. Eso si, es mas caro, un 1% mas caro",MartinSLArg,merval,1,2025-02-13 17:34:55,t3_1imzoya,t3_1imzoya,comment
mcn9rqb,"Probá con MP solo te cobra 1% del monto que vas a comprar en pesos, nada más. Antes estaba con IOL y te cobraba una comisión en pesos y otra en dólares (cuando cambias el bono por dólares). En conclusión es el más barato (de los pocos que ví)",emza97,merval,1,2025-02-13 21:09:33,t3_1imzoya,t3_1imzoya,comment
mdhs2kb,"Si queres tener certeza total del precio tenes q omprar y vender el bono vos, agregando las comisiones. Yo uso MAtriz y lo opero yo, no uso los valores que te ponen los brokers.",PureCelebration5359,merval,1,2025-02-18 17:39:21,t3_1imzoya,t3_1imzoya,comment
mcahbm2,"Un broker tampoco es barato,yo uso Prex  tienen siempre buen precio y no te lo cambian además te lo dice ya con comisión incluida.",SignificantTwo862,merval,3,2025-02-11 22:24:04,t1_mc6qqa2,t3_1imzoya,comment
mc6s6xz,"Se sabe que fluctúa, pero el máximo que tocó el MEP ayer fue 1.195 pesos. Los de Santander se deben re zarpar con las comisiones, si no no se entiende.",Outlander357,merval,2,2025-02-11 11:36:20,t1_mc6qqa2,t3_1imzoya,comment
mcdk9lk,"A mi me cancelaron la venta el lunes que estaba algo y tuve que volver a vender el martes, adivinen: el dolar había bajado. Perdí como 50kq",Competitive_Might159,merval,6,2025-02-12 12:14:25,t1_mc6v3wo,t3_1imzoya,comment
mca4kfi,"Hola, una pregunta. Porque comprar cuando subieron el día anterior y no comprar cuando bajaron el día anterior? no entiendo mucho el mambo con el dólar mep",Aiacos369,merval,1,2025-02-11 21:14:08,t1_mc6t9hg,t3_1imzoya,comment
mc70pjl,"Si cae el precio de los bonos entre que los compras y los vendes, el tipo de cambio que te toco va a ser más alto que el que veas en las paginas de internet. 

La cotización que ves en las paginas es como si comprarás y vendieras al mismo instante, por lo tanto no es real, es estimado y el mayor tipo de cambio que veas ahí, no sé corresponde con el máximo tipo de cambio al que puedas comprar/vender",Illustrious-Hair8400,merval,7,2025-02-11 12:20:44,t1_mc6s6xz,t3_1imzoya,comment
mc6tm6k,"Lo que ves es el precio al que comprarías  si los bonos no  se movieran, pero nadie puede  controlar el precio., sino tenes que ir y hacer el proceso vos manual en algun broker para elegir los precios y arriesgarte a clavarte un tiempo si los precios fluctuan",Xavi_Myosotis,merval,6,2025-02-11 11:44:03,t1_mc6r9cf,t3_1imzoya,comment
mc7c7pu,"Decir ""ok, lo entiendo"" no significa que lo entiendas. Se ve que no lo entendés por loque escribís a continuación. La diferencia es la fluctuación del precio del bono en el mercado. No es tan difícil.",fofufafefiso,merval,5,2025-02-11 13:16:24,t1_mc6r9cf,t3_1imzoya,comment
mc9vkbq,"Porque bajan lo que subió durante el día

https://es.tradingview.com/chart/?symbol=BCBA%3AAL30

Con el gráfico en 5D se ve",szkasin,merval,2,2025-02-11 20:24:51,t1_mc9udrs,t3_1imzoya,comment
mcacz02,"Porque los bonos cotizan en pesos y en dólares. Si están bajando vos compras en pesos, esperas el parking y vendes en dólares con una cotización menor, porque bajó.
En cambio si no se mueve la cotización o sube el bono vos compras en pesos, esperas el parking y vendes a una cotización mayor, porque subió.
Son detalles pero te cambia el timing para comprar.

Pd: Recomiendo comprar a mitad de la jornada, ya que cuando abre y cuando cierra se pueden dar movimientos bruscos que te cambien la cotización.",waramess,merval,1,2025-02-11 21:59:59,t1_mca4kfi,t3_1imzoya,comment
mc6wuyn,El máximo del lunes fue 1.195 pesos.,Outlander357,merval,-1,2025-02-11 12:01:06,t1_mc6txhq,t3_1imzoya,comment
mcadar2,balanz tambien es saladito con las comisiones para operar bonos...,M4tut310,merval,2,2025-02-11 22:01:46,t1_mca3152,t3_1imzoya,comment
mc72765,"Pero no entiendo que tiene que ver el martes (hoy). OP compró los bonos el viernes, y los vendió el lunes (ayer).",Outlander357,merval,0,2025-02-11 12:28:06,t1_mc71uzp,t3_1imzoya,comment
mc77pr6,"No, sería de la siguiente manera: 

No sé con qué bono lo hace el banco de OP, pero supongamos que es con el AL30. 

El precio más alto del AL30 el viernes fue de $77.900
El lunes el banco lo vendió en dólares. Supongamos que lo vendió al precio más bajo de ese día USD 64,61.

77.900/64,61= 1.205,69",Illustrious-Hair8400,merval,15,2025-02-11 12:54:51,t1_mc73jnc,t3_1imzoya,comment
mcacjvi,y te falto agregarle la comision por la compra y venta de los bonos,M4tut310,merval,2,2025-02-11 21:57:41,t1_mc77pr6,t3_1imzoya,comment
mbhyfi9,"Exa, Red Dot, Offramp, Gnosis Pay, Cypher, Holyheld

Todas usan la misma logica. Cargas saldo hacia la tarjeta y luego descuenta saldo. No genera reporte automatico. Cada una tiene diferentes niveles de self custodial access.

Sin KYC hay una tarjeta en Avalanche que se carga con USDC pero hace el settlement en Pesos mexicanos con lo cual termina siendo cara. No recuerdo el nombre ahora, si la encuentro edito el mensaje.",SpiritualPapaya,merval,10,2025-02-07 13:13:17,t3_1ijwdue,t3_1ijwdue,comment
mbhr0f7,"Blockpay, es una Mastercard prepaga que pre-cargas con crypto y encima pasa como debito en los posnet de Argentina. La uso seguido y no te piden ni DNI (por si acaso solo la uso cuando tienen contactless)",Ultradog2020,merval,4,2025-02-07 12:37:43,t3_1ijwdue,t3_1ijwdue,comment
mbhubdm,"Fijate ahí:

https://kycnot.me/

El tema es que cada vez las legislaciones buscan restringir cada vez más la privacidad de usuarios a la hora de hacer transacciones.

Fíjate los tuits de StarkPrivacy que habla de éstas cosas y está en español.",ArSync,merval,2,2025-02-07 12:53:39,t3_1ijwdue,t3_1ijwdue,comment
mbj36np,"Bitrefill? Está  alojada en Suecia. Sé que se fondea con cryptos directamente , así que si tenés una wallet de autocustodia es sin kYC. No la usé nunca pero tengo conocidos que sí. Se que la usan para comprar en Amazon o cosas así. 
Entiendo que la usan mucho generando Gift Cards para evitar complicaciones. No creo que sea Visa. DYOR
Averigüé, también tiene Visa, pero esa parte sí es con KYC.",Vegetable_Wolf6194,merval,2,2025-02-07 16:25:49,t3_1ijwdue,t3_1ijwdue,comment
mbhp96e,"Buen punto. Lo del KyC es mas un nice to have. Y no, no es por usar montos altos ni nada de eso. No quiero que reporte y ya. Por mi pagaría esos servicios en crypto, pero no se puede.",my_newest_username,merval,-1,2025-02-07 12:29:09,t1_mbhgx1l,t3_1ijwdue,comment
mbiv7vl,"De esto tiro el dato que vengo integrando los terminales de Mercado Pago a un negocio, y según lo que veo de los datos que se obtienen por la API, por banda magnética no solo se pide el DNI en el aparato, sino que también queda registrado con el nombre del cliente.

Por contactless, nunca vi que la API de Mercado Pago devolviera nombres ni DNI del cliente en la transacción.",Huntware,merval,1,2025-02-07 15:47:58,t1_mbhr0f7,t3_1ijwdue,comment
mbi070u,"Porque es mas divertido asi(?

Aparte genero interacciones en el post y le llega a mas gente, denada OP",mateoa007,merval,-5,2025-02-07 13:21:39,t1_mbhzugl,t3_1ijwdue,comment
mdezihs,"Bienvenido! En general los posts de ""tengo X y quiero invertir"" o ""por donde empezar a invertir?"" son muy comunes y muy repetitivos. Las respuestas son siempre mas o menos las mismas y no aportan a subir la calidad del sub por su naturaleza, ademas de que suelen ser poco completas porque solo son recomendaciones sueltas que NO es lo que debería estar recibiendo alguien que recién arranca en el mundo de las inversiones.

Por esto, desde la moderación solemos cerrar este tipo de threads cuando se vuelven muy repetitivos y recomendarle a los usuarios los siguientes tips:

1. Leer las [guias para principiantes](https://www.reddit.com/r/merval/collection/e6a7524c-6445-470e-a2b1-2246387c0c15/) (usar new reddit para ver bien los posts).

2. Leer posts anteriores de [PRIMEROS PASOS](https://www.reddit.com/r/merval/search?q=flair_name%3A%22PRIMEROS%20PASOS%22&restrict_sr=1).

3. Leer la [wiki](https://new.reddit.com/r/merval/wiki/index).

4. Usar el buscador para ver si la consulta ya fue tratada.

5. Usar el [THREAD DE CONSULTAS DIARIAS](https://www.reddit.com/r/merval/?f=flair_name%3A%22CONSULTAS%20BASICAS%22) para evacuar consultas puntuales que no ameritan un thread.

6. Usar el filtro de [TUTORIALES](https://new.reddit.com/r/merval/search?sort=new&restrict_sr=on&q=flair%3A%22TUTORIALES%22) para encontrar guías aprobadas sobre distintas temáticas.

Suerte!",merval-ModTeam,merval,1,2025-02-18 09:00:22,t3_1irph8a,t3_1irph8a,comment
mddw9yn,"Definitivamente todo a ETF's por IBKR, te recomiendo que al menos compres VOO. Quizás de a poco te vas animando y empezas con acciones ""individuales"".",Franh01,merval,1,2025-02-18 02:46:41,t3_1irph8a,t3_1irph8a,comment
mda8ksi,"Bueno , pero si tenes experiencia en fondos comunes de inversión notarás que la ganancia es brutal comparada con el SP .. entiendo son otros riesgos y hasta x ahí tambien... porque que es ""seguro"" acá,  nada es ""seguro' en el mundo de las inversiones.

Quizás con 1M te quedes corto Pero podés investigar COMO HACER ""COVERED CALLS"" PARA GANAR PRIMAS SOBRE TUS ACCIONES. Al menos es lo que hago para cubrirme

Buscalo asi en internet ""ESTRATEGIA COVERED CALL DE OPCIONES "" y vas a encontrar UN ""PODEROSO"" EXTRA SOBRE TUS SUBYACENTES.

Y sino [ACA METI UN POST EN REDDIT CON EJEMPLO REAL](https://www.reddit.com/r/Inversiones/s/CzfLYjvk4S) quizás logres entenderlo ( Pero en criollo x tus propias acciones te pagan dinero , llamado PRIMAS )  


ASI COMO SI VAS A COMPRAR Acciones AMERICANAS LO Q SUMADO AL DIVIDENDO ES COPADO QSY.

No entiendo la lógica peso dólar xq HABRA VECES Q SIRVE EL DOLAR Y AVECES EL PESO. O al menos esa es mi lógica 🤷🏻‍♂️
 ( pero a como estamos hoy con un dólar planchado me sirve obtener en pesos ) Y ahí decidís vos si compras USD... En si  ganarias más x lógica ya que el sp500 con  todisima la furia dará poco más de 1% por mes y un FCI BAJO O MODERADO TE DA DE 2,XX A 6% MENSUAL lo restante compras USD con las ganancias Y FUE no habria tanto show con eso


cuestión de lógica también ( a un peso planchado )


Pero bueno ahí cualquier cosa respondes Pero es ambiguo todo.

Pero considera las opciones venta call eso te va a impulsar rico 😋",adry4242,merval,0,2025-02-17 14:58:17,t3_1irph8a,t3_1irph8a,comment
mda9lzq,"Uh perdón no entendí mucho la respuesta. Si necesitas más info te responde lo q necesites. Experiencia en fondos de inversión no tengo la verdad, solo lo vi como una opción más en  la app del banco Santander, es para probar y en unos meses ver q opción me fue mejor. Era plata q me sobraba y es un experimento por decirlo.

Pero básicamente eso, no tengo mucha idea y solo vi algunos videos. Voy a buscar lo q decis de covered calls, no lo había escuchado. Como resumen si fuera por mí, me encantaría un plazo fijo en dólares para poner la plata de Payoneer y listo, pero creo q eso no existe o al menos no conozco, por eso busco ayuda y recomendaciones de dónde empezar a investigar. Muchas gracias!",Physical_Quit_9448,merval,0,2025-02-17 15:03:00,t1_mda8ksi,t3_1irph8a,comment
mdaaog0,"Si, la mayoría de fondos son similares . Los de Santander también.

Yo estoy [acá , y podes ver los rendimientos fácil intuitivo y AL DIA](https://www.fondosfima.com.ar/es/herramientas/valor-de-cuotaparte-y-rendimientos#)

Cuál uso FIMA AHORRO Pesos / plus RENTA PESOS /PLUS

PERO AHI PODES CHEQUEARTE EL HISTORIAL metiéndote a los 30 de cadaes y poniendo rendimiento de los últimos 30 días . Cómo resultado veras que rinden 3 4 6% mensual ( el año pasado rindió 10% el de renta )

Si los plazos fijos van bien aunque en % las ganancias son media lentas Pero bueno. Todo suma.

Lo de COVERED CALLS si casi nadie opera acciones de esa forma ( o somos muy pocos )

1 xq se requiere de acciones al menos 100 de ellas para ""cubrirte ""

2 porque el concepto es un poco o inentendible  Pero en la practica es sencillo. ( Mucha terminología nomás )

En fin para resumir te es SI TENES ACCIONES YA SEA EN USD O PESOS Y LAS ( VAS A GUARDAR ASI PORQUE SI )
SI EMITIS ESE TIPO DE ESTRATEGIA con un contrato a plazo GANAS VENDIENDO ""LA OPCION"" DE VENDER DICHAS ACCIONES .

Y TAMBIEN GANAS POR RECOMPRA DE  DICHA OPCION 
.

EN fin estudiarlo porque es algo q debe ser explotado ( en caso que tengas 100 acciones claro ) sino no sirve ya que sería riesgoso. Y uno quiere EVITAR RIESGOS",adry4242,merval,1,2025-02-17 15:07:53,t1_mda9lzq,t3_1irph8a,comment
melpfee,"Primero te recomiendo que establezcas tu perfil de inversor. Si tu objetivo es hacer rendir tu dinero para irse de vacaciones el año que viene y eres nuevo en las inversiones, te recomiendo que no te metas en renta variable. Lo idea es que te busques algun instrumento de renta fija que te genere intereses mensuales.

Tambien te recomiendo no estar muy diversificado porque pierdes rentabilidad con el tiempo. Si quieres invertir en renta variable y tiene poco capital, te recomendaria 2 a 3 instrumentos como maximo.

Si quieres invertir para largo plazo con estrategia, primero debes estudiar el instrumento a invertir, ver su performance, sus % de caida, etc. Por ejemplo, cada ves que el SP500 cae mas de un 5%, compra algo aplicando DCA. Si vuelve a caer otro 5%, vuelve a comprar y asi.

Cada instrumento tiene sus performace para poder injectarle capital. Por ejemplo, Bitcoin cada ves que cae mas de un 20%, se compra. Nvidia cada ves que cae mas de 20%, se compra y asi....

Despues cuando suben, tienes 2 opciones, retiras lo invertido y el resto lo dejas correr o vendes todo pero como vas para largo plazo, no debes hacer ninguna de las 2 opciones.

La unica aplicacion que uso para monitorear las inversiones es tradingview pero solo mira nada mas, despues para los fci, lo puedes seguir desde el broker.",Firm_Translator_8623,merval,5,2025-02-24 19:48:42,t3_1ixdo6j,t3_1ixdo6j,comment
meldcry,"1 Tradingview va bien
2  Recomendación no es Pero si tenés más de 100 acciones podés ganar Ventas CALLS en opciones sobre tus acciones y generar algo más de dinero adquiriendo primas ( al menos es lo que hago yo ) , y podés buscarlo en internet como estrategia de ""[COVERED CALLS](https://www.reddit.com/r/Inversiones/s/790AeEtsmM)"" de mercado de opciones financieras 
3 No sabría porque hago Trading , Pero podés basarte de una fuerte Media de 200 periodos para identificar dirección
4 Es muy ambiguo Pero el mercado Argentino vino en caída desde Enero lo que en el repunte si agarras bien la dirección se puede sacar buen fruto mayor a 10% al menos los activos que TRADEO que son YPF GALICIA MACRO EDENOR PAMPA MOLINOS RIO DE LA PLATA.

en cuanto a acciones de afuera debería verlas ( Pero si buscar largo plazo y no sabes mucho analizar el mercado podés usar alguna media en temporalidad es grandes ) 

Por el resto se  ve un excelente trabajo de tu parte",adry4242,merval,4,2025-02-24 18:50:30,t3_1ixdo6j,t3_1ixdo6j,comment
mevyg9w,"1.  
En Tradingview, con una cuenta gratuita, podes seguir activos argentinos y poner alertas de precios que te llegan a la aplicacion y/o ¿email?.  
Por ej, podes ver Galicia GGAL tanto en NASDAQ como en BYMA (Merval)

En una hoja de calculo de Google podes seguir tus activos usando la funcion GOOGLEFINANCE(), aunque hubo posts acerca de problemas para mostrar acciones del Merval, por ej, GOOGLEFINANCE(BCBA:GGAL, ""price"") o GOOGLEFINANCE(BCBA:YPFD, ""price"").   
De hecho recien probe en una hoja, me funciono con GGAL pero cuando cambie para ver YPF me empezo a dar error. Volvi a GGAL pero tambien error...  
El uso de la herramienta esta en la ayuda. 

En Google Finance tamben podes armar carteras.

Y finalmente la vieja y confiable, pero pesada, Yahoo Finance.  
(te recomiendo EN INGLES, con noticias de alla que son las que mueven al Merval mayormente, excepto cuando nuestros ilustres presidentes hacen cagadas)  
Ahi te armas la cartera y te va tirando el rendimiento diario.  
Por ej, tipeas YPF y te tira cotizaciones en distintas bolsas. [YPFD.BA](http://YPFD.BA) o [GGAL.BA](http://GGAL.BA)

2 y 4.  
No opero aca, aunque he visto que mi banco tiene algunas acciones como DHR, TMO y AMAT que estan en un pozo.

3.  
DCA comprando un ETF como VGT, QQQ o SPY si tu broker los tiene.",lic_ek,merval,1,2025-02-26 11:10:28,t3_1ixdo6j,t3_1ixdo6j,comment
melf0ha,"Muchísimas gracias por responder y toda la data!  
Ahora me voy a fijar lo de la media de 200 periodos.  
Tema repunte de Argentina, vi viendo (con el ¿Merval? de la última foto que adjunte que está volviendo a apuntar para arriba, yo estaba esperando que llegue a un valle para poder ahí comprar y confiar en sacar más porcentaje de ganancia.

Gracias por las últimas palabras de paso, intento lo más que puedo hacer rendir lo poco que gano jajaja.

Edit: Tema FCIs, no vi en TradingView (o no supe encontrar) los fondos argentinos, ¿hay alguna forma mas facil de hacerlo?",themanofthesword,merval,1,2025-02-24 18:58:14,t1_meldcry,t3_1ixdo6j,comment
menurk1,"FCI por Gráfica no encontré, Pero si podés hacerte una cuenta en BullMarket, luego te vas a cotizaciones y finalmente ahí podés ver el listado completo de FCI en tiempo real con los precios actualizados.",adry4242,merval,1,2025-02-25 03:41:36,t1_melf0ha,t3_1ixdo6j,comment
mf046ej,"Depende el tipo de FCI, existe un tipo que rescatas y suscribis en el momento siempre que sea entre las 10 y las 18hs. Pero depende en cual hayas invertido, chequealo",ActTiny1459,merval,11,2025-02-26 23:28:02,t3_1iz4wge,t3_1iz4wge,comment
mf05lt0,"1. Depende el horario, si lo hiciste fuera del horario límite, la suscripción va a entrar como si la hubieses hecho al día siguiente.

2. Si lo hiciste dentro del horario, posiblemente ya estés suscripto pero visualmente recién aparezca mañana. Si este es el caso, ya mañana deberías ver lo que invertiste con su respectiva variación (de hoy a mañana)",arithmetic_mean,merval,6,2025-02-26 23:36:08,t3_1iz4wge,t3_1iz4wge,comment
mf1l2au,"Te conviene desde el banco al menos yo de los brokers renegaba ( para q al final me coman días ) un afanó 

En Galicia si no tenes banco , te creas gratis con la app y laburas de ahí y si haces retiros antes de las 16:00 hs la guita la tenés a la madrugada ya. Mismo lo depósitos etc ... En brokers me pasó que necesitaba el cash para RECOMPRAR acciones en el mismo Broker y me tardo una eternidad eso fue  = a perderme una muy buena oportunidad de ganar .

Así q decido meter al Banco Y en caso necesite de urgencia retiro, y neto acciones sabiendo q el dinero lo tengo inmediatamente bueno a la madrugada en caso sea 24hs.

En cambio en los brokers que probé por más q sean C.I ( contado inmediato) una bosta la espera. Y... Técnicamente en el banco q uso es C.I. real al instante lo tenés incluso en los fones de semana 

[solo uso estos ](https://www.fondosfima.com.ar/es/herramientas/valor-de-cuotaparte-y-rendimientos#)",adry4242,merval,2,2025-02-27 06:25:26,t3_1iz4wge,t3_1iz4wge,comment
mf32955,Que fondo? Bastante raro que corte tan temprano,arithmetic_mean,merval,2,2025-02-27 12:39:26,t1_mf16yv1,t3_1iz4wge,comment
mf3yodj,Depende del horario de corte del FCI. Te puede suscribir al precio de cierre del viernes o del lunes.,Martin_Perril,merval,2,2025-02-27 15:12:36,t1_mf16yv1,t3_1iz4wge,comment
md97qfg,"Me encanta, no sabes como funciona comprar dolar mep, pero sabes que mañana explota todo jajajaj",NearHyperinflation,merval,42,2025-02-17 11:57:17,t3_1irljtx,t3_1irljtx,comment
md9753c,"Me decis los números del quini?

Lo del MEP depende si lo hiciste comprando y vendiendo bonos o usando algo automatizado",szkasin,merval,7,2025-02-17 11:53:59,t3_1irljtx,t3_1irljtx,comment
md98zau,Es que siempre compraba en cuevas. El dólar va a aumentar si o si esta semana.,Successful_Tip_8072,merval,-11,2025-02-17 12:04:04,t1_md97qfg,t3_1irljtx,comment
md98nx5,Los automatizados también lo hacen mediante bonos,LeBroneta,merval,3,2025-02-17 12:02:21,t1_md9753c,t3_1irljtx,comment
md98t7e,Lo hice por Mercado pago. Ya leí que parece que te dan los dólares con la cotización cuando te acreditan.,Successful_Tip_8072,merval,1,2025-02-17 12:03:08,t1_md9753c,t3_1irljtx,comment
md9jg46,"Es feriado en EEUU, no opera la bolsa, solo con operaciones locales caída en torno \~4%",Strong-Motor175,merval,2,2025-02-17 12:57:35,t1_md9hg0x,t3_1irljtx,comment
mdb52p5,Argentina es un pais marginal en el contexto global. No movemos la aguja ni un milímetro. Si Elon compra o vende DOGE tiene mas influencia en el mercado que nosotros.,fogalmam,merval,2,2025-02-17 17:27:02,t1_md9jg46,t3_1irljtx,comment
mcz1ye1,Te recomiendo una app “investmate” es una de las tantas para aprender sobre acciones,Far_Slide_3690,merval,3,2025-02-15 19:09:10,t3_1iqcovb,t3_1iqcovb,comment
md0l1f4,Creo que lo ideal seria que leas la wiki del sub. [Aquí](https://www.reddit.com/r/merval/comments/jiptks/punto_de_partida_para_newbies_en_inversiones_por/) tienes el post.,Martin_Perril,merval,3,2025-02-16 00:26:51,t3_1iqcovb,t3_1iqcovb,comment
mcz2hjb,"Si te interesa el análisis tecnico hay un libro que se llama ""Análisis técnico de los mercados financieros de Jhon Murphy"" que esta bastante bueno.

  
Si te interesa la parte mas de psico trading ""Trading en la zona de Mark Douglas""

  
Ojo que hay mucho garca en este mundo, cuidado con los vende cursos que venden humo, es un camino largo y lleno de piedras, requiere de mucha constancia!",Accomplished_Rip_627,merval,3,2025-02-15 19:12:01,t3_1iqcovb,t3_1iqcovb,comment
md2x0p1,"Según lo que busques. Yo me baso más de matemáticas. Pero es un mundo ambiguo por lo que todo lo que hagas estará bien sumará. Aunque te cag**en.


Yo soy más técnico que fundamental,  Pero todo sirve a mi me resultó , o mejor dicho aprendí a ser más pillo tradeando activos más complejos por naturaleza lo que aprenderlos te ayuda a comprender naturaleza más simples como acciones Índices etc ( siempre se compra ) 😅


Pero a la larga es ADQUIRIR UNA ESTRATEGIA QUE LA VEAS AL MENOS 40% 60% SOLIDA Y Hacer la matematica.


Lo demás suele ayudar , noticias, fundamentos etc. Pero como dije es un mundo recontra ambiguo así que todo suma.

En mi caso reduzco riesgos  y simplifico metodología.


Al final vas a darte cuenta que no es quien mas sabe de... Sino QUE TANTO PROVECHO PODES SACARLE A TU ESTRATEGIA PERSONAL

( Y digo personal porque usa sentido común ) Si haces lo que todos hacen , no crees que el mercado se adelantaría primero ?

Sentido común 🧠",adry4242,merval,1,2025-02-16 12:05:02,t3_1iqcovb,t3_1iqcovb,comment
mdfajer,"Luego de leer lo que otros miembros te sugieren entra a TradingView y carga el grafico de MSFT o MA y empeza a reconocer los patrones ciclicos que aparecen en todas las escalas de tiempo, segundos o dias.

El mercado no es otra cosas que compradores y vendedores tirando de una soga. Es un resorte oscilando alrededor de un punto central que tambien es afectado por otras fuerzas fortuitas.  
Cuando se estira mucho en un sentido u otro cada vez hace mas fuerza en el sentido contrario, se frena en algun punto y cambia la tendencia.

Luego de leer, leer y observar podes abrirte una cuenta demo en, por ej, XTB Latam y probar tus ""habilidades"". Digo XTB entre otras porque es facil fugarl... digo fondearla, y retirar, via exchanger y Neteller. Hay muchas otras con casi cero comisiones y acceso a los mercados de USA, EU, Asia, etc.",lic_ek,merval,1,2025-02-18 10:19:21,t3_1iqcovb,t3_1iqcovb,comment
mcz3rxm,"Gracias por la recomendación! 
 
Si, me imaginé eso de los vende cursos. A mí me prometieron que si me levanto a las 5am a operar en el mercado voy a ser multimillonario. Si no es así, es un embole!",driftkinga,merval,1,2025-02-15 19:18:46,t1_mcz2hjb,t3_1iqcovb,comment
mc70tvc,"Viene para abajo desde que asumió trump el merval, o inevitablemente entró en meceta/correción luego de triplicarse en un año?


No son magia las acciones. Si se duplica o triplica el valor general de un mercado en un año no esperes que siga asi x siempre, no existe.",former_farmer,merval,18,2025-02-11 12:21:21,t3_1in0tar,t3_1in0tar,comment
mc76593,"El mercado de USA va a seguir igual pero con más volatilidad. Va a ser puro histeriqueo de los medios, el mercado como buen cagón que es va a vender ante cualquier cosa, después va a decir uy no era nada o uy no hay alternativa mejor y sube de nuevo. Ver el mercado en el mandato anterior de Trump.

Que la baja del MERVAL coincida con el inicio de Trump es pura coincidencia. En mi opinión está cayendo porque desde un poco antes de esa fecha que empezó a caer, todos, pero TODOS los asesores, analistas, medios, etc empezaron a fogonear el ""nooooo el MERVAL subió demasiado máximo histórico yo tomaría ganancia eh yo no entraría a estos precios eh muy caro carooooooooooooooooooooo"".

Oportunidad de compra y a los manos de papel gracias por regalarme descuentos.",elrond_lariel,merval,12,2025-02-11 12:47:20,t3_1in0tar,t3_1in0tar,comment
mc77rq4,"Despues de un 2024 de triplicar ganancias en el merval argentino es esperable ver un dip tan grande, mas ahora que trump no le da bola a milei y milei ya no esta en el pico de euforia que estaba en 2024, al corto va a seguir cayendo, pero a fines de 2025 si levantan el cepo va a volver la euforia y van a volver a subir como la espuma las acciones del merval, en cuanto a eeuu ya sabemos como funciona trump, de la boca para afuera mucho pero para adentro va a hacer un mandato como el que hizo, que haria y que hago yo ? Yo estoy comprando el dip y holdeando, hoy vi que las acciones argentinas que tenia estan entre un 15 y 20 % abajo ya que venia comprando duro y parejo desde hace bastante, argentina es un mercado como el de las memecoin, no podes predecir nada, asi que como la verdad esperaba un dip grande para principios de 2025 voy a seguir comprando merval y cedears por que estan de oferta, y en 2026 vere si la situacion remonta despues de lo que haga milei en 2025, si sigue todo horriblemente mal me como la domada y me paso a renta fija y cedears, si sale bien manteca al techo, nomas no hay que volverse loco, olvidate del portafolio hasta que se estabilice un poco la situacion, sacar conclusiones ahora no es buena idea es mi opinion",Psychological_Tax869,merval,5,2025-02-11 12:55:08,t3_1in0tar,t3_1in0tar,comment
mc7ehqa,"Ladrillo u oro.

Está todo demasiado volátil, y los que te dicen que esto es un ""Cimbronazo"" entienden lo mismo de geopolítica que un langostino. (O son fanboys de Trump). US va directo a una guerra comercial a nivel mundial y va a generar una recesión como no vemos al menos desde el 2008. Las ON también son riesgosas por las tarifas random que ponen, ejemplo, ahora se garcharon de parado a Techint. Esto recién arranca, pero el caos que se viene es bastante obvio..

Lo del Merval creo que es más complejo. Sin meterme en política, la narrativa actual del gobierno no estaría ayudando a generar confianza en los inversores. La sensación es que están completamente en otra. El cepo, el nivel de impuestos, y la baja venta/productividad tampoco estaría ayudando. Mi predicción, basada únicamente en mi percepción y no en la realidad, es que va a caer unos meses más y se va a recuperar.

Para mí acá es sacar todo, esperar a que pase el caos (Que puede ser un año), y tratar de entrar en el punto más bajo. Pero bueno, es una opinión subjetiva, si pudiesemos predecir el mercado con exactitud no estaríamos en Reddit.",ErgoMachina,merval,4,2025-02-11 13:27:07,t3_1in0tar,t3_1in0tar,comment
mc76bre,"En mi caso acabo de cerrar ""TODAS""  mis posiciones. Ví que la mayoría de acciones cerró menos del -16%  desde Enero de este año.

No obstante sigo teniendo esperanzas que sea una corrección más del montón que hubo. Así que le seguiré dando buscando ratios más largos.

Por otro lado si tenés más de 100 acciones en tu portafolio ( y sos de los que la dejan mucho tiempo )  y al menos querés cubrirte en las caídas o laterales podés hacer contratos de opciones : [VENTAS CALL CON MIS PROPIAS ACCIONES DE RESPALDO](https://www.reddit.com/r/Inversiones/s/5ywxQx3RPK)

Y de esta forma estarías cubriendote y mientras  ganando dinero a su vez aguatas tus posiciones en tu portafolio ( que es lo que de por si ibas a hacer )👌🫂",adry4242,merval,2,2025-02-11 12:48:11,t3_1in0tar,t3_1in0tar,comment
mc7beq6,"Simplemente ciclos del mercado el cual debes estudiar para saber moverte ya que es la brujula del pirata, el gps del avion, el motor de un auto, etc. Lamentablemente en la era Trump le tocara el bear market. 
El bull market comenzo en octubre 2022 en todo el mundo. 
Otro error de la gente, el merval no subio por Milei, el merval viene subiendo desde octubre 2022.

Todo el mercado se mueve a traves de estacionalidades y ciclos. Los institucionales , fondos de inversion, etc mueven su liquidez en base a eso. 

llegara el invierno a los mercados y alli se injectara la liquidez correspondiente",Firm_Translator_8623,merval,2,2025-02-11 13:12:33,t3_1in0tar,t3_1in0tar,comment
mc7bcyy,Cómo ven los bonos hard dollar este año?,Subject_Operation_88,merval,1,2025-02-11 13:12:19,t3_1in0tar,t3_1in0tar,comment
mc714u8,"jaja pero no es un cimbronazo si ves que el ""hombre mas poderoso del mundo"" va a pasar los proximos meses boludeando la economia mundial, mientras tanto haces una diferencia, o evitas perder capital.",hjf2014,merval,-6,2025-02-11 12:22:52,t1_mc7052b,t3_1in0tar,comment
mc77mrj,"claro jeej el tema es que es volatil en eeuu y en argentina es volatil a la baja. se levanta, pero cada vez menos. creo que mucha gente se asusta y pasa todo a dolar o a renta fija.

igual como siempre digo, el problema argentino es que el emrval mueve en un dia, lo que en eeuu mueve una accion. 

son 5 tipos que si uno liquida, cayo 20% y todos entran en panico. volatilidad trumpista compuesta con volatilidad de mercado chico.",hjf2014,merval,1,2025-02-11 12:54:28,t1_mc76593,t3_1in0tar,comment
mc797tz,"creo que tenemos la misma lectura

pero el tema es, una cosa es ser long term y otra cosa es ser boludo. si ves que viene con una clara tendencia bajista y encima con un 20% abajo.

yo estoy lejos de perder capital. entré al mercado (de nuevo) a principios de 2023 y pase por el massazo y por la euforia mileiista. gane mucha guita, pero tampoco me voy a quedar en un mercado que se va a pique, expectante a un acuerdo con el fmi que (en mi opinion) tendrá un resultado tibio, y un eventual levantamiento del cepo que, con toda suerte, llegaria a fin de año.

en el mientras se pueden buscar alternativas.",hjf2014,merval,1,2025-02-11 13:02:01,t1_mc77rq4,t3_1in0tar,comment
mc77z53,"la AI bubble es muy real y se viene hablando de esto hace varios meses, lo de deepseek fue ""la señal que esperaban los mercados"".",hjf2014,merval,2,2025-02-11 12:56:07,t1_mc76kov,t3_1in0tar,comment
mcawjpl,"Esto! Pienso algo parecido pero no veo la forma de invertir en ""algo chino"" ademas tambien nos falta conocimiento de ese mercado y empresas... me da que BYD, XIAOMI, no se... las conocidas pero seguro hay todos los dias empresas que prometen como fue deepseek y nadie la vio venir por no tener conocimiento de ese mercado.",niko3100,merval,2,2025-02-11 23:51:34,t1_mcatfae,t3_1in0tar,comment
mccv4ve,"BABA subio mucho desde lo de DeepSeek.  
EDU y TAL son volatiles y sirven para timbear de un dia para el otro, o en rango de tiempo de unos dias.  
NTES, TCEHY, BIDU, JD, BYDDF son otras.  
MCHI el ETF de iShares basado en China. Podes ver que companias, y en que porcentaje, componen el fondo.

Ni idea si los brokers y/o bancos arg las incluyen. Quiero creer que BABA y MCHI o ETF similar estan disponibles.

En Uruguay hay brokers que te abren una cuenta y tienen acceso a las bolsas de USA, UK, EU, Asia. La mayoria eran introducing brokers de Saxo Bank hasta que este se abrio de ZurdAmerica.",lic_ek,merval,1,2025-02-12 09:49:18,t1_mcatfae,t3_1in0tar,comment
mcaonu8,"Claro, decime a mi que invertí en YPF a 511 y vendí como un bldo a 755… Imagínate si lo hubiese aguantado 4 añitos nomas.",Extension-Pin-1504,merval,3,2025-02-11 23:05:26,t1_mcak96q,t3_1in0tar,comment
mc73p7p,Si invertis a largo plazo aprovechas la bajada para comprar más. Llamate apostador en vez de inversor,Investor491,merval,19,2025-02-11 12:35:28,t1_mc714u8,t3_1in0tar,comment
mc8fdq0,">va a pasar los proximos meses boludeando la economia mundial

Y es más o menos lo mismo que hizo en su primer mandato. Hay que tener mucho cuidado mientras dure en el poder.",PastichoConTuco,merval,2,2025-02-11 16:19:10,t1_mc714u8,t3_1in0tar,comment
mc73pp4,"tal cual. cimbronazo fue lo de la baja de tasas de Japon el año pasado o lo de Deepseek hace unas semanas. Esto ya no es un cimbronazo, es para estar muy atentos, trump está loco y el mercado se pone loco en consecuencia. muy dificil saber como va a terminar esto...",Neat_Invite187,merval,0,2025-02-11 12:35:32,t1_mc714u8,t3_1in0tar,comment
mc75pqo,Capo claramente las inversiones de renta variable no son lo tuyo. Hace plazo fijo y vivi feliz.,UNDERNERF,merval,19,2025-02-11 12:45:16,t1_mc71hd8,t3_1in0tar,comment
mc7d7am,"Hermano, hubo acciones que subieron un 300%, yo siendo un pelotudo en Supervielle clave un 115% en pesos, un 120% en IRSA, AUSO un 125% y Morixe un 185%... mira esos numeros y decime que un 20% es una caida pronunciada, te habla un tipo que es un gil...  
No va a subir por siempre.  
Como ejemplo, Amazon la compre en 80 dolares, en un momento cayo de 170 dolares a 130, un dolor de pelotas, hoy esta como 200 dolares.",TeComproCafecitos,merval,7,2025-02-11 13:21:04,t1_mc71hd8,t3_1in0tar,comment
mc73cj1,"Compraste caro? Bueno asi se aprende. Justo en argentina vienen a invertir esperando estabilidad y crecimiento despues de un año record.


Que se yo.. empezo a caer el merval 2 semanas antes de que asumiera trump.",former_farmer,merval,5,2025-02-11 12:33:45,t1_mc71hd8,t3_1in0tar,comment
mc9vvm6,"Y bueno...si no la ves de ningún modo salí... Qué más decirte?

Yo invierto en cryptos, un 20% arriba o abajo no me cambia mi visión a futuro. Me puedo equivocar? Sí. Para eso gestiono el riesgo. Pero invierto con convicción, si no, no invierto.",Vegetable_Wolf6194,merval,3,2025-02-11 20:26:31,t1_mc71hd8,t3_1in0tar,comment
mc7adwv,">creo que mucha gente se asusta y pasa todo a dolar o a renta fija.

No necesariamente, el big money no es tonto. Tené en cuenta que gente vendiendo no es la única razón para que el mercado baje. El precio de mercado es la relación del precio de las cajas de punta, es decir, el mercado también puede bajar si simplemente hay menos gente comprando.

Y de nuevo lo de Trump acá fue coincidencia para mí.",elrond_lariel,merval,1,2025-02-11 13:07:39,t1_mc77mrj,t3_1in0tar,comment
mc7b0xs,"Estoy de acuerdo, por eso mismo si estas lejos de perder capital y te da cosa pasate a renta fija y ya esta, o pasate a cedears, yo creeria o quiero creer segun lo que fui leyendo y viendo que este 2025 va a ser o muy bueno o muy malo, depende que tanto te guste la timba, si te parece que es momento de tomar ganancias y salir buenisimo, yo por el momento ( ojo, puedo pecar de boludo como bien decis ) prefiero no vender y seguir comprando todo a dos mangos, todos sabemos que en junio julio se viene una devaluacion del carajo por el tema de las elecciones y el dolar, yo por lo menos tengo bien diversificada mi cartera, asi que lo que pierda en merval lo voy a ganar en cedears, asi que la balanza esta MASOMENOS equilibrada, ahora si la situacion se estabiliza y hay crecimiento gano x2, por la devaluacion de los cedears y la subida del merval, como no me tiembla el pulso y tengo una fuente de ingresos masomenos estable y no tengo deudas ni gastos practicamente puedo darme el lujo de jugar con fuego sabiendo que puede salirme muy mal y quemarme, pero entiendo totalmente si queres salir ahora del mercado, depende mucho del contexto, si ya estas en verde y te da miedo el merval vende todo y pasate a renta fija o cedears, si estas diversificado bien y no te tiembla el pulso o te chupa un huevo el corto bueno, es buena opcion en mi opinion comprar, lo que vos decidas decidilo leyendo y con tu estrategia, no guiandote de lo que digan boludos y randoms en un reddit",Psychological_Tax869,merval,2,2025-02-11 13:10:42,t1_mc797tz,t3_1in0tar,comment
mc746ff,"nunca falta el comentario pelotudo de ""hay que aprovechar la baja""


que capital querés que invierta? el capital que tengo destinado a inversiones ya está adentro.


poner más guita sería apostar.",hjf2014,merval,-26,2025-02-11 12:37:49,t1_mc73p7p,t3_1in0tar,comment
mch5j7y,"entré a principios de 2023. tengo en fondos desde entonces, les voy metiendo algo de vez en cuando. 

lo otro, tengo un poco mas en acciones y estaba viendo que hacer con eso.",hjf2014,merval,1,2025-02-12 22:38:40,t1_mch4u5p,t3_1in0tar,comment
mc756ue,"lo que decis está clarisimo. todo lo que está caro en algun momento va a bajar... despues de un año record es muy dificil crecer.. etc..

ahora bien, entendiendo ese panorama, qué conviene hacer? yo estoy como el muchacho del post, no sé si quedarme invertido en renta variable y esperar si a mediano plazo se recupera mi inversion, o si liquidar todo y pasarme a renta fija, al menos hasta que el precio del mercado se acomode un poco y sea rentable volver a comprar",Neat_Invite187,merval,1,2025-02-11 12:42:46,t1_mc73cj1,t3_1in0tar,comment
mcekxkd,"DeepSeek no cotiza en bolsa.  
Me referia a que una empresa flagship china es Alibaba, BABA, que luego de un par de anuncios relacinados a IA se disparo de 80 a 120 en dias.",lic_ek,merval,1,2025-02-12 15:08:28,t1_mcd0qxc,t3_1in0tar,comment
mc78m46,"No, si invertis a largo plazo y estas seguro de los papeles que compraste por que en teoría sos de esa clase de inversor, compras más. Si compraste porque viste que tenia un lindo grafiquito y no sabes ni el Gross Profit que maneja la empresa entonces sos un apostador y si, estas jodido",Investor491,merval,18,2025-02-11 12:59:08,t1_mc746ff,t3_1in0tar,comment
mch69bp,"Ah sí, si estás desde 2023 en el merval y ya venís ganando entonces no me parece mal reducir algunas posiciones si pensas que va a caer mas",dario1913,merval,1,2025-02-12 22:42:38,t1_mch5j7y,t3_1in0tar,comment
mc78r7o,"yo no tengo nada contra Trump, economicamente le tenia mucha fe. el tema que te sale con medidas que ni el mercado preveía. con eso me refiero a ""loco""... las cripto no saben qué hacer ante este panorama, la renta variable está super inestable. será que no soy el único que piensa que es muy impredecible Trump. no lo llames loco, llamalo indescifrable o impredecible, que se yo... pero no era el punto del debate",Neat_Invite187,merval,9,2025-02-11 12:59:49,t1_mc75cms,t3_1in0tar,comment
mc7b6th,"Los bancos y fondos. Y sí, tb algunos privados.",elrond_lariel,merval,3,2025-02-11 13:11:29,t1_mc7axpc,t3_1in0tar,comment
mch8ot5,"no se si va a caer mas, el tema es que no se ve que vaya a remontar. dudo muchisimo que se recupere ese 20% en los proximos meses con el limbo en el que estamos con trump metiendo aranceles, la inflacion en USA, el crash de las IA, y de nuestro lado, un potencial acuerdo con el fmi (que no va a tener ningun efecto en el MERVAL, quiza si en los bonos) y el cepo recien para fin de año.

considerando la tasa de un PF del 30%... hoy en dia parece mas atractivo.",hjf2014,merval,1,2025-02-12 22:55:51,t1_mch69bp,t3_1in0tar,comment
mc7oano,"Mi comentario fue de buena onda. Mirá, si uno se pone en la mente que está invirtiendo a largo plazo sabe que no tiene que tocar la cartera de acá a 5 años... Si no estás preparado para aguantar ese tiempo y vas a estar viendo cada 2 segundos la cuenta para ver si sube o baja, la vas a pasar mal.  
Te lo digo por experiencia. Si vas a estar vendiendo cuando baja y comprando cuando sube vas a perder mucha plata. Tenes que estar convencido y con fundamentos a la hora de comprar una accion o un cedear. No lo hagas porque lo dice Pepito X en Twitter.",Extension-Pin-1504,merval,7,2025-02-11 14:13:08,t1_mc76lgx,t3_1in0tar,comment
mc7ta04,El tema es que justo argentina / el merval puede ser un suicidio. Es un mercado de alto riesgo y hay que saber lo que se hace.,former_farmer,merval,2,2025-02-11 14:36:36,t1_mc7oano,t3_1in0tar,comment
mc9ts33,">Si. Tambien dijo un trillon de cosas que iba a hacer y nunca hizo. Ese es el punto, es impredecible

Asumió hace cuánto? Un mes? Ah! No... Todavía no...

El mercado financiero consiste en la transferencia de dinero de los impacientes hacia los pacientes...no recuerdo quien lo dijo, pero tiene bastante razón",Vegetable_Wolf6194,merval,2,2025-02-11 20:15:24,t1_mc7o7kk,t3_1in0tar,comment
mcu6wr2,"Jajajaja! Ningún fanático, ni siquiera adepto y nada de querer pelear, sólo me parece exagerado hablar de promesas incumplidas y demás a tan poco tiempo de asumir. 
Creo que el tipo tiene una forma de negociar cuál si fuera un regateador y eso genera incertidumbre mientras se está negociando, pero al mercado le ' gusta su estilo' por eso reaccionó al alza cuando ganó.  Para mí, cuando termine de negociar y achique un tanto el Estado los mercados van a volver a subir, sólo hay que ser paciente",Vegetable_Wolf6194,merval,1,2025-02-14 23:15:27,t1_mctu95h,t3_1in0tar,comment
mdtoz6h,"Las estrategias de cobertura se usan cuando invertís a corto plazo, no a largo plazo. Si vas a mantener las inversiones por ""no menos de 10 a 15 años"" como mencionás, se supone que tenés que dejarlas y no tocarlas sin importar que el precio de la acción caiga en el corto o mediano plazo, porque a la larga se va a recuperar sola.

Prácticamente hay 2 movidas que podés hacer ante un mercado bajista si invertís a largo plazo:

1. La más importante es evaluar si los fundamentos de tu inversión cambiaron. Vos invertís a largo plazo en una empresa, sector, commodity o índice sobre los que tenés fundamentos que te hacen pensar que a largo plazo esas empresas o sectores van a crecer o el precio de esos commodities van a subir, entonces no importa que el precio caiga por cuestiones que no afectan a esos fundamentos, porque en ese caso el precio va a volver a subir eventualmente. Por el otro lado, si los fundamentos cambiaron, por ej la estrategia de negocios de una empresa dio un volantazo de 180 grados o se descubrió una reserva ilimitada de un commodity, entonces sí, tenés que volver a hacer tu evaluación para ver si te conviene mantener o asumir la pérdida y vender.
2. Si hay un porcentaje de pérdida que no estás dispuesto a asumir, ponés un stop loss. La decisión es mucho más complicada de lo que uno pensaría, porque tranquilamente el mercado se puede recuperar al poco tiempo de que se gatilla tu stop loss y salís perdiendo innecesariamente.

La incompatibilidad de las estrategias de cobertura con la inversión a largo plazo se debe más que nada a dos cuestiones:

* Tienen un costo que no tiene sentido pagar por años.
* Te hacen tener que estar pendiente del mercado.",elrond_lariel,merval,9,2025-02-20 13:24:00,t3_1iu1baa,t3_1iu1baa,comment
mdtiffm,"Los puts son caros, te comen el capital con el tiempo, no es para estar permanente parado en puts.

En mi experiencia, los puts solo sirven en momentos puntuales donde debido a algún evento como puede ser los earnings de la empresa, esperas una gran volatilidad y apostas a una gran subida pero querés cubrirte de que salga al revés.

Si vos pensas que no hay gran crecimiento por delante, que va a ir mas bien horizontal, una opción el lanzar covered calls por tus acciones, con lo cuál recibís una prima y el tiempo juega a tu favor. 

Podes usarlos tanto en un mercado bajista o alcista eligiendo el strike al que vos crees que va el mercado.

El único riesgo que conllevan es que en una suba fuerte del mercado podes perder gran parte de esa potencial ganancia.

Los covered calls se pueden complementar comprando puts con parte de la ganancia del call, eso se llama collar, pero otra vez, en mi experiencia solo tiene sentido en víspera de un evento como, por ejemplo, los earnings de una empresa o anuncios de la Fed en un indice.",MountainAd4381,merval,4,2025-02-20 12:53:22,t3_1iu1baa,t3_1iu1baa,comment
mduf68b,"No ... 

No es un put

Si vos querés ""CUBRIRTE TENES QUE HACER UN COVERED CALL"" SOBRE TUS SUBYACENTES


ES LA UNICA FORMA DE CUBRIRTE Y TENER LOTES CLARO , si queres te explico fácil el por que



Acá hice un post sobre [CALLS de acciones ](https://www.reddit.com/r/Inversiones/s/TgiZMWxdh6)



Funciona siempre igual
Siempre que tengas 100

""VENDES"" UN CALL 

GANAS ( USUALMENTE UNA PRIMA A GUSTO O PRECIO COMPETITIVO )

MIENTRAS TENES TUS ACCIONES ASI PORQUE SI EN EL PORTAFOLIO,

otro beneficio es la Recompra de la opción ya que estás ganando la diferencia de la venta vs la compra y eso entra directamente a tu cartera eliminando el colateral ( que son tus acciones )



Nota: La mayoría de los comentarios te tiraron fruta.


En realidad no tenes riesgo o es técnicamente nulo, el único riesgo es que llegue al strike Price Pero da igual si tú enfoque es volver a comprar la acción Siempre elegí strikes lejanos cosas que cobres las Primas.

""TODO ESTO"" VIENDO DESDE EL PUNTO DE VISTA VENDEDOR 


lo que mencionan en los comentarios es porque lo ven como comprador y eso si es apostar y no merece la pena 


Pero en resumen :


Busca COVERED CALLS 

Que es ""VENDER"" TU CONTRATO POR LA OBLIGACION DE DARLE LAS ACCIONES A UN DETERMINADO PRECIO ""STRIKE PRICE'

A CAMBIO DE UNA ""PRIMA"" QUE ES ( DINERO )


EN FIN CUALQUIER COSA ME CHFLAS Y TE ORIENTO EN LOS RIESGOS ETC 🤙🤙🤙

( PERO YA TE DIGO , ES ""NULO"" ) YA QUE POSEES EL ACTIVO SUBYACENTE

Y cobras PRIMAS mientras 🫰",adry4242,merval,2,2025-02-20 15:23:39,t3_1iu1baa,t3_1iu1baa,comment
mdvu4se,Publicalo aquí en Merval así sirve como ejemplo,Martin_Perril,merval,1,2025-02-20 19:18:56,t1_mduf68b,t3_1iu1baa,comment
mdw46hx,"Estaría bueno , pero sabes que quiero subir acá a merval 
 Pero no me deja , me tira no se que onda del karma jaja 🤷🏻‍♂️",adry4242,merval,2,2025-02-20 20:08:33,t1_mdvu4se,t3_1iu1baa,comment
maytqym,"Buenas. Trabajo en seguridad informática como hacker etico. Sí, se puede. Hay cuatro grandes formas.

1) phishing. Te mandan a algun lugar donde pongas tus datos. 

2) vulnerabilidades del mismo sitio. Pueden necesitar o no, interaccion del usuario. A veces existen vulnerabilidades que permiten que vos toques un boton X y al final se genera una accion Y. A veces es un robo de la base de datos. Hablando de paypal es poco comun y poco persistente. De todas formas ya pasó alguna vez (no te asustes, pasó con muchos lugares de renombre)

3) Malware. Tenes un bicho en tu dispositivo. Hoy en dia no es TAN común porque el mercado de ganancias del malware va por otro lado hoy en dia (miners y ransomware)

4) Lo mas, mas usual: que estes reutilizando credenciales. Cómo habiamos hablado en el 2, es normal que extraigan bases de datos con credenciales de muchas paginas. Estas ademas se pueden consultar a vece. Al reutilizar contraseñas es muy facil porque simplemente reintento ese correo con esa password en otras plataformas hasta que tenga un acceso. Tendria EXTREMO cuidado y obviamente usaria passwords seguros (que también significa que no reutilicen las mismas 40 veces). No estoy profundizando pero espero que la advertencia sea clara.",pelado06,merval,3,2025-02-04 15:42:54,t3_1ihmg3w,t3_1ihmg3w,comment
me1lbeu,Hace meses estoy esperando que suban el balance que cerró en agosto. Soy hincha pero no le pongo un peso si no muestran los números,Investor491,merval,21,2025-02-21 16:43:12,t3_1iuzigm,t3_1iuzigm,comment
me2df3j,"Ni loco pongo un peso ahi. El futbol es un despelote, la AFA otro tanto, en el medio representantes, jugadores, periodistas que se meten en el barro por dos monedas.

Y los barras bravas?. Naaaaaaaaaaaa

Dejá, prefiero comprar una memecoin.",Creepy_Spread_2074,merval,11,2025-02-21 18:58:57,t3_1iuzigm,t3_1iuzigm,comment
ment8u9,Gillet foster les cago 10.000.000 de dólares con eso te digo todo .saludos,Soft-Dragonfruit-244,merval,0,2025-02-25 03:27:57,t3_1iuzigm,t3_1iuzigm,comment
me21yi7,Muchos patean los pagos y crean otros bonos,Filthy-Pirate-6342,merval,6,2025-02-21 18:04:39,t1_me1xqzx,t3_1iuzigm,comment
md6pg08,"No se puede de manera “tradicional”, una medida con fines de que en momentos de estabilidad/crisis no se aprovechen fondos -buitres- para crashear el mercado; Argentina no crecería.

Podes hacer cosas parecidas con opciones/futuros. [Aca](https://www.reddit.com/r/merval/s/EjiOk4LpDT) mas info",Martin_Perril,merval,7,2025-02-16 23:54:19,t3_1ir8oai,t3_1ir8oai,comment
md714xf,"Shortear consiste en tomar prestada una accion de alguien, venderla, y cuando se vence el plazo recompras la accion para devolversela al dueño. Si el precio de la accion bajo, ganaste plata.

Es posible transferir acciones entre personas, pero por lo que veo tenes que ir presencialmente.

[https://cajadevalores.com.ar/tramites/?tipoCliente=4&tipoTramite=13&tramiteId=43](https://cajadevalores.com.ar/tramites/?tipoCliente=4&tipoTramite=13&tramiteId=43)

Queres shortear? Camine señora, camine",coyoteazul2,merval,7,2025-02-17 01:08:02,t3_1ir8oai,t3_1ir8oai,comment
md7y5m0,"Imaginate que la acción suba como piña y la comitente shorteadora no tenga fondos para recomprar y devolver? Que pasa con el dueño, el broker le tiene que devolver las acciones pagandolas de su bolsillo? Como le cobra a alguien que quedó en rojo? Porque más que tirarlo al veraz, vender a perdida la deuda a una empresa de cobradores y no dejarlo operar no pueden hacer.
Sé que en usa se manejan de ciertas maneras y lo hacen, pero no lo veo viable acá. 
Lo más cerca que podes hacer para aprovechar las bajas, con opciones, es comprar puts y revenderlos o vender calls y recomprarlos (aunque esta última te pide tener las acciones de respaldo y la baja del activo te la comes). También está limitado a una docena de empresas de las cuales solo ggal tiene liquidez decente.
La otra que te queda es comprar el dip.",Frauvalhallen,merval,2,2025-02-17 05:52:28,t3_1ir8oai,t3_1ir8oai,comment
md89402,"La mejor opción que tenés actualmente es vender futuros en ROFEX, que lo podés hacer en la mayoría de brokers, ya sea del índice RFX20 o GGAL.

En RFX20 por ej, dejás una garantía de 40.000 p/cto (en letras preferentemente, que es lo que más afora), y te exponés por 350.000.",TodoPor2Pesos,merval,1,2025-02-17 07:44:30,t3_1ir8oai,t3_1ir8oai,comment
mdah7jl,"No podes shortear acciones directamente, pero podes shortear via opciones, es un poco mas complejo (yo todavia estoy aprendiendo al respecto y recien voy pocas operaciones, pero se puede). Podes usar cualquier broker que te de acceso a la matriz (cocospro creo q lo hace por ejemplo).

Yo ahora estoy usando eco valores, que te da acceso a la matriz sin pedirte ninguna membresia o minimos realmente",Luchog96,merval,1,2025-02-17 15:37:19,t3_1ir8oai,t3_1ir8oai,comment
mddbzcw,Me contó un pajarito que si alquilas acciones para hacer short de enteran todos los grandes jugadores y le suben el precio para cagarte. La única forma viable de shortear argy es con puts.,Orphenvg,merval,1,2025-02-18 00:23:56,t3_1ir8oai,t3_1ir8oai,comment
mda7i3j,"Eso que decis no es culpa de la herramienta, sino del broker que opera mas alla de sus posibilidades. Eso se resuelve con una CNV que no permita hacer boludeces y controle bien de cerca a los brokers. Ademas, eso que decis puede pasar en todos lados del mundo y sin embargo se hace.",International_Mud141,merval,1,2025-02-17 14:53:24,t1_md7y5m0,t3_1ir8oai,comment
md6rp24,"Teóricamente es efectivo desde 2018 y nunca mas hubo una noticia sobre ello (al menos que yo sepa) pero todavía no conozco ningún broker que lo implementara.

Me quedo atento al post si alguien sabe algo :)",Martin_Perril,merval,6,2025-02-17 00:08:10,t1_md6pvib,t3_1ir8oai,comment
mdbx4pp,"Mira, en usa se hace, si, y encima te dejan hacer margin de hasta 50% de lo que pusiste máximo por ley. Si un trade te deja en rojo ellos te pueden vender todas las otras posiciones. Si seguis en rojo te pueden embargar el sueldo dejandote solo algo asi como 40 horas semanales a minimum wage (alrededor de 800 verdes mensuales y se quedan con el resto empomandote con intereses además) y te destruyen el credit score.
Si seguis debiendo te pueden rematar la casa y el auto.
En argentina la ley es una tortuga, conozco un boga que hizo demorar un juicio 10 años a base de presentaciones y llamadas a mediaciones. Ningún broker se va a animar a exponerse a eso. Es más fácil solo permitir que revientes la plata que pusiste hasta quedar en cero.",Frauvalhallen,merval,1,2025-02-17 19:40:05,t1_mda7i3j,t3_1ir8oai,comment
md765ah,"No son boludos, tienen robustez, volumen,  inversores dispuestos a prestar a tasas lógicas. no tienen crisis ciclicas  y condiciones que aca no tenemos.",niconline,merval,4,2025-02-17 01:43:03,t1_md70v3g,t3_1ir8oai,comment
md8wrgx,"Se puede. Tenes que buscar la plaza de alquiler de papeles. Galicia, YPF. Pagas una tasa por alquilar el papel, y una vez que te lo alquilan podes shortear. Pero lo tenes que hacer con la mesa, la plaza de alquiler no te sale en Matriz o Gallo solo en la EOMM de BYMA",Ok_Building8506,merval,2,2025-02-17 10:53:15,t1_md6rp24,t3_1ir8oai,comment
md7dcff,"No tiene nada que ver, con tu criterio no tengamos mercados financieros y listo. El short es lo mismo que comprar long en sentido inverso, le aporta el mismo peligro a la sociedad que el long. En cambio no tener short perjudica al sistema dado que el sistema no tiene herramientas para la corrección de precios, se queda con menos liquidez y desincentiva la participación de inversores institucionales.",International_Mud141,merval,1,2025-02-17 02:38:09,t1_md765ah,t3_1ir8oai,comment
mesfe87,"Si vas a hacerlo con Galicia o Ypf, no seria mas simple o practico hacerlo con futuros en Matba / Rofex?",AddressFair4059,merval,1,2025-02-25 20:08:56,t1_md8wrgx,t3_1ir8oai,comment
md8mcs2,"No es ese mi criterio  y mucho menos mis conclusiones. mi criterio es que los argumentos por los que no se ofrecen short en la bolsa argentina me convencen a mi particularmente, cualquier otra interpretación corre por tu cuenta y esta perfecto si no coincidís. saludos",niconline,merval,2,2025-02-17 09:43:04,t1_md7dcff,t3_1ir8oai,comment
mdo6mlf,"Gracias, sigo sin entender igual jajaja. Vos ya experimentaste con eso? Es que no se como acceder / a que te refieres con la mesa de dinero de la ALyC? Osea entiendo que al pedir prestado le estas pidiendo acciones a la AlyC (que tiene que tener disponibles y compradas). Además, nunca escuche EOMM ni como funciona.",Martin_Perril,merval,1,2025-02-19 16:46:24,t1_mdjhmwa,t3_1ir8oai,comment
mdo6n58,"Gracias, sigo sin entender igual jajaja. Vos ya experimentaste con eso? Es que no se como acceder / a que te refieres con la mesa de dinero de la ALyC? Osea entiendo que al pedir prestado le estas pidiendo acciones a la AlyC (que tiene que tener disponibles y compradas). Además, nunca escuche EOMM ni como funciona.",Martin_Perril,merval,1,2025-02-19 16:46:28,t1_mdjhmwa,t3_1ir8oai,comment
mdo8ta5,"Ahhh creo que entendi, no es la ALyC misma que te presta la accion, sino otro inversor como vos que está dispuesto a prestarla. 

No sabía que vos podes pedirle al agente que te habilite esa opcion; sin embargo, la tasa la decidis vos o como es? Y que es PPT?

Gracias nuevamente, lo agradezco",Martin_Perril,merval,1,2025-02-19 16:56:05,t1_mdo7bgf,t3_1ir8oai,comment
mey6wub,"No sé si es lo que estás buscando, pero yo suelo mirar los vivos de Rava Bursatil. Hacen un programa de 1 hora todos los días habiles, a las 9:45 de la mañana. No son cursos, sino que hacen un repaso de como ven el mercado cada mañana y las novedades que van surgiendo (noticias, balances de empresas, etc.).",Hyraun,merval,7,2025-02-26 17:34:13,t3_1iyxazo,t3_1iyxazo,comment
mey7cwm,"Zcoin TV y Scottfdx, son mas scalpers pero por q es el formato que mas se adapta al stream, pero hacen de todo tipo de trading y en su discord tienen un monton de material formativo!",Accomplished_Rip_627,merval,5,2025-02-26 17:36:16,t3_1iyxazo,t3_1iyxazo,comment
meybbkx,Los que saben dedican el tiempo a hacer inversiones.,FuckYouAfip,merval,4,2025-02-26 17:54:11,t3_1iyxazo,t3_1iyxazo,comment
mey9dxt,No. Los que tienen la posta no tienen tiempo para andar en redes sociales ni una motivación para hacerlo. El que está ahí está para encajarte un curso. Además en el fondo todos sabemos que a diario muchas de las decisiones que se toman son con el pito duro y la cabeza apagada y eso no se enseña.,ThatAmazingHorse,merval,8,2025-02-26 17:45:27,t3_1iyxazo,t3_1iyxazo,comment
mezfp1g,"joven inversor, su contenido es de inversiones en gral y cada tanto habla de trading. Hace análisis semanales de los mercados yanquis, argentino y criptos. Son muy escuetos esos análisis. No sé de nadie que suba buen contenido de trading de forma constante. 

La verdad la veo difícil encontrar algún buen trader compartiendo consejos en YT, lo que más funciona ahí es vender humo y el algoritmo banca eso.

Ya si vive en Dubai te diría que es una redflag, si el perfil es de ponzibro otra redflag. 

El verdadero trader es un gordo compu.

Creo mas no estoy seguro, que Ivan Scherman vendía un curso de trading. El chabon es el bicampeon mundial de trading en wallstreet.

Consejo, si vas a hacer trading que sea porque te gusta, no para hacer plata. Para sacar una monedita vas a tener que tener un capital enorme o estar horas mirando los gráficos. Cualquier laburo te es más rentable.",Spirited-Hippo-5673,merval,1,2025-02-26 21:13:48,t3_1iyxazo,t3_1iyxazo,comment
mf25l5r,"en el trading viejo amigo nadie te regala nada, si te venden capacitaciones no te van a dar las herramientas para que puedas defenderte solo, porque dejarías de ser un cliente..",PuzzleheadedEbb5003,merval,1,2025-02-27 09:30:50,t3_1iyxazo,t3_1iyxazo,comment
mf49xc5,"Estadísticamente day trading es casi lo mismo que quemar plata para un persona Pero bueno, a cada uno lo suyo.",5ofDecember,merval,1,2025-02-27 16:05:36,t3_1iyxazo,t3_1iyxazo,comment
mezh0ew,"sí lo conozco, pero tengo entendido que él hizo mucha plata por afuera del trading",PancuterM,merval,1,2025-02-26 21:20:53,t1_mezfp1g,t3_1iyxazo,comment
mf4wl6y,"Es verdad pero bueno, hay un porcentaje de gente que llega ser rentable",PancuterM,merval,1,2025-02-27 17:52:42,t1_mf49xc5,t3_1iyxazo,comment
makxlud,"Che no digas miserables restos jaja. Si no te querés quemar la cabeza, 300/400 usd al mes en SPY debería, porque no podemos predecir el mercado, escala MUY fuerte a largo plazo (10/20/30 años). 

Ya si querés hacer plata en corto plazo hay otras alternativas, obviamente si estás dispuesto a asumir el riesgo que esto conlleva.",dank-monkl,merval,54,2025-02-02 14:05:58,t3_1ig18mm,t3_1ig18mm,comment
mal6hhf,"Asumiendo que no es *black*, si querés seguir dolarizándote, y siendo este subreddit un sub de inversión, te tengo que impartir la máxima

*Atesorar no es invertir*

Podés buscarte algún fondito USD Money Market o alguno de bajo riesgo que *suelen* dar entre 4% y 8% anual dependiendo el riesgo (generalmente son fondos en ONs).",FoxtrotAlfa0,merval,21,2025-02-02 14:46:43,t3_1ig18mm,t3_1ig18mm,comment
makvq6u,"200 en btc y 200 en spy, eso haria yo (no es recomendacion de inversion)",Background_Session42,merval,8,2025-02-02 13:57:17,t3_1ig18mm,t3_1ig18mm,comment
malhgjl,este sub deberia ser r/ayudafinanciera en vez de r/merval,[deleted],merval,11,2025-02-02 15:35:37,t3_1ig18mm,t3_1ig18mm,comment
mal31zm,"el dolar esta barato, si tu objetivo son dolares para emergencia creo que lo mas simple es que compres mep y guardes en la caja de ahorro",plantul,merval,8,2025-02-02 14:31:13,t3_1ig18mm,t3_1ig18mm,comment
maktxc7,Mervaleta,[deleted],merval,7,2025-02-02 13:48:47,t3_1ig18mm,t3_1ig18mm,comment
manobzq,"Según el riesgo que escojas muchos elijen etf Pero te sirven 15% anual

Porque si miras el histórico todos hablan del sp500 Pero cuánto subió? Wikipedia tiene los datos inclusive en meses muy feos.


En fin Acciones argentinas quizás tengan algo más de riesgo Pero podés ganar bien y vaya que si sabes hacer trading y a su ves reinvertirlo en otros mercados si podés sacarle jugo con cobertura .


En caso no puedas o no sepas podés irte a FONDOS Moderados y bajo riesgos esos van bien también

Fondo FIMA lo podés googlear introduciendo ( fondo FIMA rendimiento ) podés ver lo q saca mensual

EL FIMA AHORRO PESOS PLUS TE SACA POCO MAS DEL 3% MENSUAL ES DE RIESGO BAJO

EL FIMA RENTA PLUS EL AÑO PASADO SACO POCO MAS DE  10% MENSUAL

Y ESTE AÑO CLAVO 6% ESTE MES DE ENERO.


EN FIN ahí ves en base a como armas tu cartera siempre investiga x cuenta propia porque si te pones a hacer lo que todos hacen 
.. vas a estar jodido.


Lo de guardar al colchón no lo veo mal siempre que viajes sirve Pero supongo a una moneda media planchada es same o los trabajas en pesos y compras USD con el retorno si eso te hace sentir seguro en fin


Miles de formas

Btc no te lo sugiero ya q hay más chances de q baje que suba. En cambio al menos las acciones aunque bajen te van a dar dividendos",adry4242,merval,3,2025-02-02 22:08:54,t3_1ig18mm,t3_1ig18mm,comment
mala30j,"Si te sobra eso cada mes estas mejor que la mayoría, incluyendo eeuu. Yo evitaría criptomonedas y mandaria todo a acciones, pero en eso cada uno tiene su librito... Yo empece hace unos cuantos años a hacer eso y básicamente podria vivir sin trabajar si no me hago el ricky fort. Obviamente tene en cuenta que ya tengo 47 años y muchos años haciendolo... De todos modos sigo trabajando porque prefiero estar aun mas seguro y tengo un laburo bastante satisfactorio (no es que gane fortunas, solo un sueldo copado que me permite seguir acumulando y mantener a mi flia...",Ready-Cherry-2638,merval,2,2025-02-02 15:02:48,t3_1ig18mm,t3_1ig18mm,comment
malhidz,"Si vale la pena, si se mantiene el tiempo durante varios años o le podes inyectar cada tanto. si fuera mi caso me haria una cartera variada de renta fija. con Lecaps, ONs, incluso Plazo fijo y billeteras virtuales,  despues incorporaria FCI que tengan bonos y acciones y stacking de USDDT o algo por el estilo. y despues de 3-5 años cuando esto te empiece a generar, podes ir por apuestas mas arriesgadas en acciones sabiendo que tenes un colchon de ingreso dolarizado",niconline,merval,1,2025-02-02 15:35:51,t3_1ig18mm,t3_1ig18mm,comment
maln738,"Diversifica. Compra distintos mercados, distintos etf. Distintas rentas.",Orphenvg,merval,1,2025-02-02 16:01:28,t3_1ig18mm,t3_1ig18mm,comment
mam0fgo,"yo ando en el cuento de invertir en pequeñas altcoins con mucho movimiento.
tipo dogecoin o biswap.

ya que el señor musk quiere hacer un etf de doge 
seria genial ser de los primeros en adquirir dichos instrumentos.

por mi lado ando holdeando biswap 
por que hace años quintuplique mi inversion.
y planeó hacerlo para dedicarme a los efts de forma mas profesional",ryoushinkai86,merval,1,2025-02-02 17:02:53,t3_1ig18mm,t3_1ig18mm,comment
mapp15m,Bitcoin. No importa cuando leas esto.,TSakaji,merval,1,2025-02-03 06:59:06,t3_1ig18mm,t3_1ig18mm,comment
mam3b1r,300 por mes te quedan? Sos rico 😅. Yo no se si es poco lo pondría en pf uva pero si viene devaluacion grande sonaste. Igual el gob miente con la inflación. Yo no tengo un mango así q no se pero averigua y mira videos a ver si sirven acciones fci o bonos. En este país todo tiene riesgo creo el dólar sirve para ahorrar a largo plazo pero no se si conviene ahora,ElegantAlbatross1165,merval,1,2025-02-02 17:16:29,t3_1ig18mm,t3_1ig18mm,comment
map3niq,"Nunca entendí lo de los dividendos de las acciones, tengo Havanna, Loma Negra y Agrometal hace meses y nunca me dieron nada 🥲",Fallschirmjager96,merval,2,2025-02-03 03:27:38,t1_manobzq,t3_1ig18mm,comment
masggtr,La miseria eran los 40-50 mil. Los dolares los tengo que seguir comprando un tiempo más,SnooPineapples9333,merval,2,2025-02-03 16:36:31,t1_mas2h9l,t3_1ig18mm,comment
marktmn,"Yo estoy en la misma que vos y los meto en SPY, pero Pensa que es una inversión de acá a mínimo 10 años",ian-codes-stuff,merval,3,2025-02-03 14:10:12,t1_makyxfn,t3_1ig18mm,comment
mapv7o0,Algunas no te pagan chequéate en google dividendos acciones Argentinas o dividendos acciones americanas y ahí te sale las empresas que si pagan. :),adry4242,merval,1,2025-02-03 08:00:59,t1_map3niq,t3_1ig18mm,comment
mbdudkt,"Cosas para que revises:  
\* Tenés puesta la CA USD como cuenta para el exterior en la tarjeta de debito? En Online Banking > Tarjetas > Visa Debito > flechita > Modificar cuenta para el exterior > Caja ahorro USD > Continuar > Modificar cuenta > Esperar 48h a que impacte  
\* Los dolares estan en esa CA USD? Si tenes mas de una revisa eso.  
\* Tenes limite de cajero en la tarjeta de debito? En Online Banking > Tarjetas lo ves dentro de la tarjeta de debito. Necesitas tener el equivalente en pesos al oficial.  
\* Tenes suficientes pesos para cubrir la comision de extraccion? \~5000 pesos fijo + 0.5% del monto en USD al oficial en pesos  
\* Estas retirando menos que el limite que permite la normativa del BCRA? 50 USD o equivalente en paises limitrofes y 200 en paises no limitrofes (puede ser que esto sea solo para adelantos hechos con tarjeta de credito, pero por las dudas proba hacer una extraccion chica de 10-20 USD y fijate si anda)",civcqlwxxzxqwxshqn,merval,8,2025-02-06 20:24:25,t3_1ijg0yh,t3_1ijg0yh,comment
mbfrx2i,"Hola, yo desconozco las normas en donde estás, quizás también depende del estado. Yo en muchas ocasiones cuando se estaba por podrir todo en Argentina e iba a devaluarse la moneda, fui a un par de supermercados en Europa y tanteé si se podían devolver los productos y si te devolvían el dinero, una vez que me lo confirmaban compraba y los devolvía, eso era como un cash back, siempre con una sonrisa y pidiendo perdón por que me había equivocado, siempre y cuando no te pases de los montos que te deje Argentina. Lo otro es que lo pases a takenos y pierdas esos 50 dólares, si eso es lo que te quita los dolores de cabeza, yo los invertiría en ello, no sé tú status económico, creo que es un mínimo, pero es lo que yo haría, no es una perdida, es una inversión para tu salud. Espero te ayude. Dios te bendiga.",Appropriate_Lunch711,merval,3,2025-02-07 03:26:14,t3_1ijg0yh,t3_1ijg0yh,comment
mbdxjll,"Hasta tanto soluciones tu problema con Galicia, podés fijarte de ir a algún local que ofrezca cash back, comprás un caramelo y decís que querés hacer cashback de USD100, o lo que necesites. Pagás con debito el total (caramelo + cashback) y listo.

  
Si estás en algún hotel, airbnb o con familia, podes preguntarle a la persona que tengas contacto si conoce algún lugar cerca de tu hospedaje. Por lo general tengo entendido que las farmacias grandes lo ofrecen, creo que los supermercados también.",tsisuo,merval,2,2025-02-06 20:41:24,t3_1ijg0yh,t3_1ijg0yh,comment
mbeh22q,"Y si te mandas la plata con western union? No es la mejor opción pero para salir del paso. Aunque creo que vas a tener que tener pesos, digamos hacer la operación inversa al dolar mep.

Otra cosa que me pasó estando afuera, y perdón pero no desconozco todo lo que intentaste, es ir a un banco de renombre como BofA",Beginning-Ad415,merval,2,2025-02-06 22:27:51,t3_1ijg0yh,t3_1ijg0yh,comment
mbdwa49,"Debes modificar tu cuenta para el exterior, para eso debes ir a tarjetas, opcion, modifica cuenta para el exterior, selecciona caja de ahorro en dolares y listo.",Firm_Translator_8623,merval,1,2025-02-06 20:34:33,t3_1ijg0yh,t3_1ijg0yh,comment
mbdwiap,"Los dólares no necesitan quedarse en la comitente, una vez que los compras los transferis a las caja de ahorro en dólares común. No es que sea una para mep y otra para dólar ahorro como dijiste. La tarjeta no puede sacar de la comitente.

Transferimos a la común, proba y contanos que onda",Greedy_Confection491,merval,1,2025-02-06 20:35:47,t3_1ijg0yh,t3_1ijg0yh,comment
mbi1291,Qué ventajas tiene extraer los dólares afuera y no antes de salir del país? Pregunto desde la total ignorancia porque no viajo nunca,sreimsin,merval,1,2025-02-07 13:25:45,t3_1ijg0yh,t3_1ijg0yh,comment
mbpc62h,"Pero es más fácil sacar dólares acá mismo en Argentina por ventanilla. O sea sé que no es la respuesta que buscas, pero creo que es más fácil que pagues con débito o crédito allá en USA, pagues la tarjeta con esos dólares MEP y una vez acá si necesitas efectivo vayas al banco. De hecho, no sé en qué estado estás, pero hay muchos lugares como California, Chicago, NY donde están muy cashless y pagar con efectivo lo ven raro o no lo aceptan ",ConcertHefty7815,merval,1,2025-02-08 15:52:59,t3_1ijg0yh,t3_1ijg0yh,comment
mbdslsc,"Es una comitente porque es dólar MEP, tengo otra cuenta en dólares abierta en el Galicia pero supongo que esa será la del dólar ahorro. Pero cuando compro dólar MEP va a parar solo a una de las dos cuentas en dólares. Puedo comprar con la tarjeta pero no puedo sacar la plata",bmmk5390,merval,-25,2025-02-06 20:15:03,t1_mbdpynl,t3_1ijg0yh,comment
mbdvg4t,"  
Cosas para que revises:  
\* Tenés puesta la CA USD como cuenta para el exterior en la tarjeta de debito? En Online Banking > Tarjetas > Visa Debito > flechita > Modificar cuenta para el exterior > Caja ahorro USD > Continuar > Modificar cuenta > Esperar 48h a que impacte  
 SI,  esta vinculado el plastico a la cuenta de ahorro en USD para operar en el exterior, de hecho pude ir al supermercado aca en EEUU y usarla asi. 

  
\* Los dolares estan en esa CA USD? Si tenes mas de una revisa eso.  
Si, los dolares MEP estan en una CA USD del Galicia.   
\* Tenes limite de cajero en la tarjeta de debito? En Online Banking > Tarjetas lo ves dentro de la tarjeta de debito. Necesitas tener el equivalente en pesos al oficial.  
El equivalente que tengo es como 1millon de pesos y estoy tratando de sacar 20 a 30 dolares. 

  
\* Tenes suficientes pesos para cubrir la comision de extraccion? \~5000 pesos fijo + 0.5% del monto en USD al oficial en pesos  
Si, hay dinero suficiente.   
  
\* Estas retirando menos que el limite que permite la normativa del BCRA? 50 USD o equivalente en paises limitrofes y 200 en paises no limitrofes (puede ser que esto sea solo para adelantos hechos con tarjeta de credito, pero por las dudas proba hacer una extraccion chica de 10-20 USD y fijate si anda)  
Solo he intentado hacer extracciones chicas de 10 a 20 dolares segun lo que permite el cajeron. Teniendo 30 dolares intento sacar 20 que quizas con la comision del cajero eran 3.50 dolares y aun asi me dice, mi tarjeta no esta autorizada para hacer esta operacion. 

Estoy desesperada, no entiendo que pasa, he llamado a todos lados, me meto en el homebanking chequeo todo y nada.",bmmk5390,merval,1,2025-02-06 20:30:03,t1_mbdudkt,t3_1ijg0yh,comment
mbgqz5m,"gracias por responder. Es una buena idea la que compartis, porque me deja comprar normalmente en el super pero no me deja hacer la opcion de cashback, asique quizas voy a intentar eso. Si, obvio mi salud mental es lo que vale. Mi ultima opcion es Takenos aunque el cambio no sea favorable, porque somo como 110 dolares mas 3% de comision que estaria perdiendo entre la conversion, pero al menos se que de Takenos puedo pasarlo a mi cuenta de Paypal US que tengo una cuenta con tarjeta de debito alli o a mi cuenta de bank of america de aca de eeuu, pero bueno....estoy viendo si el maldito banco se digna a solucionarme la situacion primero, en todo caso y bueno le doy a Takenos, pero siempre es bueno tener otra opcion, porque nunca sabes que puede pasar. Takenos esta bueno, pero no deja de ser una startup en Argentina, si bien les esta yendo bien....es Argentina.",bmmk5390,merval,1,2025-02-07 09:03:50,t1_mbfrx2i,t3_1ijg0yh,comment
mbdybx8,"Ya intenté eso recién. Intenté comprar un caramelo de 59 centavos de dólar y no me salió la opción de Cash Back. Intenté en tres  lugares diferentes y nada, solo le deja pagar la comprar.",bmmk5390,merval,1,2025-02-06 20:45:42,t1_mbdxjll,t3_1ijg0yh,comment
mber39i,"Vos decís mandar pesos desde Argentina para dólares en EEUU? Se puede eso? Siempre hago al revés, yo mando para allá. 
De hecho yo fui al Bank of America al cajero automático y tampoco me anduvo la tarjeta del Galicia allí.",bmmk5390,merval,1,2025-02-06 23:24:23,t1_mbeh22q,t3_1ijg0yh,comment
mbdwp0j,Están en una cuenta comun dólar pero aún asi no los puedo sacar…. Solo puedo usarla para pagar. Las dos cuentas están vinculadas al plástico,bmmk5390,merval,1,2025-02-06 20:36:48,t1_mbdwiap,t3_1ijg0yh,comment
mbeutp2,Intenté hoy en dos lugares en un supermercado y una farmacia acá en EEUU y directamente en el posnet no me sale la opción de hacer el cash back. Para mí que la tarjeta de débito en las terminales electrónicas cuando compras la considera de crédito y por eso no me deja hacer el cash back.,bmmk5390,merval,3,2025-02-06 23:45:44,t1_mbef3un,t3_1ijg0yh,comment
mbi29xb,"Es que si cobras algo en pesos en Argentina de manera mensual ya sea un salario, pension o te pago un cliente en pesos y estás en el exterior, la mejor forma de acceder a esos dólares sin límite es comprando dólar MEP. Mi problema es que yo tengo cuenta de ahorro en dólares y la tarjeta de débito no me está funcionando para sacar dólares en los cajeros de EEUU. Asique si llegas a viajar por más que tengas todo en orden en el banco , no te confíes de que vas a poder sacar dólares del cajero automático en el exterior, porque evidentemente algunos estamos teniendo problemas con eso.",bmmk5390,merval,1,2025-02-07 13:31:28,t1_mbi1291,t3_1ijg0yh,comment
mbkn8be,Es una opción que estaba pensando pero queria sacar dólares físicos también. Se puede sacar dólares desde una tarjeta de crédito? Alguien habrá intentando?,bmmk5390,merval,1,2025-02-07 21:06:23,t1_mbkn1cx,t3_1ijg0yh,comment
mbq57ry,"Gracias por tu comentario. Pero no volveré argentina por unos meses asique no puedo sacar por ventanilla, y si bien acá es todo tap and pay y online y te miran raro cuando les pagas con un billete grande, necesito pagar unas cosas y quisiera disponer de efectivo. Tengo una colega que con el Banco Ciudad está en Portugal y ella compra dólar MEP y saca euros desde el cajero automático sin drama. Estoy cerca de Philadelphia. Aparte mi experiencia puede ser útil para alguien que cuando viaje se encuentre con el mismo problema.",bmmk5390,merval,1,2025-02-08 18:14:32,t1_mbpc62h,t3_1ijg0yh,comment
mbdybyc,"> tengo otra cuenta en dólares abierta en el Galicia pero supongo que esa será la del dólar ahorro

Fijate que no esté la tarjeta de débito vinculada a esa cuenta que imagino que la tendrás en 0. Si no te das cuenta (puede ser que tengas una asignada para compras y otra para cajero), probá transferirte a esa cuenta y volver a intentar la extracción.",alastrid,merval,2,2025-02-06 20:45:42,t1_mbdslsc,t3_1ijg0yh,comment
mbdz206,"Si ya intentaste todo, lo que puedes hacer es hacerte una cuenta en brubank, asocia la tarjeta a una billetera tipo apple pay, google pay, etc y vas al cajero y puedes retirar dolares si tarjeta, solamente acercando tu telefono. Obviamente tu telefono debe tener NFC. Casi todos los telefonos los tienen.",Firm_Translator_8623,merval,1,2025-02-06 20:49:40,t1_mbdweqa,t3_1ijg0yh,comment
mbi8qvg,"Y si, sino todo el mundo extraería los dolares que se les cantara sin importar que haya cepo",sreimsin,merval,0,2025-02-07 14:01:52,t1_mbi29xb,t3_1ijg0yh,comment
mbdur0d,"Igual el plastico esta vinculado a las dos cuentas en dolares o sea, no se si la interfaz del cajero en eeuu sabe desde que cuenta sacar el dinero. Yo selecciono Checking Account, pero también probe seleccionado Savings and Credit card, haciendo Balance inquiry y nada, intente en 5 cajeros ya.",bmmk5390,merval,-9,2025-02-06 20:26:23,t1_mbdtxzi,t3_1ijg0yh,comment
mbduhbl,"Si, estan en la caja de ahorro en dolares. Bah al menos eso dice ahi, quizas puedo pasar transfiriendolo a la otra caja de ahorro en dolares que figura ahi en mi homebanking. Pero me da la impresion que son las dos lo mismo.",bmmk5390,merval,-13,2025-02-06 20:24:58,t1_mbdtxzi,t3_1ijg0yh,comment
mbe1zuc,Lo único es que Brubank tiene límite de 50 dólares diarios nomás para extraer.,bmmk5390,merval,0,2025-02-06 21:05:40,t1_mbdz206,t3_1ijg0yh,comment
mbdxkpt,"Sí, cuando compro el dólar MEP yo voy a una de esas dos cuentas en dólares y ahí los compro pero en ambas me permite hacer lo mismo y cuando los compro me pregunta en cuál quiero depositarlos y me da las dos opciones.",bmmk5390,merval,1,2025-02-06 20:41:35,t1_mbdwsnt,t3_1ijg0yh,comment
mblezzu,"Extraje 200.000 pesos chilenos en un cajero (del santander) en santiago de chile con la tarjeta de debito del santander y me cobraron exactamente 208 dolares


Adivina cuantos pesos chilenos son 208 dolares.




Son exactamente, 200 mil pesos chilenos, osea que literalmente saque 208 dolares pasandome el cepo por el tuje",rakaze,merval,1,2025-02-07 23:42:26,t1_mbi8qvg,t3_1ijg0yh,comment
mbeajyj,"Si compraste dólar MEP por el banco creería que si deberían ir directamente a tu cuenta en dólares.

No tenés otra cuenta en dólares, cuenta en una fintech o un exchange cripto? Es recomendable tener aunque sea dos cuentas. Yo tengo Galicia y Brubank, y también tengo cuentas en exchanges cripto que también tienen tarjetas internacionales.

Fijate también que en el Galicia tengas seleccionada la opción para que la tarjeta te use tus dólares en vez de tus pesos.",Yearlaren,merval,6,2025-02-06 21:51:58,t1_mbduhbl,t3_1ijg0yh,comment
mbhyxze,Yo viaje a Uruguay hace poco y termine haciendo eso. No me dejaba sacar ni usd ni pesos uruguayos con mi tarjeta de débito. Terminé haciendo envío via WU (1 dia de demora) y retire en una dependencia de western. La comisión por 100usd a uru era de aprox 0.1% pero fijate a USA,IamDiogenesxD,merval,1,2025-02-07 13:15:44,t1_mbgql5a,t3_1ijg0yh,comment
mbe98x6,"La ultima opcion que se me ocurre es compres una tarjeta prepaga walmart money card y le recargues. Ya que te funciona tu debito galicia para comprar con tus dolares mep, compra la walmart money card, le recargas unos 1000 dolaritos, la activas facil y te vas a un cajero y retiras la guita",Firm_Translator_8623,merval,3,2025-02-06 21:44:54,t1_mbe1zuc,t3_1ijg0yh,comment
mbdy7ho,"Por cómo lo explicas suena rarisimo la verdad, no sé si tenés dos comitentes o que.

Si tenes una cuenta con dólares y otra sin y no podés retirar, pasa algunos dólares a la que no tiene y proba, pasa 20usd y fíjate si te deja, no perdés nada y si es lo que creo (tenés los dólares en la comitente y no en la de ahorro) se soluciona.

Sino, si te deja gastar en comercios, como solución de emergencia busca a algún desconocido que vaya a pagar algo, explícale tu situación y fíjate si te deja que le pagues con tarjeta y te da el efectivo",Greedy_Confection491,merval,2,2025-02-06 20:45:00,t1_mbdxkpt,t3_1ijg0yh,comment
mbednvc,"Gracias!  Si, los dólares van a parar a la CA en USD que tengo. También tengo configurada la tarjeta de débito vinculada a esa cuenta para uso en el exterior. Alguna vez estuviste en el exterior y usaste la tarjeta para extraer los dólares desde un cajero automático? Tengo cuenta en Brubank pero no la usé aún. Tengo cuenta en el BBVA pero estoy teniendo problemas con la cuenta custodia ahí y la de dólares, por alguna estúpida razón. Y se me bloque la clave telefónica y no puedo hablar con nadie del francés que me ayude asique tengo plata parada ahí que quiero pasar al Galicia pero si tampoco puedo sacarla en efectivo desde un cajero acá en EEUU no me sirve tampoco. Es todo una porquería.",bmmk5390,merval,1,2025-02-06 22:09:03,t1_mbeajyj,t3_1ijg0yh,comment
mbhzm9h,"Este el tipo de comentario que necesitaba. Alguien que haya viajado recientemente y haya tenido el mismo problema. Recién me fijé en WU, y me cobra 30 dólares. Por lo que el dólar me termina quedando  a 1270 ARS. Porque quiero mandar 500.000ARS y western unión me termina dando 416. Pero tengo que pagar 530.000 por comisiones de WU.",bmmk5390,merval,1,2025-02-07 13:18:56,t1_mbhyxze,t3_1ijg0yh,comment
mbdyn2b,"Voy a intentar pasar unos dólares a la otra cuenta y ver qué onda, eso es lo único que no intente.",bmmk5390,merval,1,2025-02-06 20:47:23,t1_mbdy7ho,t3_1ijg0yh,comment
mbk3guc,Mas barato que el dólar tarjeta y menos que los 50usd q decias en el post original,IamDiogenesxD,merval,1,2025-02-07 19:20:44,t1_mbk338g,t3_1ijg0yh,comment
mbk3mrn,"O sea dijo 530mil ARS porque yo quiero mandar 500mil pesos pero ellos me debitarán 500+30 dólares de comisión. Lo que te hace un dólar a 1270. Takenos me da cotización de 1244 y un 3% si lo quiero extraer a través de PayPal o cuenta de banco en EEUU. Igual quisiera poder hablar con un agente de Galicia que me resuelva el tema de mi cuenta. Asique al menos ahora tengo esas dos opciones WU y Takenos, aunque pague más es la única manera que tengo de acceder a los dólares de manera física.",bmmk5390,merval,1,2025-02-07 19:21:33,t1_mbk338g,t3_1ijg0yh,comment
mbnirpd,Estoy en eso. Ayer hablé por WhatsApp con alguien del Banco Galicia y me cambiaron que la cuenta primaria en vez de que sea en pesos sea la que está en dólares. Veremos si funciona.  Voy a hacer el update hoy probando en el cajero. Tengo una amiga que usa Banco Ciudad en el exterior y no tiene drama pero bueno cada banco tiene lo suyo y sus mañas.,bmmk5390,merval,3,2025-02-08 10:11:24,t1_mbm1cax,t3_1ijg0yh,comment
mezhjll,"La estrategia es diversificar todo lo posible al menor costo posible y al mayor largo plazo posible.

Las acciones tienen un retorno esperado positivo a muy largo plazo: 10 o 20 años.

Solo si estás invirtiendo a largo plazo, al menos 10 años, con cedears tenés que armar una cartera con SPY, IWM, IEUR y EEM.

Por ejemplo: 60% SPY, 10% IWM, 15% IEUR y 15% EEM

Vas comprando manteniendo esa porporción o la proporción que quieras.

Con ese portafolios estás expuesto más o menos al retorno del mercado global.",ivanreddit,merval,11,2025-02-26 21:23:46,t3_1iz2ee2,t3_1iz2ee2,comment
mezxmho,"Yo hoy día compro (mensualmente) 90% SPY 5 y 5 de eth y btc etf y listo 


No vendí nada de argy que tengo desde 2021, no compre más desde que ganó Milei pero últimamente me está tentando volver a agregar merval (antes hacía 60/40 spy / acciones panel líder )",tiltedman4ever,merval,3,2025-02-26 22:51:05,t3_1iz2ee2,t3_1iz2ee2,comment
mf25mtn,"comprar cedears del $SPY mensualmente, a largo plazo aprox 15/30 años.",devengado14,merval,5,2025-02-27 09:31:11,t3_1iz2ee2,t3_1iz2ee2,comment
mf09d6v,"Depende la estrategia segun el perfil. Tengo 2 estrategia o forma de operar, corto y largo plazo. Te explico mi estrategia de corto plazo.

Primero estudia el instrumento que quieres invertir su % de caida ponele bitcoin, sp500, nvidia, etc...

Una ves que tenes el ojo puesto en el instrumento, comenza a sacar del horno los verdes crocantes a punto caramelo.

Ponele que tenes 10k usd. Es muy poquitito pero ponele.

Decides invertir en btc ponele. Bien, btc cada ves que cae mas de un 20%, se compra. Entonces vas agarrar tus crocantes 10k y lo dividis en 4. Es decir 4 partes de 2500 pepas.

Bitcoin cae mas de un 20%, le metes el diente. Es decir, agarras tus crocantes 2500 usd y compras.

Si vuelve a caer otro 20% mas, vuelve agarrar tus otros 2500 pepas y compras y asi.

En un momento, bitcoin rebotara. Si rebota, te hara ganar minimo un 10% de lo que compraste. Alli tenes 2 opciones: sacas los 2500 pepas y el resto.de la ganancias la dejas ""acumulas ganancias"" o vendes todo. Alli es tu decision y debes tomar una.
 Y asi, es muy facil ganar dinero aqui haciendo eso. 

Hoy por ejemplo, compre 1 bitcoin ""cayo mas de un 20%"" en 82300 por ahi, justo en la ema de 200. Cuando suba a 92k, sacare mis 82300 pepas de usd y el resto ""10k usd"" lo dejare y asi.

Lo mismo aplicas con sp500, nvidia, tesla, ypf, meli, etc...

El otro dia hice lo mismo con nvidia cuando salio la ai china, ahora vendi nvidia y deje ganancias, muy facil. Espero haberte ayudado, saludos.",Firm_Translator_8623,merval,8,2025-02-26 23:57:50,t3_1iz2ee2,t3_1iz2ee2,comment
mf0r52h,"Dado los escasos sopes que puedo disponer tristemente, suelo operar en el corto plazo a los cedears del cual le suelo sacar un porcentaje decente a lo que veo analizando el mercado suelo retirar ganancia así para poder realizar con ello otra compra.

Con ello me va bien generando por ello una rueda de cedears, eso si me gustaría en un futuro estar en el sp500 pero me falta una bocha",Tobination_00,merval,3,2025-02-27 01:51:46,t3_1iz2ee2,t3_1iz2ee2,comment
mf42u85,"Yo los cedears los compro y los dejo ahi, no los vendo jamas.  
No vendo un cedear desde que arranco la pandemia, que vendi todo por cuestiones logicas.  
Lo que si hago es comprar mas cuando bajan de precio y estan baratos, o sea, me importa el punto de entrada, pero en si no los vendo jamas.

Las acciones argentinas si las vendo, el 12 de diciembre me saque todas las acciones argentinas porque sabia que no iba a durar mucho mas, solo me quede con IRSA y TGS, que las acumulo sin importar nada.

Hoy por ejemplo compre algo de VALE, Nokia y Barrick Gold. Las que estan caras ni las miro hasta que bajen su precio. Por ejemplo, yo amo Coca, pero no voy a comprar a 71 dolares por accion. Pero tampoco las vendo. Cuando baje, comprare mas.",TeComproCafecitos,merval,1,2025-02-27 15:32:15,t3_1iz2ee2,t3_1iz2ee2,comment
mezyiq6,"Esto no es nada de la publicación, que broker usan para invertir?",Good-Adeptness-973,merval,1,2025-02-26 22:56:04,t3_1iz2ee2,t3_1iz2ee2,comment
mf43dac,"No entendí bien.
Quizas agregue ypf e intel.",characterLiteral,merval,1,2025-02-27 15:34:46,t1_mf2as4t,t3_1iz2ee2,comment
meokbj0,"No se si entendi bien, pero con Google Sheets podes hacer algo así:

=GOOGLEFINANCE(“SPY”, “close”, DATE(2022,1,1))

Esto trae el precio de cierre (close) del SPY (o cualquier otro ticker) en la fecha 1 de enero de 2022.

El formato de la fecha es: YYYY/MM/DD.

Despues, si tenes en otra celda la cantidad de nominales que compraste, podes multiplicar esa cantidad por el precio del Google Finance para calcular el valor de tu inversion en esa fecha. Por ejemplo, si en la celda A2 tenes la cantidad de SPY comprados:

=A2 * GOOGLEFINANCE(“SPY”, “close”, DATE(2022,1,1))

Si hiciste varias compras en distintas fechas, podes repetir la formula en varias filas y despues sumar los valores para obtener el total de la inversion.

Si queres estructurarlo mejor, podrias hacer:
	•	Fecha de compra
	•	Cantidad comprada
	•	Precio en esa fecha (Google Finance)
	•	Resultado total",ConnectionSecret3880,merval,2,2025-02-25 07:55:23,t3_1ix348y,t3_1ix348y,comment
mdz849a,"Me acuerdo que hace un año mas o menos cuando reddit estaba por salir a bolsa le ofrecieron a los rediturros comprar anticipadamente, lo malo es que solo podías si vivias en eeuu, ahora la acción vale varias veces mas",LeBroneta,merval,7,2025-02-21 09:35:14,t3_1iultf6,t3_1iultf6,comment
mdzj08g,Podes buscar en Google noticias o cualquier otro portal “IPO” para ver cuáles se están preparando para cotizar en bolsa.,fedaykin21,merval,3,2025-02-21 10:44:37,t3_1iultf6,t3_1iultf6,comment
me1qfov,"No. Hay un dicho, IPO = it's probably overpriced.

Pensalo, si una empresa sale a vender sus acciones es porque considera que puede venderlas a un buen precio. Por el contrario, si salen al mercado a recomprar sus propias acciones, es un porque consideran que están baratas.

Yo me mantengo alejado de las IPO, es mejor en todo caso esperar a que cotice un tiempo y el mercado les asigne el precio que corresponda.",finanon99,merval,3,2025-02-21 17:07:23,t3_1iultf6,t3_1iultf6,comment
me7d6o1,"Estimado. Lo que yo haria en ese caso, es buscar empresas que hayan salido a bolsa y ver como de comporto su lanzamiento. La verdad es que esto no sirve para absolutamente nada en un inversion. Pero si te va a dar una idea de como se comportsn los precios cuando la empresa sale a bolsa.",Due_Tutor_3211,merval,1,2025-02-22 15:18:11,t3_1iultf6,t3_1iultf6,comment
mdzhi8y,Comparás acciones de empresas que salen a público con una cripto que resultó ser una shitcoin.,former_farmer,merval,4,2025-02-21 10:35:41,t1_mdz7ait,t3_1iultf6,comment
me0woik,Y si te digo que gané una casa timbeando con inversiones?,former_farmer,merval,0,2025-02-21 14:48:35,t1_mdzif00,t3_1iultf6,comment
mduuknz,"Decis largo plazo pero no veo ningun CEDEAR de ETFs que son el instrumento por excelencia. Pegales una mirada a los de renta variable global diversificada.

PS: los dividendos son una cagada, evitalos a toda costa. Ver [esta guía](https://www.reddit.com/r/merval/comments/phadqv/sobre_dividendos_en_renta_variable_cedears_y/).",HwanZike,merval,7,2025-02-20 16:33:25,t3_1iu693t,t3_1iu693t,comment
mduod5w,q broker es? muy buena la visualizacion. Alguien sabe si hay alguna pagina o app que genere algo asi? Subiendole la informacion de cada operacion obvio,Luchog96,merval,3,2025-02-20 16:05:11,t3_1iu693t,t3_1iu693t,comment
mdv82e2,"Si bien pusiste tus objetivos, ayudaría si escribís la tesis detrás de la composición específica de tu cartera, sino medio que las  recomendaciones van a ser como tirar dardos con los ojos vendados.

Sobre los rendimientos, no estoy familiarizado con cómo calcula la plataforma de Bull Market la ""variación"", pero si es el rendimiento directo:

* (saldo final - saldo inicial + retiros - depósitos) / (saldo inicial + depósitos)

y si fuiste haciendo DCA todos los meses, entonces tenés un rendimiento bastante en línea con el de una cartera estándar de renta mixta argentina, o sea bastante bien.",elrond_lariel,merval,2,2025-02-20 17:35:36,t3_1iu693t,t3_1iu693t,comment
me9hi34,"Mí opinión que con la porción de renta variable te vas a fundir porque es como el casino una caca y una enfermedad, yo iría a renta fija siempre verde hermano.",Connect_Dish_6079,merval,1,2025-02-22 21:53:15,t3_1iu693t,t3_1iu693t,comment
mdvj7bc,"Quizás son buenos, pero por lo colateral. Acercándose a la fecha ex-dividendo algunas acciones muestran una sube unos cuantos días y suele mantenerse luego. Puede ser un momento para entrar a una acción, pero no por el dividendo, sino por esa suba. Obviamente, si tenés otras razones más para entrarle.",Real_Barracuda_6851,merval,1,2025-02-20 18:27:14,t1_mduuknz,t3_1iu693t,comment
mdyt2h1,Iba a ir por acciones en usa de una. Los etf pagan segun comafi y eso no me gusta mucho,weener69420,merval,1,2025-02-21 07:28:44,t1_mduuknz,t3_1iu693t,comment
mdysx4z,Vi que pagaba dividendos. Y... me garche.,weener69420,merval,1,2025-02-21 07:27:17,t1_mdwmqiq,t3_1iu693t,comment
mdvkdej,"BullMArket tiene bueno eso, pero es medio una cagada para operar. Por ejemplo, si querés suscribir a un FCI tenes que recordar el código del FCI y luego ir a la parte de operar. Yo uso PPI y este bróker tiene accesos directos para operar. No tenés que andar recordando o copiando códigos. Aunque, su página de rendimientos es mucho más simple. Tenés la sumatoria por tipo y el total de la cartera. También te da el rendimiento por mes, año y por TImeWeight. Quizás deberían tener algo más elaborado con gráficos. Todo más bien por números.  

Si andas en programación con su API podrías crearte una aplicación para hacerlo. Es buena aunque podría ser mejor.",Real_Barracuda_6851,merval,3,2025-02-20 18:32:41,t1_mduod5w,t3_1iu693t,comment
mduoukr,Es bull market broker. Nunca use otro la verdad. Lo que si es que la app es una verga. Sirve para una emergencia o para ver si ganaste en ese dia. Mas que eso es imposible. La pagina es god.,weener69420,merval,2,2025-02-20 16:07:26,t1_mduod5w,t3_1iu693t,comment
mdytyt3,"Ok... pero si están abriendo las importaciones, lo mas probable es q todo lo q es industria nacional (especialmente electrodomesticos, q no sabemos competir con Asia) va a sufrir muchisimo...

Si queres dividendos (q en argentinas son inestables y muy bajitos) andate para IRSA o VALO... q tienen perspectivas de crecimiento...",InevitableBit2367,merval,2,2025-02-21 07:37:28,t1_mdysx4z,t3_1iu693t,comment
mdyuqg2,"interesante. yo habia pensado otro camino.  
que tal seria ir por la de acciones en USA que tiene BMB (no etf. sino la accion completa en estados unidos) me gusto esa idea pero requiere una cantidad de dinero que no tengo",weener69420,merval,1,2025-02-21 07:44:50,t1_mdytyt3,t3_1iu693t,comment
mdywif2,"Y cedears? Yo estoy a full con los cedears y si bien me costó unos meses entenderlos, ahora estoy contento...",InevitableBit2367,merval,2,2025-02-21 08:01:28,t1_mdyuqg2,t3_1iu693t,comment
mdz1b6j,antes los usaba pero me daba mucha paja ver cuando cobraba dividendos. porque es basicamente cuando al banco comafi se le canta. asi que con esto de acciones en USA de BMB directamente uso eso y listo.,weener69420,merval,1,2025-02-21 08:43:34,t1_mdywif2,t3_1iu693t,comment
mdz9fl8,"El tema es q para las acciones de USA tenes q comprar CCL y perdés bastante en el cambio...

Ni q hablar los impuestos... las acciones pagan ganancias por compra venta (los cedears no) y de renta extranjera...

Bienes Personales en el extranjero NO TIENEN Minimo No Imponible, en cambio los cedears si...",InevitableBit2367,merval,2,2025-02-21 09:44:28,t1_mdz1b6j,t3_1iu693t,comment
mcdrob6,"Todos los FC cayendo, excelente manera de lanzar tus FCI",dani96dnll,merval,44,2025-02-12 12:50:51,t3_1insu0k,t3_1insu0k,comment
mcdjway,"Qué composición tiene la cartera del FCI?

Gracias de antemano por tu respuesta.",AntiqueConflict5295,merval,8,2025-02-12 12:12:32,t3_1insu0k,t3_1insu0k,comment
mcdj8ad,"Estaba por poner mi plata en los fondos del hipotecario (que a su vez vi que ocupan Toronto Trust, y que hacerlo directamente ahí me saldría más barato)

Pero entre Toronto Trust y Uala no se cual elegir",Leanmeza,merval,3,2025-02-12 12:09:10,t3_1insu0k,t3_1insu0k,comment
mceqnxm,"En donde ven eso?. Cuando voy a FCi en inversiones no me da opción de elegir el FCI, solo me pide cuánto invertir y el TNA es 30.83%, menos que la cuenta remunerada.",Low-Concentrate2162,merval,3,2025-02-12 15:34:52,t3_1insu0k,t3_1insu0k,comment
mcf6rin,Yo estoy en FCI FIMA .. hasta ahora no perdí ningún día,Additional-Film4035,merval,2,2025-02-12 16:48:45,t3_1insu0k,t3_1insu0k,comment
mcy8otz,"A mí no me muestra esas opciones, al entrar a la sección ""FCI"" solo puedo suscribir el FCI ""de siempre"" (el money market). No me muestra las otras opciones. Que onda?",Marquinhos24,merval,2,2025-02-15 16:38:04,t3_1insu0k,t3_1insu0k,comment
mckx87w,es un bajon que ningun broker o banco detalle bien la composicion del fondo y que tenga un titulo mas descriptivo. para invertir es mejor un broker que tiene muchos fondos. yo iría por un fondo mixto de renta fija y acciones.,perro_mudo,merval,1,2025-02-13 14:20:38,t3_1insu0k,t3_1insu0k,comment
mclhy6n,"Alguna idea de que es eso de ""FCI acciones y CEDEARs""? Nunca vi un FCI con CEDEARs. Vindo la web del CAFCI me aparecen los otros pero no ese",tsisuo,merval,1,2025-02-13 15:58:43,t3_1insu0k,t3_1insu0k,comment
mcza74j,"es una poronga UALA, intente varias veces contactarme para cambiar mi direccion y nunca me respondieron. Encima los nombres de esos FCIs son copiados de otros como IOL/ADCAP xD",unoptimusprime,merval,1,2025-02-15 19:53:07,t3_1insu0k,t3_1insu0k,comment
mcdu3b5,"Ese no es problema de Ualá. El gobierno bajó  la tasa de política monetaria a principio de mes. Bajaron TODOS los fci, todos.",Nachovyx,merval,24,2025-02-12 13:02:22,t1_mcdrob6,t3_1insu0k,comment
mce37p0,si igual op no sube un dato de los FCI más allá de esa captura,Jauretche,merval,3,2025-02-12 13:45:47,t1_mcdrob6,t3_1insu0k,comment
mch26dz,¿Es un activo de renta fija?,Tobination_00,merval,2,2025-02-12 22:20:41,t1_mcf6rin,t3_1insu0k,comment
mco9rhv,Es el ualintec renta variable,No_Attempt_280,merval,1,2025-02-14 00:37:51,t1_mclhy6n,t3_1insu0k,comment
mck9650,Doloroso. 1 palo metido en FCI de bonos y letras. 13 días y aún no les saque 1000 pesos. Me pregunto cuánto tardarán en recuperar y ganarle al menos al PF.,FaltaPatroclo,merval,4,2025-02-13 12:26:42,t1_mcdu3b5,t3_1insu0k,comment
mcdm1df,"Ajá, esa búsqueda arroja 21 resultados, cual de todos los FCI es ?

edit: acabo de ver que hay 3 FCIs que tiene ""plus"" en el nombre, es uno de esos 3? cuál?

Nuevamente, gracias de antemano.",AntiqueConflict5295,merval,3,2025-02-12 12:23:15,t1_mcdld6l,t3_1insu0k,comment
mcoh7in,"FCI creería que de renta mixta, para tener intereses relativamente estables en unos 5 años",Leanmeza,merval,1,2025-02-14 01:26:16,t1_mco9gzc,t3_1insu0k,comment
mch59r0,"[https://www.fondosfima.com.ar/es/personas/nuestros-fondos/bonos-mediano-plazo/fima-renta-plus](https://www.fondosfima.com.ar/es/personas/nuestros-fondos/bonos-mediano-plazo/fima-renta-plus)

en ese estoy metido , basicamente sigue a la inflacion con los BONCER y si es renta fija",Additional-Film4035,merval,2,2025-02-12 22:37:14,t1_mch26dz,t3_1insu0k,comment
mck9rag,"Estoy igual, no perdi pero tampoco le saqué rendimiento. A lo que voy es que este mes con el ajuste de la tasa, convenía pasarse al PF o remuneradas. Deje los huevos en la canasta equivocada.",FaltaPatroclo,merval,2,2025-02-13 12:29:35,t1_mch59r0,t3_1insu0k,comment
mcxw7kk,"Le pifie, la crypto era $LIBRE",ConnectionSecret3880,merval,1,2025-02-15 15:34:58,t1_mcxrfjw,t3_1insu0k,comment
mcnrk0k,"La uso hace bastantes años (5 o 6 años), btc, usdt, usdc, tron, doge, usd y ahora acciones, bonos y comodities, 0 drama, nunca un problema.. Yo lo recomiendo, rápida atención al cliente y mucha variedad de inveriones y rendimientos..",eoZul,merval,5,2025-02-13 22:49:32,t3_1inrzc2,t3_1inrzc2,comment
mcj1wpn,"Y mira yo elegiria un broker tipo iol, balanz. Aunque si esta registrado en la comision nacional de valores, tus activos estan seguros en la caja de valores, independientemente si buenbit muere.",Creative-Win-3447,merval,5,2025-02-13 07:32:18,t3_1inrzc2,t3_1inrzc2,comment
mdudlkq,"Hola! Cómo va? Es lo más confiable que vas a encontrar en el mercado.   
  
Buenbit facilita la tecnología para que puedas invertir en acciones y activos de la bolsa de EE.UU a través de DriveWealth. Buenbit no maneja los activos que tengas, sino que están a TU nombre en DriveWealth.   
  
Si buenbit mañana desaparece, vos seguís teniendo los activos a tu nombre en la cuenta de DriveWealth. Si vas a la SEC con tu pasaporte vas a poder ver las acciones que tengas aunque Buenbit deesaparezca.

Espero que te haya servido la info. Abrazo!",santiishigh,merval,5,2025-02-20 15:16:32,t3_1inrzc2,t3_1inrzc2,comment
mcj77ko,"Si mal no recuerdo, hace un par de años buenbit rajo como a la mitad de los empleados y estuvo bastante golpeada.

Yo no invertiría a largo plazo con ellos por lo anterior, no creo que vayas a perder lo invertido si pasa algo, pero es algo a tener en cuenta.

Hoy existen muchos brókers argentinos con costos muy bajos, que solo te cobran por operar pero sin mantenimiento. Es algo que te viene bien para tu inversión a largo plazo.

Hay que ver que comisiones tiene buenbit vs un broker, pero si son parecidos yo me iría a un broker.",devcba,merval,3,2025-02-13 08:23:53,t3_1inrzc2,t3_1inrzc2,comment
mcjgbdv,Abrite una cuenta en Interactive Brokers y fondeala con Takenos. Buenbit es un peligro,Investor491,merval,2,2025-02-13 09:37:53,t3_1inrzc2,t3_1inrzc2,comment
mcqg65b,"

Si comprás SPY o cualquier accion/etf, quedan resguardados en tu cuenta comitente en EEUU. Además de drivewealth usan quaestus (AAGI registrado en CNV). En caso de que Buenbit deje de existir, tus tenencias seguirán en la cuenta en EEUU y podés reclamarlas con tu pasaporte sin problemas.

En caso de que el broker drivewealth quiebre, está asegurada tu cuenta por la SIPC (que sería una especie de caja de valores de allá) hasta 500.000 USD.",satoshigwei,merval,1,2025-02-14 11:26:08,t3_1inrzc2,t3_1inrzc2,comment
mdcq6jj,Justo estaba investigando buenbit por eso de que usan DriveWealth y blablabla pero igualmente si queres comprar SPY 500 no seria lo mismo comprar el CEDEAR SPYD 500 a comprar el ETF directo de un broker de USA?? Entiendo que ese CEDEAR es super confiable. Tenia pensado usar IOL para comprar SPYD 500 y dejarlo a muy largo plazo (10 años).,niko3100,merval,1,2025-02-17 22:17:14,t3_1inrzc2,t3_1inrzc2,comment
mcj6zr0,"Cual sería el equivalente a la comisión nacional de valores para brokers internacionales? Porque no es BYMA, usan DriveWealth ( no tienen cedears, tienen t-bills) existe algo así?",No-Yogurtcloset5101,merval,2,2025-02-13 08:21:54,t1_mcj1wpn,t3_1inrzc2,comment
mdue8ec,"Gracias! Tenes idea en cuanto a comisiones, dividendos  y demás cómo se manejan? Imagino que aplican los impuestos a los dividendos del 30% de USA",No-Yogurtcloset5101,merval,1,2025-02-20 15:19:24,t1_mdudlkq,t3_1inrzc2,comment
mcj7gza,"Entiendo. A mí me había llamado la atención la facilidad de acceder a un broker internacional (al estilo IBKR pero más fácil de fondear y todo). Aparte tienen buenas opciones como bonos del tesoro USA.

Pero quizás vaya simple a un broker argentino por seguridad",No-Yogurtcloset5101,merval,1,2025-02-13 08:26:17,t1_mcj77ko,t3_1inrzc2,comment
mdlx1it,"Si, por lo que leo en este sub en general recomiendan ir al cedear. Desconozco bien las ventajas y desventajas en comparativa.

En mi caso tengo la plata en USD/Crypto por lo que me viene bien invertirlo directamente en esa moneda y no tener que convertirla a pesos si no es necesario. Más que nada por eso me interesaba la opción.",No-Yogurtcloset5101,merval,1,2025-02-19 10:14:30,t1_mdcq6jj,t3_1inrzc2,comment
mcj8ajh,"Por lo que estuve viendo en la app dice que los fondos estan custodiados por la Comisión de Bolsa y Valores de EEUU. También la SIPC (Securities Investor Protection Corporation.

Drivewealth es un Broker registrado en la SEC de EEUU. Asi que como lo veo yo siendo todo cierto estan seguros los fondos, pero bajo el lado estadounidense.",Creative-Win-3447,merval,5,2025-02-13 08:33:40,t1_mcj6zr0,t3_1inrzc2,comment
mcjc2dp,"Entiendo, mi respuesta era más orientado a lo que comentabas en tu post de comprar SPY y holdear, en ese instrumento creo que mejor un broker. Ahora, para instrumentos que no tienen otros brokers no te queda otra que ir por el lugar que te lo ofrezca.",devcba,merval,2,2025-02-13 09:05:43,t1_mcj7gza,t3_1inrzc2,comment
mcjldaw,Si por ACH. Preferible que te mate a comisiones a que pierdas todo o que tengas que tramitar un cambio de broker porque el tuyo te dejó en banda. La tranquilidad se paga (aparte 1% no me parece un choreo),Investor491,merval,2,2025-02-13 10:12:25,t1_mcjk29z,t3_1inrzc2,comment
mcll0au,"Mmm que historial de Terra? Buenbit es un broker, si compras acciones de una empresa en el mejor broker del mundo y la empresa quiebra el broker no tiene nada que ver.",HwanZike,merval,6,2025-02-13 16:12:51,t1_mcjyw0e,t3_1inrzc2,comment
mcqigyr,"Muchas gracias por toda la info!! Por lo que decís no sería diferente usar buenbit a usar IBKR para acceder a más variedad de ETFs y T-Bills. Me convence más buenbit por la facilidad de fondear.

Creo que usaría un broker local para SPY y acciones locales y buenbit para T-Bills y otros ETFs. Tiene sentido eso?

Gracias de nuevo.",No-Yogurtcloset5101,merval,2,2025-02-14 11:39:07,t1_mcqhj0b,t3_1inrzc2,comment
mdlxbey,"Entiendo que si tenes dolares blancos y bancarizados compras el cedear en dolares y luego cuando vendes podes vender en dolares al CCL, entendia eso.",niko3100,merval,1,2025-02-19 10:16:13,t1_mdlx1it,t3_1inrzc2,comment
mcqiwxh,"Gracias. Por lo que decía creo que me convendría usar un broker local (IOL) para SPY y ONs locales y usar algún broker internacional (IBKR/buenbit) para acceder a T-Bills y otros ETFs. Tiene sentido eso?

Gracias.",No-Yogurtcloset5101,merval,2,2025-02-14 11:41:35,t1_mcjc2dp,t3_1inrzc2,comment
mcqrqrl,"Si, tiene sentido para acciones locales del merval que no tiene Buenbit. Por ejemplo uso Banza para eso.

Para SPY y T-Bills y otros de la bolsa norteamericana uso buenbit.

Gracias a vos por leerme.",satoshigwei,merval,2,2025-02-14 12:28:37,t1_mcqigyr,t3_1inrzc2,comment
mccn6ef,"Balanz, TM inversiones, los usé (actualmente uso tm) y 0 drama en ambos.",Hot-Decision4957,merval,2,2025-02-12 08:48:33,t3_1ingwdq,t3_1ingwdq,comment
mccfzn8,Si buscas otro broker te recomiendo Balanz muy bueno la verdad.,Creative-Win-3447,merval,3,2025-02-12 07:41:06,t3_1ingwdq,t3_1ingwdq,comment
mcrhqae,"Buenas! Soy asesor financiero (matriculado CNV). INVIU funciona muy bien, es muy cómodo para los inversores y para asesores, y es parte de grupo Galicia. Si te interesa armar cartera largoplacista me escribís. Saludos!",ethstrada,merval,1,2025-02-14 14:35:59,t3_1ingwdq,t3_1ingwdq,comment
mczathr,acciones argentinas o extranjeras?,unoptimusprime,merval,1,2025-02-15 19:56:31,t3_1ingwdq,t3_1ingwdq,comment
mcpyvgq,"Cuenta Custodia de Titulos es la q te dan los bancos, te cobran un fee anual pero es miserable, creo q el ultimo que pague fue de 20 pesos o algo así. Ahi sólo podes comprar, vender y nada más.   
  
La comitente es la que te dan las casas de bolsa y dependiendo de la casa de bolsa, te permiten un monton de cosas. Acá, averiguate bien, porque una cosa es la comitente, y otra muy diferente es el usuario. Hasta no hace mucho tiempo, algunas casas de bolsa te daban ""claves"" para que operaras en compra-venta, vos hacias compra-venta creyendo que eras titular de un activo y en realidad no era asi. El titular del activo era la casa de bolsa con ""su"" comitente, la clave, el retiro y esas cosas eran un mecanismo para que vos operes simulando titularidad. El riesgo de esta práctica consiste en que si revienta la casa de bolsa, vende sus activos.... vos sos historia aunque no tengas nada que ver.  
  
Vos sos titular del activo que compras cuando la cuenta titulo está a tu nombre y te marca a esos activos como tuyos y los podes ver a traves del PUC.

Asi que bueh... cuidate porque esto es la selva.",Creepy_Spread_2074,merval,1,2025-02-14 09:35:38,t1_mcpe3by,t3_1ingwdq,comment
mcchjtg,Ok pero llegado el caso que IOL no este como se recuperan? es tan facil como abrir cuenta en otro broker hacer una gestion y aparecen?,niko3100,merval,1,2025-02-12 07:57:06,t1_mccfy8f,t3_1ingwdq,comment
mcchuvo,Se pueden transferir los títulos de un broker a otro. En el caso de que uno desaparezca supongo que habría que hablar con la caja de valores para que los transfieran o desde el otro broker.,Creative-Win-3447,merval,2,2025-02-12 08:00:04,t1_mcchjtg,t3_1ingwdq,comment
mcrc20o,"El banco no te da el nro de comitente, sino el nro de la cuenta custodia, pero la tenencia sale en el PUC. Desconozco si allá, muy arriba, entre el banco y la CNV, son la misma cosa, pero con las limitaciones del caso. 

A modo de consejo, si me permitis, cuidá tus activos, porque acordate que somos standalones, eso significa q esto es una cueva financiera Si vamos a emergentes, se les acaba el curro a muchos, pero antes van a buscar las mil formas de sacarle plata a los incautos. Siendo emergentes, ya es otra cosa, porque tallan inversores institucionales.

Era eso, y ojala te vaya muy bien en tus decisiones!!!",Creepy_Spread_2074,merval,2,2025-02-14 14:08:27,t1_mcr6dnb,t3_1ingwdq,comment
mclrs3i,"yo supongo desde la ignorancia que ""desaparecer"" seria mas como ser vendido, como ocurrio con HSBC y galicia, y simplemente pasas a ser cliente de otra entidad. mas aun con el modelo de negocio que es un broker que teoricamente corre aun menos riesgo que los bancos.",Ingresante,merval,2,2025-02-13 16:43:51,t1_mcchuvo,t3_1ingwdq,comment
mc3eg3y,"En el caso de los cedears tenes que seguir que Comafi no quiebre. En teoría estamos hablando de títulos respaldados por un depósito, por lo que no debería haber problema en caso de quiebra, pero estamos en Argentina y siempre que hay algún quilombo salen ganando los bancos por más que la ley esté a tu favor. Capital mata ley",Investor491,merval,29,2025-02-10 20:53:46,t3_1imi4g2,t3_1imi4g2,comment
mc6lz6k,"Es loco porque la gente tiene en la cabeza una historia distorsionada sobre lo que pasó en el mercado financiero en el 2001.

En resumen: no pasó nada. Fue un mercado bajista y la gente que perdió plata fue la misma que pierde plata en un mercado bajista: los que se asustaron y vendieron bajo. Los que compraron o mantuvieron hicieron mucha guita.",elrond_lariel,merval,13,2025-02-11 11:01:03,t3_1imi4g2,t3_1imi4g2,comment
mc31pn3,"[https://tn.com.ar/economia/2021/12/20/historias-desde-la-bolsa-a-20-anos-del-corralito-como-era-operar-en-el-mercado-durante-la-mayor-crisis-economica-de-la-historia-argentina/](https://tn.com.ar/economia/2021/12/20/historias-desde-la-bolsa-a-20-anos-del-corralito-como-era-operar-en-el-mercado-durante-la-mayor-crisis-economica-de-la-historia-argentina/)

Los bonos se desplomaron y el merval en el 2001 cayo 30%, si tu pregunta es sobre la seguridad de propiedad (que te lo expropien) es poco probable que pase por que no tiene utilidad hacerlo.",Suspicious_Angle_160,merval,22,2025-02-10 19:13:48,t3_1imi4g2,t3_1imi4g2,comment
mc5aktu,"tranqui este articulo te lo explica

  
[Qué pasa si funde la sociedad de bolsa en la que tenés invertidos tus ahorros - El Cronista](https://www.cronista.com/finanzas-mercados/Que-pasa-si-funde-la-sociedad-de-bolsa-en-la-que-tenes-invertidos-tus-ahorros-20200207-0003.html)",BastianMoore6,merval,5,2025-02-11 04:10:43,t3_1imi4g2,t3_1imi4g2,comment
mc6bmzo,"Hice un curso hace tiempo con un Lic. en Economía de 55/60 pirulos, y nos contaba que los que contaban con acciones, se salvaron. Obviamente que la bolsa se recontra desplomo, pero los que holdearon ganaron.

[https://camilocisera.com/wp-content/uploads/2020/06/Grafico-2.png](https://camilocisera.com/wp-content/uploads/2020/06/Grafico-2.png)",Motoviajero,merval,6,2025-02-11 09:56:43,t3_1imi4g2,t3_1imi4g2,comment
mchljpi,"Creo que solo perdieron los que tenían plazo fijo en dólares, las acciones es capital social de la empresa así que eso no podrían haber expropiado.",chacoresar,merval,1,2025-02-13 00:08:28,t3_1imi4g2,t3_1imi4g2,comment
mc3lyu3,Suena que está es la verdadera razón por la que conviene usar un broker del exterior.,WSSquab,merval,8,2025-02-10 21:37:32,t1_mc3eg3y,t3_1imi4g2,comment
mcfy7u8,No pasa absolutamente nada si quiebra el Comafi porque no es dueño de los CEDEARS ni de las Acciones subyacentes. Solo es el facilitado.,Acceptable_Slip935,merval,5,2025-02-12 18:53:54,t1_mc3eg3y,t3_1imi4g2,comment
mcbpfe2,"Esta bien lo que dices pero creo que el post viene mas por la idea de un posible corralito de acciones/bonos. Es decir, en el caso de acciones dependemos de la voluntad de comafi. Si este quiebra (o le pinta) podria hacer que nuestro papelito valga 0 usd, lo que vale es la acción subyacente. Me parece raro que el mercado argentino dependa de un ente/banco privado.",Martin_Perril,merval,5,2025-02-12 03:14:41,t1_mc6lz6k,t3_1imi4g2,comment
mcg0yoo,"De las acciones subyacentes si, sería una especie de consignación. Justamente ese es el riesgo",Investor491,merval,3,2025-02-12 19:06:37,t1_mcfy7u8,t3_1imi4g2,comment
mchajhh,"La macana es que en ese escenario cualquier activo como acciones argentinas o bonos se hacen bosta y también perdes queriendo refugiarte ahí, no queda otra, latas de atún.",WSSquab,merval,4,2025-02-12 23:06:14,t1_mcbpfe2,t3_1imi4g2,comment
mbsedr8,"BYMA la compre en 2022 y vendi en diciembre hace poquito. Mi operatoria es fin de ciclo en bolsa y volvere a evaluar entrar en bolsa para largo plazo en 2026-2027. 
En cuanto a su tendencia, BYMA si cae a 100 seguiria siendo alcista. Viene subiendo desde 2020. Aqui el tema son tus tiempos mas que nada, si operas a corto plazo, mediano o largo plazo.

Lo ideal cuando haces trading es manejar bien la liquidez. Es decir, si vas a comprar un instrumento para operarlo, divide lo que vas a inyectar por ejemplo:

Supongamos que compraste todo en 370, ahora imaginemos que cae a 270, no tendras liquidez para comprar. 

Ahora como subio y te surgen dudas, eso se soluciona facilmente con sacar lo que invertiste en 370 y el resto de ganancias lo dejas y rotas tu liquidez o esperas una eventual caida para volver a inyectar la misma liquidez si cae. Es decir, aprende esto y no volveras a preguntar como ven a este o esto. El arte del trading es manejar bien la liquidez.",Firm_Translator_8623,merval,13,2025-02-09 02:07:42,t3_1il69pl,t3_1il69pl,comment
mbsnq53,"Prefiero papeles más grandes como Galicia o YPF. Pero para especular está bien, tiene buenos números la empresa. La cuestión es que su margen de crecimiento está limitado a qué el argentino promedio empieze a invertir.",Luzblanca02,merval,2,2025-02-09 03:21:46,t3_1il69pl,t3_1il69pl,comment
mcb38la,"la bolsa de Argentina es muy pobre, BYMA realmente da lastima, Habiendo tantos cedears no puedo creer que consideres tirar la plata en BYMA.",LostOrdinary3929,merval,2,2025-02-12 00:32:21,t3_1il69pl,t3_1il69pl,comment
mbvfgw5,"OP para hacer trading de corto plazo mínimo necesitás una estrategia, sino estás en el casino",elrond_lariel,merval,1,2025-02-09 14:56:23,t3_1il69pl,t3_1il69pl,comment
mbs8zb5,Vi que todos los febreros suelen caer las acciones en general estoy por vender y recomprar a fines del mes si no veo que rebota para el 15 por lo menos espero me salga bien la jugarreta,DefiantEngineer3989,merval,3,2025-02-09 01:28:49,t1_mbs8kjh,t3_1il69pl,comment
mbul42n,"Parcialmente correcto…

Depende de la cantidad de operaciones y del valor promedio. Si el merval sube un 100%, con la misma cantidad de operaciones byma va a facturar un 100% más.",Magodeoz-87,merval,3,2025-02-09 12:31:51,t1_mbsnq53,t3_1il69pl,comment
mbs9xbc,"Yo compré hace unos días bien barato y espero poder vender si vuelve a disparase a las nubes como estuvo hace unos meses... No veo por el momento que a corto plazo dentro de este mes suba mucho , en general todas las acciones están haciendo correcciones YPF está a la baja cuando subía todo el tiempo .. hay que esperar hacer acopio y vender en el momento justo",Additional-Film4035,merval,2,2025-02-09 01:35:24,t1_mbs8zb5,t3_1il69pl,comment
mb5nzk5,"La fecha limite para vender los GGALX era el 3 de Febrero, ahora que ya paso la fecha, eso lo perdes, ya que como te dijeron la otra opcion que queda seria suscribir para tener mas acciones, pero para eso necesitas dolar cable proveniente de una cuenta en el exterior.",TomasLuther,merval,13,2025-02-05 16:19:40,t3_1iifixp,t3_1iifixp,comment
mb60tc9,"Pará, pará pará. Vos me estás diciendo que compré GGALX al pedo??? En ningún momento aclararon eso, es más, vi el programa de Alejo Rodriguez Cacio donde el decía que lo peor que podés hacer es no hacer nada, o comprá o vendé GGALX pero si no hacías nada perdías. Y compré nomás...  
Si mantengo las acciones no voy a poder hacer nada con ellas en un futuro? A partir de mañana se me esfuman?",Still_Lemon_5598,merval,8,2025-02-05 17:18:00,t3_1iifixp,t3_1iifixp,comment
mbbaeiz,"Yo por suerte solo compré 40k de GGALX, pero conozco gente que puso más de 500k y vi varios de pusieron 300k.... Ahora ya sé que yo las perdí....no importa eran 40k... pero me arroja un saldo negativo de U$D5.300 me imagino que es por la perdida de la acción y no porque ahora les debo al banco 5k dólares....",Nervous_Injury781,merval,4,2025-02-06 13:15:57,t3_1iifixp,t3_1iifixp,comment
mbecwev,"Me paso con PPI, los (complete peyorativo despectivo aqui) los pusieron en la pestaña de acciones y la unica indicación que había era una palabra abreviada.
Lo tomo como una clase cara, 2.3% de mi cartera. Una mano quemada para aprender.",Frauvalhallen,merval,3,2025-02-06 22:04:49,t3_1iifixp,t3_1iifixp,comment
mbil499,"Lamento que hayas perdido plata y es antipatico lo que voy a decir, pero si relees el primer parrafo que escribiste, es claro que el error fue tuyo. Vos compraste una opcion de compra de acciones, con ciertas condiciones, entre ellas una fecha de expiracion. Desconocias en que condiciones se podia ejercer. Incluso podrias haberlas vendido antes de que expiraran, si no podias ejercerlas por no tener dolares CCL operables.

Si le hubieras pedido a un asesor ""comprame acciones de Galicia"" y te compraba las opciones, te daria la razon. Pero vos por error o desconocimiento compraste las opciones. Es verdad que la plataforma podria haber dado alguna indicacion, pero se sobreentiende cuando estas operando que sabes que estas operando. Para mi es lo mismo que si en cualquier broker compras una opcion (que no tiene ninguna advertencia especial, al menos en mi experiencia de uso) pensando que estas comprando la accion.

Lo de poner plata extra para la orden de compra si es un error del banco (y muestra que no tienen mucha idea), pero ahi no se cuanto podes reclamar, porque esa es plata que nunca salio de tu cuenta y quedo a tu dispocion, segun entiendo de tu post.

Nuevamente, lamento que hayas perdido plata, pero me parece que no tenes razon en tu planteo.",AddressFair4059,merval,3,2025-02-07 15:00:02,t3_1iifixp,t3_1iifixp,comment
mb63joa,"Si compraste GGALX solo por comprar, entonces si, fue al pedo... y en estos dias te van a desaparecer de la comitente y chau, toda la plata que pusiste para comprar se perdio.

Ahora, si vos tenias acciones de GGAL y querias suscribir a las nuevas acciones para que tu participacion accionaria no quede diluida, entonces no fue al pedo.

Asi que todo depende de para que las compraste en primer lugar.",TomasLuther,merval,7,2025-02-05 17:30:26,t1_mb60tc9,t3_1iifixp,comment
mb6g2v3,">vi el programa de Alejo Rodriguez Cacio donde el decía que lo peor que podés hacer es no hacer nada

Se refirió específicamente a los GGALX que te aparecen automáticamente en la cuenta por tener acciones de GGAL. Con los que te aparecían, lo peor que podías hacer es no hacer nada *justamente porque desaparecían* a la fecha de vencimiento. No fue una llamada a comprar.",elrond_lariel,merval,6,2025-02-05 18:26:58,t1_mb60tc9,t3_1iifixp,comment
mb651v2,"Te recomiendo hacer ese tipo de operaciones en un broker y no a traves del banco. Al principio puede ser mas dificil de entender, pero los brokers emiten comunicaciones mas especificas y claras por mail y muchos de ellos, tienen un asesor gratuito al que le podes consultar (balanz, por ej)  
En mi caso, me llego la comunicacion por mail, consulte con mi asesor para entender mejor y las termine vendiendo (me quede con las que ya tenia de Galicia y no sume las nuevas)",Pinksexteen,merval,12,2025-02-05 17:37:21,t1_mb5y56v,t3_1iifixp,comment
mb66xct,"Ahhh excelente aclaración muchas gracias! Si, tenía acciones de GGAL previamente, entonces no voy a perder la inversión, me quedo más tranquilo. Muchas gracias!",Still_Lemon_5598,merval,2,2025-02-05 17:45:49,t1_mb63joa,t3_1iifixp,comment
mbc5c1p,"Yo consulte con el oficial de galicia y me dijo que tengo hasta el 4 de febrero para poder acceder o vender bonos a precio menor al mercado. Nunca me comento que poseían vencimiento. Igual algo me olía y no puse nada, pero vi que hubo varios con bastante inversión. Y leí de gente que el mismo 4 quiso vender y no pudo.",Nervous_Injury781,merval,1,2025-02-06 15:38:00,t1_mbc2g2t,t3_1iifixp,comment
mb6alfu,"Por las dudas. Tenías ggal, por eso te dan ggalx. Esas ggalx tenes que fondearlas con dólar cable para que se conviertan en ggal nuevamente, sino se liquidan según entiendo. En sí mismo la ggalx es una opción de compra pero sino no la usas solo es eso y se van a borrar .",Stock-Acanthaceae-51,merval,4,2025-02-05 18:02:21,t1_mb66xct,t3_1iifixp,comment
mb6b0u9,"Evidentemente no me exprese bien... las GGALX VAN A DESAPARECER sin importar si tenias acciones de GGAL de antes. Lo que te permite hacer las GGALX es SUSCRIBIR acciones nuevas, para esto necesitas avisar a tu broker que queres ejercer este derecho y vas a tener que pagar algo asi como 5 dolares y pico por cada 87 GGALX que tengas. Estos fondos tienen que ser SI O SI por dolar cable, para lo cual necesitar tener una cuenta registrada en el exterior.",TomasLuther,merval,3,2025-02-05 18:04:18,t1_mb66xct,t3_1iifixp,comment
mb6gpsb,"Si no lo fondeaste con dolar cable, las perdiste. Yo voy a iniciar acciones legales, ya que básicamente me permitieron comprar sin cumplir los requisitos. Avisame cualquier cosa y sumamos casos, se que les pasó a varios más.",ErgoMachina,merval,3,2025-02-05 18:29:53,t1_mb66xct,t3_1iifixp,comment
mb6qvza,"Claro, me pasó lo mismo. Encima el broker en ningún momento se comunicó conmigo para al menos informarme de la situación. Gracias por avisar, voy a ver que hacer en estos días.",Still_Lemon_5598,merval,3,2025-02-05 19:16:18,t1_mb6gpsb,t3_1iifixp,comment
mb77juj,"Es medio confuso el posteo. Pero si quisiste vender y no te dejaron si es para hacerles quilombo (hay que ver el monto tb).

En los bancos son los peores, por eso hay que operar con brokers ademas de las comisiones (y tampoco estas exento de los burritos)

Yo como estaba lanzado ademas de ggalx me aparecieron unas call raras (mas tarde) que tuve que revertir para poder vender",Desmo4,merval,3,2025-02-05 20:40:18,t1_mb73s6a,t3_1iifixp,comment
mb3byaj,"Buenas, es algo relativamente normal. Si buscas ETFs calificados como ""Islamic finance"" cumplen practicamente los mismos requisitos.

Basicamente, no inversiones en instrumentos o industrias -*haram*\-. No armas, tabaco, alcohol, servicios relacionados a la usura (bancos no islamicos inclusive, por el cobro de intereses), pornografia, cerdo, etc"". Puede ser un concepto interesante, pero hay que estar pendiente de los detalles e hilar fino.

Por ejemplo, vas a encontrar que algunos fondos se califican de tal o cual manera, pero cuando empezas a ver los holdings hay companhias que no deberian ser parte del indice. Esto sucede con los fondos ESG y varios de los calificados tambien como islamic finance. Lo solucionan donando los beneficios producidos por esas companhias... Cosas por el estilo, no se si es la mejor manera de operar la verdad.

Tambien esta el caso de que pueden ser controversiales; ESG es practicamente el DEI de finanzas. En un momento fueron un boom y despues se tranquilizaron bastante porque los fondos terminaron siendo demasiado restrictivos. Luego empezaron a incluir compañias que no deberian ser parte de los indices. Por ejemplo en fondos ESG incluyeron inversiones en mineria de carbon. Se los ha utilizado tambien como una especie de arma politica.

Los fondos islamicos suelen tener TERs mas altos, por el managing activo que naturalmente requieren.

Otro tema extra es el fund manager. Invertir en un fondo tematico de este tipo ya sea ESG o Etico o Islamico de un fund manager como BlackRock, que es de por si poco etico en su operar medio que niega la intencion.

My 2 cents.

  
**Edit:** Mejor gramatica.",diyexageh,merval,25,2025-02-05 09:01:59,t3_1ii7r7r,t3_1ii7r7r,comment
mb7k1tf,"Que buen tema traes, aire fresco al lado de los post de ""cuanto va estar el dólar"". Ahora me pregunto si el ETF incluye también empresas de pornografia.",possiblecefonicid,merval,5,2025-02-05 21:46:42,t3_1ii7r7r,t3_1ii7r7r,comment
mbbbhut,"Todas las empresas, y más las yanquis, tienen operaciones poco éticas... Desde las tecnologícas que operan bélicamente con el gobierno, las que venden datos privados, las que explotan a sus empleados en el extranjero al punto de la exclavitud, los bancos ni te digo, las alimenticias con los componentes con los que producen, petróleo y derivados junto con los que hacen las baterías para coches eléctricos peor todavía...
Si vas a ser ético no vas a invertir en ningún mercado, nada de termino medio, o invertis solo en lo limpio (qué no hay!!!) o ponete un plazo fijo (qué los hace un banco y tienen menos ética que Wanda). 
Capaz etf del Vaticano??? ",PomberitoFan,merval,4,2025-02-06 13:21:04,t3_1ii7r7r,t3_1ii7r7r,comment
mb3xb63,"Invierto en alcohol. Un fernecito en su justa medida está bien.

El sistema yankee te vende incluso eso, inversiones morales. Jajajajajajaa venden cualquier cosa con tal de vendertelo jajajajajajajaa

Te digo más, esto es como el Rotary, donde hay muuuucho gente que lava culpas. Pero siguen siendo igual de HDP en el día a día. No sean giles, laburen as honorem en una causa y no piensen estás boludeces.",armonicoenfuga,merval,2,2025-02-05 11:21:11,t3_1ii7r7r,t3_1ii7r7r,comment
mcb2zd8,"""etica"" jaja... esa palabra.... me hace acordar a los que se dicen ""cristianos"" y luego engañan a la mujer con la secretaria y similares.

Hay un nivel de hipocrecia tremendo. pero es gracioso.

  
Hay que invertir en todo y dejarse de joder. Aguante la bolsa",LostOrdinary3929,merval,0,2025-02-12 00:30:45,t3_1ii7r7r,t3_1ii7r7r,comment
mb3q3y3,"Si, la ética es importante en mi vida (dentro de lo posible). Tampoco invertiría en casinos, tabaco, alcohol o cosas así.

Una vez me ofrecieron un montón de plata por participar de un negocio de desbloqueo de celulares robados porque necesitaban mi habilidad técnica. Y dije que no. Era mucha plata eh, estamos hablando de decenas de miles de dolares... en el tiempo, más de 200 mil dolares. Pero no.",former_farmer,merval,14,2025-02-05 10:39:52,t1_mb3pjgx,t3_1ii7r7r,comment
mb7hlcp,"De nada, aca va

**TER:** Total Expense Ratio (Lo que te cuesta x anho mantener cierto instrumento a nivel comisiones)

**DEI:** Diversity Equity and Inclusion (Lo que mucha gente llama *wokeness*, en este caso aplicado a las finanzas)",diyexageh,merval,6,2025-02-05 21:33:43,t1_mb5mbju,t3_1ii7r7r,comment
mb6v2ig,"Comparto y aplico el mismo punto de vista en mis inversiones, mis respetos",CyberBulwark,merval,0,2025-02-05 19:36:27,t1_mb3q3y3,t3_1ii7r7r,comment
mb5tac7,"Dale, buen insight a mi respuesta, segui llorando pensando que cambias el mundo con inversiones ""eticas""... Abrazo",livefast020,merval,-5,2025-02-05 16:43:50,t1_mb442il,t3_1ii7r7r,comment
mb8phu0,"Dale segui llorando, con el librito de las inversiones eticas te mandan una parati deco, pedazo de dolobu y aparte maleducado. Te mando un abrazo igual, roñoso",livefast020,merval,-5,2025-02-06 01:45:38,t1_mb6ec5a,t3_1ii7r7r,comment
may4z9p,"¿En la página de la CAFCI no esta esa información?

[https://www.cafci.org.ar/](https://www.cafci.org.ar/)",NebulaNebulosa,merval,3,2025-02-04 13:47:58,t3_1ihljfi,t3_1ihljfi,comment
mb28u82,"Para cotizaciones, CAFCI como ya te dijeron.

Para datos precisos de la cartera del FCI: [criptoya.com/fci](http://criptoya.com/fci)",IfFalseThenTrue,merval,2,2025-02-05 02:47:46,t3_1ihljfi,t3_1ihljfi,comment
mb3jbsv,"[doctacapital.com.ar](http://doctacapital.com.ar) te deja integrar todos sus datos (Cedears, Bonos, Acciones, Stocks, Dolares y Opciones) a Excel o Google Sheets, pero todavía no tienen FCI",WhichSwimmer8592,merval,1,2025-02-05 09:56:39,t3_1ihljfi,t3_1ihljfi,comment
maygg0f,"Sí, todos los días hacen una planilla diaria después de las 20hs con el precio de cierre de todos los fondos en un Excel para descargar.

https://api.cafci.org.ar/pb_get",ast3rion,merval,4,2025-02-04 14:41:19,t1_may4z9p,t3_1ihljfi,comment
mb076bn,"Por ej

[https://www.cafci.org.ar/ficha-fondo.html?q=829;2342](https://www.cafci.org.ar/ficha-fondo.html?q=829;2342)

Vienen con 1 día de atraso? Hoy 4/2 muestra ""Valores al 03/02/2025""",yiyotopo,merval,0,2025-02-04 19:40:23,t1_may4z9p,t3_1ihljfi,comment
mblva1m,"OP considera que los FCI se arman y se desarman diariamente, de acuerdo a la estrategia de Found Manager y de la operatoria y a las compras y rescates. Al valor no te lo van a dar online, sino al cierre, porque se tratan de cuotapartes.

Distinto es el caso de acciones y bonos donde vos tenes una cotizacion, un precio, un bid y un ask.

Fijate, pero me pa q sólo podes tener info al cierre (salvo que seas el  Found Manager).",Creepy_Spread_2074,merval,1,2025-02-08 01:24:24,t1_mb06q45,t3_1ihljfi,comment
mag47ca,TradingView,chimichurri97,merval,8,2025-02-01 18:58:34,t3_1iffoo3,t3_1iffoo3,comment
mak4x7s,Los gráficos de PPI (TradingView) deberían bastar. ¿Podrías ser más especifico en lo que buscas?,Real_Barracuda_6851,merval,2,2025-02-02 11:42:13,t3_1iffoo3,t3_1iffoo3,comment
mak4ryg,PPI usa los gráficos de TradingView.,Real_Barracuda_6851,merval,2,2025-02-02 11:41:24,t1_mag47ca,t3_1iffoo3,comment
mewv0du,Pregunto desde la ignorancia... Cómo la renta fija puede dar rendimientos negativos?,Leanmeza,merval,6,2025-02-26 13:53:07,t3_1iyr3ki,t3_1iyr3ki,comment
mexi2ku,"Pero que mes negativo si todavía no termino el Mes 🤷🏻‍♂️
Y el fima ahorro pesos tiene al día de hoy  +2,21%

Y el ahorro plus +1,64%


Renta pesos + 0,72%
Renta plus +0,84%


Supongo que ahora todo se normalizar y llegué maybe 3% con suerte siempre pasa ahí te dejo el link chequéate la media real mensual 


[Fuente Fimita Argento](https://www.fondosfima.com.ar/es/herramientas/valor-de-cuotaparte-y-rendimientos#)",adry4242,merval,4,2025-02-26 15:40:24,t3_1iyr3ki,t3_1iyr3ki,comment
meww48j,"Porque el precio dia a dia de los instrumentos fluctua en base a las expectativas de pago, otros instrumentos con tasas mayores o menores, retornos reales (ie, expectativa de inflacion), etc, etc.

[https://www.reddit.com/r/merval/comments/kpaffw/introducci%C3%B3n\_a\_renta\_fijabonos\_parte\_1/](https://www.reddit.com/r/merval/comments/kpaffw/introducci%C3%B3n_a_renta_fijabonos_parte_1/)

Si vos tenes un bono o un plazo fijo, mientras que no defaultee no te va a dar rendimiento negativo a finish. Esto es nominalmente hablando, te va a dar los pesos de interes + el capital original. Pero no significa que vayas a tener un retorno positivo segun cualquier metrica ""real"" (dolar, inflacion, etc).",HwanZike,merval,7,2025-02-26 13:58:17,t1_mewv0du,t3_1iyr3ki,comment
meww0gc,Bonos también caen no solo acciones,5ofDecember,merval,3,2025-02-26 13:57:48,t1_mewv0du,t3_1iyr3ki,comment
mex7215,"porque en este pais la renta fija la usan para timbear igual o peor que las acciones, por lo tanto de ""fija"" solo tienen el nombre, si no estas atras podes comerte un pijon hermoso como me ha pasado en su momento, si buscas algo fijo de verdad hay que apuntar a paises serios no a este casino ambulante llamado argentina.",milennium2,merval,2,2025-02-26 14:49:24,t1_mewv0du,t3_1iyr3ki,comment
mf0m8ou,"FIMA Ahorro Plus 0,92 %

FIMA Renta Pesos 0,39 %

Esa es la rentabilidad en lo que va de febrero.
La fuente es el mismo fondo y se condice con lo que tengo invertido. 

FIMA ahorro pesos si está en 1,5% lo cual no es mucho pero tampoco despreciable y el renta plus 0,36%

Creo que voy a dividir los dos que tengo y meterme en los 4. Igual es deprimente que no le puedan ganar a un PF pero entiendo que esto es para largo plazo.

Me interesaba saber si se espera una recomposición de la rentabilidad a corto plazo o espero 90 días en PF UVA.",FaltaPatroclo,merval,1,2025-02-27 01:17:50,t1_mexi2ku,t3_1iyr3ki,comment
mewyacl,"Entonces es posible que algunos componentes de esos FCI estuvieran llegando a finish con sobre precio, estén ajustado para abajo y en coincidencia con la baja de tasas se comieron toda la rentabilidad mensual?

Tengo 4 montos iguales, uno en PF, otro en cada uno de esos FCI y otro en billetera virtual. Los dos FCI no lograron el 1% y quedaron por debajo de los otros dos, cuando en enero estaban 2% arriba.",FaltaPatroclo,merval,1,2025-02-26 14:08:31,t1_meww48j,t3_1iyr3ki,comment
mexdx1m,"datazo!! Que seira una ""renta fija"" afuera? el treasure bill por ejemplo?",niko3100,merval,2,2025-02-26 15:21:14,t1_mex7215,t3_1iyr3ki,comment
mf1igen,"Bueno, Pero considera que aún no termina el mes. Y usualmente si se mantienen en 3%  4% varía de muchos factores. Cuando el mercado se normalice ya empezará de nuevo la corrida alsista.
Debería más preocuparte que no te de negativo jeje. Al menos es lo que a mí me preocupa. Pero si ves el Link la media es real y va del 3 a 6%
Lo que es renta el año pasado me cerró con 10% mensual. Los otros 4% 

Una media. Lo cual no estuvieron nada mal, por eso te digo que te fijes más en que no te den meses en rojo , más que te dé poquito.
Además son de bajo riesgo .

Imagínate para ganar rentabilidad alta hay otros instrumentos, pero a su vez el riesgo es mayor. Por ej todos los que hacemos acciones estos meses fueron feos ahora recién retima alza el mercado .

Pero ahí va, es parte del juego y un 3% 4 % ( con un dólar planchado ) sin hacer NADA no está nada mal.

Yo vengo haciendo FIMA de hace años ... Y la verdad lo máximo que ví en negativo de un mes creo que fue -2%  Pero usualmente no llega ni al -1% casi siempre acaban positivos ( por eso ver el link y hacer la cuenta )

Podés basarte de tu saldo , si Pero aveces no llevas el conteo bien o sacas dinero o pones más etc. Así q Basate del link  en mi caso no me fijé ( porque suelo hacer el conteo cada fin de mes ) desde ahí 30 días para atrás y ... Siempre me da igual al del link que pase acá.

Así que no hay TRAMPA con eso de hecho es una forma intuitiva de ver los rendimiento y sobre todo ""AL DIA""



Nota : con respecto a la recomensacion BASATE DEL HISTORICO del link ..

Posicionarse a fin de mes y medio el % en los últimos 30 días ( del último día del mes ) solo así sacarás la cuenta 


Y... En mi opinión si los mercados se vuelven a poner alsistas cómo creo, estimo que si. Pero ahí vas variando si no te sirve el retorno. En mi caso me baso que no estén negativos y DIVERSIFICO en esos 4 plus y pesos  que son Moderados y bajo riesgo así que esperemos al Cierre del mes a ver que % arroja  ( Aun es temprano)",adry4242,merval,3,2025-02-27 05:58:05,t1_mf0m8ou,t3_1iyr3ki,comment
mexo3qm,Es dificil decir exactamente que paso porque los FCIs suelen comprar y vender instrumentos y no informan la cartera diariamente asi que no sabes que operaciones hacen exactamente.,HwanZike,merval,2,2025-02-26 16:08:08,t1_mewyacl,t3_1iyr3ki,comment
mexeqfj,"correcto, aca los bonos son timba afuera no",milennium2,merval,2,2025-02-26 15:24:57,t1_mexdx1m,t3_1iyr3ki,comment
mf0mihr,"Si, eso lo estoy notando. Sigo la cartera en la CNV y vi varios cambios. Tomaron bastantes ON. Espero que sea para recuperar lo que no se ganó este mes contra la buena y confiable PF.",FaltaPatroclo,merval,1,2025-02-27 01:19:41,t1_mexo3qm,t3_1iyr3ki,comment
mexoof5,"No es tan así, la duration tambien es un factor grande en el riesgo. Si tenes un ETF (o un bono, pero simplifiquemos) con bonos del tesoro americano y son a 20 años en promedio, te podes comer tremenda piña. Si la tasa sube 1% tranquilamente vas a a tener una variacion de precio de -20%. Ver por ejemplo: [https://www.blackrock.com/cl/productos/239454/ishares-20-year-treasury-bond-etf](https://www.blackrock.com/cl/productos/239454/ishares-20-year-treasury-bond-etf)",HwanZike,merval,2,2025-02-26 16:10:49,t1_mexeqfj,t3_1iyr3ki,comment
mexh04q,"Es totalmente cierto pero también creo que el riesgo paga más. Los bonos de USA dan rendimiento fijo pero pagan 4.15% al año y de momento, con el dólar planchado, eso lo haces en un mes bueno, o promediando tres meses con uno malo en el medio.

Por supuesto eso es con los pesos que tengamos a mano. Los dólares no los vendería. La pregunta es a qué FCI en dólares internacional se puede acceder desde Argentina que pague ese 4% de renta fija.",FaltaPatroclo,merval,1,2025-02-26 15:35:28,t1_mexeqfj,t3_1iyr3ki,comment
mdrlnw0,"No.

TIR es anual. Todo es anual.

Ganarías esos $35mil si la inversión dura 365 días. Ni más, ni menos.

Pero la Letra no dura un año, dura (a fecha de hoy), una semana. Hacé 35% dividido 365. Te da lo que ganas por día, multiplicalo por la semana que te queda de tiempo antes de que venza, y ahí está tu ganancia, osea le ganas chirolitas.

Igual 35% es un lindo porcentaje frente a los fci que estan rindiendo entre el 29 y 31%

Vofi.",Nachovyx,merval,8,2025-02-20 04:26:05,t3_1itrar1,t3_1itrar1,comment
mdvg4vd,"Tené en cuenta que dependiendo del broker vas a tener diferentes comisiones. Mi ALyC me cobra 0,20% del monto (+ IVA) por operar letras en mercado secundario.",MysteriousMeat13,merval,2,2025-02-20 18:12:57,t3_1itrar1,t3_1itrar1,comment
mdszr01,"En cualquier instrumento de renta fija, si lo tenés hasta el vencimiento, no deberías perder guita. El tema es que lo compres y quieras salir antes.",ethstrada,merval,1,2025-02-20 11:20:00,t3_1itrar1,t3_1itrar1,comment
mdsomo1,Pone en el FCI de cocos..,darenaarg,merval,-5,2025-02-20 10:14:36,t3_1itrar1,t3_1itrar1,comment
mdrnlpn,"Podes entrar tranquilo a cualquier letra.

Con esta letra olvidate de ganar esos 35mil, de pedo que le ganas $1400 al vencimiento y encima te quita la comisión el broker. Apenas para 2 alfajores baratelis te alcanza

Te conviene buscar una letra de mayor plazo o un FCI riesgo moderado.",Nachovyx,merval,7,2025-02-20 04:44:46,t1_mdrmq1g,t3_1itrar1,comment
mdrnrw7,Si si. La onds es que quiero ir probando diferentes cosas. Me hinche las pelotas de mandar a fci todo el tiempo y las empresas.argentinas pagando div cada muerte de obispo.,weener69420,merval,2,2025-02-20 04:46:26,t1_mdrnlpn,t3_1itrar1,comment
mdnso3m,"No tenes que haber comprado dolar oficial en los ultimos 180 dias corridos.

Tampoco vas a poder comprar dolar oficial en los proximos 180 corridos si compras mep.",marcepozzo,merval,7,2025-02-19 15:44:01,t3_1itcko3,t3_1itcko3,comment
mdnwp4r,"No tenes que haber accedido al MULC, es decir, exportaciones, importaciones, compra/venta de dolar oficial.",MountainAd4381,merval,3,2025-02-19 16:01:58,t3_1itcko3,t3_1itcko3,comment
mebo2u8,"No compres en un banco! Hacelo en un broker, son más baratos y rápidos. Yo compro siempre en Invertironline (es de Supervielle, así que es como un banco de seguro).",Outrageous_Welder444,merval,2,2025-02-23 08:00:55,t3_1itcko3,t3_1itcko3,comment
mehpxzg,"Primero, gracias por el consejo.

La verdad es que venia haciendo es comprando en Balanz. Pero la semana pasada, el precio del MEP mas la comision en el BBVA y el precio de Balanz me daban bastante cerca.

Capaz esta caro balanz y otros brokers menos conocidos me venden mas barato.",KefkaFollower,merval,1,2025-02-24 06:24:01,t1_mebo2u8,t3_1itcko3,comment
mdg4jof,Creo que lo mas facil es invertir en el Cedear SPYD 500 que es en dolares o el de pesos y es el ETF SPY 500 de USA.,niko3100,merval,3,2025-02-18 13:03:26,t3_1isfygf,t3_1isfygf,comment
mdmcrrk,"Acordate que cedear, etf y todo lo de afuera paga un 15% de renta financiera cuando se enajena (15 sobre la diferencia compra y venta) anual.
Los fci esos que ves estan exentos por tener el 75% en instrumentos nacionales.",Frauvalhallen,merval,3,2025-02-19 11:44:11,t3_1isfygf,t3_1isfygf,comment
mdgc80m,Tenés un montón de fci como Galileo income o drama estrategia dólar I.,Gullible-Pay4973,merval,2,2025-02-18 13:40:18,t3_1isfygf,t3_1isfygf,comment
mdgtbhy,"Con bull market metele a SGOV es un etf de blackrock bonos del Estados Unidos cortos, da el 5 anual aproximadamente ",everforunco,merval,2,2025-02-18 14:59:54,t3_1isfygf,t3_1isfygf,comment
mdj0f88,"Pregunta de ignorancia, puedo comprar con pesos el syp???",Tobination_00,merval,2,2025-02-18 21:19:26,t3_1isfygf,t3_1isfygf,comment
mdw9gsn,"Hay un par que invierten en bonos o deuda corporativa de Chile o Brasil. Tienen que traer un cedear linkeado a bonos americanos, pero bueno, se les termina la joda de las ON pagando 6% anual a pesar del riesgo argentino",MartinSLArg,merval,2,2025-02-20 20:36:10,t3_1isfygf,t3_1isfygf,comment
mdg4qab,Pero ahi estás invirtiendo en renta variable; totalmente diferente a renta fija y otro nivel de riesgo.,Martin_Perril,merval,1,2025-02-18 13:04:22,t1_mdg4jof,t3_1isfygf,comment
mdgjae4,"che te hago una consulta re boluda, en IOL compre SPYD con usd pero en el portfolio me figuran en pesos y como spy, eso es asi?",OrganizationNo9255,merval,1,2025-02-18 14:13:31,t1_mdg4jof,t3_1isfygf,comment
mdn6yrp,"Los cedear no pagan impuesto a las ganancias (solo las acciones subyacentes si las tradeas afuera). Lo mismo cedear de etf.

Los FCI estan exentos de bienes personales si invierten el 75% de su cartera en bienes exentos. 

Igualmente, prefiero pagar impuesto sobre una inversión risk-free que no pagar sobre una timba…",Martin_Perril,merval,3,2025-02-19 14:07:08,t1_mdmcrrk,t3_1isfygf,comment
mdgocfz,"Claro, cosas por ese estilo. Aunque por lo que veo todos están obligados a invertir como minimo 75% en Mercosur. En el caso de galileo cumple exactamente ese porcentaje en bonos corpo mas que nada.",Martin_Perril,merval,2,2025-02-18 14:36:56,t1_mdgc80m,t3_1isfygf,comment
mdj34bc,"Gracias! Esto es exactamente lo que estaba buscando.

Tuviste experiencia ya con este cedear (esta en cedear)? 

Pregunto porque me resulta raro como logran ese 5% con bonos tan cortos, veo que hay un año que apenas rindieron 1%.

Ademas, me pregunto si ese yield es debido al crecimiento de precio de la acción + dividendos o solo el primero. Porque en argentina, los impuestos comerían gran parte del dividendo. 

Gracias nuevamente.",Martin_Perril,merval,1,2025-02-18 21:33:42,t1_mdgtbhy,t3_1isfygf,comment
mdj1qa3,"Así es, estarías comprando el CEDEAR. El CEDEAR de SPY lo podes comprar en pesos, dolar (MEP) o dolar Cable (CCL) y lo podes vender en clq de estas tres monedas independientemente con que moneda lo compraste.

Te recomiendo leerte la wiki para comenzar y elegir un broker para operar.",Martin_Perril,merval,1,2025-02-18 21:26:22,t1_mdj0f88,t3_1isfygf,comment
mdwfl8g,"Claro, ese es el tema jajaj. Justo otro comentario menciono el ETF SGOV, si existiera ese cedear que esta pagando ahora 5% (bonos usa) nadie pagaria las ON. En fin…",Martin_Perril,merval,2,2025-02-20 21:09:12,t1_mdw9gsn,t3_1isfygf,comment
mdn9l0s,"Los cedear no, pero los dividendos son una patada de mula poque se suman a tu sueldo y pagan en la escala de ganancias.",Frauvalhallen,merval,2,2025-02-19 14:18:50,t1_mdn6yrp,t3_1isfygf,comment
mdo6y2a,"No es un cederán. Bullmarket Booker te deja invertir afuera, comprando dólar cable. No es tan seguro como invertir vos directo con un Booker afuera( tipo charles schwab) pero es más rapido",everforunco,merval,2,2025-02-19 16:47:49,t1_mdj34bc,t3_1isfygf,comment
mdj5le8,"Es así. Te va a figurar el precio al CCL, pero es lo mismo. Después podes vender el CEDEAR en dólares. Si sube el dolar, te va a subir la ""ganancia"" en pesos. Es medio una cagada porque confunde cuanto estás ganando en dólares realmente, sin tener en cuenta el tipo de cambio.",Green_Goblin_10,merval,2,2025-02-18 21:46:43,t1_mdgp8u3,t3_1isfygf,comment
mdo2s8b,"Claro, eso entiendo. Me queda la duda ahora que lo pienso es si estos fci pagan ganancias ya que como mínimo deben tener el 75% invertido en mercosur, no NACIONAL. Y muchos invierten en deuda brasilera, bonos corpo y soberanos del mercosur. No se si estan exentos de ganancias aquellos, lo de mismo de bienes personales.",Martin_Perril,merval,1,2025-02-19 16:29:11,t1_mdn9l0s,t3_1isfygf,comment
mdo80wr,"Claro, pero involucra mandar la guita afuera. Si estoy afuera ya compro bonos usa largos. Yo quería algo de ese estilo pero en arg. 

Igualmente, estuve leyendo ese ETF, resulta que solo rinde -bien- mientras que las tasas de fed sean elevadas. Post pandemia rindio casi al 0% porque las tasas eran bajas. Si compras es porque predecis que las tasas seguiran altas o porque queres algo a corto plazo (0-3 meses), sino compras directamente un bono con mayor duration.

Y vuelvo a repetir, el yield se basa en el dividendo, siendo residente argentino no se cuanto % neto te queda luego de comisiones e impuestos.",Martin_Perril,merval,1,2025-02-19 16:52:37,t1_mdo6y2a,t3_1isfygf,comment
mdn81l4,"El de IOL es lo que subió en dolares el activo (es lo que deberias ver siempre). 

Buenbit es una plataforma argentina, estas seguro que esa es la cotización de la acción subyacente (original). Parece ser la del cedear medido en pesos (si no tiene la D)",Martin_Perril,merval,1,2025-02-19 14:11:57,t1_mdn2igq,t3_1isfygf,comment
md106md,"Básicamente es apalancamiento, así que los riesgos que asumis son el que representa la tasa de la ON y/o bonos (probabilidad de pago de cupones) y la variación de precio del activo de garantía en la caucion, por eso no cualquiera lo hace


Si te dan los números y podes gestionar el riesgo mandale",Bigotoide,merval,14,2025-02-16 02:11:47,t3_1iqkjc0,t3_1iqkjc0,comment
md21ofx,"Si tu planteo te genera dudas porque suena muy bueno para ser real, esperá que te cuente que hasta el año pasado el Yen japones operaba a tasa 0.05% anual.

 Todos los avivados hacían carry con el yen > moneda local volatil (peso mexicano, argentino) y pagaban chirolas por el apalancamiento aun yendo a super renta fija y le sacaban una buena moneda.

En Agosto del año pasado el banco central japones un poco harto de que usen su estabilidad para sacar prestamos para invertir afuera del país que subió la tasa. Hace poco la volvió a subir en Enero y ahora está en 0.5% uff un montón... (sarcasmo)

¿Y por qué no todos lo hacen y son millonarios?


Porque no todos tienen educación financiera

Y los que la tienen, no están emocional/psicológicamente alineados con esa práctica

Y los que lo estan no todos saben como hacerlo

Y los que lo saben no todos se animan

Y los que se animan no todos saben operarlo

Y los que lo saben no todos tiene el capital suficiente

Y los que lo tienen capaz tienen otras necesidades

Y los que no y van y lo hacen y tienen capital y conocen y asumen el riesgo, ya deben estar parados en mejores posiciones/inversiones porque saben otras cosas mejores

Mil variables del por qué no todos estan metidos en el tema

Igual gracias por tu planteo porque es algo que yo mismo estuve pensando estos días",Nachovyx,merval,23,2025-02-16 08:11:25,t3_1iqkjc0,t3_1iqkjc0,comment
md3k3z7,"Necesitaría que expliques el proceso que querés hacer, porque si las cauciones duran 120 días pero el análisis lo estás haciendo con los bonos a vencimiento, no me cierra cómo pensás llegar de A a B.",elrond_lariel,merval,3,2025-02-16 14:02:25,t3_1iqkjc0,t3_1iqkjc0,comment
md124lr,Las cauciones cuestan 3% anual? Tienen menos riesgo que los bonos del tesoro? Será por el colateral? Si es así hasta comprando tbills ganás plata...no sabía,Consistent-Ad-2574,merval,1,2025-02-16 02:26:58,t3_1iqkjc0,t3_1iqkjc0,comment
md10ybp,"Claro pero es apalancamiento en renta fija. Me resulta raro que en USA exista la posibilidad de pedir prestado al 1-3% anual, no se, capaz hablo desde la ignorancia pero me pareció la tasa muy baja comparado al return esperado.",Martin_Perril,merval,4,2025-02-16 02:17:43,t1_md106md,t3_1iqkjc0,comment
md12ejf,"Si el activo de garantía es de renta variable (acciones normalmente) ya deja de ser apalancamiento de renta fija


Tampoco es renta fija si tenes el riesgo que el precio de la ON en el mercado secundario se desploma por cualquier motivo, por algo las ON tienen cierta tasa de interés, es un principio general de mercado, más tasa implica más riesgo


Pero como dije, si te dan los números...


Yo hago apalancamiento (pero de otra forma) y me resulta muy útil, pero sólo cuando veo oportunidades o tasas altas de retorno con el mismo riesgo o prácticamente riesgo nulo",Bigotoide,merval,6,2025-02-16 02:29:11,t1_md10ybp,t3_1iqkjc0,comment
md2shdz,"En cualquier Broker Forex lo podes hacer. Etoro es uno, Interactive brokers es otro, asi como los mas populares.

Etoro es mas newbie friendly pero limitado.
Interactive brokers tiene mil herramientas pero es mas avanzado.",Nachovyx,merval,1,2025-02-16 11:38:42,t1_md2rtr7,t3_1iqkjc0,comment
md5iazh,"El tema es que las ON no son como las LECAP por ej que el valor de mercado va subiendo frecuentemente reflejando prolijito el ajuste de la tasa. Agarrá el gráfico de cualquiera de estas ON en dólares al 7-8% y vas a ver que es una ruleta.

Vas a sacar una caución a 120 días, comprar una ON y 120 días después cuando necesites venderla, el precio de mercado de la ON tranquilamente puede haberse quedado planchado o incluso bajado.

Pagar la caución con otra caución también es bastante inviable, probablemente se te arme una bola de nieve terrible. Más probablemente, tus activos nuevos no te van a alcanzar para caucionar por el monto para pagar la deuda vieja directamente.",elrond_lariel,merval,3,2025-02-16 19:47:53,t1_md3r2j2,t3_1iqkjc0,comment
md14m21,"Este es el principal riesgo, necesitas ser solvente para que no te liquiden la garantia. El segundo riesgo creo yo que es la tasa aumente, es decir, vos pedis prestado a 120D (max) a 3% y cuando volves a pedir la tasa es del 7%. Aunque teóricamente si suben las tasas, el return de otros productos como los bonos deberían subir tb (al menos eso creo). Incluso, si solo pedis a 120D a 3%, el bono/ON que compraste a 7% TIR tb debería haber subido en esos 3 meses si no hubo riesgo en el mercado (gran suposición), entonces lo vendes, cancelas deuda y te quedas profit.",Martin_Perril,merval,3,2025-02-16 02:47:20,t1_md12o5s,t3_1iqkjc0,comment
md1xbof,"También tomo cauciones o aprovecho cuando las tasas están bajísimas en plataformas de lending cripto 


Y hago tasa con futuros. Antes lo hacía con futuros de acciones de Galicia pero ahora lo hago con futuros cripto, son trimestrales y en épocas de bull run hay tasas altísimas prácticamente sin riesgo 


Aclaro que esto no lo hago constantemente, sino cuando están las condiciones ideales y con un % moderado de mi liquidez",Bigotoide,merval,6,2025-02-16 07:27:06,t1_md12rzu,t3_1iqkjc0,comment
md7dvv0,"No es tan así, porque vos cuando te apalancás en una moneda, tenés que dejar otra en garantía. Por ej querés sacar un préstamo de 1 millón de yenes, bueno tenés que dejar 7000 dólares en garantía. Pero si en el medio el yen pasa de valer 160 a 140, cosa que pasó en el lapso de unas semanas, a vos o te liquidaron la posición y perdiste todo o te pidieron que pongas más dólares para cubrir el colateral. Y terminaste perdiendo un 20% en el mejor de los casos en 2 semanas para rogar ganar un 5% en los próximos 12 meses. 

No te metas a tradear FX apalancado por haber leído un post de reddit. Es lo mismo que meterse en una memecoin por leer un post de milei. El 95% de los traders termina perdiendo todo, otro 3% salen hechos, y solo un 2% gana en base a lo que perdió el 95%, porque es un juego suma cero.",Terodius,merval,4,2025-02-17 02:42:31,t1_md2u5iz,t3_1iqkjc0,comment
md318xo,"Básicamente, pero a eso cada broker te va a decir a qué interés están operando ellos, sumado la comisión del broker por operar, pero tengo entendido que tampoco es tanto.",Nachovyx,merval,2,2025-02-16 12:27:53,t1_md2u5iz,t3_1iqkjc0,comment
mda7fxc,"Estás equivocado, porque de igual manera que uno se apalanca corto, otros se apalancan largo. Siempre que haces una apuesta en el mercado estás apostando contra otras personas. Para los únicos ""jugadores"" que no es suma cero es para los brokers porque cobran su comisión independientemente de si ganes o pierdas.",Terodius,merval,2,2025-02-17 14:53:08,t1_md8kfly,t3_1iqkjc0,comment
mcqrrqi,"Si viste threads viejos sobre esto, sigue todo igual. No cambiaron nada salvo los montos de USD que podes facturar en 1 año y los tiempos. Son 20 días para liquidar los USD desde que los recibís en el exterior. Y 90 días tenes que esperar entre comprar dolar MEP y poder liquidar en USD y viceversa, si liquidas USD tenes que esperar 90 días para poder comprar dolar MEP.

* Podes vender dolar MEP sin restricciones. La restricción es para comprar, es decir, usar pesos para dolarizarte.
* No podes comprar CEDEARs con pesos ni con dolares porque son activos dolarizados de empresas extranjeras.
* No importa si vendes MEP. La restricción es por facturar en USD. Podes vender MEP, no podes comprar MEP ni CEDEARs (tenes que esperar 90 días para hacerlo). Con dólares podes comprar ONs de empresas argentinas y suscribir a FCIs en dólares.
* Sobre operar en broker en el exterior no te sé decir. El tratamiento impositivo de las inversiones en el exterior es diferente así que ahí hay muchos puntos a tener en cuenta. Supongo que depende de muchas cosas como por ejemplo si en algún momento querés repatriar esos dolares, si estas alcanzado por BBPP, etc. Recordá que las cuentas de USA reportan cuando se cobran \*dividendos de 10 USD o mas (ley FACTA) y tus dólares están facturados, así que hay que asegurarse de hacer todo bien porque todo eso esta 100% en blanco.

\*Edit: corregido error de terminología.",Happy_Bad_Lucky,merval,12,2025-02-14 12:28:46,t3_1ipbujj,t3_1ipbujj,comment
mcqpyr4,"Mirá, hubo tantas restricciones y cambios en los últimos años que ya me perdí con cómo quedó todo pero históricamente la restricción siempre fue a ""vender títulos valores en moneda extranjera"". Básicamente cualquier cosa que te permita terminar con dólares: COMPRAR MEP, vender CEDEARs en U$S, etc.

Vender MEP se puede ya que no vendés títulos valores en moneda extranjera sino que los vendés en pesos (los comprás en moneda extranjera, los vendés en pesos)

Igualmente todo esto deberías consultarlo con un contador con experiencia en comex (que no son todos)",TinchoMerval,merval,3,2025-02-14 12:19:35,t3_1ipbujj,t3_1ipbujj,comment
mcqszym,"1) Podes vender los dólares que cobraste por expo de servicios al MEP.  
2) No podes operar CEDEARs en pesos.  
3) Acá entiendo que podrías operar CEDEARs en dólares.   
4) Podes transferir a USA y operar allá.

La prohibición a la mayoría de los instrumentos que prevé la normativa son para que no te hagas de dólares. Por eso se prohíbe compra de bonos en pesos para que no los puedas liquidar en dólares y lo mismo seria para CEDEARs.

Todo lo que sea en dólares acá en Arg podrías operarlo tranquilamente.",BootFriendly4880,merval,2,2025-02-14 12:34:59,t3_1ipbujj,t3_1ipbujj,comment
mcs5wdv,Lo explique el otro dia aca [https://www.reddit.com/r/merval/comments/1iisi1v/comment/mb8ph86/](https://www.reddit.com/r/merval/comments/1iisi1v/comment/mb8ph86/),BNeutral,merval,1,2025-02-14 16:34:07,t3_1ipbujj,t3_1ipbujj,comment
mctmde4,Y se podría cambiar los dólares a pesos (vendiendo MEP) y esos pesos ponerlos en un FCI en pesos ????,kriss_arg,merval,1,2025-02-14 21:09:13,t3_1ipbujj,t3_1ipbujj,comment
mcr507r,">Recordá que las cuentas de USA reportan cuando hay ganancias de 10 USD o mas (ley FACTA) y tus dólares están facturados, así que hay que asegurarse de hacer todo bien porque todo eso esta 100% en blanco.

No son ganancias, son cobros de dividendos. Y no, no esta 100% en blanco, solo se reporta el cobro del dividendo.",HistoricalBlacksmith,merval,3,2025-02-14 13:34:12,t1_mcqrrqi,t3_1ipbujj,comment
mcqtkg9,"gracias por la data. lo del broker y eso, esta todo declarado post blanqueo. si abro una cuenta se declarara este año. 

voy a ver si vendo algunos dolares que tengo estacionados y me meto a un fci o algo.",hjf2014,merval,2,2025-02-14 12:37:50,t1_mcqrrqi,t3_1ipbujj,comment
mctluvm,"Es exacto asi salvo para los FCIs en dolares, q en realidad al rescatarlos estrias vendiendo titulos en moneda extranjera. Pero todos invierten en FCIs en dolares.",kriss_arg,merval,1,2025-02-14 21:06:09,t1_mcqpyr4,t3_1ipbujj,comment
mcqu1am,"si creo que la interpretacion por lo general es esa. si tenes dolares podes usarlos, pero si tenes pesos, no podes operar con nada que puedas terminar en dolares, o que implique invertir desde pesos en dolares

el punto 3 es el importante y parece que esta sujeto a interpretacion porque en otros threads estaba la misma duda.",hjf2014,merval,2,2025-02-14 12:40:10,t1_mcqszym,t3_1ipbujj,comment
mcrjizo,"Sobre el 3, sabes si solo CEDEARs de empresas argentinas, o tambien se pueden extranjeras?",kirbag,merval,1,2025-02-14 14:44:48,t1_mcqszym,t3_1ipbujj,comment
mcs78d6,"gracias capo. lo que pones de ""preguntale a un contador"" es un tema, porque justamente la mayoria de los contadores desconoce del tema, los que estan en el tema comex son los menos.

igual me sigue la duda de que si con dolares de la factura E puedo pasar a IOL y comprar SPYD, claramente no podes comprar SPY pero sigo sin enteder sobre SPYD",hjf2014,merval,2,2025-02-14 16:40:39,t1_mcs5wdv,t3_1ipbujj,comment
mcr5yra,Estaría 100% en blanco porque lo haría con dólares facturados.,Happy_Bad_Lucky,merval,2,2025-02-14 13:38:52,t1_mcr507r,t3_1ipbujj,comment
mcqyi8v,"Coincido, sinceramente no tengo la respuesta justa para ese punto, mi opinión es que podrías operar CEDEARs en dólares con esa interpretación. Habría que consultar en algún broker, tal vez tienen esa respuesta.",BootFriendly4880,merval,2,2025-02-14 13:02:19,t1_mcqu1am,t3_1ipbujj,comment
mcrl9jg,Los CEDEARs entiendo que siempre son de empresas extranjeras. pero podrías operarlos siempre y cuando sean en dólares como se planteaba antes.,BootFriendly4880,merval,3,2025-02-14 14:53:17,t1_mcrjizo,t3_1ipbujj,comment
mcsenlp,"El punto 5 del texto de prohibiciones es

> no adquirirá certificados de depósitos argentinos representativos de acciones extranjeras

Asi que no, cedears no podes comprar. Curiosamente si mandas dolares al exterior y compras la acción extranjera directo, si.

Va, se podría discutir que estas comprando un ETF y no una acción, pero para mi es masomenos lo mismo.

Igual como digo siempre, nadie controla esto, te piden firmar una DDJJ nomás.",BNeutral,merval,2,2025-02-14 17:17:06,t1_mcs78d6,t3_1ipbujj,comment
mcsbm3u,"Hay contadores buenos y malos. La verdad que la mayoría son malos, pero los asesores de los brokers a veces te asesoran bien también, en especial los de Balanz.

No probé, pero seguramente no tengas problema en comprar los activos porque los sistemas no estan bien conectados, pero te arriesgas a terminar en una multa en el futuro. Vos decidí.

Por otro lado, no importa si los dolares son de la factura E, si los tenías antes, si los depositaste recién o donde. El tema es que no estés dentro del tiempo que corre después de que emitiste la factura E.

Por las dudas, tené en cuenta que los CEDEARS en dolares tienen menos liquidez y que tenes la comision fija de 1,2% (0,5 + IVA al entrar/salir \* 2).

Si tu horizonte es a largo plazo creo que te sale más barato mandar la plata afuera e invertirla allá",EngineeR1ng,merval,1,2025-02-14 17:02:04,t1_mcs78d6,t3_1ipbujj,comment
mcszn60,">Curiosamente si mandas dolares al exterior y compras la acción extranjera directo, si.

Si, es como cuando no podes hacer transferencias al exterior salvo que sea una cuenta a tu nombre, Pero si transferis a una cuenta en el exterior ahi podes hacer lo que se te cante.

Argentina, no lo entenderias.",hjf2014,merval,1,2025-02-14 19:02:01,t1_mcsenlp,t3_1ipbujj,comment
mcd32l8,"Buenas! En que broker estas? Soy Asesor en balanz por si te sirve para futuro, encantado de quedar.

Con vencimiento en agosto tenes la S15G5 y la S29G5 (con tasas efectivas mensuales de 2.26 y 2.22% respectivamente). PF UVA si la inflación sigue para abajo te va a dar rendimiento real positivo pero menor, siempre depende de lo que tengas como expectativas. Antes que un PF UVA me iria a TZX25 que rinde infla +3% aprox con vencimiento 30/06",Familiar-Honey-5259,merval,4,2025-02-12 10:40:01,t3_1ing182,t3_1ing182,comment
mcd5w79,"Hola. Consulta de ignorante, ¿por qué no ir a TX26 O TX27 (no recuerdo los ticker exactamente como eran), siendo que dan mejores rendimientos que TZX25? ¿porque al ser muchos años hay más riesgo de posible devaluación?",SolidRaider,merval,3,2025-02-12 10:56:38,t1_mcd32l8,t3_1ing182,comment
mceu3oc,"Una pregunta, cual seria la contra/riesgo de TZX25 vs un PF UVA? Es decir, si ambas vencen en aproximadamente 6 meses y ambas estan indexadas a las inflacion pero la letra es un *3% comparado con un 1% de uva.",Martin_Perril,merval,1,2025-02-12 15:50:32,t1_mcd32l8,t3_1ing182,comment
mbrs4f8,"Los bonos del tesoro de EEUU están pagando esas tasas que ves en la tabla. Si los comparas con los CDs;
tené en cuenta que los CDs pagan 30% de impuestos en EEUU (te los retiene el broker) mientras que los bonos del tesoro no pagan nada de impuestos en EEUU. Ignorando el impuesto en Argentina.

Ahora bien, en cuanto a la tasa. Recordemos que a menor riesgo, menos retorno. Los bonos del tesoro yankee son lo que se suele considerar la ""tasa libre de riesgo"" muchas veces. Por lo tanto, pagan tasas que uno a veces podría considerar bajas.

Si esperabas que esos bonos paguen 7-8%, lamentablemente no es así. Para que te des una idea, 7-8% están pagando las obligaciones negociables (muy parecidos a los bonos) de muchas empresas Argentinas. Qué te parece más probable, que entre en default una empresa Argentina o el tesoro yankee? La empresa Argentina tiene más riesgo, por ende tiene que pagar esas tasas más elevadas.

He comprado bonos en Schwab varias veces, avísame si te puedo ayudar con alguna otra duda!",speedycompiler,merval,10,2025-02-08 23:40:40,t3_1il431v,t3_1il431v,comment
mbrnise,"Y hace restale la comision. El tema que los bonos son casi literalmente de 0 riesgo, porque si no pueden pagar, la  fed se pone en modo SM electoral.",possiblecefonicid,merval,7,2025-02-08 23:13:09,t3_1il431v,t3_1il431v,comment
mbrpvvo,"Vivo en EEUU y acá el comun de la gente no invierte en bonos. Mi experiencia es cuando abrí mi plan de retiro (401k) por default te hacen un paquete conservador con bonos, yo lo reestructure todo en S&P 500\ Vanguard, si compro bonos es para tirar ahí unos pesos. El tema es que para todo esto necesita tener Social security number, no sé si puede de otra manera.",bmmk5390,merval,5,2025-02-08 23:27:15,t3_1il431v,t3_1il431v,comment
mbw5g5n,"Conceptualmente los bonos del tesoro norteamericano son el estándar de ""libre de riesgo"". Por definición te van a dar un rendimiento bajísimo.

Nadie invierte en treasuries para ganar plata, es una inversión 100% de cobertura.",elrond_lariel,merval,1,2025-02-09 16:56:59,t3_1il431v,t3_1il431v,comment
mc210yw,"No estás haciendo nada mal. La tasa de USA es la ""libre de riesgo"". Todo otro bono del mundo basicamente tiene que pagar más que ese bono para que sea interesante que comrpes ""bananalandia 2035"" que seguro defaultean en vez de uno que 100% paga.

Igual acordate que encima como no sos yanki te clavan impuestos varios por cobrar bonos yankis creo.",BNeutral,merval,1,2025-02-10 15:27:17,t3_1il431v,t3_1il431v,comment
mcbqegd,"Que es CDs? Y otra pregunta, existen -obligaciones negociables- de empresas yankees? Es decir, se puede comprar Equity USA? Supongo que pagan mas que lo bonos y son menos riesgosas que las argentinas…",Martin_Perril,merval,1,2025-02-12 03:23:21,t1_mbrs4f8,t3_1il431v,comment
mbs89qo,"Las tbills por lo general solo las manejo indirectamente en billeteras del dia a dia q ponen el saldo en eso como dolarapp etc, para hacer unos mangos ya q estoy, en el broker solo etfs y algun que otra timbeadita cada tanto",kdolmiu,merval,2,2025-02-09 01:23:55,t1_mbrpvvo,t3_1il431v,comment
mcc7qeh,"Los CDs (""Certificates of Deposit"") son lo más parecido a un plazo fijo que tienen los bancos de EEUU. Yo nunca los usé, pero entiendo que pagan más o menos lo mismo que pagan los bonos del tesoro. Con el detalle de que pagan 30% de impuestos en EEUU, no tienen la excepción que tienen los bonos del tesoro.

En cuanto a comprar deuda de empresas Yankees, se puede. Se llaman ""Corporate Bonds"". Fijate en la tabla que mandó OP, que hay unas filas que muestran las tasas que están pagando los corporates más o menos.

El tema es que actualmente pagan lo mismo (o hasta un poco menos) que los treasuries. Eso sumado a que tampoco tienen la excepción de impuestos y pagan 30% en EEUU. La verdad que yo no sé por qué están pagando esas tasas, habría que preguntarle a alguien que sepa más de economía 😅.",speedycompiler,merval,2,2025-02-12 06:15:44,t1_mcbqegd,t3_1il431v,comment
mbusnzg,"gracias por el dato!  
ahi busqué y solo algunos bonos (Series I x ej) requieren social security number",NecessaryDark7025,merval,1,2025-02-09 13:09:09,t1_mbuq2h5,t3_1il431v,comment
matxtg3,"Macro no ofrece la opción de comprar dolar MEP. solo te permite invertir en FCI , hace caso al primer comentario y abrí una cuenta en algún Booker y después transferis los dólares a la caja de ahorro en dólares del macro y los retiras por caja",Pablo_ct09,merval,4,2025-02-03 20:48:54,t3_1ih2s5o,t3_1ih2s5o,comment
mawaxs9,"Macro tiene una app llamada Macro Securities. https://apps.apple.com/app/id1605627590 Mediante ella se opera dólar mep con el banco.  

Creo que anda desde la PC también usandola online. pero no estoy seguro.",33p857,merval,5,2025-02-04 06:38:03,t3_1ih2s5o,t3_1ih2s5o,comment
matravr,"Abrile cuenta en algún broker, tardas 10 minutos",szkasin,merval,3,2025-02-03 20:15:24,t3_1ih2s5o,t3_1ih2s5o,comment
mav775s,"Hola, quizás esa cuenta no le habilita tener la opción de comprar dólares 

En el menú debe figurar “inversiones”

Tendría que llamar o ir al banco",Accomplished_Part131,merval,2,2025-02-04 00:57:22,t3_1ih2s5o,t3_1ih2s5o,comment
mb2tgi7,"Tenes que hablar en el banco porqur es con una app aparte. Te anotas en macro securities creo. Y en esa app podes comprar acciones dolar mep etc. El dolar mep lo podes volcer a vender como a las 24 hr. Pero vasn a tenenr que ir a una sucursal q los habiliten en eso. No se hace de la app comun


https://www.macro.com.ar/macrosecurities/home",LaSheriff9,merval,2,2025-02-05 06:01:18,t3_1ih2s5o,t3_1ih2s5o,comment
mavigw0,"Que se cree cuenta en Invertir Online, le pertenece a Supervielle. Asociás la cuenta Macro de dólares y de pesos, pasás los pesos (tranca que puede tardar como 3hs en aparecer, sobre todo la primera vez, si te da cosa comprá de a menos), hacés la compra, y al día siguiente se te deposita en Macro.",nairazak,merval,1,2025-02-04 02:13:57,t3_1ih2s5o,t3_1ih2s5o,comment
maww8j0,"Yo uso Cocos, me abrí la cuenta en un toque y comprar Dolar Mep es una boludes, un par de clicks nomas. Se que en redes la bardean bastante pero a mi me funciono joya!",Frosty_Fault1103,merval,1,2025-02-04 09:47:07,t3_1ih2s5o,t3_1ih2s5o,comment
mau04hu,El tema es que es una cantidad importante de pesos.,Shaweih,merval,1,2025-02-03 21:00:52,t1_matxtg3,t3_1ih2s5o,comment
mb0mv90,"OP no le des mas vueltas, esta es la respuesta si querés dolar MEP. Diria que es la opcion ""correcta"" si queres comprar dolares y retirarlos, de otro modo pasa el dinero a un broker, ahi vas a poder invertir tambien de forma menos rebuscada los instrumentos de macro, que son los fondos pionero.",liam_zvsp,merval,2,2025-02-04 21:05:59,t1_mawaxs9,t3_1ih2s5o,comment
mawzvbi,Pero podré transferir tipo 80 millones de pesos y comprar esa cantidad en dolares ?,Shaweih,merval,1,2025-02-04 10:11:24,t1_maww8j0,t3_1ih2s5o,comment
mau9slx,"Pero no tiene una caja de ahorro en dólares?.

Acércate al banco y consulta si le ofrecen la posibilidad de que le abran una cuenta comitente.",SarasaGusman,merval,2,2025-02-03 21:51:56,t1_mau04hu,t3_1ih2s5o,comment
mawf1qm,"Y cual sería el problema? Más importante aún entonces tener comisiones bajas, en los bancos te roban a mano armada porcentajes grandes por hacer dolar mep.",BNeutral,merval,2,2025-02-04 07:20:41,t1_mau04hu,t3_1ih2s5o,comment
max0es2,"Nunca hice operaciones tan grandes, me imagino que te van a pedir algún justificativo del origen del dinero. (Certificación del origen de los fondos, DJ BBPP o Ganancias).

Pero creería que no vas a tener problemas, igualmente intentaría hablar con alguien antes de hacer esa operación en cualquier broker, mas que nada para que no te traben los fondos y te comas un garrón.",Frosty_Fault1103,merval,1,2025-02-04 10:14:51,t1_mawzvbi,t3_1ih2s5o,comment
mauu2he,Un dolar cerca de 1100,Luzblanca02,merval,0,2025-02-03 23:41:29,t1_mauot6l,t3_1ih2s5o,comment
mauax37,"Tiene caja de USD, si, pero ni en la web ni en la app tiene opcion de crear cuenta comitente ni de comprar bonos. Solo FCIs.",Shaweih,merval,3,2025-02-03 21:57:59,t1_mau9slx,t3_1ih2s5o,comment
mawxqca,No hay problema en transferir por ejemplo 80 millones de pesos ?,Shaweih,merval,1,2025-02-04 09:57:19,t1_mawf1qm,t3_1ih2s5o,comment
maucp9t,"Te podes acercar al banco Macro para consultar sobre hacer Dólar Mep, sino acércate a un banco Galicia, que te abren gratis la caja de ahorro en pesos y dólares, y haces Dólar Mep desde la aplicación del banco galicia, previa transferencia de la cuenta en pesos del Banco Macro.",SarasaGusman,merval,2,2025-02-03 22:07:32,t1_mauax37,t3_1ih2s5o,comment
mayx424,"No. Te piden del broker ""che de donde sacaste esta guita?"" y les mostras o facturas o recibos de sueldo, o DDJJ de bienes personales, o lo que corresponda.

Obviamente si no podes justificar la guita, y, estas complicado para cualquier cosa.

Lo que si es un problema es cuando estas inscripto en IIBB y te mandas pesos del broker a la cuenta bancaria y capaz algun genio te retiene ingresos brutos y te mandan a hacer un circo de tramites para tal vez recuperar la guita. Pero con dolares no pasa creo.",BNeutral,merval,1,2025-02-04 15:58:20,t1_mawxqca,t3_1ih2s5o,comment
mav3hnh,Por eso está caro y no barato. Un dolar cómprable es 1150,Luzblanca02,merval,1,2025-02-04 00:34:54,t1_mauu5ah,t3_1ih2s5o,comment
mayxjtq,"? Mira que ""compliance del broker"" no es materia de la facultad. Mientras tengas todo justificable con papeles da lo mismo que sean $2 o $500 millones",BNeutral,merval,-2,2025-02-04 16:00:19,t1_mayb8tb,t3_1ih2s5o,comment
maz218z,"No tiene sentido el planteo. Que tiene que hacer bien? Te pensas que es ilegal mover guita en blanco de una cuenta bancaria a un broker? Que le tiene que preguntar al contador?

Me haces acordar a los que se tienen que hacer un monotributo y sale algun falopero a decirles ""nono vos no podes hacer uso del sistema simplificado vos mismo tenes que pagarle 50 lucas por mes a un cotnador para que entre al sitio de afip a tocar 2 botones""

Yo tengo una buena guita en el broker, y el contador al que le pago para manejarme los temas de responsable inscripto sobre ese tema no tiene absolutamente nada para decirme, porque no tiene nada que ver.",BNeutral,merval,0,2025-02-04 16:21:17,t1_mayyuo5,t3_1ih2s5o,comment
mam7um0,"Depende tu estrategia de inversión

Una cartera sólida debería tener activos para cada caso. Por el ejemplo el oro suele valuarse en épocas de incertidumbre. Algo de renta fija (corporativa o pública) para asegurar rendimientos.

Y además, si sabés qué activos realmente valen, o tenés una estrategia a largo plazo, los días rojos son días de oferta, parafraseando a Warren Buffet. O como decía Graham, comprar activos debería ser como comprar en el supermercado, y no como comprar perfumes caros (en inglés *""invest as if you were buying your groceries, and not premium perfumes""*. Es decir, maximizando el valor/calidad y minimizando el precio.

Por ejemplo, yo soy más del team ETFs, larguísimo plazo, (escuela r/bogleheads). Si el SPY se cae como un piano, a mí me sirve, porque los compro más baratos. Al menos los SPY los compro mirando a +15, +20 años.

Al tipo que confiaba en BTC a largo plazo en 2021 cuando estaba US$ 65k, le vino bárbara la caída a US$ 16K. **Obviamente que tuvo estómago, pero sabía en el fondo lo que hacía.** Si esa era su estrategia y tenía la información que lo convencía, siguió comprando. Hoy en ganancia.

TL;DR: Deberías estar preparado para el rojo. Y si tu estrategia es firme, el rojo termina siendo tu amigo.",FoxtrotAlfa0,merval,27,2025-02-02 17:38:30,t3_1ig6q9c,t3_1ig6q9c,comment
mamc9wk,"No hay necesidad de tomar este período como algo misterioso. Trump ya fue presidente, está haciendo exactamente lo mismo que hizo antes y los mercados reaccionaron exactamente igual. No veo motivos razonables para pensar que va a ser distinto.

En resumen, el mercado seguirá subiendo, salvo algún cisne negro, pero la volatilidad va a ser mucho más alta.

Es decir, para el que invierte a largo plazo, este período es para invertir con los ojos cerrados sin andar viendo el gráfico todo el tiempo. Si tu psicología no te lo permite, vendé y pasate a algo más predecible durante este período.

Para los que hacen trading de corto plazo es un carnaval.",elrond_lariel,merval,28,2025-02-02 18:00:01,t3_1ig6q9c,t3_1ig6q9c,comment
mam7r3k,Crypto está en rojo tmb. Está bueno para comprar pero está todo raaaaaro,SpiritualCitron,merval,3,2025-02-02 17:38:01,t3_1ig6q9c,t3_1ig6q9c,comment
mamn5po,">En donde mas se refugian cuando hay un dia de pura sangria?.

Supongo que depende del plazo de la estrategia. En mí cartera actualmente estuve ampliando mí exposición a Commodities, Minería en particular, y reduciendo lo que tenía en emergentes a modo de estrategia de cobertura 

Tenía en mente empezar a acumular tecnologícas con el bajon que hubo por la IA China, pero ahora lo estoy reconsiderando 

Ahora va a haber muchísima volatilidad, lo que tenía en exposición a Crypto aproveche a reducir exposición justo la semana pasada haciendo DCA con la caída por la IA China también 

El gran interrogante es como va a afectar la presión a las monedas de emergentes, y cuánto de ello podra afectar al peso. De acuerdo a lo que pase en estos primer días, veré si me parece más riesgoso tomar posiciones en el exterior a riesgo de volatilidad, o si el riesgo Cambiario es tan bajo como para mantener la liquidez; de momento valoro más lo primero",juanmaAV,merval,4,2025-02-02 18:53:14,t3_1ig6q9c,t3_1ig6q9c,comment
mambpd2,"Saque todas las posiciones externas hace unas semanas, era obvio lo que se venía. Honestamente para mi no valía el riesgo por 7-8% anual.

Ahora esperando que caiga todo en picada e intentar comprar en el punto más bajo, pero la volatilidad es tan alta que no tengo idea cuando se va a estabilizar. Mañana va a ser un día super interesante.

Lo que si hice fué quedarme con acciones/bonos argentinos, les veo más potencial y menos riesgo que cualquier cosa de US, pero tranquilamente podría estar equivocado.",ErgoMachina,merval,4,2025-02-02 17:57:14,t3_1ig6q9c,t3_1ig6q9c,comment
mamkxbj,"dsta todo muy caro, quiero que corrija bien la cosa, tengo 40% liquidez, 40% renta fija, 10% equity (china, brasil y eeuu) despues de que se haga percha todo quiero entrarle más a china y brasil y a lo que quede a buen precio en eeuu",isnotmeisuuu,merval,5,2025-02-02 18:42:18,t3_1ig6q9c,t3_1ig6q9c,comment
mam73xu,La mirada de Lic económia Especializado en finanzas. Échale un ojo al sector Energetico. Mucho OJO,Luzblanca02,merval,4,2025-02-02 17:34:55,t3_1ig6q9c,t3_1ig6q9c,comment
mam7trg,"Desde lo que yo veo, cripto esta todo roto tambien. Cedears es posible que tambien este todo en rojo hasta que se calme el mercado. Yo inverti 1k dolar en cedeares varios y no pienso vender ante este panico del mercado. Hold a largo plazo y de ahi se vera. Cripto ni me arriesgaria ahora, a lo sumo que quieras comprar es el momento y luego darle mas tiempo a que se estabilice o suba",MRprowler,merval,2,2025-02-02 17:38:23,t3_1ig6q9c,t3_1ig6q9c,comment
manfbqr,Estoy de acuerdo aunque no se si retirar los bonos antes de las elecciones de arg.,characterLiteral,merval,1,2025-02-02 21:20:09,t1_mambpd2,t3_1ig6q9c,comment
manmz36,"Cuando se habla de ""el mercado"" hacé de cuenta que están hablando del SPY, o con una correlación muy alta.

Así que como mencioné arriba, creo que punta a punta todo el mandato de Trump, el SPY va a subir. Mientras tanto, va a estar recontra volátil (va a subir y bajar fuerte muchas veces). Y si en cambio la tendencia final es que baja, no creo que vaya a ser por Trump, va a ser por algún cisne negro (guerra, pandemia, descubrimiento disruptivo, catástrofes naturales, a Jerome Powell le agarra demencia y pega un subidón de las tasas de la FED, etc).",elrond_lariel,merval,5,2025-02-02 22:01:27,t1_man8y67,t3_1ig6q9c,comment
manjfzf,Muy arriesgado lo veo. Pero es tu plata amigo. Yo solo digo que un asesor sale regalado. Y en algunos broker como en INVIU. Te cobran menos con asesor que con asesor. Tenés la opinión de un profesional prácticamente a costo cero.,Luzblanca02,merval,-2,2025-02-02 21:42:22,t1_manf3d5,t3_1ig6q9c,comment
mao8vrr,El agente de bolsa,[deleted],merval,1,2025-02-03 00:00:35,t1_mao2c05,t3_1ig6q9c,comment
maohg60,Si pierde. Porque nadie va a querer trabajar contigo si sos un mal asesor. Además que beneficios te puede traer que el cliente venda todo y te de la cometa final? Lo mejor es mantener al cliente activo en sus inversiones. Esto no es comprar una vez y para toda la vida. La cartera puede cambiar mes a mes. Es como si dijeras na el peluquero gana por corte si en total te hace un desastre en la cabeza le tenés que pagar igual. Ese cliente no vuelve nunca más y además le va a decir a todos que sos el peor.,Luzblanca02,merval,-1,2025-02-03 00:49:43,t1_maocjq3,t3_1ig6q9c,comment
mf3g8ee,Fijate como esta compuesta la cartera y pasa la data.,Spirited-Hippo-5673,merval,12,2025-02-27 13:46:07,t3_1izjynl,t3_1izjynl,comment
mf3gc8y,"Si es de rescate inmediato y encima en dólares me imagino que tiene un rendimiento del 1% anual o menos... Ni loco te conviene, hay Fci en dólares que invierten en bonos latinoamericanos o corporativos y no llegan al 2% anual... ",PomberitoFan,merval,6,2025-02-27 13:46:37,t3_1izjynl,t3_1izjynl,comment
mf3ik1o,"Los money market no son para mantener/valorizar plata, son para liquidez, es decir plata que podes necesitar al toque y la queres disponible de forma inmediata. Un money market en pesos va a terminar  desvalorizandose contra la inflacion y la devaluacion en la mayoria de los casos, porque de nuevo el objetivo de estos fondos es la liquidez, no los retornos.",0ToTheLeft,merval,7,2025-02-27 13:56:57,t3_1izjynl,t3_1izjynl,comment
mf659dc,"TNA de cartera 0.07%. Es un FCI para empresas para evitar el impuesto al crédito/débito, no tiene ningún otro uso.",GAV17,merval,3,2025-02-27 21:42:48,t3_1izjynl,t3_1izjynl,comment
mf3j8v7,que onda el Superfondo Renta Fija Dólares?,cricketsm,merval,2,2025-02-27 14:00:09,t3_1izjynl,t3_1izjynl,comment
mf3yaa8,"Consulta ignorante. ¿Hay algún requisito para abrir una cuenta título en Santander? Porque mi vieja quiso ver la posibilidad de comprar dólar MEP o entrar en un FCI, y desde home banking solo le pide abrir la cuenta título, pero en el banco le dijeron que para poder abrirla sí o sí debe cambiar el tipo de cuenta bancaria (infinite creo que me dijo). Me sonó a chamuyo.",Conejiyo,merval,1,2025-02-27 15:10:43,t3_1izjynl,t3_1izjynl,comment
mf42ygz,"Me parece que en un tiempo se va a poner mas interesante, si empiezan a dar prestamos en dolares.",Foreign-Mango-801,merval,0,2025-02-27 15:32:48,t3_1izjynl,t3_1izjynl,comment
mf5tomr,"Una verga las instrumentos que usa en mi opinión. No creo que rinda nada. En teoria los money markets son para guita que vas a usar al muy corto tiempo, puede tener sentido si realmente habilitan los pagos en dolares en los comercios ""a buen precio"" y se pudiera operar el FCI 24hs en vez de solo horario bursatil, pero de momento no le veo utilidad alguna.",BNeutral,merval,0,2025-02-27 20:39:02,t3_1izjynl,t3_1izjynl,comment
mf3wneq,Para el fondo de emergencia viene de 10,ruidoyfuria,merval,6,2025-02-27 15:02:54,t1_mf3gc8y,t3_1izjynl,comment
mf3y5nf,"Es que no deberia tener ese rendimiento para mi capaz. Osea si yo invirtiera en cuaciones cortas (1-7 dias), la tasa supera el 2%. El problema creo que es alto % de liquidez (cuenta remunerada) y comisiones, que hacen que el fci tenga un rendimiento pobre",Martin_Perril,merval,3,2025-02-27 15:10:06,t1_mf3gc8y,t3_1izjynl,comment
mf3m6fn,Pero este es en dolares.,niko3100,merval,1,2025-02-27 14:13:56,t1_mf3ik1o,t3_1izjynl,comment
mf41jsk,"Para poder tener cuenta comitente debes tener cuenta en USD sí o sí. La cuenta gratuita del Santander entiendo que solo es una CA en pesos, el resto de las cuentas no gratuitas si tienen cuenta en USD.",LaMarCab76,merval,2,2025-02-27 15:26:09,t1_mf3yaa8,t3_1izjynl,comment
mf438ph,"Claro, estos son instrumentos que hace el banco para que vos no saques tus dólares de tu cuenta... Hay gente que no tiene mucha info de otras formas de inversión (hay muy pocas) y entonces prefieren dejarlo ahí con mínimos de ganancia. ",PomberitoFan,merval,4,2025-02-27 15:34:09,t1_mf3y5nf,t3_1izjynl,comment
mf3mnr0,"oh shit, lei money market y asumi que era en pesos. Nevermind",0ToTheLeft,merval,1,2025-02-27 14:16:11,t1_mf3m6fn,t3_1izjynl,comment
mf42nmq,"Ya tiene cuenta en dólares. Me da la sensación de que la quieren abrochar con una cuenta más cara nomás. ¿Puede ser o muy paranoico? Porque de última le saldría un aviso en home banking diciendo ""tu cuenta no está habilitada para esta operación"".",Conejiyo,merval,1,2025-02-27 15:31:23,t1_mf41jsk,t3_1izjynl,comment
mf3obvj,Igual aplica porque es menos que la inflación en dólares de EEUU (o en argentina para el caso pero compararía contra EEUU si es ahorro),AddressFair4059,merval,10,2025-02-27 14:23:59,t1_mf3mnr0,t3_1izjynl,comment
me0cppz,"Creo que el problema de entrar en la primer licitacion es que la tasa que te dicen no es necesariamente la final. Te dicen ""hasta 6,25%"" pero segun como se de la licitacion podria ir desde 0,01% HASTA 6,25%. No se si fui claro con eso, fuera de eso creo que YPF tiene potencial, no lei las condiciones pero que gente con exp confirme si tiene historial de incobrable o reprogramar ON",NNTokyo3,merval,6,2025-02-21 13:16:22,t3_1iuuha5,t3_1iuuha5,comment
me0jm76,"Falta más info cuando termina, cada cuanto paga, a cuanto cotiza el dólar. 

Yo la verdad no entiendo pq les gusta tanto las ons KJJJJ 

Los brokers te pagan entre 3 y 5 por tener la plata y la guita está asegurada hasta los 100k facil, la deuda yanki entre 4 y 5, la deuda de los países de primer mundo entre 5 y 7 literalmente podés comprar millones, las criptos estables entre 8 y 15, el spy 10 en promedio hace más de 100 años.

La ON si vence en este gobierno o inicios del próximo seria de bajo riesgo.

Lo peor que podría pasar es que si vence en marzo 2028 y gana las elecciones grabois ponele por decir uno se desplomaría el papel en el mercado secundario y si vendes te re empomarian jajaja pero después no pasa natti.",Spirited-Hippo-5673,merval,7,2025-02-21 13:48:29,t3_1iuuha5,t3_1iuuha5,comment
me1iik5,"Podes comprar otras ONs de YPF en el mercado secundario con una TIR de 8%, no tiene sentido entrar a esta por 6%",chescov77,merval,6,2025-02-21 16:30:03,t3_1iuuha5,t3_1iuuha5,comment
me0kwib,">Soy de los nuevitos por eso no entiendo si realmente es una ""buena inversion"" o meh.

Las ON, especialmente como estas (en dólares, de una empresa sólida, a tasa baja), en general, no son para ganar plata, son para preservar el capital.

Así que no conozco tu perfil pero voy a adivinar que meh.",elrond_lariel,merval,5,2025-02-21 13:54:26,t3_1iuuha5,t3_1iuuha5,comment
me3uk3q,"No , la verdad por ahora yo esperaria (en mi humilde opinion, etc). Parece que el gobierno sacara algunas letras en dolares con un rendimiento similar o mejor, osea que la proxima tanda de ON's vendrian con un 8-10% aprox",AstronomerDiligent53,merval,3,2025-02-22 00:46:09,t3_1iuuha5,t3_1iuuha5,comment
me7gn0q,"Depende tu perfil de inversor.
Es una ON a dos años con una tasa un poco más alta que la inflación estimada de EEUU. No está mal.
Hay ONs con mejores rendimientos. Hace poco lícito Camuzzi (mismo rubro mismo plazo) con mejor tasa. 
Y que tal bopreales con plazos similares?",Mediocre_Track_2030,merval,1,2025-02-22 15:34:47,t3_1iuuha5,t3_1iuuha5,comment
me0d4p2,"ahi actualice el post con toda la info:  
[https://www.invertironline.com/posts/obligaciones-negociables-recomendadas-suscripcion-ypf-19-02-2025](https://www.invertironline.com/posts/obligaciones-negociables-recomendadas-suscripcion-ypf-19-02-2025)",niko3100,merval,2,2025-02-21 13:18:20,t1_me0cn0j,t3_1iuuha5,comment
me0oxh7,En que broker da de 3 a 5? En ibkr tenes da 3 a partir del sobrandte desde 10 k y sin incluir los mismos. O sea si tu balance es 10.100$ te rinde en esos 100$. Y bonos de qué pais serio paga bien? (Ademas de los yankees),cesarvillano,merval,3,2025-02-21 14:13:06,t1_me0jm76,t3_1iuuha5,comment
me5dxjp,Cual decis que conviene del mercado secundario?,gonza87,merval,1,2025-02-22 08:41:36,t1_me1iik5,t3_1iuuha5,comment
me21qyq,"6,5 contra 2,5 de inflacion USA, es mucho mas que preservar el capital, y ni hablar las ON de YPF que pagaban 9,5, 8, etc",niconline,merval,0,2025-02-21 18:03:39,t1_me0kwib,t3_1iuuha5,comment
meilbmc,"Qué piensan de esa ON?

[https://www.invertironline.com/posts/obligaciones-negociables-recomendadas-suscripcion-albanesi-gmsa-21-02-2025](https://www.invertironline.com/posts/obligaciones-negociables-recomendadas-suscripcion-albanesi-gmsa-21-02-2025)",SuggestionHot3288,merval,1,2025-02-24 10:44:12,t1_me7gn0q,t3_1iuuha5,comment
me0xb6u,"Robinhood te paga 4 si tenes el gold que vale 5 dolares por mes asi que si tenes más de 5k te re sirve. Esta todo ok con la sec. Hay otros menos famosos pero son serios que pagan mas yo la verdad no estoy mucho en esa.

Tema deuda soberana tenes a los australianos, nueva zelanda, paises de la EU pero del este y del sudeste asiatico. 

Yo realmente no le veo mucho sentido a las ons de empresas  argentinas, encima muchas cotizan el dolar por arriba del mep. Para mi nos re cagan, pero si alguien que sabe más me quiere explicar bienvenido sea.",Spirited-Hippo-5673,merval,2,2025-02-21 14:51:29,t1_me0oxh7,t3_1iuuha5,comment
me0v6yh,"Hmm no, si querés ""preservar pero ganar 2-3 puntitos"", definitivamente ON por sobre SPY. Con la aclaración de que con ""preservar"" estamos hablando de en dólares, no en pesos.",elrond_lariel,merval,1,2025-02-21 14:41:48,t1_me0rnks,t3_1iuuha5,comment
me27sx0,"Hay dos detalles ahí:

* Nunca terminás cobrando la TIR tal cual la ves, siempre termina siendo menos por las comisiones, impuestos y porque la reinversión de los cupones suele ser a TIRs más bajas.
* La inflación de 2,5 de USA es un gran ""ponele"".",elrond_lariel,merval,7,2025-02-21 18:32:15,t1_me21qyq,t3_1iuuha5,comment
me0vg97,Si exacto dolares. Igual no entendi seria SPY o ON mejor?? Ahora veo que pego una bajada fuerte el SPY.,niko3100,merval,1,2025-02-21 14:42:58,t1_me0v6yh,t3_1iuuha5,comment
me0wvhh,"Mejor la ON. El SPY no es para preservar capital, es más para tener una buena ganancia en el largo plazo. Y si no te interesa exprimir al máximo el rendimiento de la ON, a lo mejor te convendría empezar por un FCI de renta fija en dólares.

Pero no me tomes la palabra, te recomendaría investigar. En el sidebar del sub tenes mucha info para empezar.",elrond_lariel,merval,1,2025-02-21 14:49:29,t1_me0vg97,t3_1iuuha5,comment
me0x6nn,"Genial ahora investigo. Ya meti FCI del santander, esos superfondos con renta fija... Veremos. Y entiendo que el SPY es a muy largo plazo pero me genera ansiedad ver el rojo del dia... Es medio como pusiste la guita y volvé en 5-10 años.",niko3100,merval,1,2025-02-21 14:50:54,t1_me0wvhh,t3_1iuuha5,comment
